"board","drift_deg","roll_case","element_index","boundary_layer_mm","Cl0_Savitsky","Cl0_theorique","Cv_Savitsky","delta_plan_horizontal_deg","deviation_rail_deg","Fx_friction_n","Fx_planing","Fx_rail_n","Fx_rocker","Fz_planing_n","lamda_Savitsky","laminar_boundary_layer_mm","laminar_turbulent_transition_mm","largeur_B_element_mm","longueur_calcul_largeur_element_mm","longueur_element_mm","longueur_mouillee_element_mm","masse_flux_devie_kg_sec_planing","portance_globale_verticale_n","pression_dynamique_B","section_frontale_flux_devie_m2_planing","surface_contact_m2","surface_coupe_partie_immergee_m2","surface_max_element_m2","trainee_globale_horizontale_n","volume_deplacement_litres","volume_litres","inclinaison_roulis_rad_ligne_attack","inclinaison_roulis_rad_ligne_surface","index_dernier_element_on_attack","index_L1_max","index_L1_min","index_L2_max","index_L2_min","index_nose","index_point_contact","index_point_decrochage","index_point_roulis_avant_dans_tab_index_axe_roulis","index_premier_element_on_attack","index_tail","point_attack_on_outline","incidence_deg_stored","pos_x","pos_y","attack_index_1","attack_index_2","rho_v_kg_m2_s","rho_kgm3","scan_speed_ms","incidence_deg_derived","incidence_deg_residual","n_sub_elements"
"default_longboard","0","0","0","0","0","0","0","3.77480387687683","0","8.54191780090332","98.2051315307617","0","0","531.931640625","0","0","0","194.875793457031","60.1607818603516","0","60.1607818603516","83.7587203979492","530.29052734375","0","0.00409377925097942","0.011723879724741","0","0","106.245445251465","0","0.152708277106285","-0.0331010296940804","0","9","199","1","391","201","200","-1","0","200","0","0","0","23.7399387359619","0.0166666675359011","0","9","391","20459.9992483498","1023","19.9999992652491","20.4373499422212","-3.30258879374074","10"
"default_longboard","0","0","1","0","0","0","0","3.91932892799377","0","32.4364204406738","44.1304206848145","0","0","521.875671386719","0","0","0","310.980926513672","150.382110595703","0","150.382110595703","159.872985839844","525.483154296875","0","0.00781392864882946","0.0467659682035446","0","0","76.1200714111328","0","0.907709002494812","-0.0232207123190165","0","9","199","1","389","201","200","-1","0","200","0","0","0","13.7587738037109","0.0333333350718021","0","14","385","20460.0007275205","1023","20.0000007111637","9.61842365030422","-4.14035015340671","10"
"default_longboard","0","0","2","0","0","0","0","3.99787926673889","0","36.0343017578125","41.4097328186035","0","0","520.300720214844","0","0","0","233.080444335938","225.579711914063","0","225.579711914063","168.7021484375","525.109558105469","0","0.00824546255171299","0.0525782182812691","0","0","77.0028533935547","0","1.03911685943604","-0.00107760389801115","0","9","199","1","387","201","200","-1","0","200","0","0","0","13.2483587265015","0.0500000007450581","0","16","385","20459.998135878","1023","19.9999981777889","9.02252684939539","-4.22583187710608","10"
"default_longboard","0","0","3","0","0","0","0","4.33751344680786","0","95.1792526245117","21.9238033294678","0","0","487.701416015625","0","0","0","333.465057373047","451.325775146484","0","451.325775146484","274.337768554688","519.408020019531","0","0.013408494181931","0.150501385331154","0","0","116.724868774414","0","4.00339698791504","-0.000420333526562899","0","9","199","1","380","201","200","-1","0","200","0","0","0","9.61288070678711","0.100000001490116","0","32","369","20459.9983288488","1023","19.9999983664211","5.11138247767353","-4.50149822911358","10"
"default_longboard","0","0","4","0","0","0","0","4.25956344604492","0","166.808929443359","13.5697154998779","0","0","435.207305908203","0","0","0","408.726257324219","676.902160644531","0","676.902160644531","351.647338867188","515.76318359375","0","0.0171870645135641","0.276667684316635","0","0","180.059860229492","0","9.05258274078369","-0.000286231574136764","0","9","199","1","369","201","200","-1","0","200","0","0","0","8.01799583435059","0.150000005960464","0","49","352","20459.9999371426","1023","19.9999999385558","3.56160398122847","-4.45639185312212","10"
"default_longboard","0","0","5","0","0","0","0","4.07769060134888","0","245.721405029297","8.30862808227539","0","0","362.130767822266","0","0","0","432.502502441406","977.505432128906","0","977.505432128906","397.269409179688","514.054443359375","0","0.0194168817251921","0.422773569822311","0","0","253.77604675293","0","16.2492752075195","-0.00376738840714097","0","9","199","1","360","201","200","-1","0","200","0","0","0","6.91388463973999","0.200000002980232","0","68","336","20460.0004677506","1023","20.0000004572342","2.63237107279206","-4.28151356694793","10"
"default_longboard","0","0","6","0","0","0","0","3.87576007843018","0","323.2685546875","4.6979546546936","0","0","274.101715087891","0","0","0","481.934448242188","1202.78039550781","0","1202.78039550781","402.548950195313","514.449829101563","0","0.0196749251335859","0.579661309719086","0","0","327.779968261719","0","25.0405006408691","-0.00010440237383591","0","9","199","1","350","201","200","-1","0","200","0","0","0","5.98511171340942","0.25","0","84","317","20459.9990832059","1023","19.9999991038181","1.94511299047523","-4.03999872293419","10"
"default_longboard","0","0","7","0","0","0","0","3.5085129737854","0","405.584167480469","2.09370374679565","0","0","172.355926513672","0","0","0","497.608306884766","1502.84362792969","0","1502.84362792969","361.042694091797","517.233215332031","0","0.0176462717354298","0.747827470302582","0","0","407.563354492188","0","35.3176460266113","-1.87137102329871E-05","0","9","199","1","339","201","200","-1","0","200","0","0","0","4.98056411743164","0.300000011920929","0","102","299","20459.9985484131","1023","19.999998581049","1.35211767585623","-3.62844644157541","10"
"default_longboard","0","0","8","0","0","0","0","3.01722407341003","0","480.991119384766","-0.676109135150909","0","0","83.6102142333984","0","0","0","509.318359375","1802.52221679688","0","1802.52221679688","-266.179992675781","549.968688964844","0","-0.0130097744986415","0.918057680130005","0","0","480.261566162109","0","45.7918510437012","-0.00919392239302397","0","9","199","1","330","201","200","-1","0","200","0","0","0","2.31893181800842","0.349999994039536","0","125","286","20460.0004945187","1023","20.0000004834005","-0.811964384892858","-3.13089620290128","10"
"default_longboard","0","0","9","0","0","0","0","2.55938076972961","0","569.196655273438","0.196862906217575","0","0","21.8904075622559","0","0","0","544.316772460938","2027.04211425781","0","2027.04211425781","74.7318496704102","556.279479980469","0","0.00365258334204555","1.10335302352905","0","0","569.37890625","0","56.3942108154297","-0.00135523418430239","0","9","199","1","320","201","200","-1","0","200","0","0","0","2.56511044502258","0.400000005960464","0","140","261","20459.9984920695","1023","19.9999985259722","0.189674553865711","-2.37543589115687","10"
"default_longboard","0","0","10","0","0","0","0","1.60964453220367","0","648.12060546875","99694.75","-82.9178924560547","0","181275.875","0","0","0","537.446472167969","2400.96044921875","0","2400.96044921875","18153.72265625","181014","0","0.88727867603302","1.29038774967194","0","0","100302.8515625","0","64.5751342773438","-0.0672621801495552","0","8","199","1","310","201","200","-1","0","200","1","0","0","45","0.449999988079071","0","161","239","20460.0010646198","1023","20.000001040684","43.440921009765","-1.55907899023501","10"
"default_longboard","0","0","11","0","0","0","0","0.40166500210762","0","722.024597167969","121242.9375","-162.543792724609","0","210304.390625","0","0","0","527.036865234375","2775.07250976563","0","2775.07250976563","21033.552734375","210065.3125","0","1.0280327796936","1.4625655412674","0","0","121871.03125","0","68.9128341674805","-0.0605017133057117","0","7","199","1","299","201","200","-1","0","200","1","0","0","45","0.5","0","182","218","20460.0020056207","1023","20.0000019605286","44.6598879165652","-0.340112083434789","10"
"default_longboard","0","0","12","0","0","0","0","-0.197481170296669","0","744.102355957031","0.121068790555","-1594.4140625","0","39.768310546875","0","0","0","519.488098144531","2925.01708984375","0","2925.01708984375","83.9868316650391","590.028869628906","0","0.00410492857918143","1.51951158046722","0","0","2338.51733398438","0","68.8331680297852","-0.230036854743958","0","5","199","1","296","201","200","-1","0","200","3","0","0","0.0057295779697597","0.516666650772095","0","192","209","20459.998278895","1023","19.9999983175904","0.154783533259363","0.149053955289603","10"
"default_longboard","0","1","0","0","0","0","0","3.99257469177246","0","15.0503311157227","77.0346450805664","0","0","564.846618652344","0","0","0","265.014343261719","78.2173004150391","0","78.2173004150391","112.998435974121","529.049743652344","0","0.00552289607003331","0.0207287073135376","0","0","91.5723571777344","0","0.326620876789093","0.35604590177536","0","9","206","0","395","215","206","-1","0","214","1","5","0","19.3031558990479","0.0333333350718021","0.0210758335888386","11","386","20459.9968098693","1023","19.9999968815926","15.452361932943","-3.85079396610482","10"
"default_longboard","0","1","1","0","0","0","0","4.11346817016602","0","28.5239334106445","48.9641571044922","0","0","533.564758300781","0","0","0","274.721405029297","152.659866333008","0","152.659866333008","151.562194824219","526.341491699219","0","0.00740773137658834","0.0419389344751835","0","0","77.0282516479492","0","0.768925070762634","0.193293586373329","0","9","206","0","393","215","206","-1","0","214","0","5","0","14.6093559265137","0.0500000007450581","0.0210758335888386","15","382","20460.0014659308","1023","20.0000014329724","10.173608019505","-4.43574790700864","10"
"default_longboard","0","1","2","0","0","0","0","4.32372903823853","0","88.8219375610352","23.168758392334","0","0","493.571563720703","0","0","0","305.756652832031","450.506072998047","0","450.506072998047","266.084136962891","519.922485351563","0","0.0130050899460912","0.137745231389999","0","0","111.605491638184","0","3.71229982376099","0.104479067027569","0","9","206","0","386","215","206","-1","0","214","0","5","0","9.82621383666992","0.100000001490116","0.0210758335888386","23","360","20459.9997436285","1023","19.9999997493924","5.41759786069102","-4.4086159759789","10"
"default_longboard","0","1","3","0","0","0","0","4.30515670776367","0","153.31364440918","14.673487663269","0","0","445.522033691406","0","0","0","373.252197265625","673.843811035156","0","673.843811035156","340.716156005859","516.385009765625","0","0.0166527926921844","0.251513659954071","0","0","167.658874511719","0","8.20816040039063","0.0828836038708687","0","9","206","0","375","215","206","-1","0","214","0","5","0","8.19422912597656","0.150000005960464","0.0210758335888386","33","339","20460.0010523019","1023","20.0000010286431","3.79634709502907","-4.39788203094749","10"
"default_longboard","0","1","4","0","0","0","0","4.14677476882935","0","229.793182373047","9.05736827850342","0","0","373.479797363281","0","0","0","407.628692626953","971.444091796875","0","971.444091796875","389.056549072266","514.512878417969","0","0.0190154705196619","0.395988464355469","0","0","238.58740234375","0","15.2470254898071","0.0754562988877296","0","9","206","0","366","215","206","-1","0","214","0","5","0","6.99189710617065","0.200000002980232","0.0210758335888386","45","316","20460.0011695731","1023","20.0000011432777","2.7524168151245","-4.23948029104615","10"
"default_longboard","0","1","5","0","0","0","0","3.95290493965149","0","282.821899414063","6.38738203048706","0","0","314.517425537109","0","0","0","420.582946777344","1194.46154785156","0","1194.46154785156","397.877838134766","514.598510742188","0","0.0194466188549995","0.502370178699493","0","0","288.993377685547","0","21.1161098480225","0.0780531689524651","0","9","206","0","356","215","206","-1","0","214","0","5","0","6.25776290893555","0.25","0.0210758335888386","52","299","20460.0008413532","1023","20.0000008224371","2.21845907937199","-4.03930382956355","10"
"default_longboard","0","1","6","0","0","0","0","3.69622182846069","0","351.099914550781","4.17080545425415","0","0","234.397613525391","0","0","0","450.330627441406","1417.28723144531","0","1417.28723144531","370.719268798828","516.765869140625","0","0.0181192234158516","0.638247847557068","0","0","355.11474609375","0","29.2214317321777","0.0967514738440514","0","9","206","0","345","215","206","-1","0","214","0","5","0","5.27254295349121","0.300000011920929","0.0210758335888386","60","278","20459.9976660426","1023","19.9999977185167","1.62678892067098","-3.64575403282023","10"
"default_longboard","0","1","7","0","0","0","0","2.97873854637146","0","467.105407714844","63706.640625","-68.4617691040039","0","121963.4140625","0","0","0","474.634887695313","1862.29296875","0","1862.29296875","12260.29296875","62195.1171875","0","0.599232256412506","0.883909225463867","0","0","64104.12890625","0","43.4192962646484","1.03852188587189","0","8","206","0","336","215","206","-1","0","214","0","5","0","45","0.349999994039536","0.0210758335888386","76","246","20460.0016730577","1023","20.0000016354425","42.6824216907609","-2.31757830923912","10"
"default_longboard","0","1","8","0","0","0","0","2.14723467826843","0","539.049499511719","78849.34375","-109.910583496094","0","146215.03125","0","0","0","463.940490722656","2232.54125976563","0","2232.54125976563","14671.2294921875","60781.234375","0","0.71706885099411","1.03576636314392","0","0","79373.8046875","0","51.3592567443848","1.14504981040955","0","7","206","0","326","215","206","-1","0","214","0","5","0","45","0.400000005960464","0.0210758335888386","82","226","20460.0011168356","1023","20.0000010917259","43.813052464153","-1.18694753584698","10"
"default_longboard","0","1","9","0","0","0","0","1.95284247398376","0","557.248229980469","83271.0078125","33.4642143249512","0","152852.625","0","0","0","466.113189697266","2306.55249023438","0","2306.55249023438","15329.3759765625","57624.81640625","0","0.749236345291138","1.07511448860168","0","0","83701.34375","0","53.1316986083984","1.18694055080414","0","7","206","0","322","215","206","-1","0","214","0","5","0","45","0.416666686534882","0.0210758335888386","82","224","20460.000469686","1023","20.0000004591261","44.17800102243","-0.821998977569983","10"
"default_longboard","0","1","10","0","0","0","0","1.07471251487732","0","581.648498535156","90601.890625","-24.7393589019775","0","162727.71875","0","0","0","439.214691162109","2602.6259765625","0","2602.6259765625","16308.5498046875","47730.69921875","0","0.797094345092773","1.14311158657074","0","0","91040.28125","0","55.6153717041016","1.27583110332489","0","6","206","0","319","215","206","-1","0","214","0","5","0","45","0.433333367109299","0.0210758335888386","77","218","20459.999377852","1023","19.9999993918397","44.2109674095339","-0.789032590466078","10"
"default_longboard","0","2","0","0","0","0","0","4.62065505981445","0","7.28229522705078","236.402816772461","0","0","833.61376953125","0","0","0","53.9018325805664","188.895690917969","0","188.895690917969","100.355087280273","531.97021484375","0","0.00490494072437286","0.0101818237453699","0","0","242.827346801758","0","0.13044336438179","0.877328157424927","0","9","213","0","398","227","213","-1","0","226","0","12","0","32.7102317810059","0.0666666701436043","0.0421516671776772","8","385","20460.000012152","1023","20.0000000118787","28.7987776499058","-3.91145413110001","10"
"default_longboard","0","2","1","0","0","0","0","4.57570314407349","0","25.3587551116943","63.6500968933105","0","0","606.27685546875","0","0","0","138.535385131836","258.71484375","0","258.71484375","152.34375","527.425170898438","0","0.00744593143463135","0.0358411595225334","0","0","88.4797515869141","0","0.663747727870941","0.52302098274231","0","9","213","0","395","227","213","-1","0","226","0","12","0","16.2520370483398","0.0833333358168602","0.0421516671776772","12","369","20459.9990394006","1023","19.9999990609976","11.9904151497064","-4.26162189863345","10"
"default_longboard","0","2","2","0","0","0","0","4.6070499420166","0","39.2340774536133","43.9557914733887","0","0","559.950622558594","0","0","0","144.383987426758","398.443878173828","0","398.443878173828","184.046722412109","525.1748046875","0","0.00899544078856707","0.0575289130210876","0","0","82.7222595214844","0","1.22954094409943","0.387552440166473","0","9","213","0","393","227","213","-1","0","226","0","12","0","13.3524026870728","0.100000001490116","0.0421516671776772","17","364","20460.0004311103","1023","20.0000004214177","8.9959016422815","-4.35650104479125","10"
"default_longboard","0","2","3","0","0","0","0","4.57879304885864","0","96.97216796875","22.3406085968018","0","0","498.519775390625","0","0","0","250.835830688477","608.080261230469","0","608.080261230469","281.843536376953","519.7060546875","0","0.0137753440067172","0.152528330683708","0","0","118.929466247559","0","4.54933500289917","0.255218029022217","0","9","213","0","382","227","213","-1","0","226","0","12","0","9.51403522491455","0.150000005960464","0.0421516671776772","22","337","20459.9998547782","1023","19.9999998580432","5.18163439631537","-4.33240082859918","10"
"default_longboard","0","2","4","0","0","0","0","4.43825626373291","0","156.253540039063","14.4283266067505","0","0","442.244415283203","0","0","0","291.773468017578","887.511901855469","0","887.511901855469","344.480590820313","516.819519042969","0","0.0168367810547352","0.258952438831329","0","0","170.360046386719","0","9.34274196624756","0.206777513027191","0","9","213","0","373","227","213","-1","0","226","0","12","0","7.90340042114258","0.200000002980232","0.0421516671776772","26","314","20460.0029958476","1023","20.0000029284923","3.72793371533863","-4.17546670580395","10"
"default_longboard","0","2","5","0","0","0","0","4.26206350326538","0","199.941513061523","11.0060510635376","0","0","396.947265625","0","0","0","312.531799316406","1096.94836425781","0","1096.94836425781","371.650299072266","515.915283203125","0","0.0181647259742022","0.342831254005432","0","0","210.668502807617","0","13.6282978057861","0.195791825652122","0","9","213","0","363","227","213","-1","0","226","0","12","0","7.01457405090332","0.25","0.0421516671776772","28","297","20460.0003104968","1023","20.0000003035159","3.03720774258141","-3.97736630832191","10"
"default_longboard","0","2","6","0","0","0","0","3.83657360076904","0","302.878295898438","5.98699569702148","0","0","289.286590576172","0","0","0","372.296508789063","1445.63684082031","0","1445.63684082031","385.395050048828","515.838317871094","0","0.0188365131616592","0.538205564022064","0","0","308.670959472656","0","23.8300628662109","0.127362087368965","0","9","213","0","352","227","213","-1","0","226","0","12","0","5.69567489624023","0.300000011920929","0.0421516671776772","49","285","20459.9995095313","1023","19.9999995205585","2.00568938821983","-3.6899855080204","10"
"default_longboard","0","2","7","0","0","0","0","4.43825626373291","0","142.924957275391","20.3525543212891","0","0","495.377014160156","0","0","0","276.189147949219","887.511901855469","0","887.511901855469","340.305541992188","520.029663085938","0","0.0166327245533466","0.245121166110039","0","0","162.934646606445","0","9.82146739959717","0.521105766296387","0","9","213","0","343","227","213","-1","0","226","0","12","0","7.26062536239624","0.349999994039536","0.0421516671776772","14","274","20459.9998575528","1023","19.9999998607555","3.89080143551742","-3.36982392687883","10"
"default_longboard","0","2","8","0","0","0","0","1.86558723449707","0","384.955932617188","56199.3203125","0","0","103546.1640625","0","0","0","313.822174072266","2349.81079101563","0","2349.81079101563","10391.525390625","21473.236328125","0","0.507894694805145","0.7374227643013","0","0","56480.625","0","34.5373497009277","1.36479258537292","0","7","213","0","333","227","213","-1","0","226","0","12","0","45","0.400000005960464","0.0421516671776772","31","231","20459.9998718469","1023","19.9999998747282","43.5306833299517","-1.46931667004834","10"
"default_longboard","0","3","0","0","0","0","0","5.03753757476807","0","7.6174111366272","683.8427734375","0","0","1416.6357421875","0","0","0","28.1741638183594","378.227325439453","0","378.227325439453","143.623596191406","532.613037109375","0","0.00701972655951977","0.0106562385335565","0","0","689.650207519531","0","0.149647906422615","1.18508422374725","0","9","222","0","398","241","222","-1","0","240","0","21","0","45","0.116666674613953","0.063227504491806","13","378","20459.9986870759","1023","19.9999987165942","41.2041054257868","-3.79589457421316","10"
"default_longboard","0","3","1","0","0","0","0","5.03753757476807","0","6.31752443313599","566.629028320313","0","0","1172.97509765625","0","0","0","23.0051956176758","378.227325439453","0","378.227325439453","118.950736999512","417.552185058594","0","0.00581381982192397","0.0087011931464076","0","0","571.445739746094","0","0.120434261858463","1.20661175251007","0","9","222","0","395","241","222","-1","0","240","0","21","0","45","0.133333340287209","0.063227504491806","11","377","20459.9971521215","1023","19.99999721615","41.9254792385961","-3.07452076140387","10"
"default_longboard","0","3","2","0","0","0","0","4.87583446502686","0","25.593994140625","81.1376647949219","0","0","713.167846679688","0","0","0","71.9086303710938","502.478546142578","0","502.478546142578","167.047790527344","528.117431640625","0","0.00816460326313972","0.0361325442790985","0","0","106.111671447754","0","0.72865754365921","0.743590652942657","0","9","222","0","391","241","222","-1","0","240","0","21","0","17.1847705841064","0.150000005960464","0.063227504491806","16","361","20460.0009508735","1023","20.0000009294951","13.0594884093441","-4.12528217476234","10"
"default_longboard","0","3","3","0","0","0","0","4.72596406936646","0","69.1204833984375","33.3051528930664","0","0","574.4541015625","0","0","0","131.346664428711","813.37255859375","0","813.37255859375","254.176208496094","522.800659179688","0","0.0124230803921819","0.106833770871162","0","0","101.978149414063","0","3.1909966468811","0.523390650749207","0","9","222","0","382","241","222","-1","0","240","0","21","0","10.8641843795776","0.200000002980232","0.063227504491806","20","330","20459.9986856764","1023","19.9999987152262","6.67770161186274","-4.1864827677149","10"
"default_longboard","0","3","4","0","0","0","0","4.68024110794067","0","76.4082183837891","34.053840637207","0","0","602.691528320313","0","0","0","135.172164916992","875.5537109375","0","875.5537109375","275.997680664063","522.881896972656","0","0.0134896216914058","0.118350483477116","0","0","110.005233764648","0","3.92141485214233","0.620729744434357","0","9","222","0","372","241","222","-1","0","240","0","21","0","10.3952560424805","0.25","0.063227504491806","17","313","20460.0015462183","1023","20.0000015114549","6.54481248767876","-3.85044355480171","10"
"default_longboard","0","3","5","0","0","0","0","4.34357881546021","0","123.14421081543","21.0524749755859","0","0","509.295654296875","0","0","0","174.826766967773","1186.31127929688","0","1186.31127929688","326.005554199219","520.009094238281","0","0.0159338004887104","0.207398965954781","0","0","143.833419799805","0","7.85413217544556","0.490039169788361","0","9","222","0","361","241","222","-1","0","240","0","21","0","8.14634704589844","0.300000011920929","0.063227504491806","23","295","20459.9997615261","1023","19.9999997668877","4.4061936063706","-3.74015343952784","10"
"default_longboard","0","3","6","0","0","0","0","4.62550687789917","0","84.0967254638672","40.5783576965332","0","0","689.7080078125","0","0","0","146.903427124023","937.726928710938","0","937.726928710938","312.381439208984","523.93505859375","0","0.0152679104357958","0.137755289673805","0","0","124.177070617676","0","5.1684422492981","0.804533958435059","0","9","222","0","352","241","222","-1","0","240","0","21","0","9.78849792480469","0.349999994039536","0.063227504491806","14","290","20459.9994558917","1023","19.9999994681248","6.36336894392873","-3.42512898087596","10"
"default_longboard","0","3","7","0","0","0","0","5.03753757476807","0","48.4645767211914","7057.4716796875","0","0","12047.8564453125","0","0","0","NaN","0","0","0","1204.78564453125","1115.04028320313","0","0.0588849298655987","0.0803133249282837","0","0","7091.7412109375","0","2.91040229797363","1.48028910160065","0","8","222","0","342","241","222","-1","0","240","0","21","0","45","0.400000005960464","0.063227504491806","0","280","20459.9996515424","1023","19.9999996593768","NaN","NaN","10"
"default_longboard","0","4","0","0","0","0","0","2.58263516426086","0","1.56871891021729","190.841857910156","0","0","327.157928466797","0","0","0","3.22986626625061","679.254516601563","0","679.254516601563","33.2845420837402","69.5438690185547","0","0.00162681040819734","0.0021939012221992","0","0","191.976776123047","0","0.0278694126754999","1.35675120353699","0","9","243","0","399","275","243","-1","0","274","0","42","0","45","0.216666668653488","0.0843033343553543","13","385","20460.000695854","1023","20.0000006802092","47.8606199545055","2.8606199545055","10"
"default_longboard","0","4","1","0","0","0","0","1.74637389183044","0","1.27479910850525","172.001480102539","0","0","278.247009277344","0","0","0","2.79807043075562","669.647155761719","0","669.647155761719","28.418628692627","56.4915313720703","0","0.00138898473232985","0.001873719971627","0","0","172.905807495117","0","0.022411622107029","1.36650931835175","0","9","243","0","396","275","243","-1","0","274","0","42","0","45","0.233333334326744","0.0843033343553543","11","384","20460.0007697409","1023","20.0000007524349","47.8420990126967","2.84209901269666","10"
"default_longboard","0","4","2","0","0","0","0","4.38306999206543","0","9.81990528106689","945.798278808594","0","0","1877.22924804688","0","0","0","17.6912441253662","775.36572265625","0","775.36572265625","189.846572875977","370.482696533203","0","0.0092789139598608","0.013717183843255","0","0","953.1796875","0","0.274075865745544","1.37293982505798","0","9","243","0","393","275","243","-1","0","274","0","42","0","45","0.25","0.0843033343553543","21","364","20459.9992733228","1023","19.9999992896606","42.5664251607485","-2.43357483925146","10"
"default_longboard","0","4","3","0","0","0","0","4.36868143081665","0","39.3358917236328","113.413932800293","0","0","1053.26916503906","0","0","0","54.121940612793","1111.94189453125","0","1111.94189453125","261.004638671875","528.502502441406","0","0.0127568244934082","0.0601804554462433","0","0","151.909759521484","0","1.82076704502106","1.06081986427307","0","9","243","0","382","275","243","-1","0","274","0","42","0","15.8438243865967","0.300000011920929","0.0843033343553543","29","333","20460.0007475797","1023","20.000000730772","12.2381884988385","-3.60563588775819","10"
"default_longboard","0","4","4","0","0","0","0","4.36868143081665","0","35.6215133666992","268.998626708984","0","0","1782.69873046875","0","0","0","50.3242721557617","1111.94189453125","0","1111.94189453125","330.43212890625","530.625","0","0.0161501504480839","0.055957667529583","0","0","303.193115234375","0","1.80258965492249","1.27749073505402","0","9","243","0","373","275","243","-1","0","274","0","42","0","19.7885189056396","0.349999994039536","0.0843033343553543","23","320","20460.0031416707","1023","20.0000030710368","16.7749798139848","-3.01353909165484","10"
"default_longboard","0","4","5","0","0","0","0","3.92572593688965","0","52.6236953735352","191.282150268555","0","0","1664.87890625","0","0","0","62.2937812805176","1400.32824707031","0","1400.32824707031","393.031555175781","529.624694824219","0","0.0192097499966621","0.0872317478060722","0","0","242.675506591797","0","3.17434406280518","1.26504588127136","0","8","243","0","363","275","243","-1","0","274","0","42","0","15.3607044219971","0.400000005960464","0.0843033343553543","24","303","20460.0036566886","1023","20.0000035744757","12.7216693902298","-2.63903503176727","10"
"default_longboard","0","4","6","0","0","0","0","3.43165755271912","0","57.5666046142578","505.632568359375","0","0","3272.005859375","0","0","0","61.4437866210938","1640.43115234375","0","1640.43115234375","596.328674316406","531.464172363281","0","0.0291460733860731","0.100794300436974","0","0","560.813781738281","0","3.79719829559326","1.41867351531982","0","6","243","0","353","275","243","-1","0","274","0","42","0","18.6883144378662","0.449999988079071","0.0843033343553543","19","288","20460.0004404487","1023","20.0000004305461","16.8079065679415","-1.8804078699247","10"
"default_longboard","10","0","0","0","0","0","0","3.20745587348938","0","13.9617891311646","73.2240219116211","0","0","530.128051757813","0","0","0","209.543090820313","93.8095550537109","0","93.8095550537109","105.014747619629","529.057373046875","0","0.00513268634676933","0.0196571443229914","0","0","86.7001876831055","0","0.29212960600853","-0.0367169715464115","0","9","123","2","392","201","201","-1","0","124","0","0","0","19.2410449981689","0.0166666675359011","0","12","390","20459.9970706818","1023","19.9999971365413","15.1359643315864","-4.10508066658251","10"
"default_longboard","10","0","1","0","0","0","0","4.00417518615723","0","18.5258274078369","61.8708992004395","0","0","528.045715332031","0","0","0","278.809722900391","94.1412048339844","0","94.1412048339844","120.494911193848","528.033203125","0","0.00588929140940309","0.0262474846094847","0","0","79.9229736328125","0","0.424026399850845","-0.0204310845583677","0","9","126","3","391","202","202","-1","0","127","0","1","0","17.0949478149414","0.0333333350718021","0","14","390","20460.0015209742","1023","20.0000014867783","12.9661563312526","-4.12879148368882","10"
"default_longboard","10","0","2","0","0","0","0","4.0275731086731","0","38.3941307067871","39.9796600341797","0","0","519.401245117188","0","0","0","242.24104309082","241.612014770508","0","241.612014770508","174.335678100586","524.836730957031","0","0.00852080434560776","0.0585283450782299","0","0","77.9375534057617","0","1.15332090854645","-0.0384142659604549","0","9","130","4","390","203","203","-1","0","131","0","2","0","12.8866300582886","0.0500000007450581","0","20","387","20460.00248679","1023","20.0000024308798","8.37111219953303","-4.51551785875555","10"
"default_longboard","10","0","3","0","0","0","0","4.4360294342041","0","101.898963928223","21.0829067230225","0","0","483.473510742188","0","0","0","355.500762939453","461.376861572266","0","461.376861572266","282.279724121094","519.026306152344","0","0.0137966638430953","0.164019823074341","0","0","122.609664916992","0","4.41289281845093","-0.0172945931553841","0","9","141","7","386","206","206","-1","0","142","0","5","0","9.37006568908691","0.100000001490116","0","38","371","20459.9986874627","1023","19.9999987169723","4.82518358016048","-4.54488210892643","10"
"default_longboard","10","0","4","0","0","0","0","4.30853271484375","0","175.65364074707","12.9305801391602","0","0","426.808837890625","0","0","0","416.114501953125","712.414611816406","0","712.414611816406","357.146575927734","515.579895019531","0","0.0174558442085981","0.296446055173874","0","0","188.273956298828","0","9.88543510437012","-0.0155244888737798","0","9","150","8","376","207","207","-1","0","151","0","6","0","7.77850294113159","0.150000005960464","0","56","354","20460.0001959124","1023","20.0000001915077","3.37574093639312","-4.40276200473848","10"
"default_longboard","10","0","5","0","0","0","0","4.19380855560303","0","257.526214599609","7.7021656036377","61.6980590820313","0","347.881164550781","0","0","0","455.680145263672","984.0751953125","0","984.0751953125","397.405487060547","510.405792236328","0","0.0194235350936651","0.448423504829407","0","0","326.655364990234","0","17.4897022247314","-0.0118484850972891","0","9","158","10","369","209","209","-1","0","159","0","8","0","6.71158266067505","0.200000002980232","0","73","335","20459.9978914322","1023","19.9999979388389","2.48255233944894","-4.22903032122611","10"
"default_longboard","10","0","6","0","0","0","0","4.0049524307251","0","341.65966796875","4.30735731124878","113.835266113281","0","257.122436523438","0","0","0","493.875","1226.46374511719","0","1226.46374511719","396.274841308594","509.188537597656","0","0.0193682722747326","0.605719804763794","0","0","459.592468261719","0","26.4710636138916","-0.0078667588531971","0","9","168","13","362","212","212","-1","0","169","1","11","0","5.6855583190918","0.25","0","89","316","20459.9995129955","1023","19.9999995239448","1.8323810473701","-3.8531772717217","10"
"default_longboard","10","0","7","0","0","0","0","3.64756655693054","0","412.561340332031","2.27430605888367","125.070495605469","0","172.080139160156","0","0","0","496.463043212891","1514.72668457031","0","1514.72668457031","355.276824951172","511.820159912109","0","0.0173644553869963","0.752005755901337","0","0","539.759216308594","0","35.0758781433105","-0.00732156680896878","0","9","175","14","352","213","213","-1","0","176","1","12","0","4.85521459579468","0.300000011920929","0","112","308","20460.0039006826","1023","20.0000038129839","1.32312598513284","-3.53208861066184","10"
"default_longboard","10","0","8","0","0","0","0","3.22235321998596","0","515.216857910156","68123.34375","366.710784912109","0","131097.625","0","0","0","543.106628417969","1761.58215332031","0","1761.58215332031","13179.9697265625","124941.140625","0","0.644182205200195","0.956726908683777","0","0","68770.3671875","0","47.3371391296387","-0.305242747068405","0","9","182","16","345","215","215","-1","0","183","1","14","0","45","0.349999994039536","0","125","278","20460.0028069178","1023","20.0000027438102","42.323728417841","-2.67627158215898","10"
"default_longboard","10","0","9","0","0","0","0","3.15504431724548","0","541.622314453125","73210.375","124.041198730469","0","139166.828125","0","0","0","562.723754882813","1786.30151367188","0","1786.30151367188","13985.0341796875","126602.90625","0","0.683530449867249","1.0051943063736","0","0","73756.484375","0","50.123363494873","-0.429775238037109","0","9","185","17","342","216","216","-1","0","186","1","15","0","45","0.366666674613953","0","128","271","20460.0017196068","1023","20.000001680945","42.843513154756","-2.15648684524398","10"
"default_longboard","10","0","10","0","0","0","0","2.97484683990479","0","565.751770019531","78038.6796875","-147.577102661133","0","146731.65625","0","0","0","570.030822753906","1870.64123535156","0","1870.64123535156","14738.3798828125","131383.40625","0","0.720350861549377","1.06632316112518","0","0","78787.7265625","0","53.3421211242676","-0.465737015008926","0","9","188","18","340","217","217","-1","0","189","2","16","0","45","0.38333335518837","0","135","265","20460.0017429177","1023","20.0000017037318","42.4966020929641","-2.50339790703594","10"
"default_longboard","10","1","0","0","0","0","0","4.59703063964844","0","2.13292956352234","223.439041137695","0","0","464.813201904297","0","0","0","101.968437194824","35.0975685119629","0","35.0975685119629","47.1310958862305","432.082000732422","0","0.0023035726044327","0.00357884424738586","0","0","225.065902709961","0","0.0353917367756367","0.372055470943451","0","9","148","1","398","207","207","-1","0","149","1","6","0","45","0.0166666675359011","0.0210758335888386","8","397","20460.0001734425","1023","20.000000169543","40.0655684933729","-4.93443150662706","10"
"default_longboard","10","1","1","0","0","0","0","4.5080189704895","0","10.3851222991943","91.8570556640625","0","0","552.650451660156","0","0","0","264.672027587891","57.3712844848633","0","57.3712844848633","94.3243255615234","530.203918457031","0","0.00461018178611994","0.0151845747604966","0","0","101.737525939941","0","0.206395462155342","0.279495418071747","0","9","150","1","396","207","207","-1","0","151","0","6","0","22.5853614807129","0.0333333350718021","0.0210758335888386","11","390","20460.0013486474","1023","20.0000013183259","17.6745308459307","-4.91083063478221","10"
"default_longboard","10","1","2","0","0","0","0","4.6690034866333","0","26.6458892822266","50.8988265991211","0","0","530.438598632813","0","0","0","208.902679443359","181.417129516602","0","181.417129516602","144.973983764648","526.556640625","0","0.0070857279933989","0.0378985218703747","0","0","77.0792617797852","0","0.684759140014648","0.148759007453918","0","9","153","2","395","208","208","-1","0","154","0","7","0","15.2388248443604","0.0500000007450581","0.0210758335888386","16","384","20459.9984503649","1023","19.9999984852051","10.7757645267415","-4.46306031761885","10"
"default_longboard","10","1","3","0","0","0","0","4.82234907150269","0","84.478630065918","24.5665092468262","0","0","495.871704101563","0","0","0","335.061798095703","387.708831787109","0","387.708831787109","255.744293212891","520.082641601563","0","0.0124997207894921","0.129906415939331","0","0","108.646697998047","0","3.37445878982544","0.0783499702811241","0","9","162","4","390","210","210","-1","0","163","0","9","0","10.1344566345215","0.100000001490116","0.0210758335888386","25","363","20460.000468801","1023","20.000000458261","5.52159785240281","-4.61285878211868","10"
"default_longboard","10","1","4","0","0","0","0","4.79846572875977","0","153.515014648438","15.1512823104858","0","0","447.023803710938","0","0","0","400.75390625","615.38916015625","0","615.38916015625","335.163482666016","516.03662109375","0","0.0163814015686512","0.246619626879692","0","0","168.32502746582","0","7.98916292190552","0.0671577081084251","0","9","171","7","382","213","213","-1","0","172","0","12","0","8.263991355896","0.150000005960464","0.0210758335888386","35","340","20460.0004011508","1023","20.0000003921318","3.80860523700498","-4.45538611889101","10"
"default_longboard","10","1","5","0","0","0","0","4.59829759597778","0","238.940444946289","8.87728595733643","207.479187011719","0","363.490142822266","0","0","0","444.156768798828","897.070434570313","0","897.070434570313","383.434295654297","498.264068603516","0","0.0187406819313765","0.398439884185791","0","0","454.877258300781","0","15.3797006607056","0.0539613179862499","0","9","178","8","374","214","214","-1","0","179","0","13","0","6.94410228729248","0.200000002980232","0.0210758335888386","49","318","20459.996976542","1023","19.999997044518","2.69591041050265","-4.24819187678983","10"
"default_longboard","10","1","6","0","0","0","0","4.51313924789429","0","263.859741210938","7.77605056762695","291.992218017578","0","331.758880615234","0","0","0","466.896697998047","954.294738769531","0","954.294738769531","381.803924560547","489.869750976563","0","0.0186609923839569","0.445557087659836","0","0","563.128051757813","0","18.1508026123047","0.0696676075458527","0","9","185","10","366","216","216","-1","0","186","0","15","0","6.50483846664429","0.25","0.0210758335888386","48","304","20460.0010923743","1023","20.0000010678146","2.40038600627151","-4.10445246037277","10"
"default_longboard","10","1","7","0","0","0","0","4.19253540039063","0","340.494750976563","4.97468185424805","302.148620605469","0","250.82829284668","0","0","0","497.995147705078","1197.50329589844","0","1197.50329589844","374.1435546875","492.555938720703","0","0.0182865895330906","0.596350848674774","0","0","647.222351074219","0","26.2969722747803","0.0475024729967117","0","9","194","13","358","219","219","-1","0","195","0","18","0","5.59425830841064","0.300000011920929","0.0210758335888386","73","300","20459.9963273888","1023","19.9999964099597","1.75720165835306","-3.83705665005759","10"
"default_longboard","10","1","8","0","0","0","0","3.6189112663269","0","459.096588134766","59883.87890625","171.783279418945","0","113482.3515625","0","0","0","543.538452148438","1497.38330078125","0","1497.38330078125","11420.4990234375","66651.28125","0","0.558186590671539","0.813885390758514","0","0","60343.86328125","0","39.5292472839355","0.944610834121704","0","9","201","17","353","223","223","-1","0","202","0","22","0","45","0.349999994039536","0.0210758335888386","74","258","20460.0024692421","1023","20.0000024137264","43.3008749425337","-1.6991250574663","10"
"default_longboard","10","1","9","0","0","0","0","2.92230248451233","0","545.077270507813","76070.7734375","50.0802917480469","0","139802.75","0","0","0","556.824890136719","1792.90612792969","0","1792.90612792969","14063.1806640625","79510.5625","0","0.687350034713745","0.998334765434265","0","0","76773.6640625","0","49.8453941345215","0.968116700649261","0","9","208","21","347","227","227","-1","0","209","0","26","0","45","0.400000005960464","0.0210758335888386","95","247","20459.9984779506","1023","19.9999985121707","43.5112151546604","-1.48878484533957","10"
"default_longboard","10","1","10","0","0","0","0","2.23431158065796","0","602.694641113281","90808.171875","-267.815673828125","0","159433.21875","0","0","0","549.793334960938","2038.02587890625","0","2038.02587890625","16055.1015625","72474.1875","0","0.784706830978394","1.12049305438995","0","0","91434.2890625","0","55.5538749694824","1.10194027423859","0","8","214","25","341","231","231","-1","0","215","0","30","0","45","0.449999988079071","0.0210758335888386","89","241","20459.9997459969","1023","19.9999997517077","44.4529083550483","-0.547091644951699","10"
"default_longboard","10","1","11","0","0","0","0","2.00743794441223","0","609.814575195313","94566.59375","-326.606689453125","0","162861.625","0","0","0","541.482971191406","2106.82641601563","0","2106.82641601563","16411.701171875","66844.40625","0","0.802135944366455","1.14081060886383","0","0","95236.3125","0","56.0499649047852","1.15093076229095","0","7","216","27","339","233","233","-1","0","217","0","32","0","45","0.466666668653488","0.0210758335888386","80","238","20459.9996885033","1023","19.9999996955067","44.67850923133","-0.321490768669975","10"
"default_longboard","10","2","0","0","0","0","0","4.95387315750122","0","13.4789276123047","87.2024230957031","0","0","587.302551269531","0","0","0","122.44677734375","155.32649230957","0","155.32649230957","109.491729736328","529.559814453125","0","0.0053515019826591","0.0190192274749279","0","0","100.146026611328","0","0.284638077020645","0.445032805204391","0","9","175","0","398","213","213","-1","0","176","0","12","0","21.1651744842529","0.0666666701436043","0.0421516671776772","10","379","20459.9998451132","1023","19.9999998485955","16.3421812544109","-4.82299322984207","10"
"default_longboard","10","2","1","0","0","0","0","5.00821018218994","0","24.7367534637451","57.193733215332","0","0","558.308776855469","0","0","0","139.814086914063","247.526504516602","0","247.526504516602","143.527374267578","527.135314941406","0","0.00701502338051796","0.0346076935529709","0","0","81.4406585693359","0","0.632186651229858","0.345069617033005","0","9","178","1","396","214","214","-1","0","179","0","13","0","16.332181930542","0.0833333358168602","0.0421516671776772","14","371","20459.9994158509","1023","19.9999994289843","11.6949669406714","-4.63721498987064","10"
"default_longboard","10","2","2","0","0","0","0","4.95366954803467","0","37.0044097900391","43.7066230773926","0","0","539.523010253906","0","0","0","169.435424804688","308.7265625","0","308.7265625","172.427276611328","525.083068847656","0","0.00842753145843744","0.0523092150688171","0","0","80.2451705932617","0","1.0816935300827","0.270806819200516","0","9","180","1","394","214","214","-1","0","181","0","13","0","13.9269104003906","0.100000001490116","0.0421516671776772","17","366","20459.9979794437","1023","19.9999980248716","9.27132337807277","-4.65558702231785","10"
"default_longboard","10","2","3","0","0","0","0","4.95358800888062","0","94.0955657958984","23.4574375152588","0","0","493.519714355469","0","0","0","284.491760253906","497.927490234375","0","497.927490234375","267.848022460938","519.376403808594","0","0.0130913015455008","0.141656264662743","0","0","117.152008056641","0","4.11425352096558","0.167981043457985","0","9","189","4","386","217","217","-1","0","190","0","16","0","9.83791637420654","0.150000005960464","0.0421516671776772","25","342","20459.9994530713","1023","19.9999994653679","5.30261144569792","-4.53530492850862","10"
"default_longboard","10","2","4","0","0","0","0","4.6708664894104","0","168.239151000977","14.0314664840698","208.735504150391","0","422.722930908203","0","0","0","335.646942138672","791.282287597656","0","791.282287597656","336.564880371094","493.908477783203","0","0.0164498947560787","0.265591472387314","0","0","390.383911132813","0","9.53314685821533","0.124381698668003","0","9","196","7","380","220","220","-1","0","197","0","19","0","7.93282508850098","0.200000002980232","0.0421516671776772","33","319","20460.0020463184","1023","20.0000020003113","3.5509918824719","-4.38183320602908","10"
"default_longboard","10","2","5","0","0","0","0","4.62430047988892","0","173.112350463867","14.199333190918","276.185363769531","0","411.979217529297","0","0","0","320.430114746094","850.317810058594","0","850.317810058594","332.872985839844","484.242248535156","0","0.016269451007247","0.272467434406281","0","0","462.701049804688","0","10.3137063980103","0.15887562930584","0","9","204","11","374","224","224","-1","0","205","0","23","0","7.65027809143066","0.25","0.0421516671776772","33","306","20460.0011206015","1023","20.0000010954071","3.42325574182858","-4.22702234960208","10"
"default_longboard","10","2","6","0","0","0","0","4.15101671218872","0","288.20947265625","7.47522258758545","341.973052978516","0","301.339569091797","0","0","0","427.416198730469","1152.41735839844","0","1152.41735839844","368.344635009766","484.413940429688","0","0.0180031601339579","0.492561817169189","0","0","637.087646484375","0","20.9276447296143","0.0806979462504387","0","9","210","15","367","228","228","-1","0","211","0","27","0","5.999427318573","0.300000011920929","0.0421516671776772","58","302","20459.9988151518","1023","19.9999988417906","2.09463015533114","-3.90479716324186","10"
"default_longboard","10","2","7","0","0","0","0","3.53418755531311","0","361.054748535156","45757.5390625","181.793869018555","0","86282.4453125","0","0","0","428.589996337891","1450.27282714844","0","1450.27282714844","8688.1005859375","40899.7109375","0","0.424638360738754","0.621572434902191","0","0","46151.8984375","0","29.033016204834","1.07846140861511","0","9","216","20","363","233","233","-1","0","217","0","32","0","45","0.349999994039536","0.0421516671776772","51","263","20459.9993529143","1023","19.9999993674627","43.0916967018715","-1.90830329812848","10"
"default_longboard","10","2","8","0","0","0","0","3.08110117912292","0","409.601440429688","55625.6953125","242.045166015625","0","101160.5546875","0","0","0","441.363647460938","1622.83508300781","0","1622.83508300781","10187.7255859375","42372.51171875","0","0.497933804988861","0.716260433197021","0","0","56090.859375","0","34.6728477478027","1.14032161235809","0","9","223","25","358","238","238","-1","0","224","0","37","0","45","0.400000005960464","0.0421516671776772","54","256","20459.9998711985","1023","19.9999998740944","44.0419957431204","-0.95800425687964","10"
"default_longboard","10","2","9","0","0","0","0","2.14216732978821","0","467.945831298828","69085","-38.0999488830566","0","120285.4140625","0","0","0","431.000274658203","1963.54223632813","0","1963.54223632813","12122.91015625","43583.734375","0","0.592517614364624","0.846287190914154","0","0","69449.015625","0","41.1134834289551","1.20274293422699","0","8","230","30","353","243","243","-1","0","231","0","42","0","45","0.449999988079071","0.0421516671776772","57","253","20459.9996056654","1023","19.9999996145312","44.4380537212453","-0.561946278754661","10"
"default_longboard","10","2","10","0","0","0","0","2.19805145263672","0","435.846374511719","65458.13671875","0","0","112276.8203125","0","0","0","409.411987304688","1917.98168945313","0","1917.98168945313","11322.96875","36369.1015625","0","0.553419768810272","0.785244762897491","0","0","65769.4375","0","37.8407897949219","1.24357736110687","0","8","232","32","351","245","245","-1","0","233","0","44","0","45","0.466666668653488","0.0421516671776772","54","254","20460.0005062013","1023","20.0000004948205","44.8112603650464","-0.188739634953642","10"
"default_longboard","10","2","11","0","0","0","0","1.61040103435516","0","459.288360595703","70740.8125","-255.483123779297","0","120048.875","0","0","0","395.1767578125","2107.361328125","0","2107.361328125","12104.7626953125","36608.09765625","0","0.591630578041077","0.832780241966248","0","0","71252.1875","0","40.2820510864258","1.26406836509705","0","7","235","34","350","247","247","-1","0","236","0","46","0","45","0.483333349227905","0.0421516671776772","55","252","20460.0018061813","1023","20.0000017655731","45.2697682168215","0.269768216821539","10"
"default_longboard","10","3","0","0","0","0","0","5.222984790802","0","24.2920837402344","61.575122833252","0","0","575.461730957031","0","0","0","80.3242645263672","414.277801513672","0","414.277801513672","143.204086303711","527.299865722656","0","0.00699922209605575","0.0332765579223633","0","0","85.3539962768555","0","0.629608154296875","0.419755816459656","0","9","203","1","399","223","223","-1","0","204","0","22","0","16.6327934265137","0.116666674613953","0.063227504491806","18","369","20460.000316951","1023","20.000000309825","12.1419793714211","-4.49081405509257","10"
"default_longboard","10","3","1","0","0","0","0","5.33874416351318","0","22.4231452941895","66.5497970581055","0","0","586.0908203125","0","0","0","82.9853744506836","367.030548095703","0","367.030548095703","138.862716674805","527.72509765625","0","0.00678703421726823","0.0304581671953201","0","0","88.4486618041992","0","0.576449990272522","0.455814510583878","0","9","204","2","397","224","224","-1","0","205","0","23","0","17.2133522033691","0.133333340287209","0.063227504491806","18","368","20459.9994974973","1023","19.999999508795","12.8753857462482","-4.3379664571209","10"
"default_longboard","10","3","2","0","0","0","0","5.3120379447937","0","17.7307167053223","82.3663482666016","0","0","615.704528808594","0","0","0","60.7524452209473","395.066284179688","0","395.066284179688","127.217384338379","528.836547851563","0","0.00621785828843713","0.0240012425929308","0","0","99.5423812866211","0","0.441760569810867","0.539795339107513","0","9","207","4","395","226","226","-1","0","208","0","25","0","19.0882759094238","0.150000005960464","0.063227504491806","18","368","20460.0006042201","1023","20.0000005906355","15.0145312802265","-4.0737446291973","10"
"default_longboard","10","3","3","0","0","0","0","5.08069658279419","0","75.3375473022461","29.0460090637207","0","0","514.939331054688","0","0","0","174.386108398438","630.929626464844","0","630.929626464844","241.503067016602","521.095458984375","0","0.0118036679923534","0.110025368630886","0","0","103.955833435059","0","3.20083928108215","0.267689496278763","0","9","212","8","390","230","230","-1","0","213","0","29","0","10.5655937194824","0.200000002980232","0.063227504491806","29","340","20460.0016853278","1023","20.0000016474368","6.15862015117365","-4.40697356830878","10"
"default_longboard","10","3","4","0","0","0","0","5.11312389373779","0","20.7411441802979","90.1863555908203","0","0","631.679443359375","0","0","0","49.4812393188477","580.86328125","0","580.86328125","137.432083129883","528.557006835938","0","0.0067171105183661","0.0287418346852064","0","0","110.36262512207","0","0.643205523490906","0.586833715438843","0","9","219","13","385","235","235","-1","0","220","0","34","0","17.1989078521729","0.25","0.063227504491806","21","354","20460.0002864494","1023","20.0000002800092","13.5152991748046","-3.6836086773682","10"
"default_longboard","10","3","5","0","0","0","0","4.65233278274536","0","17.2172985076904","118.76741027832","0","0","695.073608398438","0","0","0","39.6682891845703","592.172485351563","0","592.172485351563","131.647445678711","529.506896972656","0","0.00643438100814819","0.0234904699027538","0","0","135.341995239258","0","0.564023017883301","0.709663450717926","0","9","226","18","379","240","240","-1","0","227","0","39","0","18.4104690551758","0.300000011920929","0.063227504491806","18","345","20460.0015933155","1023","20.0000015574931","15.89733800145","-2.5131310537258","10"
"default_longboard","10","3","6","0","0","0","0","4.72486925125122","0","26.84694480896","80.6468505859375","0","0","638.595642089844","0","0","0","51.4133949279785","721.396118164063","0","721.396118164063","155.299758911133","527.660217285156","0","0.00759040797129273","0.0370894223451614","0","0","106.919395446777","0","1.03659498691559","0.614961445331573","0","9","233","23","375","245","245","-1","0","234","0","44","0","14.6928691864014","0.349999994039536","0.063227504491806","23","334","20460.0015570288","1023","20.0000015220222","11.8091018175432","-2.88376736885819","10"
"default_longboard","10","3","7","0","0","0","0","3.22292947769165","0","257.400329589844","32434.26171875","370.677429199219","0","60110.19140625","0","0","0","289.386688232422","1470.14794921875","0","1470.14794921875","6056.86181640625","22264.318359375","0","0.296034306287766","0.425441265106201","0","0","32887.37109375","0","19.6867237091064","1.19202756881714","0","9","240","29","371","251","251","-1","0","241","0","50","0","45","0.400000005960464","0.063227504491806","53","274","20459.9996951656","1023","19.9999997020192","44.0933051627362","-0.906694837263792","10"
"default_longboard","10","3","8","0","0","0","0","2.47506809234619","0","279.515930175781","38316.42578125","229.195236206055","0","67682.6640625","0","0","0","279.841461181641","1694.861328125","0","1694.861328125","6825.27783203125","21844.564453125","0","0.333591252565384","0.474292427301407","0","0","38675.0078125","0","22.3673992156982","1.24386274814606","0","9","248","35","367","257","257","-1","0","249","0","56","0","45","0.449999988079071","0.063227504491806","55","274","20460.0024117644","1023","20.0000023575409","44.6959962434329","-0.304003756567084","10"
"default_longboard","10","3","9","0","0","0","0","1.75842463970184","0","279.7353515625","40570.359375","177.671020507813","0","69374.8203125","0","0","0","256.830230712891","1860.10424804688","0","1860.10424804688","6999.93359375","19719.177734375","0","0.342127740383148","0.477731019258499","0","0","40887.921875","0","22.9061584472656","1.2846451997757","0","8","256","42","363","264","264","-1","0","257","0","63","0","45","0.5","0.063227504491806","58","277","20460.0000745651","1023","20.0000000728887","45.7376425466575","0.737642546657462","10"
"default_longboard","10","3","10","0","0","0","0","2.17336177825928","0","161.733901977539","23133.82421875","571.147094726563","0","38915.703125","0","0","0","158.647735595703","1671.7880859375","0","1671.7880859375","3931.23876953125","9329.6796875","0","0.1921426653862","0.265225380659103","0","0","23662.98828125","0","12.1111421585083","1.32870411872864","0","8","266","49","361","271","271","-1","0","267","0","70","0","45","0.550000011920929","0.063227504491806","51","287","20459.9991450603","1023","19.9999991642818","46.4231538122075","1.42315381220752","10"
"default_longboard","10","3","11","0","0","0","0","2.69489216804504","0","127.308609008789","25.9645519256592","571.270568847656","0","428.303100585938","0","0","0","131.751342773438","1497.61547851563","0","1497.61547851563","249.618499755859","445.143981933594","0","0.0122003182768822","0.197312846779823","0","0","722.612426757813","0","8.34830856323242","0.316977322101593","0","9","269","51","359","273","273","-1","0","270","0","72","0","6.64148235321045","0.566666662693024","0.063227504491806","62","312","20459.9990009154","1023","19.9999990233777","3.54499434624352","-3.09648800696692","10"
"default_longboard","10","3","12","0","0","0","0","-1.11038506031036","0","297.167297363281","26.7446250915527","39.8163604736328","0","1055.21813964844","0","0","0","208.530578613281","2526.30151367188","0","2526.30151367188","163.8525390625","1288.06018066406","0","0.00800843350589275","0.526811122894287","0","0","654.06201171875","0","25.1389427185059","0.0455398559570313","0","6","273","54","359","276","276","-1","0","274","0","75","0","0.0057295779697597","0.583333313465118","0.063227504491806","63","280","20459.9986928697","1023","19.9999987222578","0.871027775816689","0.865298197846929","10"
"default_longboard","10","4","0","0","0","0","0","4.13645267486572","0","6.96580410003662","398.565795898438","0","0","1011.99005126953","0","0","0","14.5022668838501","664.002075195313","0","664.002075195313","113.320747375488","532.409851074219","0","0.00553864846006036","0.00962953548878431","0","0","404.415496826172","0","0.173583343625069","1.01652681827545","0","9","233","2","398","245","245","-1","0","234","0","44","0","35.447193145752","0.233333334326744","0.0843033343553543","22","373","20459.9999788131","1023","19.9999999792895","35.1117465691382","-0.335446576613734","10"
"default_longboard","10","4","1","0","0","0","0","3.90774035453796","0","5.97382307052612","715.086547851563","0","0","1194.68298339844","0","0","0","11.9887809753418","691.93603515625","0","691.93603515625","124.015937805176","512.451110839844","0","0.00606138492003083","0.00829546991735697","0","0","719.439392089844","0","0.147052973508835","1.12723171710968","0","9","235","4","397","247","247","-1","0","236","0","46","0","45","0.25","0.0843033343553543","21","373","20460.0003862723","1023","20.0000003775878","46.9439492731408","1.94394927314078","10"
"default_longboard","10","4","2","0","0","0","0","4.41481399536133","0","42.4284782409668","50.9093017578125","0","0","570.496643066406","0","0","0","65.2974548339844","900.253051757813","0","900.253051757813","185.097640991211","525.060241699219","0","0.00904680415987968","0.058784231543541","0","0","92.8408279418945","0","1.69992756843567","0.450228005647659","0","9","244","11","393","254","254","-1","0","245","0","53","0","12.5573873519897","0.300000011920929","0.0843033343553543","41","350","20460.0030817593","1023","20.0000030124724","8.85291735588432","-3.70446999610543","10"
"default_longboard","10","4","3","0","0","0","0","1.97950410842896","0","10.5030832290649","251.309280395508","0","0","899.586364746094","0","0","0","16.1016311645508","875.736022949219","0","875.736022949219","123.092208862305","531.466979980469","0","0.00601623626425862","0.0141007779166102","0","0","260.916625976563","0","0.326575368642807","0.939916491508484","0","9","251","17","390","260","260","-1","0","252","0","59","0","24.239372253418","0.349999994039536","0.0843033343553543","25","357","20460.0024758957","1023","20.0000024202304","25.2557729411739","1.01640068775591","10"
"default_longboard","10","4","4","0","0","0","0","0.687856316566467","0","11.2185478210449","236.849304199219","0","0","928.410827636719","0","0","0","15.3157405853271","976.195129394531","0","976.195129394531","127.968742370605","531.369262695313","0","0.00625458173453808","0.0149511517956853","0","0","247.147155761719","0","0.36972051858902","0.96304452419281","0","9","260","24","387","267","267","-1","0","261","0","66","0","23.0202484130859","0.400000005960464","0.0843033343553543","25","352","20460.0000131034","1023","20.0000000128088","24.7294791565478","1.70923074346185","10"
"default_longboard","10","4","5","0","0","0","0","2.62678265571594","0","20.9064540863037","112.281204223633","0","0","761.00927734375","0","0","0","25.0630760192871","1123.57470703125","0","1123.57470703125","152.123840332031","529.123352050781","0","0.00743518304079771","0.0281602386385202","0","0","132.488998413086","0","0.845505774021149","0.810845792293549","0","9","270","31","384","274","274","-1","0","271","0","73","0","16.0905094146729","0.449999988079071","0.0843033343553543","33","343","20459.9993701984","1023","19.9999993843582","15.3093977283237","-0.781111686349194","10"
"default_longboard","10","4","6","0","0","0","0","2.55902123451233","0","75.4342880249023","35.0866889953613","235.793090820313","0","513.5693359375","0","0","0","77.8463668823242","1448.73229980469","0","1448.73229980469","229.340591430664","483.728149414063","0","0.011209218762815","0.112778536975384","0","0","344.899841308594","0","4.30775547027588","0.430048018693924","0","9","279","38","380","281","281","-1","0","280","0","80","0","8.86346340179443","0.5","0.0843033343553543","64","333","20459.997818177","1023","19.9999978672307","5.70412627028819","-3.15933713150624","10"
"default_longboard","10","4","7","0","0","0","0","0.460593640804291","0","142.67578125","20416.294921875","419.424072265625","0","34113.9765625","0","0","0","117.46134185791","1969.58471679688","0","1969.58471679688","3446.34619140625","8134.5537109375","0","0.168443113565445","0.231350049376488","0","0","20826.02734375","0","10.5115375518799","1.33044946193695","0","8","289","46","379","293","289","-1","0","292","0","88","0","45","0.550000011920929","0.0843033343553543","65","306","20460.0005215841","1023","20.0000005098574","46.7263098192227","1.7263098192227","10"
"default_longboard","10","4","8","0","0","0","0","1.74460983276367","0","56.1873588562012","47.6525802612305","277.633117675781","0","567.96337890625","0","0","0","51.9722366333008","1579.48828125","0","1579.48828125","205.651031494141","483.401458740234","0","0.0100513696670532","0.0820895358920097","0","0","379.877563476563","0","3.15848755836487","0.569968163967133","0","9","292","49","378","297","292","-1","0","296","0","91","0","9.26179218292236","0.566666662693024","0.0843033343553543","60","335","20460.0008064803","1023","20.0000007883483","7.03317256892711","-2.22861961399525","10"
"default_longboard","10","4","9","0","0","0","0","1.59060525894165","0","46.0944137573242","56.1707229614258","0","0","627.80517578125","0","0","0","41.946533203125","1575.54113769531","0","1575.54113769531","201.898895263672","525.702270507813","0","0.00986798107624054","0.0660884901881218","0","0","101.737457275391","0","2.48005557060242","0.63309234380722","0","9","295","52","378","300","295","-1","0","299","0","94","0","9.34926700592041","0.583333313465118","0.0843033343553543","54","336","20460.0002476485","1023","20.0000002420806","8.58721296000494","-0.762054045915473","10"
"default_longboard","15","0","0","0","0","0","0","3.64791703224182","0","12.1455011367798","80.021369934082","0","0","532.746765136719","0","0","0","195.647659301758","89.9183959960938","0","89.9183959960938","98.6378860473633","529.547912597656","0","0.00482101086527109","0.0175923239439726","0","0","91.6756134033203","0","0.247353479266167","-0.0925726741552353","0","9","80","3","393","202","202","-1","0","81","0","1","0","20.2209358215332","0.0166666675359011","0","13","392","20460.0007765833","1023","20.0000007591235","15.904848088524","-4.31608773300925","10"
"default_longboard","15","0","1","0","0","0","0","4.06305360794067","0","18.1687755584717","62.9023017883301","0","0","528.674438476563","0","0","0","210.440628051758","124.726318359375","0","124.726318359375","119.272789001465","528.116882324219","0","0.00582955963909626","0.0262474846094847","0","0","80.5957717895508","0","0.413297861814499","-0.0472268685698509","0","9","85","4","392","203","203","-1","0","86","0","2","0","17.1580600738525","0.0333333350718021","0","15","391","20459.9997916747","1023","19.9999997963585","12.8323910398391","-4.32566903401345","10"
"default_longboard","15","0","2","0","0","0","0","3.96523213386536","0","39.3379173278809","39.614143371582","0","0","519.526306152344","0","0","0","254.201538085938","230.243850708008","0","230.243850708008","176.474029541016","524.745849609375","0","0.00862531829625368","0.0585283413529396","0","0","78.5174713134766","0","1.18206012248993","-0.0569438524544239","0","9","90","5","391","204","204","-1","0","91","0","3","0","12.6807432174683","0.0500000007450581","0","21","388","20460.0019940905","1023","20.0000019492576","8.47454154799969","-4.20620166946857","10"
"default_longboard","15","0","3","0","0","0","0","4.27946615219116","0","102.670837402344","21.0625648498535","0","0","482.476135253906","0","0","0","340.641448974609","491.916381835938","0","491.916381835938","282.812561035156","519.089965820313","0","0.0138227054849267","0.167567104101181","0","0","123.364311218262","0","4.53328847885132","-0.0322887003421783","0","9","105","8","387","207","207","-1","0","106","0","6","0","9.21012401580811","0.100000001490116","0","40","372","20460.0004929249","1023","20.0000004818425","4.73173793793561","-4.4783860778725","10"
"default_longboard","15","0","4","0","0","0","0","4.31861972808838","0","178.789672851563","13.0324726104736","0","0","428.03564453125","0","0","0","405.459747314453","729.770812988281","0","729.770812988281","358.788665771484","515.406005859375","0","0.0175361037254333","0.295892715454102","0","0","191.509963989258","0","9.76099967956543","-0.0233250688761473","0","9","118","11","379","210","210","-1","0","119","0","9","0","7.66834211349487","0.150000005960464","0","56","354","20459.999061885","1023","19.9999990829765","3.39762984755486","-4.27071226594001","10"
"default_longboard","15","0","5","0","0","0","0","4.23008966445923","0","261.323852539063","7.82480049133301","86.34716796875","0","349.379913330078","0","0","0","472.914916992188","946.852111816406","0","946.852111816406","397.427734375","509.681121826172","0","0.0194246210157871","0.447780460119247","0","0","355.223266601563","0","17.3033103942871","-0.00922749936580658","0","9","131","14","373","213","213","-1","0","132","1","12","0","6.60866498947144","0.200000002980232","0","74","336","20459.9994024077","1023","19.9999994158433","2.48625875364836","-4.12240623582308","10"
"default_longboard","15","0","6","0","0","0","0","4.15402173995972","0","283.150360107422","6.69418668746948","99.3107681274414","0","324.06396484375","0","0","0","469.935241699219","1057.6171875","0","1057.6171875","399.867950439453","509.33544921875","0","0.0195438899099827","0.497011572122574","0","0","388.901214599609","0","19.8083839416504","-0.00852329656481743","0","9","134","14","369","213","213","-1","0","135","1","12","0","6.33950519561768","0.216666668653488","0","80","331","20459.998100747","1023","19.9999981434477","2.25361182140487","-4.0858933742128","10"
"default_longboard","15","0","7","0","0","0","0","4.09637451171875","0","320.501495361328","5.23215770721436","98.3585052490234","0","286.988098144531","0","0","0","491.297058105469","1139.85168457031","0","1139.85168457031","402.921112060547","508.698455810547","0","0.0196931157261133","0.560005784034729","0","0","423.856903076172","0","23.470983505249","-0.00872370321303606","0","9","138","15","367","214","214","-1","0","139","1","13","0","5.93067359924316","0.233333334326744","0","87","324","20459.9981874005","1023","19.999998228153","2.01527402915483","-3.91539957008833","10"
"default_longboard","15","1","0","0","0","0","0","4.729407787323","0","3.33269810676575","209.951904296875","0","0","555.206420898438","0","0","0","143.911926269531","34.6551818847656","0","34.6551818847656","59.4410095214844","532.715026855469","0","0.00290522980503738","0.0049872943200171","0","0","212.697250366211","0","0.0550624094903469","0.277413308620453","0","9","104","1","398","207","207","-1","0","105","1","6","0","39.3061904907227","0.0166666675359011","0.0210758335888386","9","396","20460.0026539792","1023","20.0000025943101","35.6284245274561","-3.67776596326657","10"
"default_longboard","15","1","1","0","0","0","0","4.8126654624939","0","12.5130233764648","80.9119720458984","0","0","544.376708984375","0","0","0","202.985870361328","86.2958602905273","0","86.2958602905273","101.691146850586","529.565673828125","0","0.0049702413380146","0.0175168402493","0","0","92.9298400878906","0","0.26044949889183","0.227555111050606","0","9","108","2","397","208","208","-1","0","109","0","7","0","20.947940826416","0.0333333350718021","0.0210758335888386","12","389","20460.0018258283","1023","20.0000017847784","16.4835916221819","-4.46434920423408","10"
"default_longboard","15","1","2","0","0","0","0","4.84923028945923","0","26.3952732086182","51.0966339111328","0","0","528.491821289063","0","0","0","208.651519775391","181.635498046875","0","181.635498046875","143.741165161133","526.575500488281","0","0.00702547188848257","0.0378985218703747","0","0","77.0267028808594","0","0.671275556087494","0.119464255869389","0","9","113","3","396","209","209","-1","0","114","0","8","0","15.3553667068481","0.0500000007450581","0.0210758335888386","17","385","20460.0014693361","1023","20.0000014363012","10.683047634195","-4.67231907265313","10"
"default_longboard","15","1","3","0","0","0","0","5.02917671203613","0","89.6704483032227","23.9051208496094","0","0","492.818481445313","0","0","0","333.751007080078","405.170562744141","0","405.170562744141","261.398376464844","519.663146972656","0","0.0127760702744126","0.13522607088089","0","0","113.178955078125","0","3.59170937538147","0.0590140484273434","0","9","126","6","392","212","212","-1","0","127","0","11","0","9.91158580780029","0.100000001490116","0.0210758335888386","27","363","20459.9983289354","1023","19.9999983665058","5.4213530510566","-4.4902327567437","10"
"default_longboard","15","1","4","0","0","0","0","4.97446441650391","0","152.061050415039","15.6286239624023","0","0","448.397338867188","0","0","0","401.318756103516","601.626281738281","0","601.626281738281","330.558746337891","516.054748535156","0","0.0161563418805599","0.241443917155266","0","0","167.343109130859","0","7.81289386749268","0.0518784932792187","0","9","137","8","383","214","214","-1","0","138","0","13","0","8.23396968841553","0.150000005960464","0.0210758335888386","35","341","20459.9994715162","1023","19.999999483398","3.83684317725958","-4.39712651115595","10"
"default_longboard","15","1","5","0","0","0","0","4.73052263259888","0","227.304336547852","9.81589031219482","232.148254394531","0","374.432922363281","0","0","0","454.448883056641","820.650573730469","0","820.650573730469","373.141845703125","496.224487304688","0","0.0182376280426979","0.372943729162216","0","0","468.81201171875","0","14.1791152954102","0.0486485846340656","0","9","149","11","377","217","217","-1","0","150","0","16","0","7.05091762542725","0.200000002980232","0.0210758335888386","46","319","20459.9986812718","1023","19.9999987109206","2.80298591237482","-4.24793171305243","10"
"default_longboard","15","1","6","0","0","0","0","4.61548614501953","0","257.454315185547","8.42770671844482","305.379699707031","0","341.500793457031","0","0","0","471.735961914063","902.190490722656","0","902.190490722656","377.029418945313","488.729309082031","0","0.0184276346117258","0.425595700740814","0","0","570.742004394531","0","17.1002464294434","0.0579806976020336","0","9","161","15","371","221","221","-1","0","162","0","20","0","6.55618095397949","0.25","0.0210758335888386","49","308","20460.0008025665","1023","20.0000007845225","2.48159432394384","-4.07458663003565","10"
"default_longboard","15","1","7","0","0","0","0","4.32445287704468","0","322.022583007813","5.87534999847412","367.399871826172","0","273.083160400391","0","0","0","507.073822021484","1081.83972167969","0","1081.83972167969","374.140747070313","485.156311035156","0","0.0182864516973495","0.548572599887848","0","0","694.796691894531","0","23.7060298919678","0.0415687374770641","0","9","174","20","365","226","226","-1","0","175","0","25","0","5.73489904403687","0.300000011920929","0.0210758335888386","70","306","20459.9970110407","1023","19.9999970782412","1.91028614438025","-3.82461289965662","10"
"default_longboard","15","1","8","0","0","0","0","3.58059167861938","0","466.649780273438","59767.48828125","242.798126220703","0","112733.1875","0","0","0","575.491149902344","1406.02868652344","0","1406.02868652344","11346.9150390625","73890.7109375","0","0.554590165615082","0.809157013893127","0","0","60280.2890625","0","39.3597106933594","0.856896162033081","0","9","186","25","361","231","231","-1","0","187","0","30","0","45","0.349999994039536","0.0210758335888386","79","264","20460.0004518254","1023","20.0000004416671","43.266481074808","-1.73351892519201","10"
"default_longboard","15","1","9","0","0","0","0","2.99004888534546","0","556.758056640625","76164.8203125","314.313049316406","0","139207.953125","0","0","0","601.38330078125","1644.93713378906","0","1644.93713378906","14011.271484375","86815.40625","0","0.684812843799591","0.989237785339355","0","0","76990.03125","0","49.1853828430176","0.898434579372406","0","9","199","31","357","237","237","-1","0","200","1","36","0","45","0.400000005960464","0.0210758335888386","99","256","20460.0010225208","1023","20.0000009995316","43.8095265985536","-1.19047340144637","10"
"default_longboard","15","1","10","0","0","0","0","2.40642857551575","0","607.039306640625","89526.9296875","-118.35221862793","0","155469.53125","0","0","0","593.490112304688","1836.07775878906","0","1836.07775878906","15692.234375","83124.6875","0","0.766971349716187","1.08969402313232","0","0","90319.1875","0","54.1280670166016","1.00935757160187","0","8","212","37","353","243","243","-1","0","213","0","42","0","45","0.449999988079071","0.0210758335888386","94","253","20460.0007298927","1023","20.0000007134826","44.7359889351907","-0.264011064809274","10"
"default_longboard","15","1","11","0","0","0","0","2.12001991271973","0","628.586181640625","94955.4375","-257.118225097656","0","162756.234375","0","0","0","593.142272949219","1917.67785644531","0","1917.67785644531","16430.689453125","80915.484375","0","0.803064048290253","1.13745582103729","0","0","95810.3046875","0","56.2556648254395","1.05334150791168","0","8","217","40","352","246","246","-1","0","218","0","45","0","45","0.466666668653488","0.0210758335888386","90","250","20459.9987860326","1023","19.9999988133261","44.9118296826574","-0.0881703173425592","10"
"default_longboard","15","2","0","0","0","0","0","5.14795541763306","0","19.6449108123779","63.974853515625","0","0","552.282043457031","0","0","0","135.748062133789","202.760864257813","0","202.760864257813","127.143577575684","528.006469726563","0","0.00621425174176693","0.0275243930518627","0","0","83.1280212402344","0","0.464517772197723","0.300609946250916","0","9","136","1","399","214","214","-1","0","137","0","13","0","17.9201545715332","0.0666666701436043","0.0421516671776772","13","377","20459.9978982397","1023","19.9999979454933","13.0483089592105","-4.87184561232275","10"
"default_longboard","15","2","1","0","0","0","0","5.07690477371216","0","29.4446868896484","49.6612014770508","0","0","539.50048828125","0","0","0","166.353805541992","249.840545654297","0","249.840545654297","153.152465820313","526.163696289063","0","0.00748545676469803","0.0415619239211082","0","0","78.6330032348633","0","0.786800146102905","0.245227083563805","0","9","139","1","396","214","214","-1","0","140","0","13","0","15.2495412826538","0.0833333358168602","0.0421516671776772","16","371","20460.0027272338","1023","20.0000026659177","10.3758003658611","-4.8737409167927","10"
"default_longboard","15","2","2","0","0","0","0","5.1495246887207","0","34.9962882995605","44.8194847106934","0","0","535.646301269531","0","0","0","172.491577148438","282.475891113281","0","282.475891113281","166.282897949219","525.288024902344","0","0.00812721811234951","0.0487247109413147","0","0","79.3489990234375","0","0.995855987071991","0.235798060894012","0","9","143","2","395","215","215","-1","0","144","0","14","0","14.3134126663208","0.100000001490116","0.0421516671776772","17","367","20460.0018912434","1023","20.0000018487228","9.60173997837169","-4.71167268794911","10"
"default_longboard","15","2","3","0","0","0","0","5.02761936187744","0","95.5407791137695","23.5786895751953","0","0","490.843536376953","0","0","0","287.791412353516","492.218536376953","0","492.218536376953","266.366180419922","519.134521484375","0","0.0130188744515181","0.141656264662743","0","0","118.714874267578","0","4.1057014465332","0.13254813849926","0","9","156","6","388","219","219","-1","0","157","0","18","0","9.84380722045898","0.150000005960464","0.0421516671776772","27","344","20460.0007022007","1023","20.0000006864132","5.27319163318943","-4.57061558726955","10"
"default_longboard","15","2","4","0","0","0","0","4.84679174423218","0","156.732482910156","15.4511184692383","353.498138427734","0","426.735595703125","0","0","0","358.855926513672","666.309692382813","0","666.309692382813","319.31396484375","480.205322265625","0","0.0156067432835698","0.239109203219414","0","0","524.865905761719","0","8.39511394500732","0.112741701304913","0","9","169","11","384","224","224","-1","0","170","0","23","0","8.28778076171875","0.200000002980232","0.0421516671776772","35","323","20459.9998245574","1023","19.9999998285018","3.74237680918443","-4.54540395253432","10"
"default_longboard","15","2","5","0","0","0","0","4.774338722229","0","144.8916015625","17.547830581665","458.594787597656","0","425.83349609375","0","0","0","297.253967285156","739.544921875","0","739.544921875","300.707763671875","464.770599365234","0","0.0146973496302962","0.2198326587677","0","0","619.909973144531","0","7.99883222579956","0.161590486764908","0","9","181","16","379","229","229","-1","0","182","0","28","0","8.40327262878418","0.25","0.0421516671776772","34","311","20459.9993356635","1023","19.9999993505997","3.83348271751977","-4.56978991126441","10"
"default_longboard","15","2","6","0","0","0","0","4.04443740844727","0","289.874572753906","7.6873893737793","345.162200927734","0","307.185943603516","0","0","0","428.985168457031","1118.56457519531","0","1118.56457519531","369.373504638672","483.127746582031","0","0.0180534459650517","0.479847639799118","0","0","642.1318359375","0","20.2427940368652","0.0623656325042248","0","9","194","22","374","235","235","-1","0","195","0","34","0","5.98314619064331","0.300000011920929","0.0421516671776772","63","309","20460.0000107301","1023","20.0000000104888","2.15616462108545","-3.82698156955786","10"
"default_longboard","15","2","7","0","0","0","0","3.59652233123779","0","358.599884033203","43922.60546875","557.764770507813","0","82882.9765625","0","0","0","456.335815429688","1305.92199707031","0","1305.92199707031","8348.265625","45825.82421875","0","0.40802863240242","0.595938980579376","0","0","44582.78125","0","27.8278751373291","0.98391193151474","0","9","207","28","371","241","241","-1","0","208","0","40","0","45","0.349999994039536","0.0421516671776772","56","270","20459.9995246571","1023","19.9999995353442","43.2105954794907","-1.78940452050934","10"
"default_longboard","15","2","8","0","0","0","0","3.08990788459778","0","415.297973632813","54822.6875","329.351135253906","0","99266.3046875","0","0","0","474.053955078125","1488.13562011719","0","1488.13562011719","10002.3349609375","50664.4296875","0","0.488872647285461","0.705456554889679","0","0","55348.734375","0","33.7954864501953","1.03599393367767","0","9","219","34","367","247","247","-1","0","220","0","46","0","45","0.400000005960464","0.0421516671776772","62","265","20460.0012221526","1023","20.000001194675","43.867069668407","-1.132930331593","10"
"default_longboard","15","2","9","0","0","0","0","2.53089237213135","0","437.461364746094","61665.93359375","56.3665390014648","0","106953.171875","0","0","0","457.835845947266","1633.58776855469","0","1633.58776855469","10800.8134765625","48530.2578125","0","0.527899026870728","0.747915029525757","0","0","62169.875","0","36.2286567687988","1.10201442241669","0","9","232","41","364","254","254","-1","0","233","0","53","0","45","0.449999988079071","0.0421516671776772","65","266","20459.9988383904","1023","19.9999988645067","44.8964380967508","-0.103561903249201","10"
"default_longboard","15","2","10","0","0","0","0","2.2413330078125","0","437.260131835938","63276.80078125","142.037475585938","0","107668.6171875","0","0","0","436.435821533203","1713.17553710938","0","1713.17553710938","10890.849609375","47488.59765625","0","0.53229957818985","0.74769115447998","0","0","63719.1171875","0","36.5816688537598","1.11597883701324","0","8","237","44","363","257","257","-1","0","238","0","56","0","45","0.466666668653488","0.0421516671776772","65","267","20460.0004501425","1023","20.000000440022","45.3917050266109","0.39170502661095","10"
"default_longboard","15","2","11","0","0","0","0","1.9686963558197","0","448.091796875","66509.078125","308.744995117188","0","111802.0234375","0","0","0","430.067687988281","1792.87060546875","0","1792.87060546875","11309.3466796875","45593.625","0","0.552754044532776","0.77105575799942","0","0","67088.5234375","0","37.5470504760742","1.15230596065521","0","8","240","46","362","259","259","-1","0","241","0","58","0","45","0.483333349227905","0.0421516671776772","65","266","20459.9980616097","1023","19.9999981051903","45.7974443898107","0.797444389810657","10"
"default_longboard","15","3","0","0","0","0","0","5.48698616027832","0","17.330696105957","76.1201934814453","0","0","577.8525390625","0","0","0","69.1923522949219","345.101013183594","0","345.101013183594","122.154281616211","528.788513183594","0","0.00597039517015219","0.0238783489912748","0","0","92.9456176757813","0","0.416555404663086","0.416772663593292","0","9","172","3","398","225","225","-1","0","173","0","24","0","18.7716217041016","0.133333340287209","0.063227504491806","18","371","20459.9994028699","1023","19.9999994162951","14.4795131999763","-4.29210850412524","10"
"default_longboard","15","3","1","0","0","0","0","5.44453907012939","0","14.0075359344482","91.0481262207031","0","0","596.843200683594","0","0","0","52.5028457641602","371.886444091797","0","371.886444091797","112.911148071289","529.683654785156","0","0.00551862921565771","0.0195250958204269","0","0","104.535484313965","0","0.337819576263428","0.479166209697723","0","9","176","5","396","227","227","-1","0","177","0","26","0","20.437593460083","0.150000005960464","0.063227504491806","18","371","20459.9989705654","1023","19.9999989937101","16.4180025756126","-4.01959088447041","10"
"default_longboard","15","3","2","0","0","0","0","5.16116905212402","0","74.0020065307617","29.4721851348877","87.0999984741211","0","502.695098876953","0","0","0","180.762771606445","587.335998535156","0","587.335998535156","232.534286499023","507.09375","0","0.0113653121516109","0.106168478727341","0","0","189.85009765625","0","3.04631304740906","0.214738830924034","0","9","188","10","392","232","232","-1","0","189","0","31","0","10.8110914230347","0.200000002980232","0.063227504491806","31","344","20459.9999891834","1023","19.9999999894265","6.14527573012804","-4.66581569290662","10"
"default_longboard","15","3","3","0","0","0","0","4.68442964553833","0","134.517074584961","18.6128158569336","451.926940917969","0","435.629272460938","0","0","0","243.974914550781","819.8251953125","0","819.8251953125","292.752105712891","466.378295898438","0","0.0143085094168782","0.200016766786575","0","0","603.939331054688","0","7.17983675003052","0.170549616217613","0","9","201","16","388","238","238","-1","0","202","0","37","0","8.70647621154785","0.25","0.063227504491806","42","323","20460.0002127099","1023","20.0000002079276","4.10224602363388","-4.60423018791397","10"
"default_longboard","15","3","4","0","0","0","0","3.84017181396484","0","281.383636474609","8.11210441589355","353.454193115234","0","313.689392089844","0","0","0","402.180358886719","1154.97155761719","0","1154.97155761719","365.923187255859","481.146240234375","0","0.0178848076611757","0.464506924152374","0","0","642.310974121094","0","19.5079650878906","0.0676207840442657","0","9","214","22","383","244","244","-1","0","215","0","43","0","6.04983425140381","0.300000011920929","0.063227504491806","69","317","20460.0012585097","1023","20.0000012302148","2.20659242204918","-3.84324182935463","10"
"default_longboard","15","3","5","0","0","0","0","4.49719381332397","0","23.0519638061523","92.4646835327148","0","0","583.844970703125","0","0","0","41.7405967712402","754.554016113281","0","754.554016113281","134.840789794922","528.119445800781","0","0.00659045949578285","0.0314955338835716","0","0","114.991058349609","0","0.829192221164703","0.457071214914322","0","9","227","29","381","251","251","-1","0","228","0","50","0","14.4531126022339","0.349999994039536","0.063227504491806","29","346","20459.9982567535","1023","19.9999982959467","12.0784389565846","-2.37467364564929","10"
"default_longboard","15","3","6","0","0","0","0","3.1605122089386","0","257.979064941406","31024.017578125","690.796630859375","0","57770.1640625","0","0","0","306.201538085938","1344.20593261719","0","1344.20593261719","5824.40087890625","27005.033203125","0","0.284672558307648","0.411597937345505","0","0","31707.626953125","0","18.8776206970215","1.0820529460907","0","9","239","36","378","258","258","-1","0","240","0","57","0","45","0.400000005960464","0.063227504491806","59","281","20460.0011800638","1023","20.0000011535325","43.7591002456621","-1.24089975433786","10"
"default_longboard","15","3","7","0","0","0","0","2.54549431800842","0","268.81298828125","34484.73828125","508.323547363281","0","61694.02734375","0","0","0","293.205810546875","1481.00146484375","0","1481.00146484375","6221.47607421875","26673.994140625","0","0.304080009460449","0.434238225221634","0","0","35034.5546875","0","20.28928565979","1.12308323383331","0","9","248","44","376","266","266","-1","0","249","0","65","0","45","0.449999988079071","0.063227504491806","63","284","20459.9969766443","1023","19.999997044618","44.4479309701917","-0.552069029808322","10"
"default_longboard","15","3","8","0","0","0","0","1.71977114677429","0","279.094360351563","39066.80078125","531.674682617188","0","66251.421875","0","0","0","275.462493896484","1663.75231933594","0","1663.75231933594","6695.765625","25369.42578125","0","0.327261239290237","0.458301395177841","0","0","39632.3125","0","21.7920360565186","1.17775440216064","0","9","258","52","373","274","274","-1","0","259","0","73","0","45","0.5","0.063227504491806","67","287","20460.0020446104","1023","20.0000019986417","45.5673885130688","0.567388513068835","10"
"default_longboard","15","3","9","0","0","0","0","1.78560638427734","0","154.152984619141","20435.681640625","694.398986816406","0","34796.90625","0","0","0","153.19465637207","1576.861328125","0","1576.861328125","3517.9326171875","12097.0107421875","0","0.171941965818405","0.241566732525826","0","0","21053.30078125","0","11.0387372970581","1.21289694309235","0","9","269","60","372","282","282","-1","0","270","0","81","0","45","0.550000011920929","0.063227504491806","60","299","20459.999979894","1023","19.999999980346","45.3797908513445","0.379790851344467","10"
"default_longboard","15","3","10","0","0","0","0","1.40346503257751","0","168.27294921875","22906.259765625","947.420288085938","0","38639.99609375","0","0","0","160.37126159668","1653.93713378906","0","1653.93713378906","3906.36352539063","13035.255859375","0","0.190926864743233","0.265243977308273","0","0","23705.658203125","0","12.2846040725708","1.22280490398407","0","9","273","63","371","285","285","-1","0","274","0","84","0","45","0.566666662693024","0.063227504491806","63","300","20459.9993334834","1023","19.9999993484687","46.0392913391875","1.03929133918745","10"
"default_longboard","15","3","11","0","0","0","0","1.80988502502441","0","116.468078613281","26.1540832519531","759.709838867188","0","415.996459960938","0","0","0","113.957763671875","1518.67114257813","0","1518.67114257813","233.118515014648","411.955261230469","0","0.0113938665017486","0.173064365983009","0","0","899.590209960938","0","7.20170879364014","0.26127615571022","0","9","277","66","371","288","288","-1","0","278","0","87","0","7.03284025192261","0.583333313465118","0.063227504491806","74","326","20460.0005607291","1023","20.0000005481223","3.77485551236915","-3.25798473955346","10"
"default_longboard","15","4","0","0","0","0","0","3.92188262939453","0","5.43119478225708","367.617553710938","0","0","827.393249511719","0","0","0","13.2586288452148","598.018249511719","0","598.018249511719","94.9866561889648","532.572143554688","0","0.00464255409315228","0.00792890135198832","0","0","372.136322021484","0","0.131504982709885","0.870611548423767","0","9","213","1","400","244","244","-1","0","214","0","43","0","35.2841377258301","0.216666668653488","0.0843033343553543","22","378","20459.9998800378","1023","19.9999998827349","35.8399425933712","0.555804867541077","10"
"default_longboard","15","4","1","0","0","0","0","4.11897993087769","0","7.67863750457764","212.536544799805","0","0","711.939147949219","0","0","0","17.0477104187012","635.603210449219","0","635.603210449219","96.2135772705078","531.747924804688","0","0.0047025210224092","0.0108355795964599","0","0","219.52912902832","0","0.196071326732635","0.726700782775879","0","9","217","3","399","246","246","-1","0","218","0","45","0","26.654483795166","0.233333334326744","0.0843033343553543","25","375","20459.9993943707","1023","19.999999407987","25.7209723145585","-0.933511480607514","10"
"default_longboard","15","4","2","0","0","0","0","3.30412673950195","0","6.20475578308105","338.608947753906","0","0","793.023193359375","0","0","0","13.6209201812744","653.538879394531","0","653.538879394531","97.3170166015625","532.251831054688","0","0.00475645251572132","0.00890180096030235","0","0","343.935913085938","0","0.156098023056984","0.834188878536224","0","9","221","5","398","248","248","-1","0","222","0","47","0","31.5826473236084","0.25","0.0843033343553543","24","376","20459.9996068297","1023","19.9999996156693","32.2981289688585","0.715481645250101","10"
"default_longboard","15","4","3","0","0","0","0","4.43479156494141","0","40.3364334106445","55.0091285705566","0","0","546.475036621094","0","0","0","63.941722869873","858.749877929688","0","858.749877929688","172.549682617188","525.202392578125","0","0.0084335133433342","0.0549099445343018","0","0","94.8643569946289","0","1.52635300159454","0.338538557291031","0","9","233","12","394","255","255","-1","0","234","0","54","0","12.4360055923462","0.300000011920929","0.0843033343553543","42","354","20459.9999540606","1023","19.9999999550935","8.8349187612789","-3.60108683106729","10"
"default_longboard","15","4","4","0","0","0","0","1.68713533878326","0","7.84852933883667","279.560913085938","0","0","721.743774414063","0","0","0","12.1198415756226","874.241760253906","0","874.241760253906","100.161079406738","531.68896484375","0","0.00489545799791813","0.0105956718325615","0","0","286.652313232422","0","0.22669929265976","0.742543399333954","0","9","245","20","393","263","263","-1","0","246","0","62","0","22.5723571777344","0.349999994039536","0.0843033343553543","26","364","20460.0017913203","1023","20.0000017510463","27.5178106086727","4.94545343093828","10"
"default_longboard","15","4","5","0","0","0","0","0.470232278108597","0","7.85791730880737","273.681030273438","0","0","712.52978515625","0","0","0","10.9483327865601","971.295776367188","0","971.295776367188","99.1637420654297","531.673400878906","0","0.00484671304002404","0.0106340693309903","0","0","280.798187255859","0","0.23419514298439","0.728526413440704","0","9","253","27","390","270","270","-1","0","254","0","69","0","20.7225189208984","0.400000005960464","0.0843033343553543","27","362","20459.9986107157","1023","19.9999986419509","27.1146289642042","6.3921100433058","10"
"default_longboard","15","4","6","0","0","0","0","-1.06975913047791","0","15.3419427871704","120.828216552734","0","0","633.576232910156","0","0","0","18.5971584320068","1082.91796875","0","1082.91796875","118.192596435547","529.749938964844","0","0.00577676482498646","0.0201391950249672","0","0","135.594512939453","0","0.555687189102173","0.587136924266815","0","9","264","35","388","278","278","-1","0","265","0","77","0","15.1303339004517","0.449999988079071","0.0843033343553543","35","354","20459.9979428493","1023","19.9999979891","16.668977179431","1.53864327897936","10"
"default_longboard","15","4","7","0","0","0","0","2.1413266658783","0","94.6923904418945","26.7190723419189","746.6630859375","0","434.138061523438","0","0","0","97.0024337768555","1420.75390625","0","1420.75390625","231.577301025391","401.734558105469","0","0.0113185374066234","0.137816593050957","0","0","864.944274902344","0","5.40739488601685","0.299794882535934","0","9","275","44","386","287","287","-1","0","276","0","86","0","8.66000175476074","0.5","0.0843033343553543","73","337","20460.0022693636","1023","20.0000022183417","4.71086739749054","-3.9491343572702","10"
"default_longboard","15","4","8","0","0","0","0","1.57997357845306","0","39.1515159606934","55.0730590820313","120.66764831543","0","566.692504882813","0","0","0","37.0918579101563","1454.767578125","0","1454.767578125","172.849426269531","504.365966796875","0","0.0084481630474329","0.053960032761097","0","0","213.775527954102","0","1.92610681056976","0.486178487539291","0","9","287","53","386","296","296","-1","0","288","0","95","0","10.2531242370605","0.550000011920929","0.0843033343553543","53","342","20460.0012214554","1023","20.0000011939935","9.00747628726641","-1.24564794979414","10"
"default_longboard","15","4","9","0","0","0","0","0.709651172161102","0","55.8546752929688","44.9016189575195","586.985229492188","0","501.419738769531","0","0","0","49.190486907959","1609.68225097656","0","1609.68225097656","184.906829833984","427.612335205078","0","0.00903747975826263","0.0791810527443886","0","0","684.667114257813","0","3.00440192222595","0.448501169681549","0","9","298","62","384","305","305","-1","0","299","0","104","0","9.7220983505249","0.600000023841858","0.0843033343553543","71","347","20459.9993338774","1023","19.9999993488538","6.55384509644153","-3.16825325408337","10"
"default_longboard","15","4","10","0","0","0","0","0.431895613670349","0","51.2046966552734","48.0169143676758","583.657897949219","0","512.840148925781","0","0","0","43.7745361328125","1647.88305664063","0","1647.88305664063","179.283309936523","426.850891113281","0","0.00876262597739697","0.0721353217959404","0","0","679.589721679688","0","2.72032356262207","0.482478618621826","0","9","303","65","384","308","308","-1","0","304","0","107","0","9.89907646179199","0.616666674613953","0.0843033343553543","69","348","20459.9979959183","1023","19.9999980409758","6.9772273944471","-2.92184906734489","10"
"default_longboard","2","0","0","0","0","0","0","3.6480655670166","0","7.08645391464233","110.282104492188","0","0","533.219665527344","0","0","0","166.431549072266","59.1803550720215","0","59.1803550720215","77.4821243286133","531.102416992188","0","0.00378700508736074","0.00984947849065065","0","0","116.863723754883","0","0.123831279575825","-0.0525827817618847","0","9","191","2","392","201","201","-1","0","192","0","0","0","25.7448844909668","0.0166666675359011","0","9","392","20460.0000636948","1023","20.0000000622628","22.6119515836564","-3.13293290731037","10"
"default_longboard","2","0","1","0","0","0","0","3.80096530914307","0","23.2655429840088","54.0576782226563","0","0","527.589050292969","0","0","0","222.415512084961","147.932693481445","0","147.932693481445","135.449630737305","527.135070800781","0","0.00662021618336439","0.0329025238752365","0","0","76.8595428466797","0","0.575207889080048","-0.0783921554684639","0","9","191","2","390","201","201","-1","0","192","0","0","0","15.6162128448486","0.0333333350718021","0","16","390","20460.0011518762","1023","20.0000011259787","11.6075458553561","-4.00866698949252","10"
"default_longboard","2","0","2","0","0","0","0","3.89600610733032","0","39.0808296203613","39.3263702392578","0","0","518.816162109375","0","0","0","262.274963378906","222.794586181641","0","222.794586181641","176.157745361328","524.728271484375","0","0.00860985927283764","0.0584334433078766","0","0","77.9722213745117","0","1.18444299697876","-0.0252005029469728","0","9","192","2","388","201","201","-1","0","193","0","0","0","12.8396949768066","0.0500000007450581","0","19","386","20460.0028617274","1023","20.0000027973875","8.47308053634553","-4.36661444046111","10"
"default_longboard","2","0","3","0","0","0","0","4.38757514953613","0","98.817985534668","21.346851348877","0","0","485.493743896484","0","0","0","352.699340820313","445.965270996094","0","445.965270996094","279.260589599609","519.165710449219","0","0.0136491004377604","0.157291650772095","0","0","119.78987121582","0","4.21211767196655","-0.00573947420343757","0","9","193","3","382","202","202","-1","0","194","0","1","0","9.49178028106689","0.100000001490116","0","35","370","20459.9996075223","1023","19.9999996163463","4.97814482435742","-4.51363545670947","10"
"default_longboard","2","0","4","0","0","0","0","4.22048711776733","0","170.053024291992","13.3068656921387","0","0","432.218994140625","0","0","0","383.049835205078","742.989868164063","0","742.989868164063","354.007415771484","515.671813964844","0","0.0173024162650108","0.284602165222168","0","0","183.044097900391","0","9.3463077545166","-0.00488302251324058","0","9","193","3","371","202","202","-1","0","194","0","1","0","7.95093679428101","0.150000005960464","0","52","353","20459.9987856819","1023","19.9999988129833","3.48545202332555","-4.46548477095546","10"
"default_longboard","2","0","5","0","0","0","0","4.140540599823","0","248.197463989258","8.14287090301514","0","0","358.387603759766","0","0","0","445.106658935547","969.283752441406","0","969.283752441406","397.316833496094","514.08544921875","0","0.0194192007184029","0.431434661149979","0","0","256.089324951172","0","16.6236915588379","-0.000624707259703428","0","9","195","4","363","203","203","-1","0","196","0","2","0","6.86573266983032","0.200000002980232","0","69","335","20459.9993201353","1023","19.9999993354206","2.57979806177523","-4.28593460805509","10"
"default_longboard","2","0","6","0","0","0","0","3.83767890930176","0","326.922058105469","4.53058242797852","0","0","268.091186523438","0","0","0","464.709991455078","1266.95458984375","0","1266.95458984375","400.244995117188","514.597534179688","0","0.019562317058444","0.58876645565033","0","0","331.270324707031","0","25.6467952728271","-0.00109393266029656","0","9","195","4","353","203","203","-1","0","196","0","2","0","5.92959690093994","0.25","0","86","317","20459.9993917603","1023","19.9999994054353","1.90405639137941","-4.02554050956053","10"
"default_longboard","2","0","7","0","0","0","0","3.46514797210693","0","417.760711669922","-2.06556081771851","0","0","172.261596679688","0","0","0","499.054626464844","1564.50134277344","0","1564.50134277344","-364.391387939453","555.434387207031","0","-0.0178099405020475","0.780771613121033","0","0","415.582427978516","0","37.2303161621094","-0.000630675058346242","0","9","196","5","343","204","204","-1","0","197","0","3","0","2.24043726921082","0.300000011920929","0","108","298","20460.0002957652","1023","20.0000002891155","-1.3070696921106","-3.54750696132141","10"
"default_longboard","2","0","8","0","0","0","0","3.08368134498596","0","489.467346191406","-0.523201763629913","0","0","74.6623229980469","0","0","0","520.755920410156","1789.89025878906","0","1789.89025878906","-242.409271240234","548.665649414063","0","-0.0118479616940022","0.932096004486084","0","0","488.896301269531","0","46.618465423584","-0.005521344486624","0","9","197","5","334","204","204","-1","0","198","0","3","0","2.33591198921204","0.349999994039536","0","122","280","20459.9978883246","1023","19.9999979358011","-0.728311804222789","-3.06422379343482","10"
"default_longboard","2","0","9","0","0","0","0","2.4777352809906","0","577.830749511719","83058.0546875","-409.417114257813","0","155824.015625","0","0","0","535.57275390625","2087.11474609375","0","2087.11474609375","15633.416015625","154061.9375","0","0.764096558094025","1.11780190467834","0","0","83817.078125","0","56.9570388793945","-0.167716681957245","0","9","198","6","325","205","205","-1","0","199","0","4","0","45","0.400000005960464","0","141","259","20460.0005719451","1023","20.0000005590861","43.1233045365095","-1.87669546349047","10"
"default_longboard","2","0","10","0","0","0","0","1.70148289203644","0","653.125854492188","100907.5390625","-55.5927886962891","0","182731.6875","0","0","0","542.457641601563","2387.50268554688","0","2387.50268554688","18300.896484375","174026.328125","0","0.894472002983093","1.29511904716492","0","0","101528.3125","0","64.6978454589844","-0.312454640865326","0","8","199","6","315","205","205","-1","0","200","1","4","0","45","0.449999988079071","0","161","238","20459.9992211505","1023","19.9999992386613","43.6814624993429","-1.31853750065706","10"
"default_longboard","2","0","11","0","0","0","0","0.534875154495239","0","723.035278320313","121434.7109375","-430.907073974609","0","210187.28125","0","0","0","531.8076171875","2759.36181640625","0","2759.36181640625","21027.921875","159687.609375","0","1.02775764465332","1.46744954586029","0","0","122354.734375","0","68.8153991699219","-0.710679829120636","0","7","200","7","305","206","206","-1","0","201","2","5","0","45","0.5","0","180","218","20460.0004528237","1023","20.000000442643","44.4566937144466","-0.543306285553385","10"
"default_longboard","2","1","0","0","0","0","0","4.05912828445435","0","4.09376096725464","219.363357543945","0","0","618.4873046875","0","0","0","95.7397079467773","61.8822174072266","0","61.8822174072266","67.6159744262695","532.488647460938","0","0.00330478814430535","0.005924585275352","0","0","222.792404174805","0","0.0693491622805595","0.52972149848938","0","9","202","0","397","206","206","-1","0","203","1","5","0","37.3884391784668","0.0166666675359011","0.0210758335888386","7","394","20460.0027214398","1023","20.000002660254","33.9044230376213","-3.4840161408455","10"
"default_longboard","2","1","1","0","0","0","0","4.20892238616943","0","13.082631111145","85.0792007446289","0","0","570.899291992188","0","0","0","214.704147338867","86.7162017822266","0","86.7162017822266","106.152793884277","529.54248046875","0","0.00518830865621567","0.0186183284968138","0","0","97.6379241943359","0","0.275497704744339","0.379970192909241","0","9","203","1","396","207","207","-1","0","204","1","6","0","20.6967754364014","0.0333333350718021","0.0210758335888386","11","387","20459.9997644906","1023","19.9999997697856","16.1806471930207","-4.51612824338065","10"
"default_longboard","2","1","2","0","0","0","0","4.30209493637085","0","28.9174499511719","48.3917770385742","0","0","531.825927734375","0","0","0","259.898620605469","161.366500854492","0","161.366500854492","152.291427612305","526.257690429688","0","0.00744337402284145","0.0419389344751835","0","0","76.8508377075195","0","0.772556960582733","0.176647931337357","0","9","203","1","394","207","207","-1","0","204","0","6","0","14.5678682327271","0.0500000007450581","0.0210758335888386","16","383","20459.9993423639","1023","19.9999993571495","10.2230841615182","-4.34478407120881","10"
"default_longboard","2","1","3","0","0","0","0","4.44481372833252","0","85.3945693969727","23.950345993042","0","0","496.018249511719","0","0","0","287.612915039063","460.735748291016","0","460.735748291016","260.323883056641","520.129943847656","0","0.0127235520631075","0.132513552904129","0","0","108.953971862793","0","3.48057532310486","0.10456021130085","0","9","204","1","387","207","207","-1","0","205","0","6","0","9.98177337646484","0.100000001490116","0.0210758335888386","23","361","20460.0006166094","1023","20.0000006027462","5.50985651457068","-4.47191686189417","10"
"default_longboard","2","1","4","0","0","0","0","4.39581346511841","0","152.198883056641","14.8438911437988","0","0","446.540222167969","0","0","0","367.161834716797","685.021179199219","0","685.021179199219","338.615783691406","516.350952148438","0","0.0165501348674297","0.251513630151749","0","0","166.711135864258","0","8.0803861618042","0.075801856815815","0","9","204","1","376","207","207","-1","0","205","0","6","0","8.2354907989502","0.150000005960464","0.0210758335888386","34","340","20460.0014684952","1023","20.0000014354792","3.7729108912569","-4.46257990769329","10"
"default_longboard","2","1","5","0","0","0","0","4.28731870651245","0","230.689102172852","9.12064838409424","0","0","373.968811035156","0","0","0","427.609649658203","920.137084960938","0","920.137084960938","388.734283447266","514.379577636719","0","0.01899971999228","0.393459498882294","0","0","239.543960571289","0","15.1845569610596","0.0728360712528229","0","9","205","2","368","208","208","-1","0","206","0","7","0","6.97415971755981","0.200000002980232","0.0210758335888386","45","316","20460.0006529158","1023","20.0000006382363","2.76782563973005","-4.20633407782976","10"
"default_longboard","2","1","6","0","0","0","0","4.08510494232178","0","285.254791259766","6.64086151123047","0","0","315.885131835938","0","0","0","436.627777099609","1143.70483398438","0","1143.70483398438","396.017700195313","514.501586914063","0","0.0193557031452656","0.499373316764832","0","0","291.675750732422","0","20.979434967041","0.0796777456998825","0","9","206","2","358","208","208","-1","0","207","0","7","0","6.19599533081055","0.25","0.0210758335888386","51","298","20460.000715199","1023","20.0000006991192","2.22134016988331","-3.97465516092723","10"
"default_longboard","2","1","7","0","0","0","0","4.00804615020752","0","311.535247802734","5.84731388092041","0","0","283.686462402344","0","0","0","449.516784667969","1227.99096679688","0","1227.99096679688","385.138519287109","515.363708496094","0","0.0188239756971598","0.552002549171448","0","0","317.186767578125","0","24.2461776733398","0.0903163403272629","0","9","207","3","348","209","209","-1","0","208","0","8","0","5.75711107254028","0.300000011920929","0.0210758335888386","52","287","20459.9987528257","1023","19.9999987808657","1.95423645357411","-3.80287461896618","10"
"default_longboard","2","1","8","0","0","0","0","3.24234652519226","0","456.863037109375","61253.43359375","0","0","117561.6875","0","0","0","491.249084472656","1745.54272460938","0","1745.54272460938","11824.3544921875","64395.4609375","0","0.577925503253937","0.85749626159668","0","0","61592.140625","0","42.0114059448242","0.993697643280029","0","9","208","3","339","210","209","-1","0","209","0","8","0","45","0.349999994039536","0.0210758335888386","76","251","20459.9977429824","1023","19.9999977937267","42.3741022971648","-2.62589770283521","10"
"default_longboard","2","1","9","0","0","0","0","2.61584043502808","0","526.032592773438","75873.6484375","0","0","140840.609375","0","0","0","490.736663818359","2044.03942871094","0","2044.03942871094","14140.7734375","62324.67578125","0","0.691142439842224","1.00308513641357","0","0","76258.9296875","0","49.6102981567383","1.11508357524872","0","8","210","4","330","213","210","-1","0","212","0","9","0","45","0.400000005960464","0.0210758335888386","79","230","20459.9987243268","1023","19.9999987530076","43.5523273041704","-1.44767269582957","10"
"default_longboard","2","1","10","0","0","0","0","1.40485513210297","0","582.361083984375","90567.1484375","73.8890533447266","0","161915.21875","0","0","0","459.327362060547","2485.86743164063","0","2485.86743164063","16235.4697265625","48383.984375","0","0.793522536754608","1.14182698726654","0","0","91039.296875","0","55.4135665893555","1.26993417739868","0","6","211","5","321","214","211","-1","0","213","0","10","0","45","0.449999988079071","0.0210758335888386","74","221","20459.9982666695","1023","19.9999983056398","44.0239246891256","-0.976075310874371","10"
"default_longboard","2","2","0","0","0","0","0","4.75317335128784","0","4.62988662719727","423.598419189453","0","0","888.771728515625","0","0","0","38.5309028625488","172.341186523438","0","172.341186523438","90.2207794189453","483.742248535156","0","0.0044096177443862","0.0066404608078301","0","0","427.141235351563","0","0.0764127150177956","0.994112074375153","0","9","213","0","398","218","213","-1","0","217","0","12","0","45","0.0666666701436043","0.0421516671776772","7","387","20460.0000836362","1023","20.0000000817558","41.6097076196905","-3.39029238030953","10"
"default_longboard","2","2","1","0","0","0","0","4.66091918945313","0","25.0437870025635","61.8281707763672","0","0","591.022583007813","0","0","0","133.780242919922","258.690612792969","0","258.690612792969","148.99723815918","527.340148925781","0","0.00728236744180322","0.0346076935529709","0","0","86.3533554077148","0","0.650860130786896","0.476032793521881","0","9","213","0","395","218","213","-1","0","217","0","12","0","16.2812976837158","0.0833333358168602","0.0421516671776772","12","370","20460.0000411797","1023","20.0000000402539","12.1473333864317","-4.13396429728413","10"
"default_longboard","2","2","2","0","0","0","0","4.66657590866089","0","43.1695175170898","40.1871643066406","0","0","544.723205566406","0","0","0","188.685974121094","330.690887451172","0","330.690887451172","189.928939819336","524.494995117188","0","0.00928293913602829","0.0623967312276363","0","0","82.9012145996094","0","1.37133407592773","0.322390079498291","0","9","213","0","393","218","213","-1","0","217","0","12","0","12.8779983520508","0.100000001490116","0.0421516671776772","18","364","20460.0005489853","1023","20.0000005366425","8.55581761296508","-4.3221807390857","10"
"default_longboard","2","2","3","0","0","0","0","4.68815994262695","0","92.2002487182617","23.3768138885498","0","0","501.484375","0","0","0","245.738189697266","576.451904296875","0","576.451904296875","273.253356933594","519.900329589844","0","0.0133554916828871","0.141656249761581","0","0","115.184448242188","0","4.16074800491333","0.246149659156799","0","9","214","1","383","220","214","-1","0","219","0","13","0","9.76096248626709","0.150000005960464","0.0421516671776772","22","339","20459.99978299","1023","19.999999787869","5.40993800839309","-4.351024477874","10"
"default_longboard","2","2","4","0","0","0","0","4.6083664894104","0","124.802627563477","18.4635772705078","0","0","475.176452636719","0","0","0","276.285522460938","717.696044921875","0","717.696044921875","313.321166992188","518.141296386719","0","0.0153138395398855","0.198289036750793","0","0","142.906448364258","0","6.70004367828369","0.253369331359863","0","9","214","1","374","221","214","-1","0","220","0","13","0","8.61966133117676","0.200000002980232","0.0421516671776772","22","317","20460.0006534044","1023","20.000000638714","4.42935727771292","-4.19030405346384","10"
"default_longboard","2","2","5","0","0","0","0","4.6083664894104","0","122.498001098633","19.6630535125732","0","0","483.705963134766","0","0","0","274.827453613281","717.696044921875","0","717.696044921875","312.409149169922","518.900024414063","0","0.0152692645788193","0.197242587804794","0","0","141.799255371094","0","7.15243339538574","0.341059297323227","0","9","214","1","364","221","214","-1","0","220","0","13","0","8.44831085205078","0.25","0.0421516671776772","18","300","20459.9997306537","1023","19.9999997367093","4.43991668559493","-4.00839416645585","10"
"default_longboard","2","2","6","0","0","0","0","3.92208981513977","0","298.316345214844","6.6098747253418","0","0","297.483947753906","0","0","0","380.963653564453","1373.58911132813","0","1373.58911132813","382.057556152344","515.533935546875","0","0.0186733901500702","0.523287534713745","0","0","304.720642089844","0","22.9458637237549","0.110646821558475","0","9","215","2","354","223","215","-1","0","222","0","14","0","5.78317308425903","0.300000011920929","0.0421516671776772","50","289","20459.9996616526","1023","19.9999996692597","2.04502035941782","-3.73815272484121","10"
"default_longboard","2","2","7","0","0","0","0","3.28652000427246","0","360.126403808594","48698.2578125","0","0","92140.6328125","0","0","0","379.02587890625","1729.97424316406","0","1729.97424316406","9266.033203125","29180.45703125","0","0.452885270118713","0.655705034732819","0","0","48964.0859375","0","31.1680603027344","1.25125873088837","0","8","216","3","346","224","216","-1","0","223","0","15","0","45","0.349999994039536","0.0421516671776772","37","245","20460.0012729408","1023","20.0000012443214","43.6843155542089","-1.31568444579115","10"
"default_longboard","2","2","8","0","0","0","0","2.47833061218262","0","401.032958984375","58240.53515625","0","0","106602","0","0","0","359.854553222656","2078.00756835938","0","2078.00756835938","10705.107421875","27385.068359375","0","0.523221254348755","0.747780442237854","0","0","58533.03515625","0","35.723030090332","1.31379544734955","0","7","217","4","337","226","217","-1","0","225","0","16","0","45","0.400000005960464","0.0421516671776772","36","235","20460.0010662783","1023","20.0000010423053","44.4028593608917","-0.597140639108311","10"
"default_longboard","2","2","9","0","0","0","0","1.91011488437653","0","423.112274169922","63108.55078125","0","0","114100.390625","0","0","0","348.221557617188","2283.50366210938","0","2283.50366210938","11452.6455078125","26416.896484375","0","0.559757828712463","0.795165300369263","0","0","63415.72265625","0","37.9483108520508","1.33998417854309","0","7","217","4","333","226","217","-1","0","225","0","16","0","45","0.416666686534882","0.0421516671776772","35","232","20460.0005937487","1023","20.0000005803995","44.7449087839157","-0.255091216084331","10"
"default_longboard","2","2","10","0","0","0","0","1.30939102172852","0","413.834930419922","62694.86328125","0","0","112557.78125","0","0","0","317.506988525391","2479.35278320313","0","2479.35278320313","11292.39453125","22455.541015625","0","0.551925420761108","0.787211835384369","0","0","62994.41015625","0","37.1230926513672","1.37281465530396","0","6","217","4","330","227","217","-1","0","226","0","16","0","45","0.433333367109299","0.0421516671776772","31","230","20460.0007654616","1023","20.0000007482518","44.5164674021873","-0.48353259781274","10"
"default_longboard","2","3","0","0","0","0","0","5.08248853683472","0","7.36009073257446","425.552062988281","0","0","1132.44458007813","0","0","0","25.7619571685791","389.624603271484","0","389.624603271484","121.509963989258","532.431030273438","0","0.00593890389427543","0.0100374920293689","0","0","431.627410888672","0","0.141949445009232","1.08079290390015","0","9","223","1","399","234","223","-1","0","233","0","22","0","39.1674880981445","0.116666674613953","0.063227504491806","14","380","20459.998368787","1023","19.9999984054614","36.2757535173271","-2.8917345808174","10"
"default_longboard","2","3","1","0","0","0","0","5.07324934005737","0","5.97699928283691","543.994201660156","0","0","1130.7490234375","0","0","0","20.9504985809326","389.275360107422","0","389.275360107422","114.740074157715","457.869018554688","0","0.00560801895335317","0.0081555126234889","0","0","548.558959960938","0","0.114478386938572","1.1534982919693","0","9","223","1","396","235","223","-1","0","234","0","22","0","45","0.133333340287209","0.063227504491806","12","379","20460.0011362496","1023","20.0000011107034","43.4432165840535","-1.55678341594655","10"
"default_longboard","2","3","2","0","0","0","0","4.97807025909424","0","20.8696308135986","92.3842697143555","0","0","714.410278320313","0","0","0","63.4492645263672","454.537139892578","0","454.537139892578","149.953033447266","528.800109863281","0","0.00732908304780722","0.0288400482386351","0","0","112.614669799805","0","0.552375733852386","0.741115033626556","0","9","223","1","392","235","223","-1","0","234","0","22","0","18.8186378479004","0.150000005960464","0.063227504491806","16","364","20459.9992207934","1023","19.9999992383122","14.7219613177719","-4.09667653012845","10"
"default_longboard","2","3","3","0","0","0","0","4.83981990814209","0","68.0185394287109","32.4779510498047","0","0","555.056884765625","0","0","0","141.683227539063","740.634399414063","0","740.634399414063","244.899536132813","522.521240234375","0","0.0119696743786335","0.104935467243195","0","0","100.054321289063","0","3.06497645378113","0.454628735780716","0","9","225","3","385","237","225","-1","0","236","0","24","0","10.9015731811523","0.200000002980232","0.063227504491806","23","334","20459.999861815","1023","19.9999998649218","6.54981390777829","-4.35175927337405","10"
"default_longboard","2","3","4","0","0","0","0","4.72579145431519","0","79.8236541748047","30.0428333282471","0","0","554.253723144531","0","0","0","141.128524780273","878.526245117188","0","878.526245117188","266.6884765625","521.904235839844","0","0.0130346277728677","0.12398511916399","0","0","109.435401916504","0","4.04635572433472","0.491984337568283","0","9","226","4","376","239","226","-1","0","238","0","25","0","10.10240650177","0.25","0.063227504491806","22","318","20459.9994115388","1023","19.9999994247691","6.03469031740671","-4.06771618436331","10"
"default_longboard","2","3","5","0","0","0","0","4.64759826660156","0","99.4112930297852","25.7447490692139","0","0","531.916320800781","0","0","0","166.151641845703","953.744384765625","0","953.744384765625","292.743377685547","520.902587890625","0","0.0143080847337842","0.158466205000877","0","0","124.755905151367","0","5.7394757270813","0.483166366815567","0","9","227","5","366","240","227","-1","0","239","0","26","0","8.97882461547852","0.300000011920929","0.063227504491806","23","304","20459.997486199","1023","19.9999975427165","5.18035321757978","-3.79847139789874","10"
"default_longboard","2","3","6","0","0","0","0","5.03788280487061","0","30.8798637390137","167.752655029297","0","0","1222.0517578125","0","0","0","99.3102188110352","460.436187744141","0","460.436187744141","246.536422729492","529.70361328125","0","0.0120496777817607","0.0457260198891163","0","0","197.606002807617","0","1.4077320098877","1.13225400447845","0","9","228","6","358","241","228","-1","0","240","0","27","0","18.250186920166","0.349999994039536","0.063227504491806","6","309","20460.0012709608","1023","20.0000012423859","15.278974119937","-2.97121280022904","10"
"default_longboard","2","3","7","0","0","0","0","4.9387993812561","0","43.2415771484375","119.322448730469","0","0","1115.35949707031","0","0","0","108.38468170166","612.678588867188","0","612.678588867188","281.636444091797","528.536193847656","0","0.0137652223929763","0.0664049759507179","0","0","161.687515258789","0","2.32634305953979","1.09679794311523","0","9","230","8","350","244","230","-1","0","243","0","29","0","14.6553134918213","0.400000005960464","0.063227504491806","8","296","20459.9995591428","1023","19.9999995690545","11.9637058092171","-2.69160768260419","10"
"default_longboard","2","3","8","0","0","0","0","4.80867958068848","0","61.2395515441895","63.5215759277344","0","0","820.978271484375","0","0","0","121.996711730957","798.528137207031","0","798.528137207031","286.529968261719","526.119567871094","0","0.0140043972060084","0.097417801618576","0","0","124.14330291748","0","3.60094928741455","0.923461973667145","0","9","230","8","346","244","230","-1","0","243","0","29","0","11.206337928772","0.416666686534882","0.063227504491806","14","291","20460.0001018813","1023","20.0000000995907","8.26525029302467","-2.9410876357473","10"
"default_longboard","2","3","9","0","0","0","0","1.29539608955383","0","280.674133300781","41462.83203125","0","0","74589.8046875","0","0","0","215.179382324219","2408.40454101563","0","2408.40454101563","7488.34814453125","11438.6015625","0","0.365999430418015","0.51823902130127","0","0","41666.27734375","0","23.9051494598389","1.41969525814056","0","6","231","9","344","245","231","-1","0","244","0","30","0","45","0.433333367109299","0.063227504491806","33","248","20459.9994485748","1023","19.9999994609724","44.9295463575521","-0.0704536424479159","10"
"default_longboard","2","4","0","0","0","0","0","4.40191555023193","0","9.74327278137207","933.38818359375","0","0","1839.38562011719","0","0","0","18.1325302124023","732.433349609375","0","732.433349609375","186.493606567383","487.198059082031","0","0.00911503378301859","0.0132808703929186","0","0","940.714172363281","0","0.258938521146774","1.30323719978333","0","9","243","0","399","261","243","-1","0","260","0","42","0","45","0.216666668653488","0.0843033343553543","23","369","20460.0016858766","1023","20.0000016479732","43.3401421444531","-1.65985785554693","10"
"default_longboard","2","4","1","0","0","0","0","4.33557844161987","0","8.54746341705322","830.964599609375","0","0","1619.08923339844","0","0","0","15.7534704208374","746.46044921875","0","746.46044921875","164.1416015625","412.627105712891","0","0.0080225607380271","0.0117593416944146","0","0","837.3701171875","0","0.22455370426178","1.3136248588562","0","9","244","1","397","262","244","-1","0","261","0","43","0","45","0.233333334326744","0.0843033343553543","22","369","20460.0011046929","1023","20.0000010798562","43.0180460867055","-1.98195391329453","10"
"default_longboard","2","4","2","0","0","0","0","4.21452617645264","0","7.69328117370605","762.234924316406","0","0","1465.22302246094","0","0","0","13.9077062606812","758.628112792969","0","758.628112792969","148.528854370117","360.404968261719","0","0.00725947460159659","0.0105507774278522","0","0","767.976745605469","0","0.201115489006042","1.32281219959259","0","9","245","2","395","264","245","-1","0","263","0","44","0","45","0.25","0.0843033343553543","21","369","20460.0005539589","1023","20.0000005415043","43.4760406858923","-1.52395931410773","10"
"default_longboard","2","4","3","0","0","0","0","4.40442037582397","0","39.6909790039063","76.9774322509766","0","0","804.038146972656","0","0","0","56.0064468383789","1050.62451171875","0","1050.62451171875","224.212585449219","527.224609375","0","0.0109585821628571","0.0588417425751686","0","0","116.009147644043","0","1.75867390632629","0.877014636993408","0","9","247","4","386","266","247","-1","0","265","0","46","0","14.3621702194214","0.300000011920929","0.0843033343553543","33","338","20459.9994887261","1023","19.9999995002211","10.7333320324828","-3.62883818693855","10"
"default_longboard","2","4","4","0","0","0","0","4.39913892745972","0","25.6126518249512","260.46826171875","0","0","1500.26354980469","0","0","0","38.7817764282227","971.026428222656","0","971.026428222656","249.907424926758","530.711975097656","0","0.0122144389897585","0.0376581288874149","0","0","284.767181396484","0","1.11274302005768","1.21517479419708","0","9","249","6","379","268","249","-1","0","267","0","48","0","21.7742481231689","0.349999994039536","0.0843033343553543","24","332","20460.000261682","1023","20.0000002557986","18.9262391206972","-2.84800900247172","10"
"default_longboard","2","4","5","0","0","0","0","4.06024837493896","0","48.3393325805664","96.4898300170898","0","0","1006.99096679688","0","0","0","61.0455856323242","1243.76550292969","0","1243.76550292969","282.832641601563","527.816345214844","0","0.0138236880302429","0.0759263932704926","0","0","144.051239013672","0","2.7003493309021","1.04548287391663","0","9","251","8","371","271","251","-1","0","270","0","50","0","13.3536148071289","0.400000005960464","0.0843033343553543","31","315","20459.9988789383","1023","19.999998904143","10.4901778757961","-2.86343693133281","10"
"default_longboard","2","4","6","0","0","0","0","4.02230930328369","0","37.6065368652344","254.716094970703","0","0","1741.74462890625","0","0","0","47.5251693725586","1227.99780273438","0","1227.99780273438","334.093872070313","530.467834472656","0","0.0163291245698929","0.0583608001470566","0","0","290.936553955078","0","2.06334853172302","1.27200078964233","0","9","254","11","364","274","254","-1","0","273","0","53","0","18.1234302520752","0.449999988079071","0.0843033343553543","24","313","20459.9989815929","1023","19.9999990044897","16.2480350251806","-1.87539522689464","10"
"default_longboard","2","4","7","0","0","0","0","3.45382642745972","0","48.8744277954102","218.47151184082","0","0","1746.552734375","0","0","0","54.1157455444336","1489.33898925781","0","1489.33898925781","385.953155517578","530.004028320313","0","0.0188637897372246","0.0805966928601265","0","0","266.038757324219","0","3.07405829429626","1.27905702590942","0","8","257","14","356","278","257","-1","0","277","0","56","0","15.0960178375244","0.5","0.0843033343553543","26","302","20460.0009273833","1023","20.000000906533","13.5357284957379","-1.56028934178656","10"
"default_longboard","20","0","0","0","0","0","0","4.12774658203125","0","5.07863998413086","137.256530761719","0","0","533.921325683594","0","0","0","199.678909301758","39.9899291992188","0","39.9899291992188","67.913932800293","531.918884277344","0","0.00331935123540461","0.00798514578491449","0","0","141.824234008789","0","0.0860839039087296","-0.0494111515581608","0","9","55","3","393","202","202","-1","0","56","0","1","0","29.9006175994873","0.0166666675359011","0","9","393","20460.0019654186","1023","20.0000019212303","24.5628249087054","-5.33779269078188","10"
"default_longboard","20","0","1","0","0","0","0","3.67018556594849","0","28.5334281921387","48.1853675842285","0","0","524.76318359375","0","0","0","221.332916259766","199.13232421875","0","199.13232421875","150.288391113281","526.339721679688","0","0.00734547385945916","0.0440745390951633","0","0","76.2698287963867","0","0.793882489204407","-0.0727082788944244","0","9","61","5","393","204","204","-1","0","62","0","3","0","14.1487112045288","0.0333333350718021","0","18","390","20459.9994484695","1023","19.9999994608695","9.59369580031804","-4.55501540421077","10"
"default_longboard","20","0","2","0","0","0","0","4.07728672027588","0","44.0014305114746","37.2678756713867","0","0","517.231872558594","0","0","0","263.205200195313","257.801452636719","0","257.801452636719","186.458404541016","524.224792480469","0","0.00911331363022327","0.067854680120945","0","0","80.8423538208008","0","1.41050684452057","-0.0652505680918694","0","9","67","7","393","206","206","-1","0","68","0","5","0","12.106388092041","0.0500000007450581","0","24","388","20460.0008412579","1023","20.000000822344","7.71851039901305","-4.38787769302797","10"
"default_longboard","20","0","3","0","0","0","0","4.29444360733032","0","105.144706726074","21.1723747253418","0","0","482.722045898438","0","0","0","352.953948974609","473.661895751953","0","473.661895751953","284.318084716797","518.958557128906","0","0.0138962892815471","0.167180836200714","0","0","125.947311401367","0","4.51082944869995","-0.0374110899865627","0","9","83","10","389","209","209","-1","0","84","0","8","0","9.03591537475586","0.100000001490116","0","40","372","20460.0004329461","1023","20.0000004232122","4.76800121518823","-4.26791415956763","10"
"default_longboard","20","0","4","0","0","0","0","4.25362730026245","0","177.522476196289","13.3691806793213","41.2900085449219","0","427.841613769531","0","0","0","406.543395996094","727.825561523438","0","727.825561523438","353.451171875","512.788452148438","0","0.0172752290964127","0.295892685651779","0","0","231.84407043457","0","9.65364456176758","-0.0268114414066076","0","9","98","13","381","212","212","-1","0","99","1","11","0","7.61384677886963","0.150000005960464","0","58","356","20459.9991063735","1023","19.9999991264648","3.34702739161372","-4.26681938725591","10"
"default_longboard","20","0","5","0","0","0","0","4.2005877494812","0","264.937622070313","7.94442796707153","83.8236541748047","0","350.267913818359","0","0","0","471.726501464844","946.978698730469","0","946.978698730469","396.87109375","509.515106201172","0","0.0193974152207375","0.44671493768692","0","0","356.429290771484","0","17.2119178771973","-0.0198140889406204","0","9","112","16","375","215","215","-1","0","113","1","14","0","6.49804592132568","0.200000002980232","0","74","336","20459.9988830322","1023","19.9999989081449","2.48870018893804","-4.00934573238764","10"
"default_longboard","20","0","6","0","0","0","0","4.16167116165161","0","288.6171875","6.80544519424438","99.1723403930664","0","324.882415771484","0","0","0","489.337158203125","1014.05194091797","0","1014.05194091797","399.805938720703","508.662719726563","0","0.0195408575236797","0.496213257312775","0","0","394.332366943359","0","19.6939430236816","-0.0105721419677138","0","9","116","17","372","216","216","-1","0","117","2","15","0","6.19346714019775","0.216666668653488","0","80","331","20459.9996820107","1023","19.99999968916","2.25688883279546","-3.9365783074023","10"
"default_longboard","20","1","0","0","0","0","0","4.9525351524353","0","10.6891508102417","87.4060516357422","0","0","540.118286132813","0","0","0","174.842575073242","86.8471221923828","0","86.8471221923828","94.3439331054688","530.055847167969","0","0.0046111405827105","0.0151845747604966","0","0","97.6035232543945","0","0.21542052924633","0.183603376150131","0","9","80","2","397","208","208","-1","0","81","0","7","0","22.275936126709","0.0333333350718021","0.0210758335888386","12","391","20459.9993023877","1023","19.9999993180721","17.6783275850803","-4.59760854162871","10"
"default_longboard","20","1","1","0","0","0","0","4.95425939559937","0","26.6252841949463","50.9778175354004","0","0","526.791076660156","0","0","0","234.526229858398","161.596084594727","0","161.596084594727","143.71614074707","526.517150878906","0","0.00702424952760339","0.0378985218703747","0","0","77.1376419067383","0","0.680058479309082","0.0910755917429924","0","9","85","3","396","209","209","-1","0","86","0","8","0","15.2568922042847","0.0500000007450581","0.0210758335888386","17","385","20459.9993468776","1023","19.9999993615616","10.6811676910333","-4.57572451325141","10"
"default_longboard","20","1","2","0","0","0","0","5.21829652786255","0","90.9841384887695","23.9569911956787","0","0","491.580322265625","0","0","0","349.888885498047","394.150634765625","0","394.150634765625","261.368286132813","519.560668945313","0","0.0127745987847447","0.137908935546875","0","0","114.543518066406","0","3.66989731788635","0.0430639646947384","0","9","101","7","393","213","213","-1","0","102","0","12","0","9.86692810058594","0.100000001490116","0.0210758335888386","28","363","20459.9996083584","1023","19.9999996171636","5.31496685692008","-4.55196124366586","10"
"default_longboard","20","1","3","0","0","0","0","5.06182432174683","0","161.19905090332","14.9942512512207","161.198028564453","0","435.321441650391","0","0","0","437.245727539063","581.895446777344","0","581.895446777344","330.561096191406","502.779937744141","0","0.016156455501914","0.254431307315826","0","0","336.915771484375","0","8.42542457580566","0.0378581024706364","0","9","114","9","384","215","215","-1","0","115","0","14","0","8.12786674499512","0.150000005960464","0.0210758335888386","36","338","20460.0010288299","1023","20.0000010056989","3.64074688559692","-4.4871198593982","10"
"default_longboard","20","1","4","0","0","0","0","4.7898998260498","0","222.23551940918","10.6440143585205","283.353393554688","0","380.841278076172","0","0","0","477.739440917969","752.283081054688","0","752.283081054688","365.253723144531","494.987274169922","0","0.0178520902991295","0.359395325183868","0","0","515.772277832031","0","13.4617595672607","0.0377189628779888","0","9","129","14","380","220","220","-1","0","130","0","19","0","7.08774089813232","0.200000002980232","0.0210758335888386","46","321","20459.9975142598","1023","19.9999975701465","2.84720063182157","-4.24054026631075","10"
"default_longboard","20","1","5","0","0","0","0","4.67649745941162","0","253.980133056641","8.99858856201172","365.368988037109","0","346.743957519531","0","0","0","486.041717529297","845.392822265625","0","845.392822265625","370.656280517578","486.910217285156","0","0.0181161388754845","0.410896182060242","0","0","627.828308105469","0","16.4639625549316","0.0443575531244278","0","9","144","19","375","225","225","-1","0","145","0","24","0","6.5671329498291","0.25","0.0210758335888386","50","311","20460.0043676617","1023","20.000004269464","2.52695188654506","-4.04018106328404","10"
"default_longboard","20","1","6","0","0","0","0","3.9426212310791","0","356.1513671875","5.02834606170654","460.389953613281","0","242.515335083008","0","0","0","531.880432128906","1137.99072265625","0","1137.99072265625","362.379638671875","480.263488769531","0","0.0177116151899099","0.605274975299835","0","0","821.055114746094","0","26.4931831359863","0.0265312548726797","0","9","159","25","370","231","231","-1","0","160","1","30","0","5.29566764831543","0.300000011920929","0.0210758335888386","84","309","20459.9995419005","1023","19.9999995521999","1.67683397301854","-3.61883367529689","10"
"default_longboard","20","1","7","0","0","0","0","3.56907773017883","0","461.210357666016","57540.26953125","631.221313476563","0","108582.8046875","0","0","0","611.873413085938","1285.92492675781","0","1285.92492675781","10929.130859375","77137.8984375","0","0.534170627593994","0.786823213100433","0","0","58330.2421875","0","37.6332206726074","0.778642237186432","0","9","175","32","368","238","238","-1","0","176","0","37","0","45","0.349999994039536","0.0210758335888386","81","270","20459.9996607861","1023","19.9999996684126","42.7573785822843","-2.24262141771567","10"
"default_longboard","20","1","8","0","0","0","0","2.90800023078918","0","566.014709472656","75972.9296875","524.492553710938","0","138468.6875","0","0","0","643.895141601563","1551.24548339844","0","1551.24548339844","13937.908203125","96034.8515625","0","0.681227147579193","0.998839378356934","0","0","76876.078125","0","49.2313079833984","0.803971767425537","0","9","190","39","365","245","245","-1","0","191","1","44","0","45","0.400000005960464","0.0210758335888386","109","264","20460.0011209986","1023","20.0000010957954","43.0015917598236","-1.99840824017637","10"
"default_longboard","20","1","9","0","0","0","0","2.33608269691467","0","626.951599121094","90147.4765625","105.32682800293","0","157066.984375","0","0","0","651.635009765625","1699.60998535156","0","1699.60998535156","15841.3193359375","96557.046875","0","0.774257957935333","1.10752534866333","0","0","90897.9453125","0","54.6540184020996","0.910489320755005","0","9","206","47","363","253","253","-1","0","207","1","52","0","45","0.449999988079071","0.0210758335888386","108","263","20460.0019587536","1023","20.0000019147152","44.3538988240721","-0.646101175927853","10"
"default_longboard","20","1","10","0","0","0","0","2.09822034835815","0","652.694396972656","96759.3046875","304.341369628906","0","165356.265625","0","0","0","650.261779785156","1776.28283691406","0","1776.28283691406","16692.9609375","96150.046875","0","0.815882802009583","1.1550487279892","0","0","97726.8984375","0","56.758617401123","0.951179265975952","0","8","211","49","361","255","255","-1","0","212","1","54","0","45","0.466666668653488","0.0210758335888386","103","259","20459.9985394764","1023","19.9999985723132","44.9396968565669","-0.0603031434330958","10"
"default_longboard","20","2","0","0","0","0","0","5.53496932983398","0","7.55795240402222","117.350624084473","0","0","578.663513183594","0","0","0","81.0155181884766","133.196929931641","0","133.196929931641","85.2405166625977","531.275024414063","0","0.00416620308533311","0.0107910186052322","0","0","124.387557983398","0","0.142973124980927","0.402688056230545","0","9","107","1","399","214","214","-1","0","108","0","13","0","26.7178554534912","0.0666666701436043","0.0421516671776772","9","385","20460.0003688448","1023","20.0000003605521","22.7108431561418","-4.00701229734944","10"
"default_longboard","20","2","1","0","0","0","0","5.26038265228271","0","25.295093536377","53.9254302978516","0","0","539.702331542969","0","0","0","149.311264038086","231.782165527344","0","231.782165527344","141.867553710938","526.82958984375","0","0.00693389866501093","0.0346076861023903","0","0","78.7427978515625","0","0.637179434299469","0.232391551136971","0","9","112","2","397","215","215","-1","0","113","0","14","0","16.3215465545654","0.0833333358168602","0.0421516671776772","14","372","20459.9981287315","1023","19.999998170803","11.5578464946445","-4.76370005992093","10"
"default_longboard","20","2","2","0","0","0","0","5.28675699234009","0","34.9104766845703","44.4897003173828","0","0","530.713256835938","0","0","0","195.69450378418","248.983551025391","0","248.983551025391","165.079696655273","525.285949707031","0","0.00806841161102057","0.0487247109413147","0","0","78.9399185180664","0","0.990291476249695","0.192811131477356","0","9","116","3","396","216","216","-1","0","117","0","15","0","14.3198289871216","0.100000001490116","0.0421516671776772","18","368","20459.999391924","1023","19.9999994055953","9.53161358208412","-4.78821540503746","10"
"default_longboard","20","2","3","0","0","0","0","5.05985927581787","0","96.0970993041992","23.7382678985596","0","0","489.363830566406","0","0","0","304.188323974609","465.686157226563","0","465.686157226563","264.525024414063","518.991149902344","0","0.012928887270391","0.141656279563904","0","0","119.427299499512","0","4.08030605316162","0.103972859680653","0","9","131","7","389","220","220","-1","0","132","0","19","0","9.8585205078125","0.150000005960464","0.0421516671776772","28","345","20459.9992932","1023","19.9999993090909","5.23663996761013","-4.62188054020237","10"
"default_longboard","20","2","4","0","0","0","0","4.84665632247925","0","158.816436767578","15.9579877853394","441.584533691406","0","423.287963867188","0","0","0","385.070739746094","628.817016601563","0","628.817016601563","313.786590576172","476.573883056641","0","0.0153365880250931","0.242139041423798","0","0","615.541687011719","0","8.45125770568848","0.0880761295557022","0","9","146","13","386","226","226","-1","0","147","0","25","0","8.28427124023438","0.200000002980232","0.0421516671776772","37","324","20459.999972795","1023","19.9999999734066","3.63142754312176","-4.65284369711262","10"
"default_longboard","20","2","5","0","0","0","0","4.7872462272644","0","142.904159545898","18.4959526062012","637.810729980469","0","421.627014160156","0","0","0","307.476776123047","687.462097167969","0","687.462097167969","290.693634033203","453.640960693359","0","0.0142078995704651","0.211378633975983","0","0","798.029907226563","0","7.69044780731201","0.134554460644722","0","9","162","20","383","233","233","-1","0","163","0","32","0","8.53753471374512","0.25","0.0421516671776772","37","314","20460.0006208861","1023","20.0000006069268","3.85406463616126","-4.68347007758385","10"
"default_longboard","20","2","6","0","0","0","0","4.04782295227051","0","293.52001953125","8.00862503051758","430.690979003906","0","303.911315917969","0","0","0","467.039398193359","1022.17645263672","0","1022.17645263672","359.511291503906","476.234344482422","0","0.0175714232027531","0.477396696805954","0","0","731.553405761719","0","20.2033443450928","0.0495782010257244","0","9","177","26","378","239","239","-1","0","178","0","38","0","5.82017993927002","0.300000011920929","0.0421516671776772","64","309","20459.9984506422","1023","19.9999984854763","2.1093482593466","-3.71083167992342","10"
"default_longboard","20","2","7","0","0","0","0","3.57523560523987","0","359.117340087891","42998.359375","771.653869628906","0","81085.3203125","0","0","0","485.948547363281","1204.052734375","0","1204.052734375","8166.57177734375","51028.078125","0","0.399148195981979","0.585107624530792","0","0","43811.8828125","0","27.08962059021","0.886567711830139","0","9","193","33","376","246","246","-1","0","194","0","45","0","45","0.349999994039536","0.0421516671776772","60","275","20459.9992172142","1023","19.9999992348135","43.0141568022609","-1.98584319773909","10"
"default_longboard","20","2","8","0","0","0","0","2.98811626434326","0","422.626403808594","54294.859375","399.295257568359","0","98461.59375","0","0","0","508.395080566406","1387.61486816406","0","1387.61486816406","9921.0859375","58959.171875","0","0.484901577234268","0.705456554889679","0","0","55235.19921875","0","33.6075401306152","0.928594708442688","0","9","208","41","374","254","254","-1","0","209","0","53","0","45","0.400000005960464","0.0421516671776772","69","272","20459.9993138543","1023","19.9999993292809","43.4213738974558","-1.57862610254419","10"
"default_longboard","20","2","9","0","0","0","0","2.35089182853699","0","465.887573242188","64666.00390625","179.47673034668","0","111678.796875","0","0","0","507.469421386719","1537.50842285156","0","1537.50842285156","11278.0673828125","60910.1640625","0","0.551225244998932","0.780238449573517","0","0","65268.7421875","0","37.8236961364746","0.995360255241394","0","9","224","49","372","262","262","-1","0","225","0","61","0","45","0.449999988079071","0.0421516671776772","74","273","20459.9979502651","1023","19.999997996349","44.9494784343714","-0.0505215656285998","10"
"default_longboard","20","2","10","0","0","0","0","2.19799089431763","0","447.491668701172","62570.578125","164.976181030273","0","107097.90625","0","0","0","477.929382324219","1564.43872070313","0","1564.43872070313","10821.6962890625","56551.2890625","0","0.528919637203217","0.747691214084625","0","0","63176.0390625","0","36.4007682800293","1.01604735851288","0","9","228","51","370","264","264","-1","0","229","0","63","0","45","0.466666668653488","0.0421516671776772","72","274","20460.0009677929","1023","20.0000009460342","45.0240740790524","0.0240740790524328","10"
"default_longboard","20","2","11","0","0","0","0","1.8181414604187","0","491.657531738281","71470.3203125","544.099304199219","0","120183.078125","0","0","0","493.921691894531","1686.05725097656","0","1686.05725097656","12150.392578125","61116.08203125","0","0.593860805034637","0.832780241966248","0","0","72273.03125","0","40.6326942443848","1.03749883174896","0","8","234","54","370","267","267","-1","0","235","0","66","0","45","0.483333349227905","0.0421516671776772","75","272","20460.0008539313","1023","20.0000008347324","45.4882140623642","0.488214062364172","10"
"default_longboard","20","3","0","0","0","0","0","5.62407684326172","0","17.3177833557129","73.0918273925781","0","0","560.08349609375","0","0","0","77.2047958374023","309.285827636719","0","309.285827636719","120.441955566406","528.727722167969","0","0.00588670326396823","0.0238783489912748","0","0","89.9254531860352","0","0.422039479017258","0.338491231203079","0","9","144","3","398","225","225","-1","0","145","0","24","0","18.504322052002","0.133333340287209","0.063227504491806","18","371","20460.0011527023","1023","20.0000011267862","14.2722052465443","-4.23211680545769","10"
"default_longboard","20","3","1","0","0","0","0","5.55803775787354","0","14.0117464065552","86.5359802246094","0","0","571.869873046875","0","0","0","58.268310546875","335.089447021484","0","335.089447021484","110.650062561035","529.59912109375","0","0.0054081161506474","0.0195250958204269","0","0","100.055526733398","0","0.340536564588547","0.387096732854843","0","9","149","5","396","227","227","-1","0","150","0","26","0","19.9775943756104","0.150000005960464","0.063227504491806","18","371","20460.0011314086","1023","20.0000011059713","16.0802122386223","-3.89738213698803","10"
"default_longboard","20","3","2","0","0","0","0","5.08890914916992","0","73.63818359375","30.8791542053223","98.9534454345703","0","499.054321289063","0","0","0","178.326324462891","584.705993652344","0","584.705993652344","227.765182495117","506.447479248047","0","0.0111322188749909","0.104268468916416","0","0","202.761093139648","0","2.95102214813232","0.17092002928257","0","9","165","12","394","234","234","-1","0","166","0","33","0","10.8311977386475","0.200000002980232","0.063227504491806","33","347","20459.9985908292","1023","19.9999986225115","6.12886287548686","-4.7023348631606","10"
"default_longboard","20","3","3","0","0","0","0","4.68859100341797","0","129.833847045898","19.5045204162598","578.855712890625","0","429.958801269531","0","0","0","255.135620117188","751.171813964844","0","751.171813964844","281.086059570313","450.587524414063","0","0.0137383220717311","0.191650703549385","0","0","726.811950683594","0","6.76128482818604","0.142282038927078","0","9","180","18","390","240","240","-1","0","181","0","39","0","8.92411327362061","0.25","0.063227504491806","43","325","20459.9992708494","1023","19.9999992872428","4.11072661701365","-4.81338665660695","10"
"default_longboard","20","3","4","0","0","0","0","3.73886466026306","0","294.1142578125","7.72095394134521","406.896545410156","0","305.518157958984","0","0","0","438.491271972656","1094.31518554688","0","1094.31518554688","365.817230224609","479.979248046875","0","0.0178796295076609","0.47984766960144","0","0","708.132080078125","0","20.2221012115479","0.0440251007676125","0","9","195","25","386","247","247","-1","0","196","0","46","0","5.89887523651123","0.300000011920929","0.063227504491806","75","321","20460.0005871413","1023","20.0000005739406","2.13539545739529","-3.76347977911594","10"
"default_longboard","20","3","5","0","0","0","0","3.92932367324829","0","156.635986328125","16.0676326751709","951.701904296875","0","382.421997070313","0","0","0","234.990753173828","996.651489257813","0","996.651489257813","287.835357666016","404.193237304688","0","0.0140682011842728","0.234203889966011","0","0","1122.3408203125","0","9.18216419219971","0.150103628635406","0","9","211","33","385","255","255","-1","0","212","0","54","0","7.8490834236145","0.349999994039536","0.063227504491806","54","317","20459.9972587679","1023","19.9999973203987","3.44372628101065","-4.40535714260385","10"
"default_longboard","20","3","6","0","0","0","0","3.05629587173462","0","251.585388183594","29246.685546875","735.492065429688","0","54520.43359375","0","0","0","319.548004150391","1225.64404296875","0","1225.64404296875","5496.6787109375","30331.091796875","0","0.268654882907867","0.39165210723877","0","0","29957.0703125","0","17.7929534912109","0.976314187049866","0","9","226","41","383","263","263","-1","0","227","0","62","0","45","0.400000005960464","0.063227504491806","62","287","20459.9992802756","1023","19.9999992964571","43.3105902337505","-1.68940976624954","10"
"default_longboard","20","3","7","0","0","0","0","2.39307332038879","0","275.121856689453","33790.36328125","906.426635742188","0","61002.8359375","0","0","0","316.8662109375","1370.41491699219","0","1370.41491699219","6154.400390625","32071.923828125","0","0.300801604986191","0.434238195419312","0","0","34630.5234375","0","20.1814937591553","1.01263821125031","0","9","241","49","381","271","271","-1","0","242","0","70","0","45","0.449999988079071","0.063227504491806","68","289","20459.998512666","1023","19.9999985461055","43.8451002306721","-1.15489976932793","10"
"default_longboard","20","3","8","0","0","0","0","1.45193660259247","0","287.32275390625","38402.8671875","814.910400390625","0","65872.6484375","0","0","0","293.226806640625","1562.95886230469","0","1562.95886230469","6651.8408203125","31925.841796875","0","0.325114399194717","0.458301424980164","0","0","39169.17578125","0","21.804515838623","1.06193363666534","0","9","257","58","379","280","280","-1","0","258","0","79","0","45","0.5","0.063227504491806","73","293","20460.0006545037","1023","20.0000006397886","45.1852956707613","0.185295670761285","10"
"default_longboard","20","3","9","0","0","0","0","1.07157027721405","0","297.755676269531","41409.08203125","605.197875976563","0","69342.78125","0","0","0","291.327789306641","1638.53198242188","0","1638.53198242188","7011.3427734375","32430.1640625","0","0.342685341835022","0.477349907159805","0","0","42031.24609375","0","22.9159755706787","1.08289504051208","0","9","261","61","379","283","283","-1","0","262","0","82","0","45","0.516666650772095","0.063227504491806","75","294","20460.001982848","1023","20.0000019382679","45.8806558240406","0.880655824040581","10"
"default_longboard","20","3","10","0","0","0","0","2.2730565071106","0","75.5772171020508","31.2340469360352","995.109680175781","0","424.123901367188","0","0","0","81.4983291625977","1290.58728027344","0","1290.58728027344","200.032897949219","356.034057617188","0","0.00977677851915359","0.105180710554123","0","0","1097.56091308594","0","4.10009098052979","0.301087111234665","0","9","267","64","379","286","286","-1","0","268","0","85","0","9.67781639099121","0.533333301544189","0.063227504491806","64","332","20460.0009663036","1023","20.0000009445783","5.33346815801387","-4.34434823297734","10"
"default_longboard","20","4","0","0","0","0","0","3.75334167480469","0","4.43187046051025","351.933837890625","0","0","725.689208984375","0","0","0","12.5387439727783","553.094177246094","0","553.094177246094","85.4424438476563","532.852600097656","0","0.00417607231065631","0.00693510612472892","0","0","355.597595214844","0","0.112110838294029","0.744934737682343","0","9","188","1","400","244","244","-1","0","189","0","43","0","34.3382873535156","0.216666668653488","0.0843033343553543","21","379","20460.0010468277","1023","20.000001023292","37.0250505091322","2.6867631556166","10"
"default_longboard","20","4","1","0","0","0","0","3.98497319221497","0","6.83694171905518","245.443298339844","0","0","646.908813476563","0","0","0","16.9119777679443","587.845886230469","0","587.845886230469","90.5722503662109","531.813415527344","0","0.00442679645493627","0.00994163658469915","0","0","251.616882324219","0","0.174993842840195","0.604343831539154","0","9","192","3","399","246","246","-1","0","193","0","45","0","26.2766590118408","0.233333334326744","0.0843033343553543","25","377","20459.9988475221","1023","19.9999988734331","26.4411548887384","0.164495876897536","10"
"default_longboard","20","4","2","0","0","0","0","2.85313248634338","0","6.83661890029907","256.651397705078","0","0","647.256164550781","0","0","0","16.0776672363281","619.810424804688","0","619.810424804688","91.4070587158203","531.817199707031","0","0.00446759862825274","0.00996510591357946","0","0","262.815460205078","0","0.177865996956825","0.605193257331848","0","9","198","6","399","249","249","-1","0","199","0","48","0","25.933952331543","0.25","0.0843033343553543","27","378","20459.9979366475","1023","19.9999979830376","26.6362207016497","0.702268370106776","10"
"default_longboard","20","4","3","0","0","0","0","4.37640905380249","0","47.2813911437988","51.0594062805176","103.402244567871","0","518.903991699219","0","0","0","80.3253631591797","804.787170410156","0","804.787170410156","178.225540161133","507.3291015625","0","0.00871092546731234","0.0646448209881783","0","0","200.909790039063","0","1.80935275554657","0.242824375629425","0","9","213","13","395","256","256","-1","0","214","0","55","0","11.8934841156006","0.300000011920929","0.0843033343553543","46","356","20460.0005854628","1023","20.0000005722999","7.74419582131784","-4.14928829428274","10"
"default_longboard","20","4","4","0","0","0","0","-0.259128212928772","0","7.27051544189453","274.260589599609","0","0","611.987243652344","0","0","0","12.3364753723145","824.112060546875","0","824.112060546875","91.2289352416992","531.6650390625","0","0.00445889215916395","0.0101666385307908","0","0","280.886291503906","0","0.210723474621773","0.517375767230988","0","9","228","21","394","264","264","-1","0","229","0","63","0","18.7922306060791","0.349999994039536","0.0843033343553543","27","366","20460.0003734571","1023","20.0000003650607","26.0133647968158","7.22113419073666","10"
"default_longboard","20","4","5","0","0","0","0","-0.300341874361038","0","9.95805168151855","200.029312133789","0","0","585.265441894531","0","0","0","14.126914024353","954.22705078125","0","954.22705078125","96.0915069580078","530.994750976563","0","0.00469655403867364","0.0134802823886275","0","0","209.435455322266","0","0.308105289936066","0.435727775096893","0","9","244","30","393","273","273","-1","0","245","0","72","0","15.6856288909912","0.400000005960464","0.0843033343553543","36","368","20460.002411714","1023","20.0000023574917","20.3895886498672","4.70395975887598","10"
"default_longboard","20","4","6","0","0","0","0","-1.69238531589508","0","12.7327432632446","164.306213378906","0","0","574.936157226563","0","0","0","16.0394115447998","1063.859375","0","1063.859375","103.767593383789","530.356323242188","0","0.0050717294216156","0.0170636773109436","0","0","176.525909423828","0","0.430778861045837","0.402327060699463","0","9","259","38","391","281","281","-1","0","260","0","80","0","13.6887865066528","0.449999988079071","0.0843033343553543","40","364","20460.0018568684","1023","20.0000018151206","17.2909275043967","3.60214099774386","10"
"default_longboard","20","4","7","0","0","0","0","1.98714005947113","0","39.4647827148438","59.7865676879883","0","0","537.958374023438","0","0","0","42.0077438354492","1265.47009277344","0","1265.47009277344","164.760467529297","525.566040039063","0","0.00805280916392803","0.0531595461070538","0","0","98.7763519287109","0","1.80043721199036","0.306487798690796","0","9","272","47","389","290","290","-1","0","273","0","89","0","10.2229671478271","0.5","0.0843033343553543","59","351","20459.9990109451","1023","19.9999990331819","8.71292419851311","-1.51004294931404","10"
"default_longboard","20","4","8","0","0","0","0","1.22689366340637","0","44.2644729614258","52.5104141235352","436.061279296875","0","512.580322265625","0","0","0","43.2871894836426","1384.22424316406","0","1384.22424316406","164.32991027832","463.467864990234","0","0.00803176499903202","0.0599191784858704","0","0","531.042053222656","0","2.1674473285675","0.368577003479004","0","9","283","56","389","299","299","-1","0","284","0","98","0","10.7473554611206","0.550000011920929","0.0843033343553543","62","348","20459.9998005576","1023","19.9999998050416","7.70330295275748","-3.04405250836312","10"
"default_longboard","20","4","9","0","0","0","0","0.310231536626816","0","45.427059173584","51.382682800293","435.389770507813","0","512.099670410156","0","0","0","40.1409301757813","1551.44140625","0","1551.44140625","165.98860168457","463.271423339844","0","0.00811283569782972","0.062276303768158","0","0","530.325927734375","0","2.29252505302429","0.373453348875046","0","9","296","66","388","309","309","-1","0","297","0","108","0","9.82089042663574","0.600000023841858","0.0843033343553543","66","350","20459.9979423932","1023","19.9999979886542","7.48528945526712","-2.33560097136863","10"
"default_longboard","20","4","10","0","0","0","0","-0.0413138754665852","0","70.4992828369141","34.3348655700684","989.943603515625","0","429.864471435547","0","0","0","60.7745056152344","1623.6279296875","0","1623.6279296875","189.260208129883","355.737152099609","0","0.00925025530159473","0.0986751839518547","0","0","1090.03527832031","0","3.88642263412476","0.327331960201263","0","9","300","69","388","312","312","-1","0","301","0","111","0","9.24300765991211","0.616666674613953","0.0843033343553543","82","350","20459.9983415868","1023","19.9999983788727","5.37906214767466","-3.86394551223745","10"
"default_longboard","20","4","11","0","0","0","0","-1.1615537405014","0","201.555404663086","21.9166393280029","502.824340820313","0","362.969299316406","0","0","0","167.466186523438","1834.45837402344","0","1834.45837402344","178.455230712891","458.587127685547","0","0.00872215256094933","0.307209759950638","0","0","724.759948730469","0","13.5755567550659","0.0979826748371124","0","9","305","73","389","316","316","-1","0","306","0","115","0","4.07760429382324","0.633333325386047","0.0843033343553543","110","343","20459.9987750578","1023","19.9999988025981","1.62693305103144","-2.45067124279181","10"
"default_longboard","30","0","0","0","0","0","0","4.71183729171753","0","5.27859783172607","138.073486328125","0","0","538.187377929688","0","0","0","206.259124755859","38.7141456604004","0","38.7141456604004","68.6565551757813","531.799499511719","0","0.00335564813576639","0.00798514578491449","0","0","142.824432373047","0","0.0891727358102798","-0.13653127849102","0","9","30","4","394","203","203","-1","0","31","0","2","0","29.711555480957","0.0166666675359011","0","10","394","20459.9983067357","1023","19.9999983448052","24.8495070717873","-4.86204840916973","10"
"default_longboard","30","0","1","0","0","0","0","3.60205745697021","0","29.3874053955078","48.0533714294434","0","0","527.223205566406","0","0","0","232.427093505859","189.627365112305","0","189.627365112305","152.80696105957","526.27783203125","0","0.00746857095509768","0.044074535369873","0","0","76.9927597045898","0","0.79914915561676","-0.122178517282009","0","9","38","7","395","206","206","-1","0","39","0","5","0","13.6866149902344","0.0333333350718021","0","20","392","20459.9999087204","1023","19.9999999107726","9.75602790982174","-3.93058708041264","10"
"default_longboard","30","0","2","0","0","0","0","3.69194984436035","0","44.4408187866211","37.7528190612793","0","0","519.417419433594","0","0","0","255.268341064453","265.817047119141","0","265.817047119141","187.122589111328","524.253967285156","0","0.00914577674120665","0.0678546726703644","0","0","81.7659759521484","0","1.38873159885406","-0.108477860689163","0","9","44","8","394","207","207","-1","0","45","1","6","0","11.7220153808594","0.0500000007450581","0","25","389","20459.9996704752","1023","19.9999996778839","7.74617416131703","-3.97584121954235","10"
"default_longboard","30","0","3","0","0","0","0","3.96466493606567","0","110.502128601074","20.8962059020996","0","0","480.59765625","0","0","0","354.579498291016","491.309234619141","0","491.309234619141","288.398132324219","518.617492675781","0","0.0140957040712237","0.174208179116249","0","0","131.027435302734","0","4.76073789596558","-0.0609327368438244","0","9","62","13","392","212","212","-1","0","63","2","11","0","8.63804244995117","0.100000001490116","0","44","374","20460.0019173914","1023","20.0000018742828","4.64104607983611","-3.99699637011506","10"
"default_longboard","30","0","4","0","0","0","0","4.02514934539795","0","190.959350585938","12.9621553421021","59.0116500854492","0","421.225738525391","0","0","0","444.006988525391","702.417419433594","0","702.417419433594","358.191864013672","511.925201416016","0","0.0175069309771061","0.311878234148026","0","0","262.598266601563","0","10.2968521118164","-0.0448951348662376","0","9","77","16","384","215","215","-1","0","78","2","14","0","7.16567945480347","0.150000005960464","0","61","355","20460.0032114185","1023","20.0000031392165","3.21792497629562","-3.94775447850785","10"
"default_longboard","30","0","5","0","0","0","0","3.97649002075195","0","270.006958007813","8.10983753204346","87.3706359863281","0","351.187957763672","0","0","0","485.326721191406","931.943115234375","0","931.943115234375","395.659545898438","508.88037109375","0","0.0193381980061531","0.452296882867813","0","0","365.202301025391","0","17.1098365783691","-0.0400567799806595","0","9","94","21","380","220","220","-1","0","95","3","19","0","6.16939830780029","0.200000002980232","0","82","343","20460.000759768","1023","20.0000007426863","2.45045896247622","-3.71893934532407","10"
"default_longboard","30","1","0","0","0","0","0","5.13683271408081","0","11.7536106109619","81.2473297119141","0","0","532.605285644531","0","0","0","251.720428466797","67.3976135253906","0","67.3976135253906","97.8735809326172","529.738647460938","0","0.00478365505114198","0.0169653575867414","0","0","92.520378112793","0","0.241724163293839","0.0864270552992821","0","9","52","3","398","209","209","-1","0","53","0","8","0","21.2777767181396","0.0333333350718021","0.0210758335888386","14","392","20459.9997044629","1023","19.9999997111074","16.3775818973627","-4.90019482077699","10"
"default_longboard","30","1","1","0","0","0","0","5.10597944259644","0","27.2544002532959","50.7191734313965","0","0","524.749572753906","0","0","0","284.331115722656","138.782302856445","0","138.782302856445","144.444549560547","526.398254394531","0","0.00705985212698579","0.0394601300358772","0","0","77.5078506469727","0","0.70905864238739","0.0433177873492241","0","9","57","4","397","210","210","-1","0","58","0","9","0","15.0818977355957","0.0500000007450581","0.0210758335888386","18","385","20459.9964648576","1023","19.9999965443379","10.3063370484576","-4.77556068713812","10"
"default_longboard","30","1","2","0","0","0","0","5.43583154678345","0","92.1058502197266","24.4222297668457","0","0","491.141052246094","0","0","0","398.731872558594","345.285888671875","0","345.285888671875","259.586090087891","519.446899414063","0","0.0126874912530184","0.137676492333412","0","0","116.125823974609","0","3.66728329658508","0.0138530982658267","0","9","73","8","394","214","214","-1","0","74","0","13","0","9.68864059448242","0.100000001490116","0.0210758335888386","28","362","20460.0015015683","1023","20.0000014678087","5.28755906705819","-4.40108152742423","10"
"default_longboard","30","1","3","0","0","0","0","4.88741970062256","0","166.694351196289","15.8483867645264","331.141021728516","0","429.806549072266","0","0","0","496.821990966797","512.895080566406","0","512.895080566406","321.026489257813","494.207305908203","0","0.0156904458999634","0.254817575216293","0","0","513.124084472656","0","8.52189064025879","0.0154676698148251","0","9","89","12","387","218","218","-1","0","90","0","17","0","7.87599182128906","0.150000005960464","0.0210758335888386","36","335","20459.9978422896","1023","19.9999978908012","3.53023319664005","-4.34575862464901","10"
"default_longboard","30","1","4","0","0","0","0","4.55070638656616","0","237.703094482422","10.6496753692627","322.606811523438","0","376.459320068359","0","0","0","551.45703125","672.672607421875","0","672.672607421875","365.583435058594","497.895446777344","0","0.0178682077676058","0.370950073003769","0","0","570.54638671875","0","14.0190725326538","0.0121396193280816","0","9","107","19","385","225","225","-1","0","108","1","24","0","6.65363788604736","0.200000002980232","0.0210758335888386","51","323","20459.9946347937","1023","19.9999947554191","2.76093569683451","-3.89270218921285","10"
"default_longboard","30","1","5","0","0","0","0","4.37349081039429","0","261.943695068359","9.0654125213623","546.125122070313","0","344.005798339844","0","0","0","562.896789550781","734.91845703125","0","734.91845703125","367.401885986328","478.2998046875","0","0.0179570820182562","0.413683265447617","0","0","816.547241210938","0","16.2770977020264","0.013781514018774","0","9","113","21","383","227","227","-1","0","114","1","26","0","6.35003042221069","0.216666668653488","0.0210758335888386","55","317","20459.9993257706","1023","19.9999993409292","2.48786581381222","-3.86216460839847","10"
"default_longboard","30","1","6","0","0","0","0","4.45871734619141","0","274.55322265625","8.60842227935791","636.245666503906","0","328.465179443359","0","0","0","581.568115234375","744.955200195313","0","744.955200195313","364.523468017578","470.649658203125","0","0.0178163982927799","0.433242201805115","0","0","918.761962890625","0","17.4473457336426","0.0193264707922935","0","9","119","24","383","230","230","-1","0","120","1","29","0","6.14469337463379","0.233333334326744","0.0210758335888386","56","312","20459.9976957913","1023","19.9999977475966","2.35686271267144","-3.78783066196235","10"
"default_longboard","30","2","0","0","0","0","0","5.39691591262817","0","13.5305004119873","75.3562622070313","0","0","541.228149414063","0","0","0","172.025466918945","110.560523986816","0","110.560523986816","106.36385345459","529.362121582031","0","0.00519862398505211","0.0190192256122828","0","0","88.4078979492188","0","0.290116667747498","0.204562291502953","0","9","74","1","399","214","214","-1","0","75","0","13","0","20.6390590667725","0.0666666701436043","0.0421516671776772","11","380","20460.0012927313","1023","20.0000012636669","15.8628278292641","-4.77623123750832","10"
"default_longboard","30","2","1","0","0","0","0","5.30106496810913","0","29.8381900787354","48.022102355957","0","0","527.788696289063","0","0","0","228.218460083008","182.114639282227","0","182.114639282227","151.969131469727","525.999145507813","0","0.00742762116715312","0.0415619239211082","0","0","77.3986968994141","0","0.783738672733307","0.130393803119659","0","9","79","2","397","215","215","-1","0","80","0","14","0","15.2136125564575","0.0833333358168602","0.0421516671776772","17","372","20460.0003217415","1023","20.0000003145078","10.294756058131","-4.91885649832653","10"
"default_longboard","30","2","2","0","0","0","0","5.33857917785645","0","34.8780479431152","43.7811012268066","0","0","525.00048828125","0","0","0","231.426696777344","210.540573120117","0","210.540573120117","163.88134765625","525.214294433594","0","0.008009840734303","0.0487247109413147","0","0","78.2032165527344","0","0.984154522418976","0.124998599290848","0","9","85","4","397","217","217","-1","0","86","0","16","0","14.360969543457","0.100000001490116","0.0421516671776772","19","369","20460.0007780942","1023","20.0000007606004","9.46178319520742","-4.89918634824961","10"
"default_longboard","30","2","3","0","0","0","0","5.00666475296021","0","106.12720489502","24.2185192108154","281.516723632813","0","470.062622070313","0","0","0","369.593078613281","416.854431152344","0","416.854431152344","260.188018798828","494.434753417969","0","0.0127169117331505","0.154066517949104","0","0","411.121459960938","0","4.60130882263184","0.0600834600627422","0","9","102","10","392","223","223","-1","0","103","0","22","0","9.60259342193604","0.150000005960464","0.0421516671776772","31","343","20460.0003726195","1023","20.0000003642419","4.73467774298787","-4.86791567894817","10"
"default_longboard","30","2","4","0","0","0","0","4.75194549560547","0","166.332595825195","16.8092041015625","500.286437988281","0","422.889556884766","0","0","0","440.628875732422","563.403503417969","0","563.403503417969","308.929382324219","484.389099121094","0","0.0150991892442107","0.248251855373383","0","0","682.727111816406","0","8.76193809509277","0.0462661646306515","0","9","120","17","390","230","230","-1","0","121","0","29","0","8.0098876953125","0.200000002980232","0.0421516671776772","41","326","20459.9980388131","1023","19.9999980829062","3.48699956358214","-4.52288813173036","10"
"default_longboard","30","2","5","0","0","0","0","4.41705179214478","0","195.641387939453","14.047739982605","852.33740234375","0","376.722045898438","0","0","0","439.672180175781","666.660522460938","0","666.660522460938","316.585357666016","442.889495849609","0","0.0154733806848526","0.293112099170685","0","0","1060.89453125","0","11.310173034668","0.0568170063197613","0","9","138","25","388","238","238","-1","0","139","0","37","0","7.4187593460083","0.25","0.0421516671776772","47","314","20459.9992796617","1023","19.999999295857","3.02604957022809","-4.39270977578021","10"
"default_longboard","30","2","6","0","0","0","0","4.01836204528809","0","235.460311889648","10.8783874511719","905.669311523438","0","341.065002441406","0","0","0","451.243560791016","795.971252441406","0","795.971252441406","331.243774414063","438.290344238281","0","0.0161898247897625","0.359176903963089","0","0","1150.89904785156","0","14.6087160110474","0.0455285124480724","0","9","156","32","384","245","245","-1","0","157","0","44","0","6.50207757949829","0.300000011920929","0.0421516671776772","57","312","20459.9974808573","1023","19.999997537495","2.58347077088118","-3.91860680861711","10"
"default_longboard","30","2","7","0","0","0","0","3.32910346984863","0","384.694885253906","45058.9140625","1073.17602539063","0","84787.234375","0","0","0","581.236450195313","1054.03662109375","0","1054.03662109375","8529.0107421875","64879.0390625","0","0.416862696409225","0.612644493579865","0","0","46099.98828125","0","28.2751445770264","0.690198361873627","0","9","174","41","384","254","254","-1","0","175","0","53","0","45","0.349999994039536","0.0421516671776772","70","282","20459.9999368011","1023","19.999999938222","42.8773810835668","-2.12261891643322","10"
"default_longboard","30","2","8","0","0","0","0","2.75138592720032","0","434.052001953125","53716.55078125","1007.58123779297","0","97645.8203125","0","0","0","581.15966796875","1194.97778320313","0","1194.97778320313","9825.220703125","71624.0078125","0","0.48021611571312","0.694472849369049","0","0","54729.828125","0","33.0165405273438","0.740745544433594","0","9","192","49","382","262","262","-1","0","193","0","61","0","45","0.400000005960464","0.0421516671776772","76","280","20459.9978668658","1023","19.9999979148248","43.7476066471338","-1.25239335286619","10"
"default_longboard","30","2","9","0","0","0","0","2.05852937698364","0","481.412811279297","63553.01171875","785.176696777344","0","110907.921875","0","0","0","583.706420898438","1336.69653320313","0","1336.69653320313","11175.6875","77232.90625","0","0.546221196651459","0.780238389968872","0","0","64682.078125","0","37.8862800598145","0.796974122524261","0","9","209","58","381","271","271","-1","0","210","0","70","0","45","0.449999988079071","0.0421516671776772","83","282","20460.0033255962","1023","20.0000032508272","44.432593180916","-0.567406819084013","10"
"default_longboard","30","2","10","0","0","0","0","1.81524634361267","0","486.564910888672","65536.3125","805.607360839844","0","112721.484375","0","0","0","571.299011230469","1374.48986816406","0","1374.48986816406","11368.3291015625","76765.578125","0","0.555636823177338","0.785244703292847","0","0","66419.828125","0","38.2800140380859","0.818391263484955","0","9","216","61","380","274","274","-1","0","217","0","73","0","45","0.466666668653488","0.0421516671776772","83","283","20459.9994589167","1023","19.9999994710818","45.0397382836785","0.0397382836784601","10"
"default_longboard","30","2","11","0","0","0","0","1.46781301498413","0","515.822082519531","72292.984375","124.420074462891","0","121269.0625","0","0","0","565.734375","1472.03381347656","0","1472.03381347656","12256.1630859375","80961.140625","0","0.599030435085297","0.832780182361603","0","0","72795.828125","0","40.8223838806152","0.841005206108093","0","9","222","64","380","277","277","-1","0","223","0","76","0","45","0.483333349227905","0.0421516671776772","85","282","20460.00064119","1023","20.0000006267742","45.9978748930877","0.997874893087747","10"
"default_longboard","30","3","0","0","0","0","0","5.53862333297729","0","21.2723159790039","62.762264251709","0","0","537.049377441406","0","0","0","106.722457885742","275.33544921875","0","275.33544921875","129.778396606445","527.834350585938","0","0.00634302897378802","0.0293844770640135","0","0","83.5774688720703","0","0.543626308441162","0.197249799966812","0","9","109","4","399","226","226","-1","0","110","0","25","0","16.7845764160156","0.133333340287209","0.063227504491806","20","371","20460.0037525829","1023","20.000003668214","12.4661782207686","-4.31839819524706","10"
"default_longboard","30","3","1","0","0","0","0","5.50168704986572","0","15.7428436279297","77.1636199951172","0","0","543.804870605469","0","0","0","74.1380310058594","299.044586181641","0","299.044586181641","114.288459777832","529.1591796875","0","0.00558594614267349","0.0221705753356218","0","0","92.4516754150391","0","0.39220267534256","0.235318452119827","0","9","115","6","397","228","228","-1","0","116","0","27","0","18.4062957763672","0.150000005960464","0.063227504491806","20","372","20460.0003041083","1023","20.000000297271","14.5931183026569","-3.81317747371033","10"
"default_longboard","30","3","2","0","0","0","0","5.11965131759644","0","72.732048034668","34.4850769042969","0","0","503.384521484375","0","0","0","215.757781982422","465.868072509766","0","465.868072509766","223.089111328125","521.22802734375","0","0.0109036704525352","0.10051466524601","0","0","106.787147521973","0","2.79117250442505","0.101830586791039","0","9","133","13","395","235","235","-1","0","134","0","34","0","10.5723819732666","0.200000002980232","0.063227504491806","34","350","20460.0012719805","1023","20.0000012433827","6.22760984854059","-4.34477212472601","10"
"default_longboard","30","3","3","0","0","0","0","4.48537015914917","0","132.596267700195","23.8529739379883","469.654357910156","0","440.022308349609","0","0","0","293.830291748047","652.249755859375","0","652.249755859375","272.378387451172","475.348754882813","0","0.0133127262815833","0.191650748252869","0","0","625.237915039063","0","6.69977235794067","0.080084390938282","0","9","151","21","393","243","243","-1","0","152","0","42","0","8.46004390716553","0.25","0.063227504491806","46","328","20460.0005806457","1023","20.0000005675911","3.98317163812168","-4.47687226904385","10"
"default_longboard","30","3","4","0","0","0","0","4.26986026763916","0","36.9089660644531","73.9032211303711","131.505065917969","0","514.09619140625","0","0","0","86.9437866210938","576.141479492188","0","576.141479492188","151.053466796875","503.541717529297","0","0.00738286785781384","0.0500919222831726","0","0","241.366333007813","0","1.26477098464966","0.163354873657227","0","9","169","29","390","251","251","-1","0","170","0","50","0","12.6676406860352","0.300000011920929","0.063227504491806","41","362","20459.9987032145","1023","19.99999873237","8.47549465267073","-4.19214603336443","10"
"default_longboard","30","3","5","0","0","0","0","0.894906580448151","0","17.7538547515869","182.811080932617","0","0","537.981262207031","0","0","0","36.8951759338379","656.315124511719","0","656.315124511719","111.949111938477","529.577514648438","0","0.00547160813584924","0.0242148619145155","0","0","200.078216552734","0","0.581929743289948","0.201255694031715","0","9","187","38","390","260","260","-1","0","188","0","59","0","13.0754709243774","0.349999994039536","0.063227504491806","38","364","20460.0017323977","1023","20.0000016934484","13.0593795583903","-0.0160913659870943","10"
"default_longboard","30","3","6","0","0","0","0","2.41699504852295","0","305.866882324219","35102.12109375","973.918884277344","0","65136.28515625","0","0","0","410.923736572266","1130.83532714844","0","1130.83532714844","6567.1865234375","46415.6875","0","0.320976883172989","0.464687079191208","0","0","36020.1328125","0","21.2674655914307","0.768228888511658","0","9","206","47","389","269","269","-1","0","207","0","68","0","45","0.400000005960464","0.063227504491806","73","291","20459.9984226844","1023","19.999998458147","43.6885325556661","-1.31146744433395","10"
"default_longboard","30","3","7","0","0","0","0","1.97402966022491","0","271.710083007813","5.25205373764038","1354.27612304688","0","284.589569091797","0","0","0","348.482849121094","1179.14538574219","0","1179.14538574219","13.658182144165","407.904571533203","0","0.000667554908432066","0.410911917686462","0","0","1628.6025390625","0","18.702127456665","0.0325621515512466","0","9","223","56","388","278","278","-1","0","224","0","77","0","2.62098455429077","0.449999988079071","0.063227504491806","77","300","20460.013059068","1023","20.0000127654624","0.0930810025624101","-2.52790355172836","10"
"default_longboard","30","3","8","0","0","0","0","1.01131641864777","0","289.564636230469","36919.8515625","1056.40478515625","0","63605.40625","0","0","0","325.869262695313","1351.59777832031","0","1351.59777832031","6410.158203125","41052.328125","0","0.31330195069313","0.44044417142868","0","0","37837.1484375","0","20.9457855224609","0.860339820384979","0","9","241","65","386","287","287","-1","0","242","0","86","0","45","0.5","0.063227504491806","79","300","20460.0009318281","1023","20.0000009108779","45.3433787984465","0.343378798446544","10"
"default_longboard","30","3","9","0","0","0","0","0.762678503990173","0","299.199554443359","38706.546875","1121.81811523438","0","66174.390625","0","0","0","329.958709716797","1388.89782714844","0","1388.89782714844","6671.0615234375","42417.6796875","0","0.326053828001022","0.458278894424438","0","0","39669.078125","0","21.8953742980957","0.866003036499023","0","9","247","68","386","290","290","-1","0","248","0","89","0","45","0.516666650772095","0.063227504491806","82","302","20460.0006211753","1023","20.0000006072095","45.3550209123662","0.355020912366228","10"
"default_longboard","30","3","10","0","0","0","0","0.392337203025818","0","314.368988037109","41985.3515625","1084.80053710938","0","70489.8359375","0","0","0","331.287567138672","1456.35705566406","0","1456.35705566406","7112.23193359375","44297.9453125","0","0.347616463899612","0.482472956180573","0","0","42925.5078125","0","23.3087596893311","0.883559286594391","0","9","253","71","386","293","293","-1","0","254","0","92","0","45","0.533333301544189","0.063227504491806","84","303","20459.9973597559","1023","19.9999974191162","46.0948653477548","1.09486534775484","10"
"default_longboard","30","4","0","0","0","0","0","1.99415183067322","0","3.19805788993835","366.550811767578","0","0","622.075012207031","0","0","0","12.6799430847168","450.107055664063","0","450.107055664063","76.1217346191406","533.304504394531","0","0.00372051494196057","0.00570733193308115","0","0","369.098510742188","0","0.0874112844467163","0.538777828216553","0","9","152","1","400","244","244","-1","0","153","0","43","0","33.248851776123","0.216666668653488","0.0843033343553543","20","381","20459.9997061233","1023","19.9999997127305","40.6837538189838","7.43490204286075","10"
"default_longboard","30","4","1","0","0","0","0","3.46366739273071","0","8.61800003051758","224.996673583984","0","0","561.984924316406","0","0","0","26.6836967468262","485.994750976563","0","485.994750976563","93.9649887084961","531.179321289063","0","0.00459261937066913","0.0129681369289756","0","0","233.044525146484","0","0.234483450651169","0.331373631954193","0","9","158","3","399","246","246","-1","0","159","0","45","0","21.0702419281006","0.233333334326744","0.0843033343553543","28","377","20459.9992127817","1023","19.9999992304806","20.7411406200779","-0.329101308022679","10"
"default_longboard","30","4","2","0","0","0","0","2.9372980594635","0","6.33212614059448","263.059387207031","0","0","574.126586914063","0","0","0","19.0464954376221","521.966735839844","0","521.966735839844","87.6320190429688","531.940368652344","0","0.00428309012204409","0.00994163658469915","0","0","268.798431396484","0","0.175144508481026","0.383666038513184","0","9","164","6","399","249","249","-1","0","165","0","48","0","23.5106315612793","0.25","0.0843033343553543","28","380","20459.9988666936","1023","19.9999988921737","25.5198280947568","2.00919653347747","10"
"default_longboard","30","4","3","0","0","0","0","4.11633491516113","0","60.7453498840332","46.8755569458008","130.183990478516","0","501.542297363281","0","0","0","119.681747436523","691.450500488281","0","691.450500488281","193.400451660156","506.800476074219","0","0.00945261213928461","0.0827540010213852","0","0","237.109649658203","0","2.39059233665466","0.125731527805328","0","9","183","15","397","258","258","-1","0","184","0","57","0","10.7282037734985","0.300000011920929","0.0843033343553543","51","358","20460.000771257","1023","20.0000007539169","6.55895136451826","-4.16925240898028","10"
"default_longboard","30","4","4","0","0","0","0","-7.37924098968506","0","4.57800436019897","394.641784667969","0","0","554.972290039063","0","0","0","9.85543918609619","719.4921875","0","719.4921875","83.1585540771484","532.529418945313","0","0.00406444584950805","0.00709091126918793","0","0","398.544219970703","0","0.132325142621994","0.281619250774384","0","9","200","23","396","266","266","-1","0","201","0","65","0","15.5621919631958","0.349999994039536","0.0843033343553543","27","373","20459.9980307805","1023","19.9999980750542","34.9730370817649","19.4108451185691","10"
"default_longboard","30","4","5","0","0","0","0","-1.92513704299927","0","10.4601106643677","290.466918945313","0","0","543.717346191406","0","0","0","17.1323204040527","843.091918945313","0","843.091918945313","98.6627197265625","530.826171875","0","0.00482222530990839","0.0144441202282906","0","0","300.326263427734","0","0.327029079198837","0.222574532032013","0","9","218","32","395","275","275","-1","0","219","0","74","0","13.0401659011841","0.400000005960464","0.0843033343553543","41","373","20459.9979025942","1023","19.99999794975","19.502855982938","6.46269008175389","10"
"default_longboard","30","4","6","0","0","0","0","-3.56335639953613","0","10.5281314849854","222.614990234375","0","0","537.187683105469","0","0","0","14.8453035354614","956.816162109375","0","956.816162109375","94.684440612793","531.071411132813","0","0.0046277828514576","0.0142042255029082","0","0","232.639511108398","0","0.34274297952652","0.160652831196785","0","9","236","41","394","284","284","-1","0","237","0","83","0","9.58096790313721","0.449999988079071","0.0843033343553543","41","369","20460.0007502449","1023","20.0000007333772","19.0142456392634","9.4332777361262","10"
"default_longboard","30","4","7","0","0","0","0","-5.32882976531982","0","17.1328887939453","169.422485351563","0","0","535.421875","0","0","0","20.7548942565918","1082.25915527344","0","1082.25915527344","109.847793579102","529.765991210938","0","0.00536890467628837","0.0224621742963791","0","0","186.09033203125","0","0.627077281475067","0.180077880620956","0","9","254","51","393","294","294","-1","0","255","0","93","0","9.70841217041016","0.5","0.0843033343553543","51","367","20460.0007268227","1023","20.0000007104816","13.8286960831543","4.12028391274412","10"
"default_longboard","30","4","8","0","0","0","0","0.66087406873703","0","39.1156921386719","60.5951461791992","178.549606323242","0","519.849548339844","0","0","0","41.7388458251953","1255.53051757813","0","1255.53051757813","155.22331237793","517.165771484375","0","0.00758667290210724","0.0524043925106525","0","0","277.759948730469","0","1.85267949104309","0.212430104613304","0","9","271","60","393","303","303","-1","0","272","0","102","0","9.23311805725098","0.550000011920929","0.0843033343553543","60","350","20459.9979965942","1023","19.9999980416366","8.32405861964888","-0.909059437602096","10"
"default_longboard","30","4","9","0","0","0","0","-0.214786574244499","0","51.9660377502441","53.7436599731445","943.976196289063","0","460.24609375","0","0","0","51.0019302368164","1381.45324707031","0","1381.45324707031","153.305267333984","408.078247070313","0","0.00749292550608516","0.0704567804932594","0","0","1047.12194824219","0","2.61765670776367","0.249953523278236","0","9","289","70","392","313","313","-1","0","290","0","112","0","10.6832885742188","0.600000023841858","0.0843033343553543","76","356","20460.0015320427","1023","20.000001497598","6.10482605387997","-4.57846252033878","10"
"default_longboard","30","4","10","0","0","0","0","-3.02033281326294","0","434.518310546875","77.2919387817383","23.2737064361572","0","1897.19567871094","0","0","0","342.169311523438","2014.42822265625","0","2014.42822265625","123.598052978516","2230.35595703125","0","0.00604095868766308","0.689275503158569","0","0","533.608520507813","0","33.6541481018066","0.02911008708179","0","9","304","80","393","323","323","-1","0","305","0","122","0","0.0057295779697597","0.649999976158142","0.0843033343553543","119","326","20460.0063282884","1023","20.0000061860102","0.502158946772164","0.496429368802405","10"
"default_longboard","45","0","0","0","0","0","0","2.88618588447571","0","27.7048778533936","51.5653457641602","0","0","539.076721191406","0","0","0","208.072708129883","198.915710449219","0","198.915710449219","149.732788085938","526.660339355469","0","0.00731831789016724","0.0413889288902283","0","0","78.8103256225586","0","0.728457689285278","-0.235526740550995","0","9","25","8","396","207","207","-1","0","26","2","6","0","13.4286680221558","0.0333333350718021","0","21","394","20460.0005538316","1023","20.0000005413799","10.1844858821108","-3.24418214004499","10"
"default_longboard","45","0","1","0","0","0","0","3.00040531158447","0","44.8532485961914","38.4339485168457","0","0","524.818786621094","0","0","0","252.27099609375","268.975311279297","0","268.975311279297","188.226776123047","524.2421875","0","0.00919974315911531","0.0678546726703644","0","0","82.8524703979492","0","1.36689960956573","-0.177451193332672","0","9","31","10","396","209","209","-1","0","32","3","8","0","11.1906147003174","0.0500000007450581","0","27","391","20460.0033791756","1023","20.0000033032019","7.79216580653917","-3.39844889377821","10"
"default_longboard","45","0","2","0","0","0","0","3.10151815414429","0","64.5065689086914","30.7672595977783","0","0","512.75634765625","0","0","0","291.301208496094","343.093719482422","0","343.093719482422","223.964385986328","522.169555664063","0","0.0109464498236775","0.0999436229467392","0","0","94.859245300293","0","2.2421715259552","-0.153118312358856","0","9","38","12","396","211","211","-1","0","39","3","10","0","9.72026538848877","0.0666666701436043","0","34","387","20460.0020640377","1023","20.0000020176322","6.28800694603675","-3.43225844245202","10"
"default_longboard","45","1","0","0","0","0","0","5.17556238174438","0","12.4854335784912","78.7405090332031","0","0","530.613403320313","0","0","0","387.064575195313","47.7160491943359","0","47.7160491943359","99.9630661010742","529.503845214844","0","0.0048857806250453","0.0184691920876503","0","0","90.743034362793","0","0.263616561889648","0.0354320183396339","0","9","33","3","398","209","209","-1","0","34","0","8","0","20.5989379882813","0.0333333350718021","0.0210758335888386","15","393","20459.9988768729","1023","19.999998902124","15.3394298914002","-5.25950809688102","10"
"default_longboard","45","1","1","0","0","0","0","5.08693361282349","0","28.725341796875","49.7909545898438","0","0","523.898803710938","0","0","0","398.407409667969","103.019180297852","0","103.019180297852","147.644500732422","526.166687011719","0","0.00721625098958611","0.0410436019301414","0","0","78.051513671875","0","0.749764859676361","0.0251658521592617","0","9","39","5","398","211","211","-1","0","40","0","10","0","14.4930105209351","0.0500000007450581","0.0210758335888386","19","385","20460.0007601579","1023","20.0000007430673","10.1263300784457","-4.36668044248939","10"
"default_longboard","45","1","2","0","0","0","0","5.04243326187134","0","99.3195648193359","24.4419765472412","148.239486694336","0","480.784820556641","0","0","0","546.299011230469","264.177978515625","0","264.177978515625","258.685028076172","503.660522460938","0","0.0126434518024325","0.144320175051689","0","0","271.381683349609","0","3.9181969165802","0.0206121485680342","0","9","55","9","395","215","215","-1","0","56","0","14","0","9.15592384338379","0.100000001490116","0.0210758335888386","28","356","20460.0003320614","1023","20.0000003245957","5.02595234319237","-4.12997150019142","10"
"default_longboard","45","1","3","0","0","0","0","4.40123796463013","0","173.656936645508","15.8020401000977","377.984741210938","0","428.862518310547","0","0","0","643.138916015625","407.317016601563","0","407.317016601563","321.45751953125","494.747344970703","0","0.015711510553956","0.261961430311203","0","0","566.884338378906","0","8.65079116821289","0.024717666208744","0","9","74","16","391","222","222","-1","0","75","1","21","0","7.2685432434082","0.150000005960464","0.0210758335888386","41","339","20460.0008654362","1023","20.0000008459787","3.43845976279122","-3.83008348061698","10"
"default_longboard","45","1","4","0","0","0","0","3.8775475025177","0","245.677047729492","10.2727317810059","564.701843261719","0","367.020355224609","0","0","0","685.37548828125","555.756591796875","0","555.756591796875","360.160095214844","483.542816162109","0","0.0176031310111284","0.38090193271637","0","0","820.08203125","0","14.2556114196777","0.0275178719311953","0","9","93","24","390","230","230","-1","0","94","1","29","0","6.14937591552734","0.200000002980232","0.0210758335888386","59","330","20460.0019727829","1023","20.0000019284291","2.64882993494563","-3.50054598058172","10"
"default_longboard","45","1","5","0","0","0","0","3.87474632263184","0","258.885437011719","9.53371620178223","657.965881347656","0","352.033142089844","0","0","0","701.62060546875","567.35302734375","0","567.35302734375","362.075744628906","477.533996582031","0","0.0176967605948448","0.39806655049324","0","0","925.770690917969","0","15.4451503753662","0.0230874139815569","0","9","99","27","389","233","233","-1","0","100","1","32","0","6.01955556869507","0.216666668653488","0.0210758335888386","61","327","20460.0012916704","1023","20.0000012626299","2.54802601217223","-3.47152955652283","10"
"default_longboard","45","2","0","0","0","0","0","5.21167230606079","0","13.7042207717896","72.1750946044922","0","0","531.506530761719","0","0","0","280.777801513672","70.5338973999023","0","70.5338973999023","106.693893432617","529.306030273438","0","0.00521475495770574","0.0198043528944254","0","0","85.4161148071289","0","0.298590570688248","0.0794371291995049","0","9","51","1","399","214","214","-1","0","52","0","13","0","20.1343555450439","0.0666666701436043","0.0421516671776772","12","382","20460.0013419533","1023","20.0000013117823","15.2667693887139","-4.86758615633","10"
"default_longboard","45","2","1","0","0","0","0","5.14481544494629","0","23.9225692749023","53.5669746398926","0","0","526.765747070313","0","0","0","295.484222412109","113.007423400879","0","113.007423400879","136.828353881836","527.037353515625","0","0.00668760342523456","0.0333919115364552","0","0","77.0291137695313","0","0.594418406486511","0.062796376645565","0","9","57","3","398","216","216","-1","0","58","0","15","0","16.313892364502","0.0833333358168602","0.0421516671776772","16","374","20459.998175959","1023","19.9999982169687","11.553108208425","-4.760784156077","10"
"default_longboard","45","2","2","0","0","0","0","5.07499599456787","0","37.5104560852051","41.8844337463379","0","0","520.410766601563","0","0","0","345.376037597656","149.796829223633","0","149.796829223633","168.680389404297","524.793334960938","0","0.00824439711868763","0.0517362356185913","0","0","78.9443206787109","0","1.06357264518738","0.0444366373121738","0","9","63","5","398","218","218","-1","0","64","0","17","0","13.786904335022","0.100000001490116","0.0421516671776772","20","368","20460.0029542425","1023","20.0000028878225","9.16942571345705","-4.61747862156492","10"
"default_longboard","45","2","3","0","0","0","0","4.75319051742554","0","104.039108276367","26.5499401092529","379.740264892578","0","469.625366210938","0","0","0","489.847137451172","304.008880615234","0","304.008880615234","249.271133422852","490.014038085938","0","0.0121833402663469","0.148917868733406","0","0","509.441131591797","0","4.34141683578491","0.00749089382588863","0","9","81","12","394","225","225","-1","0","82","0","24","0","9.38843822479248","0.150000005960464","0.0421516671776772","33","347","20459.9993083501","1023","19.9999993239003","4.6927544544637","-4.69568377032878","10"
"default_longboard","45","2","4","0","0","0","0","4.33570432662964","0","179.250961303711","16.574670791626","769.790161132813","0","414.171051025391","0","0","0","581.918334960938","447.843902587891","0","447.843902587891","305.005096435547","477.701354980469","0","0.0149073852226138","0.260608583688736","0","0","964.72021484375","0","9.25242519378662","0.00101039034780115","0","9","101","21","394","234","234","-1","0","102","0","33","0","7.48003578186035","0.200000002980232","0.0421516671776772","46","329","20459.9996498962","1023","19.9999996577676","3.27923489332753","-4.20080088853282","10"
"default_longboard","45","2","5","0","0","0","0","3.9075334072113","0","239.970092773438","10.9456844329834","946.249145507813","0","354.499206542969","0","0","0","639.216918945313","557.295166015625","0","557.295166015625","338.970001220703","456.851135253906","0","0.016567450016737","0.356232464313507","0","0","1196.29345703125","0","14.1596240997314","0.00144034903496504","0","9","120","29","392","242","242","-1","0","121","0","41","0","6.34579610824585","0.25","0.0421516671776772","55","315","20459.9984233098","1023","19.9999984587584","2.66563969503434","-3.68015641321151","10"
"default_longboard","45","2","6","0","0","0","0","3.40022706985474","0","239.905288696289","10.5521717071533","1417.51611328125","0","321.045715332031","0","0","0","575.150695800781","613.071899414063","0","613.071899414063","314.343536376953","398.010894775391","0","0.0153638077899814","0.352608740329742","0","0","1666.41296386719","0","14.5661649703979","0.0170729625970125","0","9","140","38","390","251","251","-1","0","141","0","50","0","6.16986513137817","0.300000011920929","0.0421516671776772","59","308","20460.0018871581","1023","20.0000018447293","2.49727259835907","-3.67259253301911","10"
"default_longboard","45","2","7","0","0","0","0","2.87501072883606","0","415.049560546875","48182.75","1412.79235839844","0","89868.890625","0","0","0","759.298156738281","834.48291015625","0","834.48291015625","9026.962890625","80425.453125","0","0.44120055437088","0.633621335029602","0","0","49494.03515625","0","29.4661979675293","0.440744906663895","0","9","159","47","390","260","260","-1","0","160","0","59","0","45","0.349999994039536","0.0421516671776772","78","288","20459.9989759686","1023","19.9999989989918","44.1321633290608","-0.867836670939198","10"
"default_longboard","45","2","8","0","0","0","0","2.24356985092163","0","450.624114990234","54991.0703125","1286.01513671875","0","98899.9453125","0","0","0","745.26708984375","931.844299316406","0","931.844299316406","9935.615234375","86558.5","0","0.4856116771698","0.694472908973694","0","0","56212.1328125","0","32.9557418823242","0.488836914300919","0","9","178","56","389","269","269","-1","0","179","0","68","0","45","0.400000005960464","0.0421516671776772","83","287","20460.0006578938","1023","20.0000006431024","44.3670365265284","-0.63296347347157","10"
"default_longboard","45","2","9","0","0","0","0","1.464240193367","0","501.001831054688","64708.48828125","939.932861328125","0","112039.109375","0","0","0","751.326416015625","1033.18859863281","0","1033.18859863281","11269.953125","95062.734375","0","0.550828635692596","0.776261925697327","0","0","65688.9921875","0","37.6402931213379","0.548855662345886","0","9","198","66","389","279","279","-1","0","199","0","78","0","45","0.449999988079071","0.0421516671776772","89","289","20459.998617954","1023","19.9999986490264","45.2016673040442","0.201667304044179","10"
"default_longboard","45","2","10","0","0","0","0","0.765801906585693","0","522.651916503906","71170.2734375","103.487464904785","0","118742.859375","0","0","0","704.995971679688","1152.40234375","0","1152.40234375","11975.2724609375","98229.8359375","0","0.585301697254181","0.81243908405304","0","0","71608.46875","0","39.8130416870117","0.597070336341858","0","9","217","75","387","288","288","-1","0","218","0","87","0","45","0.5","0.0421516671776772","93","291","20459.9995474419","1023","19.9999995576167","46.0896132647784","1.08961326477841","10"
"default_longboard","45","3","0","0","0","0","0","5.26178073883057","0","20.5772857666016","63.6435546875","0","0","528.931274414063","0","0","0","168.241683959961","174.656341552734","0","174.656341552734","128.012619018555","528.0908203125","0","0.00625672610476613","0.0293844770640135","0","0","83.7848587036133","0","0.535022020339966","0.0887401849031448","0","9","83","4","399","226","226","-1","0","84","0","25","0","16.2868347167969","0.133333340287209","0.063227504491806","20","371","20460.0004659049","1023","20.0000004554301","12.2938925373744","-3.99294217942248","10"
"default_longboard","45","3","1","0","0","0","0","5.26271104812622","0","17.7501373291016","71.4668197631836","0","0","530.525390625","0","0","0","141.415832519531","182.592025756836","0","182.592025756836","120.265625","528.798522949219","0","0.00587808527052402","0.0258214026689529","0","0","88.7872085571289","0","0.46123018860817","0.098677396774292","0","9","90","7","398","229","229","-1","0","91","0","28","0","16.863130569458","0.150000005960464","0.063227504491806","22","373","20460.0000621084","1023","20.000000060712","13.1583985790734","-3.70473199038465","10"
"default_longboard","45","3","2","0","0","0","0","4.60505294799805","0","90.3028030395508","32.5873870849609","196.243240356445","0","485.005004882813","0","0","0","355.998443603516","349.553771972656","0","349.553771972656","236.525665283203","505.977661132813","0","0.0115603944286704","0.124440602958202","0","0","318.59375","0","3.61870360374451","0.0255357958376408","0","9","109","15","397","237","237","-1","0","110","0","36","0","9.58651161193848","0.200000002980232","0.063227504491806","40","350","20459.9995910699","1023","19.9999996002638","5.33040065376885","-4.25611095816963","10"
"default_longboard","45","3","3","0","0","0","0","2.2276599407196","0","9.81177616119385","190.517303466797","0","0","535.718566894531","0","0","0","48.4539031982422","316.103179931641","0","316.103179931641","95.2448883056641","531.204895019531","0","0.00465517584234476","0.0153164332732558","0","0","199.85302734375","0","0.285244107246399","0.134030014276505","0","9","128","24","396","246","246","-1","0","129","0","45","0","17.4778442382813","0.25","0.063227504491806","30","377","20459.997974575","1023","19.9999980201124","17.6940074677963","0.216163229515011","10"
"default_longboard","45","3","4","0","0","0","0","3.26678204536438","0","32.0207176208496","119.713066101074","160.758392333984","0","510.650970458984","0","0","0","104.802215576172","421.972473144531","0","421.972473144531","132.275039672852","503.607421875","0","0.00646505551412702","0.0442236512899399","0","0","311.581237792969","0","1.05459344387054","0.070172131061554","0","9","148","33","394","255","255","-1","0","149","0","54","0","12.3094081878662","0.300000011920929","0.063227504491806","45","371","20460.000596099","1023","20.0000005826969","8.40619566364424","-3.90321252422197","10"
"default_longboard","45","3","5","0","0","0","0","-2.05897402763367","0","12.6212301254272","323.330078125","0","0","532.15869140625","0","0","0","37.2604675292969","488.849334716797","0","488.849334716797","105.542335510254","530.570129394531","0","0.00515847187489271","0.0182147566229105","0","0","335.342590332031","0","0.397552371025085","0.100572034716606","0","9","167","42","394","264","264","-1","0","168","0","63","0","13.3411655426025","0.349999994039536","0.063227504491806","42","377","20460.0001841532","1023","20.0000001800129","16.4514588263465","3.11029328374401","10"
"default_longboard","45","3","6","0","0","0","0","-4.00423574447632","0","21.3077735900879","247.952835083008","0","0","526.509033203125","0","0","0","50.1671943664551","577.091003417969","0","577.091003417969","112.168060302734","529.785766601563","0","0.00548231042921543","0.0289510358124971","0","0","268.760040283203","0","0.740042626857758","0.0574566684663296","0","9","186","51","393","273","273","-1","0","187","0","72","0","9.62641429901123","0.400000005960464","0.063227504491806","51","371","20459.9979791343","1023","19.9999980245692","10.9157234034568","1.28930910444557","10"
"default_longboard","45","3","7","0","0","0","0","1.03863430023193","0","322.418914794922","38039.45703125","1255.73193359375","0","67880.765625","0","0","0","503.336242675781","942.297424316406","0","942.297424316406","6827.4931640625","57021.30078125","0","0.333699584007263","0.474292457103729","0","0","39136.55859375","0","22.2177104949951","0.553043067455292","0","9","206","61","393","283","283","-1","0","207","0","82","0","45","0.449999988079071","0.063227504491806","81","300","20459.9990268909","1023","19.9999990487692","44.7144122243976","-0.285587775602394","10"
"default_longboard","45","3","8","0","0","0","0","0.544631242752075","0","281.669830322266","8.01451778411865","1492.62072753906","0","265.994720458984","0","0","0","414.297149658203","991.829284667969","0","991.829284667969","157.202438354492","372.291442871094","0","0.00768340332433581","0.410912066698074","0","0","1779.66650390625","0","18.7755031585693","0.0272771045565605","0","9","225","70","391","292","292","-1","0","226","0","91","0","3.45106267929077","0.5","0.063227504491806","91","313","20460.0008249705","1023","20.0000008064228","1.07140261360893","-2.37966006568184","10"
"default_longboard","45","3","9","0","0","0","0","-0.0486645996570587","0","336.32373046875","42916.78515625","912.373291015625","0","72642.8203125","0","0","0","452.283599853516","1095.779296875","0","1095.779296875","7315.4052734375","59518.171875","0","0.35754668712616","0.495602995157242","0","0","43769.90234375","0","23.805685043335","0.598151504993439","0","9","232","74","392","296","296","-1","0","233","0","95","0","45","0.516666650772095","0.063227504491806","89","307","20460.0001533681","1023","20.00000014992","46.1733067039573","1.17330670395733","10"
"default_longboard","45","3","10","0","0","0","0","-0.300650596618652","0","331.146087646484","6.8800573348999","876.231323242188","0","739.660705566406","0","0","0","435.770202636719","1126.18359375","0","1126.18359375","23.2448883056641","931.50927734375","0","0.00113611551932991","0.490757286548615","0","0","1211.25561523438","0","23.7029151916504","0.00284632667899132","0","9","237","77","392","299","299","-1","0","238","0","98","0","0.0057295779697597","0.533333301544189","0.063227504491806","89","308","20459.9689997846","1023","19.9999696967592","0.132641304967962","0.126911726998203","10"
"default_longboard","45","4","0","0","0","0","0","1.76574504375458","0","2.96248531341553","443.325286865234","0","0","561.825927734375","0","0","0","17.315128326416","293.834533691406","0","293.834533691406","74.3770065307617","533.086242675781","0","0.00363523978739977","0.00508778262883425","0","0","445.616882324219","0","0.0733571648597717","0.316155314445496","0","9","124","1","400","244","244","-1","0","125","0","43","0","32.6658401489258","0.216666668653488","0.0843033343553543","20","383","20460.0001321955","1023","20.0000001292234","45.6025444152422","12.9367042663164","10"
"default_longboard","45","4","1","0","0","0","0","1.9781346321106","0","5.8207368850708","276.502380371094","0","0","542.350402832031","0","0","0","30.6461334228516","325.316162109375","0","325.316162109375","86.1077423095703","532.198547363281","0","0.00420858943834901","0.00996968243271112","0","0","281.76171875","0","0.169780701398849","0.190204232931137","0","9","130","4","400","247","247","-1","0","131","0","46","0","21.979564666748","0.233333334326744","0.0843033343553543","28","382","20460.000570488","1023","20.0000005576617","24.969690333814","2.99012566706598","10"
"default_longboard","45","4","2","0","0","0","0","1.29514527320862","0","5.81718063354492","300.318237304688","0","0","542.158508300781","0","0","0","28.0814380645752","353.468139648438","0","353.468139648438","86.9660491943359","532.175720214844","0","0.0042505394667387","0.00992589350789785","0","0","305.548522949219","0","0.170647814869881","0.188554286956787","0","9","137","7","400","250","250","-1","0","138","0","49","0","21.5389785766602","0.25","0.0843033343553543","30","383","20460.0027537357","1023","20.0000026918237","25.3551178850323","3.81613930837214","10"
"default_longboard","45","4","3","0","0","0","0","-3.32039880752563","0","6.08281946182251","408.676513671875","0","0","538.937194824219","0","0","0","22.8880977630615","435.090911865234","0","435.090911865234","92.6829605102539","532.013122558594","0","0.00452995859086514","0.00995840318500996","0","0","414.063629150391","0","0.186474919319153","0.156995579600334","0","9","156","16","398","259","259","-1","0","157","0","58","0","17.4424343109131","0.300000011920929","0.0843033343553543","32","379","20460.0017088795","1023","20.0000016704589","27.0577308874725","9.61529657655946","10"
"default_longboard","45","4","4","0","0","0","0","-28.4625244140625","0","3.43027997016907","410.155212402344","0","0","534.511962890625","0","0","0","8.16610622406006","514.755554199219","0","514.755554199219","73.3016738891602","532.903747558594","0","0.00358268176205456","0.0042035486549139","0","0","412.903900146484","0","0.0695053860545158","0.0467354841530323","0","9","175","25","398","268","268","-1","0","176","0","67","0","1.90444695949554","0.349999994039536","0.0843033343553543","25","379","20460.0014060763","1023","20.0000013744636","58.4626491178174","56.5582021583219","10"
"default_longboard","45","4","5","0","0","0","0","-8.69603633880615","0","9.26814651489258","391.252746582031","0","0","532.352661132813","0","0","0","22.1569156646729","612.227966308594","0","612.227966308594","98.3285369873047","531.4833984375","0","0.0048058913089335","0.0135650839656591","0","0","399.879852294922","0","0.29803928732872","0.0732547715306282","0","9","194","34","397","277","277","-1","0","195","0","76","0","10.3588190078735","0.400000005960464","0.0843033343553543","45","380","20460.0001678201","1023","20.0000001640471","20.7495656005944","10.3907465927208","10"
"default_longboard","45","4","6","0","0","0","0","-11.162428855896","0","8.60987281799316","377.309844970703","0","0","531.378784179688","0","0","0","16.8162727355957","713.226318359375","0","713.226318359375","94.2244567871094","531.788269042969","0","0.00460530072450638","0.0119938086718321","0","0","385.307067871094","0","0.270672202110291","0.0100828083232045","0","9","214","44","397","287","287","-1","0","215","0","86","0","5.30555963516235","0.449999988079071","0.0843033343553543","46","379","20460.000860684","1023","20.0000008413334","22.5800088801981","17.2744492450358","10"
"default_longboard","45","4","7","0","0","0","0","-7.97022819519043","0","14.8265151977539","252.813720703125","0","0","528.525756835938","0","0","0","23.9811706542969","809.32861328125","0","809.32861328125","100.503273010254","530.904052734375","0","0.00491218362003565","0.0194086469709873","0","0","267.144134521484","0","0.517625093460083","0.018898468464613","0","9","233","53","395","296","296","-1","0","234","0","95","0","5.21516418457031","0.5","0.0843033343553543","53","373","20459.9992150791","1023","19.9999992327264","14.6605876314001","9.44542344682981","10"
"default_longboard","45","4","8","0","0","0","0","-0.528833210468292","0","27.0606994628906","116.964385986328","0","0","522.446411132813","0","0","0","37.5540237426758","935.235778808594","0","935.235778808594","128.346923828125","528.63427734375","0","0.00627306569367647","0.0351218692958355","0","0","143.632369995117","0","1.11890912055969","0.0673424899578094","0","9","252","63","396","306","306","-1","0","253","0","105","0","7.20844078063965","0.550000011920929","0.0843033343553543","63","366","20459.9999578363","1023","19.9999999587843","10.2887222964408","3.08028151580118","10"
"default_longboard","45","4","9","0","0","0","0","-0.743908286094666","0","49.428165435791","72.1605758666992","984.927612304688","0","486.098693847656","0","0","0","62.2554054260254","1061.00732421875","0","1061.00732421875","126.766418457031","472.996765136719","0","0.00619581760838628","0.0660534426569939","0","0","1105.55517578125","0","2.44687294960022","0.157046496868134","0","9","271","73","395","316","316","-1","0","272","0","115","0","10.8658494949341","0.600000023841858","0.0843033343553543","73","355","20459.9984165848","1023","19.9999984521845","5.3822606684728","-5.48358882646128","10"
"default_longboard","45","4","10","0","0","0","0","-1.59978008270264","0","64.4845123291016","46.7954254150391","1379.16271972656","0","411.495910644531","0","0","0","73.1420516967773","1188.62609863281","0","1188.62609863281","151.637069702148","344.013488769531","0","0.00741139147430658","0.0869385451078415","0","0","1486.26477050781","0","3.41500234603882","0.164971888065338","0","9","290","83","396","326","326","-1","0","291","0","125","0","10.3488426208496","0.649999976158142","0.0843033343553543","83","355","20460.0000185978","1023","20.0000000181797","4.89032159215125","-5.45852102869836","10"
"default_longboard","5","0","0","0","0","0","0","3.43290185928345","0","5.57677221298218","128.798110961914","0","0","534.8251953125","0","0","0","195.99560546875","40.741455078125","0","40.741455078125","70.4984436035156","531.704895019531","0","0.00344567163847387","0.00798514578491449","0","0","133.865051269531","0","0.0936552435159683","-0.0806550458073616","0","9","179","2","392","201","201","-1","0","180","0","0","0","28.7337493896484","0.0166666675359011","0","8","392","20460.0005457108","1023","20.0000005334417","25.563436472992","-3.17031291665648","10"
"default_longboard","5","0","1","0","0","0","0","3.60924434661865","0","22.565315246582","55.1624450683594","0","0","528.675170898438","0","0","0","242.351257324219","135.763778686523","0","135.763778686523","133.55403137207","527.277770996094","0","0.00652756774798036","0.0329025238752365","0","0","77.2626266479492","0","0.559705674648285","-0.0968879163265228","0","9","179","2","390","201","201","-1","0","180","0","0","0","15.7948427200317","0.0333333350718021","0","16","390","20459.9992720707","1023","19.9999992884367","11.4428909090544","-4.35195181097738","10"
"default_longboard","5","0","2","0","0","0","0","4.0003490447998","0","39.7143325805664","39.0639877319336","0","0","518.630249023438","0","0","0","285.642700195313","204.900512695313","0","204.900512695313","177.314056396484","524.633850097656","0","0.0086663756519556","0.0585283413529396","0","0","78.3430557250977","0","1.19154167175293","-0.019360139966011","0","9","182","3","389","202","202","-1","0","183","0","1","0","12.753643989563","0.0500000007450581","0","19","386","20460.0012182108","1023","20.0000011908219","8.51518088136127","-4.23846310820172","10"
"default_longboard","5","0","3","0","0","0","0","4.3108983039856","0","98.7454605102539","21.3737449645996","0","0","485.131713867188","0","0","0","324.355255126953","484.936370849609","0","484.936370849609","278.926910400391","519.200073242188","0","0.0136327920481563","0.157291650772095","0","0","119.744827270508","0","4.25399351119995","-0.0142416814342141","0","9","184","4","383","203","203","-1","0","185","0","2","0","9.47084045410156","0.100000001490116","0","36","371","20459.9989066886","1023","19.9999989312694","4.97218168851458","-4.49865876558699","10"
"default_longboard","5","0","4","0","0","0","0","4.27391195297241","0","171.648803710938","13.2147922515869","0","0","431.280334472656","0","0","0","405.293670654297","702.1494140625","0","702.1494140625","355.391387939453","515.634643554688","0","0.01737005636096","0.284576714038849","0","0","184.549179077148","0","9.43873119354248","-0.00763554591685534","0","9","186","5","373","204","204","-1","0","187","0","3","0","7.91022634506226","0.150000005960464","0","53","354","20460.0020031145","1023","20.0000019580787","3.49940769469885","-4.4108186503634","10"
"default_longboard","5","0","5","0","0","0","0","4.17094802856445","0","252.545043945313","7.84881067276001","0","0","351.611633300781","0","0","0","445.894134521484","996.047424316406","0","996.047424316406","396.953796386719","514.092712402344","0","0.0194014590233564","0.444131702184677","0","0","260.147216796875","0","17.2993183135986","-0.0020012513268739","0","9","189","7","366","206","206","-1","0","190","0","5","0","6.79611301422119","0.200000002980232","0","70","333","20459.9971532474","1023","19.9999972172506","2.50370681034428","-4.29240620387691","10"
"default_longboard","5","0","6","0","0","0","0","3.84624934196472","0","330.491912841797","4.40065097808838","57.6925582885742","0","262.63330078125","0","0","0","466.976226806641","1280.33361816406","0","1280.33361816406","397.779663085938","511.579010009766","0","0.0194418225437403","0.597885370254517","0","0","392.384643554688","0","26.0403137207031","-0.00219712173566222","0","9","189","7","356","206","206","-1","0","190","0","5","0","5.87205982208252","0.25","0","89","318","20459.9986544992","1023","19.9999986847499","1.86345218295548","-4.00860763912704","10"
"default_longboard","5","0","7","0","0","0","0","3.48532342910767","0","429.478485107422","-1.88660681247711","0","0","163.319976806641","0","0","0","503.617034912109","1578.41003417969","0","1578.41003417969","-355.866241455078","554.852661132813","0","-0.0173932686448097","0.794914245605469","0","0","427.485778808594","0","38.0932884216309","-0.0109219597652555","0","9","191","8","346","207","207","-1","0","192","0","6","0","2.19982409477234","0.300000011920929","0","112","299","20459.997986708","1023","19.9999980319726","-1.25377109320669","-3.45359518797903","10"
"default_longboard","5","0","8","0","0","0","0","3.08575224876404","0","504.061004638672","-0.033723920583725","30.4478511810303","0","64.7598342895508","0","0","0","523.025329589844","1818.54223632813","0","1818.54223632813","-159.496627807617","543.84033203125","0","-0.00779553363099694","0.951143622398376","0","0","534.431518554688","0","47.3651695251465","-0.0124245537444949","0","9","194","9","338","208","208","-1","0","195","1","7","0","2.45380234718323","0.349999994039536","0","124","278","20460.0012465368","1023","20.0000012185111","-0.46959907224301","-2.92340141942624","10"
"default_longboard","5","0","9","0","0","0","0","2.5921049118042","0","581.311645507813","82799.734375","167.642974853516","0","155332.53125","0","0","0","547.330322265625","2053.83935546875","0","2053.83935546875","15589.16015625","145843.0625","0","0.761933565139771","1.12412858009338","0","0","83511.7265625","0","57.0130004882813","-0.352320075035095","0","9","197","11","330","210","210","-1","0","198","1","9","0","45","0.400000005960464","0","140","257","20459.9992302351","1023","19.9999992475417","42.6719121645166","-2.3280878354834","10"
"default_longboard","5","0","10","0","0","0","0","2.0107250213623","0","648.500854492188","98797.6875","-181.039077758789","0","178972.6875","0","0","0","556.974060058594","2282.0927734375","0","2282.0927734375","17941.50390625","156595.59375","0","0.876906454563141","1.27106654644012","0","0","99396.8046875","0","63.6898155212402","-0.508383393287659","0","9","199","12","321","211","211","-1","0","200","1","10","0","45","0.449999988079071","0","155","239","20459.9975435101","1023","19.9999975987391","43.6220497916315","-1.37795020836847","10"
"default_longboard","5","0","11","0","0","0","0","0.864311516284943","0","734.619506835938","123021.6484375","116.524597167969","0","211693.6875","0","0","0","552.246520996094","2650.92138671875","0","2650.92138671875","21204.16796875","147842.6875","0","1.03637182712555","1.46396207809448","0","0","123621.234375","0","68.7321701049805","-0.798424780368805","0","7","201","13","311","212","212","-1","0","202","2","11","0","45","0.5","0","173","219","20460.0003722228","1023","20.0000003638542","45.0661406143907","0.0661406143907328","10"
"default_longboard","5","1","0","0","0","0","0","4.31079816818237","0","3.75968217849731","225.192260742188","0","0","606.714904785156","0","0","0","90.607063293457","65.3876724243164","0","65.3876724243164","65.3144912719727","532.632385253906","0","0.0031923009082675","0.00592458480969071","0","0","228.302825927734","0","0.0631775185465813","0.4951171875","0","9","190","1","398","207","207","-1","0","191","1","6","0","38.6434173583984","0.0166666675359011","0.0210758335888386","8","395","20460.0046013268","1023","20.0000044978756","32.6035312605195","-6.03988609787894","10"
"default_longboard","5","1","1","0","0","0","0","4.33844757080078","0","13.1152143478394","82.1123275756836","0","0","560.591796875","0","0","0","232.633346557617","80.0329284667969","0","80.0329284667969","105.766876220703","529.509887695313","0","0.00516944658011198","0.0186183284968138","0","0","94.7189331054688","0","0.276354759931564","0.33103421330452","0","9","191","1","396","207","207","-1","0","192","0","6","0","20.5164527893066","0.0333333350718021","0.0210758335888386","11","387","20459.9998436219","1023","19.9999998471378","16.1202165438685","-4.39623624543814","10"
"default_longboard","5","1","2","0","0","0","0","4.41790533065796","0","29.7115249633789","47.6798477172852","0","0","529.834106445313","0","0","0","276.871795654297","151.474212646484","0","151.474212646484","153.412887573242","526.072631835938","0","0.00749818608164787","0.0419389344751835","0","0","76.9314498901367","0","0.788169145584106","0.157204866409302","0","9","191","1","394","207","207","-1","0","192","0","6","0","14.4842081069946","0.0500000007450581","0.0210758335888386","16","383","20460.0000457079","1023","20.0000000446803","10.2991824262815","-4.18502568071308","10"
"default_longboard","5","1","3","0","0","0","0","4.59435224533081","0","84.8664016723633","24.2172813415527","0","0","496.53076171875","0","0","0","340.881469726563","381.089752197266","0","381.089752197266","258.506591796875","520.109680175781","0","0.0126347308978438","0.129906430840492","0","0","108.689002990723","0","3.40622282028198","0.100099086761475","0","9","193","2","388","208","208","-1","0","194","0","7","0","10.0798664093018","0.100000001490116","0.0210758335888386","23","361","20459.9998121836","1023","19.9999998164062","5.58142454009515","-4.49844186920661","10"
"default_longboard","5","1","4","0","0","0","0","4.55893707275391","0","148.295440673828","15.3232593536377","0","0","449.594757080078","0","0","0","356.495666503906","683.298461914063","0","683.298461914063","333.200592041016","516.423889160156","0","0.0162854641675949","0.243592947721481","0","0","163.280181884766","0","7.78750133514404","0.0778347924351692","0","9","195","3","378","209","209","-1","0","196","0","8","0","8.33500003814697","0.150000005960464","0.0210758335888386","33","340","20459.9997035408","1023","19.999999710206","3.83338226424996","-4.50161777389701","10"
"default_longboard","5","1","5","0","0","0","0","4.41419839859009","0","219.603500366211","9.91790866851807","0","0","386.243927001953","0","0","0","402.0966796875","925.837219238281","0","925.837219238281","382.139709472656","514.349792480469","0","0.0186774060130119","0.372276067733765","0","0","229.241271972656","0","13.9560871124268","0.0702610313892365","0","9","198","5","371","211","211","-1","0","199","0","10","0","7.12462902069092","0.200000002980232","0.0210758335888386","44","319","20459.999060171","1023","19.9999990813011","2.87578512241917","-4.24884389827175","10"
"default_longboard","5","1","6","0","0","0","0","4.33262491226196","0","268.287017822266","7.58541393280029","0","0","337.649261474609","0","0","0","454.675109863281","1013.13153076172","0","1013.13153076172","394.708312988281","514.077087402344","0","0.0192917063832283","0.46064567565918","0","0","275.631408691406","0","18.7721939086914","0.0700244531035423","0","9","200","6","362","212","212","-1","0","201","0","11","0","6.43261384963989","0.25","0.0210758335888386","51","306","20460.0000200827","1023","20.0000000196312","2.40023242090724","-4.03238142873265","10"
"default_longboard","5","1","7","0","0","0","0","3.89215135574341","0","380.376647949219","3.32400035858154","94.9370498657227","0","202.658172607422","0","0","0","500.997375488281","1382.92114257813","0","1382.92114257813","359.855804443359","510.803741455078","0","0.0175882615149021","0.692839860916138","0","0","478.449340820313","0","31.9933948516846","0.039254155009985","0","9","202","7","352","213","213","-1","0","203","0","12","0","5.16261577606201","0.300000011920929","0.0210758335888386","89","297","20459.9985131255","1023","19.9999985465547","1.45465276429631","-3.7079630117657","10"
"default_longboard","5","1","8","0","0","0","0","3.37263202667236","0","455.007507324219","60495.3671875","0","0","115414.3828125","0","0","0","497.110137939453","1687.77392578125","0","1687.77392578125","11611.6904296875","62827.1015625","0","0.56753134727478","0.839009523391724","0","0","60832.02734375","0","40.946216583252","0.997698485851288","0","9","204","8","344","214","214","-1","0","205","0","13","0","45","0.349999994039536","0.0210758335888386","73","252","20459.9983515369","1023","19.9999983885991","42.5653088005706","-2.43469119942943","10"
"default_longboard","5","1","9","0","0","0","0","2.86958646774292","0","527.648864746094","75419.8203125","0","0","138912.890625","0","0","0","518.122192382813","1917.638671875","0","1917.638671875","13967","66263.6640625","0","0.68264901638031","0.993571102619171","0","0","75805.53125","0","49.3828010559082","1.07619976997375","0","9","206","9","335","215","215","-1","0","207","0","14","0","45","0.400000005960464","0.0210758335888386","82","235","20460.0016477851","1023","20.0000016107381","43.3983083937092","-1.60169160629084","10"
"default_longboard","5","1","10","0","0","0","0","1.68172180652618","0","589.922973632813","90992.921875","117.417205810547","0","161504.046875","0","0","0","484.580322265625","2348.99462890625","0","2348.99462890625","16215.572265625","55243.4609375","0","0.792550027370453","1.13827657699585","0","0","91496.578125","0","55.5221366882324","1.22411572933197","0","7","209","11","327","217","217","-1","0","210","0","16","0","45","0.449999988079071","0.0210758335888386","75","226","20459.998366823","1023","19.9999984035416","44.1286604518962","-0.871339548103769","10"
"default_longboard","5","1","11","0","0","0","0","1.46822142601013","0","587.6376953125","91816.8671875","116.738059997559","0","161772.65625","0","0","0","471.860687255859","2417.685546875","0","2417.685546875","16239.6875","49866.4609375","0","0.793728590011597","1.14081072807312","0","0","92317.2421875","0","55.5630874633789","1.25994408130646","0","6","209","11","323","217","217","-1","0","210","0","16","0","45","0.466666668653488","0.0210758335888386","64","222","20460.0006908693","1023","20.0000006753366","44.087677025609","-0.912322974390982","10"
"default_longboard","5","2","0","0","0","0","0","4.84226560592651","0","7.14659929275513","178.340469360352","0","0","710.158996582031","0","0","0","61.814281463623","164.716369628906","0","164.716369628906","91.3148956298828","531.7294921875","0","0.00446309382095933","0.0101818237453699","0","0","184.789047241211","0","0.130167901515961","0.722490310668945","0","9","202","0","398","213","213","-1","0","203","0","12","0","30.4106044769287","0.0666666701436043","0.0421516671776772","8","385","20459.9991156482","1023","19.999999135531","25.997971127438","-4.4126333494907","10"
"default_longboard","5","2","1","0","0","0","0","4.76220321655273","0","24.6029376983643","60.0873641967773","0","0","576.313903808594","0","0","0","138.247940063477","250.330612182617","0","250.330612182617","145.712921142578","527.301330566406","0","0.00712184375151992","0.0346076935529709","0","0","84.1844100952148","0","0.634660124778748","0.423265427350998","0","9","203","0","395","213","213","-1","0","204","0","12","0","16.3887767791748","0.0833333358168602","0.0421516671776772","13","370","20459.9997172755","1023","19.999999723632","11.8756251704635","-4.5131516087113","10"
"default_longboard","5","2","2","0","0","0","0","4.8333797454834","0","36.0847702026367","45.1982574462891","0","0","550.222290039063","0","0","0","147.871871948242","353.746917724609","0","353.746917724609","173.33268737793","525.400024414063","0","0.00847178231924772","0.0523092150688171","0","0","80.8145370483398","0","1.07631480693817","0.332574844360352","0","9","204","1","394","214","214","-1","0","205","0","13","0","13.9321594238281","0.100000001490116","0.0421516671776772","17","366","20460.0024937045","1023","20.0000024376388","9.32043713579552","-4.61172228803261","10"
"default_longboard","5","2","3","0","0","0","0","4.77128648757935","0","92.6328125","23.3760070800781","0","0","497.924560546875","0","0","0","237.638458251953","596.099853515625","0","596.099853515625","270.587860107422","519.690551757813","0","0.0132252126932144","0.141656249761581","0","0","115.61287689209","0","4.1116418838501","0.212196677923203","0","9","206","2","384","215","215","-1","0","207","0","14","0","9.80869483947754","0.150000005960464","0.0421516671776772","23","340","20460.0006354722","1023","20.0000006211849","5.35701042899288","-4.45168441048466","10"
"default_longboard","5","2","4","0","0","0","0","4.66262435913086","0","135.628524780273","17.2067718505859","0","0","461.241943359375","0","0","0","285.975799560547","751.4833984375","0","751.4833984375","318.956970214844","517.287231445313","0","0.0155892949551344","0.214906081557274","0","0","152.480773925781","0","7.35916996002197","0.189743757247925","0","9","208","3","376","216","216","-1","0","209","0","15","0","8.44782829284668","0.200000002980232","0.0421516671776772","26","320","20459.9997070293","1023","19.9999997136162","4.15989195057268","-4.287936342274","10"
"default_longboard","5","2","5","0","0","0","0","4.43290901184082","0","214.668060302734","10.8767852783203","0","0","389.08349609375","0","0","0","359.451263427734","985.449462890625","0","985.449462890625","372.097351074219","514.880859375","0","0.0181865766644478","0.354221045970917","0","0","225.258483886719","0","13.9263305664063","0.128912732005119","0","9","210","5","368","218","218","-1","0","211","0","17","0","6.95175743103027","0.25","0.0421516671776772","36","306","20459.9995886866","1023","19.9999995979341","2.94299962436642","-4.00875780666385","10"
"default_longboard","5","2","6","0","0","0","0","4.12924289703369","0","283.977813720703","7.79866886138916","0","0","319.344268798828","0","0","0","399.260772705078","1216.91381835938","0","1216.91381835938","381.006072998047","514.951477050781","0","0.0186219979077578","0.485865950584412","0","0","291.547332763672","0","20.706600189209","0.096905842423439","0","9","214","7","359","220","220","-1","0","215","0","19","0","5.97315406799316","0.300000011920929","0.0421516671776772","51","297","20459.9997747461","1023","19.9999997798105","2.19653853583459","-3.77661553215857","10"
"default_longboard","5","2","7","0","0","0","0","3.50310683250427","0","351.829345703125","45912.7265625","137.594299316406","0","87197.0234375","0","0","0","397.742431640625","1573.69482421875","0","1573.69482421875","8775.3896484375","33421.3125","0","0.42890465259552","0.625925183296204","0","0","46271.53515625","0","29.6896800994873","1.17957031726837","0","9","217","9","352","222","222","-1","0","218","0","21","0","45","0.349999994039536","0.0421516671776772","41","253","20460.0010639501","1023","20.0000010400295","43.2539398000071","-1.74606019999293","10"
"default_longboard","5","2","8","0","0","0","0","2.84686422348022","0","410.839965820313","58198.0625","0","0","106232.4375","0","0","0","401.279998779297","1863.48852539063","0","1863.48852539063","10682.953125","35065.66796875","0","0.52213841676712","0.747780680656433","0","0","58497.65625","0","36.2330741882324","1.23711180686951","0","8","222","12","345","225","225","-1","0","223","0","24","0","45","0.400000005960464","0.0421516671776772","44","243","20460.0021410888","1023","20.0000020929509","44.286829457352","-0.713170542647994","10"
"default_longboard","5","2","9","0","0","0","0","1.47331511974335","0","451.242645263672","68905.4921875","0","0","121286.0703125","0","0","0","362.102935791016","2337.14526367188","0","2337.14526367188","12187.0439453125","29752.052734375","0","0.595652163028717","0.846287190914154","0","0","69230.1171875","0","40.6542625427246","1.32578599452972","0","7","226","15","338","228","228","-1","0","227","0","27","0","45","0.449999988079071","0.0421516671776772","42","238","20460.001157966","1023","20.0000011319316","44.7360395703598","-0.263960429640171","10"
"default_longboard","5","2","10","0","0","0","0","1.01696300506592","0","448.819183349609","71007.484375","-240.165908813477","0","122613","0","0","0","338.40673828125","2469.87329101563","0","2469.87329101563","12317.3974609375","24977.99609375","0","0.602023363113403","0.835821747779846","0","0","71502.65625","0","40.4120063781738","1.36877512931824","0","6","227","16","335","229","229","-1","0","228","0","28","0","45","0.466666668653488","0.0421516671776772","39","236","20459.9990891338","1023","19.9999991096127","46.0773716192516","1.07737161925158","10"
"default_longboard","5","2","11","0","0","0","0","0.315684020519257","0","455.632019042969","73731.8671875","-153.751037597656","0","125825.90625","0","0","0","322.563537597656","2665.01489257813","0","2665.01489257813","12639.3642578125","23969.1015625","0","0.617759764194489","0.859636604785919","0","0","74166.4296875","0","41.0015525817871","1.38213741779327","0","6","228","16","332","230","229","-1","0","229","0","28","0","45","0.483333349227905","0.0421516671776772","38","233","20459.9991621229","1023","19.9999991809608","45.9413991757721","0.941399175772055","10"
"default_longboard","5","3","0","0","0","0","0","5.17468738555908","0","7.64536237716675","252.036285400391","0","0","886.758239746094","0","0","0","28.0540142059326","379.847229003906","0","379.847229003906","106.82194519043","532.044067382813","0","0.00522101437672973","0.010656239464879","0","0","258.786743164063","0","0.150968953967094","0.926408231258392","0","9","219","1","399","223","223","-1","0","220","0","22","0","32.8874702453613","0.116666674613953","0.063227504491806","14","379","20459.9982843448","1023","19.9999983229177","29.3372323933954","-3.55023785196591","10"
"default_longboard","5","3","1","0","0","0","0","5.23113775253296","0","6.22645664215088","461.67626953125","0","0","1087.82141113281","0","0","0","22.8658580780029","380.532196044922","0","380.532196044922","113.228271484375","532.66796875","0","0.00553412828594446","0.00870119500905275","0","0","466.646728515625","0","0.122429192066193","1.05844962596893","0","9","220","2","397","224","224","-1","0","221","0","23","0","41.9046516418457","0.133333340287209","0.063227504491806","13","379","20460.0012204183","1023","20.0000011929797","39.4956269198471","-2.40902472199856","10"
"default_longboard","5","3","2","0","0","0","0","5.07987785339355","0","21.2350692749023","79.7180023193359","0","0","649.278015136719","0","0","0","62.6315460205078","460.471618652344","0","460.471618652344","143.01969909668","528.344787597656","0","0.00699020968750119","0.0288400501012802","0","0","100.368865966797","0","0.553126096725464","0.624325931072235","0","9","221","2","393","224","224","-1","0","222","0","23","0","18.1156330108643","0.150000005960464","0.063227504491806","17","365","20460.0012718367","1023","20.0000012432421","14.0269676318009","-4.08866537906337","10"
"default_longboard","5","3","3","0","0","0","0","4.94049739837646","0","74.9205017089844","29.2100372314453","0","0","527.748107910156","0","0","0","160.395645141602","698.165344238281","0","698.165344238281","247.970901489258","521.4833984375","0","0.0121197896078229","0.111982688307762","0","0","103.703369140625","0","3.33529353141785","0.35169643163681","0","9","224","5","387","227","227","-1","0","225","0","26","0","10.5281419754028","0.200000002980232","0.063227504491806","26","336","20460.0005043983","1023","20.000000493058","6.21324348631562","-4.31489848908721","10"
"default_longboard","5","3","4","0","0","0","0","4.85024785995483","0","86.9140701293945","27.1307067871094","0","0","521.182678222656","0","0","0","164.306442260742","801.200622558594","0","801.200622558594","265.465728759766","520.815795898438","0","0.0129748648032546","0.131642431020737","0","0","113.629135131836","0","4.34398460388184","0.374876528978348","0","9","229","8","380","231","230","-1","0","230","0","29","0","9.7529411315918","0.25","0.063227504491806","27","322","20459.9996057898","1023","19.9999996146528","5.65633691705645","-4.09660421453535","10"
"default_longboard","5","3","5","0","0","0","0","4.81105899810791","0","82.5638732910156","29.4848098754883","0","0","534.710144042969","0","0","0","148.781829833984","837.968688964844","0","837.968688964844","260.801147460938","521.454162597656","0","0.0127468788996339","0.124674528837204","0","0","111.622360229492","0","4.25812387466431","0.429391652345657","0","9","233","11","372","236","233","-1","0","235","0","32","0","9.76651191711426","0.300000011920929","0.063227504491806","27","316","20460.0004059369","1023","20.0000003968102","5.86824659375452","-3.89826532335974","10"
"default_longboard","5","3","6","0","0","0","0","4.91075706481934","0","30.4823417663574","94.5130004882813","0","0","812.836730957031","0","0","0","69.3620529174805","626.119201660156","0","626.119201660156","193.329345703125","528.149841308594","0","0.00944913737475872","0.0434289127588272","0","0","124.290664672852","0","1.30383121967316","0.877973914146423","0","9","236","14","366","241","236","-1","0","240","0","35","0","15.6155948638916","0.349999994039536","0.063227504491806","14","319","20459.999472498","1023","19.9999994843578","12.5667646820881","-3.04883018180352","10"
"default_longboard","5","3","7","0","0","0","0","3.09064292907715","0","252.200897216797","34057.4453125","126.923767089844","0","62492.8125","0","0","0","257.923645019531","1701.67260742188","0","1701.67260742188","6290.384765625","15942.9140625","0","0.30744794011116","0.438901543617249","0","0","34331.26953125","0","20.4386138916016","1.31512713432312","0","8","239","17","359","244","239","-1","0","243","0","38","0","45","0.400000005960464","0.063227504491806","41","260","20459.9997103596","1023","19.9999997168716","44.4666514391809","-0.5333485608191","10"
"default_longboard","5","3","8","0","0","0","0","2.29973435401917","0","268.005004882813","38704.94921875","0","0","68770.6171875","0","0","0","241.385406494141","1964.87646484375","0","1964.87646484375","6917.3212890625","14510.0615234375","0","0.338090032339096","0.474292486906052","0","0","38898.66015625","0","22.4456825256348","1.36098420619965","0","8","243","21","353","250","243","-1","0","249","0","42","0","45","0.449999988079071","0.063227504491806","41","260","20459.9977148235","1023","19.9999977662009","45.4656592535582","0.465659253558179","10"
"default_longboard","5","3","9","0","0","0","0","1.73037874698639","0","272.536041259766","40134.8125","0","0","70630.171875","0","0","0","228.359680175781","2143.1650390625","0","2143.1650390625","7104","13987.142578125","0","0.347214102745056","0.489412516355515","0","0","40331.0859375","0","23.1035785675049","1.37426137924194","0","7","244","22","350","252","244","-1","0","251","0","43","0","45","0.466666668653488","0.063227504491806","41","259","20459.9984385316","1023","19.9999984736379","45.1902526517431","0.190252651743052","10"
"default_longboard","5","3","10","0","0","0","0","1.64108335971832","0","267.177551269531","39970.19921875","-96.4337310791016","0","69834.875","0","0","0","222.197525024414","2153.37060546875","0","2153.37060546875","7021.4033203125","12767.3515625","0","0.343177080154419","0.478473603725433","0","0","40234.74609375","0","22.8554420471191","1.38996016979218","0","7","246","24","349","254","246","-1","0","253","0","45","0","45","0.483333349227905","0.063227504491806","41","260","20460.0007586552","1023","20.0000007415985","45.8265036663504","0.826503666350412","10"
"default_longboard","5","4","0","0","0","0","0","3.79488372802734","0","8.50875186920166","863.065795898438","0","0","1620.89477539063","0","0","0","16.934175491333","694.41552734375","0","694.41552734375","165.441741943359","530.027099609375","0","0.00808610580861568","0.0117593538016081","0","0","869.41943359375","0","0.223297417163849","1.23793411254883","0","9","245","2","398","253","245","-1","0","252","0","44","0","45","0.233333334326744","0.0843033343553543","23","370","20460.0021146251","1023","20.0000020670822","43.442934917578","-1.55706508242197","10"
"default_longboard","5","4","1","0","0","0","0","3.66730618476868","0","7.71568202972412","801.306762695313","0","0","1478.31140136719","0","0","0","14.8875322341919","708.697631835938","0","708.697631835938","151.062301635742","470.721130371094","0","0.00738329859450459","0.0105507588014007","0","0","807.043579101563","0","0.199845552444458","1.24700200557709","0","9","246","3","396","254","246","-1","0","253","0","45","0","45","0.25","0.0843033343553543","22","370","20460.0016784067","1023","20.0000016406713","44.4100293746815","-0.589970625318472","10"
"default_longboard","5","4","2","0","0","0","0","4.45314025878906","0","43.4475860595703","53.6212997436523","0","0","635.932006835938","0","0","0","63.5236129760742","989.272521972656","0","989.272521972656","204.061874389648","525.580627441406","0","0.00997369829565287","0.0628421679139137","0","0","96.5343704223633","0","1.85904228687286","0.634103298187256","0","9","250","7","389","260","250","-1","0","259","0","49","0","12.9134254455566","0.300000011920929","0.0843033343553543","37","343","20460.0007279738","1023","20.0000007116068","9.13204485996501","-3.78138058559163","10"
"default_longboard","5","4","3","0","0","0","0","4.19202995300293","0","21.7584342956543","160.316513061523","0","0","1004.91156005859","0","0","0","32.2749786376953","944.54052734375","0","944.54052734375","182.356781005859","529.892456054688","0","0.00891284365206957","0.0304850246757269","0","0","181.159912109375","0","0.846887350082397","1.02154147624969","0","9","255","12","385","266","255","-1","0","265","0","54","0","19.6165981292725","0.349999994039536","0.0843033343553543","28","342","20459.999987043","1023","19.9999999873343","16.9997736394145","-2.61682448985794","10"
"default_longboard","5","4","4","0","0","0","0","3.99603295326233","0","30.1043968200684","113.263427734375","0","0","914.4169921875","0","0","0","38.8371810913086","1114.84240722656","0","1114.84240722656","205.060684204102","528.673706054688","0","0.0100225163623691","0.0432973355054855","0","0","142.578308105469","0","1.3799295425415","0.967693090438843","0","9","260","17","380","272","260","-1","0","271","0","59","0","15.9546642303467","0.400000005960464","0.0843033343553543","32","333","20459.9999431311","1023","19.9999999444097","13.3842877422927","-2.57037648805398","10"
"default_longboard","5","4","5","0","0","0","0","3.69345259666443","0","37.9402008056641","93.0692138671875","0","0","876.710205078125","0","0","0","44.9640998840332","1227.90283203125","0","1227.90283203125","226.677673339844","527.871398925781","0","0.0110790645703673","0.0552115477621555","0","0","130.283172607422","0","1.93542289733887","0.946173667907715","0","9","265","22","375","278","265","-1","0","277","0","64","0","13.6373157501221","0.449999988079071","0.0843033343553543","35","326","20460.0011038954","1023","20.0000010790766","11.5758912414934","-2.06142450862865","10"
"default_longboard","5","4","6","0","0","0","0","3.40854859352112","0","31.4762535095215","176.757690429688","0","0","1258.69873046875","0","0","0","36.1805610656738","1288.08679199219","0","1288.08679199219","251.665817260742","529.803039550781","0","0.0123003823682666","0.0466036982834339","0","0","207.178161621094","0","1.62714648246765","1.14774227142334","0","9","270","27","369","284","270","-1","0","283","0","69","0","16.4164638519287","0.5","0.0843033343553543","28","322","20459.9995126987","1023","19.9999995236547","15.3037233471639","-1.11274050476483","10"
"default_longboard","5","4","7","0","0","0","0","2.70377850532532","0","45.2093200683594","106.161544799805","0","0","1017.44079589844","0","0","0","45.5389518737793","1537.94555664063","0","1537.94555664063","270.628631591797","528.191589355469","0","0.0132272066548467","0.0700364261865616","0","0","150.575988769531","0","2.64965581893921","1.05063843727112","0","9","276","33","366","291","276","-1","0","290","0","75","0","11.9000234603882","0.550000011920929","0.0843033343553543","37","317","20459.9987475537","1023","19.9999987757123","10.88636815915","-1.01365530123818","10"
"default_longboard","60","0","0","0","0","0","0","4.86780643463135","0","8.88875198364258","95.7403869628906","0","0","534.709655761719","0","0","0","1129.36657714844","12.3877124786377","0","12.3877124786377","86.9806289672852","530.645141601563","0","0.00425125239416957","0.0139902681112289","0","0","104.15064239502","0","0.177731186151505","0.105919368565083","0","9","26","4","399","210","210","-1","0","27","0","9","0","23.4131889343262","0.0333333350718021","0.0210758335888386","14","394","20460.0011720254","1023","20.0000011456749","17.6903202286362","-5.72286870568997","10"
"default_longboard","60","0","1","0","0","0","0","4.6481237411499","0","35.8311767578125","44.7791557312012","0","0","522.65673828125","0","0","0","552.962158203125","94.4235992431641","0","94.4235992431641","164.021530151367","525.141235351563","0","0.00801669247448444","0.0522126816213131","0","0","80.1519470214844","0","0.992246806621552","0.084614098072052","0","9","31","6","399","212","212","-1","0","32","0","11","0","12.5478219985962","0.0500000007450581","0.0210758335888386","21","382","20460.0002648743","1023","20.0000002589191","8.8320842274978","-3.71573777109839","10"
"default_longboard","60","0","2","0","0","0","0","3.66314196586609","0","104.918029785156","22.9668617248535","158.207855224609","0","478.241821289063","0","0","0","726.007019042969","211.901214599609","0","211.901214599609","266.735717773438","502.670715332031","0","0.0130369365215302","0.153841778635979","0","0","285.473937988281","0","4.21933746337891","0.067098043859005","0","9","47","11","397","217","217","-1","0","48","1","16","0","8.30247974395752","0.100000001490116","0.0210758335888386","31","359","20459.999734825","1023","19.9999997407869","4.8612179307646","-3.44126181319292","10"
"default_longboard","60","0","3","0","0","0","0","3.24881744384766","0","174.504806518555","14.7596702575684","0","0","441.582641601563","0","0","0","789.794128417969","329.449493408203","0","329.449493408203","341.777648925781","514.467590332031","0","0.016704672947526","0.260197281837463","0","0","188.909210205078","0","8.44966697692871","0.0663782879710197","0","9","67","19","394","225","225","-1","0","68","2","24","0","6.3327841758728","0.150000005960464","0.0210758335888386","49","351","20460.0024196463","1023","20.0000023652456","3.6809223098494","-2.65186186602341","10"
"default_longboard","60","0","4","0","0","0","0","3.07280945777893","0","207.464416503906","12.8796310424805","450.379516601563","0","407.174621582031","0","0","0","850.853881835938","364.816680908203","0","364.816680908203","343.740692138672","493.913848876953","0","0.016800619661808","0.310405701398849","0","0","670.168518066406","0","10.8266468048096","0.0584708824753761","0","9","73","22","394","228","228","-1","0","74","2","27","0","5.99450397491455","0.16666667163372","0.0210758335888386","53","341","20460.0008248553","1023","20.0000008063102","3.10263388699065","-2.8918700879239","10"
"default_longboard","60","0","5","0","0","0","0","3.14194560050964","0","228.464599609375","11.5737142562866","572.060424804688","0","389.080383300781","0","0","0","911.172241210938","378.283508300781","0","378.283508300781","349.642486572266","490.695373535156","0","0.0170890744775534","0.344681411981583","0","0","811.511535644531","0","12.4555940628052","0.0535803958773613","0","9","80","25","394","231","231","-1","0","81","2","30","0","5.70445489883423","0.183333337306976","0.0210758335888386","57","336","20460.0013319343","1023","20.0000013019885","2.84185143786703","-2.8626034609672","10"
"default_longboard","60","1","0","0","0","0","0","4.95009994506836","0","10.5366344451904","81.7933959960938","0","0","531.079162597656","0","0","0","3783.0185546875","4.14792346954346","0","4.14792346954346","96.1001358032227","530.263061523438","0","0.00469697639346123","0.0156916715204716","0","0","91.8810882568359","0","0.223674327135086","0.00828935019671917","0","9","40","1","399","214","214","-1","0","41","0","13","0","21.605318069458","0.0666666701436043","0.0421516671776772","11","384","20459.9997430274","1023","19.9999997488049","17.4173213523809","-4.18799671707711","10"
"default_longboard","60","1","1","0","0","0","0","4.51851940155029","0","32.145435333252","45.5713920593262","0","0","522.584411621094","0","0","0","850.156066894531","52.950138092041","0","52.950138092041","156.636047363281","525.557983398438","0","0.00765572162345052","0.0450158789753914","0","0","77.2575073242188","0","0.864112377166748","0.0340756140649319","0","9","46","4","399","217","217","-1","0","47","0","16","0","14.0050630569458","0.0833333358168602","0.0421516671776772","21","376","20459.9977725788","1023","19.9999978226577","9.79172204623278","-4.21334101071302","10"
"default_longboard","60","1","2","0","0","0","0","4.47177028656006","0","42.5008811950684","38.9616584777832","37.697135925293","0","513.453247070313","0","0","0","744.865905761719","78.7910308837891","0","78.7910308837891","177.578033447266","515.510925292969","0","0.00867927819490433","0.0586887486279011","0","0","118.466957092285","0","1.2581799030304","0.0241999700665474","0","9","52","6","399","219","219","-1","0","53","0","18","0","12.6385936737061","0.100000001490116","0.0421516671776772","22","367","20460.0001819878","1023","20.0000001778962","8.50446988160648","-4.13412379209958","10"
"default_longboard","60","1","3","0","0","0","0","4.16970586776733","0","105.790565490723","26.1671199798584","441.402954101563","0","469.475708007813","0","0","0","823.571716308594","180.819534301758","0","180.819534301758","248.880264282227","489.493072509766","0","0.0121642351150513","0.148917868733406","0","0","572.379943847656","0","4.35974311828613","0.0362219586968422","0","9","71","14","396","227","227","-1","0","72","0","26","0","8.87947750091553","0.150000005960464","0.0421516671776772","35","349","20460.001136798","1023","20.0000011112394","4.68537992143383","-4.1940975794817","10"
"default_longboard","60","1","4","0","0","0","0","3.84889960289001","0","190.070236206055","16.340404510498","847.006958007813","0","412.367126464844","0","0","0","916.765441894531","300.203308105469","0","300.203308105469","305.36572265625","485.6826171875","0","0.014925011433661","0.27521601319313","0","0","1052.51623535156","0","9.86206150054932","0.0396343730390072","0","9","91","23","396","236","236","-1","0","92","0","35","0","6.59496021270752","0.200000002980232","0.0421516671776772","49","332","20459.9992444593","1023","19.999999261446","3.10868485602448","-3.48627535668304","10"
"default_longboard","60","1","5","0","0","0","0","3.33177661895752","0","260.154998779297","9.91875839233398","1113.03002929688","0","344.383056640625","0","0","0","997.302978515625","380.419738769531","0","380.419738769531","342.190246582031","459.363891601563","0","0.0167248416692019","0.379393726587296","0","0","1382.20593261719","0","15.3098726272583","0.0315390527248383","0","9","110","32","395","245","245","-1","0","111","0","44","0","5.51045036315918","0.25","0.0421516671776772","59","317","20459.9991647252","1023","19.9999991835046","2.52659277972573","-2.98385758343345","10"
"default_longboard","60","1","6","0","0","0","0","2.64930391311646","0","326.195098876953","7.56538057327271","86.2068176269531","0","317.64404296875","0","0","0","985.270324707031","503.738861083984","0","503.738861083984","378.256713867188","511.385040283203","0","0.0184876210987568","0.496318966150284","0","0","419.698028564453","0","20.5714092254639","0.0375963263213634","0","9","131","42","394","255","255","-1","0","132","2","54","0","4.27232980728149","0.300000011920929","0.0421516671776772","87","331","20459.9992528311","1023","19.9999992696296","2.13473165046172","-2.13759815681977","10"
"default_longboard","60","1","7","0","0","0","0","2.12495446205139","0","340.124176025391","-4.20268249511719","991.39892578125","0","317.558715820313","0","0","0","962.215515136719","538.614196777344","0","538.614196777344","303.06494140625","536.22509765625","0","0.014812558889389","0.518262982368469","0","0","1353.50415039063","0","21.8135375976563","0.0341119468212128","0","9","150","51","394","264","264","-1","0","151","2","63","0","4.16076803207397","0.349999994039536","0.0421516671776772","96","335","20459.9990905927","1023","19.9999991110388","1.63780320387064","-2.52296482820333","10"
"default_longboard","60","1","8","0","0","0","0","1.48191928863525","0","461.577819824219","56836.140625","1103.15942382813","0","100345.90625","0","0","0","1113.84765625","627.566528320313","0","627.566528320313","10067.2802734375","95429.046875","0","0.492046892642975","0.699013471603394","0","0","57947.56640625","0","33.1730613708496","0.289710372686386","0","9","170","61","394","274","274","-1","0","171","0","73","0","45","0.400000005960464","0.0421516671776772","87","291","20460.0017274009","1023","20.0000016885639","44.7420473959017","-0.257952604098278","10"
"default_longboard","60","1","9","0","0","0","0","0.745788872241974","0","500.150177001953","63539.0625","1181.43579101563","0","109903.328125","0","0","0","1089.51306152344","699.934875488281","0","699.934875488281","11029.4345703125","103077.5703125","0","0.539072930812836","0.762588202953339","0","0","64700.24609375","0","36.8131828308105","0.33327704668045","0","9","190","71","394","284","284","-1","0","191","0","83","0","45","0.449999988079071","0.0421516671776772","93","294","20460.0044629989","1023","20.0000043626577","44.9831771750087","-0.0168228249913369","10"
"default_longboard","60","1","10","0","0","0","0","0.187882423400879","0","519.991577148438","67746.875","914.422607421875","0","115190.6171875","0","0","0","1009.77697753906","786.100341796875","0","786.100341796875","11571.904296875","106629.4609375","0","0.565586745738983","0.793785989284515","0","0","68729.1953125","0","38.7292861938477","0.374384939670563","0","9","209","80","392","293","293","-1","0","210","0","92","0","45","0.5","0.0421516671776772","97","296","20459.9990789307","1023","19.999999099639","45.4401488577614","0.4401488577614","10"
"default_longboard","60","2","0","0","0","0","0","6.21723985671997","0","3.56704831123352","154.815567016602","0","0","535.232482910156","0","0","0","396.200744628906","17.9322471618652","0","17.9322471618652","69.7972106933594","533.2685546875","0","0.00341139850206673","0.00710476981475949","0","0","158.004302978516","0","0.0905725955963135","0.0705984309315681","0","9","64","2","400","224","224","-1","0","65","0","23","0","29.5010719299316","0.116666674613953","0.063227504491806","14","384","20459.999220576","1023","19.9999992380997","28.6955976634607","-0.805474266470963","10"
"default_longboard","60","2","1","0","0","0","0","4.67488670349121","0","22.5042915344238","67.7037353515625","0","0","526.183288574219","0","0","0","558.106567382813","57.5949935913086","0","57.5949935913086","131.438323974609","527.770080566406","0","0.0064241592772305","0.0321441404521465","0","0","89.7682571411133","0","0.585488617420197","0.000364046136382967","0","9","70","5","400","227","227","-1","0","71","0","26","0","15.0638914108276","0.133333340287209","0.063227504491806","22","374","20460.0039168508","1023","20.0000038287886","11.5284642110838","-3.53542719974386","10"
"default_longboard","60","2","2","0","0","0","0","4.584557056427","0","21.3858757019043","64.2275543212891","0","0","526.51025390625","0","0","0","418.644073486328","72.7543487548828","0","72.7543487548828","130.158538818359","528.03564453125","0","0.00636160979047418","0.0304581746459007","0","0","85.1861267089844","0","0.566800892353058","0.005027677398175","0","9","77","8","399","230","230","-1","0","78","0","29","0","15.2261943817139","0.150000005960464","0.063227504491806","24","374","20460.0003938088","1023","20.0000003849548","12.0557748306293","-3.1704195510846","10"
"default_longboard","60","2","3","0","0","0","0","3.84289288520813","0","92.6297378540039","33.5714378356934","312.076721191406","0","474.951416015625","0","0","0","646.666381835938","198.0166015625","0","198.0166015625","234.083526611328","486.821411132813","0","0.0114410324022174","0.128050684928894","0","0","437.378570556641","0","3.66701531410217","0.0265544392168522","0","9","97","17","399","239","239","-1","0","98","0","38","0","9.12929439544678","0.200000002980232","0.063227504491806","44","357","20460.0003200725","1023","20.0000003128764","5.12608129843485","-4.00321309701193","10"
"default_longboard","60","2","4","0","0","0","0","3.25689244270325","0","132.633270263672","27.8058547973633","816.222045898438","0","454.003326416016","0","0","0","682.458984375","272.055114746094","0","272.055114746094","243.493606567383","494.530395507813","0","0.0119009576737881","0.185666456818581","0","0","975.044494628906","0","6.13617563247681","0.0252313949167728","0","9","116","26","398","248","248","-1","0","117","0","47","0","8.01992130279541","0.25","0.063227504491806","54","347","20460.0010555183","1023","20.0000010317872","3.67509807916327","-4.34482322363213","10"
"default_longboard","60","2","5","0","0","0","0","2.61601519584656","0","182.115447998047","16.6811752319336","1238.25073242188","0","386.227844238281","0","0","0","727.86572265625","349.752136230469","0","349.752136230469","288.438507080078","432.369720458984","0","0.0140976794064045","0.254572570323944","0","0","1435.5380859375","0","9.78136920928955","0.012693271972239","0","9","135","35","396","257","257","-1","0","136","0","56","0","7.20507860183716","0.300000011920929","0.063227504491806","62","328","20459.9990370786","1023","19.9999990587278","3.17454029929472","-4.03053830254244","10"
"default_longboard","60","2","6","0","0","0","0","1.85297012329102","0","227.329605102539","11.0406589508057","1264.40844726563","0","339.300964355469","0","0","0","743.687927246094","437.632568359375","0","437.632568359375","313.172943115234","411.992034912109","0","0.0153065975755453","0.32546204328537","0","0","1501.1611328125","0","13.4408311843872","0.0103287808597088","0","9","156","45","397","267","267","-1","0","157","0","66","0","6.07197189331055","0.349999994039536","0.063227504491806","73","323","20459.9971724335","1023","19.9999972360054","2.69563545751266","-3.37633643579788","10"
"default_longboard","60","2","7","0","0","0","0","1.34038209915161","0","222.847366333008","10.7577104568481","1400.208984375","0","324.749267578125","0","0","0","652.271057128906","483.964660644531","0","483.964660644531","305.767120361328","380.386657714844","0","0.0149446278810501","0.315676122903824","0","0","1631.86022949219","0","13.3143653869629","0.0005305006634444","0","9","175","54","396","276","276","-1","0","176","0","75","0","6.07112550735474","0.400000005960464","0.063227504491806","79","324","20460.0022693802","1023","20.000002218358","2.71349070744754","-3.35763479990719","10"
"default_longboard","60","2","8","0","0","0","0","0.49229422211647","0","277.588653564453","4.30705261230469","1552.419921875","0","303.801239013672","0","0","0","698.866333007813","572.458312988281","0","572.458312988281","279.017852783203","424.453186035156","0","0.0136372363194823","0.400071829557419","0","0","1830.97680664063","0","17.5973243713379","0.00231932220049202","0","9","195","64","396","286","286","-1","0","196","0","85","0","4.94475221633911","0.449999988079071","0.063227504491806","92","325","20459.9998303611","1023","19.9999998341751","1.95341784863739","-2.99133436770172","10"
"default_longboard","60","2","9","0","0","0","0","-0.330924183130264","0","303.907775878906","36466.58203125","1475.08618164063","0","63410.578125","0","0","0","665.908142089844","661.418884277344","0","661.418884277344","6366.67431640625","58197.0625","0","0.311176657676697","0.440444201231003","0","0","37712.43359375","0","20.6830062866211","0.367648899555206","0","9","215","74","395","296","296","-1","0","216","0","95","0","45","0.5","0.063227504491806","88","309","20459.9996797351","1023","19.9999996869356","44.9513721357294","-0.048627864270621","10"
"default_longboard","60","2","10","0","0","0","0","-1.15348958969116","0","359.255157470703","4.12125301361084","1396.81591796875","0","486.713562011719","0","0","0","668.279663085938","788.309387207031","0","788.309387207031","88.6926422119141","683.613830566406","0","0.00433492939919233","0.526811122894287","0","0","1757.96166992188","0","25.6512603759766","0.0050472728908062","0","9","235","84","396","306","306","-1","0","236","0","105","0","0.0057295779697597","0.550000011920929","0.063227504491806","93","310","20459.9969329233","1023","19.99999700188","0.471470603229835","0.465741025260075","10"
"default_longboard","60","3","0","0","0","0","0","1.41346502304077","0","4.0022439956665","308.088439941406","0","0","535.39208984375","0","0","0","61.8912658691406","119.744255065918","0","119.744255065918","78.0102005004883","532.908996582031","0","0.00381281552836299","0.00741112371906638","0","0","311.528686523438","0","0.116070739924908","0.084899790585041","0","9","108","1","400","244","244","-1","0","109","0","43","0","23.8200073242188","0.216666668653488","0.0843033343553543","24","383","20459.9986336033","1023","19.9999986643239","30.9621691284778","7.14216180425905","10"
"default_longboard","60","3","1","0","0","0","0","-5.5704493522644","0","3.13565850257874","579.436462402344","0","0","538.572326660156","0","0","0","32.4929695129395","130.626480102539","0","130.626480102539","77.2272186279297","532.519653320313","0","0.00377454631961882","0.00424444256350398","0","0","581.735229492188","0","0.0615467876195908","0.132992565631866","0","9","114","4","400","247","247","-1","0","115","0","46","0","28.1756286621094","0.233333334326744","0.0843033343553543","18","381","20460.0002459974","1023","20.0000002404667","62.7843492445948","34.6087205824855","10"
"default_longboard","60","3","2","0","0","0","0","-18.8358402252197","0","2.80448579788208","708.410034179688","0","0","538.37939453125","0","0","0","21.227029800415","145.156219482422","0","145.156219482422","76.6019592285156","532.35107421875","0","0.00374398636631668","0.0030812353361398","0","0","710.193969726563","0","0.0429017022252083","0.128819346427917","0","9","121","7","400","250","250","-1","0","122","0","49","0","26.2823314666748","0.25","0.0843033343553543","16","381","20459.9995121981","1023","19.9999995231653","NaN","NaN","10"
"default_longboard","60","3","3","0","0","0","0","2.82272553443909","0","57.8087310791016","87.9991836547852","423.616394042969","0","493.575317382813","0","0","0","319.764007568359","245.353439331055","0","245.353439331055","160.320022583008","492.732727050781","0","0.00783577747642994","0.0784552022814751","0","0","568.457702636719","0","2.09137988090515","0.00972015596926212","0","9","140","16","398","259","259","-1","0","141","0","58","0","10.030858039856","0.300000011920929","0.0843033343553543","54","372","20460.0019672906","1023","20.0000019230602","5.73201979089374","-4.29883824896221","10"
"default_longboard","60","3","4","0","0","0","0","2.18276429176331","0","86.0223693847656","61.7929611206055","652.930969238281","0","472.838684082031","0","0","0","352.546722412109","328.575744628906","0","328.575744628906","185.584106445313","481.295471191406","0","0.00907058268785477","0.115838296711445","0","0","799.701965332031","0","3.58820676803589","0.0106553621590137","0","9","160","26","399","269","269","-1","0","161","0","68","0","8.82514381408691","0.349999994039536","0.0843033343553543","65","365","20459.9983079151","1023","19.9999983459581","4.49107647216843","-4.33406734191848","10"
"default_longboard","60","3","5","0","0","0","0","1.24965906143188","0","77.1767044067383","65.771598815918","734.212890625","0","481.599853515625","0","0","0","275.222869873047","378.054992675781","0","378.054992675781","165.821594238281","492.405578613281","0","0.00810467265546322","0.104049384593964","0","0","876.013793945313","0","3.2662661075592","0.00292847561649978","0","9","180","36","399","279","279","-1","0","181","0","78","0","9.13799381256104","0.400000005960464","0.0843033343553543","72","367","20459.9989768253","1023","19.9999989998292","4.46744028944298","-4.67055352311806","10"
"default_longboard","60","3","6","0","0","0","0","0.90957373380661","0","116.569793701172","24.4942512512207","1687.5458984375","0","380.367034912109","0","0","0","318.337890625","495.589660644531","0","495.589660644531","223.447326660156","349.847900390625","0","0.0109211793169379","0.157764971256256","0","0","1825.84350585938","0","6.26902198791504","0.0309903658926487","0","9","199","45","398","288","288","-1","0","200","0","87","0","9.01022911071777","0.449999988079071","0.0843033343553543","75","335","20459.9998018169","1023","19.9999998062726","3.96943840615737","-5.04079070456041","10"
"default_longboard","60","3","7","0","0","0","0","0.100702978670597","0","147.452087402344","15.9455013275146","1784.39379882813","0","344.106506347656","0","0","0","348.452880859375","584.520751953125","0","584.520751953125","251.906707763672","322.346496582031","0","0.0123121552169323","0.203677952289581","0","0","1944.70910644531","0","8.50968456268311","0.030426099896431","0","9","219","55","397","298","298","-1","0","220","0","97","0","7.51439809799194","0.5","0.0843033343553543","86","333","20460.0009766964","1023","20.0000009547374","3.46559308273693","-4.04880501525502","10"
"default_longboard","60","3","8","0","0","0","0","-0.4935482442379","0","89.3794021606445","38.2789192199707","1534.369140625","0","395.420257568359","0","0","0","200.022216796875","602.486145019531","0","602.486145019531","189.309600830078","348.026428222656","0","0.00925266742706299","0.120510615408421","0","0","1658.95886230469","0","4.72029685974121","0.0552864037454128","0","9","239","65","398","308","308","-1","0","240","0","107","0","10.3575448989868","0.550000011920929","0.0843033343553543","88","351","20460.0027313604","1023","20.0000026699515","4.40343817976098","-5.95410671922584","10"
"default_longboard","60","3","9","0","0","0","0","-1.12916386127472","0","66.2759170532227","51.4166107177734","1540.595703125","0","414.655090332031","0","0","0","131.575073242188","676.608520507813","0","676.608520507813","150.301513671875","358.973388671875","0","0.00734611554071307","0.0890248194336891","0","0","1655.29260253906","0","3.47172999382019","0.0941217318177223","0","9","259","75","397","318","318","-1","0","260","0","117","0","11.4050579071045","0.600000023841858","0.0843033343553543","79","350","20459.998599108","1023","19.9999986306041","4.73329314758805","-6.67176475951644","10"
"default_longboard","75","0","0","0","0","0","0","4.22380256652832","0","16.2334365844727","70.0289688110352","0","0","540.139282226563","0","0","0","996.039672851563","26.715950012207","0","26.715950012207","114.141662597656","528.656433105469","0","0.00557877123355865","0.0266101453453302","0","0","85.7742538452148","0","0.368997633457184","0.20527546107769","0","9","23","5","400","211","211","-1","0","24","0","10","0","17.1359481811523","0.0333333350718021","0.0210758335888386","18","392","20460.000566262","1023","20.0000005535308","12.101741073056","-5.03420710809632","10"
"default_longboard","75","0","1","0","0","0","0","3.18873524665833","0","36.0231323242188","43.9633636474609","0","0","527.232849121094","0","0","0","806.065307617188","65.7870864868164","0","65.7870864868164","166.767944335938","525.158630371094","0","0.0081509267911315","0.0530286878347397","0","0","79.5295104980469","0","1.00351226329803","0.157796993851662","0","9","27","7","400","213","213","-1","0","28","1","12","0","11.6993865966797","0.0500000007450581","0.0210758335888386","23","385","20459.9978148972","1023","19.9999978640246","8.84186474491611","-2.85752185176358","10"
"default_longboard","75","0","2","0","0","0","0","2.3501307964325","0","102.718322753906","22.8853797912598","0","0","489.44921875","0","0","0","1034.66918945313","146.437835693359","0","146.437835693359","272.432312011719","518.541442871094","0","0.013315362855792","0.151514708995819","0","0","125.200080871582","0","4.06534051895142","0.107068367302418","0","9","43","13","399","219","219","-1","0","44","2","18","0","7.2287220954895","0.100000001490116","0.0210758335888386","34","364","20459.9990974496","1023","19.9999991177415","5.04175145715243","-2.18697063833707","10"
"default_longboard","75","0","3","0","0","0","0","2.43767762184143","0","176.302612304688","15.3895072937012","391.863494873047","0","433.905670166016","0","0","0","1414.17822265625","182.451354980469","0","182.451354980469","322.713928222656","501.039154052734","0","0.0157729182392359","0.258018732070923","0","0","582.997009277344","0","8.60533618927002","0.0851486325263977","0","9","63","22","397","228","228","-1","0","64","1","27","0","5.68973207473755","0.150000005960464","0.0210758335888386","46","344","20460.0013344322","1023","20.0000013044303","3.50472793286903","-2.18500414186852","10"
"default_longboard","75","0","4","0","0","0","0","1.77005958557129","0","216.113204956055","12.0749025344849","459.120666503906","0","402.735168457031","0","0","0","1165.39477539063","278.832366943359","0","278.832366943359","352.209320068359","493.24072265625","0","0.0172145310789347","0.32494980096817","0","0","686.80078125","0","11.3180408477783","0.0870360285043716","0","9","69","25","397","231","231","-1","0","70","3","30","0","4.8823447227478","0.16666667163372","0.0210758335888386","60","346","20460.0008244986","1023","20.0000008059614","3.03672122265725","-1.84562350009056","10"
"default_longboard","75","0","5","0","0","0","0","2.04410314559937","0","226.141952514648","11.5669765472412","524.729553222656","0","393.364868164063","0","0","0","1381.16284179688","248.38655090332","0","248.38655090332","351.7412109375","492.937957763672","0","0.0171916522085667","0.343062281608582","0","0","761.872619628906","0","12.2153644561768","0.0816578641533852","0","9","76","28","397","234","234","-1","0","77","2","33","0","4.80073976516724","0.183333337306976","0.0210758335888386","61","341","20460.0003926456","1023","20.0000003838178","2.87242848006874","-1.9283112850985","10"
"default_longboard","75","1","0","0","0","0","0","3.86357760429382","0","15.4369268417358","67.8003540039063","0","0","531.984436035156","0","0","0","525.513549804688","42.4339218139648","0","42.4339218139648","112.689125061035","528.882873535156","0","0.00550777744501829","0.0222996007651091","0","0","82.7739715576172","0","0.346120029687881","0.103422045707703","0","9","33","2","400","215","215","-1","0","34","0","14","0","18.1111850738525","0.0666666701436043","0.0421516671776772","14","383","20459.999734187","1023","19.9999997401632","14.2994645062945","-3.81172056755807","10"
"default_longboard","75","1","1","0","0","0","0","3.83087635040283","0","34.5367584228516","43.8193588256836","0","0","523.536499023438","0","0","0","3916.98559570313","12.2575712203979","0","12.2575712203979","162.643600463867","525.20703125","0","0.0079493448138237","0.0480127297341824","0","0","77.8983917236328","0","0.94658374786377","0.092921607196331","0","9","39","4","399","217","217","-1","0","40","0","16","0","12.8765354156494","0.0833333358168602","0.0421516671776772","21","374","20460.0007010684","1023","20.0000006853063","9.5301998320447","-3.34633558360471","10"
"default_longboard","75","1","2","0","0","0","0","3.52360582351685","0","48.4766387939453","37.1075325012207","39.6213684082031","0","512.530395507813","0","0","0","11647.181640625","5.81296539306641","0","5.81296539306641","188.51123046875","515.2080078125","0","0.0092136487364769","0.0677046626806259","0","0","124.54753112793","0","1.50478327274323","0.085075818002224","0","9","45","7","400","220","220","-1","0","46","0","19","0","11.1462116241455","0.100000001490116","0.0421516671776772","25","368","20459.9975384814","1023","19.9999975938235","7.8214157313851","-3.3247958927604","10"
"default_longboard","75","1","3","0","0","0","0","3.29166984558105","0","112.840950012207","24.1754035949707","477.880889892578","0","468.173400878906","0","0","0","2311.89770507813","69.2326049804688","0","69.2326049804688","255.269500732422","492.923706054688","0","0.0124765150249004","0.160058706998825","0","0","613.876525878906","0","4.76884365081787","0.0772390514612198","0","9","65","16","398","229","229","-1","0","66","0","28","0","7.72965145111084","0.150000005960464","0.0421516671776772","38","350","20460.0002663371","1023","20.0000002603491","4.47071956425148","-3.25893188685936","10"
"default_longboard","75","1","4","0","0","0","0","3.08803129196167","0","194.174591064453","14.6433534622192","780.835266113281","0","418.239685058594","0","0","0","1874.6484375","148.539276123047","0","148.539276123047","311.424377441406","499.316040039063","0","0.015221131965518","0.278458923101425","0","0","988.657958984375","0","10.0197515487671","0.0678441300988197","0","9","84","25","398","238","238","-1","0","85","0","37","0","5.6997275352478","0.200000002980232","0.0421516671776772","51","333","20460.0011449154","1023","20.0000011191744","3.13346579175623","-2.56626174349158","10"
"default_longboard","75","1","5","0","0","0","0","2.56256175041199","0","250.265991210938","10.7277040481567","51.5889472961426","0","384.169708251953","0","0","0","1848.14868164063","199.080810546875","0","199.080810546875","345.905120849609","517.409912109375","0","0.0169064123183489","0.367930948734283","0","0","312.237396240234","0","14.293004989624","0.0616597905755043","0","9","105","35","398","248","248","-1","0","106","1","47","0","4.46494102478027","0.25","0.0421516671776772","65","330","20459.9955529413","1023","19.999995652924","2.63366618935916","-1.83127483542112","10"
"default_longboard","75","1","6","0","0","0","0","1.31822264194489","0","329.640533447266","-1.69530010223389","892.33935546875","0","329.878540039063","0","0","0","1577.82849121094","323.930389404297","0","323.930389404297","320.398590087891","535.866943359375","0","0.0156597532331944","0.511106610298157","0","0","1217.80151367188","0","20.6208400726318","0.0658121109008789","0","9","125","45","397","258","258","-1","0","126","3","57","0","3.47317147254944","0.300000011920929","0.0421516671776772","100","344","20460.0024864207","1023","20.0000024305187","1.755755475281","-1.71741599726844","10"
"default_longboard","75","1","7","0","0","0","0","1.23994565010071","0","341.940734863281","-5.57133531570435","990.64599609375","0","323.151306152344","0","0","0","1825.28271484375","287.461395263672","0","287.461395263672","293.609649658203","543.786926269531","0","0.0143504217267036","0.524698317050934","0","0","1323.79296875","0","21.6667861938477","0.0569358058273792","0","9","145","55","398","268","268","-1","0","146","3","67","0","3.25727891921997","0.349999994039536","0.0421516671776772","107","347","20460.0014724199","1023","20.0000014393156","1.56722656412671","-1.69005235509326","10"
"default_longboard","75","1","8","0","0","0","0","0.561335921287537","0","494.392791748047","62565.3515625","818.158935546875","0","108908.265625","0","0","0","2131.90869140625","355.088439941406","0","355.088439941406","10904.7978515625","108031.1796875","0","0.532981276512146","0.757016122341156","0","0","63958.015625","0","35.6731414794922","0.0751630365848541","0","9","164","64","397","277","277","-1","0","165","1","76","0","45","0.400000005960464","0.0421516671776772","97","295","20460.0017526394","1023","20.000001713235","44.7532796965298","-0.246720303470184","10"
"default_longboard","75","1","9","0","0","0","0","0.0910543203353882","0","524.916870117188","67109.0859375","1166.58203125","0","115615.0625","0","0","0","2126.74731445313","376.783660888672","0","376.783660888672","11578.12890625","113816.0625","0","0.565890908241272","0.801323652267456","0","0","68303.984375","0","38.4521484375","0.13154049217701","0","9","184","74","397","287","287","-1","0","185","0","86","0","45","0.449999988079071","0.0421516671776772","99","297","20460.001632176","1023","20.00000159548","44.926183581944","-0.0738164180559693","10"
"default_longboard","75","1","10","0","0","0","0","-0.388329416513443","0","526.870422363281","67928.4921875","811.07666015625","0","115939.0859375","0","0","0","1995.0458984375","397.878601074219","0","397.878601074219","11617.056640625","113643.125","0","0.567793607711792","0.79378604888916","0","0","68863.890625","0","38.6482276916504","0.173577517271042","0","9","204","84","396","297","297","-1","0","205","0","96","0","45","0.5","0.0421516671776772","101","300","20459.9989905518","1023","19.9999990132471","45.6676285868654","0.667628586865362","10"
"default_longboard","75","2","0","0","0","0","0","5.99996757507324","0","3.62317681312561","156.194610595703","0","0","534.818237304688","0","0","0","81.6601791381836","87.0040893554688","0","87.0040893554688","69.7314300537109","533.216247558594","0","0.00340818334370852","0.00710476981475949","0","0","159.431793212891","0","0.0906774774193764","0.0594935901463032","0","9","54","2","400","224","224","-1","0","55","0","23","0","28.6906261444092","0.116666674613953","0.063227504491806","14","384","20459.9996600637","1023","19.9999996677064","28.6660438604875","-0.0245822839216316","10"
"default_longboard","75","2","1","0","0","0","0","3.82461261749268","0","23.5411033630371","60.7953796386719","0","0","527.039306640625","0","0","0","652.447326660156","51.406551361084","0","51.406551361084","135.081283569336","527.456359863281","0","0.00660221325233579","0.033540066331625","0","0","83.8933410644531","0","0.613540172576904","0.0701026022434235","0","9","61","5","400","227","227","-1","0","62","0","26","0","14.2727060317993","0.133333340287209","0.063227504491806","23","376","20460.0000646065","1023","20.0000000631539","11.3525562432563","-2.92014978854301","10"
"default_longboard","75","2","2","0","0","0","0","3.67199420928955","0","24.9940509796143","71.9899597167969","0","0","526.272583007813","0","0","0","740.387084960938","48.0740585327148","0","48.0740585327148","136.448471069336","527.46728515625","0","0.00666903518140316","0.0355934128165245","0","0","96.5448303222656","0","0.673105776309967","0.0652511119842529","0","9","67","8","399","230","230","-1","0","68","0","29","0","13.3291711807251","0.150000005960464","0.063227504491806","25","374","20460.0016880744","1023","20.0000016501216","10.7991721653611","-2.52999901536402","10"
"default_longboard","75","2","3","0","0","0","0","2.87636303901672","0","93.9740676879883","33.3115310668945","397.785461425781","0","469.924621582031","0","0","0","3589.14208984375","36.2921295166016","0","36.2921295166016","233.059799194336","476.976623535156","0","0.0113909970968962","0.130257606506348","0","0","523.974731445313","0","3.76385688781738","0.0663792192935944","0","9","88","18","400","240","240","-1","0","89","0","39","0","8.29518890380859","0.200000002980232","0.063227504491806","45","357","20459.9998763796","1023","19.9999998791589","5.01691069213815","-3.27827821167045","10"
"default_longboard","75","2","4","0","0","0","0","2.32633447647095","0","132.102890014648","25.5237331390381","872.979431152344","0","457.018371582031","0","0","0","2469.77661132813","75.1754150390625","0","75.1754150390625","238.390975952148","498.715148925781","0","0.0116515634581447","0.185666471719742","0","0","1028.56457519531","0","6.11332225799561","0.0605586543679237","0","9","107","27","399","249","249","-1","0","108","0","48","0","7.29691886901855","0.25","0.063227504491806","55","348","20459.9989356371","1023","19.9999989595671","3.59798046052145","-3.69893840849711","10"
"default_longboard","75","2","5","0","0","0","0","1.76167392730713","0","144.670486450195","23.7569618225098","1063.18395996094","0","444.296966552734","0","0","0","2207.41796875","90.6112060546875","0","90.6112060546875","238.883483886719","492.962371826172","0","0.0116756372153759","0.200016796588898","0","0","1229.46081542969","0","7.06870317459106","0.0511300601065159","0","9","127","37","398","259","259","-1","0","128","0","58","0","7.14203310012817","0.300000011920929","0.063227504491806","63","344","20459.995414394","1023","19.9999955174917","3.34644496882677","-3.7955881313014","10"
"default_longboard","75","2","6","0","0","0","0","0.767274796962738","0","263.158538818359","8.21077632904053","1466.93774414063","0","303.657531738281","0","0","0","2074.1044921875","183.445510864258","0","183.445510864258","325.077667236328","395.971557617188","0","0.0158884488046169","0.3804851770401","0","0","1736.74072265625","0","16.2086715698242","0.0326635949313641","0","9","147","47","399","269","269","-1","0","148","0","68","0","4.69938182830811","0.349999994039536","0.063227504491806","76","316","20460.0002954263","1023","20.0000002887843","2.39327557914245","-2.30610624916565","10"
"default_longboard","75","2","7","0","0","0","0","0.309929430484772","0","271.134155273438","7.83766555786133","1467.12463378906","0","291.188934326172","0","0","0","1949.79357910156","200.086975097656","0","200.086975097656","319.811065673828","386.026000976563","0","0.015631040558219","0.390128314495087","0","0","1744.38232421875","0","16.9498710632324","0.0267917867749929","0","9","166","56","398","278","278","-1","0","167","0","77","0","4.50164222717285","0.400000005960464","0.063227504491806","84","319","20459.998455168","1023","19.9999984899003","2.29625086574601","-2.20539136142684","10"
"default_longboard","75","2","8","0","0","0","0","-0.418717086315155","0","311.456329345703","-3.05696868896484","589.773071289063","0","328.616149902344","0","0","0","1815.91076660156","251.098068237305","0","251.098068237305","275.566711425781","524.231140136719","0","0.0134685598313808","0.45597168803215","0","0","2271.9189453125","0","20.1097011566162","0.0291978791356087","0","9","186","66","398","288","288","-1","0","187","0","87","0","3.67726373672485","0.449999988079071","0.063227504491806","98","328","20459.9983127913","1023","19.9999983507247","1.69265750496719","-1.98460623175766","10"
"default_longboard","75","2","9","0","0","0","0","-1.01820540428162","0","326.052307128906","4.67251205444336","1352.66821289063","0","274.76806640625","0","0","0","1653.52795410156","287.040161132813","0","287.040161132813","259.762603759766","444.513214111328","0","0.0126961190253496","0.474628955125809","0","0","1681.01635742188","0","21.4927272796631","0.0148920668289065","0","9","206","76","397","298","298","-1","0","207","0","97","0","3.18299794197083","0.5","0.063227504491806","104","323","20460.0006695836","1023","20.0000006545294","1.53282020755279","-1.65017773441803","10"
"default_longboard","75","2","10","0","0","0","0","-1.18759608268738","0","310.466217041016","6.48381996154785","1350.19982910156","0","281.755767822266","0","0","0","1573.34619140625","285.472290039063","0","285.472290039063","239.292373657227","438.647766113281","0","0.0116956178098917","0.449146747589111","0","0","1665.0556640625","0","20.5021514892578","0.00835929159075022","0","9","214","80","398","302","302","-1","0","215","0","101","0","2.96588730812073","0.516666650772095","0.063227504491806","104","322","20460.0028443852","1023","20.0000027804352","1.49212992478291","-1.47375738333782","10"
"default_longboard","75","3","0","0","0","0","0","-1.40212512016296","0","3.26676392555237","491.753997802734","0","0","533.80078125","0","0","0","69.5930862426758","66.503532409668","0","66.503532409668","74.9272155761719","532.58642578125","0","0.0036621312610805","0.0046281861141324","0","0","494.263519287109","0","0.0668026730418205","0.00380487227812409","0","9","96","1","400","244","244","-1","0","97","0","43","0","28.8373737335205","0.216666668653488","0.0843033343553543","19","383","20460.0027236776","1023","20.0000026624414","52.3040799671482","23.4667062336277","10"
"default_longboard","75","3","1","0","0","0","0","-8.43537330627441","0","3.0547616481781","586.737182617188","0","0","533.863647460938","0","0","0","59.4732131958008","63.2593154907227","0","63.2593154907227","75.0344161987305","532.437744140625","0","0.00366737111471593","0.00376223493367434","0","0","588.924621582031","0","0.0530212931334972","0.00291244662366807","0","9","103","4","400","247","247","-1","0","104","0","46","0","28.1569862365723","0.233333334326744","0.0843033343553543","18","383","20460.0008702807","1023","20.0000008507143","77.1061866098078","48.9492003732356","10"
"default_longboard","75","3","2","0","0","0","0","-23.392505645752","0","2.85889101028442","732.836364746094","0","0","533.869506835938","0","0","0","48.4460563659668","59.6930770874023","0","59.6930770874023","76.9804611206055","532.185363769531","0","0.00376248615793884","0.00289189396426082","0","0","734.615112304688","0","0.0395226404070854","0.000790633668657392","0","9","109","7","400","250","250","-1","0","110","0","49","0","23.991304397583","0.25","0.0843033343553543","16","382","20459.9984927989","1023","19.9999985266852","NaN","NaN","10"
"default_longboard","75","3","3","0","0","0","0","1.87227988243103","0","63.0909881591797","80.9008483886719","466.224792480469","0","493.203063964844","0","0","0","4095.59057617188","21.0714797973633","0","21.0714797973633","165.018905639648","495.329040527344","0","0.00806543976068497","0.0863001570105553","0","0","609.244445800781","0","2.33191537857056","0.0557680390775204","0","9","129","17","399","260","260","-1","0","130","0","59","0","8.96029376983643","0.300000011920929","0.0843033343553543","56","372","20460.0010087527","1023","20.000000986073","5.36257481847664","-3.59771895135978","10"
"default_longboard","75","3","4","0","0","0","0","0.892589211463928","0","65.4811019897461","79.2586135864258","591.259033203125","0","493.913818359375","0","0","0","2581.12524414063","34.1314277648926","0","34.1314277648926","156.190002441406","500.746795654297","0","0.00763391982764006","0.0880974903702736","0","0","734.85986328125","0","2.5192928314209","0.051271453499794","0","9","149","27","400","270","270","-1","0","150","0","69","0","8.70756912231445","0.349999994039536","0.0843033343553543","64","372","20460.0003625779","1023","20.0000003544261","4.9710908189303","-3.73647830338415","10"
"default_longboard","75","3","5","0","0","0","0","0.318683624267578","0","78.7249069213867","81.3134918212891","725.725891113281","0","491.399475097656","0","0","0","1654.01098632813","64.3045272827148","0","64.3045272827148","153.161407470703","511.063659667969","0","0.00748589541763067","0.106360398232937","0","0","884.616760253906","0","3.27570366859436","0.0480552688241005","0","9","170","37","400","280","280","-1","0","171","0","79","0","7.85515737533569","0.400000005960464","0.0843033343553543","74","372","20459.9982935882","1023","19.9999983319533","4.035948911039","-3.81920846429669","10"
"default_longboard","75","3","6","0","0","0","0","0.169615656137466","0","146.13493347168","13.5792293548584","1840.17150878906","0","343.112701416016","0","0","0","1261.76599121094","158.602722167969","0","158.602722167969","255.705291748047","317.060028076172","0","0.012497816234827","0.200119525194168","0","0","1996.62951660156","0","8.33043766021729","0.00758025189861655","0","9","189","46","399","289","289","-1","0","190","0","88","0","7.19804716110229","0.449999988079071","0.0843033343553543","77","325","20459.9977262816","1023","19.9999977774014","3.58055232325948","-3.61749483784282","10"
"default_longboard","75","3","7","0","0","0","0","-0.374478816986084","0","124.312828063965","19.0500297546387","1860.23486328125","0","355.047241210938","0","0","0","963.324951171875","177.030395507813","0","177.030395507813","230.807998657227","314.564910888672","0","0.011280938051641","0.170537799596786","0","0","2000.26184082031","0","7.0159387588501","0.00081915914779529","0","9","209","56","398","299","299","-1","0","210","0","98","0","8.14183712005615","0.5","0.0843033343553543","84","334","20460.0005425659","1023","20.0000005303674","3.79283921207626","-4.3489979079799","10"
"default_longboard","75","3","8","0","0","0","0","-0.949424386024475","0","140.424942016602","15.82546043396","1958.65173339844","0","338.022399902344","0","0","0","902.508544921875","213.451934814453","0","213.451934814453","241.051712036133","304.099700927734","0","0.0117816096171737","0.192642197012901","0","0","2111.44189453125","0","8.19167804718018","0.00648720096796751","0","9","229","66","399","309","309","-1","0","230","0","108","0","7.24145269393921","0.550000011920929","0.0843033343553543","93","336","20459.9982403728","1023","19.9999982799343","3.50628284177229","-3.73516985216692","10"
"default_longboard","75","3","9","0","0","0","0","-1.12752532958984","0","83.5371170043945","36.3332824707031","1779.03466796875","0","388.090942382813","0","0","0","577.965209960938","195.355133056641","0","195.355133056641","177.048309326172","328.640686035156","0","0.00865338742733002","0.112908467650414","0","0","1895.27465820313","0","4.42745685577393","0.0122074605897069","0","9","236","70","399","313","313","-1","0","237","0","112","0","10.8054704666138","0.566666662693024","0.0843033343553543","89","353","20460.0002961846","1023","20.0000002895255","4.39550051167363","-6.40996995494014","10"
"default_longboard","75","3","10","0","0","0","0","-1.3318532705307","0","114.27995300293","10401.818359375","2223.68969726563","0","21178.484375","0","0","0","653.156677246094","239.584655761719","0","239.584655761719","2149.78784179688","19325.267578125","0","0.105072729289532","0.156486317515373","0","0","12178.9541015625","0","6.6626181602478","0.203019618988037","0","9","242","73","399","316","316","-1","0","243","0","115","0","45","0.583333313465118","0.0843033343553543","78","334","20459.9981016297","1023","19.9999981443106","42.1790710672493","-2.8209289327507","10"
"default_longboard","90","0","0","0","0","0","0","3.52004933357239","0","12.8893041610718","83.1028747558594","0","0","559.373840332031","0","0","0","2356.10717773438","9.09349918365479","0","9.09349918365479","104.870643615723","529.585021972656","0","0.00512564275413752","0.0214252583682537","0","0","95.4856338500977","0","0.272646576166153","0.324219107627869","0","9","21","5","400","211","211","-1","0","22","0","10","0","18.2040061950684","0.0333333350718021","0.0210758335888386","17","393","20459.998608188","1023","19.99999863948","13.8413139534781","-4.36269224159024","10"
"default_longboard","90","0","1","0","0","0","0","1.9000495672226","0","34.8886528015137","45.1880378723145","0","0","535.611511230469","0","0","0","1127.14404296875","45.4345893859863","0","45.4345893859863","166.434066772461","525.414306640625","0","0.00813460722565651","0.0512113310396671","0","0","79.6152496337891","0","0.97519850730896","0.23335337638855","0","9","25","7","400","213","213","-1","0","26","2","12","0","10.69642162323","0.0500000007450581","0.0210758335888386","23","386","20460.0003608691","1023","20.0000003527558","9.13979882638342","-1.55662279684656","10"
"default_longboard","90","0","2","0","0","0","0","0.727006733417511","0","101.263534545898","22.8707580566406","0","0","492.971496582031","0","0","0","1301.55383300781","118.702629089355","0","118.702629089355","273.799346923828","518.701904296875","0","0.013382175937295","0.154497861862183","0","0","123.730445861816","0","4.03867292404175","0.15587954223156","0","9","39","14","400","220","220","-1","0","40","3","19","0","5.95294237136841","0.100000001490116","0.0210758335888386","37","368","20460.0020360495","1023","20.0000019902733","4.96902802911175","-0.983914342256659","10"
"default_longboard","90","0","3","0","0","0","0","0.478753089904785","0","188.197448730469","13.6486167907715","317.635803222656","0","424.634521484375","0","0","0","1734.412109375","166.797500610352","0","166.797500610352","342.808715820313","495.392303466797","0","0.0167550686746836","0.289295613765717","0","0","518.940795898438","0","9.4006462097168","0.121019192039967","0","9","61","25","400","231","231","-1","0","62","3","30","0","4.04088258743286","0.150000005960464","0.0210758335888386","58","353","20460.0006407784","1023","20.0000006263719","3.3202447931714","-0.720637794261461","10"
"default_longboard","90","0","4","0","0","0","0","0.71174031496048","0","205.098266601563","12.7898759841919","487.460083007813","0","409.594665527344","0","0","0","2458.57495117188","127.684387207031","0","127.684387207031","342.453033447266","493.838165283203","0","0.0167376846075058","0.313921630382538","0","0","704.810180664063","0","10.7384405136108","0.105295307934284","0","9","67","28","400","234","234","-1","0","68","3","33","0","3.9331636428833","0.16666667163372","0.0210758335888386","59","346","20460.0003810382","1023","20.0000003724713","3.05634761847392","-0.876816024409376","10"
"default_longboard","90","0","5","0","0","0","0","0.614123582839966","0","227.022125244141","11.2166576385498","409.250061035156","0","395.359466552734","0","0","0","2434.61376953125","143.978942871094","0","143.978942871094","358.213287353516","497.937194824219","0","0.0175079833716154","0.350533097982407","0","0","646.981018066406","0","12.3464107513428","0.103624850511551","0","9","73","31","400","237","237","-1","0","74","3","36","0","3.54636240005493","0.183333337306976","0.0210758335888386","66","345","20459.9970053812","1023","19.9999970727089","2.86292808834814","-0.683434311706788","10"
"default_longboard","90","1","0","0","0","0","0","2.99224662780762","0","15.0732250213623","70.4203109741211","0","0","538.853820800781","0","0","0","235.173645019531","94.8218536376953","0","94.8218536376953","111.71475982666","528.98291015625","0","0.00546015473082662","0.0222996007651091","0","0","85.0194778442383","0","0.344707041978836","0.189513385295868","0","9","29","2","400","215","215","-1","0","30","0","14","0","17.2602272033691","0.0666666701436043","0.0421516671776772","14","383","20459.9989073474","1023","19.9999989319134","14.1732275870415","-3.08699961632761","10"
"default_longboard","90","1","1","0","0","0","0","2.75246548652649","0","31.634334564209","46.7859802246094","0","0","528.873168945313","0","0","0","554.056945800781","81.2477493286133","0","81.2477493286133","156.327438354492","525.695129394531","0","0.0076406360603869","0.0450158789753914","0","0","77.9552993774414","0","0.870956420898438","0.158053547143936","0","9","35","5","400","218","218","-1","0","36","0","17","0","12.286262512207","0.0833333358168602","0.0421516671776772","22","377","20460.0032142581","1023","20.0000031419923","9.77223830006731","-2.51402421213972","10"
"default_longboard","90","1","2","0","0","0","0","2.63141107559204","0","38.6683654785156","41.9421234130859","33.844970703125","0","519.773315429688","0","0","0","637.305847167969","87.028450012207","0","87.028450012207","170.384506225586","516.412109375","0","0.00832768902182579","0.0554637424647808","0","0","113.741912841797","0","1.15128993988037","0.138080835342407","0","9","39","7","400","220","220","-1","0","40","0","19","0","11.1731834411621","0.100000001490116","0.0421516671776772","23","370","20459.9986597759","1023","19.999998689908","8.63541923047085","-2.53776421069126","10"
"default_longboard","90","1","3","0","0","0","0","2.1785900592804","0","103.546005249023","28.4047012329102","440.338623046875","0","477.635498046875","0","0","0","2758.68188476563","53.9815292358398","0","53.9815292358398","241.953964233398","499.319000244141","0","0.0118257077410817","0.148917853832245","0","0","571.19580078125","0","4.29329872131348","0.11002130061388","0","9","61","18","400","231","231","-1","0","62","0","30","0","6.70853710174561","0.150000005960464","0.0421516671776772","39","353","20459.9986344045","1023","19.999998665107","4.55470734400893","-2.15382975773667","10"
"default_longboard","90","1","4","0","0","0","0","1.73692274093628","0","164.46940612793","16.6673355102539","935.170471191406","0","432.281768798828","0","0","0","4904.91357421875","48.6713829040527","0","48.6713829040527","280.095916748047","489.4970703125","0","0.0136899258941412","0.238728925585747","0","0","1114.79760742188","0","8.22053146362305","0.0927348881959915","0","9","79","27","400","240","240","-1","0","80","0","39","0","5.30608606338501","0.200000002980232","0.0421516671776772","50","336","20460.0024071655","1023","20.0000023530455","3.28743366406156","-2.01865239932345","10"
"default_longboard","90","1","5","0","0","0","0","1.52211201190948","0","255.832794189453","8.85689067840576","1197.29577636719","0","351.594146728516","0","0","0","29638.22265625","12.9339075088501","0","12.9339075088501","334.049041748047","471.772521972656","0","0.0163269340991974","0.383338004350662","0","0","1460.86608886719","0","15.2831354141235","0.0719523131847382","0","9","99","37","400","250","250","-1","0","100","1","49","0","3.66527152061462","0.25","0.0421516671776772","64","321","20459.9981673515","1023","19.9999982085547","2.44105045729089","-1.22422106332373","10"
"default_longboard","90","1","6","0","0","0","0","0.315121829509735","0","300.921447753906","-7.64823865890503","904.988342285156","0","356.221984863281","0","0","0","5565.17626953125","85.5528106689453","0","85.5528106689453","288.858489990234","543.260986328125","0","0.0141182048246264","0.476116508245468","0","0","1194.77392578125","0","18.4145565032959","0.0827580913901329","0","9","119","47","399","260","260","-1","0","120","4","59","0","2.48110938072205","0.300000011920929","0.0421516671776772","101","353","20460.0013654978","1023","20.0000013347974","1.69923157624344","-0.781877804478602","10"
"default_longboard","90","1","7","0","0","0","0","0.177404478192329","0","337.736236572266","-6.19774436950684","1151.18701171875","0","323.522399902344","0","0","0","16326.888671875","32.2353782653809","0","32.2353782653809","285.360534667969","542.596740722656","0","0.0139472410082817","0.52630341053009","0","0","1479.53283691406","0","21.594539642334","0.0687728002667427","0","9","139","57","400","270","270","-1","0","140","3","69","0","2.24657344818115","0.349999994039536","0.0421516671776772","107","346","20459.9988269024","1023","19.999998853277","1.51853770855107","-0.728035739630081","10"
"default_longboard","90","1","8","0","0","0","0","-0.246993169188499","0","402.721343994141","-4.44394063949585","905.18701171875","0","256.6640625","0","0","0","19205.751953125","32.9219093322754","0","32.9219093322754","266.765991210938","532.078430175781","0","0.0130384145304561","0.632290005683899","0","0","1324.1025390625","0","27.6809005737305","0.0437930189073086","0","9","159","67","400","280","280","-1","0","160","3","79","0","1.56854462623596","0.400000005960464","0.0421516671776772","119","336","20460.0022945893","1023","20.0000022430003","1.18157656917306","-0.386968057062905","10"
"default_longboard","90","1","9","0","0","0","0","-0.494587600231171","0","430.284790039063","-6.72756767272949","1166.42260742188","0","227.824249267578","0","0","0","54216.63671875","12.4057111740112","0","12.4057111740112","232.265014648438","527.347045898438","0","0.0113521497696638","0.672595918178558","0","0","1656.34985351563","0","30.3069591522217","0.033272497355938","0","9","179","77","400","290","290","-1","0","180","2","89","0","1.34485149383545","0.449999988079071","0.0421516671776772","123","331","20460.0026744816","1023","20.0000026143515","0.967090523157141","-0.377760970678308","10"
"default_longboard","90","1","10","0","0","0","0","-1.02860128879547","0","488.899932861328","1.92283487319946","662.237487792969","0","168.952728271484","0","0","0","39899.22265625","18.8962230682373","0","18.8962230682373","246.1015625","513.163696289063","0","0.0120284259319305","0.75394469499588","0","0","1498.11889648438","0","35.4544830322266","0.00762916961684823","0","9","199","87","399","300","300","-1","0","200","1","99","0","0.869449079036713","0.5","0.0421516671776772","117","317","20459.9973340403","1023","19.9999973939788","0.914135161825915","0.0446860827892021","10"
"default_longboard","90","2","0","0","0","0","0","5.51746845245361","0","3.50063037872314","160.571426391602","0","0","543.362426757813","0","0","0","38.5960998535156","184.079986572266","0","184.079986572266","69.4023208618164","533.292236328125","0","0.0033920977730304","0.00710476981475949","0","0","163.682434082031","0","0.0895936489105225","0.186689302325249","0","9","47","2","400","224","224","-1","0","48","0","23","0","28.2430324554443","0.116666674613953","0.063227504491806","14","384","20460.0001254723","1023","20.0000001226514","28.5183062516799","0.275273796235588","10"
"default_longboard","90","2","1","0","0","0","0","2.71766090393066","0","20.3614883422852","65.5873641967773","0","0","531.774291992188","0","0","0","182.752944946289","163.738861083984","0","163.738861083984","127.673484802246","528.153991699219","0","0.00624015089124441","0.0299237594008446","0","0","85.5074234008789","0","0.528006553649902","0.134772449731827","0","9","53","5","400","227","227","-1","0","54","0","26","0","13.8329906463623","0.133333340287209","0.063227504491806","22","376","20459.9996101673","1023","19.9999996189319","12.0365129081075","-1.79647773825477","10"
"default_longboard","90","2","2","0","0","0","0","2.49748039245605","0","27.9242763519287","62.3676414489746","0","0","527.904113769531","0","0","0","241.779327392578","163.629379272461","0","163.629379272461","144.15299987793","526.820129394531","0","0.00704560009762645","0.0395622029900551","0","0","89.8476638793945","0","0.775061309337616","0.124685630202293","0","9","61","9","400","231","231","-1","0","62","0","30","0","11.9299726486206","0.150000005960464","0.063227504491806","27","375","20460.0031055541","1023","20.0000030357323","10.258479855759","-1.67149279286162","10"
"default_longboard","90","2","3","0","0","0","0","1.83681929111481","0","78.2952651977539","35.600959777832","378.04296875","0","478.415222167969","0","0","0","822.485717773438","133.754302978516","0","133.754302978516","216.280822753906","476.021545410156","0","0.0105709116905928","0.110011003911495","0","0","490.701202392578","0","3.0232937335968","0.103720538318157","0","9","79","18","400","240","240","-1","0","80","0","39","0","7.90472316741943","0.200000002980232","0.063227504491806","43","360","20459.9971208139","1023","19.9999971855464","5.51403534310836","-2.39068782431107","10"
"default_longboard","90","2","4","0","0","0","0","1.29909360408783","0","110.323173522949","34.9489212036133","735.3310546875","0","472.757202148438","0","0","0","1070.39990234375","145.437377929688","0","145.437377929688","218.585525512695","501.87939453125","0","0.0106835542246699","0.155676156282425","0","0","878.801391601563","0","4.8320426940918","0.0950967445969582","0","9","99","28","400","250","250","-1","0","100","0","49","0","6.69518375396729","0.25","0.063227504491806","55","356","20460.0005687198","1023","20.0000005559333","3.93511817508787","-2.76006557887942","10"
"default_longboard","90","2","5","0","0","0","0","0.668593406677246","0","165.840545654297","14.1792240142822","1593.46008300781","0","384.947204589844","0","0","0","1672.05017089844","140.069885253906","0","140.069885253906","266.453247070313","414.539245605469","0","0.0130231287330389","0.23420387506485","0","0","1771.20886230469","0","9.09772205352783","0.0646808296442032","0","9","119","38","399","260","260","-1","0","120","0","59","0","6.09002304077148","0.300000011920929","0.063227504491806","59","322","20460.0025487221","1023","20.0000024914195","3.18763033173457","-2.90239270903692","10"
"default_longboard","90","2","6","0","0","0","0","-0.0860176011919975","0","242.538604736328","8.11937713623047","1613.02465820313","0","311.070526123047","0","0","0","3435.90795898438","102.559669494629","0","102.559669494629","317.707855224609","385.958770751953","0","0.0155282439664006","0.352385610342026","0","0","1861.85766601563","0","14.9889631271362","0.0468124747276306","0","9","139","48","400","270","270","-1","0","140","0","69","0","4.3718843460083","0.349999994039536","0.063227504491806","74","312","20459.9989485001","1023","19.9999989721408","2.52561703201347","-1.84626731399483","10"
"default_longboard","90","2","7","0","0","0","0","-0.571241617202759","0","243.043258666992","8.21116256713867","1546.18444824219","0","308.247985839844","0","0","0","2877.27514648438","121.129264831543","0","121.129264831543","314.158660888672","383.915893554688","0","0.0153547739610076","0.348522245883942","0","0","1795.55334472656","0","15.1577711105347","0.0389483235776424","0","9","159","58","400","280","280","-1","0","160","0","79","0","4.17826747894287","0.400000005960464","0.063227504491806","81","315","20459.9990652065","1023","19.9999990862233","2.5250860272855","-1.65318145165737","10"
"default_longboard","90","2","8","0","0","0","0","-1.07448244094849","0","357.402069091797","-5.48268032073975","1687.76257324219","0","277.777770996094","0","0","0","6938.64990234375","77.8655700683594","0","77.8655700683594","251.604797363281","503.019348144531","0","0.0122974012047052","0.54028195142746","0","0","2036.51513671875","0","24.123498916626","0.0368449240922928","0","9","179","68","400","290","290","-1","0","180","1","89","0","2.18701243400574","0.449999988079071","0.063227504491806","104","327","20459.9974559675","1023","19.9999975131647","1.30422655331515","-0.882785880690586","10"
"default_longboard","90","2","9","0","0","0","0","-1.54465055465698","0","356.197357177734","-4.01882553100586","1062.98229980469","0","273.342254638672","0","0","0","5632.96728515625","94.6416549682617","0","94.6416549682617","241.527969360352","495.175231933594","0","0.0118048870936036","0.533113360404968","0","0","1413.02221679688","0","24.1693553924561","0.031465508043766","0","9","199","78","399","300","300","-1","0","200","0","99","0","1.93607878684998","0.5","0.063227504491806","111","328","20459.9982570966","1023","19.9999982962821","1.26882115905507","-0.667257627794905","10"
"default_longboard","90","3","0","0","0","0","0","1.09376168251038","0","14.1357889175415","183.809051513672","0","0","532.479675292969","0","0","0","97.0531463623047","227.764602661133","0","227.764602661133","109.91153717041","530.1640625","0","0.00537202041596174","0.0221052728593349","0","0","197.450424194336","0","0.415428429841995","0.112944699823856","0","9","87","1","400","244","244","-1","0","88","0","43","0","13.1417503356934","0.216666668653488","0.0843033343553543","33","380","20459.9998994481","1023","19.9999999017088","14.0648450221441","0.923094686450725","10"
"default_longboard","90","3","1","0","0","0","0","0.754444181919098","0","15.4725198745728","134.339248657227","0","0","531.809326171875","0","0","0","101.918800354004","233.224975585938","0","233.224975585938","112.130462646484","530.000244140625","0","0.00548047199845314","0.023770010098815","0","0","149.377899169922","0","0.462111383676529","0.110996827483177","0","9","93","4","400","247","247","-1","0","94","0","46","0","12.5531892776489","0.233333334326744","0.0843033343553543","36","381","20460.0010141705","1023","20.000000991369","13.3301885738305","0.776999296181565","10"
"default_longboard","90","3","2","0","0","0","0","-3.71271705627441","0","6.58493518829346","317.369689941406","0","0","535.345825195313","0","0","0","47.4472236633301","251.452575683594","0","251.452575683594","92.799072265625","532.03125","0","0.00453563407063484","0.0119307255372405","0","0","323.356658935547","0","0.21135513484478","0.11070965975523","0","9","99","7","400","250","250","-1","0","100","0","49","0","16.3238315582275","0.25","0.0843033343553543","32","383","20459.9998193056","1023","19.9999998233681","22.3438484364732","6.02001687824564","10"
"default_longboard","90","3","3","0","0","0","0","0.810096442699432","0","57.7040710449219","87.2011260986328","478.028564453125","0","498.476501464844","0","0","0","357.236846923828","224.110443115234","0","224.110443115234","156.469711303711","498.980621337891","0","0.00764759071171284","0.0800605043768883","0","0","621.882446289063","0","2.13321280479431","0.0944190695881844","0","9","119","17","399","260","260","-1","0","120","0","59","0","8.07266902923584","0.300000011920929","0.0843033343553543","55","372","20460.0006985293","1023","20.0000006828244","5.48140141052113","-2.59126761871471","10"
"default_longboard","90","3","4","0","0","0","0","0.22414156794548","0","68.8238525390625","95.6625518798828","599.548889160156","0","495.857666015625","0","0","0","407.320007324219","234.05859375","0","234.05859375","152.487670898438","506.324493408203","0","0.00745296478271484","0.0953367426991463","0","0","762.954711914063","0","2.72848510742188","0.0876476019620895","0","9","139","27","400","270","270","-1","0","140","0","69","0","7.13078641891479","0.349999994039536","0.0843033343553543","65","373","20460.0015355086","1023","20.000001500986","4.48368110350986","-2.64710531540494","10"
"default_longboard","90","3","5","0","0","0","0","-0.18308699131012","0","100.784339904785","58.0640258789063","894.465393066406","0","467.8837890625","0","0","0","613.661987304688","226.821563720703","0","226.821563720703","185.287628173828","488.966461181641","0","0.00905609130859375","0.139191776514053","0","0","1052.12133789063","0","4.60290288925171","0.077916607260704","0","9","159","37","400","280","280","-1","0","160","0","79","0","6.38861656188965","0.400000005960464","0.0843033343553543","76","365","20460","1023","20","3.73041147655499","-2.65820508533466","10"
"default_longboard","90","3","6","0","0","0","0","-0.608544409275055","0","135.237152099609","13.5717058181763","1992.81274414063","0","346.150909423828","0","0","0","931.464904785156","201.470352172852","0","201.470352172852","239.8291015625","313.836547851563","0","0.0117218513041735","0.187662556767464","0","0","2137.97021484375","0","7.88192796707153","0.0302838142961264","0","9","179","47","400","290","290","-1","0","180","0","89","0","7.24261999130249","0.449999988079071","0.0843033343553543","75","320","20460.002037145","1023","20.0000019913441","3.58116232341146","-3.66145766789103","10"
"default_longboard","90","3","7","0","0","0","0","-1.01798593997955","0","96.3372955322266","23.0632572174072","1840.71447753906","0","370.3984375","0","0","0","561.641418457031","235.934661865234","0","235.934661865234","198.674194335938","311.380340576172","0","0.00971037149429321","0.132510676980019","0","0","1956.16760253906","0","5.34480142593384","0.0305381920188665","0","9","199","57","399","300","300","-1","0","200","0","99","0","9.67088890075684","0.5","0.0843033343553543","77","334","20459.9993370695","1023","19.9999993519741","4.2023968119427","-5.46849208881413","10"
"default_longboard","90","3","8","0","0","0","0","-1.32159698009491","0","100.065696716309","8896.3447265625","1997.669921875","0","18460.70703125","0","0","0","576.11474609375","237.226089477539","0","237.226089477539","1878.38842773438","17180.154296875","0","0.0918078497052193","0.136669456958771","0","0","10511.685546875","0","5.67650747299194","0.00312398886308074","0","9","219","67","400","310","310","-1","0","220","0","109","0","45","0.550000011920929","0.0843033343553543","76","331","20459.998069507","1023","19.9999981129101","42.2023583879395","-2.79764161206047","10"
"default_longboard","90","3","9","0","0","0","0","-1.56687009334564","0","117.373542785645","15.5213813781738","2199.2333984375","0","360.135192871094","0","0","0","740.134887695313","221.072067260742","0","221.072067260742","189.992172241211","323.945007324219","0","0.00928603019565344","0.163623154163361","0","0","2326.86645507813","0","6.97821378707886","0.0103871980682015","0","9","239","77","399","320","320","-1","0","240","0","119","0","7.46971940994263","0.600000023841858","0.0843033343553543","79","337","20459.999401051","1023","19.9999994145171","3.25342938105959","-4.21629002888304","10"
