"board","drift_deg","roll_case","element_index","boundary_layer_mm","Cl0_Savitsky","Cl0_theorique","Cv_Savitsky","delta_plan_horizontal_deg","deviation_rail_deg","Fx_friction_n","Fx_planing","Fx_rail_n","Fx_rocker","Fz_planing_n","lamda_Savitsky","laminar_boundary_layer_mm","laminar_turbulent_transition_mm","largeur_B_element_mm","longueur_calcul_largeur_element_mm","longueur_element_mm","longueur_mouillee_element_mm","masse_flux_devie_kg_sec_planing","portance_globale_verticale_n","pression_dynamique_B","section_frontale_flux_devie_m2_planing","surface_contact_m2","surface_coupe_partie_immergee_m2","surface_max_element_m2","trainee_globale_horizontale_n","volume_deplacement_litres","volume_litres","inclinaison_roulis_rad_ligne_attack","inclinaison_roulis_rad_ligne_surface","index_dernier_element_on_attack","index_L1_max","index_L1_min","index_L2_max","index_L2_min","index_nose","index_point_contact","index_point_decrochage","index_point_roulis_avant_dans_tab_index_axe_roulis","index_premier_element_on_attack","index_tail","point_attack_on_outline","incidence_deg_stored","pos_x","pos_y","attack_index_1","attack_index_2","rho_v_kg_m2_s","rho_kgm3","scan_speed_ms","incidence_deg_derived","incidence_deg_residual","n_sub_elements"
"Poahaku","0","0","0","0","0","0","0","2.7487165927887","0","25.3000717163086","48.6882400512695","44.7281036376953","0","502.340667724609","0","0","0","516.840637207031","66.7518005371094","0","66.7518005371094","135.692138671875","496.124603271484","0","0.00663206912577152","0.0345000438392162","0","0","117.421829223633","0","0.729676008224487","-0.0238792579621077","0","9","199","1","385","201","200","-1","0","200","0","0","0","13.6829528808594","0.0166666675359011","0","15","385","20460.0006571991","1023","20.0000006424233","11.0831660900599","-2.5997867907995","10"
"Poahaku","0","0","1","0","0","0","0","2.74544215202332","0","59.0601005554199","29.790319442749","0","0","496.717712402344","0","0","0","433.848876953125","200.254837036133","0","200.254837036133","211.077377319336","508.917907714844","0","0.0103165870532393","0.0868803411722183","0","0","88.4347686767578","0","1.92868053913116","-0.0260404795408249","0","9","199","1","384","201","200","-1","0","200","0","0","0","9.78922367095947","0.0333333350718021","0","20","384","20460.000601949","1023","20.0000005884154","6.81966624265934","-2.96955742830013","10"
"Poahaku","0","0","2","0","0","0","0","2.74544215202332","0","63.1900405883789","28.5433006286621","0","0","494.997100830078","0","0","0","463.810333251953","200.254837036133","0","200.254837036133","218.495162963867","508.650054931641","0","0.0106791369616985","0.0928802639245987","0","0","91.3218460083008","0","2.07972645759583","-0.00997884478420019","0","9","199","1","383","201","200","-1","0","200","0","0","0","9.54094886779785","0.0500000007450581","0","19","383","20460.0019409354","1023","20.0000018972976","6.60232514726617","-2.93862372053168","10"
"Poahaku","0","0","3","0","0","0","0","2.71572756767273","0","134.092788696289","16.7880668640137","0","0","462.388092041016","0","0","0","453.413848876953","467.249755859375","0","467.249755859375","321.381774902344","503.774719238281","0","0.0157078094780445","0.211857512593269","0","0","150.532638549805","0","5.08495044708252","-0.00104620528873056","0","9","199","1","379","201","200","-1","0","200","0","0","0","7.15646362304688","0.100000001490116","0","37","364","20459.9995531874","1023","19.9999995632331","4.25199847701537","-2.9044651460315","10"
"Poahaku","0","0","4","0","0","0","0","2.65465664863586","0","193.146942138672","12.3985300064087","0","0","433.925506591797","0","0","0","450.322326660156","734.212951660156","0","734.212951660156","382.543914794922","501.195587158203","0","0.0186971612274647","0.330632477998734","0","0","205.234741210938","0","7.79263257980347","-0.00192922132555395","0","9","199","1","370","201","200","-1","0","200","0","0","0","6.21461534500122","0.150000005960464","0","56","345","20459.9997903957","1023","19.9999997951082","3.24178736924055","-2.97282797576068","10"
"Poahaku","0","0","5","0","0","0","0","2.58822774887085","0","250.655471801758","9.656662940979","0","0","405.432739257813","0","0","0","480.394836425781","934.403198242188","0","934.403198242188","428.569610595703","499.4208984375","0","0.0209467057138681","0.448882460594177","0","0","260.032012939453","0","10.5433464050293","-0.00104270630981773","0","9","199","1","359","201","200","-1","0","200","0","0","0","5.54269313812256","0.200000002980232","0","74","327","20460.0005580811","1023","20.0000005455338","2.67462844018721","-2.86806469793535","10"
"Poahaku","0","0","6","0","0","0","0","2.47221302986145","0","313.88818359375","7.60278940200806","0","0","376.508636474609","0","0","0","481.054565429688","1201.26794433594","0","1201.26794433594","469.298980712891","497.958679199219","0","0.0229373853653669","0.577875435352325","0","0","321.238677978516","0","13.3526248931885","-0.000518483750056475","0","9","199","1","350","201","200","-1","0","200","0","0","0","4.97465705871582","0.25","0","93","308","20460.0033193619","1023","20.000003244733","2.27481676050359","-2.69984029821223","10"
"Poahaku","0","0","7","0","0","0","0","2.32477116584778","0","380.416351318359","6.15027141571045","0","0","349.561828613281","0","0","0","486.758117675781","1468.05798339844","0","1468.05798339844","502.763061523438","496.806060791016","0","0.0245729759335518","0.71458911895752","0","0","386.337615966797","0","15.9803419113159","-0.0017096595838666","0","9","199","1","339","201","200","-1","0","200","0","0","0","4.45873165130615","0.300000011920929","0","112","288","20459.9989387923","1023","19.9999989626513","1.97065048827735","-2.4880811630288","10"
"Poahaku","0","0","8","0","0","0","0","2.14586877822876","0","442.101013183594","5.09859704971313","0","0","320.687103271484","0","0","0","487.714782714844","1734.76599121094","0","1734.76599121094","520.378540039063","496.336608886719","0","0.0254339464008808","0.846071064472198","0","0","446.992126464844","0","18.8341636657715","-0.00177146552596241","0","9","199","1","330","201","200","-1","0","200","0","0","0","3.99198007583618","0.349999994039536","0","130","270","20459.9998693495","1023","19.9999998722869","1.72264186418388","-2.26933821165231","10"
"Poahaku","0","0","9","0","0","0","0","2.04466223716736","0","487.908020019531","4.62007808685303","0","0","298.079345703125","0","0","0","509.929534912109","1868.08874511719","0","1868.08874511719","522.151245117188","496.470947265625","0","0.0255205892026424","0.952593564987183","0","0","492.335205078125","0","21.0936031341553","-0.00173673615790904","0","9","199","1","319","201","200","-1","0","200","0","0","0","3.6381139755249","0.400000005960464","0","144","256","20459.999609379","1023","19.9999996181613","1.53517406123064","-2.10293991429426","10"
"Poahaku","0","0","10","0","0","0","0","1.81857335567474","0","553.174255371094","3.98834419250488","0","0","266.678161621094","0","0","0","508.4501953125","2134.67431640625","0","2134.67431640625","518.853881835938","496.999877929688","0","0.0253594275563955","1.08537554740906","0","0","556.9912109375","0","24.2489356994629","-0.0020390406716615","0","9","199","1","310","201","200","-1","0","200","0","0","0","3.12690424919128","0.449999988079071","0","161","239","20459.9997646668","1023","19.9999997699578","1.33881804399147","-1.78808620519981","10"
"Poahaku","0","0","11","0","0","0","0","1.62834811210632","0","597.675476074219","3.52304673194885","0","0","235.116912841797","0","0","0","511.063446044922","2334.56689453125","0","2334.56689453125","493.700286865234","498.470916748047","0","0.0241300240159035","1.1931117773056","0","0","601.048034667969","0","27.4671211242676","-0.000343273917678744","0","9","199","1","299","201","200","-1","0","200","0","0","0","2.72758817672729","0.5","0","175","225","20459.9998135041","1023","19.9999998176971","1.15885435107466","-1.56873382565263","10"
"Poahaku","0","1","0","0","0","0","0","1.79204678535461","0","15.7154998779297","62.7757797241211","32.6037406921387","0","507.858612060547","0","0","0","384.194671630859","54.8191604614258","0","54.8191604614258","110.622039794922","499.907531738281","0","0.00540674710646272","0.0210612285882235","0","0","109.680381774902","0","0.460547417402267","0.0626189485192299","0","9","205","0","390","213","205","-1","0","212","0","4","0","16.2774047851563","0.0166666675359011","0.0220316238701344","18","390","20459.9988896641","1023","19.9999989146277","14.875269070313","-1.40213571484324","10"
"Poahaku","0","1","1","0","0","0","0","2.49887156486511","0","43.4925346374512","35.7734565734863","15.1474208831787","0","503.183441162109","0","0","0","445.268402099609","134.670166015625","0","134.670166015625","181.651626586914","506.556243896484","0","0.00887837819755077","0.059964369982481","0","0","93.8243789672852","0","1.35024118423462","0.0874875038862228","0","9","205","0","389","213","205","-1","0","212","0","4","0","10.9812097549438","0.0333333350718021","0.0220316238701344","19","385","20460.0009759694","1023","20.0000009540268","8.51456923216595","-2.4666405227779","10"
"Poahaku","0","1","2","0","0","0","0","2.64277362823486","0","65.1539764404297","27.9875450134277","0","0","495.29248046875","0","0","0","466.351318359375","201.21533203125","0","201.21533203125","222.988952636719","508.546264648438","0","0.010898775421083","0.0938370376825333","0","0","92.733757019043","0","2.13658094406128","0.0612875558435917","0","9","205","0","388","213","205","-1","0","212","0","4","0","9.41623306274414","0.0500000007450581","0.0220316238701344","21","380","20460.0006901107","1023","20.000000674595","6.66971613774213","-2.74651692500201","10"
"Poahaku","0","1","3","0","0","0","0","2.77920532226563","0","129.64501953125","17.2595634460449","0","0","465.797180175781","0","0","0","438.280456542969","467.389251708984","0","467.389251708984","317.248291015625","504.078277587891","0","0.0155057786032557","0.204847574234009","0","0","146.5537109375","0","4.89152431488037","0.0751956701278687","0","9","205","0","384","213","205","-1","0","212","0","4","0","7.22721433639526","0.100000001490116","0.0220316238701344","24","352","20460.0039206682","1023","20.0000038325202","4.34111191526921","-2.88610242112605","10"
"Poahaku","0","1","4","0","0","0","0","2.75099277496338","0","187.259490966797","12.7538614273071","0","0","437.353820800781","0","0","0","427.004730224609","733.523498535156","0","733.523498535156","377.989624023438","501.523223876953","0","0.018474567681551","0.313217997550964","0","0","199.699920654297","0","7.62116861343384","0.0840539112687111","0","9","205","0","375","213","205","-1","0","212","0","4","0","6.24615955352783","0.150000005960464","0.0220316238701344","34","327","20459.9983360317","1023","19.9999983734425","3.38144509670637","-2.86471445682146","10"
"Poahaku","0","1","5","0","0","0","0","2.66326236724854","0","246.204452514648","10.0311279296875","0","0","411.952575683594","0","0","0","424.776733398438","999.596740722656","0","999.596740722656","427.650695800781","499.62158203125","0","0.0209017936140299","0.424605429172516","0","0","255.951538085938","0","10.0882616043091","0.0948718041181564","0","9","205","0","364","213","205","-1","0","212","0","4","0","5.54982709884644","0.200000002980232","0.0220316238701344","44","302","20459.9999262135","1023","19.9999999278724","2.82160483738821","-2.72822226145822","10"
"Poahaku","0","1","6","0","0","0","0","2.56908559799194","0","295.192993164063","8.4819974899292","0","0","389.864715576172","0","0","0","434.059692382813","1199.10144042969","0","1199.10144042969","458.7294921875","498.541900634766","0","0.0224207974970341","0.520481586456299","0","0","303.412261962891","0","12.2680978775024","0.10581336170435","0","9","205","0","355","213","205","-1","0","212","0","4","0","5.06573629379272","0.25","0.0220316238701344","51","279","20459.9989027234","1023","19.9999989273933","2.46889552252817","-2.59684077126455","10"
"Poahaku","0","1","7","0","0","0","0","2.45318961143494","0","338.643005371094","7.578932762146","0","0","369.117370605469","0","0","0","443.968688964844","1398.55737304688","0","1398.55737304688","476.997283935547","498.008636474609","0","0.0233136508613825","0.620915710926056","0","0","345.976013183594","0","14.3501653671265","0.118639715015888","0","9","205","0","344","213","205","-1","0","212","0","4","0","4.63761138916016","0.300000011920929","0.0220316238701344","61","259","20459.999455755","1023","19.9999994679912","2.15180240286422","-2.48580898629594","10"
"Poahaku","0","1","8","0","0","0","0","2.36445903778076","0","376.656555175781","7.13888549804688","0","0","353.025695800781","0","0","0","460.114440917969","1531.4990234375","0","1531.4990234375","486.821563720703","497.92724609375","0","0.0237938221544027","0.704664826393127","0","0","383.563232421875","0","16.0080718994141","0.134362950921059","0","9","205","0","335","213","205","-1","0","212","0","4","0","4.2625150680542","0.349999994039536","0.0220316238701344","67","242","20459.9984215072","1023","19.9999984569963","1.9350260538901","-2.3274890141641","10"
"Poahaku","0","1","9","0","0","0","0","2.26679635047913","0","412.711364746094","6.52114820480347","0","0","335.266845703125","0","0","0","470.709350585938","1664.41711425781","0","1664.41711425781","494.54345703125","497.775024414063","0","0.0241712350398302","0.783456742763519","0","0","419.014068603516","0","17.7253723144531","0.12777978181839","0","9","205","0","324","213","205","-1","0","212","0","4","0","3.98994898796082","0.400000005960464","0.0220316238701344","81","236","20459.9995083546","1023","19.9999995194082","1.76797205688344","-2.22197693107737","10"
"Poahaku","0","1","10","0","0","0","0","2.21469497680664","0","428.582824707031","6.52909183502197","0","0","328.760803222656","0","0","0","470.138427734375","1730.86730957031","0","1730.86730957031","492.656616210938","498.074768066406","0","0.0240790136158466","0.813747227191925","0","0","434.89892578125","0","18.4340000152588","0.139395982027054","0","9","205","0","321","213","205","-1","0","212","0","4","0","3.81961512565613","0.416666686534882","0.0220316238701344","82","230","20459.9999016038","1023","19.999999903816","1.69564602384321","-2.12396910181292","10"
"Poahaku","0","1","11","0","0","0","0","2.10396218299866","0","450.398132324219","6.28312397003174","0","0","318.030639648438","0","0","0","462.914642333984","1863.75048828125","0","1863.75048828125","490.391693115234","498.464416503906","0","0.0239683110266924","0.862757384777069","0","0","456.477203369141","0","19.5469284057617","0.14706102013588","0","8","205","0","318","213","205","-1","0","212","0","4","0","3.59582901000977","0.433333367109299","0.0220316238701344","82","224","20460.0020656069","1023","20.0000020191661","1.59194205359662","-2.00388695641314","10"
"Poahaku","0","2","0","0","0","0","0","2.78990864753723","0","9.42856597900391","88.4787902832031","13.8909435272217","0","520.621826171875","0","0","0","216.138778686523","55.9421653747559","0","55.9421653747559","87.3892288208008","508.130706787109","0","0.00427122274413705","0.0120912715792656","0","0","110.530265808105","0","0.239789322018623","0.169165551662445","0","9","210","0","395","221","210","-1","0","220","0","9","0","20.9917049407959","0.0166666675359011","0.0440632477402687","12","395","20460.0026867615","1023","20.0000026263553","20.6861335411036","-0.305571399692283","10"
"Poahaku","0","2","1","0","0","0","0","3.01794362068176","0","26.1077156066895","48.946231842041","15.6074266433716","0","516.257934570313","0","0","0","257.374176025391","135.129806518555","0","135.129806518555","142.982467651367","507.732482910156","0","0.00698838988319039","0.0347789227962494","0","0","89.9244613647461","0","0.757900953292847","0.181353747844696","0","9","210","0","394","221","210","-1","0","220","0","9","0","13.4882726669312","0.0333333350718021","0.0440632477402687","15","391","20460.0015227101","1023","20.0000014884752","11.5917870314947","-1.89648563543641","10"
"Poahaku","0","2","2","0","0","0","0","3.06122970581055","0","40.3113479614258","37.2780113220215","22.6510009765625","0","507.581726074219","0","0","0","276.619445800781","201.119262695313","0","201.119262695313","177.852081298828","504.758880615234","0","0.00869267247617245","0.0556334964931011","0","0","99.5529479980469","0","1.26072669029236","0.158008813858032","0","9","210","0","393","221","210","-1","0","220","0","9","0","11.2656497955322","0.0500000007450581","0.0440632477402687","19","384","20460.0002802751","1023","20.0000002739737","8.98923496923161","-2.27641482630062","10"
"Poahaku","0","2","3","0","0","0","0","3.06159567832947","0","78.8103637695313","24.5365943908691","22.2661933898926","0","495.304290771484","0","0","0","262.278747558594","465.056976318359","0","465.056976318359","253.479965209961","503.346008300781","0","0.012389050796628","0.121974557638168","0","0","125.109146118164","0","2.82359766960144","0.205646857619286","0","9","210","0","389","221","210","-1","0","220","1","9","0","8.62688541412354","0.100000001490116","0.0440632477402687","20","354","20459.9988627823","1023","19.9999988883502","5.82962990286834","-2.7972555112552","10"
"Poahaku","0","2","4","0","0","0","0","3.00891494750977","0","121.553161621094","18.3048820495605","0","0","479.151702880859","0","0","0","301.207916259766","662.978271484375","0","662.978271484375","316.651214599609","505.072082519531","0","0.0154765993356705","0.199694320559502","0","0","139.50700378418","0","4.64124536514282","0.221080452203751","0","9","210","0","380","221","210","-1","0","220","1","9","0","7.26177167892456","0.150000005960464","0.0440632477402687","21","325","20459.9994954829","1023","19.9999995068259","4.44496370532823","-2.81680797359633","10"
"Poahaku","0","2","5","0","0","0","0","2.89930510520935","0","159.493286132813","14.9973621368408","0","0","463.632995605469","0","0","0","286.686492919922","926.812316894531","0","926.812316894531","362.617858886719","503.304870605469","0","0.0177232604473829","0.265704542398453","0","0","174.163543701172","0","6.3000659942627","0.243474692106247","0","9","210","0","369","221","210","-1","0","220","1","9","0","6.44066286087036","0.200000002980232","0.0440632477402687","21","297","20459.9971863678","1023","19.9999972496264","3.82463327619899","-2.61602958467137","10"
"Poahaku","0","2","6","0","0","0","0","2.93038845062256","0","143.19775390625","17.9613151550293","0","0","499.866851806641","0","0","0","275.393951416016","860.861267089844","0","860.861267089844","357.727935791016","504.802734375","0","0.0174842569977045","0.237075999379158","0","0","160.808990478516","0","5.36019372940063","0.401373147964478","0","9","210","0","360","221","210","-1","0","220","0","9","0","6.63094615936279","0.25","0.0440632477402687","14","271","20460.0021515345","1023","20.0000021031617","4.22938016387117","-2.40156599549162","10"
"Poahaku","0","2","7","0","0","0","0","2.98534989356995","0","128.256439208984","22.0139350891113","0","0","547.536499023438","0","0","0","290.703765869141","728.943908691406","0","728.943908691406","353.504547119141","506.315460205078","0","0.0172778349369764","0.211906731128693","0","0","149.887145996094","0","4.5995569229126","0.543880641460419","0","9","210","0","349","221","210","-1","0","220","0","9","0","6.94040775299072","0.300000011920929","0.0440632477402687","9","257","20460.0025644766","1023","20.0000025068197","4.67680817917415","-2.26359957381657","10"
"Poahaku","0","2","8","0","0","0","0","2.51574468612671","0","301.723754882813","9.32691287994385","0","0","393.371124267578","0","0","0","355.950042724609","1520.10522460938","0","1520.10522460938","457.023681640625","499.271697998047","0","0.0223374217748642","0.541081547737122","0","0","310.787719726563","0","12.4990701675415","0.197407633066177","0","9","210","0","340","221","210","-1","0","220","0","9","0","4.70418262481689","0.349999994039536","0.0440632477402687","29","244","20460.0014382548","1023","20.0000014059186","2.36600911244282","-2.33817351237408","10"
"Poahaku","0","2","9","0","0","0","0","2.46167230606079","0","322.313232421875","9.29586410522461","0","0","385.126037597656","0","0","0","366.793731689453","1585.99426269531","0","1585.99426269531","460.818939208984","499.449890136719","0","0.0225229188799858","0.581732749938965","0","0","331.354675292969","0","13.4518928527832","0.215012475848198","0","9","210","0","329","221","210","-1","0","220","0","9","0","4.4190788269043","0.400000005960464","0.0440632477402687","29","235","20460.0008402319","1023","20.000000821341","2.21887250682173","-2.20020632008256","10"
"Poahaku","0","3","0","0","0","0","0","3.298344373703","0","39.2871131896973","43.8650131225586","0","0","571.158508300781","0","0","0","140.671401977539","391.652221679688","0","391.652221679688","191.680267333984","512.573303222656","0","0.00936853792518377","0.0550942681729794","0","0","82.7027130126953","0","1.17734789848328","0.482313483953476","0","9","213","0","394","228","213","-1","0","227","0","12","0","11.7980508804321","0.0833333358168602","0.0660948753356934","9","364","20459.998013001","1023","19.9999980576745","9.79047057642735","-2.00758030400477","10"
"Poahaku","0","3","1","0","0","0","0","3.28523445129395","0","42.4859848022461","42.4666786193848","6.63124561309814","0","575.756896972656","0","0","0","135.261856079102","456.337524414063","0","456.337524414063","200.767791748047","510.515289306641","0","0.00981269776821136","0.061725065112114","0","0","91.056510925293","0","1.30482351779938","0.505691766738892","0","9","213","0","392","228","213","-1","0","227","0","12","0","11.4449625015259","0.100000001490116","0.0660948753356934","9","358","20459.9995322838","1023","19.9999995427994","9.14736545635617","-2.29759704516971","10"
"Poahaku","0","3","2","0","0","0","0","3.22631049156189","0","61.2460823059082","35.784782409668","2.54657936096191","0","590.286071777344","0","0","0","147.765213012695","650.370727539063","0","650.370727539063","248.501312255859","510.1611328125","0","0.0121457139030099","0.0961021706461906","0","0","99.1126556396484","0","2.03097462654114","0.572293400764465","0","9","213","0","383","228","213","-1","0","227","0","12","0","9.8903865814209","0.150000005960464","0.0660948753356934","9","329","20460.0004775575","1023","20.0000004668206","7.26064941206249","-2.62973716935841","10"
"Poahaku","0","3","3","0","0","0","0","3.14152956008911","0","86.2935638427734","28.8441123962402","0","0","578.548645019531","0","0","0","164.43879699707","844.361206054688","0","844.361206054688","295.583923339844","508.859069824219","0","0.0144469160586596","0.13884574174881","0","0","114.719337463379","0","3.02833843231201","0.574820399284363","0","9","213","0","372","228","213","-1","0","227","0","12","0","8.50145149230957","0.200000002980232","0.0660948753356934","10","300","20460.0014383464","1023","20.0000014060082","5.97244270047436","-2.52900879183521","10"
"Poahaku","0","3","4","0","0","0","0","3.10798263549805","0","80.296257019043","38.5501365661621","7.12582397460938","0","681.712219238281","0","0","0","149.0341796875","909.013488769531","0","909.013488769531","310.316955566406","509.268707275391","0","0.0151670072227716","0.135474070906639","0","0","125.435691833496","0","2.70008111000061","0.770708858966827","0","9","213","0","363","228","213","-1","0","227","0","12","0","9.02326583862305","0.25","0.0660948753356934","7","274","20459.9991948641","1023","19.9999992129659","6.42802787801292","-2.59523796061013","10"
"Poahaku","0","3","5","0","0","0","0","2.9895167350769","0","111.360816955566","27.8165607452393","0","0","608.941650390625","0","0","0","163.322723388672","1102.92980957031","0","1102.92980957031","346.880584716797","507.97705078125","0","0.0169540848582983","0.180133491754532","0","0","138.748962402344","0","3.87088990211487","0.671657025814056","0","9","213","0","352","228","213","-1","0","227","0","12","0","7.53218746185303","0.300000011920929","0.0660948753356934","9","256","20460.0005022986","1023","20.0000004910055","5.40064696561989","-2.13154049623314","10"
"Poahaku","0","3","6","0","0","0","0","2.9895167350769","0","109.824691772461","30.8595161437988","0","0","646.230712890625","0","0","0","164.29606628418","1102.92980957031","0","1102.92980957031","354.318542480469","508.538879394531","0","0.017317621037364","0.181207031011581","0","0","140.230438232422","0","3.79696989059448","0.738905787467957","0","9","213","0","343","228","213","-1","0","227","0","12","0","7.609299659729","0.349999994039536","0.0660948753356934","8","249","20460.0009271482","1023","20.0000009063032","5.48402135591389","-2.12527830381511","10"
"Poahaku","0","3","7","0","0","0","0","2.6885073184967","0","177.123962402344","17.2521686553955","7.25856828689575","0","501.318725585938","0","0","0","207.03450012207","1490.57385253906","0","1490.57385253906","395.864501953125","503.430114746094","0","0.0193482153117657","0.308600217103958","0","0","201.283020019531","0","6.74830436706543","0.476288855075836","0","9","213","0","332","228","213","-1","0","227","0","12","0","5.70346784591675","0.400000005960464","0.0660948753356934","16","239","20460.0008618056","1023","20.0000008424297","3.59461399374483","-2.10885385217192","10"
"Poahaku","10","0","0","0","0","0","0","2.10008668899536","0","31.8407669067383","43.8024635314941","0","0","508.363464355469","0","0","0","543.332885742188","81.2162399291992","0","81.2162399291992","153.265930175781","512.379272460938","0","0.00749100418761373","0.0441274531185627","0","0","75.190299987793","0","0.967606008052826","-0.0372717492282391","0","9","120","2","386","201","201","-1","0","121","0","0","0","12.4824323654175","0.0166666675359011","0","17","386","20459.9979304783","1023","19.9999979770072","9.77376985102956","-2.70866251438792","10"
"Poahaku","10","0","1","0","0","0","0","2.6788969039917","0","38.9681282043457","38.8259887695313","0","0","505.153472900391","0","0","0","432.066131591797","124.400588989258","0","124.400588989258","169.684982299805","511.364410400391","0","0.00829349830746651","0.0537492819130421","0","0","77.3510131835938","0","1.21140146255493","-0.0196114107966423","0","9","125","3","386","202","202","-1","0","126","0","1","0","11.5463695526123","0.0333333350718021","0","18","386","20460.0008354786","1023","20.0000008166946","8.87618378009098","-2.67018577252133","10"
"Poahaku","10","0","2","0","0","0","0","2.48681378364563","0","74.9943161010742","25.5645503997803","0","0","489.869720458984","0","0","0","422.588226318359","260.322967529297","0","260.322967529297","238.628692626953","507.651458740234","0","0.011663181707263","0.110009416937828","0","0","100.160057067871","0","2.57387614250183","-0.0374342575669289","0","9","130","3","385","202","202","-1","0","131","0","1","0","8.86204433441162","0.0500000007450581","0","23","384","20459.9995624138","1023","19.999999572252","6.08592732941682","-2.7761170049948","10"
"Poahaku","10","0","3","0","0","0","0","2.69253897666931","0","134.231216430664","16.8526802062988","0","0","462.228118896484","0","0","0","448.593078613281","479.010498046875","0","479.010498046875","320.216156005859","503.709594726563","0","0.0156508386135101","0.214880794286728","0","0","150.733169555664","0","5.10861730575562","-0.0218410361558199","0","9","146","5","383","204","204","-1","0","147","1","3","0","7.07946538925171","0.100000001490116","0","42","368","20459.9998705144","1023","19.9999998734256","4.17683556863081","-2.9026298206209","10"
"Poahaku","10","0","4","0","0","0","0","2.75442266464233","0","201.8193359375","12.0632886886597","0","0","431.662170410156","0","0","0","464.375915527344","725.775024414063","0","725.775024414063","388.843231201172","500.681304931641","0","0.0190050434321165","0.337032437324524","0","0","213.570983886719","0","8.00433158874512","-0.0234547611325979","0","9","160","7","376","206","206","-1","0","161","1","5","0","6.02663707733154","0.150000005960464","0","63","350","20460.0022404615","1023","20.0000021900894","3.23258698442517","-2.79405009290637","10"
"Poahaku","10","0","5","0","0","0","0","2.73634362220764","0","261.060424804688","9.44682884216309","0","0","403.137145996094","0","0","0","465.346557617188","993.222900390625","0","993.222900390625","433.047973632813","498.760162353516","0","0.0211655888706446","0.462192833423615","0","0","270.223236083984","0","10.7403345108032","-0.00762656982988119","0","9","172","9","367","208","208","-1","0","173","2","7","0","5.41537761688232","0.200000002980232","0","82","331","20460.0011971991","1023","20.0000011702826","2.62471205976166","-2.79066555712066","10"
"Poahaku","10","0","6","0","0","0","0","2.68276524543762","0","327.354522705078","7.54400825500488","0","0","374.505493164063","0","0","0","490.240081787109","1206.64660644531","0","1206.64660644531","471.768341064453","497.201782226563","0","0.0230580810457468","0.591546475887299","0","0","334.640106201172","0","13.5150203704834","-0.00513884704560041","0","9","181","11","360","210","210","-1","0","182","2","9","0","4.84361934661865","0.25","0","102","313","20460.0001244021","1023","20.0000001216052","2.23391641868253","-2.60970292793612","10"
"Poahaku","10","1","0","0","0","0","0","2.09426093101501","0","18.5960464477539","58.5225448608398","14.5311822891235","0","510.216857910156","0","0","0","573.705505371094","43.3793525695801","0","43.3793525695801","118.677131652832","508.183715820313","0","0.00580044649541378","0.0248869732022285","0","0","90.8013458251953","0","0.538833737373352","0.00217176089063287","0","9","158","1","391","206","206","-1","0","159","0","5","0","15.468334197998","0.0166666675359011","0.0220316238701344","20","391","20459.9993718873","1023","19.9999993860091","13.4779769095753","-1.99035728842273","10"
"Poahaku","10","1","1","0","0","0","0","2.71256804466248","0","37.1012153625488","39.2873039245605","12.8937606811523","0","504.658905029297","0","0","0","536.097412109375","96.4070281982422","0","96.4070281982422","167.534774780273","507.636352539063","0","0.00818840600550175","0.0516835562884808","0","0","88.6798095703125","0","1.1424103975296","0.0553992539644241","0","9","163","2","391","207","207","-1","0","164","0","6","0","11.7479162216187","0.0333333350718021","0.0220316238701344","20","388","20459.9985232422","1023","19.999998556444","9.11598148796657","-2.63193473365208","10"
"Poahaku","10","1","2","0","0","0","0","2.91152596473694","0","55.933464050293","30.7450752258301","15.2495670318604","0","496.110992431641","0","0","0","391.733154296875","206.633163452148","0","206.633163452148","204.752288818359","505.4892578125","0","0.0100074429064989","0.0809450596570969","0","0","101.380851745605","0","1.84943962097168","0.0399241410195827","0","9","166","2","390","207","207","-1","0","167","0","6","0","9.99011707305908","0.0500000007450581","0.0220316238701344","22","383","20460.0006946222","1023","20.0000006790051","7.10179314132233","-2.88832393173676","10"
"Poahaku","10","1","3","0","0","0","0","3.0276415348053","0","124.236488342285","18.0907249450684","0","0","468.093811035156","0","0","0","436.616058349609","443.942321777344","0","443.942321777344","306.6826171875","504.123962402344","0","0.0149893760681152","0.193832337856293","0","0","141.963073730469","0","4.58924674987793","0.0487645864486694","0","9","177","4","388","209","209","-1","0","178","0","8","0","7.32802867889404","0.100000001490116","0.0220316238701344","27","356","20459.9988547797","1023","19.9999988805276","4.43520549828814","-2.8928231806059","10"
"Poahaku","10","1","4","0","0","0","0","2.99015545845032","0","188.872039794922","13.060661315918","0","0","439.116973876953","0","0","0","479.790679931641","637.821228027344","0","637.821228027344","373.712829589844","500.944244384766","0","0.0182655341923237","0.306020706892014","0","0","201.605209350586","0","7.33742332458496","0.0584231838583946","0","9","186","6","381","211","211","-1","0","187","1","10","0","6.18645668029785","0.150000005960464","0.0220316238701344","36","331","20460.0000008158","1023","20.0000000007975","3.42186158678902","-2.76459509350884","10"
"Poahaku","10","1","5","0","0","0","0","2.95107007026672","0","228.064788818359","11.2700672149658","0","0","422.139831542969","0","0","0","486.955627441406","777.107238769531","0","777.107238769531","404.298431396484","499.492340087891","0","0.0197604335844517","0.378416746854782","0","0","239.023880004883","0","8.98703956604004","0.0706425830721855","0","9","192","7","371","212","212","-1","0","193","1","11","0","5.6631121635437","0.200000002980232","0.0220316238701344","38","309","20459.9979888398","1023","19.9999980340565","2.99327299887126","-2.66983916467244","10"
"Poahaku","10","1","6","0","0","0","0","2.94523978233337","0","253.333526611328","10.6378345489502","0","0","412.722503662109","0","0","0","496.946044921875","848.7099609375","0","848.7099609375","419.380920410156","498.7431640625","0","0.0204976033419371","0.421763032674789","0","0","263.667602539063","0","9.90748119354248","0.0777697265148163","0","9","194","8","363","213","213","-1","0","195","0","12","0","5.33836698532104","0.25","0.0220316238701344","35","290","20459.9978550724","1023","19.9999979032965","2.78566116997739","-2.55270581534366","10"
"Poahaku","10","1","7","0","0","0","0","2.85626888275146","0","284.171539306641","9.77474117279053","0","0","399.069641113281","0","0","0","478.647888183594","987.412048339844","0","987.412048339844","435.70458984375","498.024780273438","0","0.0212954357266426","0.472622692584991","0","0","293.654449462891","0","11.2289237976074","0.0780603289604187","0","9","195","8","359","213","213","-1","0","196","0","12","0","5.0445556640625","0.266666680574417","0.0220316238701344","41","280","20459.9988202468","1023","19.9999988467711","2.58250788244152","-2.46204778162098","10"
"Poahaku","10","1","8","0","0","0","0","2.93614363670349","0","268.743438720703","10.5876016616821","0","0","407.24072265625","0","0","0","480.40185546875","921.687072753906","0","921.687072753906","424.456085205078","498.476989746094","0","0.0207456517964602","0.442780166864395","0","0","279.029968261719","0","10.4976692199707","0.0946213155984879","0","9","196","9","357","214","214","-1","0","197","0","13","0","5.12051439285278","0.283333361148834","0.0220316238701344","32","274","20460.0023836081","1023","20.0000023300177","2.68547162262043","-2.43504277023236","10"
"Poahaku","10","2","0","0","0","0","0","3.1532609462738","0","9.13369941711426","88.9089965820313","11.6089057922363","0","516.287292480469","0","0","0","288.426116943359","41.9215545654297","0","41.9215545654297","85.9172897338867","509.590942382813","0","0.00419928133487701","0.0120912715792656","0","0","108.511108398438","0","0.252980887889862","0.0984362661838531","0","9","184","1","396","211","211","-1","0","185","0","10","0","21.3443393707275","0.0166666675359011","0.0440632477402687","13","396","20459.9984812408","1023","19.9999985153869","20.3221730264252","-1.02216634430237","10"
"Poahaku","10","2","1","0","0","0","0","3.20431590080261","0","26.1205596923828","48.5992202758789","24.9913539886475","0","510.235168457031","0","0","0","357.355529785156","102.731819152832","0","102.731819152832","141.18977355957","504.262634277344","0","0.00690077105537057","0.0367117822170258","0","0","98.8205871582031","0","0.78264045715332","0.131823062896729","0","9","187","1","395","211","211","-1","0","188","0","10","0","13.659122467041","0.0333333350718021","0.0440632477402687","16","391","20459.9996763678","1023","19.999999683644","10.834430067092","-2.82469239994904","10"
"Poahaku","10","2","2","0","0","0","0","3.18485188484192","0","40.0032424926758","37.3116645812988","32.8149528503418","0","502.463500976563","0","0","0","352.758972167969","163.536315917969","0","163.536315917969","174.637786865234","501.251037597656","0","0.00853557046502829","0.0576889030635357","0","0","109.293441772461","0","1.27731919288635","0.111594192683697","0","9","188","1","394","211","211","-1","0","189","0","10","0","11.4160995483398","0.0500000007450581","0.0440632477402687","20","384","20460.0017750138","1023","20.0000017351064","8.50864411281412","-2.90745543552573","10"
"Poahaku","10","2","3","0","0","0","0","3.33910822868347","0","78.3600463867188","24.9433612823486","15.719856262207","0","491.063568115234","0","0","0","336.260437011719","349.621154785156","0","349.621154785156","246.703750610352","503.900115966797","0","0.0120578575879335","0.117563761770725","0","0","118.519439697266","0","2.70211982727051","0.138460516929626","0","9","194","3","392","213","213","-1","0","195","0","12","0","8.72364521026611","0.100000001490116","0.0440632477402687","22","357","20459.9987030226","1023","19.9999987321824","5.88685968548734","-2.83678552477877","10"
"Poahaku","10","2","4","0","0","0","0","3.19299530982971","0","127.784393310547","18.0111522674561","3.44584894180298","0","469.500152587891","0","0","0","330.098815917969","604.953186035156","0","604.953186035156","312.118469238281","503.525390625","0","0.0152550563216209","0.199694320559502","0","0","148.867446899414","0","4.73380041122437","0.125844165682793","0","9","196","4","384","214","214","-1","0","197","0","13","0","7.14909553527832","0.150000005960464","0.0440632477402687","25","329","20460.0011076928","1023","20.0000010827887","4.38120954264931","-2.76788599262901","10"
"Poahaku","10","2","5","0","0","0","0","3.18649435043335","0","137.055603027344","17.6949424743652","0","0","469.667358398438","0","0","0","315.425170898438","685.412292480469","0","685.412292480469","323.184112548828","503.639068603516","0","0.0157958976924419","0.216196283698082","0","0","154.388244628906","0","4.97322654724121","0.163007035851479","0","9","198","5","374","215","215","-1","0","199","0","14","0","6.83985710144043","0.200000002980232","0.0440632477402687","22","305","20460.0028970475","1023","20.0000028319135","4.18992121239033","-2.6499358890501","10"
"Poahaku","10","2","6","0","0","0","0","3.41933965682983","0","67.5889282226563","32.8468132019043","0","0","534.398681640625","0","0","0","212.725372314453","444.396575927734","0","444.396575927734","234.067474365234","509.085845947266","0","0.011440247297287","0.0945344269275665","0","0","100.00171661377","0","1.95407295227051","0.379056602716446","0","9","201","7","367","217","217","-1","0","202","0","16","0","9.13370704650879","0.25","0.0440632477402687","8","292","20460.0012816806","1023","20.0000012528647","6.95078461319685","-2.18292243331194","10"
"Poahaku","10","2","7","0","0","0","0","3.1855525970459","0","113.754867553711","22.841588973999","18.9230823516846","0","495.309661865234","0","0","0","267.015441894531","645.989868164063","0","645.989868164063","293.788177490234","502.612640380859","0","0.0143591500818729","0.172489285469055","0","0","155.070816040039","0","3.58413457870483","0.273731738328934","0","9","205","9","358","219","219","-1","0","206","0","18","0","7.12270736694336","0.300000011920929","0.0440632477402687","15","267","20459.997688938","1023","19.9999977408974","4.77520666891417","-2.34750069802919","10"
"Poahaku","10","2","8","0","0","0","0","2.57174348831177","0","274.324432373047","11.2170000076294","0","0","407.416900634766","0","0","0","391.838958740234","1154.76440429688","0","1154.76440429688","420.162292480469","498.616424560547","0","0.0205357931554317","0.452481687068939","0","0","285.236938476563","0","10.5451641082764","0.108704805374146","0","9","213","16","356","226","226","-1","0","214","0","25","0","4.90885543823242","0.349999994039536","0.0440632477402687","41","269","20459.9982723012","1023","19.9999983111449","2.60125133660457","-2.30760410162785","10"
"Poahaku","10","2","9","0","0","0","0","2.19711017608643","0","382.366027832031","8.50240516662598","0","0","359.012298583984","0","0","0","454.308258056641","1444.24987792969","0","1444.24987792969","460.425689697266","497.1796875","0","0.0225036982446909","0.65613466501236","0","0","390.607666015625","0","15.1844291687012","0.0843520984053612","0","9","222","24","353","234","234","-1","0","223","1","33","0","4.17368507385254","0.400000005960464","0.0440632477402687","84","271","20460.0010492004","1023","20.0000010256114","1.96548049507628","-2.20820457877626","10"
"Poahaku","10","2","10","0","0","0","0","1.99926447868347","0","409.638854980469","8.57241249084473","0","0","347.795104980469","0","0","0","454.846771240234","1560.02941894531","0","1560.02941894531","452.540985107422","497.694671630859","0","0.0221183281391859","0.709574341773987","0","0","417.958465576172","0","16.3279457092285","0.0857436060905457","0","9","232","32","352","242","242","-1","0","233","1","41","0","3.89972853660583","0.449999988079071","0.0440632477402687","96","270","20459.9996102634","1023","19.9999996190258","1.78627113333724","-2.11345740326859","10"
"Poahaku","10","3","0","0","0","0","0","3.58509492874146","0","14.3703498840332","77.94091796875","0","0","562.646667480469","0","0","0","210.616989135742","97.8761901855469","0","97.8761901855469","111.380470275879","516.187866210938","0","0.00544381607323885","0.0206143893301487","0","0","91.8122634887695","0","0.373947560787201","0.410633981227875","0","9","196","1","397","214","214","-1","0","197","0","13","0","18.3629951477051","0.0500000007450581","0.0660948753356934","6","389","20459.9987908137","1023","19.9999988179997","15.3122022512738","-3.05079289643124","10"
"Poahaku","10","3","1","0","0","0","0","3.52945518493652","0","31.9168167114258","49.4578971862793","0","0","554.34765625","0","0","0","163.45458984375","278.336273193359","0","278.336273193359","164.160263061523","513.115783691406","0","0.00802347343415022","0.0454953461885452","0","0","80.9069061279297","0","0.913484692573547","0.407648295164108","0","9","199","3","395","216","216","-1","0","200","0","15","0","12.9071788787842","0.100000001490116","0.0660948753356934","8","360","20459.9995760951","1023","19.9999995856257","10.1577027065459","-2.74947617223828","10"
"Poahaku","10","3","2","0","0","0","0","3.39241409301758","0","50.150806427002","36.8313102722168","0","0","535.940734863281","0","0","0","171.655456542969","423.427429199219","0","423.427429199219","203.514343261719","510.712127685547","0","0.00994693674147129","0.0726836323738098","0","0","86.540657043457","0","1.49000406265259","0.358145147562027","0","9","203","5","388","218","218","-1","0","204","0","17","0","10.5681638717651","0.150000005960464","0.0660948753356934","11","338","20460.0017624739","1023","20.0000017228484","7.86575501574147","-2.70240885602367","10"
"Poahaku","10","3","3","0","0","0","0","2.82274580001831","0","22.033561706543","87.9025192260742","0","0","680.952941894531","0","0","0","80.7106094360352","368.703582763672","0","368.703582763672","148.524597167969","515.404541015625","0","0.00725926738232374","0.0297582913190126","0","0","109.332122802734","0","0.495570421218872","0.714821636676788","0","9","209","10","382","223","223","-1","0","210","0","22","0","15.5584707260132","0.200000002980232","0.0660948753356934","10","325","20459.9981438382","1023","19.9999981855701","14.1192590635982","-1.43921166241502","10"
"Poahaku","10","3","4","0","0","0","0","2.56559324264526","0","25.6814041137695","79.9106369018555","0","0","655.850708007813","0","0","0","79.1417999267578","455.987548828125","0","455.987548828125","156.037994384766","514.738830566406","0","0.00762649020180106","0.0360876768827438","0","0","105.013465881348","0","0.587861239910126","0.672617435455322","0","9","218","17","380","230","230","-1","0","219","0","29","0","13.9650058746338","0.25","0.0660948753356934","17","308","20460.000636717","1023","20.0000006224017","12.2004378521162","-1.7645680225176","10"
"Poahaku","10","3","5","0","0","0","0","2.85821628570557","0","98.9191741943359","24.8197498321533","12.9330167770386","0","504.295928955078","0","0","0","179.505981445313","825.766784667969","0","825.766784667969","277.039428710938","504.314239501953","0","0.0135405398905277","0.148230075836182","0","0","136.224487304688","0","3.05823969841003","0.291670560836792","0","9","227","25","377","238","238","-1","0","228","0","37","0","7.64783096313477","0.300000011920929","0.0660948753356934","33","297","20459.9987113321","1023","19.999998740305","5.24116858154326","-2.4066623815915","10"
"Poahaku","10","3","6","0","0","0","0","2.68621325492859","0","95.9557800292969","26.5428085327148","0","0","512.918090820313","0","0","0","168.705825805664","861.823974609375","0","861.823974609375","271.526336669922","506.61865234375","0","0.0132710803300142","0.1453947275877","0","0","122.081001281738","0","2.84130549430847","0.323412925004959","0","9","236","33","376","246","246","-1","0","237","0","45","0","7.5736927986145","0.349999994039536","0.0660948753356934","39","288","20460.0024954887","1023","20.0000024393829","5.23703109755963","-2.33666170105488","10"
"Poahaku","10","3","7","0","0","0","0","2.40292501449585","0","143.225402832031","19.9538059234619","0","0","480.454223632813","0","0","0","205.306167602539","1098.43518066406","0","1098.43518066406","322.533172607422","503.64794921875","0","0.0157640855759382","0.225515514612198","0","0","162.798522949219","0","4.68987894058228","0.243424519896507","0","9","245","41","373","254","254","-1","0","246","0","53","0","6.29219150543213","0.400000005960464","0.0660948753356934","52","288","20459.9988406385","1023","19.9999988667043","4.00838388329476","-2.28380762213737","10"
"Poahaku","10","3","8","0","0","0","0","2.0639922618866","0","195.721145629883","16.3715648651123","0","0","452.441009521484","0","0","0","236.607635498047","1321.24536132813","0","1321.24536132813","361.993927001953","501.535583496094","0","0.0176927652209997","0.312616735696793","0","0","211.742370605469","0","6.79927015304565","0.192728698253632","0","9","255","49","372","262","262","-1","0","256","0","61","0","5.31999015808105","0.449999988079071","0.0660948753356934","65","287","20459.9972067848","1023","19.9999972695843","3.24442870289291","-2.07556145518814","10"
"Poahaku","10","3","9","0","0","0","0","1.49007189273834","0","383.219573974609","9.8640079498291","0","0","361.144927978516","0","0","0","383.047454833984","1696.15124511719","0","1696.15124511719","431.851196289063","498.598754882813","0","0.0211070962250233","0.649706423282623","0","0","392.819152832031","0","15.0723352432251","0.0934146344661713","0","9","263","56","368","269","269","-1","0","264","0","68","0","3.8709409236908","0.5","0.0660948753356934","96","289","20460.0003565193","1023","20.0000003485037","1.86170295849169","-2.0092379651991","10"
"Poahaku","10","4","0","0","0","0","0","2.55628347396851","0","146.943603515625","16.4822998046875","24.0636043548584","0","461.450256347656","0","0","0","235.754272460938","1007.75726318359","0","1007.75726318359","333.102905273438","499.567993164063","0","0.0162806920707226","0.237583085894585","0","0","187.069976806641","0","5.43433141708374","0.142418682575226","0","9","241","2","400","250","250","-1","0","242","0","49","0","6.65219736099243","0.25","0.0881264954805374","60","342","20459.9966528728","1023","19.999996728126","3.92934778581912","-2.72284957517331","10"
"Poahaku","10","4","1","0","0","0","0","-20.3124103546143","0","0.858306646347046","442.287445068359","0","0","157.088287353516","0","0","0","1.27174520492554","820.828918457031","0","820.828918457031","31.1308326721191","47.7851066589355","0","0.0015215459279716","0.00104388524778187","0","0","442.624755859375","0","0.0122399488463998","1.26094794273376","0","9","259","18","396","266","266","-1","0","260","0","65","0","45","0.349999994039536","0.0881264954805374","18","367","20460.0019623595","1023","20.00000191824","NaN","NaN","10"
"Poahaku","10","4","2","0","0","0","0","1.73703265190125","0","58.6267318725586","39.8945732116699","0","0","563.714599609375","0","0","0","73.6949310302734","1087.17321777344","0","1087.17321777344","217.704193115234","510.046081542969","0","0.0106404786929488","0.0801191553473473","0","0","98.0377883911133","0","1.45461559295654","0.472473978996277","0","9","269","26","393","274","274","-1","0","270","0","73","0","9.22555732727051","0.400000005960464","0.0881264954805374","62","310","20459.9999114233","1023","19.9999999134148","7.63189622869119","-1.59366109857932","10"
"Poahaku","10","4","3","0","0","0","0","1.66672205924988","0","102.182968139648","27.010066986084","0","0","517.416137695313","0","0","0","116.996696472168","1262.35852050781","0","1262.35852050781","276.131591796875","506.362701416016","0","0.0134961670264602","0.147691786289215","0","0","128.769027709961","0","2.82752704620361","0.348357945680618","0","9","279","34","392","282","282","-1","0","280","0","81","0","6.98333740234375","0.449999988079071","0.0881264954805374","72","306","20460.0010696","1023","20.0000010455523","5.24303847334715","-1.7402989289966","10"
"Poahaku","10","4","4","0","0","0","0","0","0","2.51722264289856","1025.09338378906","0","0","682.714721679688","0","0","0","3.47866702079773","1137.94995117188","0","1137.94995117188","92.9055938720703","207.038284301758","0","0.00454083969816566","0.00395854888483882","0","0","1026.26843261719","0","0.0477115698158741","1.26241266727448","0","9","290","43","390","292","291","-1","0","291","0","90","0","45","0.5","0.0881264954805374","60","331","20460.0030055236","1023","20.0000029379508","NaN","NaN","10"
"Poahaku","10","4","5","0","0","0","0","-3.01106595993042","0","21.7161273956299","87.7849807739258","0","0","694.174438476563","0","0","0","22.6034679412842","1276.32739257813","0","1276.32739257813","149.524917602539","515.4443359375","0","0.00730815855786204","0.0288494229316711","0","0","108.879852294922","0","0.426912873983383","0.734973967075348","0","9","299","51","389","304","299","-1","0","303","0","98","0","12.7075529098511","0.550000011920929","0.0881264954805374","83","324","20459.999111771","1023","19.999999131741","14.6741054942901","1.96655258443903","10"
"Poahaku","10","4","6","0","0","0","0","0.419651180505753","0","37.1600723266602","54.4732666015625","0","0","617.295104980469","0","0","0","34.0454788208008","1485.30322265625","0","1485.30322265625","184.073974609375","512.778503417969","0","0.00899677351117134","0.0505678579211235","0","0","91.101203918457","0","0.798706293106079","0.59876412153244","0","9","308","60","387","315","308","-1","0","314","0","107","0","9.61577606201172","0.600000023841858","0.0881264954805374","93","328","20459.9987296345","1023","19.999998758196","10.2483296586578","0.632553596646041","10"
"Poahaku","10","4","7","0","0","0","0","0.422516584396362","0","41.7340087890625","50.5697708129883","0","0","612.5810546875","0","0","0","34.9450263977051","1634.21337890625","0","1634.21337890625","195.653594970703","512.333801269531","0","0.00956273730844259","0.0571076273918152","0","0","91.7909317016602","0","0.9537752866745","0.592609524726868","0","9","316","68","386","325","316","-1","0","324","0","115","0","8.81025409698486","0.649999976158142","0.0881264954805374","93","335","20459.9989166248","1023","19.9999989409822","9.63965549799775","0.829401401012889","10"
"Poahaku","15","0","0","0","0","0","0","1.77096331119537","0","25.284236907959","50.2489433288574","0","0","511.119537353516","0","0","0","451.472564697266","76.4167022705078","0","76.4167022705078","136.69221496582","513.472473144531","0","0.00668094912543893","0.0345000438392162","0","0","75.07177734375","0","0.756172657012939","-0.0415272898972034","0","9","74","2","386","201","201","-1","0","75","0","0","0","13.6871471405029","0.0166666675359011","0","16","386","20459.9993802288","1023","19.999999394163","11.1658973669369","-2.52124977356604","10"
"Poahaku","15","0","1","0","0","0","0","2.34683346748352","0","38.2420082092285","39.2040901184082","10.0790367126465","0","504.187774658203","0","0","0","408.867340087891","131.458984375","0","131.458984375","167.797790527344","508.338806152344","0","0.00820126105099916","0.0537492819130421","0","0","86.9579162597656","0","1.18373656272888","-0.0381373167037964","0","9","79","3","386","202","202","-1","0","80","0","1","0","11.5343837738037","0.0333333350718021","0","18","386","20459.9987104301","1023","19.9999987394234","8.77668150015302","-2.75770227365069","10"
"Poahaku","15","0","2","0","0","0","0","2.46674561500549","0","73.4238128662109","25.9981365203857","0","0","490.598052978516","0","0","0","451.269165039063","245.730346679688","0","245.730346679688","235.786544799805","507.785247802734","0","0.0115242693573236","0.110890530049801","0","0","99.0209732055664","0","2.50916433334351","-0.0380538627505302","0","9","83","4","386","203","203","-1","0","84","1","2","0","8.84554481506348","0.0500000007450581","0","23","384","20459.9994575763","1023","19.9999994697715","5.96521979087784","-2.88032502418564","10"
"Poahaku","15","0","3","0","0","0","0","2.73722958564758","0","134.09001159668","16.9706802368164","0","0","462.706359863281","0","0","0","431.012725830078","498.548614501953","0","498.548614501953","319.211791992188","503.682220458984","0","0.0156017495319247","0.214880794286728","0","0","150.707794189453","0","5.06906175613403","-0.0297780707478523","0","9","98","7","385","206","206","-1","0","99","2","5","0","6.99583673477173","0.100000001490116","0","43","369","20459.9997800893","1023","19.9999997850335","4.16371165265502","-2.8321250821167","10"
"Poahaku","15","0","4","0","0","0","0","2.84870100021362","0","199.081481933594","12.2883310317993","0","0","432.615051269531","0","0","0","457.811462402344","728.954528808594","0","728.954528808594","383.919830322266","500.641296386719","0","0.0187644101679325","0.33372375369072","0","0","211.052505493164","0","7.90244913101196","-0.0178812798112631","0","9","113","11","380","210","210","-1","0","114","2","9","0","5.99730634689331","0.150000005960464","0","63","351","20459.9999086764","1023","19.9999999107296","3.22329128117014","-2.77401506572317","10"
"Poahaku","15","0","5","0","0","0","0","2.8595769405365","0","278.923217773438","9.09265995025635","0","0","398.451873779297","0","0","0","488.666412353516","966.588623046875","0","966.588623046875","441.85791015625","497.978118896484","0","0.0215961821377277","0.472339391708374","0","0","287.731170654297","0","11.1679048538208","-0.0064958562143147","0","9","127","13","371","212","212","-1","0","128","3","11","0","5.19411420822144","0.200000002980232","0","83","329","20460.001093635","1023","20.0000010690469","2.62057669978418","-2.57353750843725","10"
"Poahaku","15","0","6","0","0","0","0","2.84039258956909","0","295.389617919922","8.63569831848145","0","0","391.809173583984","0","0","0","489.518005371094","1040.34790039063","0","1040.34790039063","451.344879150391","497.54052734375","0","0.0220598671585321","0.509269058704376","0","0","303.746185302734","0","11.8076944351196","-0.00514537934213877","0","9","131","13","368","212","212","-1","0","132","3","11","0","5.04160070419312","0.216666668653488","0","88","323","20459.9998679422","1023","19.9999998709113","2.48264239354401","-2.5589583106491","10"
"Poahaku","15","1","0","0","0","0","0","1.46356058120728","0","14.5476598739624","66.3131637573242","26.7435150146484","0","508.271667480469","0","0","0","1095.24438476563","18.1095638275146","0","18.1095638275146","105.973930358887","501.979705810547","0","0.00517956633120775","0.0198343992233276","0","0","106.230972290039","0","0.423836171627045","0.00396971125155687","0","9","97","1","391","206","206","-1","0","98","1","5","0","17.0693664550781","0.0166666675359011","0.0220316238701344","18","391","20460.0006221324","1023","20.0000006081451","15.137751212648","-1.93161524243012","10"
"Poahaku","15","1","1","0","0","0","0","2.85798215866089","0","38.846923828125","38.4081954956055","15.4460878372192","0","502.752563476563","0","0","0","490.404113769531","116.163795471191","0","116.163795471191","170.090179443359","506.938659667969","0","0.00831330195069313","0.0569672025740147","0","0","92.0968170166016","0","1.23992800712585","0.0278845559805632","0","9","102","2","391","207","207","-1","0","103","0","6","0","11.4887351989746","0.0333333350718021","0.0220316238701344","21","388","20460.0025900873","1023","20.0000025318547","8.39121642216636","-3.09751877680825","10"
"Poahaku","15","1","2","0","0","0","0","2.97626399993896","0","51.1312103271484","32.3307571411133","33.8094863891602","0","495.791931152344","0","0","0","480.016326904297","153.207595825195","0","153.207595825195","195.178482055664","501.038726806641","0","0.00953951571136713","0.0735421478748322","0","0","116.55029296875","0","1.6578311920166","0.0390828065574169","0","9","107","3","391","208","208","-1","0","108","0","7","0","10.3258037567139","0.0500000007450581","0.0220316238701344","22","383","20459.9990147396","1023","19.9999990368911","7.45312047799295","-2.87268327872092","10"
"Poahaku","15","1","3","0","0","0","0","3.14542150497437","0","118.897422790527","18.8468551635742","0","0","470.927307128906","0","0","0","460.553894042969","396.950500488281","0","396.950500488281","298.654815673828","504.342956542969","0","0.0145970098674297","0.182817101478577","0","0","137.372177124023","0","4.29994678497314","0.0400290265679359","0","9","122","6","390","211","211","-1","0","123","0","10","0","7.40480089187622","0.100000001490116","0.0220316238701344","28","358","20459.9995743112","1023","19.9999995838819","4.57964966709627","-2.82515122477995","10"
"Poahaku","15","1","4","0","0","0","0","3.11000227928162","0","183.562057495117","13.5769500732422","0","0","441.722625732422","0","0","0","483.984527587891","602.686584472656","0","602.686584472656","365.3203125","500.969573974609","0","0.0178553443402052","0.291690975427628","0","0","196.802169799805","0","7.0486044883728","0.0448262877762318","0","9","136","8","383","213","213","-1","0","137","0","12","0","6.20694065093994","0.150000005960464","0.0220316238701344","33","332","20459.998168582","1023","19.9999982097576","3.50945319404626","-2.69748745689369","10"
"Poahaku","15","1","5","0","0","0","0","3.0751576423645","0","222.728591918945","11.8729610443115","0","0","426.062896728516","0","0","0","511.696929931641","704.317077636719","0","704.317077636719","395.157196044922","499.410583496094","0","0.0193136464804411","0.360396891832352","0","0","234.278869628906","0","8.55562400817871","0.0568113178014755","0","9","149","9","373","214","214","-1","0","150","0","13","0","5.65455532073975","0.200000002980232","0.0220316238701344","33","308","20459.9994333073","1023","19.9999994460482","3.07194879895481","-2.58260652178493","10"
"Poahaku","15","1","6","0","0","0","0","3.01607537269592","0","231.925140380859","12.1263084411621","0","0","424.1435546875","0","0","0","501.261901855469","749.562805175781","0","749.562805175781","396.751434326172","499.177337646484","0","0.0193915646523237","0.375727266073227","0","0","243.726593017578","0","8.78987121582031","0.0763451904058456","0","9","163","11","366","216","216","-1","0","164","0","15","0","5.4168176651001","0.25","0.0220316238701344","31","286","20460.0011107731","1023","20.0000010857997","2.95839221465106","-2.45842545044904","10"
"Poahaku","15","2","0","0","0","0","0","3.09958982467651","0","7.61554765701294","99.9362564086914","6.15133857727051","0","517.874389648438","0","0","0","1003.63372802734","11.2857027053833","0","11.2857027053833","79.1116943359375","513.3994140625","0","0.00386665156111121","0.0113267125561833","0","0","112.819953918457","0","0.215114071965218","0.0834459438920021","0","9","121","1","396","211","211","-1","0","122","1","10","0","23.4670886993408","0.0166666675359011","0.0440632477402687","12","396","20460.0008781764","1023","20.0000008584324","19.9606433233106","-3.50644537603021","10"
"Poahaku","15","2","1","0","0","0","0","3.19814848899841","0","23.9949760437012","51.0251655578613","24.312126159668","0","508.327514648438","0","0","0","369.388000488281","91.5115127563477","0","91.5115127563477","134.455642700195","504.163269042969","0","0.00657163420692086","0.033803254365921","0","0","98.385009765625","0","0.721013784408569","0.0876299738883972","0","9","125","1","395","211","211","-1","0","126","0","10","0","14.180721282959","0.0333333350718021","0.0440632477402687","17","393","20460.0010387971","1023","20.0000010154419","11.2101617996907","-2.97055948326825","10"
"Poahaku","15","2","2","0","0","0","0","3.32904458045959","0","39.3418350219727","38.1461868286133","9.59426879882813","0","505.016418457031","0","0","0","320.629455566406","173.513366699219","0","173.513366699219","173.013671875","508.158203125","0","0.00845619104802608","0.0556334927678108","0","0","86.5009994506836","0","1.24319469928741","0.0863642916083336","0","9","131","2","395","212","212","-1","0","132","0","11","0","11.5416812896729","0.0500000007450581","0.0440632477402687","21","386","20460.0003585996","1023","20.0000003505372","8.74274270920362","-2.79893858046923","10"
"Poahaku","15","2","3","0","0","0","0","3.34611916542053","0","78.2258148193359","25.2176856994629","10.9584293365479","0","490.076354980469","0","0","0","322.159515380859","364.924041748047","0","364.924041748047","244.358215332031","504.821472167969","0","0.0119432164356112","0.117563761770725","0","0","113.921699523926","0","2.67848229408264","0.11097302287817","0","9","145","4","393","214","214","-1","0","146","0","13","0","8.72277736663818","0.100000001490116","0.0440632477402687","23","358","20460.0005910824","1023","20.0000005777932","5.83069537916321","-2.89208198747497","10"
"Poahaku","15","2","4","0","0","0","0","3.19410157203674","0","130.129486083984","18.0171070098877","3.89705657958984","0","467.963562011719","0","0","0","375.861175537109","537.700561523438","0","537.700561523438","311.585144042969","503.119171142578","0","0.0152289876714349","0.20210075378418","0","0","151.663177490234","0","4.72115802764893","0.09815464168787","0","9","159","6","386","216","216","-1","0","160","0","15","0","7.06517601013184","0.150000005960464","0.0440632477402687","27","330","20460.0036959391","1023","20.0000036128437","4.32153033307382","-2.74364567705802","10"
"Poahaku","15","2","5","0","0","0","0","3.17289590835571","0","124.403259277344","19.4959144592285","20.2513122558594","0","473.666015625","0","0","0","348.746917724609","541.381652832031","0","541.381652832031","303.282928466797","500.378845214844","0","0.0148232132196426","0.188805192708969","0","0","163.680541992188","0","4.28741645812988","0.145020768046379","0","9","172","8","377","218","218","-1","0","173","0","17","0","7.10686254501343","0.200000002980232","0.0440632477402687","22","309","20459.999055057","1023","19.9999990763021","4.50296164258312","-2.60390090243031","10"
"Poahaku","15","2","6","0","0","0","0","3.22384405136108","0","60.5542221069336","36.3566818237305","0","0","522.716918945313","0","0","0","208.837738037109","414.360748291016","0","414.360748291016","213.230285644531","509.575225830078","0","0.0104218134656549","0.0865341648459435","0","0","96.4776000976563","0","1.64068806171417","0.296855419874191","0","9","186","12","372","222","222","-1","0","187","0","21","0","9.22994041442871","0.25","0.0440632477402687","12","294","20459.9982860212","1023","19.9999983245564","6.91725616761533","-2.31268424681338","10"
"Poahaku","15","2","7","0","0","0","0","3.00371885299683","0","68.8528366088867","34.4531478881836","0","0","518.34130859375","0","0","0","181.995681762695","526.833068847656","0","526.833068847656","224.8828125","508.838012695313","0","0.0109913405030966","0.0958813354372978","0","0","102.879035949707","0","1.86881959438324","0.286617606878281","0","9","203","21","370","231","231","-1","0","204","0","30","0","8.62294960021973","0.300000011920929","0.0440632477402687","21","287","20459.9987086783","1023","19.999998737711","6.58256244786074","-2.04038715235899","10"
"Poahaku","15","2","8","0","0","0","0","2.41169166564941","0","254.040786743164","12.2819957733154","0","0","417.4619140625","0","0","0","402.825103759766","1018.33728027344","0","1018.33728027344","402.68115234375","498.795593261719","0","0.0196813866496086","0.410211831331253","0","0","266.000030517578","0","9.46969509124756","0.0866759195923805","0","9","217","29","369","239","239","-1","0","218","0","38","0","5.00901412963867","0.349999994039536","0.0440632477402687","52","284","20459.9990596576","1023","19.9999990807992","2.75002673645172","-2.25898739318695","10"
"Poahaku","15","2","9","0","0","0","0","1.91169250011444","0","410.254791259766","7.7180871963501","0","0","348.402160644531","0","0","0","499.195281982422","1447.20239257813","0","1447.20239257813","468.971099853516","496.428619384766","0","0.0229213628917933","0.722436606884003","0","0","417.717956542969","0","16.1182079315186","0.0486895367503166","0","9","229","38","367","248","248","-1","0","230","2","47","0","4.00333309173584","0.400000005960464","0.0440632477402687","124","295","20460.0006582255","1023","20.0000006434267","1.81817723861794","-2.1851558531179","10"
"Poahaku","15","2","10","0","0","0","0","1.98652768135071","0","296.402801513672","11.9080257415771","0","0","400.944732666016","0","0","0","386.448822021484","1251.22021484375","0","1251.22021484375","410.077697753906","498.45068359375","0","0.0200428981333971","0.483532577753067","0","0","308.000762939453","0","11.0856533050537","0.0847663357853889","0","9","239","46","366","256","256","-1","0","240","0","55","0","4.41745090484619","0.449999988079071","0.0440632477402687","69","282","20460.000097022","1023","20.0000000948406","2.37564671234761","-2.04180419249859","10"
"Poahaku","15","2","11","0","0","0","0","1.80299389362335","0","348.491638183594","10.6490440368652","0","0","378.826019287109","0","0","0","418.953216552734","1367.88098144531","0","1367.88098144531","424.858978271484","497.919372558594","0","0.020765345543623","0.573078095912933","0","0","358.851165771484","0","13.2182674407959","0.0722624734044075","0","9","242","49","365","259","259","-1","0","243","0","58","0","4.08219480514526","0.466666668653488","0.0440632477402687","77","283","20460.0004068778","1023","20.00000039773","2.07655307186863","-2.00564173327663","10"
"Poahaku","15","2","12","0","0","0","0","1.40313136577606","0","501.322021484375","70255.2578125","0","0","125491.609375","0","0","0","485.973785400391","1801.71044921875","0","1801.71044921875","12582.2099609375","58525.05859375","0","0.6149662733078","0.875584065914154","0","0","70616.859375","0","21.187967300415","1.08607709407806","0","7","246","52","365","262","262","-1","0","247","0","61","0","45","0.483333349227905","0.0440632477402687","75","266","20460.0000147324","1023","20.0000000144011","44.6158334697552","-0.38416653024484","10"
"Poahaku","15","3","0","0","0","0","0","3.67770338058472","0","12.165828704834","87.7357864379883","0.974870920181274","0","566.8427734375","0","0","0","159.981964111328","108.250671386719","0","108.250671386719","102.890785217285","516.224670410156","0","0.00502887507900596","0.0173181556165218","0","0","100.327735900879","0","0.304743468761444","0.424273043870926","0","9","153","2","398","215","215","-1","0","154","0","14","0","19.8811569213867","0.0500000007450581","0.0660948753356934","5","389","20460.0002189005","1023","20.000000213979","16.8808084689162","-3.00034845247049","10"
"Poahaku","15","3","1","0","0","0","0","3.5256929397583","0","37.1318206787109","42.4843978881836","7.9635157585144","0","525.203796386719","0","0","0","177.189895629883","300.309753417969","0","300.309753417969","171.464965820313","509.591674804688","0","0.00838049687445164","0.0532118529081345","0","0","87.0272979736328","0","1.07267677783966","0.274348646402359","0","9","168","4","396","217","217","-1","0","169","0","16","0","11.9205875396729","0.100000001490116","0.0660948753356934","11","362","20459.9999724398","1023","19.9999999730595","9.0614134028847","-2.85917413678815","10"
"Poahaku","15","3","2","0","0","0","0","1.81886374950409","0","14.8382749557495","98.8437423706055","0","0","624.389099121094","0","0","0","87.3418731689453","233.255462646484","0","233.255462646484","117.250137329102","516.513427734375","0","0.00573070114478469","0.0203729700297117","0","0","113.12727355957","0","0.327224105596542","0.596657454967499","0","9","181","7","390","220","220","-1","0","182","0","19","0","17.4194183349609","0.150000005960464","0.0660948753356934","7","347","20459.9985877482","1023","19.9999986194997","16.3371778682779","-1.08224046668307","10"
"Poahaku","15","3","3","0","0","0","0","1.25472033023834","0","19.8273258209229","80.0092849731445","0","0","596.023620605469","0","0","0","81.0125885009766","341.019470214844","0","341.019470214844","130.484176635742","515.355285644531","0","0.00637752562761307","0.0276268720626831","0","0","99.3092803955078","0","0.442411243915558","0.528289675712585","0","9","198","15","387","228","228","-1","0","199","0","27","0","14.8315477371216","0.200000002980232","0.0660948753356934","15","336","20460.0003598228","1023","20.0000003517329","13.3468272704375","-1.48472046668412","10"
"Poahaku","15","3","4","0","0","0","0","0.76102077960968","0","26.4024887084961","69.3615798950195","0","0","573.125427246094","0","0","0","77.9208526611328","441.802429199219","0","441.802429199219","145.640197753906","514.187255859375","0","0.00711828889325261","0.0344256237149239","0","0","95.263671875","0","0.584802031517029","0.463115245103836","0","9","213","23","386","236","236","-1","0","214","0","35","0","12.6501092910767","0.25","0.0660948753356934","23","322","20460.0009830955","1023","20.0000009609927","11.9333080951808","-0.716801195895812","10"
"Poahaku","15","3","5","0","0","0","0","0.215134650468826","0","28.3386459350586","78.2785797119141","0","0","565.534484863281","0","0","0","67.5915222167969","555.944274902344","0","555.944274902344","147.575531005859","514.039855957031","0","0.00721288053318858","0.0375771224498749","0","0","106.121406555176","0","0.636992216110229","0.437963545322418","0","9","226","32","384","245","245","-1","0","227","0","44","0","11.7390832901001","0.300000011920929","0.0660948753356934","32","314","20459.9993479472","1023","19.9999993626072","11.0665319137381","-0.672551376362035","10"
"Poahaku","15","3","6","0","0","0","0","1.75668096542358","0","32.1801910400391","60.6945343017578","0","0","559.563720703125","0","0","0","61.3754577636719","702.104614257813","0","702.104614257813","157.470581054688","513.517944335938","0","0.00769650982692838","0.043091993778944","0","0","92.412109375","0","0.724761784076691","0.419628977775574","0","9","235","40","383","253","253","-1","0","236","0","52","0","10.9154319763184","0.349999994039536","0.0660948753356934","40","302","20459.9987001554","1023","19.9999987293796","10.2886028077105","-0.626829168607909","10"
"Poahaku","15","3","7","0","0","0","0","2.18403959274292","0","154.201858520508","19.3441524505615","0","0","469.708435058594","0","0","0","221.174865722656","1072.03918457031","0","1072.03918457031","324.410461425781","502.764831542969","0","0.0158558394759893","0.237108111381531","0","0","173.165283203125","0","4.9822793006897","0.170302465558052","0","9","245","48","380","261","261","-1","0","246","0","60","0","6.05698442459106","0.400000005960464","0.0660948753356934","60","296","20459.9991010908","1023","19.9999991213008","3.83433147790546","-2.2226529466856","10"
"Poahaku","15","3","8","0","0","0","0","1.94798505306244","0","169.839920043945","18.4746131896973","9.49251937866211","0","463.138488769531","0","0","0","223.535903930664","1169.25158691406","0","1169.25158691406","334.653198242188","501.306304931641","0","0.0163564644753933","0.261369705200195","0","0","197.422485351563","0","5.50739240646362","0.164129316806793","0","9","256","57","380","270","270","-1","0","257","0","69","0","5.67142248153687","0.449999988079071","0.0660948753356934","70","297","20459.9960306606","1023","19.9999961199028","3.5879029292931","-2.08351955224376","10"
"Poahaku","15","3","9","0","0","0","0","1.27250635623932","0","387.301574707031","10.0881576538086","0","0","363.338745117188","0","0","0","406.052459716797","1590.42895507813","0","1590.42895507813","424.847839355469","498.172576904297","0","0.0207648016512394","0.645797610282898","0","0","397.114562988281","0","14.7804317474365","0.0761178135871887","0","9","267","66","378","279","279","-1","0","268","1","78","0","3.76928806304932","0.5","0.0660948753356934","105","299","20459.9998830285","1023","19.9999998856584","1.84259064472659","-1.92669741832272","10"
"Poahaku","15","4","0","0","0","0","0","2.50273609161377","0","150.14372253418","16.6713104248047","10.6696481704712","0","460.045227050781","0","0","0","262.708068847656","904.361633300781","0","904.361633300781","331.205078125","501.135070800781","0","0.0161879323422909","0.237583085894585","0","0","177.096069335938","0","5.45927286148071","0.109069392085075","0","9","232","2","400","250","250","-1","0","233","0","49","0","6.56519222259521","0.25","0.0881264954805374","60","342","20459.9989128771","1023","19.9999989373188","3.90692505279339","-2.65826716980182","10"
"Poahaku","15","4","1","0","0","0","0","2.25225472450256","0","81.0851669311523","29.1501274108887","0","0","506.427185058594","0","0","0","138.467681884766","866.813903808594","0","866.813903808594","245.261596679688","507.592987060547","0","0.0119873704388738","0.120025716722012","0","0","109.822555541992","0","2.37200951576233","0.243208542466164","0","9","242","11","398","259","259","-1","0","243","0","58","0","8.20186233520508","0.300000011920929","0.0881264954805374","52","326","20459.9997914747","1023","19.999999796163","5.73187769955593","-2.46998463564914","10"
"Poahaku","15","4","2","0","0","0","0","-20.5593204498291","0","1.03847515583038","537.711486816406","2.22365975379944","0","148.309234619141","0","0","0","1.22454309463501","795.7431640625","0","795.7431640625","35.3917388916016","61.1610298156738","0","0.00172980153001845","0.000974421796854585","0","0","539.845153808594","0","0.0113203404471278","1.13946199417114","0","9","252","19","397","267","267","-1","0","253","0","66","0","45","0.349999994039536","0.0881264954805374","19","372","20459.9997614895","1023","19.9999997668519","NaN","NaN","10"
"Poahaku","15","4","3","0","0","0","0","0.786368489265442","0","53.956241607666","40.546142578125","0","0","534.131225585938","0","0","0","75.8730926513672","984.187805175781","0","984.187805175781","199.346099853516","510.297821044922","0","0.00974321085959673","0.0746733695268631","0","0","94.0438232421875","0","1.31063139438629","0.340156346559525","0","9","263","28","395","276","276","-1","0","264","0","75","0","9.11387062072754","0.400000005960464","0.0881264954805374","64","316","20460.0005815502","1023","20.0000005684753","7.49719837836951","-1.61667224235803","10"
"Poahaku","15","4","4","0","0","0","0","-9.64094352722168","0","6.39871549606323","161.894790649414","0","0","619.631530761719","0","0","0","10.2828245162964","1032.65979003906","0","1032.65979003906","91.2013854980469","519.193542480469","0","0.00445754639804363","0.0106186596676707","0","0","167.814453125","0","0.144019037485123","0.575906038284302","0","9","274","37","395","285","285","-1","0","275","0","84","0","13.4695167541504","0.449999988079071","0.0881264954805374","65","319","20459.9969027971","1023","19.9999969724311","24.8209695584257","11.3514528042753","10"
"Poahaku","15","4","5","0","0","0","0","-3.83195686340332","0","13.492338180542","100.553291320801","0","0","593.340270996094","0","0","0","16.4849910736084","1160.54943847656","0","1160.54943847656","112.570274353027","516.880310058594","0","0.00550196785479784","0.0191316455602646","0","0","113.54370880127","0","0.27013486623764","0.511975586414337","0","9","285","46","393","294","294","-1","0","286","0","93","0","11.5969095230103","0.5","0.0881264954805374","73","322","20460.0021890102","1023","20.0000021397949","16.713407070027","5.11649754701679","10"
"Poahaku","15","4","6","0","0","0","0","0.752177834510803","0","73.0691909790039","32.5951843261719","0","0","523.010864257813","0","0","0","72.0534133911133","1380.85986328125","0","1380.85986328125","228.706283569336","508.138549804688","0","0.0111782159656286","0.0994956567883492","0","0","105.211181640625","0","1.7034558057785","0.307327270507813","0","9","295","55","393","303","303","-1","0","296","0","102","0","7.43342304229736","0.550000011920929","0.0881264954805374","90","323","20459.9986502832","1023","19.9999986806288","6.45072977334477","-0.982693268952589","10"
"Poahaku","15","4","7","0","0","0","0","0.715683460235596","0","150.441146850586","21.258602142334","0","0","478.347747802734","0","0","0","137.662612915039","1626.44763183594","0","1626.44763183594","310.200378417969","503.6669921875","0","0.0151613084599376","0.22390104830265","0","0","171.314697265625","0","4.42264223098755","0.198222070932388","0","9","306","63","390","311","311","-1","0","307","0","110","0","5.35103797912598","0.600000023841858","0.0881264954805374","102","329","20460.0004833122","1023","20.000000472446","3.88271642200424","-1.46832155712174","10"
"Poahaku","15","4","8","0","0","0","0","-0.47362869977951","0","452.638488769531","8.84142017364502","0","0","323.167083740234","0","0","0","314.514617919922","2522.91186523438","0","2522.91186523438","240.175140380859","509.657958984375","0","0.0117387659847736","0.793492615222931","0","0","461.249420166016","0","19.2627067565918","0.0272756889462471","0","7","318","72","390","320","320","-1","0","319","0","119","0","1.94987535476685","0.649999976158142","0.0881264954805374","128","320","20459.9990060617","1023","19.9999990284083","0.84765280881859","-1.10222254594826","10"
"Poahaku","15","4","9","0","0","0","0","0.244543686509132","0","78.3423843383789","30.1769504547119","0","0","518.535888671875","0","0","0","64.4631576538086","1689.70068359375","0","1689.70068359375","239.225357055664","507.75830078125","0","0.0116923423483968","0.108923450112343","0","0","108.08366394043","0","1.90065121650696","0.293668925762177","0","9","322","75","389","324","323","-1","0","323","0","122","0","6.60368394851685","0.666666626930237","0.0881264954805374","109","341","20460.0027887882","1023","20.0000027260881","6.16226540795437","-0.441418540562474","10"
"Poahaku","2","0","0","0","0","0","0","2.64345335960388","0","48.8786849975586","33.3244132995605","13.617714881897","0","499.140411376953","0","0","0","549.234436035156","132.91943359375","0","132.91943359375","191.283355712891","506.558807373047","0","0.00934913754463196","0.0730039328336716","0","0","95.2721252441406","0","1.60378849506378","-0.0412589646875858","0","9","193","2","386","201","201","-1","0","194","0","0","0","10.5085515975952","0.0166666675359011","0","20","386","20460.0001657608","1023","20.000000162034","7.35770268351537","-3.15084891407984","10"
"Poahaku","2","0","1","0","0","0","0","2.64345335960388","0","44.16259765625","35.8204765319824","0","0","502.894195556641","0","0","0","477.548522949219","132.91943359375","0","132.91943359375","181.217239379883","510.702423095703","0","0.00885714776813984","0.0634754747152328","0","0","79.5478744506836","0","1.39391350746155","-0.00123987230472267","0","9","193","2","385","201","201","-1","0","194","0","0","0","10.9916391372681","0.0333333350718021","0","18","385","20459.9995533259","1023","19.9999995633685","8.02102782453312","-2.97061131273495","10"
"Poahaku","2","0","2","0","0","0","0","2.65240454673767","0","64.7753219604492","28.0354175567627","0","0","493.930541992188","0","0","0","485.823974609375","199.380569458008","0","199.380569458008","221.442962646484","508.552062988281","0","0.0108232144266367","0.096863865852356","0","0","92.4022750854492","0","2.18772125244141","-0.017816636711359","0","9","193","2","384","201","201","-1","0","194","0","0","0","9.43295669555664","0.0500000007450581","0","21","384","20459.9995821479","1023","19.9999995915425","6.41541833928411","-3.01753835627253","10"
"Poahaku","2","0","3","0","0","0","0","2.65939235687256","0","132.434631347656","16.9234085083008","0","0","462.924621582031","0","0","0","461.849426269531","465.223968505859","0","465.223968505859","319.616333007813","503.888793945313","0","0.0156215215101838","0.214863419532776","0","0","149.009521484375","0","5.03956413269043","-0.0102063762024045","0","9","193","2","380","201","201","-1","0","194","0","0","0","7.18259000778198","0.100000001490116","0","40","366","20460.0001862464","1023","20.000000182059","4.16933532983958","-3.01325467794241","10"
"Poahaku","2","0","4","0","0","0","0","2.68033194541931","0","197.351119995117","12.1422138214111","0","0","431.386535644531","0","0","0","460.06689453125","732.539794921875","0","732.539794921875","386.321899414063","501.078826904297","0","0.0188818126916885","0.337017297744751","0","0","209.185638427734","0","8.03989696502686","-0.00236069993115962","0","9","195","3","372","202","202","-1","0","196","0","1","0","6.15412616729736","0.150000005960464","0","58","345","20460.0006218744","1023","20.0000006078928","3.21174885155323","-2.94237731574413","10"
"Poahaku","2","0","5","0","0","0","0","2.58380389213562","0","258.186279296875","9.32845401763916","0","0","400.532073974609","0","0","0","462.76708984375","998.793762207031","0","998.793762207031","433.358245849609","499.277557373047","0","0.0211807563900948","0.462208896875381","0","0","267.239288330078","0","11.024543762207","-0.000806365162134171","0","9","195","3","361","202","202","-1","0","196","0","1","0","5.47645235061646","0.200000002980232","0","77","326","20459.9985887317","1023","19.9999986204611","2.62650314934127","-2.84994920127519","10"
"Poahaku","2","0","6","0","0","0","0","2.49416255950928","0","318.665740966797","7.47963333129883","0","0","373.867004394531","0","0","0","490.772705078125","1198.44372558594","0","1198.44372558594","471.62890625","497.920623779297","0","0.0230512656271458","0.588163495063782","0","0","325.895477294922","0","13.6139574050903","-0.000316210993332788","0","9","195","3","352","202","202","-1","0","196","0","1","0","4.94661045074463","0.25","0","97","309","20460.0004996948","1023","20.0000004884602","2.24610783814392","-2.70050261260071","10"
"Poahaku","2","0","7","0","0","0","0","2.3630690574646","0","382.114837646484","6.08481788635254","0","0","346.028778076172","0","0","0","495.164978027344","1464.64331054688","0","1464.64331054688","501.164642333984","496.935180664063","0","0.0244948491454124","0.725240111351013","0","0","387.972869873047","0","16.3394260406494","-0.00601171655580401","0","9","196","4","342","203","203","-1","0","197","0","2","0","4.43896865844727","0.300000011920929","0","115","288","20460.0011765268","1023","20.000001150075","1.93552244864488","-2.50344620980239","10"
"Poahaku","2","0","8","0","0","0","0","2.17747926712036","0","452.951019287109","4.96525049209595","0","0","315.204742431641","0","0","0","499.31494140625","1731.69470214844","0","1731.69470214844","522.662658691406","496.331970214844","0","0.0255455821752548","0.864661037921906","0","0","457.712585449219","0","19.3813133239746","-0.00841631460934877","0","9","197","4","333","203","203","-1","0","198","0","2","0","3.93138647079468","0.349999994039536","0","134","269","20460.0018549467","1023","20.0000018132421","1.69299527458563","-2.23839119620905","10"
"Poahaku","2","0","9","0","0","0","0","2.12599182128906","0","474.122863769531","4.67186403274536","0","0","305.697937011719","0","0","0","503.867919921875","1798.22827148438","0","1798.22827148438","526.897216796875","496.254150390625","0","0.0257525499910116","0.90606951713562","0","0","478.597930908203","0","20.3242664337158","-0.00644045975059271","0","9","197","4","329","203","203","-1","0","198","0","2","0","3.77534174919128","0.366666674613953","0","140","265","20460.0017078222","1023","20.0000016694254","1.62869525436276","-2.14664649482853","10"
"Poahaku","2","0","10","0","0","0","0","2.01631903648376","0","501.025115966797","4.36693811416626","0","0","293.597869873047","0","0","0","497.222717285156","1931.27856445313","0","1931.27856445313","530.137451171875","496.240112304688","0","0.025910921394825","0.960275590419769","0","0","505.203521728516","0","21.5286407470703","-8.74403558555059E-05","0","9","197","4","326","203","203","-1","0","198","0","2","0","3.58042526245117","0.38333335518837","0","148","258","20459.9999781465","1023","19.9999999786378","1.54618807703866","-2.03423718541251","10"
"Poahaku","2","1","0","0","0","0","0","1.94566345214844","0","12.7028179168701","73.8252182006836","0.992695510387421","0","517.614562988281","0","0","0","325.824096679688","53.3296203613281","0","53.3296203613281","100.034820556641","515.696533203125","0","0.0048892879858613","0.0173760745674372","0","0","87.0104446411133","0","0.359981775283813","0.0845209732651711","0","9","202","1","391","206","206","-1","0","203","1","5","0","18.1320495605469","0.0166666675359011","0.0220316238701344","16","391","20459.9976204957","1023","19.9999976739939","16.3426118231941","-1.78943773735278","10"
"Poahaku","2","1","1","0","0","0","0","2.61251592636108","0","43.3888931274414","35.5523834228516","24.5649871826172","0","501.856597900391","0","0","0","447.809173583984","133.38249206543","0","133.38249206543","181.84846496582","503.858489990234","0","0.00888799969106913","0.0597299039363861","0","0","102.817047119141","0","1.37693083286285","0.0939764752984047","0","9","202","1","390","206","206","-1","0","203","0","5","0","10.9926900863647","0.0333333350718021","0.0220316238701344","19","384","20459.9990196384","1023","19.9999990416797","8.55757556409011","-2.43511452227463","10"
"Poahaku","2","1","2","0","0","0","0","2.73477387428284","0","64.7320938110352","28.1342487335205","0","0","495.112091064453","0","0","0","468.757598876953","200.182434082031","0","200.182434082031","221.738876342773","508.560211181641","0","0.0108376769348979","0.0938370376825333","0","0","92.4568481445313","0","2.14176464080811","0.0566613711416721","0","9","203","1","389","206","206","-1","0","204","0","5","0","9.45445156097412","0.0500000007450581","0.0220316238701344","22","381","20460.0005771313","1023","20.0000005641557","6.63215723789263","-2.82229432308149","10"
"Poahaku","2","1","3","0","0","0","0","2.82946872711182","0","129.5830078125","17.2882595062256","0","0","465.609130859375","0","0","0","438.524810791016","467.128814697266","0","467.128814697266","316.512969970703","504.032501220703","0","0.0154698425903916","0.204847574234009","0","0","146.518783569336","0","4.89037418365479","0.0699801370501518","0","9","203","1","385","206","206","-1","0","204","0","5","0","7.23725414276123","0.100000001490116","0.0220316238701344","25","353","20459.9993905103","1023","19.9999994042134","4.33103176597318","-2.90622237678805","10"
"Poahaku","2","1","4","0","0","0","0","2.80740213394165","0","187.16828918457","12.8281469345093","0","0","437.922821044922","0","0","0","426.071624755859","734.138061523438","0","734.138061523438","377.093383789063","501.442474365234","0","0.0184307601302862","0.312795400619507","0","0","199.680358886719","0","7.55821132659912","0.0833884179592133","0","9","204","2","377","207","207","-1","0","205","0","6","0","6.24755191802979","0.150000005960464","0.0220316238701344","34","327","20460.0017103693","1023","20.0000016719153","3.37798059612936","-2.86957132190043","10"
"Poahaku","2","1","5","0","0","0","0","2.72553443908691","0","238.362243652344","10.3399276733398","0","0","413.626129150391","0","0","0","439.889190673828","934.135864257813","0","934.135864257813","419.08203125","499.776428222656","0","0.0204829927533865","0.410916268825531","0","0","248.412582397461","0","9.91294193267822","0.0904066935181618","0","9","205","2","366","207","207","-1","0","206","0","6","0","5.61579132080078","0.200000002980232","0.0220316238701344","43","305","20459.9999763566","1023","19.9999999768882","2.85721369094995","-2.75857762985084","10"
"Poahaku","2","1","6","0","0","0","0","2.62755465507507","0","289.571838378906","8.74158954620361","0","0","391.33544921875","0","0","0","450.291839599609","1134.19079589844","0","1134.19079589844","451.889190673828","498.562133789063","0","0.0220864694565535","0.51071685552597","0","0","298.045135498047","0","12.0942373275757","0.0984867289662361","0","9","205","2","357","207","207","-1","0","206","0","6","0","5.10460138320923","0.25","0.0220316238701344","52","283","20460.0011587522","1023","20.0000011327001","2.47858718587047","-2.62601419733876","10"
"Poahaku","2","1","7","0","0","0","0","2.57157063484192","0","322.898010253906","8.23135757446289","0","0","377.502990722656","0","0","0","456.552795410156","1267.25744628906","0","1267.25744628906","465.233673095703","498.155395507813","0","0.0227386951446533","0.578569948673248","0","0","330.871887207031","0","13.5354633331299","0.120357096195221","0","9","207","3","347","209","208","-1","0","208","0","7","0","4.74533987045288","0.300000011920929","0.0220316238701344","54","263","20459.9986998417","1023","19.999998729073","2.25239305543276","-2.49294681502012","10"
"Poahaku","2","1","8","0","0","0","0","2.44093799591064","0","373.650238037109","7.45650768280029","0","0","354.551391601563","0","0","0","461.348876953125","1467.22692871094","0","1467.22692871094","478.975921630859","497.834045410156","0","0.0234103593975306","0.676903545856476","0","0","380.86767578125","0","15.7930059432983","0.121082633733749","0","9","207","3","338","209","208","-1","0","208","0","7","0","4.29274988174438","0.349999994039536","0.0220316238701344","67","249","20459.9986483499","1023","19.9999986787389","1.98194030735268","-2.3108095743917","10"
"Poahaku","2","1","9","0","0","0","0","2.25484037399292","0","446.953002929688","5.96436309814453","0","0","317.838958740234","0","0","0","489.336395263672","1733.43920898438","0","1733.43920898438","497.671447753906","497.365264892578","0","0.0243241172283888","0.848234891891479","0","0","452.707061767578","0","19.2826995849609","0.0846867263317108","0","9","209","4","328","212","209","-1","0","211","0","8","0","3.81868410110474","0.400000005960464","0.0220316238701344","108","246","20460.0003807362","1023","20.0000003721761","1.6432480504333","-2.17543605067143","10"
"Poahaku","2","1","10","0","0","0","0","2.30830073356628","0","417.735992431641","7.69046497344971","0","0","335.418548583984","0","0","0","460.930725097656","1666.81384277344","0","1666.81384277344","467.981231689453","498.860626220703","0","0.0228729825466871","0.768285751342773","0","0","425.202697753906","0","17.8544921875","0.147417232394218","0","9","209","4","319","212","209","-1","0","211","0","8","0","3.80188274383545","0.449999988079071","0.0220316238701344","69","231","20460.0003840441","1023","20.0000003754097","1.7060307313756","-2.09585201245985","10"
"Poahaku","2","2","0","0","0","0","0","3.00558257102966","0","9.44864463806152","88.3235931396484","10.4382314682007","0","520.197448730469","0","0","0","229.369522094727","52.7152481079102","0","52.7152481079102","87.3839721679688","510.390747070313","0","0.00427096616476774","0.0120912715792656","0","0","107.146018981934","0","0.24488353729248","0.151115342974663","0","9","211","1","396","216","211","-1","0","215","0","10","0","21.0371265411377","0.0166666675359011","0.0440632477402687","13","396","20460.001038833","1023","20.0000010154771","20.6848339947729","-0.352292546364811","10"
"Poahaku","2","2","1","0","0","0","0","3.14799690246582","0","27.9159088134766","46.7948608398438","27.2781791687012","0","513.233215332031","0","0","0","289.768768310547","132.744873046875","0","132.744873046875","147.349227905273","503.503082275391","0","0.00720181968063116","0.0384653173387051","0","0","101.083404541016","0","0.841324806213379","0.181102439761162","0","9","211","1","395","216","211","-1","0","215","0","10","0","13.1613168716431","0.0333333350718021","0.0440632477402687","16","390","20459.9996167024","1023","19.9999996253201","10.7911106098431","-2.37020626179999","10"
"Poahaku","2","2","2","0","0","0","0","3.16260743141174","0","40.482723236084","37.4345893859863","11.4625005722046","0","508.588623046875","0","0","0","289.264678955078","199.432922363281","0","199.432922363281","177.878387451172","507.968200683594","0","0.00869395770132542","0.0576889030635357","0","0","88.8132781982422","0","1.29486775398254","0.154628589749336","0","9","211","1","394","216","211","-1","0","215","0","10","0","11.2974519729614","0.0500000007450581","0.0440632477402687","20","384","20460.0014817249","1023","20.0000014484115","8.6677363030293","-2.62971566993212","10"
"Poahaku","2","2","3","0","0","0","0","3.10446166992188","0","80.7852325439453","24.1498565673828","26.3277359008789","0","492.922576904297","0","0","0","261.852783203125","465.813446044922","0","465.813446044922","255.25439453125","502.192565917969","0","0.0124757774174213","0.121974550187588","0","0","130.732711791992","0","2.84002423286438","0.189202338457108","0","9","211","1","390","217","211","-1","0","216","1","10","0","8.58691692352295","0.100000001490116","0.0440632477402687","21","355","20459.9990838895","1023","19.9999991044863","5.87058242981286","-2.71633449371009","10"
"Poahaku","2","2","4","0","0","0","0","3.02315068244934","0","131.792083740234","17.2434558868408","0","0","470.455810546875","0","0","0","315.956878662109","665.6650390625","0","665.6650390625","324.314239501953","504.207061767578","0","0.0158511362969875","0.210321456193924","0","0","148.686126708984","0","5.01121759414673","0.174097418785095","0","9","211","1","381","217","211","-1","0","216","0","10","0","7.07449150085449","0.150000005960464","0.0440632477402687","23","327","20459.9994237377","1023","19.9999994366938","4.32226575272477","-2.75222574812972","10"
"Poahaku","2","2","5","0","0","0","0","2.96364831924438","0","151.485733032227","15.8380174636841","0","0","467.090728759766","0","0","0","310.977905273438","798.196533203125","0","798.196533203125","350.490844726563","503.461303710938","0","0.0171305388212204","0.248221501708031","0","0","166.98567199707","0","5.8160285949707","0.229020267724991","0","9","211","1","370","218","211","-1","0","217","0","10","0","6.5730619430542","0.200000002980232","0.0440632477402687","21","298","20460.0011934472","1023","20.000001166615","3.95730598727626","-2.61575595577794","10"
"Poahaku","2","2","6","0","0","0","0","2.96364831924438","0","150.320663452148","16.7383708953857","3.79919290542603","0","478.041900634766","0","0","0","315.326049804688","798.196533203125","0","798.196533203125","353.130615234375","503.276794433594","0","0.0172595605254173","0.251692175865173","0","0","170.501754760742","0","5.63560914993286","0.300551444292068","0","9","211","1","361","218","211","-1","0","217","0","10","0","6.48775768280029","0.25","0.0440632477402687","17","276","20460.0003988709","1023","20.0000003899031","3.93209170544039","-2.55566597735991","10"
"Poahaku","2","2","7","0","0","0","0","3.12700414657593","0","109.411056518555","25.1045036315918","0","0","554.051330566406","0","0","0","261.922149658203","664.001159667969","0","664.001159667969","320.882720947266","507.060638427734","0","0.0156834181398153","0.173916608095169","0","0","134.10856628418","0","3.71812891960144","0.531038165092468","0","9","212","2","351","220","212","-1","0","219","0","11","0","7.45144271850586","0.300000011920929","0.0440632477402687","8","259","20459.9990950088","1023","19.9999991153556","5.17383612683884","-2.27760659166702","10"
"Poahaku","2","2","8","0","0","0","0","2.58226990699768","0","319.547576904297","8.98838043212891","0","0","383.464416503906","0","0","0","386.135192871094","1461.80053710938","0","1461.80053710938","458.737091064453","498.568176269531","0","0.0224211681634188","0.564452648162842","0","0","328.273193359375","0","13.1392116546631","0.15350803732872","0","9","212","2","342","220","212","-1","0","219","0","11","0","4.63725423812866","0.349999994039536","0.0440632477402687","42","252","20459.9995736576","1023","19.999999583243","2.27649991947749","-2.36075431865117","10"
"Poahaku","2","2","9","0","0","0","0","2.48569703102112","0","350.586578369141","8.61301803588867","0","0","368.963073730469","0","0","0","394.643371582031","1590.8916015625","0","1590.8916015625","464.586273193359","498.5458984375","0","0.022707050666213","0.627834796905518","0","0","358.949127197266","0","14.5845069885254","0.156748861074448","0","9","212","2","331","221","212","-1","0","220","0","11","0","4.33806324005127","0.400000005960464","0.0440632477402687","49","243","20460.0007294052","1023","20.0000007130061","2.07268204884342","-2.26538119120785","10"
"Poahaku","2","2","10","0","0","0","0","2.48569703102112","0","349.419189453125","8.90974998474121","0","0","369.324096679688","0","0","0","395.898956298828","1590.8916015625","0","1590.8916015625","459.391967773438","498.870819091797","0","0.022453173995018","0.629832327365875","0","0","358.078338623047","0","14.6242361068726","0.166716977953911","0","9","212","2","328","221","212","-1","0","220","0","11","0","4.28171825408936","0.416666686534882","0.0440632477402687","45","239","20460.0012397075","1023","20.0000012118353","2.0429957383879","-2.23872251570145","10"
"Poahaku","2","3","0","0","0","0","0","3.36058735847473","0","14.8951845169067","82.6025543212891","3.1563675403595","0","594.20654296875","0","0","0","114.98657989502","196.473983764648","0","196.473983764648","117.3466796875","514.743408203125","0","0.00573541969060898","0.02259187027812","0","0","100.002334594727","0","0.385244280099869","0.522121071815491","0","9","213","0","396","223","213","-1","0","222","0","12","0","18.2256622314453","0.0500000007450581","0.0660948753356934","6","388","20459.9987477185","1023","19.9999987758735","14.7066934893932","-3.51896874205211","10"
"Poahaku","2","3","1","0","0","0","0","3.33924770355225","0","40.6550483703613","43.5099792480469","5.22987747192383","0","572.716491699219","0","0","0","150.610794067383","395.145233154297","0","395.145233154297","194.486038208008","510.984466552734","0","0.00950567238032818","0.0595131367444992","0","0","88.8784942626953","0","1.24181795120239","0.49283093214035","0","9","213","0","392","223","213","-1","0","222","0","12","0","11.6886577606201","0.100000001490116","0.0660948753356934","8","356","20459.9980334367","1023","19.9999980776507","9.19087269370754","-2.49778506691258","10"
"Poahaku","2","3","2","0","0","0","0","3.32229495048523","0","58.4658164978027","35.8515243530273","7.85403871536255","0","575.060302734375","0","0","0","151.060699462891","593.1591796875","0","593.1591796875","236.047317504883","508.913238525391","0","0.0115370145067573","0.0896030440926552","0","0","101.661514282227","0","1.9209451675415","0.528121292591095","0","9","214","1","384","224","214","-1","0","223","0","13","0","10.0834722518921","0.150000005960464","0.0660948753356934","9","330","20460.0000603821","1023","20.0000000590245","7.39776731044585","-2.68570494144624","10"
"Poahaku","2","3","3","0","0","0","0","3.2589647769928","0","65.8446731567383","37.4371604919434","0","0","616.976379394531","0","0","0","140.300186157227","723.049865722656","0","723.049865722656","261.200134277344","510.530944824219","0","0.0127663817256689","0.101444028317928","0","0","102.814506530762","0","2.11933326721191","0.638227224349976","0","9","214","1","373","225","214","-1","0","224","0","13","0","9.72603321075439","0.200000002980232","0.0660948753356934","7","304","20459.9971934223","1023","19.9999972565223","7.22964584056538","-2.49638737018901","10"
"Poahaku","2","3","4","0","0","0","0","3.22555017471313","0","77.7432708740234","34.4840393066406","0","0","615.610595703125","0","0","0","153.102828979492","789.031860351563","0","789.031860351563","284.424835205078","509.681213378906","0","0.0139015084132552","0.120803005993366","0","0","111.766731262207","0","2.47313046455383","0.646024107933044","0","9","214","1","364","225","214","-1","0","224","0","13","0","8.95001602172852","0.25","0.0660948753356934","7","280","20459.9980627913","1023","19.9999981063453","6.60799967172626","-2.34201635000225","10"
"Poahaku","2","3","5","0","0","0","0","3.2589647769928","0","73.4891891479492","41.909969329834","0","0","681.559631347656","0","0","0","156.253784179688","723.049865722656","0","723.049865722656","289.499359130859","510.591430664063","0","0.0141495279967785","0.112979285418987","0","0","114.883499145508","0","2.22952437400818","0.759072721004486","0","9","214","1","353","225","214","-1","0","224","0","13","0","9.34277057647705","0.300000011920929","0.0660948753356934","5","263","20460.0011531672","1023","20.0000011272407","7.19461735212995","-2.1481532243471","10"
"Poahaku","2","3","6","0","0","0","0","3.03073215484619","0","126.823501586914","22.7213287353516","0","0","537.80126953125","0","0","0","183.245025634766","1126.81628417969","0","1126.81628417969","339.752593994141","506.055450439453","0","0.0166056994348764","0.206483483314514","0","0","149.153961181641","0","4.36647844314575","0.504729866981506","0","9","215","2","345","226","215","-1","0","225","0","14","0","6.82879686355591","0.349999994039536","0.0660948753356934","12","251","20459.9990097718","1023","19.999999032035","4.61279072568476","-2.21600613787114","10"
"Poahaku","2","3","7","0","0","0","0","2.72760915756226","0","177.353500366211","16.7575187683105","6.78007459640503","0","479.308258056641","0","0","0","210.998382568359","1426.59777832031","0","1426.59777832031","378.144683837891","502.628112792969","0","0.0184821430593729","0.301009833812714","0","0","200.539459228516","0","6.55701541900635","0.369018316268921","0","9","217","4","336","229","217","-1","0","228","0","16","0","5.67400312423706","0.400000005960464","0.0660948753356934","20","245","20460.0019934442","1023","20.0000019486258","3.52020172454869","-2.15380139968837","10"
"Poahaku","2","3","8","0","0","0","0","2.67869925498962","0","171.949737548828","18.253942489624","0","0","494.359558105469","0","0","0","198.804244995117","1448.30322265625","0","1448.30322265625","375.746368408203","504.004791259766","0","0.0183649249374866","0.287928819656372","0","0","189.854965209961","0","6.22547674179077","0.421667844057083","0","9","218","5","328","230","218","-1","0","229","0","17","0","5.67546033859253","0.449999988079071","0.0660948753356934","19","242","20460.0002280013","1023","20.0000002228751","3.6569712809721","-2.01848905762043","10"
"Poahaku","2","4","0","0","0","0","0","2.47391033172607","0","142.944549560547","16.4445858001709","14.2804164886475","0","470.154418945313","0","0","0","194.512603759766","1221.427734375","0","1221.427734375","341.381011962891","501.993530273438","0","0.0166852883994579","0.237583085894585","0","0","173.293380737305","0","5.48939990997314","0.233105555176735","0","9","249","1","399","263","249","-1","0","262","1","48","0","6.74929618835449","0.25","0.0881264954805374","59","341","20460.0006778415","1023","20.0000006626017","4.02715619293126","-2.72213999542324","10"
"Poahaku","2","4","1","0","0","0","0","2.39862823486328","0","34.9030113220215","223.370880126953","0","0","1543.79345703125","0","0","0","46.296314239502","1016.78521728516","0","1016.78521728516","296.363342285156","516.845092773438","0","0.0144850127398968","0.0470734089612961","0","0","256.968933105469","0","0.849806249141693","1.23313021659851","0","9","253","5","392","268","253","-1","0","267","0","52","0","17.9939155578613","0.300000011920929","0.0881264954805374","40","296","20459.9987315764","1023","19.9999987600943","17.921348093417","-0.0725674644443046","10"
"Poahaku","2","4","2","0","0","0","0","2.28722500801086","0","60.5449676513672","78.6015930175781","0","0","957.32275390625","0","0","0","71.5962753295898","1244.60974121094","0","1244.60974121094","308.599822998047","513.269104003906","0","0.0150830820202827","0.0891094133257866","0","0","138.402252197266","0","1.66201412677765","1.01943206787109","0","9","257","9","387","272","257","-1","0","271","0","56","0","11.1316003799438","0.349999994039536","0.0881264954805374","45","288","20459.9976704404","1023","19.9999977228157","9.74507154633414","-1.38652883360971","10"
"Poahaku","2","4","3","0","0","0","0","2.08841466903687","0","87.7339477539063","46.0397529602051","0","0","752.386169433594","0","0","0","91.7618637084961","1461.82775878906","0","1461.82775878906","330.566101074219","510.521728515625","0","0.0161566995084286","0.13414004445076","0","0","133.217208862305","0","2.60966944694519","0.86048811674118","0","9","261","13","380","276","261","-1","0","275","0","60","0","8.36595153808594","0.400000005960464","0.0881264954805374","50","285","20460.0018030768","1023","20.0000017625384","6.91787258456961","-1.44807895351632","10"
"Poahaku","2","4","4","0","0","0","0","1.7455198764801","0","109.105659484863","35.7457084655762","0","0","674.470886230469","0","0","0","98.868408203125","1710.60766601563","0","1710.60766601563","348.996612548828","508.918670654297","0","0.0170575063675642","0.16912505030632","0","0","144.365127563477","0","3.45775675773621","0.776192009449005","0","8","266","18","376","282","266","-1","0","281","0","65","0","7.23466348648071","0.449999988079071","0.0881264954805374","56","286","20460.0018917457","1023","20.0000018492138","5.78854307082133","-1.44612041565938","10"
"Poahaku","2","4","5","0","0","0","0","1.7768075466156","0","82.4049072265625","58.2579574584961","0","0","864.199890136719","0","0","0","78.9462127685547","1613.23034667969","0","1613.23034667969","344.338470458984","511.651519775391","0","0.0168298371136189","0.127358421683311","0","0","140.025741577148","0","2.3979606628418","0.963314175605774","0","8","270","22","369","286","270","-1","0","285","0","69","0","8.80818557739258","0.5","0.0881264954805374","58","290","20460.0001850489","1023","20.0000001808885","7.59358756693805","-1.21459801045453","10"
"Poahaku","20","0","0","0","0","0","0","2.34369850158691","0","25.4173011779785","49.8264274597168","18.8859004974365","0","508.237640380859","0","0","0","484.392150878906","71.2233734130859","0","71.2233734130859","136.566986083984","506.264343261719","0","0.00667482847347856","0.0345000438392162","0","0","93.3193435668945","0","0.751348674297333","-0.0662335008382797","0","9","54","3","387","202","202","-1","0","55","0","1","0","13.6242208480835","0.0166666675359011","0","17","387","20459.9993283143","1023","19.9999993434157","11.1555370796592","-2.46868376842431","10"
"Poahaku","20","0","1","0","0","0","0","2.62303948402405","0","38.2237205505371","39.2828178405762","10.0203065872192","0","504.504119873047","0","0","0","475.12060546875","113.127655029297","0","113.127655029297","167.794662475586","508.327453613281","0","0.00820110738277435","0.0537492819130421","0","0","86.9562835693359","0","1.19918286800385","-0.057840209454298","0","9","59","4","387","203","203","-1","0","60","0","2","0","11.5091867446899","0.0333333350718021","0","19","387","20460.0006613769","1023","20.0000006465072","8.77651662720543","-2.73267011748451","10"
"Poahaku","20","0","2","0","0","0","0","2.46532988548279","0","68.830078125","27.2916679382324","0","0","493.350158691406","0","0","0","416.335235595703","246.967788696289","0","246.967788696289","227.901779174805","508.208770751953","0","0.0111388936638832","0.10282139480114","0","0","95.7155456542969","0","2.30718350410461","-0.0593449361622334","0","9","64","5","387","204","204","-1","0","65","1","3","0","8.99945545196533","0.0500000007450581","0","23","386","20460.001329733","1023","20.0000012998367","6.21919770175436","-2.78025775021097","10"
"Poahaku","20","0","3","0","0","0","0","2.797358751297","0","134.631713867188","17.0507469177246","0","0","463.239715576172","0","0","0","447.690093994141","479.860107421875","0","479.860107421875","318.975830078125","503.58349609375","0","0.0155902169644833","0.214828610420227","0","0","151.326797485352","0","5.01382732391357","-0.031753696501255","0","9","80","10","388","209","209","-1","0","81","2","8","0","6.91767263412476","0.100000001490116","0","44","370","20459.9994217398","1023","19.9999994347407","4.16164085403074","-2.75603178009401","10"
"Poahaku","20","0","4","0","0","0","0","2.91450095176697","0","209.517150878906","11.974217414856","0","0","429.651092529297","0","0","0","478.167297363281","718.612426757813","0","718.612426757813","390.46240234375","500.107452392578","0","0.019084183499217","0.343616962432861","0","0","221.173767089844","0","8.17631816864014","-0.0236927047371864","0","9","94","13","382","212","212","-1","0","95","3","11","0","5.79282855987549","0.150000005960464","0","66","351","20460.0004165632","1023","20.0000004071977","3.18379536172732","-2.60903319814817","10"
"Poahaku","20","0","5","0","0","0","0","2.90903449058533","0","223.710006713867","11.2639722824097","0","0","422.498199462891","0","0","0","467.678588867188","803.822021484375","0","803.822021484375","401.204650878906","499.584930419922","0","0.019609222188592","0.375930339097977","0","0","234.662933349609","0","8.8604564666748","-0.0211732592433691","0","9","97","13","378","212","212","-1","0","98","3","11","0","5.63671875","0.16666667163372","0","71","346","20459.9982100419","1023","19.9999982502854","2.99001076138155","-2.64670798861845","10"
"Poahaku","20","0","6","0","0","0","0","2.92201685905457","0","257.259368896484","9.95360279083252","0","0","408.698211669922","0","0","0","476.279235839844","900.367797851563","0","900.367797851563","425.478454589844","498.454864501953","0","0.0207956247031689","0.428826481103897","0","0","266.915222167969","0","10.178879737854","-0.021095372736454","0","9","102","14","376","213","213","-1","0","103","3","12","0","5.32449293136597","0.183333337306976","0","79","338","20459.9987094886","1023","19.999998738503","2.7796068278503","-2.54488610351566","10"
"Poahaku","20","1","0","0","0","0","0","2.59936928749084","0","18.4422340393066","58.6704978942871","27.2231845855713","0","507.833038330078","0","0","0","506.992523193359","49.0874557495117","0","49.0874557495117","117.73974609375","502.302703857422","0","0.00575463054701686","0.0248869732022285","0","0","103.132652282715","0","0.539616823196411","0.047209445387125","0","9","73","2","392","207","207","-1","0","74","0","6","0","15.5109119415283","0.0166666675359011","0.0220316238701344","21","392","20460.000886553","1023","20.0000008666207","13.3695351160054","-2.1413768255229","10"
"Poahaku","20","1","1","0","0","0","0","3.00495409965515","0","35.3731575012207","39.7591743469238","47.6898345947266","0","498.350372314453","0","0","0","414.843780517578","124.585586547852","0","124.585586547852","162.097473144531","495.869476318359","0","0.00792265310883522","0.0516835525631905","0","0","121.693840026855","0","1.11582708358765","0.0181843843311071","0","9","78","3","392","208","208","-1","0","79","0","7","0","11.8801174163818","0.0333333350718021","0.0220316238701344","21","389","20459.9988056731","1023","19.9999988325251","8.8177260127226","-3.06239140365923","10"
"Poahaku","20","1","2","0","0","0","0","3.15129899978638","0","53.1575546264648","32.1429786682129","0","0","499.127349853516","0","0","0","425.389678955078","179.273529052734","0","179.273529052734","199.511077880859","509.739624023438","0","0.00975127518177032","0.0762611106038094","0","0","84.8776931762695","0","1.73510658740997","0.0236092545092106","0","9","82","4","392","209","209","-1","0","83","0","8","0","10.1159896850586","0.0500000007450581","0.0220316238701344","23","383","20459.998734713","1023","19.9999987631603","7.34634867518946","-2.76964100986913","10"
"Poahaku","20","1","3","0","0","0","0","3.17147755622864","0","129.798583984375","17.8322238922119","0","0","466.283630371094","0","0","0","492.344787597656","405.209594726563","0","405.209594726563","310.274505615234","503.630462646484","0","0.0151649322360754","0.199502840638161","0","0","147.262802124023","0","4.70402240753174","0.0249352399259806","0","9","96","7","391","212","212","-1","0","97","1","11","0","7.08704423904419","0.100000001490116","0.0220316238701344","30","357","20459.999476762","1023","19.9999994885259","4.35946465933996","-2.72757957970423","10"
"Poahaku","20","1","4","0","0","0","0","3.13307452201843","0","184.477645874023","13.7282590866089","0","0","442.098022460938","0","0","0","527.978271484375","549.031860351563","0","549.031860351563","363.355346679688","500.765472412109","0","0.0177593026310205","0.289876908063889","0","0","197.863784790039","0","6.97861766815186","0.0314610525965691","0","9","109","9","384","214","214","-1","0","110","0","13","0","6.10592031478882","0.150000005960464","0.0220316238701344","33","332","20460.0008361256","1023","20.0000008173271","3.51242450075164","-2.59349581403718","10"
"Poahaku","20","1","5","0","0","0","0","3.05901861190796","0","164.194381713867","15.9638996124268","0","0","453.876800537109","0","0","0","455.945007324219","557.746276855469","0","557.746276855469","340.777252197266","501.782562255859","0","0.0166557785123587","0.254301637411118","0","0","179.798431396484","0","5.96161794662476","0.0752018913626671","0","9","123","12","376","217","217","-1","0","124","0","16","0","6.2730884552002","0.200000002980232","0.0220316238701344","28","309","20460.0014309993","1023","20.0000013988263","3.75534132797532","-2.51774712722487","10"
"Poahaku","20","1","6","0","0","0","0","2.9946756362915","0","169.441757202148","15.9005136489868","20.0709362030029","0","451.9384765625","0","0","0","459.090942382813","567.95166015625","0","567.95166015625","343.745147705078","498.765869140625","0","0.0168008375912905","0.260741472244263","0","0","205.003997802734","0","6.02801322937012","0.0820150896906853","0","9","128","13","374","218","218","-1","0","129","0","17","0","6.13155221939087","0.216666668653488","0.0220316238701344","28","299","20460.0006301635","1023","20.0000006159956","3.69440452688442","-2.43714769250644","10"
"Poahaku","20","1","7","0","0","0","0","2.95333933830261","0","203.708358764648","13.9855823516846","0","0","437.911712646484","0","0","0","480.580749511719","658.756042480469","0","658.756042480469","371.453247070313","500.074523925781","0","0.0181550923734903","0.316585451364517","0","0","217.349136352539","0","7.44261455535889","0.0687490031123161","0","9","132","13","371","218","218","-1","0","133","0","17","0","5.64427614212036","0.233333334326744","0.0220316238701344","30","291","20460.0031456023","1023","20.0000030748801","3.28752027286071","-2.35675586925966","10"
"Poahaku","20","2","0","0","0","0","0","3.02089309692383","0","7.89944076538086","96.4454956054688","5.31942749023438","0","516.998107910156","0","0","0","1249.041015625","9.06832790374756","0","9.06832790374756","80.9614410400391","514.031616210938","0","0.00395705970004201","0.0113267125561833","0","0","108.865745544434","0","0.214319199323654","0.0482539050281048","0","9","90","1","396","211","211","-1","0","91","0","10","0","22.771125793457","0.0166666675359011","0.0440632477402687","12","396","20459.9998931478","1023","19.9999998955502","20.447953911635","-2.32317188182205","10"
"Poahaku","20","2","1","0","0","0","0","3.44587087631226","0","21.6456108093262","54.6127090454102","8.88962268829346","0","511.679901123047","0","0","0","436.543518066406","74.0312118530273","0","74.0312118530273","128.280563354492","510.492797851563","0","0.00626982282847166","0.0323178470134735","0","0","84.4840469360352","0","0.651257753372192","0.0749891474843025","0","9","95","2","396","212","212","-1","0","96","0","11","0","14.7734107971191","0.0333333350718021","0.0440632477402687","17","394","20459.9981313606","1023","19.999998173373","11.1866028457146","-3.5868079514045","10"
"Poahaku","20","2","2","0","0","0","0","3.44342589378357","0","36.9521026611328","39.6988525390625","16.671293258667","0","504.539398193359","0","0","0","327.884033203125","163.244338989258","0","163.244338989258","167.008682250977","506.394500732422","0","0.00816269218921661","0.0535252131521702","0","0","92.6628036499023","0","1.14453601837158","0.0717170760035515","0","9","99","3","396","213","213","-1","0","100","0","12","0","11.8280363082886","0.0500000007450581","0.0440632477402687","21","387","20460.0000073021","1023","20.0000000071379","8.77193852694369","-3.05609778134488","10"
"Poahaku","20","2","3","0","0","0","0","3.37742280960083","0","73.9923706054688","26.4633769989014","18.3140296936035","0","490.061279296875","0","0","0","341.074066162109","324.476348876953","0","324.476348876953","235.522354125977","502.569122314453","0","0.0115113565698266","0.110670477151871","0","0","118.173377990723","0","2.50359392166138","0.0983967781066895","0","9","112","5","394","215","215","-1","0","113","0","14","0","8.85596942901611","0.100000001490116","0.0440632477402687","22","358","20459.9998877043","1023","19.999999890229","5.9704027504252","-2.88556667859091","10"
"Poahaku","20","2","4","0","0","0","0","3.20598244667053","0","108.372192382813","21.0765495300293","0","0","478.956024169922","0","0","0","382.908081054688","424.529876708984","0","424.529876708984","283.072662353516","505.041687011719","0","0.0138354189693928","0.162555918097496","0","0","129.061187744141","0","3.72600317001343","0.0979682356119156","0","9","125","7","387","217","217","-1","0","126","0","16","0","7.56794357299805","0.150000005960464","0.0440632477402687","24","334","20459.9992945454","1023","19.999999310406","4.88245099808543","-2.68549257491261","10"
"Poahaku","20","2","5","0","0","0","0","3.01568293571472","0","117.912696838379","20.9900550842285","5.37123775482178","0","476.885437011719","0","0","0","345.043334960938","522.617004394531","0","522.617004394531","291.308654785156","503.431091308594","0","0.0142379608005285","0.180325508117676","0","0","143.860412597656","0","3.9605700969696","0.119224905967712","0","9","140","10","379","220","220","-1","0","141","0","19","0","7.17333698272705","0.200000002980232","0.0440632477402687","23","311","20459.9983709986","1023","19.9999984076233","4.52861633041686","-2.64472065231019","10"
"Poahaku","20","2","6","0","0","0","0","2.9072585105896","0","121.904113769531","21.9198741912842","0","0","479.028411865234","0","0","0","318.232604980469","573.495788574219","0","573.495788574219","292.95166015625","504.373413085938","0","0.0143182640895247","0.182505056262016","0","0","143.435653686523","0","3.89399313926697","0.135472789406776","0","9","161","19","379","229","229","-1","0","162","0","28","0","6.9281702041626","0.25","0.0440632477402687","29","297","20459.9983855986","1023","19.999998421895","4.49971097889494","-2.42845922526766","10"
"Poahaku","20","2","7","0","0","0","0","2.73814558982849","0","65.3087310791016","39.0622253417969","0","0","510.430847167969","0","0","0","172.273895263672","537.791076660156","0","537.791076660156","211.931625366211","509.166320800781","0","0.0103583401069045","0.0926473587751389","0","0","103.942596435547","0","1.75733232498169","0.216832041740417","0","9","181","28","377","238","238","-1","0","182","0","37","0","8.52941799163818","0.300000011920929","0.0440632477402687","28","299","20459.9987236319","1023","19.9999987523283","6.41931516088742","-2.11010283075077","10"
"Poahaku","20","2","8","0","0","0","0","2.1663281917572","0","257.637908935547","12.5458250045776","0","0","416.684265136719","0","0","0","413.683074951172","991.608947753906","0","991.608947753906","398.618103027344","498.502410888672","0","0.0194827970117331","0.410211861133575","0","0","269.855072021484","0","9.4644660949707","0.0651353001594543","0","9","200","36","376","246","246","-1","0","201","0","45","0","4.87585973739624","0.349999994039536","0.0440632477402687","59","291","20460.0039094636","1023","20.0000038215675","2.72225721976537","-2.15360251763087","10"
"Poahaku","20","2","9","0","0","0","0","1.84512484073639","0","341.291961669922","10.1771602630615","0","0","381.322601318359","0","0","0","471.776397705078","1185.53283691406","0","1185.53283691406","431.101867675781","497.084350585938","0","0.0210704710334539","0.559306383132935","0","0","351.173309326172","0","12.8861675262451","0.0546799078583717","0","9","219","45","374","255","255","-1","0","220","1","54","0","4.19269275665283","0.400000005960464","0.0440632477402687","80","291","20460.0014395176","1023","20.0000014071531","2.15898616415572","-2.03370659249711","10"
"Poahaku","20","2","10","0","0","0","0","1.59582245349884","0","383.304962158203","9.56564140319824","0","0","364.047943115234","0","0","0","495.619140625","1291.71008300781","0","1291.71008300781","434.90380859375","497.083892822266","0","0.0212562941014767","0.640196263790131","0","0","392.589508056641","0","14.5961112976074","0.0500496737658978","0","9","236","54","374","264","264","-1","0","237","1","63","0","3.88405227661133","0.449999988079071","0.0440632477402687","103","294","20460.0014714483","1023","20.0000014383659","1.9027287973676","-1.98132347924373","10"
"Poahaku","20","2","11","0","0","0","0","1.51787328720093","0","378.699523925781","10.0147790908813","0","0","366.88720703125","0","0","0","469.550933837891","1328.06726074219","0","1328.06726074219","426.707244873047","497.428894042969","0","0.0208556801080704","0.623595237731934","0","0","388.429595947266","0","14.3407306671143","0.0552450641989708","0","9","242","57","373","267","267","-1","0","243","1","66","0","3.8336238861084","0.466666668653488","0.0440632477402687","96","292","20460.0014318366","1023","20.0000013996448","1.91657228766786","-1.91705159844054","10"
"Poahaku","20","2","12","0","0","0","0","1.42682230472565","0","385.944793701172","9.95939064025879","0","0","365.409301757813","0","0","0","466.119201660156","1359.84936523438","0","1359.84936523438","427.401519775391","497.417694091797","0","0.0208896137773991","0.633851885795593","0","0","395.620971679688","0","14.4868793487549","0.0550801195204258","0","9","247","60","373","270","270","-1","0","248","1","69","0","3.76293563842773","0.483333349227905","0.0440632477402687","99","293","20460.0010478799","1023","20.0000010243205","1.88861700068099","-1.87431863774675","10"
"Poahaku","20","3","0","0","0","0","0","3.74628186225891","0","13.3555870056152","79.3301849365234","0","0","547.027709960938","0","0","0","196.125427246094","88.3014297485352","0","88.3014297485352","104.955986022949","516.303649902344","0","0.00512981321662664","0.0173181556165218","0","0","92.1945266723633","0","0.332240849733353","0.336495637893677","0","9","115","2","398","215","215","-1","0","116","0","14","0","18.86474609375","0.0500000007450581","0.0660948753356934","5","389","20460.0014836345","1023","20.0000014502781","17.230116544663","-1.63462954908702","10"
"Poahaku","20","3","1","0","0","0","0","3.3539936542511","0","22.4536666870117","63.1457862854004","0","0","542.865966796875","0","0","0","172.990631103516","181.052856445313","0","181.052856445313","133.209533691406","514.525634765625","0","0.00651072943583131","0.0313204489648342","0","0","85.1282653808594","0","0.5634645819664","0.332463353872299","0","9","129","5","397","218","218","-1","0","130","0","17","0","14.4762344360352","0.100000001490116","0.0660948753356934","7","364","20460.0014490385","1023","20.0000014164599","11.9978345975136","-2.47839983852151","10"
"Poahaku","20","3","2","0","0","0","0","0.873199105262756","0","13.3125152587891","106.103790283203","0","0","577.261535644531","0","0","0","83.5217361450195","226.137649536133","0","226.137649536133","106.936447143555","516.777282714844","0","0.00522661115974188","0.018887409940362","0","0","118.910789489746","0","0.293929249048233","0.461119949817657","0","9","144","9","392","222","222","-1","0","145","0","21","0","16.7705459594727","0.150000005960464","0.0660948753356934","9","353","20459.9967120638","1023","19.9999967859861","16.0648168273204","-0.705729132152246","10"
"Poahaku","20","3","3","0","0","0","0","2.91277313232422","0","90.9308166503906","24.4601993560791","7.74789762496948","0","489.303192138672","0","0","0","243.830154418945","560.90478515625","0","560.90478515625","259.523773193359","505.061889648438","0","0.012684446759522","0.136765509843826","0","0","122.708320617676","0","2.94374370574951","0.139939814805984","0","9","165","18","390","231","231","-1","0","166","0","30","0","8.11220645904541","0.200000002980232","0.0660948753356934","32","339","20459.9994082154","1023","19.9999994215205","5.32159962090121","-2.7906068381442","10"
"Poahaku","20","3","4","0","0","0","0","-0.252012193202972","0","24.3252277374268","73.9069366455078","0","0","546.326354980469","0","0","0","72.0620269775391","448.632598876953","0","448.632598876953","135.346435546875","514.480895996094","0","0.00661517307162285","0.0323293767869473","0","0","97.7571563720703","0","0.542515993118286","0.349342286586761","0","9","186","27","390","240","240","-1","0","187","0","39","0","12.3059759140015","0.25","0.0660948753356934","27","334","20459.9991688005","1023","19.9999991874883","11.8071401005658","-0.498835813435646","10"
"Poahaku","20","3","5","0","0","0","0","-0.616099119186401","0","27.1026802062988","77.3202667236328","0","0","540.246643066406","0","0","0","65.4613952636719","548.476623535156","0","548.476623535156","139.943695068359","514.168518066406","0","0.00683986721560359","0.0359040461480618","0","0","103.955467224121","0","0.601394653320313","0.321418792009354","0","9","204","35","387","248","248","-1","0","205","0","47","0","11.2898216247559","0.300000011920929","0.0660948753356934","35","327","20460.0017306052","1023","20.0000016916962","10.9822034223431","-0.307618202412771","10"
"Poahaku","20","3","6","0","0","0","0","-1.86878073215485","0","29.2200832366943","79.9251480102539","0","0","536.191772460938","0","0","0","59.1927528381348","659.033447265625","0","659.033447265625","142.187911987305","514.042114257813","0","0.00694955606013536","0.0390100032091141","0","0","108.684478759766","0","0.64882355928421","0.301273941993713","0","9","223","44","387","257","257","-1","0","224","0","56","0","10.4401836395264","0.349999994039536","0.0660948753356934","44","319","20459.9992800886","1023","19.9999992962743","10.2619073897858","-0.178276249740572","10"
"Poahaku","20","3","7","0","0","0","0","1.92975723743439","0","201.454116821289","16.0157775878906","32.5221710205078","0","442.952056884766","0","0","0","298.181945800781","1043.03576660156","0","1043.03576660156","356.568969726563","496.923492431641","0","0.0174276120960712","0.311014443635941","0","0","249.581527709961","0","6.89117240905762","0.0977894514799118","0","9","240","53","385","266","266","-1","0","241","0","65","0","5.34431171417236","0.400000005960464","0.0660948753356934","72","303","20460.0015057109","1023","20.0000014718581","3.21223645763118","-2.13207525654119","10"
"Poahaku","20","3","8","0","0","0","0","1.79838860034943","0","159.328765869141","19.639102935791","31.1624031066895","0","465.503143310547","0","0","0","224.06510925293","1070.68884277344","0","1070.68884277344","320.053924560547","499.4619140625","0","0.0156429093331099","0.239904016256332","0","0","209.708114624023","0","4.95546865463257","0.130730614066124","0","9","255","62","385","275","275","-1","0","256","0","74","0","5.75898790359497","0.449999988079071","0.0660948753356934","73","304","20459.9999747566","1023","19.9999999753241","3.73861613578584","-2.02037176780913","10"
"Poahaku","20","3","9","0","0","0","0","1.11716449260712","0","393.960906982422","10.0288925170898","0","0","361.784088134766","0","0","0","441.750549316406","1470.75402832031","0","1470.75402832031","419.989624023438","497.835632324219","0","0.0205273516476154","0.649706423282623","0","0","403.709442138672","0","14.8693580627441","0.0555650778114796","0","9","266","71","383","284","284","-1","0","267","1","83","0","3.63319826126099","0.5","0.0660948753356934","111","304","20460.0004536984","1023","20.0000004434979","1.81055070000475","-1.82264756125624","10"
"Poahaku","20","4","0","0","0","0","0","0","0","91.1778411865234","14696.7900390625","0","0","25088.984375","0","0","0","NaN","0","0","0","2508.89868164063","25059.85546875","0","0.122624576091766","2.54140502420341E-07","0","0","14761.26171875","0","3.52159357070923","0","0","-1","215","5","399","253","253","-1","0","216","-1","52","0","45","0.266666650772095","0.0881264954805374","26","390","20459.9988159232","1023","19.9999988425447","NaN","NaN","10"
"Poahaku","20","4","1","0","0","0","0","0","0","0.778313159942627","174.449523925781","0.147303178906441","0","71.6958312988281","0","0","0","0.0325774475932121","607.461853027344","0","607.461853027344","15.2387609481812","37.9765625","0","0.000744807417504489","1.97895587916719E-05","0","0","175.171112060547","0","0.000143086857860908","1.00751435756683","0","9","221","8","399","256","256","-1","0","222","1","55","0","45","0.283333331346512","0.0881264954805374","23","388","20460.0015924107","1023","20.0000015566087","NaN","NaN","10"
"Poahaku","20","4","2","0","0","0","0","0.828139364719391","0","0","0","0","0","0","0","0","0","NaN","0","0","0","0","0","0","0","6.89803982822923E-08","0","0","0","0","0","0","0","-1","227","11","398","259","259","-1","0","228","-1","58","0","45","0.300000011920929","0.0881264954805374","11","398","NaN","NaN","NaN","NaN","NaN","10"
"Poahaku","20","4","3","0","0","0","0","-22.9841289520264","0","1.91571533679962","831.598083496094","5.63728761672974","0","377.027221679688","0","0","0","2.85896277427673","689.923645019531","0","689.923645019531","63.7676429748535","195.447372436523","0","0.00311669800430536","0.00197246600873768","0","0","836.626647949219","0","0.0231162440031767","1.01780033111572","0","9","232","14","398","262","262","-1","0","233","0","61","0","45","0.316666692495346","0.0881264954805374","38","370","20460.0005797051","1023","20.0000005666717","NaN","NaN","10"
"Poahaku","20","4","4","0","0","0","0","0","0","1.92540001869202","1095.12902832031","3.91569399833679","0","116.202369689941","0","0","0","1.99675214290619","718.851196289063","0","718.851196289063","61.5717849731445","59.4908218383789","0","0.00300937332212925","0.00143536773975939","0","0","1098.75891113281","0","0.0152993742376566","1.0124329328537","0","9","238","17","398","265","265","-1","0","239","0","64","0","45","0.333333373069763","0.0881264954805374","49","385","20460.0022603975","1023","20.0000022095773","NaN","NaN","10"
"Poahaku","20","4","5","0","0","0","0","1.00430345535278","0","43.2128715515137","53.8769874572754","0","0","525.150756835938","0","0","0","71.709098815918","833.5048828125","0","833.5048828125","173.131881713867","511.8564453125","0","0.00846196804195642","0.0597698800265789","0","0","96.6498565673828","0","1.04899740219116","0.264177918434143","0","9","244","20","398","268","268","-1","0","245","0","67","0","9.65800476074219","0.349999994039536","0.0881264954805374","56","331","20460.0018406402","1023","20.0000017992573","8.13904020208745","-1.51896455865474","10"
"Poahaku","20","4","6","0","0","0","0","0","0","1.1291412115097","596.64404296875","2.25567865371704","0","107.253257751465","0","0","0","0.968964636325836","866.59130859375","0","866.59130859375","36.5407066345215","54.6682052612305","0","0.00178595830220729","0.000839696382172406","0","0","598.742614746094","0","0.00890109967440367","1.02313625812531","0","9","258","29","396","277","277","-1","0","259","0","76","0","45","0.400000005960464","0.0881264954805374","29","387","20459.9998719793","1023","19.9999998748575","NaN","NaN","10"
"Poahaku","20","4","7","0","0","0","0","1.21428918838501","0","320.953857421875","10.9610595703125","0","0","390.990539550781","0","0","0","375.426818847656","1377.94409179688","0","1377.94409179688","421.835632324219","497.420959472656","0","0.0206175781786442","0.517317175865173","0","0","331.609069824219","0","11.94211769104","0.0551957301795483","0","9","268","38","396","286","286","-1","0","269","0","85","0","4.29280233383179","0.449999988079071","0.0881264954805374","103","319","20459.9991652346","1023","19.9999991840025","2.2841174494418","-2.00868488438998","10"
"Poahaku","20","4","8","0","0","0","0","0.891374409198761","0","375.835906982422","10.1131954193115","0","0","369.476684570313","0","0","0","404.378295898438","1512.54724121094","0","1512.54724121094","427.972564697266","497.334106445313","0","0.0209175255149603","0.61164128780365","0","0","385.662078857422","0","14.0806884765625","0.0563732273876667","0","9","280","48","395","296","296","-1","0","281","1","95","0","3.86461162567139","0.5","0.0881264954805374","122","321","20459.9996491544","1023","19.9999996570424","1.95984103674976","-1.90477058892162","10"
"Poahaku","30","0","0","0","0","0","0","1.53276586532593","0","24.0666370391846","51.273983001709","29.186164855957","0","508.511779785156","0","0","0","422.578918457031","81.6416625976563","0","81.6416625976563","133.190826416016","502.175048828125","0","0.00650981580838561","0.0345000438392162","0","0","103.474967956543","0","0.72175395488739","-0.111120663583279","0","9","34","3","387","202","202","-1","0","35","0","1","0","13.8092555999756","0.0166666675359011","0","17","387","20459.9992283109","1023","19.9999992456607","10.8763477305535","-2.93290786942205","10"
"Poahaku","30","0","1","0","0","0","0","2.6060905456543","0","37.0863037109375","39.9237823486328","26.7795562744141","0","504.112976074219","0","0","0","454.179351806641","118.34375","0","118.34375","165.456970214844","503.624816894531","0","0.00808685086667538","0.0537492856383324","0","0","103.032905578613","0","1.15326011180878","-0.0964511856436729","0","9","41","6","389","205","205","-1","0","42","0","4","0","11.4187784194946","0.0333333350718021","0","21","389","20460.0001833428","1023","20.0000001792207","8.65329731758584","-2.76548110190878","10"
"Poahaku","30","0","2","0","0","0","0","2.4508810043335","0","73.9175796508789","26.1957035064697","0","0","491.745422363281","0","0","0","419.346984863281","272.008758544922","0","272.008758544922","236.686477661133","507.84912109375","0","0.0115682538598776","0.114066049456596","0","0","99.713508605957","0","2.52074527740479","-0.0803568437695503","0","9","46","8","390","207","207","-1","0","47","2","6","0","8.45590877532959","0.0500000007450581","0","27","387","20460.0003188067","1023","20.0000003116391","5.82078205287326","-2.63512672245633","10"
"Poahaku","30","0","3","0","0","0","0","2.80748867988586","0","140.135589599609","16.8319530487061","0","0","461.684997558594","0","0","0","464.464569091797","476.251525878906","0","476.251525878906","323.201568603516","503.246337890625","0","0.0157967545092106","0.221201956272125","0","0","156.611038208008","0","5.19176721572876","-0.0523789003491402","0","9","62","13","391","212","212","-1","0","63","3","11","0","6.57963037490845","0.100000001490116","0","48","372","20459.998186024","1023","19.9999982268075","4.09516460716385","-2.4844657677446","10"
"Poahaku","30","0","4","0","0","0","0","2.87118077278137","0","213.806671142578","12.0029859542847","0","0","429.498565673828","0","0","0","487.401123046875","724.714599609375","0","724.714599609375","390.814727783203","499.717315673828","0","0.0191014036536217","0.353226691484451","0","0","225.486236572266","0","8.18870449066162","-0.0365840010344982","0","9","76","16","385","215","215","-1","0","77","4","14","0","5.52893447875977","0.150000005960464","0","70","352","20460.0004727456","1023","20.0000004621169","3.09988994001768","-2.42904453874209","10"
"Poahaku","30","1","0","0","0","0","0","2.53518176078796","0","12.1369323730469","75.6664352416992","8.6435604095459","0","515.244750976563","0","0","0","643.494873046875","28.9164257049561","0","28.9164257049561","97.6527404785156","511.516754150391","0","0.0047728605568409","0.018607571721077","0","0","95.6159439086914","0","0.371927708387375","0.0809587016701698","0","9","47","2","392","207","207","-1","0","48","1","6","0","18.5824489593506","0.0166666675359011","0.0220316238701344","18","392","20460.0028254651","1023","20.0000027619405","14.8625440678932","-3.71990489145743","10"
"Poahaku","30","1","1","0","0","0","0","3.16032719612122","0","36.7455444335938","39.6130294799805","19.9657611846924","0","502.440399169922","0","0","0","521.103210449219","104.671203613281","0","104.671203613281","165.992309570313","505.078460693359","0","0.0081130163744092","0.0545445010066032","0","0","95.5998229980469","0","1.16365540027618","0.013801327906549","0","9","54","5","394","210","210","-1","0","55","0","9","0","11.5830278396606","0.0333333350718021","0.0220316238701344","23","390","20459.9993282277","1023","19.9999993433311","8.55398638402603","-3.02904145563462","10"
"Poahaku","30","1","2","0","0","0","0","3.29043364524841","0","52.4666175842285","32.5599975585938","0","0","499.203125","0","0","0","514.547973632813","148.209930419922","0","148.209930419922","197.630615234375","509.815124511719","0","0.00965936575084925","0.0762611106038094","0","0","84.6022033691406","0","1.71907019615173","0.00804661959409714","0","9","59","6","394","211","211","-1","0","60","0","10","0","10.0631256103516","0.0500000007450581","0.0220316238701344","25","385","20459.9991688895","1023","19.9999991875752","7.27672906278967","-2.78639654756189","10"
"Poahaku","30","1","3","0","0","0","0","3.29819750785828","0","117.685218811035","19.4785194396973","0","0","472.065856933594","0","0","0","558.355773925781","317.645568847656","0","317.645568847656","293.071502685547","504.243041992188","0","0.0143241211771965","0.177359238266945","0","0","136.781494140625","0","4.14519786834717","0.0073457257822156","0","9","73","9","393","214","214","-1","0","74","0","13","0","7.18261003494263","0.100000001490116","0.0220316238701344","30","359","20459.9988411231","1023","19.999998867178","4.63244283717351","-2.55016719776911","10"
"Poahaku","30","1","4","0","0","0","0","3.11838221549988","0","144.959548950195","17.3313312530518","0","0","460.744506835938","0","0","0","530.833190917969","415.641845703125","0","415.641845703125","320.124084472656","502.589050292969","0","0.0156463384628296","0.220636487007141","0","0","161.918685913086","0","5.2091269493103","0.029134389013052","0","9","86","12","387","217","217","-1","0","87","0","16","0","6.52004480361938","0.150000005960464","0.0220316238701344","30","334","20459.999969524","1023","19.9999999702092","4.06651795100413","-2.45352685261526","10"
"Poahaku","30","1","5","0","0","0","0","2.83259844779968","0","130.520401000977","20.2894401550293","0","0","470.7431640625","0","0","0","463.526458740234","418.079467773438","0","418.079467773438","299.700256347656","503.549468994141","0","0.014648106880486","0.193790897727013","0","0","150.422653198242","0","4.3257417678833","0.0600550025701523","0","9","100","15","379","220","220","-1","0","101","0","19","0","6.65231323242188","0.200000002980232","0.0220316238701344","25","313","20459.9992881614","1023","19.9999993041656","4.33496089424877","-2.31735233817311","10"
"Poahaku","30","2","0","0","0","0","0","3.49696326255798","0","9.38228797912598","89.4435424804688","10.5298442840576","0","514.913940429688","0","0","0","1309.42565917969","10.7604341506958","0","10.7604341506958","86.5278930664063","510.499542236328","0","0.00422912463545799","0.0140899885445833","0","0","108.328010559082","0","0.273467779159546","0.0583810023963451","0","9","61","2","397","212","212","-1","0","62","0","11","0","21.0042858123779","0.0166666675359011","0.0440632477402687","17","397","20460.0007152628","1023","20.0000006991817","17.4666747724351","-3.53761103994286","10"
"Poahaku","30","2","1","0","0","0","0","3.49357581138611","0","21.2923793792725","55.2944183349609","14.5436105728149","0","509.677459716797","0","0","0","484.895050048828","63.5934066772461","0","63.5934066772461","126.624649047852","508.268341064453","0","0.00618888810276985","0.0308361295610666","0","0","90.3513641357422","0","0.625631332397461","0.0337658114731312","0","9","65","3","397","213","213","-1","0","66","0","12","0","14.8598737716675","0.0333333350718021","0.0440632477402687","17","395","20459.999752004","1023","19.9999997575797","11.5780425079109","-3.28183126375654","10"
"Poahaku","30","2","2","0","0","0","0","3.52619957923889","0","34.0626449584961","41.9069213867188","10.7812080383301","0","505.880584716797","0","0","0","466.22802734375","105.867218017578","0","105.867218017578","160.209777832031","508.717620849609","0","0.00783039070665836","0.0493582636117935","0","0","86.1650390625","0","1.04399025440216","0.0430014133453369","0","9","70","4","397","214","214","-1","0","71","0","13","0","12.1660232543945","0.0500000007450581","0.0440632477402687","20","388","20459.9979533334","1023","19.9999979993484","9.12819582690304","-3.03782742749149","10"
"Poahaku","30","2","3","0","0","0","0","3.25773644447327","0","77.6345138549805","26.2975730895996","4.03340482711792","0","489.167144775391","0","0","0","436.148895263672","263.973663330078","0","263.973663330078","238.684112548828","506.303253173828","0","0.0116658918559551","0.115131810307503","0","0","107.521751403809","0","2.61111998558044","0.0530611351132393","0","9","83","6","395","216","216","-1","0","84","0","15","0","8.57679080963135","0.100000001490116","0.0440632477402687","24","359","20459.9970148863","1023","19.9999970820003","5.81555502027182","-2.76123578935952","10"
"Poahaku","30","2","4","0","0","0","0","2.97453761100769","0","105.334564208984","22.1024360656738","39.3385276794434","0","475.723602294922","0","0","0","439.337341308594","359.724731445313","0","359.724731445313","272.817993164063","498.036163330078","0","0.0133342109620571","0.158040508627892","0","0","166.211486816406","0","3.55671668052673","0.0604197755455971","0","9","97","9","389","219","219","-1","0","98","0","18","0","7.45340299606323","0.150000005960464","0.0440632477402687","25","335","20460.002765846","1023","20.0000027036618","4.83991968858227","-2.61348330748097","10"
"Poahaku","30","2","5","0","0","0","0","2.86969447135925","0","82.8076553344727","28.740608215332","0","0","492.718841552734","0","0","0","306.712799072266","384.102233886719","0","384.102233886719","240.66487121582","507.196258544922","0","0.0117627019062638","0.117809072136879","0","0","111.144180297852","0","2.47491145133972","0.0992882400751114","0","9","115","17","386","227","227","-1","0","116","0","26","0","8.05248355865479","0.200000002980232","0.0440632477402687","23","325","20459.9991680196","1023","19.9999991867249","5.73027193432402","-2.32221162433077","10"
"Poahaku","30","2","6","0","0","0","0","2.49583148956299","0","54.2573509216309","43.3809814453125","0","0","507.109008789063","0","0","0","194.443435668945","390.639495849609","0","390.639495849609","191.03727722168","510.233245849609","0","0.00933711137622595","0.0759572833776474","0","0","97.2114334106445","0","1.4321653842926","0.138181582093239","0","9","135","26","386","236","236","-1","0","136","0","35","0","9.05688190460205","0.25","0.0440632477402687","26","326","20459.9976935154","1023","19.9999977453719","7.06099003860521","-1.99589186599684","10"
"Poahaku","30","2","7","0","0","0","0","2.20261025428772","0","63.8549461364746","45.1003265380859","0","0","503.477294921875","0","0","0","176.298858642578","493.905822753906","0","493.905822753906","202.062408447266","509.537200927734","0","0.00987597368657589","0.0870750322937965","0","0","108.532676696777","0","1.6809104681015","0.126867294311523","0","9","154","35","384","245","245","-1","0","155","0","44","0","8.19736576080322","0.300000011920929","0.0440632477402687","35","316","20459.9986654402","1023","19.999998695445","6.51245076310868","-1.68491499769454","10"
"Poahaku","30","2","8","0","0","0","0","1.71869838237762","0","352.713592529297","9.3986644744873","0","0","377.530578613281","0","0","0","568.038146972656","1019.92944335938","0","1019.92944335938","440.696960449219","496.26611328125","0","0.0215394403785467","0.579358816146851","0","0","361.818206787109","0","13.1733140945435","0.019083121791482","0","9","175","45","385","255","255","-1","0","176","2","54","0","4.09806251525879","0.349999994039536","0.0440632477402687","102","311","20460.0004783854","1023","20.0000004676299","2.13063724799088","-1.96742526726791","10"
"Poahaku","30","2","9","0","0","0","0","1.44528579711914","0","316.297027587891","11.3608388900757","0","0","395.075836181641","0","0","0","499.902648925781","1003.28814697266","0","1003.28814697266","413.085144042969","497.163238525391","0","0.0201898906379938","0.501546382904053","0","0","327.340454101563","0","11.4761714935303","0.0259988307952881","0","9","195","54","383","264","264","-1","0","196","0","63","0","4.13717126846313","0.400000005960464","0.0440632477402687","81","301","20459.9990881385","1023","19.9999991086398","2.30708100766013","-1.830090260803","10"
"Poahaku","30","2","10","0","0","0","0","1.19079041481018","0","378.460205078125","10.1474237442017","0","0","371.383514404297","0","0","0","529.495849609375","1142.90869140625","0","1142.90869140625","423.980743408203","496.784698486328","0","0.0207224190235138","0.605165362358093","0","0","388.311340332031","0","13.818808555603","0.0274896845221519","0","9","215","63","383","273","273","-1","0","216","1","72","0","3.67757534980774","0.449999988079071","0.0440632477402687","101","301","20460.0024218751","1023","20.0000023674244","1.96233837433546","-1.71523697547228","10"
"Poahaku","30","2","11","0","0","0","0","1.10975360870361","0","378.918334960938","10.2791204452515","0","0","371.283782958984","0","0","0","523.8818359375","1154.46044921875","0","1154.46044921875","419.4453125","496.96435546875","0","0.0205007493495941","0.604800879955292","0","0","388.900238037109","0","13.839768409729","0.0294556003063917","0","9","222","66","382","276","276","-1","0","223","1","75","0","3.61807799339294","0.466666668653488","0.0440632477402687","99","300","20459.9990638052","1023","19.9999990848535","1.94250958240038","-1.67556841099256","10"
"Poahaku","30","2","12","0","0","0","0","1.25107502937317","0","234.045776367188","15.7805080413818","0","0","435.905151367188","0","0","0","334.791473388672","1031.95361328125","0","1031.95361328125","360.305633544922","499.559814453125","0","0.0176102481782436","0.345489263534546","0","0","249.462783813477","0","7.58269548416138","0.0563174374401569","0","9","229","70","383","280","280","-1","0","230","0","79","0","4.53421640396118","0.483333349227905","0.0440632477402687","84","301","20459.9974911232","1023","19.99999754753","2.92174145732561","-1.61247494663557","10"
"Poahaku","30","3","0","0","0","0","0","3.62598657608032","0","13.5774297714233","78.5360794067383","0","0","530.488525390625","0","0","0","416.943206787109","44.6413383483887","0","44.6413383483887","103.495025634766","516.179382324219","0","0.0050584077835083","0.0186129026114941","0","0","91.636344909668","0","0.337746113538742","0.232363805174828","0","9","80","3","399","216","216","-1","0","81","0","15","0","18.1892013549805","0.0500000007450581","0.0660948753356934","6","388","20460.0004713313","1023","20.0000004607344","15.7695528113142","-2.41964854366625","10"
"Poahaku","30","3","1","0","0","0","0","3.35612750053406","0","25.7757797241211","58.1839294433594","0","0","521.458190917969","0","0","0","274.400848388672","127.038993835449","0","127.038993835449","138.457702636719","513.865234375","0","0.00676723755896091","0.0348596125841141","0","0","83.5117034912109","0","0.662956058979034","0.192656382918358","0","9","93","5","397","218","218","-1","0","94","0","17","0","13.2649230957031","0.100000001490116","0.0660948753356934","8","365","20460.0032776119","1023","20.0000032039217","11.1938077874668","-2.0711153082363","10"
"Poahaku","30","3","2","0","0","0","0","-1.03880846500397","0","12.4795293807983","138.794677734375","0","0","537.954772949219","0","0","0","89.2297439575195","192.473617553711","0","192.473617553711","100.771850585938","516.995727539063","0","0.00492530968040228","0.0171743724495173","0","0","150.781005859375","0","0.277360767126083","0.27837285399437","0","9","111","12","395","225","225","-1","0","112","0","24","0","15.3331308364868","0.150000005960464","0.0660948753356934","12","361","20460.0029490342","1023","20.0000028827314","16.6654282599456","1.33229742345883","10"
"Poahaku","30","3","3","0","0","0","0","2.65757513046265","0","87.5219879150391","26.2468891143799","10.0467624664307","0","487.997222900391","0","0","0","277.320709228516","465.285034179688","0","465.285034179688","249.669876098633","505.028930664063","0","0.0122028291225433","0.129033178091049","0","0","123.379257202148","0","2.77568340301514","0.08608777821064","0","9","130","21","393","234","234","-1","0","131","0","33","0","8.07031631469727","0.200000002980232","0.0660948753356934","35","347","20459.9993650158","1023","19.9999993792921","5.42664332705536","-2.64367298764191","10"
"Poahaku","30","3","4","0","0","0","0","-2.60007405281067","0","17.6567878723145","94.0899429321289","0","0","529.306701660156","0","0","0","61.2303466796875","395.629760742188","0","395.629760742188","114.962364196777","515.949584960938","0","0.00561888376250863","0.0242245476692915","0","0","111.303237915039","0","0.396871775388718","0.228708818554878","0","9","150","30","393","243","243","-1","0","151","0","42","0","12.7510290145874","0.25","0.0660948753356934","30","360","20460.0004299521","1023","20.0000004202855","13.4119036085384","0.660874593950998","10"
"Poahaku","30","3","5","0","0","0","0","-2.99929213523865","0","24.279914855957","93.0244827270508","0","0","522.45361328125","0","0","0","66.2133178710938","496.8349609375","0","496.8349609375","128.99494934082","514.861511230469","0","0.00630473904311657","0.0328970924019814","0","0","116.855140686035","0","0.544979989528656","0.185474619269371","0","9","170","39","391","252","252","-1","0","171","0","51","0","10.541524887085","0.300000011920929","0.0660948753356934","39","344","20459.9981789342","1023","19.999998219877","11.0491124266313","0.507587539546364","10"
"Poahaku","30","3","6","0","0","0","0","-3.34633636474609","0","26.5338268280029","105.721801757813","0","0","520.085632324219","0","0","0","58.8566246032715","610.025939941406","0","610.025939941406","130.802963256836","514.754638671875","0","0.00639310711994767","0.0359040684998035","0","0","131.797714233398","0","0.592559456825256","0.165701344609261","0","9","191","49","392","262","262","-1","0","192","0","61","0","9.54059505462646","0.349999994039536","0.0660948753356934","49","341","20459.9986833799","1023","19.9999987129813","10.2568273718937","0.71623231726722","10"
"Poahaku","30","3","7","0","0","0","0","-4.83170890808105","0","27.3327102661133","134.839263916016","0","0","518.703979492188","0","0","0","52.802074432373","711.660888671875","0","711.660888671875","129.73518371582","514.918212890625","0","0.00634091719985008","0.0375771708786488","0","0","161.687622070313","0","0.615712642669678","0.150875613093376","0","9","211","58","390","271","271","-1","0","212","0","70","0","8.78545761108398","0.400000005960464","0.0660948753356934","58","340","20460.0028082511","1023","20.0000027451135","9.71479289273346","0.929335281649475","10"
"Poahaku","30","3","8","0","0","0","0","1.29619061946869","0","139.911346435547","22.703197479248","0","0","475.015228271484","0","0","0","212.957366943359","934.006713867188","0","934.006713867188","294.56201171875","503.27685546875","0","0.0143969692289829","0.198903605341911","0","0","162.209243774414","0","3.98278570175171","0.0874505490064621","0","9","231","68","391","281","281","-1","0","232","0","80","0","5.8207106590271","0.449999988079071","0.0660948753356934","76","310","20460.0014790446","1023","20.0000014457914","4.15079219801817","-1.66991846100893","10"
"Poahaku","30","3","9","0","0","0","0","0.736156463623047","0","407.546325683594","9.90174388885498","0","0","361.962738037109","0","0","0","504.565551757813","1287.65502929688","0","1287.65502929688","416.708099365234","497.225006103516","0","0.0203669648617506","0.649706363677979","0","0","417.159423828125","0","14.7796201705933","0.0279859621077776","0","9","250","77","389","290","290","-1","0","251","1","89","0","3.38624048233032","0.5","0.0660948753356934","117","310","20459.9999162279","1023","19.9999999181114","1.79639971271247","-1.58984076961785","10"
"Poahaku","30","4","0","0","0","0","0","0","0","2.45467448234558","1427.65637207031","2.47612357139587","0","151.297698974609","0","0","0","3.75958466529846","481.998352050781","0","481.998352050781","80.3507843017578","101.871856689453","0","0.00392721267417073","0.00181211356539279","0","0","1430.48095703125","0","0.0215962417423725","0.811679601669312","0","9","172","5","399","253","253","-1","0","173","0","52","0","45","0.266666650772095","0.0881264954805374","19","354","20460.0033072374","1023","20.0000032328811","NaN","NaN","10"
"Poahaku","30","4","1","0","0","0","0","-8.55002784729004","0","8.09680938720703","163.880249023438","0","0","534.490417480469","0","0","0","25.1809883117676","531.144104003906","0","531.144104003906","90.3874816894531","518.57763671875","0","0.00441776588559151","0.0133747328072786","0","0","171.530822753906","0","0.191186636686325","0.242110311985016","0","9","178","8","399","256","256","-1","0","179","0","55","0","12.7712354660034","0.283333331346512","0.0881264954805374","42","364","20459.9981144883","1023","19.9999981568801","19.2874001905159","6.51616472451245","10"
"Poahaku","30","4","2","0","0","0","0","0","0","1.5275137424469","206.658508300781","0","0","352.7880859375","0","0","0","NaN","0","0","0","35.27880859375","244.167434692383","0","0.00172428193036467","0.000602612912189215","0","0","207.738616943359","0","0.00570510607212782","0.803668200969696","0","9","186","12","399","260","260","-1","0","187","0","59","0","45","0.300000011920929","0.0881264954805374","27","384","20460.0001731091","1023","20.0000001692171","NaN","NaN","10"
"Poahaku","30","4","3","0","0","0","0","0","0","0.7908576130867","177.161315917969","7.43827104568481","0","75.710807800293","0","0","0","0.234812304377556","661.683776855469","0","661.683776855469","16.3857688903809","49.1876373291016","0","0.00080086849629879","0.000155371497385204","0","0","183.724060058594","0","0.00146555993705988","0.802696943283081","0","9","206","21","399","269","269","-1","0","207","0","68","0","45","0.349999994039536","0.0881264954805374","21","399","20459.9993208718","1023","19.9999993361406","NaN","NaN","10"
"Poahaku","30","4","4","0","0","0","0","-0.0664417818188667","0","60.819034576416","47.8046112060547","0","0","505.094940185547","0","0","0","103.570045471191","818.642578125","0","818.642578125","194.838821411133","510.141418457031","0","0.00952291488647461","0.0847868472337723","0","0","108.207427978516","0","1.56525182723999","0.129067078232765","0","9","226","30","397","278","278","-1","0","227","0","77","0","7.94711208343506","0.400000005960464","0.0881264954805374","67","334","20459.9981973862","1023","19.9999982379142","6.44883681268907","-1.49827527074599","10"
"Poahaku","30","4","5","0","0","0","0","0.955189168453217","0","117.365760803223","25.4617805480957","0","0","485.277099609375","0","0","0","163.180541992188","988.130432128906","0","988.130432128906","269.534271240234","504.641998291016","0","0.0131737180054188","0.161243662238121","0","0","142.40559387207","0","3.10355997085571","0.102981939911842","0","9","246","40","398","288","288","-1","0","247","0","87","0","6.13597583770752","0.449999988079071","0.0881264954805374","79","312","20460.0000644743","1023","20.0000000630247","4.68632807400295","-1.44964776370457","10"
"Poahaku","30","4","6","0","0","0","0","0","0","5.12428569793701","239.051345825195","14.8192853927612","0","637.858093261719","0","0","0","5.42405223846436","979.115783691406","0","979.115783691406","74.6437225341797","638.50634765625","0","0.00364827597513795","0.00531077524647117","0","0","258.061492919922","0","0.0638803765177727","0.0574958957731724","0","9","265","49","396","297","297","-1","0","266","0","96","0","0.0057295779697597","0.5","0.0881264954805374","66","335","20459.9989263031","1023","19.9999989504429","43.3897359264261","43.3840063484564","10"
"Poahaku","30","4","7","0","0","0","0","-3.9024076461792","0","19.9123554229736","92.840202331543","0","0","518.705444335938","0","0","0","26.5699443817139","1120.06774902344","0","1120.06774902344","124.45760345459","515.734436035156","0","0.00608297158032656","0.0297601353377104","0","0","112.327529907227","0","0.432029396295547","0.118581302464008","0","9","283","59","397","307","307","-1","0","284","0","106","0","6.07282304763794","0.550000011920929","0.0881264954805374","86","330","20460.0008089974","1023","20.0000007908088","11.7943767305679","5.72155368292996","10"
"Poahaku","30","4","8","0","0","0","0","0.347413241863251","0","159.548828125","20.467643737793","0","0","469.991424560547","0","0","0","165.448364257813","1353.298828125","0","1353.298828125","307.216705322266","502.334411621094","0","0.0150154791772366","0.223901078104973","0","0","179.614685058594","0","4.42679882049561","0.0855444893240929","0","9","297","68","395","316","316","-1","0","298","0","115","0","5.06637668609619","0.600000023841858","0.0881264954805374","107","334","20460.0000903072","1023","20.0000000882768","3.84531320342485","-1.22106348267134","10"
"Poahaku","30","4","9","0","0","0","0","-0.214496374130249","0","593.349487304688","4.96613121032715","0","0","276.248107910156","0","0","0","514.9306640625","1926.48034667969","0","1926.48034667969","174.251068115234","512.708740234375","0","0.00851667020469904","0.992003798484802","0","0","598.11279296875","0","24.078182220459","0.00393633637577295","0","8","308","77","395","325","325","-1","0","309","1","124","0","1.62009751796722","0.649999976158142","0.0881264954805374","149","325","20459.9994982889","1023","19.9999995095688","0.491908650828255","-1.12818886713897","10"
"Poahaku","30","4","10","0","0","0","0","0","0","219.141479492188","33559.5234375","0","0","57289.69140625","0","0","0","NaN","0","0","0","5728.96875","39512.26953125","0","0.280008256435394","0.0006852219812572","0","0","33714.48046875","0","8.41064071655273","0.809188783168793","0","3","312","80","394","328","328","-1","0","313","0","127","0","45","0.666666626930237","0.0881264954805374","81","394","20459.9993690609","1023","19.9999993832462","NaN","NaN","10"
"Poahaku","45","0","0","0","0","0","0","1.49634039402008","0","23.2794857025146","53.654541015625","23.7849884033203","0","516.554016113281","0","0","0","406.273834228516","84.9182052612305","0","84.9182052612305","132.148010253906","503.871154785156","0","0.00645884685218334","0.0345000475645065","0","0","99.6832580566406","0","0.697492301464081","-0.197945117950439","0","9","23","5","389","204","204","-1","0","24","0","3","0","13.6029319763184","0.0166666675359011","0","19","389","20460.0005663914","1023","20.0000005536572","10.7901655676669","-2.81276640865143","10"
"Poahaku","45","0","1","0","0","0","0","2.11473107337952","0","41.5086708068848","37.5502815246582","20.7767066955566","0","505.469512939453","0","0","0","464.2412109375","136.516525268555","0","136.516525268555","176.408966064453","504.965728759766","0","0.00862213876098394","0.0633765980601311","0","0","99.1576538085938","0","1.31038987636566","-0.135099694132805","0","9","30","9","392","208","208","-1","0","31","0","7","0","10.5376043319702","0.0333333350718021","0","24","391","20460.000813571","1023","20.0000007952795","7.81911503926472","-2.71848929270549","10"
"Poahaku","45","0","2","0","0","0","0","2.31899213790894","0","63.7378082275391","29.3360233306885","0","0","498.544189453125","0","0","0","450.231414794922","215.142395019531","0","215.142395019531","219.796035766602","508.911804199219","0","0.0107427183538675","0.096863865852356","0","0","92.6658782958984","0","2.11591863632202","-0.123409509658813","0","9","37","12","394","211","211","-1","0","38","2","10","0","8.49617290496826","0.0500000007450581","0","29","392","20460.0016984967","1023","20.0000016603096","6.36750616983455","-2.12866673513371","10"
"Poahaku","45","0","3","0","0","0","0","2.47171878814697","0","96.0844573974609","22.1621837615967","17.9260768890381","0","481.700225830078","0","0","0","449.045349121094","338.890655517578","0","338.890655517578","269.060424804688","502.268463134766","0","0.0131505578756332","0.152177274227142","0","0","135.683334350586","0","3.32491779327393","-0.0999130308628082","0","9","43","14","395","213","213","-1","0","44","4","12","0","7.15751123428345","0.0666666701436043","0","38","385","20460.000811314","1023","20.0000007930733","4.95745786321665","-2.20005337106679","10"
"Poahaku","45","0","4","0","0","0","0","2.49990844726563","0","112.407669067383","20.0633182525635","0","0","476.184417724609","0","0","0","448.695129394531","405.136322021484","0","405.136322021484","290.40576171875","504.936798095703","0","0.0141938300803304","0.181782692670822","0","0","132.094985961914","0","3.98455810546875","-0.0955537483096123","0","9","47","15","395","214","214","-1","0","48","4","13","0","6.68588447570801","0.0833333358168602","0","44","381","20459.9998784817","1023","19.9999998812138","4.47828759883672","-2.20759687687129","10"
"Poahaku","45","1","0","0","0","0","0","2.72436928749084","0","12.9501075744629","73.9801025390625","17.8800163269043","0","518.916564941406","0","0","0","1279.99914550781","15.4956350326538","0","15.4956350326538","100.799224853516","505.684173583984","0","0.00492664752528071","0.0198343992233276","0","0","103.506149291992","0","0.391445815563202","0.180943012237549","0","9","33","4","394","209","209","-1","0","34","1","8","0","17.924711227417","0.0166666675359011","0.0220316238701344","21","394","20460.003346347","1023","20.0000032711114","14.382204477928","-3.54250674948904","10"
"Poahaku","45","1","1","0","0","0","0","3.21243071556091","0","31.879487991333","43.4735374450684","16.4487857818604","0","506.609527587891","0","0","0","665.869201660156","72.1475296020508","0","72.1475296020508","154.664016723633","507.024017333984","0","0.00755933625623584","0.0480408184230328","0","0","91.1218872070313","0","0.99574887752533","0.0784744992852211","0","9","39","7","396","212","212","-1","0","40","0","11","0","12.0128126144409","0.0333333350718021","0.0220316238701344","25","394","20459.9995926954","1023","19.9999996018528","9.05325120823419","-2.95956140620673","10"
"Poahaku","45","1","2","0","0","0","0","3.33972930908203","0","50.9034461975098","33.1767539978027","17.0608024597168","0","498.154388427734","0","0","0","623.858825683594","122.240982055664","0","122.240982055664","193.966949462891","504.901245117188","0","0.00948029942810535","0.0762611106038094","0","0","100.52059173584","0","1.64440262317657","0.0520663522183895","0","9","45","9","397","214","214","-1","0","46","0","13","0","9.79540920257568","0.0500000007450581","0.0220316238701344","28","388","20460.0024433675","1023","20.0000023884335","7.14112303997787","-2.65428616259781","10"
"Poahaku","45","1","3","0","0","0","0","2.67541790008545","0","124.885841369629","19.1778144836426","0","0","469.3154296875","0","0","0","679.647644042969","277.289398193359","0","277.289398193359","298.40087890625","503.771575927734","0","0.0145845990628004","0.188459068536758","0","0","143.681167602539","0","4.40844011306763","0.0244062785059214","0","9","58","12","396","217","217","-1","0","59","0","16","0","6.52118825912476","0.100000001490116","0.0220316238701344","33","358","20459.9987713995","1023","19.999998799022","4.438482378423","-2.08270588070175","10"
"Poahaku","45","1","4","0","0","0","0","2.48695349693298","0","181.806579589844","15.1879787445068","0","0","446.603820800781","0","0","0","734.77685546875","381.560516357422","0","381.560516357422","349.417419433594","500.608093261719","0","0.017078073695302","0.280361831188202","0","0","196.632095336914","0","6.50394487380981","0.0133197410032153","0","9","71","14","389","219","219","-1","0","72","0","18","0","5.37671995162964","0.150000005960464","0.0220316238701344","35","328","20460.0018519486","1023","20.0000018103114","3.49230017331501","-1.88441977831462","10"
"Poahaku","45","1","5","0","0","0","0","2.35089182853699","0","183.834396362305","15.1579608917236","0","0","445.699432373047","0","0","0","720.29345703125","388.424713134766","0","388.424713134766","350.730438232422","500.500579833984","0","0.0171422511339188","0.27977979183197","0","0","198.630767822266","0","6.58657789230347","0.00907123368233442","0","9","77","17","388","222","222","-1","0","78","0","21","0","5.39832305908203","0.16666667163372","0.0220316238701344","37","327","20459.9988351847","1023","19.9999988613731","3.51274210277139","-1.88558095631064","10"
"Poahaku","45","1","6","0","0","0","0","2.41545128822327","0","178.647521972656","15.9601917266846","0","0","448.935119628906","0","0","0","693.267517089844","388.489440917969","0","388.489440917969","344.403350830078","500.786315917969","0","0.0168330110609531","0.269327133893967","0","0","194.242126464844","0","6.27692842483521","0.0039635868743062","0","9","84","20","388","225","225","-1","0","85","0","24","0","5.42916774749756","0.183333337306976","0.0220316238701344","38","324","20459.9967042722","1023","19.9999967783697","3.58333591120632","-1.84583183629124","10"
"Poahaku","45","2","0","0","0","0","0","3.35840725898743","0","22.5505867004395","52.5226783752441","15.0907115936279","0","508.586547851563","0","0","0","1505.36120605469","22.1842746734619","0","22.1842746734619","130.971420288086","507.341430664063","0","0.00640134001150727","0.0333953462541103","0","0","89.3120269775391","0","0.664340734481812","0.0142551185563207","0","9","46","4","398","214","214","-1","0","47","0","13","0","14.3205652236938","0.0333333350718021","0.0440632477402687","17","394","20460.0005706066","1023","20.0000005577778","11.0510531042444","-3.26951211944947","10"
"Poahaku","45","2","1","0","0","0","0","3.26177406311035","0","35.6378555297852","41.165657043457","6.92163324356079","0","505.293670654297","0","0","0","712.430725097656","74.4137115478516","0","74.4137115478516","163.120391845703","509.581329345703","0","0.00797264836728573","0.0530146136879921","0","0","83.1806564331055","0","1.10091078281403","0.00890533253550529","0","9","50","5","398","215","215","-1","0","51","0","14","0","11.6434631347656","0.0500000007450581","0.0440632477402687","21","387","20460.0007840603","1023","20.0000007664324","8.64928833953791","-2.99417479522772","10"
"Poahaku","45","2","2","0","0","0","0","2.83437418937683","0","68.8199691772461","29.9429092407227","8.47198295593262","0","492.189300537109","0","0","0","580.526611328125","172.159637451172","0","172.159637451172","221.803436279297","505.681762695313","0","0.0108408331871033","0.0999432504177094","0","0","106.720848083496","0","2.21643662452698","0.0156618002802134","0","9","64","8","397","218","218","-1","0","65","0","17","0","8.61003875732422","0.100000001490116","0.0440632477402687","23","362","20459.999010331","1023","19.9999990325817","6.22711879979372","-2.3829199575305","10"
"Poahaku","45","2","3","0","0","0","0","2.61867189407349","0","71.9360733032227","32.3680267333984","21.0194988250732","0","492.392883300781","0","0","0","503.165588378906","201.438766479492","0","201.438766479492","222.139022827148","504.344360351563","0","0.0108572347089648","0.10135705769062","0","0","124.828567504883","0","2.15520644187927","0.0359554812312126","0","9","79","13","393","223","223","-1","0","80","0","22","0","8.24899005889893","0.150000005960464","0.0440632477402687","21","345","20460.0000627902","1023","20.0000000613785","6.14924697050573","-2.0997430883932","10"
"Poahaku","45","2","4","0","0","0","0","2.06874060630798","0","43.1029167175293","57.1992568969727","0","0","507.18603515625","0","0","0","289.591583251953","202.659454345703","0","202.659454345703","167.538696289063","511.808166503906","0","0.00818859692662954","0.058688472956419","0","0","99.8755264282227","0","1.12900102138519","0.0652946457266808","0","9","99","22","391","232","232","-1","0","100","0","31","0","9.38554096221924","0.200000002980232","0.0440632477402687","22","346","20460.0003871508","1023","20.0000003784466","8.02044758478163","-1.3650933774376","10"
"Poahaku","45","2","5","0","0","0","0","1.63563048839569","0","51.7931518554688","54.1612777709961","0","0","504.201477050781","0","0","0","242.953948974609","293.353942871094","0","293.353942871094","180.163452148438","510.980224609375","0","0.00880564283579588","0.0712715014815331","0","0","105.534439086914","0","1.36029005050659","0.057438887655735","0","9","119","32","392","242","242","-1","0","120","0","41","0","8.4092321395874","0.25","0.0440632477402687","32","339","20459.9999691168","1023","19.9999999698112","7.09706763641337","-1.31216450317404","10"
"Poahaku","45","2","6","0","0","0","0","1.33089530467987","0","59.1287002563477","54.160587310791","0","0","502.003570556641","0","0","0","210.709609985352","375.325408935547","0","375.325408935547","188.892593383789","510.463500976563","0","0.0092322863638401","0.0790846720337868","0","0","112.874435424805","0","1.53895998001099","0.0522437356412411","0","9","138","41","390","251","251","-1","0","139","0","50","0","7.77011108398438","0.300000011920929","0.0440632477402687","41","336","20460.0015575362","1023","20.0000015225183","6.70395341296175","-1.06615767102262","10"
"Poahaku","45","2","7","0","0","0","0","1.02153158187866","0","64.7009582519531","59.5944519042969","0","0","500.477874755859","0","0","0","185.604339599609","466.229400634766","0","466.229400634766","192.463272094727","510.349792480469","0","0.0094068069010973","0.0865342020988464","0","0","123.884414672852","0","1.67385244369507","0.0477236099541187","0","9","159","51","391","261","261","-1","0","160","0","60","0","7.16577243804932","0.349999994039536","0.0440632477402687","51","333","20460.0003081041","1023","20.000000301177","6.2407409437418","-0.925031494307517","10"
"Poahaku","45","2","8","0","0","0","0","0.932139277458191","0","403.026245117188","9.05460834503174","0","0","364.048400878906","0","0","0","733.073547363281","887.069702148438","0","887.069702148438","441.366546630859","495.569915771484","0","0.0215721670538187","0.650287330150604","0","0","411.790100097656","0","14.4752178192139","0.000571360986214131","0","9","179","61","390","271","271","-1","0","180","3","70","0","3.28550577163696","0.400000005960464","0.0440632477402687","126","315","20460.0004037484","1023","20.000000394671","1.90103800463848","-1.38446776699848","10"
"Poahaku","45","2","9","0","0","0","0","0.853897929191589","0","180.497680664063","19.3376522064209","0","0","457.903961181641","0","0","0","359.219909667969","717.926208496094","0","717.926208496094","322.769500732422","501.278137207031","0","0.0157756377011538","0.25789338350296","0","0","199.446182250977","0","5.4245753288269","0.0274630971252918","0","9","199","70","390","280","280","-1","0","200","0","79","0","4.81491088867188","0.449999988079071","0.0440632477402687","79","308","20459.9970439747","1023","19.9999971104347","3.5070387937123","-1.30787209495957","10"
"Poahaku","45","2","10","0","0","0","0","0.822857558727264","0","149.23210144043","22.4664897918701","0","0","471.21875","0","0","0","289.405181884766","708.596008300781","0","708.596008300781","296.368621826172","502.857849121094","0","0.0144852716475725","0.205071359872818","0","0","171.295440673828","0","4.1873025894165","0.0345203019678593","0","9","205","73","389","283","283","-1","0","206","0","82","0","5.19933128356934","0.466666668653488","0.0440632477402687","78","310","20459.9975089758","1023","19.9999975649813","4.05047611073529","-1.14885517283405","10"
"Poahaku","45","2","11","0","0","0","0","0.560439884662628","0","144.103744506836","22.7446537017822","0","0","473.560180664063","0","0","0","273.094421386719","726.386962890625","0","726.386962890625","291.835540771484","503.061676025391","0","0.0142637109383941","0.198372229933739","0","0","166.440368652344","0","3.96767091751099","0.0365379601716995","0","9","213","77","390","287","287","-1","0","214","0","86","0","5.24037075042725","0.483333349227905","0.0440632477402687","81","312","20460.0010496526","1023","20.0000010260534","4.12334080030773","-1.11702995011952","10"
"Poahaku","45","3","0","0","0","0","0","3.56511259078979","0","15.3492984771729","71.4300079345703","0","0","517.882629394531","0","0","0","2651.29809570313","7.5752592086792","0","7.5752592086792","108.33283996582","515.714111328125","0","0.00529485987499356","0.0200842693448067","0","0","86.3187255859375","0","0.392866790294647","0.0970488786697388","0","9","56","3","399","216","216","-1","0","57","0","15","0","16.8427677154541","0.0500000007450581","0.0660948753356934","7","389","20460.0013075798","1023","20.0000012781817","15.2856922744707","-1.55707544098344","10"
"Poahaku","45","3","1","0","0","0","0","1.61361157894135","0","8.36273574829102","170.398162841797","0","0","527.017517089844","0","0","0","487.428558349609","24.8390026092529","0","24.8390026092529","87.1210632324219","518.01611328125","0","0.00425811670720577","0.0121072391048074","0","0","178.258880615234","0","0.189188003540039","0.178530856966972","0","9","69","6","398","219","219","-1","0","70","0","18","0","17.7920875549316","0.100000001490116","0.0660948753356934","6","374","20459.9989204128","1023","19.9999989446851","20.5913333943377","2.79924583940609","10"
"Poahaku","45","3","2","0","0","0","0","2.52487754821777","0","59.6345481872559","35.1541633605957","6.79432725906372","0","497.681121826172","0","0","0","386.357635498047","223.605545043945","0","223.605545043945","204.773132324219","507.931640625","0","0.0100084627047181","0.0863917097449303","0","0","101.133193969727","0","1.80880510807037","0.0367703400552273","0","9","88","14","397","227","227","-1","0","89","0","26","0","9.08644008636475","0.150000005960464","0.0660948753356934","26","364","20459.9985398043","1023","19.9999985726338","6.65264290608219","-2.43379718028256","10"
"Poahaku","45","3","3","0","0","0","0","-5.21204471588135","0","12.6401119232178","187.398101806641","0","0","520.578674316406","0","0","0","93.3416213989258","195.767837524414","0","195.767837524414","100.223670959473","517.289794921875","0","0.00489851739257574","0.0182732865214348","0","0","199.529235839844","0","0.292605310678482","0.113318704068661","0","9","108","24","396","237","237","-1","0","109","0","36","0","12.4583721160889","0.200000002980232","0.0660948753356934","24","369","20460.0010426365","1023","20.000001019195","15.5494438660336","3.09107174994477","10"
"Poahaku","45","3","4","0","0","0","0","-5.84905576705933","0","16.377347946167","124.617004394531","0","0","518.219909667969","0","0","0","85.8843231201172","277.591003417969","0","277.591003417969","109.294036865234","516.717834472656","0","0.00534183951094747","0.0238407142460346","0","0","140.564361572266","0","0.384310632944107","0.091890774667263","0","9","128","33","396","246","246","-1","0","129","0","45","0","10.6769895553589","0.25","0.0660948753356934","33","364","20460.0000882185","1023","20.0000000862351","12.9478279543055","2.27083839894662","10"
"Poahaku","45","3","5","0","0","0","0","-6.51119136810303","0","19.215404510498","127.427886962891","0","0","516.799621582031","0","0","0","75.2858276367188","366.960357666016","0","366.960357666016","115.612747192383","516.178955078125","0","0.00565067259594798","0.0276269130408764","0","0","146.195846557617","0","0.450669258832932","0.0811715722084045","0","9","148","43","395","256","256","-1","0","149","0","55","0","9.75145626068115","0.300000011920929","0.0660948753356934","43","364","20459.9975010563","1023","19.9999975572398","11.802283337438","2.0508270767568","10"
"Poahaku","45","3","6","0","0","0","0","-6.70657396316528","0","21.7301368713379","121.674186706543","0","0","515.654174804688","0","0","0","69.364501953125","448.516357421875","0","448.516357421875","119.708198547363","515.890380859375","0","0.00585084035992622","0.0311111155897379","0","0","142.963562011719","0","0.507200717926025","0.0701363608241081","0","9","167","52","395","265","265","-1","0","168","0","64","0","8.84874439239502","0.349999994039536","0.0660948753356934","52","363","20460.000817536","1023","20.0000007991554","10.8397477033954","1.99100331100039","10"
"Poahaku","45","3","7","0","0","0","0","-6.76914072036743","0","24.5170192718506","161.073806762695","0","0","514.499877929688","0","0","0","64.658088684082","539.402038574219","0","539.402038574219","121.001243591309","515.82470703125","0","0.00591403897851706","0.0348767079412937","0","0","185.102661132813","0","0.566961050033569","0.0538569390773773","0","9","188","62","394","275","275","-1","0","189","0","74","0","7.54007720947266","0.400000005960464","0.0660948753356934","62","359","20460.0010298968","1023","20.0000010067417","9.76281245892699","2.22273524945433","10"
"Poahaku","45","3","8","0","0","0","0","0.735069096088409","0","165.622619628906","20.5744819641113","0","0","465.151000976563","0","0","0","307.630187988281","744.353515625","0","744.353515625","310.665222167969","501.885711669922","0","0.0151840271428227","0.228985607624054","0","0","185.79736328125","0","4.73998355865479","0.0324974842369556","0","9","208","72","395","285","285","-1","0","209","0","84","0","4.95935297012329","0.449999988079071","0.0660948753356934","81","309","20460.0017667128","1023","20.000001726992","3.80207071157935","-1.15728225854394","10"
"Poahaku","45","3","9","0","0","0","0","-6.3861231803894","0","36.1259117126465","56.7216110229492","0","0","510.761566162109","0","0","0","74.858039855957","714.106567382813","0","714.106567382813","154.486190795898","514.155456542969","0","0.00755064561963081","0.0534566156566143","0","0","92.4948577880859","0","0.860401391983032","0.0555285885930061","0","9","228","81","393","294","294","-1","0","229","0","93","0","6.52739000320435","0.5","0.0660948753356934","81","331","20459.9975390518","1023","19.999997594381","8.12007474944915","1.59268474624481","10"
"Poahaku","45","3","10","0","0","0","0","-8.13612174987793","0","42.1644058227539","46.2857437133789","0","0","508.858612060547","0","0","0","81.5099868774414","750.248901367188","0","750.248901367188","169.727615356445","512.684326171875","0","0.00829558167606592","0.0611527748405933","0","0","88.0724411010742","0","0.987088799476624","0.0591920129954815","0","9","235","85","394","298","298","-1","0","236","0","97","0","6.62030982971191","0.516666650772095","0.0660948753356934","85","330","20460.001719486","1023","20.000001680827","7.79640397025086","1.17609414053895","10"
"Poahaku","45","4","0","0","0","0","0","0.741758704185486","0","54.3365631103516","63.8266944885254","0","0","504.002990722656","0","0","0","190.688858032227","384.570617675781","0","384.570617675781","178.38020324707","511.325500488281","0","0.00871848408132792","0.0733333379030228","0","0","117.749160766602","0","1.38467073440552","0.0528964884579182","0","9","144","6","400","254","254","-1","0","145","0","53","0","7.62434530258179","0.266666650772095","0.0881264954805374","43","333","20460.0021727517","1023","20.000002123902","6.82795458315958","-0.79639071942221","10"
"Poahaku","45","4","1","0","0","0","0","1.08487474918365","0","61.4928321838379","44.2082901000977","0","0","500.130676269531","0","0","0","199.137069702148","429.269714355469","0","429.269714355469","198.399963378906","509.659149169922","0","0.00969696696847677","0.0854835137724876","0","0","105.284240722656","0","1.68145477771759","0.0507602468132973","0","9","150","9","400","257","257","-1","0","151","0","56","0","8.16082572937012","0.283333331346512","0.0881264954805374","49","356","20460.0019803998","1023","20.0000019358747","6.51346406555946","-1.64736166381066","10"
"Poahaku","45","4","2","0","0","0","0","1.26080131530762","0","2.71906185150146","369.270935058594","0","0","630.384887695313","0","0","0","NaN","0","0","0","63.0384941101074","539.753356933594","0","0.00308106024749577","0.00112398318015039","0","0","371.193603515625","0","0.0117873754352331","0.538147807121277","0","9","157","12","399","260","260","-1","0","158","0","59","0","45","0.300000011920929","0.0881264954805374","35","379","20460.0004694306","1023","20.0000004588764","NaN","NaN","10"
"Poahaku","45","4","3","0","0","0","0","-43.6438636779785","0","4.03041362762451","2288.29223632813","3.49285936355591","0","179.839019775391","0","0","0","5.00874328613281","469.683074951172","0","469.683074951172","126.973274230957","149.420135498047","0","0.00620592711493373","0.00235252198763192","0","0","2292.505859375","0","0.0279483329504728","0.544610798358917","0","9","176","21","399","269","269","-1","0","177","0","68","0","45","0.349999994039536","0.0881264954805374","42","362","20460.0008797095","1023","20.0000008599311","NaN","NaN","10"
"Poahaku","45","4","4","0","0","0","0","-1.58016657829285","0","57.8135185241699","70.0186080932617","0","0","503.148468017578","0","0","0","129.728271484375","594.570129394531","0","594.570129394531","179.488784790039","511.250091552734","0","0.00877266842871904","0.0771325528621674","0","0","127.412902832031","0","1.45701634883881","0.0494132041931152","0","9","196","31","398","279","279","-1","0","197","0","78","0","7.20915794372559","0.400000005960464","0.0881264954805374","68","350","20459.9987162911","1023","19.9999987451526","6.53066512706693","-0.678492816658659","10"
"Poahaku","45","4","5","0","0","0","0","0.308376729488373","0","405.467193603516","9.57543182373047","0","0","365.465881347656","0","0","0","658.182312011719","955.142944335938","0","955.142944335938","423.508270263672","496.137115478516","0","0.0206993296742439","0.628658175468445","0","0","414.745056152344","0","14.3623189926147","0.00221522874198854","0","9","217","41","399","289","289","-1","0","218","1","88","0","3.06926941871643","0.449999988079071","0.0881264954805374","118","313","20459.9992815536","1023","19.9999992977064","1.88687373271768","-1.18239568599875","10"
"Poahaku","45","4","6","0","0","0","0","0","0","7.08862924575806","583.154907226563","11.6118249893188","0","1157.90673828125","0","0","0","8.31489086151123","676.466186523438","0","676.466186523438","123.847778320313","1156.64611816406","0","0.00605316506698728","0.00562474224716425","0","0","600.214782714844","0","0.0677642971277237","0.0451227389276028","0","9","223","44","398","292","292","-1","0","224","0","91","0","0.0057295779697597","0.466666668653488","0.0881264954805374","70","331","20460.0034774787","1023","20.000003399295","NaN","NaN","10"
"Poahaku","45","4","7","0","0","0","0","0","0","6.571120262146","3456.28369140625","11.7547750473022","0","595.1337890625","0","0","0","6.54395008087158","703.720458984375","0","703.720458984375","208.540939331055","503.420654296875","0","0.0101926159113646","0.00460511166602373","0","0","3468.74438476563","0","0.0550623573362827","0.532639980316162","0","9","230","47","398","295","295","-1","0","231","0","94","0","42.2441825866699","0.483333349227905","0.0881264954805374","64","334","20460.0017448451","1023","20.0000017056159","NaN","NaN","10"
"Poahaku","5","0","0","0","0","0","0","2.42659687995911","0","31.4474258422852","43.4261779785156","26.3374061584473","0","503.804809570313","0","0","0","692.821044921875","63.6924285888672","0","63.6924285888672","151.660583496094","503.472747802734","0","0.00741254072636366","0.0441274531185627","0","0","100.374000549316","0","0.949416041374207","-0.0160823687911034","0","9","184","2","386","201","201","-1","0","185","0","0","0","12.6104679107666","0.0166666675359011","0","17","386","20460.0000316617","1023","20.0000000309498","9.67040699430778","-2.94006091645882","10"
"Poahaku","5","0","1","0","0","0","0","2.46555376052856","0","38.2558784484863","39.152042388916","0","0","505.330963134766","0","0","0","419.248291015625","128.203948974609","0","128.203948974609","168.221633911133","511.454803466797","0","0.00822197645902634","0.0537492819130421","0","0","76.9642715454102","0","1.18855512142181","-0.000891971052624285","0","9","185","2","385","201","201","-1","0","186","0","0","0","11.6286945343018","0.0333333350718021","0","17","385","20459.9994599174","1023","19.9999994720601","8.7990258591912","-2.82966867511056","10"
"Poahaku","5","0","2","0","0","0","0","2.49062967300415","0","65.907112121582","27.7479095458984","0","0","493.550384521484","0","0","0","503.687133789063","192.309585571289","0","192.309585571289","223.392791748047","508.450012207031","0","0.0109185138717294","0.096863865852356","0","0","93.24755859375","0","2.23470640182495","-0.0299106650054455","0","9","185","2","384","201","201","-1","0","186","0","0","0","9.36456680297852","0.0500000007450581","0","21","384","20459.9998106394","1023","19.9999998148968","6.47214692572994","-2.89241987724857","10"
"Poahaku","5","0","3","0","0","0","0","2.67012929916382","0","133.620361328125","16.8045444488525","0","0","461.941253662109","0","0","0","476.272521972656","451.135467529297","0","451.135467529297","320.548370361328","503.818420410156","0","0.0156670771539211","0.214863419532776","0","0","150.076843261719","0","5.1369161605835","-0.0151427974924445","0","9","187","3","381","202","202","-1","0","188","0","1","0","7.13905906677246","0.100000001490116","0","41","367","20459.998199543","1023","19.9999982400225","4.18151551349786","-2.9575435532746","10"
"Poahaku","5","0","4","0","0","0","0","2.6821436882019","0","203.417526245117","11.8345642089844","0","0","428.697235107422","0","0","0","477.156646728516","713.036987304688","0","713.036987304688","391.078979492188","500.801971435547","0","0.0191143192350864","0.340230345726013","0","0","214.946228027344","0","8.2976016998291","-0.0130491517484188","0","9","189","4","373","203","203","-1","0","190","0","2","0","6.0672664642334","0.150000005960464","0","61","347","20460.0004155167","1023","20.0000004061747","3.22060270215107","-2.84666376208233","10"
"Poahaku","5","0","5","0","0","0","0","2.62709283828735","0","269.351867675781","9.08945655822754","0","0","399.255584716797","0","0","0","472.810119628906","977.578308105469","0","977.578308105469","441.685089111328","498.767517089844","0","0.0215877369046211","0.462208896875381","0","0","278.165954589844","0","11.1270523071289","-0.00613817945122719","0","9","191","5","363","204","204","-1","0","192","0","3","0","5.39719915390015","0.200000002980232","0","79","328","20459.9996314009","1023","19.9999996396881","2.67700666055379","-2.72019249334636","10"
"Poahaku","5","0","6","0","0","0","0","2.53938055038452","0","329.064788818359","7.3371000289917","0","0","371.773773193359","0","0","0","477.761810302734","1238.25793457031","0","1238.25793457031","476.127502441406","497.484710693359","0","0.0232711378484964","0.591592311859131","0","0","336.151153564453","0","13.8011856079102","-0.00443952530622482","0","9","192","6","355","205","205","-1","0","193","1","4","0","4.87553548812866","0.25","0","99","310","20460.0009480056","1023","20.0000009266917","2.25439371441435","-2.62114177371431","10"
"Poahaku","5","0","7","0","0","0","0","2.39659452438354","0","392.754425048828","6.07824230194092","0","0","345.227508544922","0","0","0","481.525390625","1506.13049316406","0","1506.13049316406","503.570281982422","496.533538818359","0","0.0246124304831028","0.725240051746368","0","0","398.603546142578","0","16.3987045288086","-0.0019552162848413","0","9","194","7","345","206","206","-1","0","195","1","5","0","4.39301109313965","0.300000011920929","0","118","291","20459.998143139","1023","19.9999981848866","1.94481699305244","-2.44819410008721","10"
"Poahaku","5","0","8","0","0","0","0","2.36366653442383","0","418.791320800781","5.69368076324463","0","0","334.293029785156","0","0","0","491.35400390625","1571.52990722656","0","1571.52990722656","510.952117919922","496.3046875","0","0.0249732229858637","0.772177457809448","0","0","424.263885498047","0","17.4771728515625","-0.00473955227062106","0","9","195","8","343","207","207","-1","0","196","1","6","0","4.19661521911621","0.316666692495346","0","123","283","20459.9990241208","1023","19.9999990460614","1.85334305887023","-2.34327216024598","10"
"Poahaku","5","0","9","0","0","0","0","2.34985423088074","0","424.350036621094","5.63552331924438","0","0","331.251892089844","0","0","0","500.857238769531","1577.88159179688","0","1577.88159179688","510.724243164063","496.320343017578","0","0.024962080642581","0.790293395519257","0","0","429.766235351563","0","17.7823333740234","-0.0102344378829002","0","9","196","8","340","207","207","-1","0","197","1","6","0","4.1544337272644","0.333333373069763","0","125","280","20460.0029331231","1023","20.000002867178","1.81003632094401","-2.34439740632039","10"
"Poahaku","5","1","0","0","0","0","0","2.21292471885681","0","15.4648742675781","62.6875648498535","44.8259201049805","0","504.221588134766","0","0","0","337.182189941406","62.462459564209","0","62.462459564209","109.354934692383","493.528167724609","0","0.00534481601789594","0.0210612285882235","0","0","121.135414123535","0","0.440857499837875","0.0372955463826656","0","9","194","1","391","206","206","-1","0","195","0","5","0","16.3554649353027","0.0166666675359011","0.0220316238701344","19","391","20459.9998065849","1023","19.9999998109334","14.7010177343889","-1.65444720091384","10"
"Poahaku","5","1","1","0","0","0","0","2.65992093086243","0","39.7415962219238","37.736442565918","12.6215867996216","0","504.324951171875","0","0","0","425.733245849609","128.118957519531","0","128.118957519531","173.656326293945","507.597076416016","0","0.00848760083317757","0.0545445010066032","0","0","89.5206146240234","0","1.24605178833008","0.0771454945206642","0","9","194","1","390","206","206","-1","0","195","0","5","0","11.3872232437134","0.0333333350718021","0.0220316238701344","19","386","20460.0015607629","1023","20.0000015256724","8.95210284180912","-2.43512040190426","10"
"Poahaku","5","1","2","0","0","0","0","2.77786159515381","0","59.1899147033691","29.4588890075684","26.7935791015625","0","493.775970458984","0","0","0","446.073913574219","193.772567749023","0","193.772567749023","210.960739135742","502.483520507813","0","0.0103108864277601","0.08643689006567","0","0","114.820869445801","0","1.9859379529953","0.0614844597876072","0","9","194","1","389","206","206","-1","0","195","0","5","0","9.76884078979492","0.0500000007450581","0.0220316238701344","21","380","20460.000273863","1023","20.0000002677057","6.85101481615089","-2.91782597364403","10"
"Poahaku","5","1","3","0","0","0","0","2.88510656356812","0","120.363433837891","18.3301315307617","0","0","469.306518554688","0","0","0","417.173858642578","457.842926025391","0","457.842926025391","303.701507568359","504.485809326172","0","0.0148436706513166","0.1910001039505","0","0","138.331817626953","0","4.53513145446777","0.0667501762509346","0","9","196","2","386","207","207","-1","0","197","0","6","0","7.44477033615112","0.100000001490116","0.0220316238701344","25","355","20460.0004070705","1023","20.0000003979184","4.45726532433858","-2.98750501181255","10"
"Poahaku","5","1","4","0","0","0","0","2.84596037864685","0","187.243041992188","12.9033985137939","0","0","437.489410400391","0","0","0","432.482574462891","723.394958496094","0","723.394958496094","374.691680908203","501.295257568359","0","0.0183133780956268","0.312855690717697","0","0","199.826538085938","0","7.54370260238647","0.0681724697351456","0","9","198","3","378","208","208","-1","0","199","0","7","0","6.240234375","0.150000005960464","0.0220316238701344","36","329","20459.9980927428","1023","19.9999981356235","3.35579430231512","-2.88444007268488","10"
"Poahaku","5","1","5","0","0","0","0","2.81284999847412","0","238.288833618164","10.525559425354","0","0","415.212738037109","0","0","0","472.2548828125","855.113830566406","0","855.113830566406","416.454650878906","499.541198730469","0","0.0203545764088631","0.403831660747528","0","0","248.518646240234","0","9.70111274719238","0.0781603753566742","0","9","199","4","368","209","209","-1","0","200","0","8","0","5.61418581008911","0.200000002980232","0.0220316238701344","43","307","20460.0008623892","1023","20.0000008430002","2.8891385851095","-2.72504722497961","10"
"Poahaku","5","1","6","0","0","0","0","2.72765612602234","0","286.890502929688","9.08364963531494","0","0","393.804412841797","0","0","0","471.24560546875","1055.96862792969","0","1055.96862792969","445.560638427734","498.379333496094","0","0.0217771586030722","0.497620582580566","0","0","295.697631835938","0","11.804762840271","0.0888032093644142","0","9","201","5","360","210","210","-1","0","202","0","9","0","5.11207723617554","0.25","0.0220316238701344","50","284","20459.9987789444","1023","19.9999988063972","2.5082119866458","-2.60386524952974","10"
"Poahaku","5","1","7","0","0","0","0","2.70767617225647","0","298.312194824219","9.14803981781006","0","0","390.915405273438","0","0","0","463.608459472656","1121.94055175781","0","1121.94055175781","448.456726074219","498.244842529297","0","0.0219187065958977","0.520141124725342","0","0","307.184692382813","0","12.1409320831299","0.103788591921329","0","9","202","6","350","211","211","-1","0","203","0","10","0","4.92909145355225","0.300000011920929","0.0220316238701344","46","271","20459.9995037185","1023","19.9999995148764","2.41515482457916","-2.51393662897309","10"
"Poahaku","5","1","8","0","0","0","0","2.62309002876282","0","329.735168457031","8.50760364532471","0","0","376.55224609375","0","0","0","461.488739013672","1257.13586425781","0","1257.13586425781","460.589324951172","497.819122314453","0","0.0225116964429617","0.580154061317444","0","0","337.979034423828","0","13.5306835174561","0.100506104528904","0","9","203","6","347","211","211","-1","0","204","0","10","0","4.65719127655029","0.316666692495346","0.0220316238701344","55","263","20460.0006986668","1023","20.0000006829588","2.22380435367281","-2.43338692287748","10"
"Poahaku","5","1","9","0","0","0","0","2.66595959663391","0","324.975891113281","8.74717712402344","0","0","379.815826416016","0","0","0","479.015747070313","1190.65539550781","0","1190.65539550781","457.935668945313","497.910919189453","0","0.0223819985985756","0.570342659950256","0","0","333.456237792969","0","13.2309408187866","0.105452075600624","0","9","203","6","344","211","211","-1","0","204","0","10","0","4.67741394042969","0.333333373069763","0.0220316238701344","51","261","20459.9990000203","1023","19.9999990225027","2.24903987260116","-2.42837406782852","10"
"Poahaku","5","2","0","0","0","0","0","3.05779337882996","0","9.21295928955078","88.8272705078125","12.003888130188","0","518.333801269531","0","0","0","260.849975585938","46.3533554077148","0","46.3533554077148","86.4945373535156","509.392486572266","0","0.00422749435529113","0.0120912715792656","0","0","108.888076782227","0","0.249537318944931","0.133478328585625","0","9","202","1","396","211","211","-1","0","203","0","10","0","21.2275867462158","0.0166666675359011","0.0440632477402687","13","396","20460.0006728002","1023","20.0000006576737","20.4648025533606","-0.762784192855221","10"
"Poahaku","5","2","1","0","0","0","0","3.18401861190796","0","23.2289028167725","52.2333755493164","19.5064792633057","0","513.417602539063","0","0","0","256.354400634766","126.067092895508","0","126.067092895508","133.659820556641","506.253631591797","0","0.00653273845091462","0.0323178507387638","0","0","94.1111679077148","0","0.696216940879822","0.149756327271461","0","9","202","1","395","211","211","-1","0","203","0","10","0","14.2654724121094","0.0333333350718021","0.0440632477402687","16","393","20459.9987525794","1023","19.999998780625","11.6621418376284","-2.60333057448101","10"
"Poahaku","5","2","2","0","0","0","0","3.17748188972473","0","38.3852882385254","38.4055824279785","21.180980682373","0","506.474090576172","0","0","0","289.021240234375","192.489303588867","0","192.489303588867","172.290405273438","504.928009033203","0","0.00842084176838398","0.0556334964931011","0","0","97.2611999511719","0","1.21924543380737","0.13655287027359","0","9","202","1","394","211","211","-1","0","203","0","10","0","11.5744152069092","0.0500000007450581","0.0440632477402687","20","385","20459.9979446593","1023","19.9999979908693","8.70591091276999","-2.86850429413919","10"
"Poahaku","5","2","3","0","0","0","0","3.10446858406067","0","78.8116149902344","24.81005859375","0","0","494.353118896484","0","0","0","310.748474121094","392.5185546875","0","392.5185546875","250.446548461914","507.661376953125","0","0.0122407898306847","0.121974550187588","0","0","103.232070922852","0","2.78242254257202","0.167448878288269","0","9","203","1","390","211","211","-1","0","204","1","10","0","8.7004566192627","0.100000001490116","0.0440632477402687","21","355","20459.9990626508","1023","19.9999990837252","5.7596296858384","-2.9408269334243","10"
"Poahaku","5","2","4","0","0","0","0","3.07364559173584","0","127.053848266602","17.8207778930664","12.0803241729736","0","471.237609863281","0","0","0","307.057647705078","658.185119628906","0","658.185119628906","315.933990478516","502.521392822266","0","0.0154415434226394","0.202100783586502","0","0","156.562561035156","0","4.77696371078491","0.164809033274651","0","9","205","2","382","212","212","-1","0","206","0","11","0","7.17418384552002","0.150000005960464","0.0440632477402687","23","326","20460.0007804475","1023","20.0000007629008","4.38196414042371","-2.79221970509631","10"
"Poahaku","5","2","5","0","0","0","0","3.07364559173584","0","122.368827819824","19.0451755523682","0","0","483.596313476563","0","0","0","299.789733886719","658.185119628906","0","658.185119628906","314.37646484375","504.873779296875","0","0.0153654189780354","0.197317138314247","0","0","141.049392700195","0","4.46416091918945","0.244891107082367","0","9","205","2","371","212","212","-1","0","206","0","11","0","7.17996978759766","0.200000002980232","0.0440632477402687","17","303","20459.9995153497","1023","19.999999526246","4.46624074651291","-2.71372904108475","10"
"Poahaku","5","2","6","0","0","0","0","3.17304635047913","0","116.38387298584","21.1389675140381","0","0","501.900177001953","0","0","0","279.685852050781","657.011840820313","0","657.011840820313","311.063629150391","505.571838378906","0","0.015203501097858","0.183756932616234","0","0","137.144149780273","0","3.98870825767517","0.333245396614075","0","9","207","3","363","213","213","-1","0","208","0","12","0","7.26163864135742","0.25","0.0440632477402687","12","280","20459.9997821697","1023","19.9999997870672","4.74590765622638","-2.51573098513105","10"
"Poahaku","5","2","7","0","0","0","0","3.31405162811279","0","97.3234100341797","26.4419364929199","9.50644588470459","0","537.027648925781","0","0","0","253.154479980469","588.96923828125","0","588.96923828125","289.971862792969","505.740936279297","0","0.0141726229339838","0.149100199341774","0","0","132.821426391602","0","3.07008528709412","0.449884563684464","0","9","209","4","353","214","214","-1","0","210","0","13","0","7.75579404830933","0.300000011920929","0.0440632477402687","8","262","20459.9998280953","1023","19.9999998319603","5.45444807902414","-2.30134596928518","10"
"Poahaku","5","2","8","0","0","0","0","2.54196667671204","0","391.956451416016","6.79023838043213","0","0","346.785461425781","0","0","0","468.928588867188","1524.38366699219","0","1524.38366699219","488.913635253906","496.902893066406","0","0.0238960739225149","0.714827060699463","0","0","398.509918212891","0","16.3437576293945","0.068888433277607","0","9","210","4","344","214","214","-1","0","211","1","13","0","4.29771661758423","0.349999994039536","0.0440632477402687","96","270","20459.9984432276","1023","19.9999984782283","1.91570710033394","-2.38200951725029","10"
"Poahaku","5","2","9","0","0","0","0","2.43473315238953","0","415.450012207031","7.18932247161865","0","0","339.102935791016","0","0","0","454.253814697266","1663.14965820313","0","1663.14965820313","481.143981933594","497.322296142578","0","0.0235163271427155","0.755492091178894","0","0","422.405364990234","0","17.1969299316406","0.0938570871949196","0","9","212","5","334","215","215","-1","0","213","1","14","0","4.03535079956055","0.400000005960464","0.0440632477402687","91","253","20459.9969635409","1023","19.9999970318093","1.78374335354055","-2.25160744601999","10"
"Poahaku","5","2","10","0","0","0","0","2.27924299240112","0","435.478118896484","7.72707557678223","0","0","331.080017089844","0","0","0","446.058349609375","1760.77966308594","0","1760.77966308594","462.251251220703","498.418884277344","0","0.0225929263979197","0.785410463809967","0","0","442.976806640625","0","18.078145980835","0.103299461305141","0","9","215","7","327","217","217","-1","0","216","0","16","0","3.73699975013733","0.449999988079071","0.0440632477402687","84","240","20459.9989872612","1023","19.9999990100305","1.64838382991953","-2.0886159202178","10"
"Poahaku","5","3","0","0","0","0","0","3.44224238395691","0","10.9930896759033","92.0890350341797","2.92787146568298","0","565.339233398438","0","0","0","130.305694580078","122.881866455078","0","122.881866455078","98.0079803466797","515.207397460938","0","0.00479022366926074","0.0160122066736221","0","0","105.327301025391","0","0.272467344999313","0.419152200222015","0","9","208","0","397","213","213","-1","0","209","0","12","0","20.728702545166","0.0333333350718021","0.0660948753356934","6","395","20460.0008503997","1023","20.0000008312803","17.4072021535121","-3.3215003916539","10"
"Poahaku","5","3","1","0","0","0","0","3.4831166267395","0","15.7510242462158","77.9707717895508","2.29405283927917","0","584.382202148438","0","0","0","114.017417907715","187.825469970703","0","187.825469970703","119.187088012695","514.961303710938","0","0.00582537148147821","0.0214153751730919","0","0","95.4196319580078","0","0.400011628866196","0.492255687713623","0","9","209","1","397","214","214","-1","0","210","0","13","0","17.8773345947266","0.0500000007450581","0.0660948753356934","6","388","20459.9978544975","1023","19.9999979027346","15.7843960192684","-2.09293857545813","10"
"Poahaku","5","3","2","0","0","0","0","3.4646167755127","0","38.1441497802734","44.1365203857422","5.58047294616699","0","559.158203125","0","0","0","165.432083129883","321.653778076172","0","321.653778076172","183.60563659668","510.812957763672","0","0.00897388160228729","0.0532118529081345","0","0","87.330436706543","0","1.14624798297882","0.441944181919098","0","9","210","1","393","214","214","-1","0","211","0","13","0","12.015908241272","0.100000001490116","0.0660948753356934","8","359","20460.0021188024","1023","20.0000020711656","9.70901130916291","-2.30689693210906","10"
"Poahaku","5","3","3","0","0","0","0","3.40943431854248","0","59.1761474609375","33.5532188415527","0","0","545.894165039063","0","0","0","168.197082519531","532.726501464844","0","532.726501464844","228.217697143555","510.111541748047","0","0.0111543340608478","0.0896030440926552","0","0","92.2980804443359","0","1.89252376556396","0.423824369907379","0","9","212","2","385","215","215","-1","0","213","0","14","0","9.91448020935059","0.150000005960464","0.0660948753356934","10","331","20460.0019955122","1023","20.0000019506473","7.15108010059365","-2.76340010875693","10"
"Poahaku","5","3","4","0","0","0","0","3.31868767738342","0","67.1788635253906","32.9204559326172","0","0","560.237182617188","0","0","0","166.115982055664","605.410827636719","0","605.410827636719","246.599853515625","509.603424072266","0","0.012052777223289","0.100568413734436","0","0","99.6601791381836","0","2.11266565322876","0.486892461776733","0","9","215","4","376","217","217","-1","0","216","0","16","0","9.40825176239014","0.200000002980232","0.0660948753356934","10","308","20460.0026157566","1023","20.0000025569468","6.8832464836029","-2.52500527878724","10"
"Poahaku","5","3","5","0","0","0","0","3.24019432067871","0","54.2747535705566","45.3776321411133","0","0","633.768981933594","0","0","0","125.958518981934","616.046813964844","0","616.046813964844","233.271881103516","511.454772949219","0","0.0114013617858291","0.0775963366031647","0","0","99.1453552246094","0","1.52375566959381","0.656657576560974","0","9","219","6","369","222","219","-1","0","221","0","18","0","10.4999647140503","0.25","0.0660948753356934","8","289","20460.0016634375","1023","20.0000016260386","8.44915495924816","-2.05080975480214","10"
"Poahaku","5","3","6","0","0","0","0","3.05844569206238","0","87.6441421508789","29.080738067627","0","0","551.909118652344","0","0","0","164.651565551758","820.912475585938","0","820.912475585938","278.258544921875","508.011505126953","0","0.0136001259088516","0.135164529085159","0","0","116.294952392578","0","2.73834204673767","0.485789209604263","0","9","224","11","363","228","224","-1","0","227","0","23","0","8.16560554504395","0.300000011920929","0.0660948753356934","17","274","20459.997707872","1023","19.9999977594057","5.77481918200266","-2.39078636304128","10"
"Poahaku","5","3","7","0","0","0","0","2.95405983924866","0","89.911506652832","29.6670398712158","0","0","559.545532226563","0","0","0","154.710174560547","881.470764160156","0","881.470764160156","282.358581542969","507.942932128906","0","0.0138005167245865","0.136372491717339","0","0","119.140403747559","0","2.72423672676086","0.510642468929291","0","9","230","17","360","235","230","-1","0","234","0","29","0","7.99429845809937","0.349999994039536","0.0660948753356934","22","270","20460.0006780854","1023","20.0000006628401","5.80811557832545","-2.18618287977392","10"
"Poahaku","5","3","8","0","0","0","0","2.53914308547974","0","171.51921081543","17.2851390838623","0","0","473.066497802734","0","0","0","216.642532348633","1281.13122558594","0","1281.13122558594","360.596710205078","502.946899414063","0","0.0176244731992483","0.277547508478165","0","0","188.452133178711","0","6.0783109664917","0.299517124891281","0","9","237","24","356","243","237","-1","0","242","0","36","0","5.83007669448853","0.400000005960464","0.0660948753356934","39","268","20459.9993502477","1023","19.999999364856","3.64077416111673","-2.18930253337179","10"
"Poahaku","5","3","9","0","0","0","0","2.31058406829834","0","202.748168945313","15.4448566436768","5.87045240402222","0","451.365600585938","0","0","0","239.672058105469","1435.611328125","0","1435.611328125","379.401306152344","501.355590820313","0","0.0185435637831688","0.344075947999954","0","0","223.724197387695","0","7.56964683532715","0.259589165449142","0","9","243","30","353","250","243","-1","0","249","0","42","0","5.25922584533691","0.449999988079071","0.0660948753356934","48","267","20459.9995226759","1023","19.9999995334075","3.08938486859889","-2.16984097673803","10"
"Poahaku","5","3","10","0","0","0","0","1.89492988586426","0","285.979705810547","12.311014175415","0","0","405.878204345703","0","0","0","283.631774902344","1733.08020019531","0","1733.08020019531","414.888305664063","500.393188476563","0","0.0202780216932297","0.491556614637375","0","0","298.003448486328","0","11.2721252441406","0.189598590135574","0","9","249","36","348","257","249","-1","0","256","0","48","0","4.31165504455566","0.5","0.0660948753356934","60","268","20459.9991034916","1023","19.9999991236477","2.36427466511796","-1.94738037943771","10"
"Poahaku","5","4","0","0","0","0","0","2.43361878395081","0","198.323638916016","12.7236490249634","0","0","437.690887451172","0","0","0","267.164215087891","1235.5126953125","0","1235.5126953125","385.306396484375","500.926788330078","0","0.018832178786397","0.330084770917892","0","0","210.727737426758","0","7.78032445907593","0.131462693214417","0","9","250","2","400","258","250","-1","0","257","0","49","0","5.97148561477661","0.25","0.0881264954805374","65","337","20460.0009831413","1023","20.0000009610374","3.27064635636776","-2.70083925840885","10"
"Poahaku","5","4","1","0","0","0","0","2.2016978263855","0","34.0709762573242","97.77880859375","0","0","874.26611328125","0","0","0","52.1381645202637","902.85888671875","0","902.85888671875","212.281326293945","514.79638671875","0","0.0103754308074713","0.0470734052360058","0","0","131.091796875","0","0.79389351606369","0.946592450141907","0","9","256","8","395","265","256","-1","0","264","0","55","0","14.0569896697998","0.300000011920929","0.0881264954805374","43","299","20460.0011539842","1023","20.0000011280393","12.7330924061023","-1.32389726369752","10"
"Poahaku","5","4","2","0","0","0","0","2.24844551086426","0","78.2281875610352","36.2252311706543","0","0","604.069946289063","0","0","0","95.669792175293","1204.11096191406","0","1204.11096191406","270.684387207031","509.228668212891","0","0.0132299307733774","0.115197047591209","0","0","113.97208404541","0","2.16967844963074","0.612167239189148","0","9","262","14","392","272","262","-1","0","271","0","61","0","8.43077564239502","0.349999994039536","0.0881264954805374","51","293","20460.0002708804","1023","20.0000002647902","6.59474809888083","-1.83602754351419","10"
"Poahaku","5","4","3","0","0","0","0","2.03858137130737","0","89.9604568481445","33.1005973815918","0","0","589.60498046875","0","0","0","101.690361022949","1319.1025390625","0","1319.1025390625","286.072357177734","508.438781738281","0","0.0139820305630565","0.134140014648438","0","0","122.600227355957","0","2.5409140586853","0.589004695415497","0","9","269","21","388","279","269","-1","0","278","0","68","0","7.65189075469971","0.400000005960464","0.0881264954805374","58","293","20460.0008480599","1023","20.000000828993","5.98307035963493","-1.66882039506478","10"
"Poahaku","5","4","4","0","0","0","0","-3.45459389686584","0","3.39837718009949","697.233947753906","0","0","873.167846679688","0","0","0","4.90806531906128","1007.62994384766","0","1007.62994384766","91.309928894043","160.402877807617","0","0.00446285074576735","0.00494551379233599","0","0","699.36962890625","0","0.0621082000434399","1.38620936870575","0","9","276","28","386","287","276","-1","0","286","0","75","0","45","0.449999988079071","0.0881264954805374","48","315","20460.0005905738","1023","20.000000577296","64.4758706594622","19.4758706594622","10"
"Poahaku","5","4","5","0","0","0","0","-3.85888814926147","0","4.4398250579834","790.769714355469","0","0","1082.8681640625","0","0","0","5.70491790771484","1112.06762695313","0","1112.06762695313","110.963775634766","197.409072875977","0","0.00542344897985458","0.00634425412863493","0","0","793.661437988281","0","0.0826165378093719","1.3876736164093","0","9","284","36","383","296","284","-1","0","295","0","83","0","45","0.5","0.0881264954805374","55","321","20460.0017529327","1023","20.0000017135217","58.7442639916595","13.7442639916595","10"
"Poahaku","5","4","6","0","0","0","0","-0.302764177322388","0","16.8202209472656","576.071044921875","0","0","1972.06787109375","0","0","0","17.7444858551025","1245.46496582031","0","1245.46496582031","234.529281616211","518.817138671875","0","0.0114628188312054","0.0221001338213682","0","0","590.84228515625","0","0.327457517385483","1.30519831180573","0","9","291","43","381","303","291","-1","0","302","0","90","0","28.092155456543","0.550000011920929","0.0881264954805374","72","318","20460.0007266755","1023","20.0000007103377","31.2435092200568","3.1513537635138","10"
"Poahaku","5","4","7","0","0","0","0","0.973206341266632","0","36.7580528259277","113.623260498047","0","0","1006.55615234375","0","0","0","34.2528762817383","1476.30920410156","0","1476.30920410156","240.133529663086","515.18701171875","0","0.0117367319762707","0.0505678318440914","0","0","149.539688110352","0","0.815090417861938","1.03837263584137","0","9","299","51","378","312","299","-1","0","311","0","98","0","12.5316982269287","0.600000023841858","0.0881264954805374","84","319","20459.9994400987","1023","19.9999994526869","13.4206658716061","0.888967644677415","10"
"Poahaku","5","4","8","0","0","0","0","0.973206341266632","0","50.4727363586426","7770.8662109375","0","0","13265.6982421875","0","0","0","NaN","0","0","0","1326.56970214844","2508.99145507813","0","0.0648372322320938","0.000329439382767305","0","0","7806.55517578125","0","1.72577118873596","1.38132989406586","0","3","306","58","376","320","306","-1","0","319","0","105","0","45","0.649999976158142","0.0881264954805374","59","376","20459.9989308581","1023","19.9999989548955","NaN","NaN","10"
"Poahaku","5","4","9","0","0","0","0","0.973206341266632","0","68.0860290527344","10548.0634765625","0","0","18006.671875","0","0","0","NaN","0","0","0","1800.6669921875","3438.25122070313","0","0.0880091413855553","0.00120830279774964","0","0","10596.2080078125","0","2.35538554191589","1.37949275970459","0","2","312","64","371","327","312","-1","0","326","0","111","0","45","0.699999988079071","0.0881264954805374","64","371","20459.9995391279","1023","19.9999995494896","NaN","NaN","10"
"Poahaku","5","4","10","0","0","0","0","0.973206341266632","0","64.5347290039063","9993.634765625","0","0","17060.19921875","0","0","0","NaN","0","0","0","1706.01989746094","3187.98071289063","0","0.0833831802010536","0.000836029532365501","0","0","10039.2666015625","0","2.24882745742798","1.383664727211","0","9","319","71","369","335","319","-1","0","334","0","118","0","45","0.75","0.0881264954805374","72","369","20460.0003663494","1023","20.0000003581128","NaN","NaN","10"
"Poahaku","60","0","0","0","0","0","0","3.05442380905151","0","29.4773788452148","46.1172142028809","0.147305577993393","0","513.742492675781","0","0","0","1090.69848632813","41.4627723693848","0","41.4627723693848","150.303466796875","512.962158203125","0","0.0073462100699544","0.045223381370306","0","0","75.2954788208008","0","0.929729223251343","0.140474379062653","0","9","32","9","398","214","214","-1","0","33","0","13","0","12.2316007614136","0.0333333350718021","0.0220316238701344","26","396","20460.001193215","1023","20.0000011663881","9.34870988390464","-2.88289087750894","10"
"Poahaku","60","0","1","0","0","0","0","2.81646943092346","0","51.30419921875","33.3661651611328","16.5303630828857","0","499.884704589844","0","0","0","810.227233886719","97.4718856811523","0","97.4718856811523","195.151794433594","505.593597412109","0","0.00953821279108524","0.0789743736386299","0","0","100.622695922852","0","1.67293429374695","0.0969093665480614","0","9","36","10","398","215","215","-1","0","37","0","14","0","9.24872970581055","0.0500000007450581","0.0220316238701344","29","388","20459.9958826657","1023","19.9999959752353","6.93689241739303","-2.31183728841752","10"
"Poahaku","60","0","2","0","0","0","0","2.06906390190125","0","118.578231811523","19.6494312286377","0","0","472.214141845703","0","0","0","841.019348144531","220.714508056641","0","220.714508056641","292.649536132813","504.190368652344","0","0.0143034961074591","0.185625165700912","0","0","137.843856811523","0","4.20799493789673","0.0588526464998722","0","9","50","13","397","218","218","-1","0","51","1","17","0","6.15914058685303","0.100000001490116","0.0220316238701344","35","364","20460.0004036915","1023","20.0000003946154","4.41935289669622","-1.73978769015681","10"
"Poahaku","60","0","3","0","0","0","0","1.75323295593262","0","187.769622802734","14.1750860214233","34.3263854980469","0","441.87060546875","0","0","0","880.988159179688","329.594177246094","0","329.594177246094","358.851440429688","495.008972167969","0","0.0175391733646393","0.290368556976318","0","0","235.812606811523","0","6.74527168273926","0.0488844700157642","0","9","65","18","393","223","223","-1","0","66","2","22","0","4.77607774734497","0.150000005960464","0.0220316238701344","47","347","20459.9973424727","1023","19.9999974022216","3.4629529848701","-1.31312476247487","10"
"Poahaku","60","0","4","0","0","0","0","1.5856831073761","0","260.558685302734","11.126877784729","0","0","415.985290527344","0","0","0","858.109985351563","479.373443603516","0","479.373443603516","410.238403320313","497.497039794922","0","0.0200507529079914","0.411355167627335","0","0","271.357086181641","0","9.43496894836426","0.0433785133063793","0","9","85","28","392","233","233","-1","0","86","4","32","0","3.95320630073547","0.200000002980232","0.0220316238701344","77","340","20459.9999412894","1023","19.9999999426094","2.79388492085922","-1.15932137987625","10"
"Poahaku","60","1","0","0","0","0","0","2.74107122421265","0","37.954231262207","39.9950218200684","0","0","506.451995849609","0","0","0","1321.01489257813","43.2649345397949","0","43.2649345397949","168.424819946289","511.714691162109","0","0.00823190622031689","0.05715361982584","0","0","77.5153656005859","0","1.18859791755676","0.0625883266329765","0","9","40","6","399","216","216","-1","0","41","0","15","0","10.9228610992432","0.0500000007450581","0.0440632477402687","23","387","20460.0022690498","1023","20.000002218035","8.2811835118375","-2.64167758740567","10"
"Poahaku","60","1","1","0","0","0","0","2.26726579666138","0","81.2792434692383","25.9290981292725","0","0","488.018676757813","0","0","0","918.366333007813","134.842666625977","0","134.842666625977","241.936233520508","507.013671875","0","0.0118248388171196","0.12383496016264","0","0","106.801643371582","0","2.73253917694092","0.0406571924686432","0","9","53","9","398","219","219","-1","0","54","0","18","0","7.48876476287842","0.100000001490116","0.0440632477402687","30","366","20460.0026488514","1023","20.0000025892976","5.47944765387135","-2.00931710900706","10"
"Poahaku","60","1","2","0","0","0","0","1.84957981109619","0","127.086135864258","20.2105770111084","0","0","469.477813720703","0","0","0","931.88134765625","203.456405639648","0","203.456405639648","296.037841796875","503.674652099609","0","0.014469102025032","0.189597234129906","0","0","146.911529541016","0","4.39985466003418","0.0335658900439739","0","9","71","16","396","226","226","-1","0","72","0","25","0","5.92861843109131","0.150000005960464","0.0440632477402687","38","350","20460.0009927858","1023","20.0000009704651","4.3767796317892","-1.55183879930211","10"
"Poahaku","60","1","3","0","0","0","0","1.47806107997894","0","174.313354492188","17.0101852416992","0","0","451.043853759766","0","0","0","924.294616699219","282.466552734375","0","282.466552734375","336.201232910156","501.174926757813","0","0.0164321213960648","0.261082321405411","0","0","190.955688476563","0","6.10690784454346","0.0306389108300209","0","9","91","26","395","236","236","-1","0","92","0","35","0","4.83732461929321","0.200000002980232","0.0440632477402687","49","338","20460.0017737619","1023","20.0000017338826","3.60849373826019","-1.22883088103302","10"
"Poahaku","60","1","4","0","0","0","0","1.20437276363373","0","233.706359863281","13.7706747055054","0","0","427.459289550781","0","0","0","990.731750488281","359.558471679688","0","359.558471679688","378.054565429688","498.7265625","0","0.0184777416288853","0.356225997209549","0","0","247.131622314453","0","8.33273983001709","0.0297430083155632","0","9","110","35","395","245","245","-1","0","111","0","44","0","4.01442766189575","0.25","0.0440632477402687","61","327","20459.9984685734","1023","19.9999985030043","2.97331456921258","-1.04111309268318","10"
"Poahaku","60","1","5","0","0","0","0","0.833314001560211","0","274.467712402344","12.5594911575317","-7.1403021812439","0","413.532135009766","0","0","0","991.075805664063","424.619934082031","0","424.619934082031","397.245056152344","498.347259521484","0","0.0194156914949417","0.420830547809601","0","0","293.822540283203","0","9.69753742218018","0.0267591997981071","0","9","130","45","394","255","255","-1","0","131","0","54","0","3.52000331878662","0.300000011920929","0.0440632477402687","72","318","20460.0004205792","1023","20.0000004111234","2.64437129941167","-0.875632019374956","10"
"Poahaku","60","1","6","0","0","0","0","0.56974184513092","0","330.970031738281","10.5305728912354","27.0095710754395","0","391.391357421875","0","0","0","1013.41900634766","508.223510742188","0","508.223510742188","423.279449462891","493.560943603516","0","0.0206881463527679","0.515043377876282","0","0","368.165222167969","0","11.6604356765747","0.0225401930510998","0","9","151","55","395","265","265","-1","0","152","1","64","0","3.09903216362","0.349999994039536","0.0440632477402687","91","315","20459.9987956997","1023","19.9999988227758","2.30206334527746","-0.796968818342534","10"
"Poahaku","60","1","7","0","0","0","0","0.245614618062973","0","353.499725341797","10.1542663574219","0","0","386.057281494141","0","0","0","977.347045898438","559.392333984375","0","559.392333984375","426.851379394531","495.588958740234","0","0.0208627264946699","0.546720445156097","0","0","363.338562011719","0","12.2885904312134","0.016912529245019","0","9","171","65","394","275","275","-1","0","172","1","74","0","2.85650825500488","0.400000005960464","0.0440632477402687","95","309","20459.999775369","1023","19.9999997804194","2.18692474805571","-0.669583506949174","10"
"Poahaku","60","1","8","0","0","0","0","-0.049618799239397","0","376.690490722656","9.73050022125244","0","0","378.977661132813","0","0","0","973.293212890625","592.817016601563","0","592.817016601563","427.876647949219","495.327728271484","0","0.0209128372371197","0.576984763145447","0","0","386.108978271484","0","12.9804992675781","0.016238946467638","0","9","190","74","394","284","284","-1","0","191","0","83","0","2.63823580741882","0.449999988079071","0.0440632477402687","101","305","20459.9999080828","1023","19.9999999101493","2.07714286577699","-0.56109294164183","10"
"Poahaku","60","1","9","0","0","0","0","-0.0783348828554153","0","427.328369140625","8.53094100952148","0","0","359.730682373047","0","0","0","1028.88842773438","646.641784667969","0","646.641784667969","441.694366455078","494.735809326172","0","0.0215881913900375","0.665322303771973","0","0","435.565521240234","0","14.8669700622559","0.0131010413169861","0","9","197","78","394","288","288","-1","0","198","1","87","0","2.45409989356995","0.466666668653488","0.0440632477402687","119","308","20459.998638835","1023","19.999998669438","1.85944391100282","-0.594655982567129","10"
"Poahaku","60","2","0","0","0","0","0","2.92233490943909","0","13.9101638793945","72.3909759521484","2.03276634216309","0","515.36865234375","0","0","0","446.946563720703","50.5471229553223","0","50.5471229553223","104.045913696289","515.092163085938","0","0.00508533325046301","0.0225918628275394","0","0","87.8204193115234","0","0.370045989751816","0.00430695014074445","0","9","44","4","400","217","217","-1","0","45","0","16","0","16.7849617004395","0.0500000007450581","0.0660948753356934","10","392","20459.9990938285","1023","19.9999991142019","13.0085110759919","-3.77645062444756","10"
"Poahaku","60","2","1","0","0","0","0","2.57973027229309","0","39.9794807434082","44.6463775634766","0","0","505.785888671875","0","0","0","1516.77172851563","37.2767181396484","0","37.2767181396484","168.871780395508","511.617340087891","0","0.00825375225394964","0.05654027312994","0","0","84.1965255737305","0","1.15272963047028","0.00752784870564938","0","9","56","6","398","219","219","-1","0","57","0","18","0","10.3249931335449","0.100000001490116","0.0660948753356934","16","372","20460.0011243005","1023","20.000001099023","8.39403632889035","-1.93095680465458","10"
"Poahaku","60","2","2","0","0","0","0","1.87391722202301","0","70.7256622314453","33.5268707275391","0","0","493.508514404297","0","0","0","843.580810546875","122.791343688965","0","122.791343688965","219.985153198242","508.310485839844","0","0.0107519617304206","0.103584416210651","0","0","103.84464263916","0","2.21404361724854","0.0129409497603774","0","9","75","15","398","228","228","-1","0","76","0","27","0","7.86295461654663","0.150000005960464","0.0660948753356934","30","361","20460.0015061286","1023","20.0000014722665","5.95797755940272","-1.90497705714391","10"
"Poahaku","60","2","3","0","0","0","0","1.54235410690308","0","88.609977722168","29.2407131195068","0","0","487.185119628906","0","0","0","737.605895996094","174.136672973633","0","174.136672973633","243.644409179688","506.775848388672","0","0.0119083281606436","0.128444224596024","0","0","117.451225280762","0","2.76709222793579","0.0120533909648657","0","9","96","25","397","238","238","-1","0","97","0","37","0","7.00023221969604","0.200000002980232","0.0660948753356934","40","356","20460.0012607076","1023","20.0000012323632","5.31964852916693","-1.68058369052912","10"
"Poahaku","60","2","4","0","0","0","0","1.10277462005615","0","127.466194152832","23.5840435028076","0","0","472.050628662109","0","0","0","740.533752441406","252.047714233398","0","252.047714233398","286.477355957031","504.053070068359","0","0.0140018239617348","0.186649844050407","0","0","150.666900634766","0","4.14240884780884","0.0165230333805084","0","9","116","35","398","248","248","-1","0","117","0","47","0","5.70206308364868","0.25","0.0660948753356934","53","345","20460.0026925019","1023","20.0000026319667","4.30217228536169","-1.39989079828699","10"
"Poahaku","60","2","5","0","0","0","0","0.649339973926544","0","174.705154418945","19.6933155059814","50.3471336364746","0","450.994110107422","0","0","0","749.655578613281","343.586700439453","0","343.586700439453","325.037963867188","496.046600341797","0","0.0158865060657263","0.257571697235107","0","0","244.303939819336","0","5.84213781356812","0.0174982137978077","0","9","136","45","397","258","258","-1","0","137","0","57","0","4.65596866607666","0.300000011920929","0.0660948753356934","66","331","20460.0031323708","1023","20.000003061946","3.53613342692443","-1.11983523915223","10"
"Poahaku","60","2","6","0","0","0","0","0.415650129318237","0","212.51025390625","17.1182174682617","0","0","440.275756835938","0","0","0","780.52294921875","403.330841064453","0","403.330841064453","353.622039794922","499.954986572266","0","0.0172835811972618","0.314808964729309","0","0","229.277069091797","0","7.10391569137573","0.0164000559598207","0","9","155","54","397","267","267","-1","0","156","0","66","0","4.05838012695313","0.349999994039536","0.0660948753356934","77","322","20459.9981774","1023","19.9999982183773","3.147224149172","-0.911155977781126","10"
"Poahaku","60","2","7","0","0","0","0","0.250790596008301","0","197.360549926758","19.1065902709961","0","0","448.676422119141","0","0","0","645.28759765625","438.347137451172","0","438.347137451172","334.551910400391","500.998382568359","0","0.0163515117019415","0.282859951257706","0","0","216.107315063477","0","6.31485843658447","0.00932289473712444","0","9","175","64","396","277","277","-1","0","176","0","76","0","4.20815420150757","0.400000005960464","0.0660948753356934","82","320","20459.9988367233","1023","19.9999988628771","3.3139902718606","-0.894163929646966","10"
"Poahaku","60","2","8","0","0","0","0","0.0395331867039204","0","232.188705444336","15.7556486129761","0","0","436.438232421875","0","0","0","659.643615722656","505.650451660156","0","505.650451660156","359.021942138672","499.083557128906","0","0.0175475049763918","0.333549082279205","0","0","247.578414916992","0","7.43830299377441","0.00777408992871642","0","9","196","74","397","287","287","-1","0","197","0","86","0","3.77594590187073","0.449999988079071","0.0660948753356934","93","317","20459.9994484513","1023","19.9999994608517","3.0156350088627","-0.760310893008028","10"
"Poahaku","60","2","9","0","0","0","0","-0.185405120253563","0","272.507171630859","13.1893320083618","0","0","422.463562011719","0","0","0","687.338928222656","570.636108398438","0","570.636108398438","378.715850830078","497.571899414063","0","0.0185100603848696","0.39222040772438","0","0","285.337036132813","0","8.75492191314697","0.00592510774731636","0","9","216","84","396","297","297","-1","0","217","0","96","0","3.33948755264282","0.5","0.0660948753356934","102","316","20460.0008295838","1023","20.0000008109324","2.70496479906962","-0.634522753573201","10"
"Poahaku","60","3","0","0","0","0","0","-29.0562419891357","0","5.93555593490601","285.986175537109","0","0","519.722839355469","0","0","0","65.1144866943359","152.662567138672","0","152.662567138672","80.5145645141602","519.107055664063","0","0.00393521832302213","0.00994054414331913","0","0","291.328460693359","0","0.135924577713013","0.00285105244256556","0","9","128","6","400","254","254","-1","0","129","0","53","0","6.33595132827759","0.266666650772095","0.0881264954805374","40","377","20459.9993965081","1023","19.9999994100763","23.3205893321709","16.9846380038933","10"
"Poahaku","60","3","1","0","0","0","0","0","0","2.78217506408691","373.833404541016","0","0","638.173522949219","0","0","0","NaN","0","0","0","63.8173522949219","605.005981445313","0","0.00311912759207189","0.000830370001494884","0","0","375.800720214844","0","0.00847423076629639","0.314906686544418","0","9","134","9","400","257","257","-1","0","135","0","56","0","45","0.283333331346512","0.0881264954805374","26","378","20460.0005646229","1023","20.0000005519286","NaN","NaN","10"
"Poahaku","60","3","2","0","0","0","0","-0.42725881934166","0","2.16185259819031","290.548706054688","0","0","495.997589111328","0","0","0","NaN","0","0","0","49.5997619628906","470.119354248047","0","0.00242423079907894","0.000532491772901267","0","0","292.077331542969","0","0.00524785090237856","0.315473526716232","0","9","141","12","399","260","260","-1","0","142","0","59","0","45","0.300000011920929","0.0881264954805374","20","383","20459.9999231655","1023","19.999999924893","NaN","NaN","10"
"Poahaku","60","3","3","0","0","0","0","-27.0257453918457","0","7.66618537902832","262.357421875","0","0","519.022399902344","0","0","0","55.2173957824707","253.55793762207","0","253.55793762207","89.1938705444336","518.850219726563","0","0.00435942690819502","0.014000809751451","0","0","269.460876464844","0","0.19860166311264","0.0150889186188579","0","9","161","22","400","270","270","-1","0","162","0","69","0","4.65355348587036","0.349999994039536","0.0881264954805374","56","375","20459.9990830821","1023","19.9999991036971","18.1417909738004","13.48823748793","10"
"Poahaku","60","3","4","0","0","0","0","-3.30815124511719","0","53.3406448364258","78.7375259399414","0","0","503.937225341797","0","0","0","216.989990234375","337.957000732422","0","337.957000732422","169.606719970703","512.040893554688","0","0.00828967429697514","0.0733332857489586","0","0","131.660110473633","0","1.35696089267731","0.00370152294635773","0","9","181","32","399","280","280","-1","0","182","0","79","0","6.48445272445679","0.400000005960464","0.0881264954805374","69","359","20459.9980523471","1023","19.999998096136","6.49065073145942","0.00619800700263173","10"
"Poahaku","60","3","5","0","0","0","0","0","0","2.49710559844971","2029.34594726563","0","0","-451.960540771484","0","0","0","2.2600998878479","371.536224365234","0","371.536224365234","75.8347549438477","-430.820648193359","0","0.00370648829266429","0.000839709013234824","0","0","2030.23754882813","0","0.00898299552500248","0.32187408208847","0","9","201","42","400","290","290","-1","0","202","0","89","0","45","0.449999988079071","0.0881264954805374","42","400","20460.0012075949","1023","20.0000011804447","NaN","NaN","10"
"Poahaku","60","3","6","0","0","0","0","0","0","88.9989395141602","12700.015625","0","0","21680.283203125","0","0","0","NaN","0","0","0","2168.0283203125","20530.619140625","0","0.105964235961437","0.000960525940172374","0","0","12762.9482421875","0","2.72381925582886","0.322442620992661","0","6","220","51","398","299","299","-1","0","221","0","98","0","45","0.5","0.0881264954805374","51","398","20460.0004958418","1023","20.0000004846938","NaN","NaN","10"
"Poahaku","60","3","7","0","0","0","0","0","0","58.0673141479492","8265.177734375","0","0","14109.5400390625","0","0","0","NaN","0","0","0","1410.9541015625","13356.53125","0","0.0689615905284882","0.00102651526685804","0","0","8306.23828125","0","1.74723672866821","0.323440134525299","0","7","241","61","399","309","309","-1","0","242","0","108","0","45","0.550000011920929","0.0881264954805374","62","399","20459.9994105361","1023","19.999999423789","NaN","NaN","10"
"Poahaku","60","3","8","0","0","0","0","0","0","135.677749633789","19383.326171875","0","0","33089.40625","0","0","0","NaN","0","0","0","3308.94067382813","31357.8828125","0","0.16172730922699","0.000368145207175985","0","0","19479.265625","0","4.22394180297852","0.320296168327332","0","4","261","71","398","319","319","-1","0","262","0","118","0","45","0.600000023841858","0.0881264954805374","72","397","20459.9995488945","1023","19.9999995590366","NaN","NaN","10"
"Poahaku","60","3","9","0","0","0","0","-29.0562419891357","0","196.432266235352","28080.30859375","0","0","47936.0859375","0","0","0","NaN","0","0","0","4793.6083984375","45448.390625","0","0.234291702508926","7.07375656929798E-05","0","0","28219.205078125","0","6.18447637557983","0.318964213132858","0","4","267","74","398","322","322","-1","0","268","0","121","0","45","0.616666674613953","0.0881264954805374","79","392","20460.0007046979","1023","20.0000006888542","NaN","NaN","10"
"Poahaku","75","0","0","0","0","0","0","2.07473516464233","0","48.6280097961426","34.4109382629395","5.85974168777466","0","508.232269287109","0","0","0","1017.38299560547","79.5620346069336","0","79.5620346069336","193.924545288086","508.672882080078","0","0.00947822909802198","0.0809450596570969","0","0","88.3987808227539","0","1.60661864280701","0.183016270399094","0","9","34","11","399","216","216","-1","0","35","0","15","0","8.85986995697021","0.0500000007450581","0.0220316238701344","31","392","20459.9976728307","1023","19.9999977251522","6.72445284046841","-2.13541711650181","10"
"Poahaku","75","0","1","0","0","0","0","1.27777469158173","0","129.76025390625","18.633487701416","0","0","469.029724121094","0","0","0","1069.24401855469","189.237533569336","0","189.237533569336","306.213317871094","503.590087890625","0","0.0149664375931025","0.202341094613075","0","0","148.016418457031","0","4.60108089447021","0.0895214974880219","0","9","44","14","398","219","219","-1","0","45","1","18","0","5.03710889816284","0.100000001490116","0.0220316238701344","37","363","20460.0003151196","1023","20.0000003080348","4.24183494714266","-0.795273951020183","10"
"Poahaku","75","0","2","0","0","0","0","0.985224604606628","0","189.030380249023","13.9360961914063","0","0","445.080413818359","0","0","0","1122.05969238281","262.406066894531","0","262.406066894531","363.537261962891","500.184600830078","0","0.017768194898963","0.294435292482376","0","0","202.612945556641","0","6.74793148040771","0.0727251991629601","0","9","62","22","397","227","227","-1","0","63","3","26","0","4.01463174819946","0.150000005960464","0.0220316238701344","54","353","20459.9996808966","1023","19.9999996880709","3.45971287533477","-0.554918872864693","10"
"Poahaku","75","0","3","0","0","0","0","0.96651703119278","0","191.93310546875","14.2252349853516","0","0","443.854614257813","0","0","0","1444.58361816406","206.021011352539","0","206.021011352539","361.993469238281","500.073547363281","0","0.0176927410066128","0.297614574432373","0","0","205.802917480469","0","6.83485794067383","0.0629324838519096","0","9","69","25","396","230","230","-1","0","70","2","29","0","3.97629547119141","0.16666667163372","0.0220316238701344","50","347","20459.9993354893","1023","19.9999993504294","3.40815778540052","-0.568137685790884","10"
"Poahaku","75","0","4","0","0","0","0","0.882808685302734","0","221.24870300293","12.6439723968506","0","0","431.809875488281","0","0","0","1306.18762207031","265.812164306641","0","265.812164306641","384.935363769531","498.813903808594","0","0.0188140459358692","0.34720054268837","0","0","233.549438476563","0","7.96512460708618","0.0611326694488525","0","9","76","29","397","234","234","-1","0","77","3","33","0","3.63259291648865","0.183333337306976","0.0220316238701344","64","346","20459.9991454069","1023","19.9999991646207","3.10625556536109","-0.526337351127556","10"
"Poahaku","75","1","0","0","0","0","0","2.53782773017883","0","37.3051643371582","40.7573204040527","3.97494077682495","0","508.100921630859","0","0","0","4085.01391601563","13.9910469055176","0","13.9910469055176","167.386138916016","510.31884765625","0","0.00818114168941975","0.05715361982584","0","0","81.52587890625","0","1.17354130744934","0.112068861722946","0","9","34","6","399","216","216","-1","0","35","0","15","0","10.2430257797241","0.0500000007450581","0.0440632477402687","23","387","20459.9975493014","1023","19.9999976044002","8.22976006943345","-2.01326571029067","10"
"Poahaku","75","1","1","0","0","0","0","2.0100405216217","0","84.5768508911133","25.5424289703369","0","0","487.593994140625","0","0","0","1914.59460449219","65.8752670288086","0","65.8752670288086","246.422409057617","506.787261962891","0","0.0120441047474742","0.126124441623688","0","0","109.713439941406","0","2.84962153434753","0.0720990225672722","0","9","45","9","398","219","219","-1","0","46","0","18","0","6.62544965744019","0.100000001490116","0.0440632477402687","30","365","20460.0021524468","1023","20.0000021040536","5.47974331524711","-1.14570634219307","10"
"Poahaku","75","1","2","0","0","0","0","1.28048372268677","0","130.202880859375","19.422306060791","0","0","468.353118896484","0","0","0","1940.38000488281","102.394920349121","0","102.394920349121","300.588256835938","503.402801513672","0","0.0146915083751082","0.198685064911842","0","0","149.240478515625","0","4.55780076980591","0.060638464987278","0","9","64","18","398","228","228","-1","0","65","0","27","0","5.12212514877319","0.150000005960464","0.0440632477402687","41","353","20459.9996924225","1023","19.9999996993378","4.24053229739981","-0.881592851373386","10"
"Poahaku","75","1","3","0","0","0","0","0.925037145614624","0","179.096618652344","15.9999494552612","0","0","449.160949707031","0","0","0","1796.93481445313","150.543991088867","0","150.543991088867","343.948181152344","500.765960693359","0","0.0168107636272907","0.270517736673355","0","0","194.73127746582","0","6.31685829162598","0.0534023120999336","0","9","85","28","397","238","238","-1","0","86","0","37","0","4.14972352981567","0.200000002980232","0.0440632477402687","52","342","20459.9974622197","1023","19.9999975192764","3.56282297804741","-0.586900551768261","10"
"Poahaku","75","1","4","0","0","0","0","0.524939000606537","0","222.267288208008","14.0492839813232","0","0","432.588043212891","0","0","0","1822.70263671875","184.929428100586","0","184.929428100586","374.890563964844","499.016387939453","0","0.0183230955153704","0.337071359157562","0","0","235.969757080078","0","7.87021446228027","0.049554381519556","0","9","105","38","398","248","248","-1","0","106","0","47","0","3.51988577842712","0.25","0.0440632477402687","64","337","20460.0016220167","1023","20.000001585549","3.11611695904092","-0.403768819386203","10"
"Poahaku","75","1","5","0","0","0","0","0.00954979378730059","0","233.041809082031","14.6301832199097","0","0","429.80224609375","0","0","0","1898.15100097656","181.05891418457","0","181.05891418457","375.297027587891","498.880432128906","0","0.0183429643511772","0.343677163124084","0","0","247.330810546875","0","8.12513065338135","0.0415824614465237","0","9","125","48","397","258","258","-1","0","126","0","57","0","3.35040092468262","0.300000011920929","0.0440632477402687","71","328","20459.9987440855","1023","19.9999987723221","3.05948192500017","-0.290918999682443","10"
"Poahaku","75","1","6","0","0","0","0","-0.117702022194862","0","326.786010742188","10.8063802719116","0","0","395.534912109375","0","0","0","1934.46203613281","252.495727539063","0","252.495727539063","424.618530273438","495.950469970703","0","0.0207535922527313","0.488443434238434","0","0","337.274261474609","0","11.3802042007446","0.0345414206385612","0","9","145","58","398","268","268","-1","0","146","1","67","0","2.63761711120605","0.349999994039536","0.0440632477402687","87","317","20460.0015796087","1023","20.0000015440945","2.43518762709304","-0.202429484113012","10"
"Poahaku","75","1","7","0","0","0","0","-0.411861538887024","0","361.860260009766","9.63197231292725","0","0","384.320556640625","0","0","0","1953.31909179688","273.751892089844","0","273.751892089844","436.351440429688","494.884765625","0","0.0213270504027605","0.534724771976471","0","0","371.177307128906","0","12.4387063980103","0.0303633790463209","0","9","165","68","397","278","278","-1","0","166","0","77","0","2.37352418899536","0.400000005960464","0.0440632477402687","95","307","20459.9994930948","1023","19.9999995044915","2.28580044303073","-0.087723745964627","10"
"Poahaku","75","1","8","0","0","0","0","-0.681944787502289","0","404.844451904297","8.63657379150391","172.569839477539","0","369.365051269531","0","0","0","2039.71166992188","294.780975341797","0","294.780975341797","437.798950195313","496.105712890625","0","0.0213977973908186","0.601268231868744","0","0","585.746765136719","0","13.9826927185059","0.0239657182246447","0","9","185","78","398","288","288","-1","0","186","0","87","0","2.16744828224182","0.449999988079071","0.0440632477402687","102","306","20460.0007280733","1023","20.0000007117041","2.03945996978153","-0.127988312460294","10"
"Poahaku","75","1","9","0","0","0","0","-0.711430251598358","0","471.502166748047","7.26730632781982","192.346466064453","0","340.183349609375","0","0","0","1979.67150878906","356.528503417969","0","356.528503417969","445.439636230469","492.995269775391","0","0.0217712447047234","0.70580929517746","0","0","670.839416503906","0","16.731840133667","0.0201342776417732","0","9","205","88","397","298","298","-1","0","206","0","97","0","1.83152759075165","0.5","0.0440632477402687","111","310","20459.9986023688","1023","19.9999986337916","1.7676138503136","-0.0639137404380479","10"
"Poahaku","75","2","0","0","0","0","0","2.34605407714844","0","11.4681711196899","88.6491470336914","0","0","519.059814453125","0","0","0","187.144653320313","106.674407958984","0","106.674407958984","95.0776596069336","516.801574707031","0","0.00464700255542994","0.0199635457247496","0","0","99.6591644287109","0","0.303326696157455","0.0915086567401886","0","9","35","4","400","217","217","-1","0","36","0","16","0","17.4685287475586","0.0500000007450581","0.0660948753356934","10","395","20459.9972719699","1023","19.9999973333039","13.4604684532907","-4.00806029426787","10"
"Poahaku","75","2","1","0","0","0","0","1.61879658699036","0","41.076904296875","44.8987655639648","0","0","506.031921386719","0","0","0","1367.54357910156","42.209358215332","0","42.209358215332","170.625213623047","511.528869628906","0","0.00833945348858833","0.0577231347560883","0","0","85.5474395751953","0","1.19262063503265","0.0527871251106262","0","9","47","7","399","220","220","-1","0","48","0","19","0","9.52311611175537","0.100000001490116","0.0660948753356934","17","372","20459.9994300022","1023","19.9999994428174","8.30678178765078","-1.21633432410459","10"
"Poahaku","75","2","2","0","0","0","0","1.10906183719635","0","70.8063735961914","33.5125465393066","0","0","494.252380371094","0","0","0","15369.556640625","6.64066028594971","0","6.64066028594971","219.933563232422","508.319091796875","0","0.0107494406402111","0.102063998579979","0","0","103.90983581543","0","2.19477820396423","0.0487629473209381","0","9","68","17","400","230","230","-1","0","69","0","29","0","7.21747541427612","0.150000005960464","0.0660948753356934","32","364","20460.0007194516","1023","20.0000007032763","6.0456371360375","-1.17183827823863","10"
"Poahaku","75","2","3","0","0","0","0","0.745782911777496","0","106.214828491211","26.7637672424316","0","0","480.5234375","0","0","0","3370.29125976563","44.5734939575195","0","44.5734939575195","264.150268554688","505.501281738281","0","0.0129105700179935","0.150225654244423","0","0","132.586517333984","0","3.41088533401489","0.0443211235105991","0","9","87","26","398","239","239","-1","0","88","0","38","0","5.76232004165649","0.200000002980232","0.0660948753356934","43","352","20460.000463693","1023","20.0000004532679","4.93014848452358","-0.832171557132915","10"
"Poahaku","75","2","4","0","0","0","0","0.307631283998489","0","142.205978393555","22.602258682251","0","0","466.863464355469","0","0","0","2263.00756835938","88.5112609863281","0","88.5112609863281","299.637908935547","503.285522460938","0","0.0146450586616993","0.20030166208744","0","0","164.430450439453","0","4.65533399581909","0.0418430119752884","0","9","107","36","399","249","249","-1","0","108","0","48","0","4.78521537780762","0.25","0.0660948753356934","55","343","20460.0005952301","1023","20.0000005818476","4.19292328615687","-0.592292091650745","10"
"Poahaku","75","2","5","0","0","0","0","-0.0176358073949814","0","179.617904663086","19.5391387939453","0","0","452.876556396484","0","0","0","2124.82666015625","120.33716583252","0","120.33716583252","329.500366210938","501.407623291016","0","0.0161046124994755","0.25569561123848","0","0","198.792129516602","0","5.94742345809937","0.0380371250212193","0","9","127","46","398","259","259","-1","0","128","0","58","0","4.041672706604","0.300000011920929","0.0660948753356934","67","333","20459.9996567238","1023","19.9999996644416","3.61108058673185","-0.430592119872157","10"
"Poahaku","75","2","6","0","0","0","0","-0.249609053134918","0","192.808700561523","19.1087646484375","0","0","449.076965332031","0","0","0","1989.16101074219","138.390762329102","0","138.390762329102","335.925659179688","500.914794921875","0","0.0164186526089907","0.275281518697739","0","0","211.555084228516","0","6.29391622543335","0.0334794372320175","0","9","147","56","399","269","269","-1","0","148","0","68","0","3.75447082519531","0.349999994039536","0.0660948753356934","76","327","20460.0016322739","1023","20.0000015955757","3.41932931325515","-0.335141511940161","10"
"Poahaku","75","2","7","0","0","0","0","-0.378217846155167","0","179.770309448242","20.7759552001953","0","0","456.460968017578","0","0","0","1756.48913574219","144.770584106445","0","144.770584106445","319.817779541016","501.794189453125","0","0.0156313665211201","0.254287958145142","0","0","200.176712036133","0","5.59417200088501","0.0275814663618803","0","9","167","66","398","279","279","-1","0","168","0","78","0","3.82070827484131","0.400000005960464","0.0660948753356934","82","324","20460.0013126747","1023","20.000001283162","3.52425784683632","-0.296450428004987","10"
"Poahaku","75","2","8","0","0","0","0","-0.671973705291748","0","252.914886474609","13.9957599639893","140.810119628906","0","426.974578857422","0","0","0","1774.39624023438","204.182250976563","0","204.182250976563","368.645080566406","492.366729736328","0","0.0180178433656693","0.362300217151642","0","0","407.328308105469","0","8.0566291809082","0.0230393391102552","0","9","187","76","399","289","289","-1","0","188","0","88","0","3.07922959327698","0.449999988079071","0.0660948753356934","95","312","20460.00029442","1023","20.0000002878006","2.85059832884629","-0.228631264430684","10"
"Poahaku","75","2","9","0","0","0","0","-0.919233858585358","0","323.610961914063","11.2081661224365","298.791137695313","0","402.276062011719","0","0","0","1762.42260742188","264.350738525391","0","264.350738525391","391.951507568359","490.672546386719","0","0.0191569644957781","0.465897709131241","0","0","633.255920410156","0","10.4282865524292","0.0176856052130461","0","9","207","86","398","299","299","-1","0","208","0","98","0","2.52843165397644","0.5","0.0660948753356934","103","314","20460.0007300081","1023","20.0000007135954","2.35657463106368","-0.171857022912761","10"
"Poahaku","75","3","0","0","0","0","0","-3.54939270019531","0","25.571985244751","109.779632568359","0","0","512.973083496094","0","0","0","1646.21472167969","22.5370712280273","0","22.5370712280273","127.275001525879","515.367553710938","0","0.00622067507356405","0.0371008589863777","0","0","134.928466796875","0","0.64118492603302","0.0274089630693197","0","9","116","6","400","254","254","-1","0","117","0","53","0","7.92253112792969","0.266666650772095","0.0881264954805374","42","371","20459.9983154173","1023","19.9999983532916","9.65233496189154","1.72980383396185","10"
"Poahaku","75","3","1","0","0","0","0","0","0","1.43117594718933","187.578155517578","0","0","320.215942382813","0","0","0","NaN","0","0","0","32.0215911865234","317.133972167969","0","0.00156508269719779","2.15238087548641E-05","0","0","188.590148925781","0","0.000136604619910941","0.113983608782291","0","9","123","9","400","257","257","-1","0","124","4","56","0","45","0.283333331346512","0.0881264954805374","27","389","20459.9994900311","1023","19.9999995014967","NaN","NaN","10"
"Poahaku","75","3","2","0","0","0","0","-0.946962416172028","0","1.01753461360931","134.324829101563","0","0","229.306823730469","0","0","0","NaN","0","0","0","22.9306793212891","227.093032836914","0","0.00112075661309063","1.80887927854201E-05","0","0","135.044342041016","0","0.000104111764812842","0.114443942904472","0","9","129","12","399","260","260","-1","0","130","5","59","0","45","0.300000011920929","0.0881264954805374","24","392","20459.9991233196","1023","19.9999991430299","NaN","NaN","10"
"Poahaku","75","3","3","0","0","0","0","-4.42046165466309","0","46.8410797119141","83.6197204589844","0","0","506.054626464844","0","0","0","2723.8427734375","23.9157257080078","0","23.9157257080078","161.869247436523","512.663452148438","0","0.00791149772703648","0.0651426762342453","0","0","130.042129516602","0","1.19779121875763","0.0289592277258635","0","9","149","22","400","270","270","-1","0","150","0","69","0","6.33882093429565","0.349999994039536","0.0881264954805374","59","364","20460.0004981809","1023","20.0000004869804","6.97572238497956","0.636901450683903","10"
"Poahaku","75","3","4","0","0","0","0","-4.50283575057983","0","60.1465263366699","77.0669097900391","0","0","501.743225097656","0","0","0","1518.97875976563","55.1621932983398","0","55.1621932983398","176.953918457031","511.566009521484","0","0.00864877551794052","0.083790197968483","0","0","136.798492431641","0","1.57156848907471","0.0282748155295849","0","9","169","32","399","280","280","-1","0","170","0","79","0","5.48364496231079","0.400000005960464","0.0881264954805374","70","357","20459.9966885449","1023","19.999996762996","5.92458918150202","0.440944219191225","10"
"Poahaku","75","3","5","0","0","0","0","0","0","3.52765512466431","2604.48657226563","1.12443149089813","0","-514.948547363281","0","0","0","18.81028175354","59.4790153503418","0","59.4790153503418","102.83650970459","-514.302978515625","0","0.00502622174099088","0.00111881701741368","0","0","2606.8671875","0","0.0122597571462393","0.126512914896011","0","9","189","42","400","290","290","-1","0","190","0","89","0","45","0.449999988079071","0.0881264954805374","43","389","20460.0025633403","1023","20.0000025057089","NaN","NaN","10"
"Poahaku","75","3","6","0","0","0","0","0","0","87.9786987304688","12345.208984375","0","0","21074.58984375","0","0","0","NaN","0","0","0","2107.45874023438","20875.462890625","0","0.103003844618797","0.000960538221988827","0","0","12407.4189453125","0","2.65959763526917","0.124870330095291","0","6","210","52","399","300","300","-1","0","211","0","99","0","45","0.5","0.0881264954805374","52","399","20460.0007702021","1023","20.0000007528858","NaN","NaN","10"
"Poahaku","75","3","7","0","0","0","0","0","0","59.1424217224121","8295.59375","0","0","14161.462890625","0","0","0","NaN","0","0","0","1416.14624023438","14025.583984375","0","0.0692153573036194","0.000995961250737309","0","0","8337.4140625","0","1.74345421791077","0.125787019729614","0","7","230","62","400","310","310","-1","0","231","0","109","0","45","0.550000011920929","0.0881264954805374","63","399","20460.0004305738","1023","20.0000004208933","NaN","NaN","10"
"Poahaku","75","3","8","0","0","0","0","0","0","253.988952636719","35752.53125","0","0","61033.3828125","0","0","0","NaN","0","0","0","6103.3388671875","60499.7421875","0","0.2983058989048","0.00117492000572383","0","0","35932.12890625","0","8.00358867645264","0.119553163647652","0","2","250","72","399","320","320","-1","0","251","0","119","0","45","0.600000023841858","0.0881264954805374","73","378","20460.0005886417","1023","20.0000005754073","NaN","NaN","10"
"Poahaku","75","3","9","0","0","0","0","0","0","9.39943218231201","5574.96923828125","0","0","516.588989257813","0","0","0","35.5556526184082","156.677429199219","0","156.677429199219","306.025268554688","505.040954589844","0","0.0149572491645813","0.0055707679130137","0","0","5577.1728515625","0","0.0677554532885551","0.111669905483723","0","9","256","75","399","323","323","-1","0","257","0","122","0","38.5195121765137","0.616666674613953","0.0881264954805374","104","363","20459.9967004196","1023","19.9999967746037","NaN","NaN","10"
"Poahaku","90","0","0","0","0","0","0","1.78469038009644","0","31.1918449401855","44.7971534729004","0","0","522.950012207031","0","0","0","4764.90283203125","12.0234460830688","0","12.0234460830688","158.504104614258","512.951538085938","0","0.00774702476337552","0.0572905503213406","0","0","75.5507965087891","0","1.00715386867523","0.240495905280113","0","9","33","7","400","217","217","-1","0","34","0","16","0","10.3177251815796","0.0500000007450581","0.0440632477402687","28","393","20459.9971544682","1023","19.999997218444","7.77153973062223","-2.54618545095736","10"
"Poahaku","90","0","1","0","0","0","0","1.78469038009644","0","80.7160949707031","10110.5517578125","0","0","17259.791015625","0","0","0","NaN","0","0","0","1725.97912597656","16322.791015625","0","0.0843587070703506","0.123734205961227","0","0","10167.626953125","0","2.73408722877502","0.326238363981247","0","9","40","11","400","221","221","-1","0","41","0","20","0","45","0.100000001490116","0.0440632477402687","30","362","20459.999754823","1023","19.9999997603353","NaN","NaN","10"
"Poahaku","90","0","2","0","0","0","0","0.457098573446274","0","127.676010131836","19.6271591186523","0","0","469.833679199219","0","0","0","15337.876953125","12.7773962020874","0","12.7773962020874","300.530822753906","503.714233398438","0","0.0146886995062232","0.195978134870529","0","0","146.924026489258","0","4.51107692718506","0.0855138003826141","0","9","59","20","400","230","230","-1","0","60","0","29","0","4.36121273040771","0.150000005960464","0.0440632477402687","43","356","20460.0021007019","1023","20.0000020534721","4.29839006722984","-0.0628226631778759","10"
"Poahaku","90","0","3","0","0","0","0","0.0550808049738407","0","175.099517822266","16.1714611053467","0","0","450.358367919922","0","0","0","21293.05859375","12.7045049667358","0","12.7045049667358","342.835357666016","501.046630859375","0","0.0167563706636429","0.270517766475677","0","0","190.9091796875","0","6.25832509994507","0.0702247992157936","0","9","81","31","400","241","241","-1","0","82","0","40","0","3.39509844779968","0.200000002980232","0.0440632477402687","55","345","20460.0008288121","1023","20.000000810178","3.55127989298316","0.156181445183473","10"
"Poahaku","90","0","4","0","0","0","0","-0.282294601202011","0","230.566162109375","13.3606472015381","0","0","429.531311035156","0","0","0","14853.09765625","24.1656188964844","0","24.1656188964844","383.360778808594","498.611053466797","0","0.0187370907515287","0.358934313058853","0","0","243.584442138672","0","8.18093299865723","0.0608621165156364","0","9","99","40","400","250","250","-1","0","100","0","49","0","2.63037371635437","0.25","0.0440632477402687","66","331","20459.994771457","1023","19.9999948890098","2.99231477574722","0.361941059392849","10"
"Poahaku","90","0","5","0","0","0","0","-0.527339458465576","0","279.417419433594","11.265154838562","0","0","411.958068847656","0","0","0","17641.380859375","24.6524810791016","0","24.6524810791016","412.341430664063","496.667663574219","0","0.0201535411179066","0.434903800487518","0","0","290.351165771484","0","9.80606269836426","0.0494202636182308","0","9","119","50","399","260","260","-1","0","120","1","59","0","2.19190812110901","0.300000011920929","0.0440632477402687","77","318","20459.998977435","1023","19.9999990004252","2.65605060766329","0.464142486554277","10"
"Poahaku","90","0","6","0","0","0","0","-0.765504419803619","0","312.148468017578","10.1933746337891","0","0","402.154174804688","0","0","0","1415709.5","0.337423771619797","0","0.337423771619797","428.382598876953","495.402679443359","0","0.0209375657141209","0.477694034576416","0","0","322.014495849609","0","10.7078380584717","0.0435529947280884","0","9","139","60","400","270","270","-1","0","140","0","69","0","1.95846259593964","0.349999994039536","0.0440632477402687","85","306","20460.0002085266","1023","20.0000002038384","2.51210709878063","0.553644502840993","10"
"Poahaku","90","0","7","0","0","0","0","-1.03418290615082","0","356.544738769531","8.76644325256348","0","0","384.522705078125","0","0","0","44012.47265625","12.4737863540649","0","12.4737863540649","446.848571777344","494.034759521484","0","0.0218401085585356","0.549002170562744","0","0","364.99609375","0","12.3829774856567","0.0356975607573986","0","9","161","71","400","281","281","-1","0","162","0","80","0","1.73837196826935","0.400000005960464","0.0440632477402687","95","301","20459.9977412981","1023","19.9999977920803","2.27991140925416","0.541539440984807","10"
"Poahaku","90","0","8","0","0","0","0","-1.04900932312012","0","429.899047851563","7.22441244125366","125.761276245117","0","359.383056640625","0","0","0","50325.8359375","13.1701278686523","0","13.1701278686523","452.798004150391","499.196044921875","0","0.0221308879554272","0.662797689437866","0","0","562.566589355469","0","15.1359910964966","0.0291743539273739","0","9","179","80","400","290","290","-1","0","180","0","89","0","1.4628289937973","0.449999988079071","0.0440632477402687","103","304","20460.0016529997","1023","20.0000016158355","1.91346804969183","0.450639055894531","10"
"Poahaku","90","0","9","0","0","0","0","-1.12530136108398","0","471.857849121094","6.45640563964844","307.65673828125","0","331.239715576172","0","0","0","53218.73046875","13.5703287124634","0","13.5703287124634","444.684875488281","489.596160888672","0","0.0217343531548977","0.722195684909821","0","0","785.6748046875","0","17.4567985534668","0.0246065966784954","0","9","199","90","399","300","300","-1","0","200","0","99","0","1.40074801445007","0.5","0.0440632477402687","106","304","20460.0004572979","1023","20.0000004470165","1.72456692422117","0.323818909771095","10"
"Poahaku","90","1","0","0","0","0","0","1.52801156044006","0","17.5620212554932","64.5443496704102","0","0","519.657409667969","0","0","0","242.016174316406","126.45972442627","0","126.45972442627","116.347122192383","515.2568359375","0","0.00568656483665109","0.0306052975356579","0","0","81.6512832641602","0","0.481676697731018","0.143369257450104","0","9","35","5","400","218","218","-1","0","36","0","17","0","13.648021697998","0.0666666701436043","0.0660948753356934","13","389","20460.0009908445","1023","20.0000009685675","10.7079688728632","-2.94005282513486","10"
"Poahaku","90","1","1","0","0","0","0","1.30565989017487","0","29.1860256195068","53.9526023864746","0","0","512.941711425781","0","0","0","375.153381347656","117.10375213623","0","117.10375213623","146.009140014648","513.214782714844","0","0.0071363216266036","0.0439318716526031","0","0","82.6965179443359","0","0.830735146999359","0.110704235732555","0","9","37","6","400","219","219","-1","0","38","0","18","0","10.3761739730835","0.0833333358168602","0.0660948753356934","15","380","20459.9999347477","1023","19.9999999362148","9.34858921085583","-1.02758476222767","10"
"Poahaku","90","1","2","0","0","0","0","1.73425281047821","0","35.3682708740234","4291.29736328125","0","0","7325.7021484375","0","0","0","NaN","0","0","0","732.570129394531","7183.59375","0","0.0358049906790257","0.0516009889543056","0","0","4316.30615234375","0","0.981660902500153","0.18675921857357","0","9","40","8","400","221","221","-1","0","41","0","20","0","45","0.100000001490116","0.0660948753356934","14","363","20460.0005614208","1023","20.0000005487984","NaN","NaN","10"
"Poahaku","90","1","3","0","0","0","0","0.365758866071701","0","65.1602554321289","34.8863983154297","0","0","497.274597167969","0","0","0","864.449951171875","111.347549438477","0","111.347549438477","211.99348449707","508.890655517578","0","0.0103613631799817","0.0962543860077858","0","0","99.634391784668","0","2.02020025253296","0.079533226788044","0","9","59","17","400","230","230","-1","0","60","0","29","0","6.65040636062622","0.150000005960464","0.0660948753356934","31","364","20459.9994049668","1023","19.9999994183448","6.17961380984663","-0.47079255077959","10"
"Poahaku","90","1","4","0","0","0","0","-0.151523977518082","0","101.205825805664","26.4760131835938","0","0","482.614715576172","0","0","0","1634.88317871094","91.8876876831055","0","91.8876876831055","260.340606689453","505.769775390625","0","0.0127243716269732","0.150225639343262","0","0","127.286735534668","0","3.28740954399109","0.0702308192849159","0","9","81","28","400","241","241","-1","0","82","0","40","0","5.04116773605347","0.200000002980232","0.0660948753356934","45","354","20459.9971080366","1023","19.9999971730563","4.85887357895046","-0.182294157103011","10"
"Poahaku","90","1","5","0","0","0","0","-0.501061260700226","0","135.072799682617","22.2850933074951","0","0","469.33349609375","0","0","0","2451.83813476563","82.4500732421875","0","82.4500732421875","295.727996826172","503.515441894531","0","0.0144539596512914","0.202154234051704","0","0","156.976348876953","0","4.46964454650879","0.0619432032108307","0","9","99","37","400","250","250","-1","0","100","0","49","0","4.05911159515381","0.25","0.0660948753356934","56","343","20459.9987796251","1023","19.9999988070627","4.10012746387221","0.0410158687184028","10"
"Poahaku","90","1","6","0","0","0","0","-0.746215105056763","0","159.18278503418","20.6806449890137","0","0","461.162231445313","0","0","0","2438.4140625","96.8499984741211","0","96.8499984741211","315.115203857422","502.224487304688","0","0.0154015244916081","0.236160397529602","0","0","179.488845825195","0","5.19805288314819","0.0544894300401211","0","9","119","47","399","260","260","-1","0","120","0","59","0","3.50689435005188","0.300000011920929","0.0660948753356934","66","334","20460.0008284322","1023","20.0000008098067","3.73927673154577","0.232382381493895","10"
"Poahaku","90","1","7","0","0","0","0","-0.865518748760223","0","166.273559570313","21.1039600372314","0","0","460.274505615234","0","0","0","1957.20336914063","124.591781616211","0","124.591781616211","316.072937011719","502.046508789063","0","0.0154483327642083","0.243851453065872","0","0","187.002639770508","0","5.26248168945313","0.0480945222079754","0","9","139","57","400","270","270","-1","0","140","0","69","0","3.33001494407654","0.349999994039536","0.0660948753356934","74","327","20460.0031495966","1023","20.0000030787846","3.63220059687435","0.302185652797817","10"
"Poahaku","90","1","8","0","0","0","0","-1.01068818569183","0","180.508224487305","18.2626056671143","0","0","456.426483154297","0","0","0","1910.24194335938","139.095458984375","0","139.095458984375","329.263793945313","501.059387207031","0","0.0160930491983891","0.265705972909927","0","0","198.396530151367","0","5.57867670059204","0.0392208062112331","0","9","161","68","400","281","281","-1","0","162","0","80","0","3.11248779296875","0.400000005960464","0.0660948753356934","83","316","20460.0004564873","1023","20.0000004462241","3.47236625224658","0.359878459277825","10"
"Poahaku","90","1","9","0","0","0","0","-1.14622390270233","0","225.947875976563","14.2412624359131","264.490295410156","0","442.261749267578","0","0","0","2542.58862304688","128.216445922852","0","128.216445922852","353.291473388672","495.993011474609","0","0.0172674227505922","0.326001673936844","0","0","504.213348388672","0","6.72453212738037","0.0314613208174706","0","9","179","77","400","290","290","-1","0","180","0","89","0","2.87068319320679","0.449999988079071","0.0660948753356934","88","308","20460.000226528","1023","20.000000221435","3.03622254632602","0.165539353119229","10"
"Poahaku","90","1","10","0","0","0","0","-1.28029072284698","0","252.406234741211","12.942214012146","158.560836791992","0","434.642578125","0","0","0","3084.04345703125","117.276214599609","0","117.276214599609","377.166687011719","497.870056152344","0","0.0184343457221985","0.361684948205948","0","0","423.536315917969","0","7.57100343704224","0.026797940954566","0","9","199","87","399","300","300","-1","0","200","0","99","0","2.48538374900818","0.5","0.0660948753356934","94","313","20459.9985643937","1023","19.9999985966703","2.92151514173665","0.436131392728475","10"
"Poahaku","90","1","11","0","0","0","0","-1.40096044540405","0","296.076324462891","11.3131999969482","173.010375976563","0","416.023193359375","0","0","0","4666.3974609375","91.8502578735352","0","91.8502578735352","398.128021240234","496.014739990234","0","0.0194588452577591","0.428609818220139","0","0","480.048278808594","0","9.33120059967041","0.0248990543186665","0","9","207","91","400","304","304","-1","0","208","0","103","0","2.066575050354","0.516666650772095","0.0660948753356934","98","314","20460.0024290487","1023","20.0000023744367","2.60211744207986","0.535542391725856","10"
"Poahaku","90","2","0","0","0","0","0","-4.53199195861816","0","24.9325046539307","109.461242675781","0","0","513.951721191406","0","0","0","172.757781982422","214.756500244141","0","214.756500244141","126.664848327637","515.495422363281","0","0.00619085319340229","0.0371008589863777","0","0","133.973907470703","0","0.629561603069305","0.0621033534407616","0","9","107","6","400","254","254","-1","0","108","0","53","0","7.05673503875732","0.266666650772095","0.0881264954805374","42","371","20459.9987062568","1023","19.9999987353439","9.60562264644926","2.54888760769193","10"
"Poahaku","90","2","1","0","0","0","0","-5.09414148330688","0","26.1934394836426","113.114143371582","0","0","513.550231933594","0","0","0","178.781661987305","216.51904296875","0","216.51904296875","128.345352172852","515.329772949219","0","0.00627298839390278","0.0387096330523491","0","0","138.879333496094","0","0.657889604568481","0.0610381700098515","0","9","113","9","400","257","257","-1","0","114","0","56","0","6.77435636520386","0.283333331346512","0.0881264954805374","45","371","20460.0015357275","1023","20.0000015011999","9.32604384328113","2.55168747807727","10"
"Poahaku","90","2","2","0","0","0","0","-5.17514276504517","0","27.9936389923096","117.045059204102","0","0","512.930480957031","0","0","0","189.458923339844","218.287963867188","0","218.287963867188","131.152450561523","515.11572265625","0","0.00641018850728869","0.0413566008210182","0","0","144.602478027344","0","0.703013181686401","0.059132307767868","0","9","119","12","399","260","260","-1","0","120","0","59","0","6.3403263092041","0.300000011920929","0.0881264954805374","48","369","20459.9990175635","1023","19.9999990396515","8.91667719627921","2.57635088707511","10"
"Poahaku","90","2","3","0","0","0","0","0","0","4.67827415466309","3631.14965820313","0","0","-639.856689453125","0","0","0","7.74596691131592","246.61491394043","0","246.61491394043","144.375747680664","-642.716003417969","0","0.0070564872585237","0.00191027100663632","0","0","3632.5595703125","0","0.021719217300415","0.0619400665163994","0","9","139","22","400","270","270","-1","0","140","0","69","0","45","0.349999994039536","0.0881264954805374","36","366","20460.0026034581","1023","20.0000025449249","NaN","NaN","10"
"Poahaku","90","2","4","0","0","0","0","-4.94347429275513","0","49.9605712890625","97.4229354858398","0","0","505.594482421875","0","0","0","315.194091796875","227.737640380859","0","227.737640380859","161.827392578125","512.698364257813","0","0.00790945254266262","0.0717815607786179","0","0","146.949356079102","0","1.29353225231171","0.0524546168744564","0","9","161","33","400","281","281","-1","0","162","0","80","0","4.79956102371216","0.400000005960464","0.0881264954805374","70","363","20459.9991851835","1023","19.999999203503","6.32614193195244","1.52658090824028","10"
"Poahaku","90","2","5","0","0","0","0","0","0","3.20691967010498","2623.48193359375","0","0","-611.18408203125","0","0","0","3.87959480285645","256.631774902344","0","256.631774902344","96.2419128417969","-612.849853515625","0","0.00470390683040023","0.000995627255178988","0","0","2624.70654296875","0","0.0108216628432274","0.0604596622288227","0","9","179","42","400","290","290","-1","0","180","0","89","0","45","0.449999988079071","0.0881264954805374","42","394","20459.9955551433","1023","19.9999956550765","NaN","NaN","10"
"Poahaku","90","2","6","0","0","0","0","0","0","28.5507774353027","3970.564453125","0","0","6778.17724609375","0","0","0","NaN","0","0","0","677.817687988281","6754.166015625","0","0.0331289172172546","0.00103087723255157","0","0","3990.75317382813","0","0.807717680931091","0.0594235770404339","0","8","199","52","399","300","300","-1","0","200","0","99","0","45","0.5","0.0881264954805374","52","393","20460.0012594209","1023","20.0000012311055","NaN","NaN","10"
"Poahaku","90","2","7","0","0","0","0","0","0","132.684356689453","18533.748046875","0","0","31639.0859375","0","0","0","NaN","0","0","0","3163.90869140625","31524.51953125","0","0.154638722538948","0.000368165143299848","0","0","18627.5703125","0","4.06029319763184","0.0624483115971088","0","5","219","62","400","310","310","-1","0","220","0","109","0","45","0.550000011920929","0.0881264954805374","63","388","20460.0027694187","1023","20.0000027071542","NaN","NaN","10"
"Poahaku","90","2","8","0","0","0","0","-4.53199195861816","0","244.266723632813","34157.19921875","0","0","58309.984375","0","0","0","NaN","0","0","0","5830.99853515625","58090.73046875","0","0.284995019435883","0.00104786129668355","0","0","34329.921875","0","7.62117671966553","0.0650649219751358","0","3","227","66","400","314","314","-1","0","228","0","113","0","45","0.566666662693024","0.0881264954805374","67","375","20460.0015351079","1023","20.0000015005942","NaN","NaN","10"
