"board","drift_deg","roll_case","element_index","boundary_layer_mm","Cl0_Savitsky","Cl0_theorique","Cv_Savitsky","delta_plan_horizontal_deg","deviation_rail_deg","Fx_friction_n","Fx_planing","Fx_rail_n","Fx_rocker","Fz_planing_n","lamda_Savitsky","laminar_boundary_layer_mm","laminar_turbulent_transition_mm","largeur_B_element_mm","longueur_calcul_largeur_element_mm","longueur_element_mm","longueur_mouillee_element_mm","masse_flux_devie_kg_sec_planing","portance_globale_verticale_n","pression_dynamique_B","section_frontale_flux_devie_m2_planing","surface_contact_m2","surface_coupe_partie_immergee_m2","surface_max_element_m2","trainee_globale_horizontale_n","volume_deplacement_litres","volume_litres","inclinaison_roulis_rad_ligne_attack","inclinaison_roulis_rad_ligne_surface","index_dernier_element_on_attack","index_L1_max","index_L1_min","index_L2_max","index_L2_min","index_nose","index_point_contact","index_point_decrochage","index_point_roulis_avant_dans_tab_index_axe_roulis","index_premier_element_on_attack","index_tail","point_attack_on_outline","incidence_deg_stored","pos_x","pos_y","attack_index_1","attack_index_2","rho_v_kg_m2_s","rho_kgm3","scan_speed_ms","incidence_deg_derived","incidence_deg_residual","n_sub_elements"
"default_paddle","0","0","0","0","0","0","0","5.32997894287109","0","7.21170282363892","115.434936523438","0","0","550.314758300781","0","0","0","135.920455932617","76.337028503418","0","76.337028503418","79.2070465087891","548.620788574219","0","0.00387131236493587","0.010375764220953","0","0","122.120094299316","0","0.205312147736549","-0.0619218312203884","0","8","199","1","393","201","200","-1","0","200","0","0","0","27.3280334472656","0.0166666675359011","0","8","391","20459.9988433382","1023","19.9999988693434","21.9076138207357","-5.42041962652994","10"
"default_paddle","0","0","1","0","0","0","0","5.23811388015747","0","26.42214012146","51.9230499267578","0","0","538.529541015625","0","0","0","250.883941650391","152.644287109375","0","152.644287109375","146.077514648438","544.855773925781","0","0.00713966367766261","0.0382959991693497","0","0","77.8755416870117","0","1.15515053272247","-0.0339523814618587","0","9","199","1","389","201","200","-1","0","200","0","0","0","15.8522901535034","0.0333333350718021","0","14","385","20459.9994122217","1023","19.9999994254366","10.7447296215725","-5.10756053193096","10"
"default_paddle","0","0","2","0","0","0","0","5.23811388015747","0","33.0074043273926","45.3581390380859","0","0","533.999572753906","0","0","0","308.657562255859","152.644287109375","0","152.644287109375","162.814346313477","544.102233886719","0","0.00795768946409225","0.0471148118376732","0","0","77.9057998657227","0","1.55364894866943","-0.000212919301702641","0","9","199","1","386","201","200","-1","0","200","0","0","0","14.5100831985474","0.0500000007450581","0","16","385","20460.00249798","1023","20.0000024418182","9.72386575897973","-4.78621743956763","10"
"default_paddle","0","0","3","0","0","0","0","4.71451568603516","0","99.8719787597656","20.4154891967773","0","0","471.414642333984","0","0","0","341.975158691406","457.554260253906","0","457.554260253906","275.057037353516","537.903381347656","0","0.0134436478838325","0.156472191214561","0","0","119.916946411133","0","7.48111009597778","-0.000291974429273978","0","9","199","1","379","201","200","-1","0","200","0","0","0","9.29054069519043","0.100000001490116","0","31","370","20460.0001227571","1023","20.0000001199972","4.92876781551499","-4.36177287967544","10"
"default_paddle","0","0","4","0","0","0","0","4.09003305435181","0","181.139404296875","10.1724157333374","0","0","368.1611328125","0","0","0","438.837921142578","685.751770019531","0","685.751770019531","335.722381591797","535.207824707031","0","0.0164087191224098","0.30093389749527","0","0","191.037979125977","0","17.635498046875","-0.0001985720009543","0","9","199","1","369","201","200","-1","0","200","0","0","0","6.91444063186646","0.150000005960464","0","48","353","20459.9992898466","1023","19.9999993058129","3.12565946811729","-3.78878116374916","10"
"default_paddle","0","0","5","0","0","0","0","3.49850988388062","0","271.006713867188","3.92764139175415","0","0","225.160934448242","0","0","0","473.2265625","989.849182128906","0","989.849182128906","326.798065185547","536.492126464844","0","0.0159725341945887","0.468422919511795","0","0","274.773223876953","0","31.9487361907959","-0.00013662532728631","0","9","199","1","359","201","200","-1","0","200","0","0","0","5.32434892654419","0.200000002980232","0","65","336","20460.0009744392","1023","20.000000952531","1.95408077582549","-3.3702681507187","10"
"default_paddle","0","0","6","0","0","0","0","3.1804940700531","0","364.048492431641","-0.551095008850098","0","0","66.3431549072266","0","0","0","535.556274414063","1217.8798828125","0","1217.8798828125","-204.936416625977","566.198486328125","0","-0.01001644320786","0.652243196964264","0","0","363.45263671875","0","49.2541694641113","-0.000104435785033274","0","9","199","1","350","201","200","-1","0","200","0","0","0","2.16687607765198","0.25","0","83","320","20459.9988611887","1023","19.9999988867925","-0.879920971716573","-3.04679704936855","10"
"default_paddle","0","0","7","0","0","0","0","2.84249877929688","0","465.206939697266","60451.203125","209.259567260742","0","116621.4375","0","0","0","562.682250976563","1521.8759765625","0","1521.8759765625","11723.955078125","116728.3359375","0","0.573018252849579","0.856332659721375","0","0","61020.359375","0","69.5856857299805","-1.8399008695269E-05","0","9","199","1","339","201","200","-1","0","200","0","0","0","45","0.300000011920929","0","100","301","20460.0028355512","1023","20.0000027717998","42.0017917774792","-2.99820822252082","10"
"default_paddle","0","0","8","0","0","0","0","2.59778451919556","0","562.383728027344","0.00916654989123344","-358.471038818359","0","5.96724843978882","0","0","0","609.10400390625","1749.80126953125","0","1749.80126953125","33.2294921875","565.550598144531","0","0.00162412005010992","1.06581091880798","0","0","1590.49938964844","0","91.0699920654297","-8.42987647047266E-05","0","9","199","1","330","201","200","-1","0","200","0","0","0","2.60351419448853","0.349999994039536","0","118","283","20459.9975138851","1023","19.9999975697802","0.0873093483365107","-2.51620484615201","10"
"default_paddle","0","0","9","0","0","0","0","2.2012734413147","0","663.031616210938","0.0330489687621593","198.610168457031","0","10.5226831436157","0","0","0","625.441040039063","2053.51782226563","0","2053.51782226563","87.2385177612305","560.920959472656","0","0.00426385691389441","1.2843542098999","0","0","1313.3828125","0","112.606559753418","-0.00216210377402604","0","9","199","1","319","201","200","-1","0","200","0","0","0","2.20700311660767","0.400000005960464","0","137","264","20460.0012436981","1023","20.0000012157362","0.19021344039737","-2.0167896762103","10"
"default_paddle","0","0","10","0","0","0","0","1.63057863712311","0","764.768310546875","119408.0390625","170.101470947266","0","214198.953125","0","0","0","637.665954589844","2356.9560546875","0","2356.9560546875","21442.173828125","214050.890625","0","1.04800474643707","1.50295054912567","0","0","120079.9921875","0","130.751815795898","-0.0223389267921448","0","8","199","1","310","201","200","-1","0","200","0","0","0","45","0.449999988079071","0","157","244","20459.9968664479","1023","19.9999969368992","44.2106368434798","-0.789363156520153","10"
"default_paddle","0","0","11","0","0","0","0","0.516053974628448","0","848.339721679688","142405.09375","-476.9375","0","246083.3125","0","0","0","632.277954101563","2736.11108398438","0","2736.11108398438","24612.53515625","245378.21875","0","1.20295870304108","1.7299827337265","0","0","143619.375","0","142.921264648438","-0.0905483514070511","0","7","199","1","299","201","200","-1","0","200","1","0","0","45","0.5","0","180","220","20460.0000765027","1023","20.0000000747827","44.0558156451264","-0.944184354873578","10"
"default_paddle","0","0","12","0","0","0","0","-0.1039929240942","0","882.942016601563","0.0560363568365574","-494.109649658203","0","17.6501388549805","0","0","0","624.878479003906","2888.00415039063","0","2888.00415039063","145.372863769531","574.718383789063","0","0.00710522243753076","1.80465161800385","0","0","1770.810546875","0","143.2021484375","-0.000974154798313975","0","6","199","1","296","201","200","-1","0","200","2","0","0","0.0057295779697597","0.516666650772095","0","185","215","20460.0017870872","1023","20.0000017469083","0.225583874874325","0.219854296904565","10"
"default_paddle","0","1","0","0","0","0","0","5.08462190628052","0","8.05322551727295","128.556716918945","0","0","617.138854980469","0","0","0","89.4357070922852","128.939117431641","0","128.939117431641","89.2476806640625","549.727294921875","0","0.00436205696314573","0.0115317609161139","0","0","136.028381347656","0","0.244015008211136","0.470949411392212","0","9","208","0","397","217","208","-1","0","216","0","7","0","27.0765342712402","0.0333333350718021","0.0252163149416447","10","390","20459.9988991663","1023","19.9999989239163","22.2262290651051","-4.85030520613514","10"
"default_paddle","0","1","1","0","0","0","0","4.88643074035645","0","22.3909568786621","59.8132095336914","0","0","555.369934082031","0","0","0","154.40266418457","203.272796630859","0","203.272796630859","136.321304321289","545.992126464844","0","0.00666281953454018","0.0313858576118946","0","0","81.7130966186523","0","0.922525107860565","0.225748330354691","0","9","208","0","394","217","208","-1","0","216","0","7","0","16.9937477111816","0.0500000007450581","0.0252163149416447","15","386","20460.0024981312","1023","20.0000024419659","12.2564272081375","-4.73732050304412","10"
"default_paddle","0","1","2","0","0","0","0","4.43287467956543","0","88.4188842773438","23.0694026947021","0","0","485.83154296875","0","0","0","321.846710205078","426.190216064453","0","426.190216064453","260.882629394531","538.772155761719","0","0.0127508603036404","0.137167930603027","0","0","111.102828979492","0","6.42908573150635","0.118808515369892","0","9","208","0","387","217","208","-1","0","216","0","7","0","9.63287162780762","0.100000001490116","0.0252163149416447","24","362","20460.002163152","1023","20.0000021145181","5.33380374817137","-4.29906787963624","10"
"default_paddle","0","1","3","0","0","0","0","3.88937449455261","0","165.573883056641","11.7956943511963","0","0","386.624267578125","0","0","0","374.889831542969","723.111328125","0","723.111328125","325.318389892578","535.793762207031","0","0.0159002132713795","0.27108708024025","0","0","177.080322265625","0","15.976752281189","0.0888087451457977","0","9","208","0","377","217","208","-1","0","216","0","7","0","7.13655567169189","0.150000005960464","0.0252163149416447","33","340","20460.0016578491","1023","20.0000016205758","3.36252934626363","-3.77402632542826","10"
"default_paddle","0","1","4","0","0","0","0","3.43681716918945","0","268.228332519531","4.08431434631348","118.937995910645","0","225.849655151367","0","0","0","445.896240234375","1019.79888916016","0","1019.79888916016","323.258636474609","528.419372558594","0","0.0157995410263538","0.454724490642548","0","0","391.015594482422","0","31.51291847229","0.0557971149682999","0","9","208","0","367","217","208","-1","0","216","0","7","0","5.31374740600586","0.200000002980232","0.0252163149416447","48","318","20460.0017136833","1023","20.0000016751548","1.9911600941","-3.32258731190585","10"
"default_paddle","0","1","5","0","0","0","0","3.16637825965881","0","354.148010253906","0.654617667198181","241.260604858398","0","68.6479187011719","0","0","0","505.443878173828","1242.24011230469","0","1242.24011230469","199.066879272461","540.966186523438","0","0.00972956418991089","0.627882599830627","0","0","596.011047363281","0","47.7737159729004","0.0430818237364292","0","9","208","0","358","217","208","-1","0","216","0","7","0","3.97372770309448","0.25","0.0252163149416447","58","296","20459.9995834227","1023","19.9999995927885","0.88788130691418","-3.0858463961803","10"
"default_paddle","0","1","6","0","0","0","0","2.8465371131897","0","431.072631835938","56716.67578125","27.2965698242188","0","108614.5390625","0","0","0","513.891235351563","1538.74035644531","0","1538.74035644531","10912.2412109375","73419.390625","0","0.533345103263855","0.790745198726654","0","0","57325.66796875","0","63.8840484619141","0.832855701446533","0","9","208","0","347","217","208","-1","0","216","0","7","0","45","0.300000011920929","0.0252163149416447","66","276","20460.0007465317","1023","20.0000007297475","42.4141053593269","-2.58589464067305","10"
"default_paddle","0","1","7","0","0","0","0","2.50284147262573","0","532.93212890625","74978.2578125","117.180267333984","0","140093.015625","0","0","0","542.996459960938","1835.09008789063","0","1835.09008789063","14054.6455078125","82206.1875","0","0.686932802200317","0.996447384357452","0","0","75628.0390625","0","84.0566101074219","0.946283340454102","0","8","208","0","338","217","208","-1","0","216","0","7","0","45","0.349999994039536","0.0252163149416447","75","252","20460.000545605","1023","20.0000005333383","43.581199647308","-1.41880035269204","10"
"default_paddle","0","1","8","0","0","0","0","2.05342674255371","0","613.8798828125","91312.1015625","235.134002685547","0","166745.25","0","0","0","553.77880859375","2131.21069335938","0","2131.21069335938","16712.302734375","80089.2109375","0","0.816827952861786","1.18021941184998","0","0","91925.8828125","0","100.767890930176","1.07166481018066","0","8","208","0","327","217","208","-1","0","216","0","7","0","45","0.400000005960464","0.0252163149416447","80","231","20460.0034509383","1023","20.0000033733512","43.7964492196314","-1.20355078036864","10"
"default_paddle","0","1","9","0","0","0","0","0.501161694526672","0","697.248291015625","113044.7890625","-306.478698730469","0","197801.8125","0","0","0","502.903930664063","2722.95849609375","0","2722.95849609375","19805.80078125","62400.34765625","0","0.96802544593811","1.36938655376434","0","0","113931.3125","0","114.202354431152","1.25235521793365","0","6","208","0","318","217","208","-1","0","216","0","7","0","45","0.449999988079071","0.0252163149416447","76","219","20460.0001625538","1023","20.0000001588992","44.9836085631047","-0.0163914368952618","10"
"default_paddle","0","2","0","0","0","0","0","4.55827188491821","0","24.504093170166","64.3668594360352","0","0","597.576904296875","0","0","0","112.59220123291","304.309875488281","0","304.309875488281","147.82112121582","545.990295410156","0","0.00722488388419151","0.0342629179358482","0","0","88.3446655273438","0","1.11491215229034","0.445129245519638","0","9","215","0","397","229","215","-1","0","228","0","14","0","16.2237815856934","0.0833333358168602","0.0504326298832893","16","375","20459.9995771921","1023","19.999999586698","12.1731056118171","-4.05067597387628","10"
"default_paddle","0","2","1","0","0","0","0","4.39088582992554","0","32.7098693847656","52.5915374755859","0","0","579.185913085938","0","0","0","123.811614990234","374.055877685547","0","374.055877685547","168.515930175781","544.6708984375","0","0.00823636073619127","0.0463124662637711","0","0","84.8029708862305","0","1.66995215415955","0.40154042840004","0","9","215","0","394","229","215","-1","0","228","0","14","0","14.1721725463867","0.100000001490116","0.0504326298832893","17","369","20459.9987267809","1023","19.9999987554065","10.2441627663895","-3.92800977999723","10"
"default_paddle","0","2","2","0","0","0","0","3.95801734924316","0","96.8712005615234","22.5099239349365","0","0","480.986724853516","0","0","0","255.079711914063","583.255310058594","0","583.255310058594","270.0234375","538.675476074219","0","0.0131976259872317","0.148776590824127","0","0","119.003440856934","0","7.6669340133667","0.21477547287941","0","9","215","0","384","229","215","-1","0","228","0","14","0","8.91037559509277","0.150000005960464","0.0504326298832893","25","347","20460.0007426517","1023","20.0000007259547","5.08926495263226","-3.82111064246052","10"
"default_paddle","0","2","3","0","0","0","0","3.62537956237793","0","142.935745239258","14.8604431152344","0","0","415.448425292969","0","0","0","291.079162597656","792.367431640625","0","792.367431640625","307.985534667969","537.075866699219","0","0.0150530552491546","0.230641663074493","0","0","157.484848022461","0","13.7859573364258","0.193091973662376","0","9","215","0","374","229","215","-1","0","228","0","14","0","7.28816270828247","0.200000002980232","0.0504326298832893","27","326","20460.001612315","1023","20.0000015760655","3.74212560863425","-3.54603709964822","10"
"default_paddle","0","2","4","0","0","0","0","3.05649375915527","0","287.157379150391","2.7984094619751","258.747375488281","0","172.257247924805","0","0","0","388.079803466797","1280.03833007813","0","1280.03833007813","285.329742431641","523.992370605469","0","0.013945734128356","0.496757000684738","0","0","548.467163085938","0","36.7037124633789","0.111278668045998","0","9","215","0","365","229","215","-1","0","228","0","14","0","4.74613285064697","0.25","0.0504326298832893","39","293","20460.0015894091","1023","20.0000015536746","1.6087074025106","-3.13742544813637","10"
"default_paddle","0","2","5","0","0","0","0","2.76828765869141","0","342.339385986328","45157.13671875","167.814544677734","0","85891.4609375","0","0","0","392.590789794922","1558.5595703125","0","1558.5595703125","8628.8525390625","34296.62890625","0","0.421742498874664","0.611876130104065","0","0","45670.28515625","0","48.33837890625","1.16443467140198","0","9","215","0","354","229","215","-1","0","228","0","14","0","45","0.300000011920929","0.0504326298832893","37","268","20460.0023997744","1023","20.0000023458206","43.5716576347853","-1.4283423652147","10"
"default_paddle","0","2","6","0","0","0","0","2.4332058429718","0","396.564361572266","55167.51171875","325.432037353516","0","102999.9296875","0","0","0","396.052001953125","1836.92761230469","0","1836.92761230469","10336.7646484375","33507.0703125","0","0.505218207836151","0.727518856525421","0","0","55690.8046875","0","58.8008995056152","1.24351024627686","0","8","215","0","345","229","215","-1","0","228","0","14","0","45","0.349999994039536","0.0504326298832893","36","248","20460.0002298212","1023","20.0000002246541","43.9826105311369","-1.01738946886314","10"
"default_paddle","0","2","7","0","0","0","0","1.5516996383667","0","466.866455078125","70430.9140625","-350.919616699219","0","126756.4140625","0","0","0","378.855285644531","2323.58471679688","0","2323.58471679688","12706.8134765625","33733.1015625","0","0.621056377887726","0.880302369594574","0","0","71150.2734375","0","71.9886245727539","1.30581641197205","0","7","215","0","334","229","215","-1","0","228","0","14","0","45","0.400000005960464","0.0504326298832893","37","234","20459.9999758148","1023","19.9999999763586","44.870234293868","-0.129765706131963","10"
"default_paddle","0","2","8","0","0","0","0","0.989875316619873","0","469.101654052734","71470.53125","-2.76355743408203","0","128339.0390625","0","0","0","356.0966796875","2532.0234375","0","2532.0234375","12861.05859375","27816.404296875","0","0.628595173358917","0.901645183563232","0","0","71952.859375","0","72.8944244384766","1.3562034368515","0","6","215","0","331","229","215","-1","0","228","0","14","0","45","0.416666686534882","0.0504326298832893","33","232","20460.0021425977","1023","20.0000020944259","44.1999687372699","-0.800031262730052","10"
"default_paddle","0","3","0","0","0","0","0","4.10739612579346","0","9.34698963165283","320.074645996094","0","0","1062.85815429688","0","0","0","28.7496967315674","441.591430664063","0","441.591430664063","128.129959106445","550.551391601563","0","0.00626246212050319","0.0126956198364496","0","0","328.303955078125","0","0.371099293231964","1.02789354324341","0","9","226","0","399","245","226","-1","0","244","0","25","0","31.394868850708","0.133333340287209","0.0756489485502243","14","377","20459.9974644078","1023","19.9999975214153","29.5562233162958","-1.83864553441217","10"
"default_paddle","0","3","1","0","0","0","0","4.10739612579346","0","7.14626312255859","743.191467285156","0","0","1370.64855957031","0","0","0","21.902458190918","441.591430664063","0","441.591430664063","139.673309326172","518.719177246094","0","0.00682665267959237","0.00967193860560656","0","0","748.4814453125","0","0.268185198307037","1.18337595462799","0","9","226","0","395","245","226","-1","0","244","0","25","0","45","0.150000005960464","0.0756489485502243","12","377","20459.9993410697","1023","19.9999993558844","44.8958747930582","-0.104125206941816","10"
"default_paddle","0","3","2","0","0","0","0","3.57180857658386","0","54.0700531005859","41.2708282470703","0","0","575.054809570313","0","0","0","115.515411376953","687.672302246094","0","687.672302246094","217.098510742188","542.679931640625","0","0.0106108756735921","0.0794367492198944","0","0","94.8689422607422","0","3.81215810775757","0.47791451215744","0","9","226","0","385","245","226","-1","0","244","0","25","0","10.8304738998413","0.200000002980232","0.0756489485502243","22","346","20459.9994779407","1023","19.9999994896781","7.67630858615437","-3.15416531368693","10"
"default_paddle","0","3","3","0","0","0","0","3.25971984863281","0","95.7124481201172","23.4332332611084","128.322311401367","0","491.856384277344","0","0","0","157.668823242188","933.744995117188","0","933.744995117188","273.990142822266","522.180114746094","0","0.0133915031328797","0.147222474217415","0","0","246.725936889648","0","8.83401107788086","0.415658801794052","0","9","226","0","376","245","226","-1","0","244","0","25","0","8.32917881011963","0.25","0.0756489485502243","24","321","20459.9991579397","1023","19.9999991768716","5.21889496827767","-3.11028384184196","10"
"default_paddle","0","3","4","0","0","0","0","2.70597410202026","0","227.011932373047","7.19862079620361","160.36198425293","0","258.166931152344","0","0","0","261.73193359375","1487.17626953125","0","1487.17626953125","281.138305664063","527.576049804688","0","0.0137408766895533","0.389241516590118","0","0","394.264831542969","0","28.9127922058105","0.233338832855225","0","9","226","0","365","245","226","-1","0","244","0","25","0","4.78480577468872","0.300000011920929","0.0756489485502243","35","287","20459.997714542","1023","19.9999977659257","2.02305718494042","-2.7617485897483","10"
"default_paddle","0","3","5","0","0","0","0","2.24989771842957","0","282.397491455078","3.12409949302673","0","0","159.203796386719","0","0","0","271.087188720703","1855.8466796875","0","1855.8466796875","100.651077270508","550.177001953125","0","0.00491940695792437","0.503096282482147","0","0","285.413940429688","0","39.3272171020508","0.125303044915199","0","8","226","0","356","245","226","-1","0","244","0","25","0","2.72104525566101","0.349999994039536","0.0756489485502243","35","265","20460.0022180266","1023","20.0000021681589","0.560262063494086","-2.16078319216693","10"
"default_paddle","0","3","6","0","0","0","0","1.70287644863129","0","269.516265869141","0.657219409942627","0","0","173.75080871582","0","0","0","225.642929077148","2162.82055664063","0","2162.82055664063","42.4064674377441","553.450073242188","0","0.00207265233621001","0.488025188446045","0","0","270.055999755859","0","38.2527656555176","0.197445243597031","0","7","226","0","345","245","226","-1","0","244","0","25","0","1.66213858127594","0.400000005960464","0.0756489485502243","28","250","20460.0003082462","1023","20.000000301316","0.243337017569713","-1.41880156370623","10"
"default_paddle","0","3","7","0","0","0","0","1.4222264289856","0","279.851501464844","41235.53125","171.39924621582","0","74460.484375","0","0","0","225.013153076172","2285.55029296875","0","2285.55029296875","7465.02685546875","12061.3115234375","0","0.36485955119133","0.514278888702393","0","0","41559.51953125","0","40.4118003845215","1.41294276714325","0","6","226","0","342","245","226","-1","0","244","0","25","0","45","0.416666686534882","0.0756489485502243","28","247","20460.0012007199","1023","20.0000011737243","45.1908791868639","0.190879186863924","10"
"default_paddle","0","4","0","0","0","0","0","0.672587156295776","0","7.36550712585449","976.30126953125","0","0","1482.88256835938","0","0","0","11.7038774490356","838.969421386719","0","838.969421386719","153.037414550781","334.292755126953","0","0.00747983390465379","0.00981919560581446","0","0","981.381103515625","0","0.340894520282745","1.34495794773102","0","9","250","0","396","280","250","-1","0","279","0","49","0","45","0.266666650772095","0.100865259766579","22","370","20460.0017194987","1023","20.0000016808394","49.6192752844204","4.61927528442041","10"
"default_paddle","0","4","1","0","0","0","0","0.672587156295776","0","6.53993320465088","923.780578613281","0","0","1335.78857421875","0","0","0","10.4855613708496","838.969421386719","0","838.969421386719","138.447738647461","273.856140136719","0","0.00676675140857697","0.00879706535488367","0","0","928.200073242188","0","0.306236237287521","1.36592674255371","0","9","250","0","393","280","250","-1","0","279","0","49","0","45","0.283333331346512","0.100865259766579","17","366","20460.0007134851","1023","20.0000006974439","50.2826005551557","5.28260055515575","10"
"default_paddle","0","4","2","0","0","0","0","2.79673504829407","0","32.351131439209","105.716842651367","0","0","908.397338867188","0","0","0","44.3962059020996","1073.193359375","0","1073.193359375","214.015472412109","547.075012207031","0","0.0104601895436645","0.0476457104086876","0","0","137.304077148438","0","2.4280366897583","0.952277541160583","0","9","250","0","389","280","250","-1","0","279","0","49","0","14.8263568878174","0.300000011920929","0.100865259766579","33","349","20459.9994597359","1023","19.9999994718826","12.6820776055936","-2.14427928222374","10"
"default_paddle","0","4","3","0","0","0","0","2.81298160552979","0","25.412956237793","328.137969970703","0","0","1739.92419433594","0","0","0","37.0100708007813","1026.3623046875","0","1026.3623046875","271.747406005859","549.79052734375","0","0.0132818864658475","0.0379857420921326","0","0","352.036804199219","0","2.05471348762512","1.26017844676971","0","9","250","0","380","280","250","-1","0","279","0","49","0","21.7496700286865","0.349999994039536","0.100865259766579","22","336","20460.0006711863","1023","20.000000656096","20.4661858503899","-1.28348417829659","10"
"default_paddle","0","4","4","0","0","0","0","2.77362775802612","0","32.5668869018555","298.684143066406","0","0","1830.78857421875","0","0","0","45.1464233398438","1120.02282714844","0","1120.02282714844","319.437042236328","549.510986328125","0","0.0156127596274018","0.0505650229752064","0","0","329.756591796875","0","3.00342774391174","1.28158175945282","0","9","250","0","369","280","250","-1","0","279","0","49","0","19.1612987518311","0.400000005960464","0.100865259766579","20","324","20459.9987356295","1023","19.9999987640562","17.9848787138351","-1.17642003799598","10"
"default_paddle","0","4","5","0","0","0","0","2.45547986030579","0","59.4388198852539","139.663970947266","0","0","1415.60803222656","0","0","0","67.1840286254883","1494.57629394531","0","1494.57629394531","385.682830810547","547.6982421875","0","0.0188505761325359","0.100411660969257","0","0","198.082885742188","0","6.72175264358521","1.2218986749649","0","7","250","0","360","280","250","-1","0","279","0","49","0","11.8052577972412","0.449999988079071","0.100865259766579","23","301","20460.0022884638","1023","20.0000022370125","10.820511014869","-0.98474678237219","10"
"default_paddle","0","4","6","0","0","0","0","2.28897428512573","0","63.7862663269043","173.812240600586","0","0","1687.44873046875","0","0","0","66.9146423339844","1634.97912597656","0","1634.97912597656","440.590881347656","548.218505859375","0","0.0215342529118061","0.109404042363167","0","0","236.398651123047","0","7.39146566390991","1.28391432762146","0","7","250","0","356","280","250","-1","0","279","0","49","0","12.0804977416992","0.466666668653488","0.100865259766579","22","296","20460.0031007393","1023","20.0000030310257","11.3517831992265","-0.728714542472751","10"
"default_paddle","10","0","0","0","0","0","0","4.84344959259033","0","2.50100040435791","238.824798583984","0","0","512.527893066406","0","0","0","119.585922241211","32.7617340087891","0","32.7617340087891","52.2176666259766","510.153930664063","0","0.00255218311212957","0.00391784217208624","0","0","240.752563476563","0","0.0597116127610207","-0.0735147893428802","0","9","141","2","394","201","201","-1","0","142","1","0","0","45","0.0166666675359011","0","6","394","20460.0000594807","1023","20.0000000581434","40.6491805701643","-4.35081942983575","10"
"default_paddle","10","0","1","0","0","0","0","5.24838018417358","0","17.9067802429199","66.1219482421875","0","0","546.278137207031","0","0","0","231.53271484375","111.250648498535","0","111.250648498535","120.992149353027","546.802673339844","0","0.00591359520331025","0.0257581640034914","0","0","83.5397567749023","0","0.671422898769379","-0.0871805921196938","0","9","144","3","391","202","202","-1","0","145","0","1","0","18.4793262481689","0.0333333350718021","0","16","391","20459.9985615011","1023","19.9999985938427","13.272427580896","-5.20689866727293","10"
"default_paddle","10","0","2","0","0","0","0","4.92822980880737","0","35.687873840332","43.2708930969238","0","0","532.739807128906","0","0","0","234.163757324219","226.755126953125","0","226.755126953125","169.462341308594","543.747436523438","0","0.0082826167345047","0.0530978329479694","0","0","78.5039291381836","0","1.76147711277008","-0.0613774470984936","0","9","148","4","389","203","203","-1","0","149","0","2","0","13.9514350891113","0.0500000007450581","0","20","388","20460.0003526214","1023","20.0000003446934","8.97409279794737","-4.97734229116396","10"
"default_paddle","10","0","3","0","0","0","0","4.41359519958496","0","102.479782104492","19.8844985961914","0","0","467.179473876953","0","0","0","345.448486328125","475.029754638672","0","475.029754638672","277.634216308594","537.815124511719","0","0.0135696083307266","0.16409832239151","0","0","121.998863220215","0","7.90810394287109","-0.020086333155632","0","9","156","6","384","205","205","-1","0","157","0","4","0","9.10479640960693","0.100000001490116","0","36","373","20460.0022006477","1023","20.0000021511707","4.74331569947849","-4.36148071012844","10"
"default_paddle","10","0","4","0","0","0","0","3.82388782501221","0","193.971160888672","9.03581619262695","69.0893173217773","0","348.041961669922","0","0","0","432.351837158203","749.1376953125","0","749.1376953125","338.552551269531","530.291625976563","0","0.0165470466017723","0.323891043663025","0","0","271.796203613281","0","19.3977451324463","-0.0117966877296567","0","9","164","8","376","207","207","-1","0","165","0","6","0","6.63567543029785","0.150000005960464","0","55","355","20459.9986582059","1023","19.9999986883733","2.92841931988648","-3.70725611041137","10"
"default_paddle","10","0","5","0","0","0","0","3.35015368461609","0","293.414093017578","-3.21515703201294","0","0","203.300323486328","0","0","0","495.774810791016","1039.07897949219","0","1039.07897949219","-324.173187255859","573.197814941406","0","-0.0158442426472902","0.515149176120758","0","0","290.057281494141","0","35.956470489502","-0.00811901409178972","0","9","172","10","368","209","209","-1","0","173","0","8","0","1.44490194320679","0.200000002980232","0","75","337","20459.9989076348","1023","19.9999989321944","-1.7625019082804","-3.20740385148719","10"
"default_paddle","10","0","6","0","0","0","0","3.05489182472229","0","394.569305419922","0.0430124402046204","96.8406372070313","0","10.959228515625","0","0","0","556.488830566406","1272.06030273438","0","1272.06030273438","28.893404006958","558.179321289063","0","0.00141218979842961","0.707887291908264","0","0","491.438751220703","0","54.5306243896484","-0.0206854566931725","0","9","179","12","361","211","211","-1","0","180","0","10","0","3.06062150001526","0.25","0","94","321","20460.0005176983","1023","20.0000005060589","0.114301476016697","-2.94632002399856","10"
"default_paddle","10","0","7","0","0","0","0","2.78201794624329","0","483.796356201172","63690.41015625","-148.517425537109","0","121459.21875","0","0","0","585.39208984375","1512.19616699219","0","1512.19616699219","12198.8525390625","120563.484375","0","0.596229314804077","0.885227739810944","0","0","64491.33984375","0","72.3500137329102","-0.142375454306602","0","9","186","14","352","213","213","-1","0","187","0","12","0","45","0.300000011920929","0","106","302","20460.0012716099","1023","20.0000012430204","42.3402680998168","-2.65973190018318","10"
"default_paddle","10","0","8","0","0","0","0","2.49359750747681","0","587.647583007813","81059.0859375","9.21659851074219","0","152006.9375","0","0","0","629.839965820313","1749.39978027344","0","1749.39978027344","15249.873046875","148248.34375","0","0.74535059928894","1.10184192657471","0","0","81909.1953125","0","93.7460327148438","-0.227574750781059","0","9","192","16","345","215","215","-1","0","193","1","14","0","45","0.349999994039536","0","124","283","20459.999712113","1023","19.9999997185856","42.5675336720737","-2.43246632792631","10"
"default_paddle","10","0","9","0","0","0","0","2.11304235458374","0","695.246398925781","100746.28125","376.555236816406","0","185120.125","0","0","0","664.935180664063","1990.03198242188","0","1990.03198242188","18551.328125","175312.34375","0","0.906711935997009","1.3232421875","0","0","101521.5390625","0","114.705451965332","-0.324502289295197","0","9","197","18","336","217","217","-1","0","198","1","16","0","45","0.400000005960464","0","140","261","20460.0021114768","1023","20.0000020640047","43.252903261188","-1.74709673881204","10"
"default_paddle","10","0","10","0","0","0","0","1.95904850959778","0","722.287658691406","106515.6640625","463.692108154297","0","193893.046875","0","0","0","666.520568847656","2081.119140625","0","2081.119140625","19424.966796875","180820.234375","0","0.949411869049072","1.38710868358612","0","0","107365.21875","0","120.211311340332","-0.366191685199738","0","9","198","18","333","217","217","-1","0","199","1","16","0","45","0.416666686534882","0","144","254","20459.9999537935","1023","19.9999999548323","43.1926689586297","-1.80733104137027","10"
"default_paddle","10","1","0","0","0","0","0","5.27847099304199","0","7.67004823684692","117.667152404785","0","0","574.498291015625","0","0","0","108.189086914063","101.493339538574","0","101.493339538574","84.0672073364258","549.675903320313","0","0.00410885689780116","0.0109804710373282","0","0","124.798866271973","0","0.226462125778198","0.292447090148926","0","9","168","0","397","208","208","-1","0","169","0","7","0","26.998628616333","0.0333333350718021","0.0252163149416447","11","392","20459.9988335963","1023","19.9999988598204","21.9746761350646","-5.02395248126845","10"
"default_paddle","10","1","1","0","0","0","0","5.0713939666748","0","22.1685161590576","58.9209861755371","0","0","547.535522460938","0","0","0","178.717086791992","175.617538452148","0","175.617538452148","134.500411987305","545.955871582031","0","0.0065738232806325","0.0313858576118946","0","0","80.6037063598633","0","0.912009298801422","0.150262966752052","0","9","171","1","395","209","209","-1","0","172","0","8","0","17.1482601165771","0.0500000007450581","0.0252163149416447","16","387","20459.9981237043","1023","19.9999981658889","12.0902273068825","-5.05803280969465","10"
"default_paddle","10","1","2","0","0","0","0","4.62228775024414","0","84.8982696533203","23.8244514465332","50.7140884399414","0","485.612274169922","0","0","0","326.917449951172","391.596588134766","0","391.596588134766","252.553070068359","530.310852050781","0","0.0123437456786633","0.128019750118256","0","0","158.860137939453","0","5.88821983337402","0.0909779891371727","0","9","178","3","390","211","211","-1","0","179","0","10","0","9.99045848846436","0.100000001490116","0.0252163149416447","26","364","20460.0027125404","1023","20.0000026515547","5.53309129875551","-4.45736718970884","10"
"default_paddle","10","1","3","0","0","0","0","4.12355184555054","0","168.465667724609","11.8255681991577","233.720809936523","0","379.594024658203","0","0","0","433.634429931641","615.707214355469","0","615.707214355469","319.546264648438","515.373840332031","0","0.015618097037077","0.266991853713989","0","0","413.484710693359","0","15.5873775482178","0.0647623315453529","0","9","185","5","382","213","213","-1","0","186","0","12","0","7.28526496887207","0.150000005960464","0.0252163149416447","36","343","20459.9999532493","1023","19.9999999543004","3.35351877679864","-3.93174619207343","10"
"default_paddle","10","1","4","0","0","0","0","3.64016389846802","0","255.343276977539","5.16634559631348","397.681884765625","0","249.100341796875","0","0","0","503.248931884766","843.077514648438","0","843.077514648438","320.577606201172","517.412170410156","0","0.0156685058027506","0.424277871847153","0","0","657.8818359375","0","28.6414813995361","0.0481765009462833","0","9","191","7","374","215","215","-1","0","192","0","14","0","5.69404935836792","0.200000002980232","0.0252163149416447","48","322","20459.9985625237","1023","19.9999985948424","2.11640418771917","-3.57764517064875","10"
"default_paddle","10","1","5","0","0","0","0","3.18539357185364","0","329.633392333984","1.81246113777161","472.422088623047","0","125.017974853516","0","0","0","519.516357421875","1087.24963378906","0","1087.24963378906","253.455947875977","526.827880859375","0","0.0123878763988614","0.564843952655792","0","0","803.710021972656","0","41.4521293640137","0.0314467772841454","0","9","197","9","367","217","217","-1","0","198","0","16","0","4.55219793319702","0.25","0.0252163149416447","62","311","20459.9997380723","1023","19.9999997439612","1.25668323406247","-3.29551469913455","10"
"default_paddle","10","1","6","0","0","0","0","2.85029315948486","0","438.689361572266","56322.8046875","0","0","106904.9140625","0","0","0","591.513305664063","1314.73864746094","0","1314.73864746094","10738.380859375","78720","0","0.524847567081451","0.777685403823853","0","0","56646.38671875","0","62.2458610534668","0.74778950214386","0","9","199","10","357","218","218","-1","0","200","0","17","0","45","0.300000011920929","0.0252163149416447","68","280","20459.9993081582","1023","19.9999993237128","42.4451558920428","-2.55484410795724","10"
"default_paddle","10","1","7","0","0","0","0","2.54559922218323","0","529.794494628906","70624.0703125","636.13232421875","0","132787.515625","0","0","0","612.566467285156","1550.71594238281","0","1550.71594238281","13328.166015625","87970.921875","0","0.651425540447235","0.949916541576385","0","0","71695.734375","0","79.5264739990234","0.846864640712738","0","9","203","13","351","221","221","-1","0","204","0","20","0","45","0.349999994039536","0.0252163149416447","76","260","20459.9991680931","1023","19.9999991867967","43.2962964108711","-1.70370358912889","10"
"default_paddle","10","1","8","0","0","0","0","2.22060585021973","0","617.065124511719","88055.8046875","137.651138305664","0","160146.015625","0","0","0","632.038452148438","1787.61145019531","0","1787.61145019531","16066.53515625","95405.640625","0","0.785265624523163","1.12983918190002","0","0","89140.5546875","0","96.7579650878906","0.934410333633423","0","9","208","17","344","225","225","-1","0","209","0","24","0","45","0.400000005960464","0.0252163149416447","84","245","20460.0006093557","1023","20.0000005956556","44.0291496510138","-0.970850348986232","10"
"default_paddle","10","1","9","0","0","0","0","1.71546161174774","0","715.106079101563","110164.5390625","-534.975708007813","0","192791.390625","0","0","0","647.073486328125","2082.8427734375","0","2082.8427734375","19351.140625","99810.8828125","0","0.94580352306366","1.34775245189667","0","0","111450.109375","0","115.30859375","1.02954745292664","0","8","214","21","339","229","229","-1","0","215","0","28","0","45","0.449999988079071","0.0252163149416447","93","240","20460.0005742393","1023","20.0000005613287","44.5686692463712","-0.431330753628778","10"
"default_paddle","10","1","10","0","0","0","0","1.26810812950134","0","741.856262207031","119056.109375","-437.392730712891","0","203008.578125","0","0","0","620.027648925781","2287.24462890625","0","2287.24462890625","20401.416015625","92701.3515625","0","0.99713671207428","1.41815495491028","0","0","120272.640625","0","120.160850524902","1.09915673732758","0","7","216","22","336","230","230","-1","0","217","0","29","0","45","0.466666668653488","0.0252163149416447","89","236","20459.9988833881","1023","19.9999989084927","44.6780674792879","-0.321932520712068","10"
"default_paddle","10","2","0","0","0","0","0","5.04158782958984","0","18.5238437652588","72.1846466064453","0","0","578.891418457031","0","0","0","117.894332885742","216.771697998047","0","216.771697998047","126.166801452637","546.939819335938","0","0.00616651121526957","0.0255561526864767","0","0","90.1903686523438","0","0.765488862991333","0.352342367172241","0","9","194","1","398","216","216","-1","0","195","0","15","0","18.187255859375","0.0833333358168602","0.0504326298832893","14","378","20459.9970790974","1023","19.9999971447678","13.9628436675739","-4.22441219180112","10"
"default_paddle","10","2","1","0","0","0","0","4.72907638549805","0","33.5001335144043","49.2735900878906","0","0","552.141235351563","0","0","0","164.43620300293","281.643920898438","0","281.643920898438","164.318557739258","544.208801269531","0","0.00803120993077755","0.0463124588131905","0","0","82.290153503418","0","1.65883266925812","0.264098256826401","0","9","194","1","395","216","216","-1","0","195","0","15","0","14.1152248382568","0.100000001490116","0.0504326298832893","18","370","20460.0003182023","1023","20.0000003110482","9.98635269550236","-4.12887214275448","10"
"default_paddle","10","2","2","0","0","0","0","4.06326580047607","0","99.2798156738281","22.6979846954346","291.045288085938","0","459.091003417969","0","0","0","274.595153808594","538.782104492188","0","538.782104492188","258.13232421875","503.591247558594","0","0.0126164369285107","0.147946953773499","0","0","412.050048828125","0","7.55002212524414","0.155285805463791","0","9","199","3","387","218","218","-1","0","200","0","17","0","9.25776863098145","0.150000005960464","0.0504326298832893","27","347","20460.0019547057","1023","20.0000019107583","4.8919398217777","-4.36582880920374","10"
"default_paddle","10","2","3","0","0","0","0","3.69070219993591","0","153.648208618164","14.6374073028564","463.956329345703","0","386.17724609375","0","0","0","336.88427734375","714.542297363281","0","714.542297363281","294.356048583984","498.169189453125","0","0.0143869025632739","0.240718066692352","0","0","631.445251464844","0","14.3118438720703","0.128428965806961","0","9","203","6","380","221","221","-1","0","204","0","20","0","7.51099061965942","0.200000002980232","0.0504326298832893","33","329","20460.001538858","1023","20.00000150426","3.42641642228893","-4.08457419737049","10"
"default_paddle","10","2","4","0","0","0","0","3.2907452583313","0","239.186599731445","6.76259994506836","434.222351074219","0","269.174774169922","0","0","0","409.683288574219","948.40625","0","948.40625","310.210906982422","514.636474609375","0","0.0151618234813213","0.388546198606491","0","0","679.801818847656","0","26.5798187255859","0.0888277888298035","0","9","207","9","374","224","224","-1","0","208","0","23","0","5.78686714172363","0.25","0.0504326298832893","41","312","20459.9999046676","1023","19.999999906811","2.2363598743149","-3.55050726740874","10"
"default_paddle","10","2","5","0","0","0","0","2.84019470214844","0","358.928619384766","43961.39453125","319.007934570313","0","84368.8203125","0","0","0","488.359344482422","1252.921875","0","1252.921875","8483.2099609375","49887.98046875","0","0.414624154567719","0.61187607049942","0","0","44752.953125","0","47.3292274475098","0.941112101078033","0","9","213","13","367","228","228","-1","0","214","0","27","0","45","0.300000011920929","0.0504326298832893","50","281","20459.9994175013","1023","19.9999994305976","42.6585345945827","-2.3414654054173","10"
"default_paddle","10","2","6","0","0","0","0","2.56728053092957","0","403.172088623047","51620.40625","742.525390625","0","97208.1953125","0","0","0","488.671325683594","1434.89038085938","0","1434.89038085938","9763.546875","49697.04296875","0","0.477201730012894","0.701189815998077","0","0","52512.52734375","0","56.2815093994141","1.03594386577606","0","9","220","18","363","233","233","-1","0","221","0","32","0","45","0.349999994039536","0.0504326298832893","51","265","20459.9989080848","1023","19.9999989326343","42.8874200679888","-2.11257993201117","10"
"default_paddle","10","2","7","0","0","0","0","2.23390650749207","0","481.4013671875","66982.21875","474.93994140625","0","121068.6015625","0","0","0","511.799560546875","1659.15026855469","0","1659.15026855469","12157.828125","55623.4140625","0","0.594224274158478","0.849152386188507","0","0","67649.7578125","0","70.3858871459961","1.09568965435028","0","9","225","22","356","237","237","-1","0","226","0","36","0","45","0.400000005960464","0.0504326298832893","56","256","20459.9991177027","1023","19.9999991375393","44.4097737921107","-0.590226207889266","10"
"default_paddle","10","2","8","0","0","0","0","1.62044107913971","0","558.01318359375","84310.015625","12.7767639160156","0","146319.953125","0","0","0","502.986785888672","2009.80444335938","0","2009.80444335938","14704.55078125","56513.80859375","0","0.718697428703308","1.01090514659882","0","0","85139.828125","0","84.6285552978516","1.17719709873199","0","8","232","27","352","242","242","-1","0","233","0","41","0","45","0.449999988079071","0.0504326298832893","59","253","20460.0019340271","1023","20.0000018905446","45.3118164279217","0.311816427921748","10"
"default_paddle","10","2","9","0","0","0","0","1.35838341712952","0","575.752563476563","88488.5390625","-142.768493652344","0","152303","0","0","0","497.280242919922","2134.9921875","0","2134.9921875","15307.0771484375","57437.7421875","0","0.748146533966064","1.06168937683105","0","0","89375.3046875","0","88.8280029296875","1.18721377849579","0","7","233","28","349","243","243","-1","0","234","0","42","0","45","0.466666668653488","0.0504326298832893","60","252","20459.9987482289","1023","19.9999987763724","44.8033342593642","-0.196665740635822","10"
"default_paddle","10","2","10","0","0","0","0","1.15008401870728","0","548.235046386719","86481.3359375","-245.490173339844","0","146113.859375","0","0","0","457.499816894531","2210.3359375","0","2210.3359375","14697.4599609375","48417.38671875","0","0.718350946903229","1.01122832298279","0","0","87399.1640625","0","84.1704864501953","1.2365597486496","0","7","236","30","348","245","245","-1","0","237","0","44","0","45","0.483333349227905","0.0504326298832893","56","252","20459.9994254862","1023","19.9999994384029","45.2654065992613","0.265406599261276","10"
"default_paddle","10","3","0","0","0","0","0","4.74135637283325","0","6.59224700927734","257.410308837891","0","0","753.710510253906","0","0","0","22.4769706726074","399.721313476563","0","399.721313476563","94.1368255615234","550.726867675781","0","0.0046010185033083","0.00898452475667","0","0","263.25","0","0.245322465896606","0.752017199993134","0","9","211","1","400","227","227","-1","0","212","0","26","0","30.3756160736084","0.133333340287209","0.0756489485502243","14","382","20459.9971710254","1023","19.999997234629","30.8041352068895","0.428519133281107","10"
"default_paddle","10","3","1","0","0","0","0","4.3645977973938","0","5.22334384918213","407.066253662109","0","0","860.276977539063","0","0","0","17.7349967956543","401.197845458984","0","401.197845458984","96.1321716308594","551.293212890625","0","0.00469854287803173","0.00711524253711104","0","0","411.326171875","0","0.19113253057003","0.875255584716797","0","9","213","2","397","228","228","-1","0","214","0","27","0","37.301887512207","0.150000005960464","0.0756489485502243","13","382","20459.9966683991","1023","19.9999967433031","41.3264907225955","4.02460321038843","10"
"default_paddle","10","3","2","0","0","0","0","3.76077175140381","0","50.4399070739746","49.2913436889648","112.80802154541","0","530.716369628906","0","0","0","115.754692077637","607.690856933594","0","607.690856933594","188.135025024414","526.77978515625","0","0.00919525977224112","0.0703430697321892","0","0","211.761764526367","0","3.19044399261475","0.287639200687408","0","9","218","6","391","232","232","-1","0","219","0","31","0","11.1639356613159","0.200000002980232","0.0756489485502243","28","357","20460.0010966912","1023","20.0000010720345","7.51121176766723","-3.65272389364869","10"
"default_paddle","10","3","3","0","0","0","0","3.20964384078979","0","142.930297851563","17.4056034088135","684.534057617188","0","395.794494628906","0","0","0","241.956466674805","910.32470703125","0","910.32470703125","276.031982421875","498.392517089844","0","0.0134912990033627","0.220258951187134","0","0","844.217163085938","0","13.6694231033325","0.177790880203247","0","9","224","10","386","236","236","-1","0","225","0","35","0","7.42791700363159","0.25","0.0756489485502243","41","325","20460.000356754","1023","20.0000003487332","3.51167871477226","-3.91623828885933","10"
"default_paddle","10","3","4","0","0","0","0","3.06456422805786","0","140.805282592773","16.4828319549561","1103.31628417969","0","367.2431640625","0","0","0","221.632934570313","974.298278808594","0","974.298278808594","264.003234863281","447.055297851563","0","0.0129033820703626","0.215936586260796","0","0","1259.21520996094","0","14.2194910049438","0.220312118530273","0","9","231","15","380","241","241","-1","0","232","0","40","0","7.42139148712158","0.300000011920929","0.0756489485502243","40","316","20460.0029219985","1023","20.0000028563035","3.42577434668103","-3.99561714044055","10"
"default_paddle","10","3","5","0","0","0","0","1.86250078678131","0","20.6761417388916","153.779815673828","0","0","625.863586425781","0","0","0","39.5614204406738","682.211120605469","0","682.211120605469","128.917190551758","547.45263671875","0","0.00630093878135085","0.0269892401993275","0","0","173.811660766602","0","1.27941179275513","0.534944653511047","0","9","237","20","376","246","246","-1","0","238","0","45","0","12.6028785705566","0.349999994039536","0.0756489485502243","20","345","20459.9973155301","1023","19.9999973758847","13.5009291921006","0.898050621543954","10"
"default_paddle","10","3","6","0","0","0","0","2.2906186580658","0","287.672912597656","36239.10546875","1037.89013671875","0","67704.4296875","0","0","0","320.325866699219","1498.45385742188","0","1498.45385742188","6802.27294921875","26784.271484375","0","0.332466930150986","0.479993522167206","0","0","37187.61328125","0","38.118766784668","1.16433942317963","0","9","243","25","370","251","251","-1","0","244","0","50","0","45","0.400000005960464","0.0756489485502243","53","276","20459.9986715358","1023","19.9999987014035","43.8401496937806","-1.15985030621936","10"
"default_paddle","10","3","7","0","0","0","0","1.81176257133484","0","332.74365234375","46116.4453125","500.713836669922","0","81853.640625","0","0","0","323.347595214844","1769.94177246094","0","1769.94177246094","8230.5390625","29109.314453125","0","0.402274668216705","0.572306454181671","0","0","46854.71484375","0","46.4963722229004","1.21053385734558","0","9","250","30","366","256","256","-1","0","251","0","55","0","45","0.449999988079071","0.0756489485502243","57","274","20459.998386143","1023","19.9999984224272","44.6602057190808","-0.339794280919214","10"
"default_paddle","10","3","8","0","0","0","0","1.18186640739441","0","338.341186523438","50001.12890625","445.411254882813","0","86028.375","0","0","0","291.576232910156","2032.73986816406","0","2032.73986816406","8644.482421875","25683.384765625","0","0.422506511211395","0.592698633670807","0","0","50592.25390625","0","48.5982055664063","1.27149748802185","0","8","258","36","361","262","262","-1","0","259","0","61","0","45","0.5","0.0756489485502243","56","275","20459.9981124311","1023","19.9999981548691","45.4674527028077","0.467452702807741","10"
"default_paddle","10","3","9","0","0","0","0","1.32663321495056","0","254.659027099609","37945.34375","771.747009277344","0","64236.3515625","0","0","0","230.027313232422","1910.51953125","0","1910.51953125","6458.0087890625","16687.787109375","0","0.315640687942505","0.439471662044525","0","0","38640.3671875","0","35.3678817749023","1.31059074401855","0","8","265","41","357","267","267","-1","0","266","0","66","0","45","0.550000011920929","0.0756489485502243","52","281","20460.000994038","1023","20.0000009716892","45.9083413611929","0.908341361192896","10"
"default_paddle","10","3","10","0","0","0","0","-0.198139622807503","0","353.041534423828","27.0202941894531","113.649108886719","0","977.85009765625","0","0","0","257.960174560547","2438.14892578125","0","2438.14892578125","198.496002197266","1460.09594726563","0","0.00970166176557541","0.628945350646973","0","0","1058.30444335938","0","51.7640647888184","0.20054866373539","0","7","269","44","356","271","270","-1","0","270","0","69","0","0.0057295779697597","0.566666662693024","0.0756489485502243","59","278","20460.0002549659","1023","20.0000002492335","0.883838864175142","0.878109286205382","10"
"default_paddle","10","4","0","0","0","0","0","-1.66860496997833","0","8.26238346099854","374.602325439453","0","0","766.568786621094","0","0","0","13.9548578262329","755.487915039063","0","755.487915039063","107.126899719238","550.092163085938","0","0.00523591926321387","0.0105427261441946","0","0","381.915832519531","0","0.35678905248642","0.772470355033875","0","9","245","2","398","252","252","-1","0","246","0","51","0","22.3236083984375","0.266666650772095","0.100865259766579","28","376","20459.9983945288","1023","19.9999984306244","29.7778243306237","7.45421593218616","10"
"default_paddle","10","4","1","0","0","0","0","-0.339036762714386","0","25.7334041595459","111.537460327148","0","0","592.954956054688","0","0","0","43.0193901062012","795.182312011719","0","795.182312011719","138.88899230957","546.407287597656","0","0.00678831804543734","0.0342082567512989","0","0","136.697982788086","0","1.46214604377747","0.441608101129532","0","9","247","4","397","254","254","-1","0","248","0","53","0","12.8581705093384","0.283333331346512","0.100865259766579","39","371","20460.0007512792","1023","20.0000007343883","11.4458027947105","-1.41236771462788","10"
"default_paddle","10","4","2","0","0","0","0","-0.606446921825409","0","11.2176237106323","305.734558105469","0","0","703.326293945313","0","0","0","17.8489284515381","809.349792480469","0","809.349792480469","113.023559570313","549.212036132813","0","0.00552412308752537","0.0144460247829556","0","0","316.096496582031","0","0.543488383293152","0.680443942546844","0","9","248","5","394","255","255","-1","0","249","0","54","0","17.920337677002","0.300000011920929","0.100865259766579","30","371","20460.0002171464","1023","20.0000002122643","22.4822628342311","4.56192515722918","10"
"default_paddle","10","4","3","0","0","0","0","-2.57290053367615","0","9.41697216033936","328.333618164063","0","0","717.603393554688","0","0","0","12.9571418762207","894.576721191406","0","894.576721191406","106.957015991211","549.682861328125","0","0.0052276155911386","0.0115911578759551","0","0","336.870147705078","0","0.454807162284851","0.702232539653778","0","9","257","11","391","261","261","-1","0","258","0","60","0","16.5158500671387","0.349999994039536","0.100865259766579","24","367","20460.0001906252","1023","20.0000001863394","26.8078807507124","10.2920306835738","10"
"default_paddle","10","4","4","0","0","0","0","-4.66404867172241","0","10.7883701324463","235.956817626953","0","0","671.045715332031","0","0","0","13.3628149032593","980.969299316406","0","980.969299316406","103.695327758789","549.40234375","0","0.00506819738075137","0.0131085114553571","0","0","246.007171630859","0","0.58169823884964","0.619344055652618","0","9","265","17","386","267","267","-1","0","266","0","66","0","12.4856328964233","0.400000005960464","0.100865259766579","19","358","20460.0018445643","1023","20.0000018030932","22.7452245333678","10.2595916369444","10"
"default_paddle","10","4","5","0","0","0","0","0.583904922008514","0","17.5148086547852","154.2138671875","0","0","676.656372070313","0","0","0","19.959171295166","1115.61291503906","0","1115.61291503906","126.388618469238","548.183837890625","0","0.00617735181003809","0.0222667064517736","0","0","171.060546875","0","1.16262137889862","0.646841108798981","0","9","273","23","383","277","273","-1","0","276","0","72","0","11.9848480224609","0.449999988079071","0.100865259766579","23","349","20460.0000705576","1023","20.0000000689712","16.1066073596329","4.12175933717201","10"
"default_paddle","10","4","6","0","0","0","0","1.81214308738708","0","40.0314483642578","58.8577651977539","0","0","606.998840332031","0","0","0","43.0981903076172","1292.70458984375","0","1292.70458984375","185.308944702148","544.575866699219","0","0.00905713345855474","0.0557132251560688","0","0","98.3625183105469","0","3.53425455093384","0.559757173061371","0","9","279","29","378","285","279","-1","0","284","0","78","0","9.72789573669434","0.5","0.100865259766579","39","338","20459.9993530092","1023","19.9999993675555","9.35592670510186","-0.371969031592474","10"
"default_paddle","10","4","7","0","0","0","0","0.4857057929039","0","162.683990478516","22752.49609375","788.166442871094","0","39144.70703125","0","0","0","132.773406982422","2040.60803222656","0","2040.60803222656","3941.56225585938","9819.7255859375","0","0.192647218704224","0.270938485860825","0","0","23436.7890625","0","21.1936454772949","1.31850218772888","0","8","286","36","376","295","286","-1","0","294","0","85","0","45","0.550000011920929","0.100865259766579","61","304","20460.0008366119","1023","20.0000008178025","45.3193314513563","0.319331451356305","10"
"default_paddle","10","4","8","0","0","0","0","1.11339616775513","0","52.7613182067871","54.3929748535156","637.219055175781","0","581.020202636719","0","0","0","47.1418876647949","1610.72448730469","0","1610.72448730469","194.974304199219","475.782684326172","0","0.00952953658998013","0.0759325921535492","0","0","742.374816894531","0","5.19862937927246","0.647954046726227","0","9","294","44","373","304","294","-1","0","303","0","93","0","9.57369995117188","0.600000023841858","0.100865259766579","49","336","20459.9984855744","1023","19.999998519623","7.20962815936603","-2.36407179180585","10"
"default_paddle","10","4","9","0","0","0","0","0.839616715908051","0","53.5625228881836","56.503231048584","749.2275390625","0","587.121643066406","0","0","0","45.4422073364258","1722.48376464844","0","1722.48376464844","193.449371337891","468.970947265625","0","0.00945500284433365","0.0782734677195549","0","0","857.073608398438","0","5.40047788619995","0.676477193832397","0","9","297","47","373","308","297","-1","0","307","0","96","0","9.4673318862915","0.616666674613953","0.100865259766579","49","335","20460.0013900392","1023","20.0000013587871","6.93795679068801","-2.5293750956035","10"
"default_paddle","10","4","10","0","0","0","0","0.511096715927124","0","67.9787521362305","40.7308197021484","1051.05810546875","0","509.452087402344","0","0","0","56.0512657165527","1832.56555175781","0","1832.56555175781","209.974105834961","405.592193603516","0","0.0102626644074917","0.102717615664005","0","0","1155.38146972656","0","7.28336477279663","0.644546985626221","0","9","300","50","373","311","300","-1","0","310","0","99","0","8.53377342224121","0.633333325386047","0.100865259766579","56","332","20459.9992260958","1023","19.9999992434954","5.73407038126211","-2.7997030409791","10"
"default_paddle","15","0","0","0","0","0","0","5.26676654815674","0","14.7321786880493","74.2446670532227","0","0","548.343872070313","0","0","0","180.796295166016","118.554641723633","0","118.554641723633","110.397659301758","547.536743164063","0","0.00539578078314662","0.0214342400431633","0","0","88.4811172485352","0","0.521926164627075","-0.0910800620913506","0","9","103","4","392","203","203","-1","0","104","0","2","0","19.9770641326904","0.0333333350718021","0","15","392","20459.997123415","1023","19.999997188089","14.5802937538936","-5.39677037879679","10"
"default_paddle","15","0","1","0","0","0","0","4.83137178421021","0","39.5902366638184","40.4584655761719","0","0","529.614013671875","0","0","0","239.627655029297","248.599044799805","0","248.599044799805","178.612380981445","543.249572753906","0","0.00872983317822218","0.0595712065696716","0","0","79.6017913818359","0","2.05013251304626","-0.0621676594018936","0","9","108","6","391","205","205","-1","0","109","0","4","0","13.2930135726929","0.0500000007450581","0","22","389","20459.9993304591","1023","19.9999993455123","8.42672854996423","-4.86628502272864","10"
"default_paddle","15","0","2","0","0","0","0","4.34513854980469","0","112.482788085938","18.2793979644775","0","0","457.092651367188","0","0","0","386.257293701172","465.120971679688","0","465.120971679688","288.956390380859","537.300720214844","0","0.01412299182266","0.179656371474266","0","0","130.408905029297","0","8.89673805236816","-0.028532462194562","0","9","121","8","386","207","207","-1","0","122","0","6","0","8.65427398681641","0.100000001490116","0","39","372","20459.9984202523","1023","19.9999984557696","4.50873846746422","-4.14553551935219","10"
"default_paddle","15","0","3","0","0","0","0","3.78566265106201","0","196.276214599609","8.8213415145874","134.806518554688","0","342.315856933594","0","0","0","462.118499755859","709.615051269531","0","709.615051269531","336.432556152344","525.6240234375","0","0.0164434295147657","0.327926248311996","0","0","339.561157226563","0","19.7379779815674","-0.0164406318217516","0","9","133","11","379","210","210","-1","0","134","0","9","0","6.56138563156128","0.150000005960464","0","56","355","20459.9992872677","1023","19.999999303292","2.87422674179709","-3.68715888976419","10"
"default_paddle","15","0","4","0","0","0","0","3.34075427055359","0","287.415771484375","-3.86753511428833","0","0","224.405639648438","0","0","0","509.549499511719","968.2509765625","0","968.2509765625","-332.408355712891","573.832397460938","0","-0.0162467416375875","0.493371814489365","0","0","283.390289306641","0","33.8941955566406","-0.0296353232115507","0","9","144","13","371","212","212","-1","0","145","0","11","0","1.22170400619507","0.200000002980232","0","73","339","20460.0013422907","1023","20.0000013121121","-1.88709213797258","-3.10879614416765","10"
"default_paddle","15","0","5","0","0","0","0","3.03627729415894","0","373.730499267578","-0.618175089359283","0","0","69.2891845703125","0","0","0","548.772521972656","1196.28515625","0","1196.28515625","-201.810943603516","566.053466796875","0","-0.00986368302255869","0.656488418579102","0","0","373.065399169922","0","48.953742980957","-0.0102735059335828","0","9","155","16","365","215","215","-1","0","156","1","14","0","1.95474255084991","0.25","0","91","327","20459.9988809418","1023","19.9999989061015","-0.860896634566581","-2.8156391854165","10"
"default_paddle","15","0","6","0","0","0","0","2.76274108886719","0","491.664398193359","64083.9453125","73.9179077148438","0","122064.6015625","0","0","0","624.108703613281","1427.22497558594","0","1427.22497558594","12258.8212890625","120751.859375","0","0.599160373210907","0.890743613243103","0","0","64940.69921875","0","71.5918502807617","-0.156624808907509","0","9","164","18","356","217","217","-1","0","165","1","16","0","45","0.300000011920929","0","108","303","20460.0000887364","1023","20.0000000867414","42.2720751259586","-2.72792487404143","10"
"default_paddle","15","0","7","0","0","0","0","2.43958592414856","0","597.997680664063","81181.1953125","67.2132263183594","0","152259.734375","0","0","0","652.263305664063","1681.27990722656","0","1681.27990722656","15275.4990234375","147685.828125","0","0.74660325050354","1.09663712978363","0","0","82702.2421875","0","92.3671493530273","-0.249138981103897","0","9","175","21","350","220","220","-1","0","176","1","19","0","45","0.349999994039536","0","124","284","20459.9953363919","1023","19.9999954412434","42.9070919741362","-2.0929080258638","10"
"default_paddle","15","0","8","0","0","0","0","2.31122922897339","0","632.216430664063","87065.328125","26.5236511230469","0","162276.328125","0","0","0","665.388061523438","1763.73315429688","0","1763.73315429688","16273.400390625","154986.953125","0","0.795376241207123","1.17356693744659","0","0","88717.8125","0","99.460334777832","-0.303613364696503","0","9","179","23","348","222","222","-1","0","180","2","21","0","45","0.366666674613953","0","131","278","20460.0031375431","1023","20.0000030670021","42.6674861778801","-2.33251382211987","10"
"default_paddle","15","0","9","0","0","0","0","2.19807195663452","0","669.94580078125","93993.84375","515.286865234375","0","173667.375","0","0","0","675.315856933594","1841.54772949219","0","1841.54772949219","17407.46875","165567.8125","0","0.850804805755615","1.24362635612488","0","0","95235.1953125","0","106.127388000488","-0.302381664514542","0","9","182","24","346","223","223","-1","0","183","2","22","0","45","0.38333335518837","0","137","272","20460.0028493493","1023","20.0000027852877","43.167394750362","-1.83260524963799","10"
"default_paddle","15","1","0","0","0","0","0","5.31882047653198","0","8.14807510375977","110.044563293457","0","0","566.407165527344","0","0","0","153.045272827148","78.8891143798828","0","78.8891143798828","86.0522308349609","549.516174316406","0","0.00420587649568915","0.0120736062526703","0","0","117.671257019043","0","0.247129499912262","0.242617800831795","0","9","127","0","397","208","208","-1","0","128","0","7","0","26.0578422546387","0.0333333350718021","0.0252163149416447","11","391","20459.9994610305","1023","19.9999994731481","20.3866083232117","-5.67123393142696","10"
"default_paddle","15","1","1","0","0","0","0","5.19488430023193","0","22.3400611877441","58.5111389160156","0","0","545.1240234375","0","0","0","228.284896850586","137.485473632813","0","137.485473632813","134.232772827148","545.871032714844","0","0.00656074285507202","0.0313858576118946","0","0","80.3643951416016","0","0.908208966255188","0.117557764053345","0","9","131","1","395","209","209","-1","0","132","0","8","0","17.0840301513672","0.0500000007450581","0.0252163149416447","16","387","20459.9960389203","1023","19.9999961279769","12.0658071601777","-5.01822299118949","10"
"default_paddle","15","1","2","0","0","0","0","4.68410396575928","0","85.0997543334961","23.9882831573486","61.2598266601563","0","484.966064453125","0","0","0","341.833984375","374.508575439453","0","374.508575439453","251.297882080078","529.937927246094","0","0.0122823994606733","0.128019765019417","0","0","169.789535522461","0","5.85670042037964","0.0713021978735924","0","9","143","4","391","212","212","-1","0","144","0","11","0","10.0029077529907","0.100000001490116","0.0252163149416447","27","365","20459.9991137482","1023","19.9999991336737","5.50550763716254","-4.49740011582819","10"
"default_paddle","15","1","3","0","0","0","0","4.20045757293701","0","163.806091308594","12.8616056442261","262.627319335938","0","388.716918945313","0","0","0","447.173431396484","578.625671386719","0","578.625671386719","313.132904052734","519.062255859375","0","0.0153046380728483","0.258746027946472","0","0","438.828765869141","0","14.8418655395508","0.0552271530032158","0","9","153","7","384","215","215","-1","0","154","0","14","0","7.43247079849243","0.150000005960464","0.0252163149416447","36","344","20460.0005934317","1023","20.0000005800897","3.39098267909048","-4.04148811940195","10"
"default_paddle","15","1","4","0","0","0","0","3.77046942710876","0","216.776351928711","8.55563735961914","358.449035644531","0","317.496063232422","0","0","0","468.280639648438","743.676879882813","0","743.676879882813","321.132446289063","524.954956054688","0","0.0156956240534782","0.348249495029449","0","0","583.435729980469","0","22.2186717987061","0.0536294616758823","0","9","164","9","376","217","217","-1","0","165","0","16","0","6.34646654129028","0.200000002980232","0.0252163149416447","41","328","20459.9986082043","1023","19.9999986394959","2.58319908461415","-3.76326745667614","10"
"default_paddle","15","1","5","0","0","0","0","3.16433572769165","0","343.561370849609","1.61819207668304","463.151580810547","0","112.929214477539","0","0","0","569.833557128906","1029.29992675781","0","1029.29992675781","234.897598266602","536.756652832031","0","0.0114808203652501","0.586529672145844","0","0","808.20361328125","0","43.1475448608398","0.0202675759792328","0","9","174","12","370","220","220","-1","0","175","0","19","0","4.34097003936768","0.25","0.0252163149416447","66","311","20460.0011840255","1023","20.0000011574052","1.12158793367214","-3.21938210569553","10"
"default_paddle","15","1","6","0","0","0","0","2.84935688972473","0","440.158264160156","54791.0703125","241.864227294922","0","104891.03125","0","0","0","635.119995117188","1211.2548828125","0","1211.2548828125","10540.892578125","80810.1640625","0","0.515195071697235","0.769292116165161","0","0","55783.62890625","0","61.376823425293","0.694320857524872","0","9","185","16","363","224","224","-1","0","186","0","23","0","45","0.300000011920929","0.0252163149416447","71","283","20460.0027391558","1023","20.0000026775717","42.0439237603542","-2.9560762396458","10"
"default_paddle","15","1","7","0","0","0","0","2.49085927009583","0","531.087890625","69183.359375","944.753051757813","0","130156.0546875","0","0","0","646.636352539063","1458.03723144531","0","1458.03723144531","13064.4228515625","91830.984375","0","0.638534784317017","0.942819952964783","0","0","70345.6015625","0","78.4865493774414","0.785816371440887","0","9","197","22","360","230","230","-1","0","198","0","29","0","45","0.349999994039536","0.0252163149416447","81","266","20460.0018236067","1023","20.0000017826068","42.629948128194","-2.37005187180605","10"
"default_paddle","15","1","8","0","0","0","0","2.15632104873657","0","647.661926269531","90687.5703125","761.764526367188","0","165187.625","0","0","0","691.402954101563","1699.09265136719","0","1699.09265136719","16570.626953125","114040.375","0","0.809903502464294","1.17475771903992","0","0","91843.40625","0","100.959335327148","0.807637572288513","0","9","208","27","354","235","235","-1","0","209","0","34","0","45","0.400000005960464","0.0252163149416447","101","255","20460.0015961229","1023","20.0000015602375","43.5843533209447","-1.41564667905534","10"
"default_paddle","15","1","9","0","0","0","0","1.82398283481598","0","714.735656738281","107625.734375","-130.551071166992","0","187179.171875","0","0","0","692.744995117188","1884.68383789063","0","1884.68383789063","18817.2578125","112106.125","0","0.91970956325531","1.30560529232025","0","0","108559.125","0","112.228889465332","0.930635809898376","0","8","218","32","350","240","240","-1","0","219","0","39","0","45","0.449999988079071","0.0252163149416447","100","252","20460.0001612426","1023","20.0000001576174","44.7836381679689","-0.216361832031062","10"
"default_paddle","15","1","10","0","0","0","0","1.59763967990875","0","734.649536132813","113236.078125","-137.949401855469","0","194191.4375","0","0","0","676.247314453125","2004.71118164063","0","2004.71118164063","19533.82421875","105108.140625","0","0.954732358455658","1.35568046569824","0","0","114115.046875","0","115.94017791748","1.00085580348969","0","8","220","34","348","242","242","-1","0","221","0","41","0","45","0.466666668653488","0.0252163149416447","96","250","20460.0001725586","1023","20.0000001686789","44.7686469074387","-0.231353092561264","10"
"default_paddle","15","2","0","0","0","0","0","5.21219968795776","0","15.8697891235352","79.3259582519531","0","0","573.842834472656","0","0","0","116.673484802246","187.12548828125","0","187.12548828125","116.746139526367","547.589477539063","0","0.00570606766268611","0.0218325834721327","0","0","94.6927032470703","0","0.624499440193176","0.318020015954971","0","9","159","1","398","216","216","-1","0","160","0","15","0","19.1506175994873","0.0833333358168602","0.0504326298832893","13","379","20459.9991496437","1023","19.9999991687622","15.1505135397594","-4.0001040597279","10"
"default_paddle","15","2","1","0","0","0","0","4.79249382019043","0","32.1431922912598","51.6970901489258","0","0","546.950012207031","0","0","0","166.614837646484","269.142272949219","0","269.142272949219","159.109603881836","544.442443847656","0","0.00777661800384521","0.0448430925607681","0","0","83.3633728027344","0","1.56654286384583","0.217698231339455","0","9","163","2","396","217","217","-1","0","164","0","16","0","14.2399883270264","0.100000001490116","0.0504326298832893","19","372","20459.9999386832","1023","19.9999999400618","9.98663192117036","-4.25335640585601","10"
"default_paddle","15","2","2","0","0","0","0","4.13835954666138","0","99.6198425292969","24.6470832824707","320.253753662109","0","461.356353759766","0","0","0","300.861663818359","491.744201660156","0","491.744201660156","251.629486083984","510.290191650391","0","0.0122986063361168","0.14794696867466","0","0","443.653472900391","0","7.476243019104","0.126724183559418","0","9","173","5","389","220","220","-1","0","174","0","19","0","9.31581878662109","0.150000005960464","0.0504326298832893","29","349","20460.0000363484","1023","20.0000000355312","4.76841331292799","-4.5474054736931","10"
"default_paddle","15","2","3","0","0","0","0","3.73955893516541","0","158.432800292969","16.066535949707","574.420104980469","0","384.526336669922","0","0","0","368.755523681641","662.009094238281","0","662.009094238281","285.592346191406","502.158203125","0","0.0139585724100471","0.24411952495575","0","0","748.1591796875","0","14.5693979263306","0.105051726102829","0","9","184","9","383","224","224","-1","0","185","0","23","0","7.51579236984253","0.200000002980232","0.0504326298832893","36","331","20459.9967533817","1023","19.9999968263751","3.27791797960299","-4.23787439023954","10"
"default_paddle","15","2","4","0","0","0","0","3.36452555656433","0","230.630065917969","7.90587902069092","684.36083984375","0","283.349639892578","0","0","0","437.460998535156","841.948852539063","0","841.948852539063","302.047973632813","508.054443359375","0","0.0147628523409367","0.368319779634476","0","0","922.410583496094","0","24.8234558105469","0.0797651037573814","0","9","195","14","379","229","229","-1","0","196","0","28","0","6.09803009033203","0.25","0.0504326298832893","45","317","20460.0009982657","1023","20.0000009758218","2.29712280066388","-3.80090728966815","10"
"default_paddle","15","2","5","0","0","0","0","2.77857780456543","0","374.270721435547","44648.9375","653.41650390625","0","86225.828125","0","0","0","535.907470703125","1189.45239257813","0","1189.45239257813","8673.208984375","58515.4921875","0","0.423910558223724","0.637436389923096","0","0","45725.8515625","0","49.4462127685547","0.825320541858673","0","9","206","19","373","234","234","-1","0","207","0","33","0","45","0.300000011920929","0.0504326298832893","59","287","20459.9975540067","1023","19.9999976089997","41.6841712440088","-3.31582875599121","10"
"default_paddle","15","2","6","0","0","0","0","2.53588175773621","0","413.959991455078","51863.3984375","554.588989257813","0","97445.0625","0","0","0","530.533569335938","1321.66870117188","0","1321.66870117188","9785.2451171875","58344.7734375","0","0.47826224565506","0.701189637184143","0","0","52562.0078125","0","56.2386283874512","0.930843353271484","0","9","217","25","370","240","240","-1","0","218","0","39","0","45","0.349999994039536","0.0504326298832893","58","272","20459.9991031803","1023","19.9999991233434","43.0058189432444","-1.99418105675556","10"
"default_paddle","15","2","7","0","0","0","0","2.13840937614441","0","484.370544433594","64395.65234375","776.734375","0","117704.0703125","0","0","0","533.907592773438","1568.17639160156","0","1568.17639160156","11819.30859375","64699.1328125","0","0.577678859233856","0.837261319160461","0","0","65454.20703125","0","69.1554718017578","0.989427208900452","0","9","227","31","365","246","246","-1","0","228","0","45","0","45","0.400000005960464","0.0504326298832893","64","265","20459.9985005948","1023","19.9999985343057","43.6271378212086","-1.37286217879139","10"
"default_paddle","15","2","8","0","0","0","0","1.80839478969574","0","536.688720703125","77787.71875","286.848571777344","0","134958.4375","0","0","0","539.568603515625","1735.76220703125","0","1735.76220703125","13584.9150390625","66133.953125","0","0.663974285125732","0.936562836170197","0","0","78432.484375","0","78.5597991943359","1.06090688705444","0","8","234","37","362","252","252","-1","0","235","0","51","0","45","0.449999988079071","0.0504326298832893","67","264","20460.0017551734","1023","20.000001715712","45.1493832986763","0.149383298676305","10"
"default_paddle","15","2","9","0","0","0","0","1.46913158893585","0","572.309692382813","85399.109375","28.2383270263672","0","146269.65625","0","0","0","525.147766113281","1926.16369628906","0","1926.16369628906","14722.638671875","68375.2578125","0","0.719581604003906","1.01152050495148","0","0","86054.390625","0","85.1124114990234","1.08709788322449","0","8","237","39","360","254","254","-1","0","238","0","53","0","45","0.466666668653488","0.0504326298832893","69","263","20459.9986852847","1023","19.9999987148433","45.3477992794281","0.347799279428123","10"
"default_paddle","15","2","10","0","0","0","0","1.40622878074646","0","566.914245605469","86624.8984375","-92.0911254882813","0","145976.3125","0","0","0","521.770751953125","1938.07006835938","0","1938.07006835938","14705.244140625","63032.00390625","0","0.718731343746185","1.01122832298279","0","0","87342.625","0","84.8037109375","1.12741684913635","0","8","239","41","359","256","256","-1","0","240","0","55","0","45","0.483333349227905","0.0504326298832893","67","263","20460.0011792696","1023","20.0000011527562","45.2960383318202","0.296038331820228","10"
"default_paddle","15","3","0","0","0","0","0","4.87827014923096","0","6.10650730133057","240.367645263672","0","0","680.017639160156","0","0","0","23.9555377960205","354.569549560547","0","354.569549560547","87.7862548828125","550.766723632813","0","0.00429062871262431","0.00849390402436256","0","0","245.813171386719","0","0.225733384490013","0.627033293247223","0","9","191","1","400","227","227","-1","0","192","0","26","0","29.3518867492676","0.133333340287209","0.0756489485502243","14","383","20459.9980008802","1023","19.9999980458262","30.3407863933411","0.988899644073516","10"
"default_paddle","15","3","1","0","0","0","0","4.07801151275635","0","3.86213684082031","514.1865234375","0","0","815.004943847656","0","0","0","16.1825351715088","357.287811279297","0","357.287811279297","90.1958389282227","551.744689941406","0","0.00440839864313602","0.00578182237222791","0","0","517.089965820313","0","0.140752226114273","0.826716542243958","0","9","194","2","397","228","228","-1","0","195","0","27","0","42.0140151977539","0.150000005960464","0.0756489485502243","12","383","20460.0006101217","1023","20.0000005964044","49.6813986261112","7.66738342835734","10"
"default_paddle","15","3","2","0","0","0","0","3.78879308700562","0","62.8045768737793","43.5466003417969","166.893737792969","0","508.270812988281","0","0","0","149.303924560547","582.866760253906","0","582.866760253906","202.100189208984","524.129455566406","0","0.00987781956791878","0.0870243012905121","0","0","272.561859130859","0","4.09513568878174","0.196315228939056","0","9","206","8","393","234","234","-1","0","207","0","33","0","10.2785863876343","0.200000002980232","0.0756489485502243","33","358","20460.0000859872","1023","20.000000084054","6.51748739769371","-3.76109898994057","10"
"default_paddle","15","3","3","0","0","0","0","3.27917814254761","0","146.301055908203","19.1775741577148","1084.12133789063","0","395.376373291016","0","0","0","265.484344482422","817.347778320313","0","817.347778320313","262.305084228516","498.079925537109","0","0.0128203863278031","0.216993033885956","0","0","1248.76184082031","0","13.5042009353638","0.147945940494537","0","9","216","13","389","239","239","-1","0","217","0","38","0","7.69481754302979","0.25","0.0756489485502243","44","329","20459.9984369943","1023","19.9999984721352","3.38712270824666","-4.30769483478312","10"
"default_paddle","15","3","4","0","0","0","0","3.06667137145996","0","136.803527832031","20.1795501708984","1389.46740722656","0","381.389312744141","0","0","0","225.689834594727","901.202575683594","0","901.202575683594","245.593276977539","460.399963378906","0","0.012003580108285","0.203392252326012","0","0","1545.11120605469","0","13.2306432723999","0.183836564421654","0","9","226","19","384","245","245","-1","0","227","0","44","0","7.77126264572144","0.300000011920929","0.0756489485502243","43","321","20460.0023294741","1023","20.0000022771008","3.38338512137161","-4.38787752434982","10"
"default_paddle","15","3","5","0","0","0","0","2.86541938781738","0","131.378799438477","18.7782211303711","1711.89685058594","0","353.355163574219","0","0","0","199.94319152832","977.123596191406","0","977.123596191406","237.39143371582","399.319152832031","0","0.0116027090698481","0.195369213819504","0","0","1859.94665527344","0","13.227518081665","0.224933758378029","0","9","233","25","381","251","251","-1","0","234","0","50","0","7.77382946014404","0.349999994039536","0.0756489485502243","43","313","20460.0005297667","1023","20.000000517856","3.40472106899222","-4.36910839115182","10"
"default_paddle","15","3","6","0","0","0","0","2.27060914039612","0","296.234741210938","35788.00390625","1075.54931640625","0","67271.96875","0","0","0","350.888946533203","1367.93566894531","0","1367.93566894531","6760.66162109375","33369.2265625","0","0.33043310046196","0.479993492364883","0","0","37026.99609375","0","38.0506591796875","1.05012381076813","0","9","240","31","376","257","257","-1","0","241","0","56","0","45","0.400000005960464","0.0756489485502243","59","282","20460.0011670806","1023","20.0000011408412","43.5045049141027","-1.49549508589734","10"
"default_paddle","15","3","7","0","0","0","0","1.88467264175415","0","302.218475341797","38348.046875","1144.66357421875","0","70107.203125","0","0","0","321.913635253906","1553.23547363281","0","1553.23547363281","7043.5517578125","31898.7109375","0","0.34425961971283","0.500007688999176","0","0","39470.67578125","0","40.1816482543945","1.09739530086517","0","9","250","38","374","264","264","-1","0","251","0","63","0","45","0.449999988079071","0.0756489485502243","61","283","20459.9998213209","1023","19.9999998253381","43.5121725772739","-1.48782742272608","10"
"default_paddle","15","3","8","0","0","0","0","1.45587003231049","0","332.313781738281","47140.79296875","643.6337890625","0","80568.9609375","0","0","0","321.577484130859","1724.86022949219","0","1724.86022949219","8119.080078125","32359.064453125","0","0.396826982498169","0.554676234722137","0","0","47814.109375","0","45.7016067504883","1.1599063873291","0","9","259","45","370","271","271","-1","0","260","0","70","0","45","0.5","0.0756489485502243","64","285","20460.0000408552","1023","20.0000000399367","45.6777080494755","0.677708049475527","10"
"default_paddle","15","3","9","0","0","0","0","1.84351205825806","0","70.1215744018555","45.532341003418","1259.53381347656","0","451.709197998047","0","0","0","77.5347671508789","1273.783203125","0","1273.783203125","179.455963134766","407.000122070313","0","0.00877106375992298","0.0987624824047089","0","0","1372.54846191406","0","6.61110305786133","0.407645881175995","0","9","268","52","368","278","278","-1","0","269","0","77","0","10.003493309021","0.550000011920929","0.0756489485502243","52","331","20459.9998411528","1023","19.9999998447242","5.09513206700631","-4.90836124201469","10"
"default_paddle","15","3","10","0","0","0","0","1.2678142786026","0","192.723785400391","26738.58984375","1242.748046875","0","45247.0234375","0","0","0","183.275848388672","1682.86120605469","0","1682.86120605469","4565.87841796875","15229.884765625","0","0.223161205649376","0.308427810668945","0","0","27744.708984375","0","24.4262275695801","1.22514581680298","0","9","272","55","367","281","281","-1","0","273","0","80","0","45","0.566666662693024","0.0756489485502243","56","297","20460.0006738739","1023","20.0000006587233","46.3478899188674","1.34788991886738","10"
"default_paddle","15","3","11","0","0","0","0","1.56695795059204","0","94.926399230957","28.7626190185547","1564.03686523438","0","385.266174316406","0","0","0","96.8004455566406","1430.6611328125","0","1430.6611328125","204.511016845703","360.220733642578","0","0.0099956514313817","0.138488635420799","0","0","1684.18591308594","0","9.92427158355713","0.378092586994171","0","9","275","57","366","283","283","-1","0","276","0","82","0","8.30047798156738","0.583333313465118","0.0756489485502243","57","321","20459.9988554656","1023","19.9999988811981","4.13901878145942","-4.16145920010796","10"
"default_paddle","15","4","0","0","0","0","0","-0.905800700187683","0","9.92434120178223","333.34423828125","0","0","629.264404296875","0","0","0","17.8428592681885","711.374206542969","0","711.374206542969","102.629539489746","549.375122070313","0","0.00501610711216927","0.0126929497346282","0","0","342.485809326172","0","0.429091364145279","0.514107167720795","0","9","234","2","398","252","252","-1","0","235","0","51","0","17.797830581665","0.266666650772095","0.100865259766579","32","379","20459.9976026754","1023","19.9999976565742","23.2777273941787","5.4798968125137","10"
"default_paddle","15","4","1","0","0","0","0","0.540316700935364","0","16.7374649047852","211.475982666016","0","0","588.259216308594","0","0","0","28.7342071533203","750.174011230469","0","750.174011230469","113.537475585938","548.038146972656","0","0.00554924132302403","0.0215556547045708","0","0","227.561126708984","0","0.830337226390839","0.393823504447937","0","9","237","4","397","254","254","-1","0","238","0","53","0","14.0323858261108","0.283333331346512","0.100865259766579","37","377","20459.9996606501","1023","19.9999996682797","14.9180866333302","0.885700807219319","10"
"default_paddle","15","4","2","0","0","0","0","-2.31980085372925","0","8.10807704925537","360.601654052734","0","0","624.165161132813","0","0","0","12.94007396698","766.959350585938","0","766.959350585938","96.0379638671875","549.802368164063","0","0.00469393748790026","0.00992451142519712","0","0","367.899291992188","0","0.342429727315903","0.495808959007263","0","9","239","6","395","256","256","-1","0","240","0","55","0","15.8797731399536","0.300000011920929","0.100865259766579","29","377","20460.0006103081","1023","20.0000005965866","28.2268766878778","12.3471035479242","10"
"default_paddle","15","4","3","0","0","0","0","-5.01624155044556","0","7.82122611999512","323.889404296875","0","0","571.047180175781","0","0","0","10.1610412597656","865.853637695313","0","865.853637695313","87.0011596679688","549.8720703125","0","0.00425225589424372","0.00879797525703907","0","0","330.987640380859","0","0.328587532043457","0.277638614177704","0","9","249","13","393","263","263","-1","0","250","0","62","0","8.12536144256592","0.349999994039536","0.100865259766579","22","370","20460.0009575487","1023","20.0000009360203","28.9026020557726","20.7772406132066","10"
"default_paddle","15","4","4","0","0","0","0","-4.29180288314819","0","11.6936492919922","303.775146484375","0","0","572.418823242188","0","0","0","13.9049987792969","973.168273925781","0","973.168273925781","99.1298980712891","548.954040527344","0","0.00484505901113153","0.0135319037362933","0","0","314.73828125","0","0.583504796028137","0.304055541753769","0","9","258","20","389","270","270","-1","0","259","0","69","0","8.48517513275146","0.400000005960464","0.100865259766579","28","367","20459.998081249","1023","19.9999981243881","20.9803107623897","12.4951356296383","10"
"default_paddle","15","4","5","0","0","0","0","-6.68203020095825","0","15.521445274353","224.268051147461","0","0","563.356201171875","0","0","0","17.0416660308838","1070.78405761719","0","1070.78405761719","102.442016601563","548.573425292969","0","0.00500694196671247","0.0182479452341795","0","0","239.165405273438","0","0.897608637809753","0.270847141742706","0","9","267","27","387","277","277","-1","0","268","0","76","0","7.02568054199219","0.449999988079071","0.100865259766579","27","358","20459.9967969721","1023","19.9999968689854","15.9253014846274","8.89962094263524","10"
"default_paddle","15","4","6","0","0","0","0","0.149614796042442","0","26.7989482879639","105.208389282227","0","0","573.16455078125","0","0","0","27.6883716583252","1229.22619628906","0","1229.22619628906","135.345504760742","546.484497070313","0","0.00661512697115541","0.0340352728962898","0","0","131.463714599609","0","1.96719312667847","0.385772556066513","0","9","277","35","384","285","285","-1","0","278","0","84","0","8.76666355133057","0.5","0.100865259766579","35","349","20460.0010477354","1023","20.0000010241793","11.2073931491143","2.44072959778378","10"
"default_paddle","15","4","7","0","0","0","0","0.651652634143829","0","166.099670410156","21852.51171875","1450.46728515625","0","37883.015625","0","0","0","144.61083984375","1802.54431152344","0","1802.54431152344","3823.341796875","13086.78515625","0","0.186869114637375","0.260667443275452","0","0","23028.953125","0","20.5111656188965","1.2129567861557","0","9","287","43","383","293","293","-1","0","288","0","92","0","45","0.550000011920929","0.100865259766579","66","311","20459.9984555731","1023","19.9999984902963","45.7980632507664","0.798063250766404","10"
"default_paddle","15","4","8","0","0","0","0","0.631151437759399","0","54.3081016540527","59.5008392333984","967.431884765625","0","521.881652832031","0","0","0","47.1218338012695","1618.82702636719","0","1618.82702636719","166.775054931641","450.950500488281","0","0.00815127324312925","0.0762820988893509","0","0","1079.07727050781","0","5.18372201919556","0.527298510074615","0","9","300","52","381","302","302","-1","0","301","0","101","0","9.8640718460083","0.600000023841858","0.100865259766579","52","339","20460.0005369978","1023","20.0000005249246","6.13416464902208","-3.72990719698622","10"
"default_paddle","15","4","9","0","0","0","0","-0.388627350330353","0","143.71955871582","9.01571083068848","1211.3076171875","0","458.560791015625","0","0","0","112.434020996094","2032.28869628906","0","2032.28869628906","-22.4653549194336","629.587097167969","0","-0.00109801348298788","0.22849839925766","0","0","1360.61901855469","0","17.7656993865967","0.0381179004907608","0","8","304","55","381","306","305","-1","0","305","0","104","0","0.0057295779697597","0.616666674613953","0.100865259766579","63","321","20459.9991416331","1023","19.9999991609317","-0.275327018973243","-0.281056596943003","10"
"default_paddle","15","4","10","0","0","0","0","0.194914236664772","0","59.6194000244141","55.2094764709473","1077.76013183594","0","505.748138427734","0","0","0","49.291805267334","1728.43701171875","0","1728.43701171875","167.520050048828","441.924438476563","0","0.00818768609315157","0.0851977840065956","0","0","1190.20361328125","0","5.84454345703125","0.516199111938477","0","9","308","58","381","311","308","-1","0","310","0","107","0","9.58731079101563","0.633333325386047","0.100865259766579","60","343","20459.999094121","1023","19.9999991144878","5.51475605581382","-4.07255473520181","10"
"default_paddle","2","0","0","0","0","0","0","5.22896718978882","0","5.36103868484497","143.02424621582","0","0","552.215881347656","0","0","0","124.863151550293","60.4663619995117","0","60.4663619995117","69.7778930664063","550.356506347656","0","0.00341045390814543","0.00755002070218325","0","0","147.834808349609","0","0.141541942954063","-0.0576648637652397","0","9","192","2","394","201","201","-1","0","193","1","0","0","31.5123729705811","0.0166666675359011","0","8","393","20460.0017903044","1023","20.0000017500532","26.8537391949738","-4.65863377560727","10"
"default_paddle","2","0","1","0","0","0","0","5.17381906509399","0","19.4651985168457","62.5708465576172","0","0","544.0400390625","0","0","0","184.495758056641","151.645889282227","0","151.645889282227","126.036781311035","546.469421386719","0","0.00616015587002039","0.0279780235141516","0","0","81.5521545410156","0","0.749640822410583","-0.0538371428847313","0","9","193","2","390","201","201","-1","0","194","0","0","0","17.9326362609863","0.0333333350718021","0","16","390","20459.9987354895","1023","19.9999987639193","12.719510373409","-5.21312588757734","10"
"default_paddle","2","0","2","0","0","0","0","4.96132564544678","0","40.2396125793457","39.9589538574219","0","0","528.341064453125","0","0","0","261.977691650391","227.390380859375","0","227.390380859375","179.663391113281","543.116394042969","0","0.00878120213747025","0.0595712102949619","0","0","79.7511825561523","0","2.07040143013","-0.0087203262373805","0","9","193","2","387","201","201","-1","0","194","0","0","0","13.4015283584595","0.0500000007450581","0","18","385","20459.999473949","1023","19.9999994857762","8.47667769342646","-4.92485066503302","10"
"default_paddle","2","0","3","0","0","0","0","4.72326517105103","0","103.583541870117","19.7157649993896","0","0","467.023010253906","0","0","0","359.753326416016","456.29052734375","0","456.29052734375","279.324737548828","537.700317382813","0","0.0136522343382239","0.164152041077614","0","0","122.933708190918","0","7.90946483612061","-0.00614204769954085","0","9","194","3","381","202","202","-1","0","195","0","1","0","9.11164665222168","0.100000001490116","0","34","371","20460.0016838831","1023","20.0000016460245","4.77069921746273","-4.34094743475895","10"
"default_paddle","2","0","4","0","0","0","0","4.08567380905151","0","189.569595336914","9.4514856338501","0","0","356.473266601563","0","0","0","460.950653076172","682.862426757813","0","682.862426757813","338.677490234375","535.121765136719","0","0.0165531504899263","0.314765870571136","0","0","198.75715637207","0","18.7959518432617","-0.00250050332397223","0","9","194","3","371","202","202","-1","0","195","0","1","0","6.73711585998535","0.150000005960464","0","51","353","20460.0018854708","1023","20.00000184308","3.01450512536388","-3.72261073462147","10"
"default_paddle","2","0","5","0","0","0","0","3.52459192276001","0","277.574066162109","3.54842686653137","83.2719345092773","0","212.097473144531","0","0","0","490.693115234375","986.168701171875","0","986.168701171875","321.233703613281","531.970275878906","0","0.0157005712389946","0.483906179666519","0","0","364.207244873047","0","33.0251502990723","-0.000255900667980313","0","9","195","4","362","203","203","-1","0","196","0","2","0","5.23319959640503","0.200000002980232","0","68","336","20460.0010231126","1023","20.00000100011","1.85931568869051","-3.37388390771452","10"
"default_paddle","2","0","6","0","0","0","0","3.2072012424469","0","368.96533203125","-0.438969820737839","0","0","57.2433586120605","0","0","0","545.77978515625","1215.40637207031","0","1215.40637207031","-191.227203369141","565.430725097656","0","-0.00934639386832714","0.663344204425812","0","0","368.487762451172","0","50.1226654052734","-0.00141695467755198","0","9","196","4","353","203","203","-1","0","197","0","2","0","2.21023392677307","0.25","0","85","320","20459.9983761831","1023","19.9999984126912","-0.807313336340594","-3.01754726311367","10"
"default_paddle","2","0","7","0","0","0","0","2.86790227890015","0","473.352172851563","0.0288257598876953","-321.1650390625","0","6.95661354064941","0","0","0","571.29736328125","1520.03759765625","0","1520.03759765625","28.8405456542969","563.640197753906","0","0.0014096061931923","0.86839348077774","0","0","1200.94714355469","0","70.7664031982422","-0.000165227014804259","0","9","197","5","343","204","204","-1","0","198","0","3","0","2.87363195419312","0.300000011920929","0","103","302","20460.0020868115","1023","20.0000020398939","0.0930045235848144","-2.7806274306083","10"
"default_paddle","2","0","8","0","0","0","0","2.61888933181763","0","564.279174804688","77238.96875","-34.3982391357422","0","146570.421875","0","0","0","616.609252929688","1748.33325195313","0","1748.33325195313","14714.5146484375","146111.625","0","0.719184458255768","1.07803845405579","0","0","78245.6953125","0","92.3125839233398","-0.094981424510479","0","9","198","6","335","205","205","-1","0","199","0","4","0","45","0.349999994039536","0","120","283","20460.0008795024","1023","20.0000008597287","41.8454177431893","-3.15458225681073","10"
"default_paddle","2","0","9","0","0","0","0","2.21527791023254","0","670.915100097656","97792.140625","-137.928558349609","0","181132.234375","0","0","0","634.898681640625","2051.10595703125","0","2051.10595703125","18155.609375","180284.609375","0","0.887371003627777","1.30224442481995","0","0","98982.6484375","0","114.319343566895","-0.107226423919201","0","9","199","6","324","205","205","-1","0","200","0","4","0","45","0.400000005960464","0","138","262","20459.998468257","1023","19.999998502695","42.9544409377344","-2.04555906226555","10"
"default_paddle","2","0","10","0","0","0","0","1.64069700241089","0","769.106750488281","120323.234375","-173.022415161133","0","215551.046875","0","0","0","648.257141113281","2352.26171875","0","2352.26171875","21575.7890625","214965.78125","0","1.05453526973724","1.52487051486969","0","0","121628.703125","0","132.410720825195","-0.0820362269878387","0","9","199","6","315","205","205","-1","0","200","1","4","0","45","0.449999988079071","0","160","243","20459.9975758762","1023","19.9999976303776","43.753508054711","-1.24649194528903","10"
"default_paddle","2","0","11","0","0","0","0","0.507597982883453","0","857.383483886719","145552.1875","-372.871643066406","0","249509.15625","0","0","0","636.374267578125","2731.83203125","0","2731.83203125","24959.501953125","231947.6875","0","1.21991693973541","1.73846769332886","0","0","146708.203125","0","143.269454956055","-0.380049139261246","0","7","201","7","305","206","206","-1","0","202","1","5","0","45","0.5","0","175","221","20460.0011198619","1023","20.0000010946841","44.5651377981272","-0.434862201872761","10"
"default_paddle","2","1","0","0","0","0","0","5.15583944320679","0","8.20065689086914","123.230728149414","0","0","606.323791503906","0","0","0","103.177230834961","111.766532897949","0","111.766532897949","89.1753921508789","549.641357421875","0","0.00435852305963635","0.0115317609161139","0","0","130.863174438477","0","0.24921752512455","0.434987157583237","0","9","205","0","397","208","208","-1","0","206","0","7","0","26.6708145141602","0.0333333350718021","0.0252163149416447","10","390","20460.0023748226","1023","20.0000023214297","22.2072622822447","-4.46355223191548","10"
"default_paddle","2","1","1","0","0","0","0","5.12884044647217","0","21.9177875518799","60.253734588623","0","0","553.769592285156","0","0","0","247.663818359375","126.727668762207","0","126.727668762207","134.677551269531","546.065856933594","0","0.00658248038962483","0.0313858576118946","0","0","81.6812133789063","0","0.900773286819458","0.210606426000595","0","9","205","0","394","208","208","-1","0","206","0","7","0","17.1485557556152","0.0500000007450581","0.0252163149416447","15","386","20460.0003794629","1023","20.0000003709315","12.1063887318542","-5.04216702376107","10"
"default_paddle","2","1","2","0","0","0","0","4.49792432785034","0","94.8282012939453","21.665958404541","0","0","478.348876953125","0","0","0","342.351654052734","426.067840576172","0","426.067840576172","268.391021728516","538.259155273438","0","0.0131178423762321","0.145865023136139","0","0","116.114868164063","0","7.01441049575806","0.0931277349591255","0","9","206","0","387","208","208","-1","0","207","0","7","0","9.41289520263672","0.100000001490116","0.0252163149416447","25","363","20459.9974622965","1023","19.9999975193514","5.15965902745041","-4.25323617518631","10"
"default_paddle","2","1","3","0","0","0","0","4.01540994644165","0","157.42317199707","12.7347917556763","0","0","400.487823486328","0","0","0","383.955871582031","661.614135742188","0","661.614135742188","322.062408447266","535.761352539063","0","0.0157410763204098","0.254030615091324","0","0","169.854888916016","0","14.5468463897705","0.0725464448332787","0","9","207","1","378","209","209","-1","0","208","0","8","0","7.38480138778687","0.150000005960464","0.0252163149416447","35","347","20459.9991697951","1023","19.9999991884605","3.5526243367332","-3.83217705105366","10"
"default_paddle","2","1","4","0","0","0","0","3.51680278778076","0","256.187103271484","4.76664924621582","138.086212158203","0","243.518157958984","0","0","0","454.529693603516","959.321166992188","0","959.321166992188","325.286010742188","527.248962402344","0","0.0158986318856478","0.436039954423904","0","0","398.786865234375","0","29.7011680603027","0.058952160179615","0","9","208","1","368","210","209","-1","0","209","0","8","0","5.51183271408081","0.200000002980232","0.0252163149416447","46","319","20460.0001485558","1023","20.0000001452158","2.08954810428446","-3.42228460979635","10"
"default_paddle","2","1","5","0","0","0","0","3.1975109577179","0","342.124633789063","1.12172651290894","196.653274536133","0","90.3529357910156","0","0","0","505.245697021484","1191.41076660156","0","1191.41076660156","218.68766784668","535.681701660156","0","0.0106885470449924","0.60195517539978","0","0","539.802429199219","0","45.3496398925781","0.0430614203214645","0","9","209","2","360","211","210","-1","0","210","0","9","0","4.10003232955933","0.25","0.0252163149416447","56","298","20459.9995608509","1023","19.9999995707242","1.01741933248666","-3.08261299707267","10"
"default_paddle","2","1","6","0","0","0","0","2.86594343185425","0","439.479675292969","57936.28125","0","0","110391.859375","0","0","0","535.389526367188","1486.22338867188","0","1486.22338867188","11088.4189453125","75356.7890625","0","0.541956007480621","0.795708417892456","0","0","58260.96484375","0","64.2558517456055","0.823818504810333","0","9","210","2","349","213","210","-1","0","212","0","9","0","45","0.300000011920929","0.0252163149416447","67","276","20459.998214355","1023","19.9999982545015","42.9295616706763","-2.07043832932371","10"
"default_paddle","2","1","7","0","0","0","0","2.50949740409851","0","534.246826171875","74138.0546875","72.7260894775391","0","139045.0625","0","0","0","557.28662109375","1788.00842285156","0","1788.00842285156","13952.177734375","86702.3125","0","0.681924641132355","0.996433198451996","0","0","74582.4296875","0","84.5336151123047","0.900254309177399","0","9","211","3","341","214","211","-1","0","213","0","10","0","45","0.349999994039536","0.0252163149416447","79","256","20459.9993794139","1023","19.9999993933664","43.1857399421742","-1.81426005782579","10"
"default_paddle","2","1","8","0","0","0","0","2.08926343917847","0","624.431579589844","92819.390625","113.549713134766","0","168874.78125","0","0","0","573.117797851563","2080.35913085938","0","2080.35913085938","16927.484375","88601.3359375","0","0.827345371246338","1.19229090213776","0","0","93452.609375","0","102.001075744629","1.02048182487488","0","8","211","3","330","215","211","-1","0","214","0","10","0","45","0.400000005960464","0.0252163149416447","85","234","20459.9976784785","1023","19.999997730673","43.940610804714","-1.05938919528599","10"
"default_paddle","2","1","9","0","0","0","0","1.10444831848145","0","697.620361328125","112288.4296875","177.608871459961","0","196078.84375","0","0","0","538.17236328125","2520.27124023438","0","2520.27124023438","19646.08203125","74576.9765625","0","0.960218906402588","1.3563404083252","0","0","112911.203125","0","114.116828918457","1.18240761756897","0","6","211","3","321","215","211","-1","0","214","0","10","0","45","0.449999988079071","0.0252163149416447","80","223","20460.0033390855","1023","20.0000032640132","45.0682321611771","0.0682321611770647","10"
"default_paddle","2","1","10","0","0","0","0","0.0541133806109428","0","718.9375","119261.8359375","7.50212097167969","0","204957.65625","0","0","0","508.879119873047","2814.83032226563","0","2814.83032226563","20533.763671875","65191.6875","0","1.00360524654388","1.432408452034","0","0","120009.7890625","0","118.02214050293","1.24912655353546","0","5","212","4","318","216","212","-1","0","215","0","11","0","45","0.466666668653488","0.0252163149416447","76","219","20460.0003264103","1023","20.0000003190717","44.4785219398755","-0.521478060124451","10"
"default_paddle","2","2","0","0","0","0","0","4.59608125686646","0","21.3677158355713","70.8270111083984","0","0","600.548828125","0","0","0","97.1579055786133","303.02099609375","0","303.02099609375","137.816787719727","546.543579101563","0","0.0067359134554863","0.0294408835470676","0","0","91.6590728759766","0","0.924651563167572","0.447041392326355","0","9","215","0","397","223","215","-1","0","222","0","14","0","17.2260303497314","0.0833333358168602","0.0504326298832893","14","376","20459.9997655072","1023","19.9999997707793","13.2261109509048","-3.99991939882664","10"
"default_paddle","2","2","1","0","0","0","0","4.55727291107178","0","28.9122734069824","57.4860420227051","0","0","581.750061035156","0","0","0","128.440658569336","318.814575195313","0","318.814575195313","157.915328979492","545.224304199219","0","0.00771824782714248","0.0409487560391426","0","0","85.8913192749023","0","1.40600073337555","0.399046421051025","0","9","216","1","395","224","216","-1","0","223","0","15","0","14.9087677001953","0.100000001490116","0.0504326298832893","17","371","20459.997206122","1023","19.9999972689365","10.8644149645004","-4.04435273569491","10"
"default_paddle","2","2","2","0","0","0","0","4.21535205841064","0","58.1910171508789","35.5973930358887","0","0","538.279541015625","0","0","0","183.86116027832","461.434356689453","0","461.434356689453","217.003814697266","541.65869140625","0","0.0106062479317188","0.0848398581147194","0","0","93.3417205810547","0","3.80752825737","0.324665367603302","0","9","216","1","385","224","216","-1","0","223","0","15","0","10.8427076339722","0.150000005960464","0.0504326298832893","19","350","20459.9983042352","1023","19.9999983423609","7.18161745740706","-3.66109017656511","10"
"default_paddle","2","2","3","0","0","0","0","3.70000147819519","0","138.552154541016","15.7419395446777","0","0","422.070007324219","0","0","0","296.139465332031","744.802490234375","0","744.802490234375","302.960784912109","537.072998046875","0","0.0148074682801962","0.220565408468246","0","0","153.972213745117","0","13.0582141876221","0.182905703783035","0","9","216","1","375","225","216","-1","0","224","0","15","0","7.41787385940552","0.200000002980232","0.0504326298832893","27","327","20459.9989126632","1023","19.9999989371097","3.84939788044586","-3.56847597895965","10"
"default_paddle","2","2","4","0","0","0","0","3.26423668861389","0","232.273498535156","6.34692478179932","180.784652709961","0","268.246734619141","0","0","0","373.261291503906","1052.58251953125","0","1052.58251953125","314.35595703125","523.710144042969","0","0.0153644187375903","0.392888307571411","0","0","419.083282470703","0","27.2324733734131","0.1265809237957","0","9","217","2","367","226","217","-1","0","225","0","16","0","5.58131742477417","0.25","0.0504326298832893","34","304","20459.9967236087","1023","19.9999967972715","2.24119898119245","-3.34011844358172","10"
"default_paddle","2","2","5","0","0","0","0","2.80719828605652","0","355.644897460938","0.140899062156677","214.015228271484","0","47.3034133911133","0","0","0","426.917633056641","1473.44067382813","0","1473.44067382813","14.2686138153076","540.222778320313","0","0.000697390758432448","0.629037797451019","0","0","717.401977539063","0","49.8668251037598","0.0639009550213814","0","9","217","2","356","226","217","-1","0","225","0","16","0","2.78368020057678","0.300000011920929","0.0504326298832893","41","270","20459.9984195084","1023","19.9999984550424","0.0635217072846854","-2.7201584932921","10"
"default_paddle","2","2","6","0","0","0","0","2.49218606948853","0","403.061157226563","55675.109375","176.236831665039","0","103547.859375","0","0","0","416.29345703125","1747.6103515625","0","1747.6103515625","10393.8310546875","39067.78515625","0","0.508007407188416","0.727518796920776","0","0","56093.55078125","0","59.0506935119629","1.18815231323242","0","8","217","2","347","227","217","-1","0","226","0","16","0","45","0.349999994039536","0.0504326298832893","38","250","20459.9990228735","1023","19.9999990448422","44.2886876688614","-0.7113123311386","10"
"default_paddle","2","2","7","0","0","0","0","1.90590810775757","0","466.376220703125","68927.515625","-84.1694488525391","0","124407.1953125","0","0","0","413.280120849609","2107.568359375","0","2107.568359375","12479.083984375","38862.56640625","0","0.609925866127014","0.871016085147858","0","0","69567.546875","0","71.5652236938477","1.25711798667908","0","7","218","3","337","228","218","-1","0","227","0","17","0","45","0.400000005960464","0.0504326298832893","39","237","20460.0012516542","1023","20.0000012235134","44.4467735981789","-0.553226401821064","10"
"default_paddle","2","2","8","0","0","0","0","1.62516057491302","0","487.591156005859","73966.609375","316.564971923828","0","132069.15625","0","0","0","406.828582763672","2245.30346679688","0","2245.30346679688","13241.568359375","35250.42578125","0","0.64719295501709","0.913453578948975","0","0","74538.6875","0","75.5310211181641","1.30380165576935","0","7","218","3","334","228","218","-1","0","227","0","17","0","45","0.416666686534882","0.0504326298832893","37","235","20460.0007721427","1023","20.0000007547827","45.1139849359423","0.11398493594232","10"
"default_paddle","2","2","9","0","0","0","0","1.29430031776428","0","470.533111572266","72812.703125","-475.64697265625","0","128701.75","0","0","0","375.089111328125","2383.00463867188","0","2383.00463867188","12900.5439453125","28594.205078125","0","0.6305251121521","0.893839120864868","0","0","73722.953125","0","73.0051498413086","1.35120320320129","0","6","218","3","331","228","218","-1","0","227","0","17","0","45","0.433333367109299","0.0504326298832893","33","232","20460.0002389763","1023","20.0000002336034","44.862864787797","-0.137135212202999","10"
"default_paddle","2","3","0","0","0","0","0","4.31684398651123","0","5.43007135391235","579.48681640625","0","0","1052.96923828125","0","0","0","16.7608909606934","436.651336669922","0","436.651336669922","108.240966796875","460.921508789063","0","0.00529036950320005","0.00731866573914886","0","0","583.531311035156","0","0.191811263561249","1.11808860301971","0","9","226","0","399","239","226","-1","0","238","0","25","0","45","0.133333340287209","0.0756489485502243","12","382","20460.0012780585","1023","20.0000012493241","46.2911036634617","1.29110366346173","10"
"default_paddle","2","3","1","0","0","0","0","4.03289985656738","0","4.29414558410645","506.678558349609","0","0","864.987609863281","0","0","0","13.1914987564087","438.299072265625","0","438.299072265625","89.6180801391602","361.277496337891","0","0.00438016001135111","0.00578182144090533","0","0","509.827941894531","0","0.149458959698677","1.14029288291931","0","9","227","1","396","240","227","-1","0","239","0","26","0","45","0.150000005960464","0.0756489485502243","11","382","20460.0014398827","1023","20.0000014075099","49.250825416244","4.25082541624405","10"
"default_paddle","2","3","2","0","0","0","0","3.52847766876221","0","61.1634407043457","36.1784591674805","0","0","544.225036621094","0","0","0","123.899085998535","721.740905761719","0","721.740905761719","223.099472045898","541.690063476563","0","0.0109041780233383","0.0894230380654335","0","0","96.8931884765625","0","4.35624885559082","0.383621215820313","0","9","228","2","387","241","228","-1","0","240","0","27","0","10.2796335220337","0.200000002980232","0.0756489485502243","26","348","20459.9990543438","1023","19.9999990756049","7.00403530108516","-3.27559822094853","10"
"default_paddle","2","3","3","0","0","0","0","3.25526762008667","0","112.529739379883","20.1898422241211","0","0","461.788116455078","0","0","0","189.706771850586","922.282592773438","0","922.282592773438","284.309814453125","538.684753417969","0","0.0138958860188723","0.174963250756264","0","0","132.367004394531","0","10.7014770507813","0.31204679608345","0","9","229","3","379","243","229","-1","0","242","0","28","0","7.5919361114502","0.25","0.0756489485502243","30","320","20459.9990289931","1023","19.9999990508241","4.5553281156512","-3.036607995799","10"
"default_paddle","2","3","4","0","0","0","0","3.23073291778564","0","102.108848571777","22.5499496459961","0","0","482.518188476563","0","0","0","171.929229736328","934.273559570313","0","934.273559570313","278.067779541016","539.682250976563","0","0.0135908015072346","0.16062892973423","0","0","124.293548583984","0","10.2564468383789","0.399873793125153","0","9","230","4","369","244","230","-1","0","243","0","29","0","7.58538103103638","0.300000011920929","0.0756489485502243","24","309","20459.9985801423","1023","19.9999986120648","4.85359423312777","-2.73178679790861","10"
"default_paddle","2","3","5","0","0","0","0","3.5268120765686","0","31.0500640869141","124.055168151855","0","0","990.675720214844","0","0","0","88.6044998168945","509.143249511719","0","509.143249511719","219.299621582031","547.570617675781","0","0.0107184574007988","0.045112382620573","0","0","154.266708374023","0","2.54253745079041","1.01129460334778","0","9","231","5","361","245","231","-1","0","244","0","30","0","15.0936985015869","0.349999994039536","0.0756489485502243","5","314","20459.9984290359","1023","19.9999984643557","13.7446135272968","-1.34908497429009","10"
"default_paddle","2","3","6","0","0","0","0","1.99515843391418","0","268.577331542969","37713.64453125","298.312164306641","0","68884.9375","0","0","0","246.668106079102","1945.908203125","0","1945.908203125","6912.09033203125","14998.8115234375","0","0.33783432841301","0.479993462562561","0","0","38119.89453125","0","38.2350616455078","1.35575211048126","0","8","233","7","352","248","233","-1","0","247","0","32","0","45","0.400000005960464","0.0756489485502243","35","258","20459.9999191943","1023","19.9999999210111","44.735184496196","-0.264815503804044","10"
"default_paddle","2","3","7","0","0","0","0","1.01773273944855","0","309.097442626953","46689.11328125","74.31201171875","0","82599.4765625","0","0","0","240.762573242188","2377.05688476563","0","2377.05688476563","8282.15234375","14538.8955078125","0","0.404797255992889","0.572306334972382","0","0","47218.21875","0","45.3259963989258","1.3988755941391","0","6","234","8","344","249","234","-1","0","248","0","33","0","45","0.449999988079071","0.0756489485502243","35","252","20460.0012009357","1023","20.0000011739352","45.0163646532006","0.0163646532005899","10"
"default_paddle","2","4","0","0","0","0","0","-3.31748747825623","0","8.50983619689941","1132.755859375","0","0","1701.75915527344","0","0","0","14.2876482009888","785.551940917969","0","785.551940917969","176.745697021484","474.516784667969","0","0.00863859802484512","0.0112236896529794","0","0","1138.62805175781","0","0.401241511106491","1.28964352607727","0","9","250","0","396","270","250","-1","0","269","0","49","0","45","0.266666650772095","0.100865259766579","24","370","20459.9978507106","1023","19.9999978990329","50.3247498591799","5.32474985917989","10"
"default_paddle","2","4","1","0","0","0","0","-3.77822542190552","0","7.93204069137573","1129.4052734375","0","0","1605.93286132813","0","0","0","13.0890426635742","800.18798828125","0","800.18798828125","167.82878112793","411.141418457031","0","0.00820277631282806","0.0104736955836415","0","0","1134.76123046875","0","0.383981227874756","1.31343615055084","0","9","251","1","394","271","251","-1","0","270","0","50","0","45","0.283333331346512","0.100865259766579","20","366","20459.9972896332","1023","19.9999973505701","51.5525576121414","6.55255761214143","10"
"default_paddle","2","4","2","0","0","0","0","2.79194188117981","0","36.2895278930664","71.9721527099609","0","0","707.954467773438","0","0","0","51.7385292053223","1017.54718017578","0","1017.54718017578","195.704437255859","545.575134277344","0","0.00956522207707167","0.0526463948190212","0","0","107.658767700195","0","2.67500066757202","0.738568663597107","0","9","252","2","391","272","252","-1","0","271","0","51","0","12.7288427352905","0.300000011920929","0.100865259766579","36","352","20459.9993266202","1023","19.9999993417598","10.4681008651722","-2.26074187011828","10"
"default_paddle","2","4","3","0","0","0","0","2.55403995513916","0","15.6557092666626","515.1787109375","0","0","1765.9658203125","0","0","0","23.0312614440918","930.16162109375","0","930.16162109375","214.936660766602","550.597290039063","0","0.0105052124708891","0.0214227940887213","0","0","529.01318359375","0","1.03347897529602","1.25857579708099","0","9","253","3","383","273","253","-1","0","272","0","52","0","28.1986904144287","0.349999994039536","0.100865259766579","18","347","20460.0012957578","1023","20.0000012666254","29.3652602556704","1.1665698412417","10"
"default_paddle","2","4","4","0","0","0","0","2.64449620246887","0","40.0623779296875","102.161376953125","0","0","977.322998046875","0","0","0","50.5870361328125","1197.46118164063","0","1197.46118164063","251.476013183594","546.862548828125","0","0.0122911054641008","0.060576006770134","0","0","141.441223144531","0","3.73667025566101","1.01763498783112","0","9","255","5","374","276","255","-1","0","275","0","54","0","13.1307373046875","0.400000005960464","0.100865259766579","27","325","20459.9996247767","1023","19.9999996332128","11.7068192884787","-1.42391801620881","10"
"default_paddle","2","4","5","0","0","0","0","2.5586109161377","0","44.4608383178711","121.450393676758","0","0","1144.52770996094","0","0","0","54.4873886108398","1269.30163574219","0","1269.30163574219","291.168395996094","547.375610351563","0","0.0142311062663794","0.0691609308123589","0","0","165.026123046875","0","4.54422426223755","1.11321151256561","0","9","257","7","367","278","257","-1","0","277","0","56","0","12.8577060699463","0.449999988079071","0.100865259766579","24","316","20459.9973147535","1023","19.9999973751256","11.874460484656","-0.983245585290332","10"
"default_paddle","2","4","6","0","0","0","0","2.26989507675171","0","61.0237045288086","93.2003326416016","0","0","1073.68090820313","0","0","0","65.3431015014648","1527.54443359375","0","1527.54443359375","334.630798339844","546.579040527344","0","0.0163553655147552","0.0998144969344139","0","0","153.445159912109","0","7.04614162445068","1.10718977451324","0","8","259","9","358","280","259","-1","0","279","0","58","0","9.99820041656494","0.5","0.100865259766579","25","302","20460.0012172123","1023","20.0000011898458","9.43087806618539","-0.567322350379555","10"
"default_paddle","20","0","0","0","0","0","0","5.00888156890869","0","18.6640377044678","65.2140884399414","0","0","550.568054199219","0","0","0","200.067657470703","139.842803955078","0","139.842803955078","124.386619567871","546.713989257813","0","0.0060795028693974","0.0279780235141516","0","0","83.3899612426758","0","0.733206272125244","-0.159960806369781","0","9","73","5","393","204","204","-1","0","74","0","3","0","17.901798248291","0.0333333350718021","0","19","393","20459.9984965876","1023","19.9999985303887","12.5502437202366","-5.35155452805438","10"
"default_paddle","20","0","1","0","0","0","0","4.55888748168945","0","39.013500213623","40.9352226257324","0","0","530.795104980469","0","0","0","247.93408203125","240.270324707031","0","240.270324707031","177.626571655273","543.364501953125","0","0.00868165213614702","0.0595712065696716","0","0","79.5019989013672","0","2.02262759208679","-0.0839818343520164","0","9","79","6","391","205","205","-1","0","80","0","4","0","13.2510585784912","0.0500000007450581","0","22","389","20459.9964234579","1023","19.9999965038689","8.37988548001044","-4.87117309848077","10"
"default_paddle","20","0","2","0","0","0","0","4.03436326980591","0","112.095649719238","18.362865447998","16.7789936065674","0","456.629058837891","0","0","0","357.621948242188","502.363952636719","0","502.363952636719","287.879638671875","535.174133300781","0","0.0140703627839684","0.179656386375427","0","0","146.848510742188","0","8.86324596405029","-0.0443868674337864","0","9","95","9","387","208","208","-1","0","96","0","7","0","8.57195091247559","0.100000001490116","0","40","373","20460.0011450935","1023","20.0000011193485","4.49190198047863","-4.08004893199695","10"
"default_paddle","20","0","3","0","0","0","0","3.65002107620239","0","195.968887329102","9.17535781860352","160.401901245117","0","345.502777099609","0","0","0","470.514617919922","696.11328125","0","696.11328125","333.926635742188","525.56640625","0","0.0163209494203329","0.327531486749649","0","0","365.209930419922","0","19.4178028106689","-0.0168298147618771","0","9","110","13","381","212","212","-1","0","111","1","11","0","6.44020938873291","0.150000005960464","0","57","356","20460.0006496054","1023","20.0000006350004","2.85624135930575","-3.58396802942716","10"
"default_paddle","20","0","4","0","0","0","0","3.23302412033081","0","289.662719726563","-3.89231634140015","0","0","225.600860595703","0","0","0","526.634460449219","944.7509765625","0","944.7509765625","-333.257995605469","574.048278808594","0","-0.0162882674485445","0.497538387775421","0","0","285.610382080078","0","33.778636932373","-0.0152260093018413","0","9","124","16","374","215","215","-1","0","125","1","14","0","1.11837875843048","0.200000002980232","0","75","340","20460.0026772797","1023","20.0000026170867","-1.87606770568137","-2.99444646411185","10"
"default_paddle","20","0","5","0","0","0","0","2.99728393554688","0","362.063110351563","-1.02587258815765","0","0","99.6417770385742","0","0","0","559.344177246094","1123.32604980469","0","1123.32604980469","-246.498947143555","568.740295410156","0","-0.0120478458702564","0.628325879573822","0","0","360.968414306641","0","46.0652694702148","-0.0224722344428301","0","9","136","18","367","217","217","-1","0","137","1","16","0","1.67136132717133","0.25","0","89","330","20460.0017130123","1023","20.0000016744988","-1.09868627556499","-2.77004760273632","10"
"default_paddle","20","0","6","0","0","0","0","2.63773727416992","0","505.675933837891","65029.9765625","-30.589599609375","0","123787.3828125","0","0","0","636.937438964844","1407.13439941406","0","1407.13439941406","12437.123046875","123186.1484375","0","0.607874989509583","0.896256566047668","0","0","66378.3984375","0","72.0140762329102","-0.117987096309662","0","9","150","23","361","222","222","-1","0","151","2","21","0","45","0.300000011920929","0","111","305","20460.0012527394","1023","20.0000012245742","42.7060826474307","-2.29391735256934","10"
"default_paddle","20","0","7","0","0","0","0","2.53765892982483","0","544.990112304688","72197.1484375","-116.053039550781","0","135401.59375","0","0","0","650.048645019531","1487.50610351563","0","1487.50610351563","13583.9326171875","133889.328125","0","0.663926243782043","0.966951429843903","0","0","73461.0859375","0","79.3860397338867","-0.162466689944267","0","9","155","25","360","224","224","-1","0","156","2","23","0","45","0.316666692495346","0","117","299","20460.0025144463","1023","20.0000024579143","43.3629915949951","-1.63700840500491","10"
"default_paddle","20","0","8","0","0","0","0","2.4327597618103","0","577.255187988281","76584.390625","42.2048034667969","0","143831.078125","0","0","0","657.646118164063","1568.71740722656","0","1568.71740722656","14434.4169921875","141254.3125","0","0.705494523048401","1.03166091442108","0","0","78187.3984375","0","85.5257415771484","-0.195475175976753","0","9","160","27","359","226","226","-1","0","161","2","25","0","45","0.333333373069763","0","123","294","20459.9986543017","1023","19.9999986845569","43.1447161162584","-1.85528388374163","10"
"default_paddle","20","1","0","0","0","0","0","5.421555519104","0","7.01774406433105","118.931137084961","0","0","564.304138183594","0","0","0","152.347015380859","68.8447723388672","0","68.8447723388672","81.0672073364258","549.933898925781","0","0.00396222900599241","0.0104882959276438","0","0","125.433280944824","0","0.209257766604424","0.222387224435806","0","9","96","1","398","209","209","-1","0","97","0","8","0","27.6006450653076","0.0333333350718021","0.0252163149416447","11","392","20460.0004729209","1023","20.0000004622883","22.1960064866509","-5.40463857865675","10"
"default_paddle","20","1","1","0","0","0","0","5.20354318618774","0","19.4554042816162","63.3112335205078","0","0","546.329284667969","0","0","0","238.109146118164","115.320610046387","0","115.320610046387","125.706359863281","546.452880859375","0","0.00614400580525398","0.0274588912725449","0","0","82.2762145996094","0","0.760674893856049","0.108220256865025","0","9","101","2","396","210","210","-1","0","102","0","9","0","18.0066547393799","0.0500000007450581","0.0252163149416447","16","388","20460.0001770481","1023","20.0000001730676","12.9295530939022","-5.07710164547771","10"
"default_paddle","20","1","2","0","0","0","0","4.72470283508301","0","85.2682113647461","24.1388149261475","99.7700042724609","0","481.88330078125","0","0","0","369.409210205078","346.552673339844","0","346.552673339844","249.283584594727","524.611694335938","0","0.0121839484199882","0.128019750118256","0","0","208.517776489258","0","5.84494113922119","0.0537015981972218","0","9","115","5","392","213","213","-1","0","116","0","12","0","9.9903507232666","0.100000001490116","0.0252163149416447","28","366","20459.9999935792","1023","19.9999999937235","5.46124329572935","-4.52910742753725","10"
"default_paddle","20","1","3","0","0","0","0","4.24254703521729","0","168.288635253906","12.6261177062988","252.39079284668","0","385.775665283203","0","0","0","468.38037109375","570.032104492188","0","570.032104492188","313.445098876953","524.94189453125","0","0.0153198977932334","0.266991853713989","0","0","432.893981933594","0","15.3925609588623","0.0351515486836433","0","9","129","8","385","216","216","-1","0","130","0","15","0","7.29448556900024","0.150000005960464","0.0252163149416447","39","346","20459.9993490425","1023","19.9999993636779","3.28941826612377","-4.00506730287648","10"
"default_paddle","20","1","4","0","0","0","0","3.78611207008362","0","224.932525634766","8.48621368408203","543.371826171875","0","305.607147216797","0","0","0","516.552978515625","698.277954101563","0","698.277954101563","309.425201416016","522.777282714844","0","0.0151234213262796","0.360697567462921","0","0","776.335021972656","0","23.2748184204102","0.0408879742026329","0","9","141","11","378","219","219","-1","0","142","0","18","0","6.2501482963562","0.200000002980232","0.0252163149416447","43","327","20460.0000714345","1023","20.0000000698285","2.40301682630707","-3.84713147004913","10"
"default_paddle","20","1","5","0","0","0","0","3.2456967830658","0","309.040344238281","3.03332161903381","581.578979492188","0","178.095642089844","0","0","0","561.309265136719","915.139587402344","0","915.139587402344","277.112701416016","533.216369628906","0","0.0135441208258271","0.513676345348358","0","0","893.386901855469","0","36.4787521362305","0.0196156930178404","0","9","155","16","374","224","224","-1","0","156","0","23","0","4.9331750869751","0.25","0.0252163149416447","62","319","20459.9992114359","1023","19.9999992291651","1.51089482230392","-3.42228026467118","10"
"default_paddle","20","1","6","0","0","0","0","2.78479599952698","0","445.597290039063","54571.21875","625.238098144531","0","104453","0","0","0","663.095581054688","1146.115234375","0","1146.115234375","10496.556640625","84641.546875","0","0.513028204441071","0.759983956813812","0","0","55521.77734375","0","60.2625770568848","0.625592529773712","0","9","170","22","369","230","230","-1","0","171","0","29","0","45","0.300000011920929","0.0252163149416447","74","287","20459.9991769667","1023","19.9999991954709","42.4581394701497","-2.5418605298503","10"
"default_paddle","20","1","7","0","0","0","0","2.44066429138184","0","554.832275390625","71761.09375","987.503723144531","0","134396.578125","0","0","0","694.856628417969","1377.10827636719","0","1377.10827636719","13484.6435546875","103004.8046875","0","0.659073531627655","0.956892848014832","0","0","73153.8828125","0","79.5245513916016","0.694479525089264","0","9","184","28","366","236","236","-1","0","185","0","35","0","45","0.349999994039536","0.0252163149416447","87","270","20459.9986307835","1023","19.9999986615675","43.5323655310632","-1.4676344689368","10"
"default_paddle","20","1","8","0","0","0","0","2.14853429794312","0","639.095336914063","87942.5859375","829.862182617188","0","159165.359375","0","0","0","721.870361328125","1566.34741210938","0","1566.34741210938","15966.5751953125","112104.28125","0","0.780379951000214","1.13069975376129","0","0","88966.9453125","0","95.4973983764648","0.787673115730286","0","9","198","34","361","242","242","-1","0","199","1","41","0","45","0.400000005960464","0.0252163149416447","97","261","20460.0017912404","1023","20.0000017509682","43.6439097049437","-1.35609029505629","10"
"default_paddle","20","1","9","0","0","0","0","1.79919564723969","0","725.58154296875","107240.0546875","141.495086669922","0","185976.328125","0","0","0","738.332580566406","1754.95080566406","0","1754.95080566406","18698.576171875","119368.1484375","0","0.913908839225769","1.29573726654053","0","0","108081.7890625","0","110.127075195313","0.874945282936096","0","9","212","41","359","249","249","-1","0","213","1","48","0","45","0.449999988079071","0.0252163149416447","104","260","20460.0014457851","1023","20.0000014132796","44.8553626491258","-0.144637350874198","10"
"default_paddle","20","1","10","0","0","0","0","1.65870630741119","0","758.288696289063","115814.359375","-56.4812164306641","0","196751.78125","0","0","0","748.311706542969","1828.74572753906","0","1828.74572753906","19808.603515625","122087.15625","0","0.968162477016449","1.36847186088562","0","0","116591.4609375","0","115.862373352051","0.90297794342041","0","8","216","43","357","251","251","-1","0","217","0","50","0","45","0.466666668653488","0.0252163149416447","103","258","20459.9992107404","1023","19.9999992284852","45.0300136902587","0.0300136902587127","10"
"default_paddle","20","2","0","0","0","0","0","4.97043371200562","0","17.6980838775635","72.0655517578125","0","0","560.045837402344","0","0","0","122.382369995117","199.671310424805","0","199.671310424805","121.462760925293","547.117431640625","0","0.00593659747391939","0.0244362484663725","0","0","89.276611328125","0","0.717163026332855","0.24068857729435","0","9","129","1","398","216","216","-1","0","130","0","15","0","18.2071437835693","0.0833333358168602","0.0504326298832893","14","379","20459.9960598478","1023","19.9999961484338","14.060260509904","-4.14688327366535","10"
"default_paddle","20","2","1","0","0","0","0","4.90529251098633","0","32.9145851135254","50.2245254516602","0","0","542.22119140625","0","0","0","196.967178344727","227.667831420898","0","227.667831420898","160.055114746094","544.256103515625","0","0.00782283022999763","0.0448430925607681","0","0","82.6656875610352","0","1.59378886222839","0.177792057394981","0","9","133","2","396","217","217","-1","0","134","0","16","0","14.1645030975342","0.100000001490116","0.0504326298832893","19","372","20460.001053371","1023","20.0000010296881","10.0465922701546","-4.11791082737955","10"
"default_paddle","20","2","2","0","0","0","0","4.03824377059937","0","122.780876159668","20.102409362793","512.318054199219","0","432.993225097656","0","0","0","352.916473388672","518.838989257813","0","518.838989257813","268.767700195313","504.676361083984","0","0.013136250898242","0.18310683965683","0","0","654.312072753906","0","9.80429649353027","0.0834513679146767","0","9","147","6","390","221","221","-1","0","148","0","20","0","8.61723518371582","0.150000005960464","0.0504326298832893","33","347","20460.000518967","1023","20.0000005072992","4.11398564145471","-4.50324954226111","10"
"default_paddle","20","2","3","0","0","0","0","3.56321167945862","0","210.54328918457","9.81484413146973","850.710754394531","0","322.90771484375","0","0","0","453.589263916016","727.698791503906","0","727.698791503906","300.661865234375","513.422607421875","0","0.0146951042115688","0.330076366662979","0","0","1070.43200683594","0","21.1135292053223","0.0580272413790226","0","9","161","11","385","226","226","-1","0","162","0","25","0","6.54750204086304","0.200000002980232","0.0504326298832893","43","328","20460.0022501152","1023","20.0000021995261","2.55166967852016","-3.99583236234288","10"
"default_paddle","20","2","4","0","0","0","0","3.31842350959778","0","236.566452026367","8.57951927185059","1047.15258789063","0","280.033874511719","0","0","0","455.157562255859","813.66796875","0","813.66796875","284.031433105469","514.510620117188","0","0.013882277533412","0.370347112417221","0","0","1291.76525878906","0","25.4577369689941","0.0718517377972603","0","9","175","17","382","232","232","-1","0","176","0","31","0","6.05021286010742","0.25","0.0504326298832893","46","312","20460.0025047662","1023","20.0000024484518","2.14820700586107","-3.90200585424635","10"
"default_paddle","20","2","5","0","0","0","0","2.68443202972412","0","388.896759033203","45859.42578125","597.655517578125","0","88460.03125","0","0","0","563.752868652344","1140.87841796875","0","1140.87841796875","8896.5966796875","65760.5859375","0","0.434828788042068","0.643173515796661","0","0","47110.4375","0","50.4205780029297","0.732878804206848","0","9","190","24","378","239","239","-1","0","191","0","38","0","45","0.300000011920929","0.0504326298832893","64","291","20459.9992556766","1023","19.9999992724112","42.5371148478457","-2.46288515215426","10"
"default_paddle","20","2","6","0","0","0","0","2.48203492164612","0","417.904144287109","50378.46484375","1135.49035644531","0","95817.0859375","0","0","0","559.390747070313","1231.9921875","0","1231.9921875","9626.1474609375","64234.7890625","0","0.47048619389534","0.689165055751801","0","0","51745.8828125","0","55.0557174682617","0.833739340305328","0","9","204","30","375","245","245","-1","0","205","0","44","0","45","0.349999994039536","0.0504326298832893","62","277","20459.9998593771","1023","19.9999998625387","43.0542220334285","-1.94577796657154","10"
"default_paddle","20","2","7","0","0","0","0","2.12031197547913","0","486.575897216797","62809.7421875","1185.46105957031","0","115224.1484375","0","0","0","580.967956542969","1420.18676757813","0","1420.18676757813","11569.453125","72247.2890625","0","0.56546688079834","0.825083017349243","0","0","63986.921875","0","67.7485122680664","0.890932381153107","0","9","218","37","371","252","252","-1","0","219","0","51","0","45","0.400000005960464","0.0504326298832893","69","271","20460.0013154899","1023","20.0000012859139","43.2627806961787","-1.73721930382132","10"
"default_paddle","20","2","8","0","0","0","0","1.75048291683197","0","545.287719726563","76689.0625","575.23828125","0","133448.953125","0","0","0","584.943481445313","1601.11694335938","0","1601.11694335938","13429.703125","75463.1796875","0","0.656388223171234","0.936562895774841","0","0","77510.3515625","0","78.2635879516602","0.97063821554184","0","9","231","44","369","259","259","-1","0","232","0","58","0","45","0.449999988079071","0.0504326298832893","74","271","20460.0001202285","1023","20.0000001175254","44.4950766259974","-0.50492337400258","10"
"default_paddle","20","2","9","0","0","0","0","1.53919780254364","0","586.066223144531","86026.359375","272.844085693359","0","146047.765625","0","0","0","587.917846679688","1720.51330566406","0","1720.51330566406","14722.6357421875","81035.2109375","0","0.719581425189972","1.01152050495148","0","0","86613.46875","0","84.6322250366211","0.984338104724884","0","8","235","46","367","261","261","-1","0","236","0","60","0","45","0.466666668653488","0.0504326298832893","76","270","20459.9996981588","1023","19.9999997049451","45.3477897081939","0.347789708193936","10"
"default_paddle","20","2","10","0","0","0","0","1.42225635051727","0","580.798400878906","86462.6875","146.723266601563","0","145415.65625","0","0","0","576.662109375","1753.5888671875","0","1753.5888671875","14664.05078125","76555.3203125","0","0.716718077659607","1.01122832298279","0","0","86980.3828125","0","85.0459136962891","1.01861393451691","0","8","240","49","367","264","264","-1","0","241","0","63","0","45","0.483333349227905","0.0504326298832893","75","271","20459.998482436","1023","19.9999985165552","45.1341100205103","0.134110020510285","10"
"default_paddle","20","3","0","0","0","0","0","5.22756958007813","0","6.92216062545776","201.877746582031","0","0","617.564147949219","0","0","0","30.0441970825195","327.684875488281","0","327.684875488281","87.8291931152344","550.411743164063","0","0.00429272698238492","0.00984502956271172","0","0","208.22721862793","0","0.265113413333893","0.471835523843765","0","9","162","1","400","227","227","-1","0","163","0","26","0","25.8099575042725","0.133333340287209","0.0756489485502243","15","383","20459.999780009","1023","19.9999997849551","25.8508460103044","0.0408885060319868","10"
"default_paddle","20","3","1","0","0","0","0","4.48717927932739","0","4.08608055114746","389.328430175781","0","0","686.865783691406","0","0","0","17.8509349822998","344.881652832031","0","344.881652832031","83.4352798461914","551.555297851563","0","0.00407797144725919","0.00615645991638303","0","0","392.678161621094","0","0.153135761618614","0.637929916381836","0","9","167","3","398","229","229","-1","0","168","0","28","0","34.2251930236816","0.150000005960464","0.0756489485502243","13","383","20459.9960851291","1023","19.9999961731468","41.4823281344543","7.25713511077263","10"
"default_paddle","20","3","2","0","0","0","0","4.26671600341797","0","10.1834106445313","336.147003173828","0","0","601.63427734375","0","0","0","30.6555023193359","441.682891845703","0","441.682891845703","104.739791870117","549.246032714844","0","0.00511924643069506","0.0135400108993053","0","0","345.625244140625","0","0.425369769334793","0.425876975059509","0","9","181","9","394","235","235","-1","0","182","0","34","0","19.7684688568115","0.200000002980232","0.0756489485502243","19","374","20460.0019335065","1023","20.0000018900357","22.2149827822204","2.44651392540889","10"
"default_paddle","20","3","3","0","0","0","0","-5.26877355575562","0","5.93305826187134","472.476989746094","0","0","608.614013671875","0","0","0","14.7843894958496","493.980072021484","0","493.980072021484","92.7286758422852","550.385925292969","0","0.00453219376504421","0.00730319367721677","0","0","477.569885253906","0","0.223541960120201","0.440592110157013","0","9","195","15","391","241","241","-1","0","196","0","40","0","17.4765682220459","0.25","0.0756489485502243","15","369","20459.998104556","1023","19.9999981471711","38.3582790588373","20.8817108367914","10"
"default_paddle","20","3","4","0","0","0","0","3.18866944313049","0","79.2440872192383","56.5108413696289","395.409240722656","0","479.613220214844","0","0","0","155.802932739258","708.923156738281","0","708.923156738281","193.753692626953","508.135681152344","0","0.00946987792849541","0.110452309250832","0","0","530.218139648438","0","5.72611999511719","0.151175245642662","0","9","209","22","387","248","248","-1","0","210","0","47","0","9.16062068939209","0.300000011920929","0.0756489485502243","46","358","20459.9989661891","1023","19.9999989894322","4.91842141090048","-4.24219927849161","10"
"default_paddle","20","3","5","0","0","0","0","2.83397030830383","0","66.860969543457","82.8700408935547","664.275451660156","0","491.013916015625","0","0","0","114.258483886719","802.585205078125","0","802.585205078125","158.325790405273","506.767852783203","0","0.00773830898106098","0.0917021632194519","0","0","812.807739257813","0","4.75125169754028","0.17815101146698","0","9","223","29","385","255","255","-1","0","224","0","54","0","9.41390991210938","0.349999994039536","0.0756489485502243","48","359","20459.9985336287","1023","19.999998566597","4.84067437142281","-4.57323554068657","10"
"default_paddle","20","3","6","0","0","0","0","2.18695688247681","0","302.358215332031","1.4471971988678","1842.99060058594","0","123.017288208008","0","0","0","377.990417480469","1269.85620117188","0","1269.85620117188","24.7790107727051","445.402862548828","0","0.00121109536848962","0.479993492364883","0","0","2145.3583984375","0","37.6128921508789","0.06304881721735","0","9","237","36","381","262","262","-1","0","238","0","61","0","2.79851675033569","0.400000005960464","0.0756489485502243","64","287","20459.999614735","1023","19.9999996233969","0.144565979234372","-2.65395077110132","10"
"default_paddle","20","3","7","0","0","0","0","1.79417240619659","0","344.047027587891","42977.6640625","1451.93432617188","0","78493.5703125","0","0","0","384.960021972656","1448.61279296875","0","1448.61279296875","7888.7470703125","42635.90625","0","0.385569274425507","0.557658016681671","0","0","44243.05859375","0","45.2358093261719","0.992921710014343","0","9","249","43","379","269","269","-1","0","250","0","68","0","45","0.449999988079071","0.0756489485502243","68","287","20459.9992623028","1023","19.9999992788884","43.7416768588788","-1.25832314112125","10"
"default_paddle","20","3","8","0","0","0","0","1.45987367630005","0","302.174926757813","39721.43359375","1375.45397949219","0","69840.421875","0","0","0","315.985992431641","1543.08264160156","0","1543.08264160156","7024.90283203125","34246.75","0","0.343348145484924","0.487592458724976","0","0","40893.109375","0","39.784122467041","1.05515658855438","0","9","259","51","376","277","277","-1","0","260","0","76","0","45","0.5","0.0756489485502243","67","292","20459.9993458817","1023","19.9999993605882","44.7625508693927","-0.237449130607295","10"
"default_paddle","20","3","9","0","0","0","0","1.4591076374054","0","79.1939849853516","45.8551788330078","1749.4423828125","0","403.598571777344","0","0","0","85.7795944213867","1289.60546875","0","1289.60546875","175.50065612793","352.055419921875","0","0.00857774447649717","0.110621832311153","0","0","1870.92785644531","0","7.59364604949951","0.362561076879501","0","9","269","59","375","285","285","-1","0","270","0","84","0","10.8799905776978","0.550000011920929","0.0756489485502243","59","333","20460.0004825042","1023","20.0000004716561","4.44724498409691","-6.43274559360084","10"
"default_paddle","20","3","10","0","0","0","0","1.12370908260345","0","189.766021728516","23672.373046875","2060.6240234375","0","42141.83203125","0","0","0","191.780197143555","1538.64196777344","0","1538.64196777344","4243.943359375","18474.43359375","0","0.207426354289055","0.295081049203873","0","0","25283.625","0","23.3965549468994","1.10457336902618","0","9","273","62","374","288","288","-1","0","274","0","87","0","45","0.566666662693024","0.0756489485502243","63","305","20460.0007261418","1023","20.000000709816","44.6639253376066","-0.336074662393443","10"
"default_paddle","20","3","11","0","0","0","0","0.838563323020935","0","209.153747558594","27886.021484375","1857.1279296875","0","47803.97265625","0","0","0","200.49755859375","1656.0205078125","0","1656.0205078125","4819.7607421875","20131.466796875","0","0.235569953918457","0.332028061151505","0","0","29342.33203125","0","26.4837036132813","1.12779855728149","0","9","277","65","374","291","291","-1","0","278","0","90","0","45","0.583333313465118","0.0756489485502243","65","305","20459.9978138802","1023","19.9999978630305","45.193278598897","0.193278598896995","10"
"default_paddle","20","4","0","0","0","0","0","-5.27326822280884","0","9.48660278320313","357.011657714844","0","0","594.169311523438","0","0","0","18.3048477172852","663.78857421875","0","663.78857421875","99.1426849365234","549.502319335938","0","0.0048456834629178","0.0121505483984947","0","0","365.752746582031","0","0.398749172687531","0.395548582077026","0","9","219","3","399","253","253","-1","0","220","0","52","0","16.8399257659912","0.266666650772095","0.100865259766579","34","383","20460.0002652309","1023","20.0000002592678","23.5034115048991","6.6634857389079","10"
"default_paddle","20","4","1","0","0","0","0","-2.02125000953674","0","12.1098127365112","339.094848632813","0","0","584.600219726563","0","0","0","21.8329124450684","700.250732421875","0","700.250732421875","105.816864013672","548.818298339844","0","0.0051718894392252","0.015288514085114","0","0","350.453308105469","0","0.537449836730957","0.362752288579941","0","9","224","5","398","255","255","-1","0","225","0","54","0","15.460259437561","0.283333331346512","0.100865259766579","37","382","20460.0011769634","1023","20.0000011505018","19.7724805125595","4.31222107499844","10"
"default_paddle","20","4","2","0","0","0","0","-7.36226844787598","0","8.43755340576172","390.215118408203","0","0","580.448669433594","0","0","0","14.0773773193359","717.742126464844","0","717.742126464844","94.7926025390625","549.676696777344","0","0.0046330695040524","0.0101039269939065","0","0","397.862884521484","0","0.343566209077835","0.331050246953964","0","9","228","7","396","257","257","-1","0","229","0","56","0","13.1072664260864","0.300000011920929","0.100865259766579","31","379","20460.0001049305","1023","20.0000001025714","27.2930317642596","14.1857653381731","10"
"default_paddle","20","4","3","0","0","0","0","-11.8651647567749","0","8.2545747756958","349.69140625","0","0","550.749267578125","0","0","0","10.9432601928711","813.384155273438","0","813.384155273438","86.1862640380859","549.922119140625","0","0.004212427418679","0.00890107452869415","0","0","357.228515625","0","0.326531410217285","0.0744255632162094","0","9","241","14","394","264","264","-1","0","242","0","63","0","3.9241783618927","0.349999994039536","0.100865259766579","25","373","20459.9997749311","1023","19.9999997799913","28.2454244250949","24.3212460632022","10"
"default_paddle","20","4","4","0","0","0","0","-17.0998439788818","0","7.87746715545654","407.499267578125","0","0","591.751586914063","0","0","0","8.65200233459473","921.681091308594","0","921.681091308594","89.7177658081055","591.388000488281","0","0.0043850326910615","0.00797438714653254","0","0","414.619659423828","0","0.303702771663666","0.0514229908585548","0","9","253","22","391","272","272","-1","0","254","0","71","0","0.0057295779697597","0.400000005960464","0.100865259766579","22","371","20459.9993042212","1023","19.9999993198643","33.3594414526482","33.3537118746784","10"
"default_paddle","20","4","5","0","0","0","0","-6.94937896728516","0","15.8218116760254","277.864410400391","0","0","544.124450683594","0","0","0","16.7065181732178","1048.76196289063","0","1048.76196289063","93.6033020019531","549.163452148438","0","0.00457494147121906","0.0175211615860462","0","0","293.050537109375","0","0.846916794776917","0.0429406575858593","0","9","263","30","390","280","280","-1","0","264","0","79","0","2.74748611450195","0.449999988079071","0.100865259766579","30","362","20459.9998908863","1023","19.9999998933395","15.1359059163122","12.3884198018102","10"
"default_paddle","20","4","6","0","0","0","0","1.28609216213226","0","92.9033126831055","42.9790802001953","597.411010742188","0","456.702819824219","0","0","0","100.09944152832","1285.49450683594","0","1285.49450683594","196.64404296875","502.806579589844","0","0.00961114652454853","0.128677293658257","0","0","732.444946289063","0","8.42166709899902","0.232379615306854","0","9","273","38","387","288","288","-1","0","274","0","87","0","8.88741207122803","0.5","0.100865259766579","73","352","20459.9984472703","1023","19.9999984821801","4.28351795876782","-4.60389411246021","10"
"default_paddle","20","4","7","0","0","0","0","0.770762085914612","0","42.9180946350098","68.7556915283203","0","0","531.333984375","0","0","0","40.8991966247559","1362.16564941406","0","1362.16564941406","162.671966552734","544.351928710938","0","0.0079507315531373","0.0557114779949188","0","0","111.197677612305","0","3.58540844917297","0.258097887039185","0","9","285","47","387","297","297","-1","0","286","0","96","0","6.91552734375","0.550000011920929","0.100865259766579","47","345","20459.9998711496","1023","19.9999998740465","8.20484460976897","1.28931726601897","10"
"default_paddle","20","4","8","0","0","0","0","-0.15398982167244","0","158.014587402344","20076.7265625","2023.8671875","0","35086.09765625","0","0","0","131.957992553711","1827.80676269531","0","1827.80676269531","3538.89184570313","14140.384765625","0","0.172966361045837","0.241193696856499","0","0","21644.603515625","0","18.9187965393066","1.14230704307556","0","9","298","57","386","307","307","-1","0","299","0","106","0","45","0.600000023841858","0.100865259766579","68","323","20460.0005706618","1023","20.0000005578317","45.8177317791854","0.817731779185415","10"
"default_paddle","20","4","9","0","0","0","0","-0.455850929021835","0","86.5876159667969","37.3208427429199","1816.72338867188","0","394.016723632813","0","0","0","69.8056030273438","1760.93713378906","0","1760.93713378906","177.322570800781","359.6728515625","0","0.00866679288446903","0.122923269867897","0","0","1937.13842773438","0","8.81380462646484","0.358802258968353","0","9","310","67","387","317","317","-1","0","311","0","116","0","8.60744190216064","0.649999976158142","0.100865259766579","78","347","20459.9986597747","1023","19.9999986899068","4.04303396866041","-4.56440793350024","10"
"default_paddle","30","0","0","0","0","0","0","4.70160627365112","0","14.4142332077026","76.9841690063477","0","0","556.529479980469","0","0","0","173.985717773438","123.195411682129","0","123.195411682129","110.144607543945","547.679565429688","0","0.00538341142237186","0.0214342419058084","0","0","90.8956146240234","0","0.513000130653381","-0.192666292190552","0","9","42","6","394","205","205","-1","0","43","0","4","0","19.7229785919189","0.0333333350718021","0","17","394","20460.0018282491","1023","20.0000017871448","14.5461301884301","-5.1768484034888","10"
"default_paddle","30","0","1","0","0","0","0","4.15122842788696","0","40.1767501831055","40.4365844726563","0","0","533.170166015625","0","0","0","249.532684326172","251.826248168945","0","251.826248168945","181.591812133789","543.339538574219","0","0.00887545570731163","0.0628388822078705","0","0","80.1715087890625","0","2.11176180839539","-0.139140844345093","0","9","49","8","393","207","207","-1","0","50","0","6","0","12.6643047332764","0.0500000007450581","0","25","391","20459.9986887651","1023","19.9999987182455","8.11969109703195","-4.54461363624442","10"
"default_paddle","30","0","2","0","0","0","0","3.69502806663513","0","113.604515075684","18.3908576965332","25.3360614776611","0","456.236602783203","0","0","0","381.724304199219","480.0615234375","0","480.0615234375","288.119720458984","534.527526855469","0","0.0140820974484086","0.183251157402992","0","0","156.940002441406","0","8.89797019958496","-0.0565390847623348","0","9","68","12","390","211","211","-1","0","69","1","10","0","8.25260066986084","0.100000001490116","0","42","374","20460.0004732636","1023","20.0000004626233","4.40729006350443","-3.84531060635641","10"
"default_paddle","30","0","3","0","0","0","0","3.25295948982239","0","202.619552612305","9.21075534820557","0","0","348.858489990234","0","0","0","479.964874267578","690.789855957031","0","690.789855957031","340.114227294922","534.805053710938","0","0.0166233722120523","0.331554889678955","0","0","211.570358276367","0","19.5576686859131","-0.0329198464751244","0","9","85","17","385","216","216","-1","0","86","2","15","0","5.95305442810059","0.150000005960464","0","60","358","20460.0019151548","1023","20.0000018720966","2.87387898407604","-3.07917544402454","10"
"default_paddle","30","0","4","0","0","0","0","3.09876346588135","0","233.063629150391","7.01347017288208","189.276062011719","0","301.272613525391","0","0","0","480.075653076172","804.676330566406","0","804.676330566406","335.342559814453","528.317565917969","0","0.0163901560008526","0.386305540800095","0","0","429.081939697266","0","23.9790897369385","-0.0380985699594021","0","9","89","17","382","216","216","-1","0","90","2","15","0","5.51201629638672","0.16666667163372","0","68","355","20459.9980498666","1023","19.9999980937112","2.43167312740596","-3.08034316898075","10"
"default_paddle","30","1","0","0","0","0","0","5.15728378295898","0","5.82970142364502","128.231887817383","0","0","553.495483398438","0","0","0","157.863555908203","56.6609268188477","0","56.6609268188477","74.7482757568359","550.378723144531","0","0.00365338544361293","0.00894469581544399","0","0","133.561508178711","0","0.169096246361732","0.0943678840994835","0","9","59","1","398","209","209","-1","0","60","0","8","0","29.2483768463135","0.0333333350718021","0.0252163149416447","12","394","20460.0026223664","1023","20.000002563408","24.1069743086877","-5.14140253762574","10"
"default_paddle","30","1","1","0","0","0","0","5.05533409118652","0","19.9380397796631","62.1441459655762","0","0","543.606872558594","0","0","0","247.116668701172","111.117118835449","0","111.117118835449","126.670822143555","546.316772460938","0","0.00619114469736814","0.0274588912725449","0","0","81.5929183959961","0","0.768711864948273","0.047854732722044","0","9","65","2","396","210","210","-1","0","66","0","9","0","17.6694202423096","0.0500000007450581","0.0252163149416447","16","388","20460.0002641519","1023","20.000000258213","13.0304922474322","-4.63892799487739","10"
"default_paddle","30","1","2","0","0","0","0","4.76826572418213","0","91.6386337280273","23.1271018981934","180.218902587891","0","473.21142578125","0","0","0","422.112426757813","323.0146484375","0","323.0146484375","252.997375488281","518.484008789063","0","0.0123654631897807","0.136348500847816","0","0","294.2626953125","0","6.34604644775391","0.0220991186797619","0","9","83","7","394","215","215","-1","0","84","0","14","0","9.6131420135498","0.100000001490116","0.0252163149416447","30","365","20459.9998888329","1023","19.9999998913323","5.20331110578682","-4.40983090776299","10"
"default_paddle","30","1","3","0","0","0","0","4.11217212677002","0","170.863616943359","12.6856107711792","437.882507324219","0","386.752655029297","0","0","0","506.163421630859","519.568664550781","0","519.568664550781","304.785095214844","523.271545410156","0","0.0148966321721673","0.262986660003662","0","0","620.885131835938","0","15.1930074691772","0.0157313458621502","0","9","98","10","387","218","218","-1","0","99","0","17","0","7.2750129699707","0.150000005960464","0.0252163149416447","38","344","20460.0000652698","1023","20.0000000638024","3.24720371412797","-4.02780925584273","10"
"default_paddle","30","1","4","0","0","0","0","3.79824376106262","0","211.402435302734","9.28856182098389","595.558471679688","0","338.84423828125","0","0","0","559.423522949219","586.287963867188","0","586.287963867188","301.945617675781","535.778076171875","0","0.0147578520700336","0.327983289957047","0","0","815.581298828125","0","20.5911254882813","0.0187493432313204","0","9","115","16","383","224","224","-1","0","116","0","23","0","6.47544145584106","0.200000002980232","0.0252163149416447","45","335","20459.9975825001","1023","19.9999976368525","2.57893703180386","-3.89650442403721","10"
"default_paddle","30","1","5","0","0","0","0","3.01316118240356","0","327.260101318359","2.48143434524536","680.900573730469","0","174.955535888672","0","0","0","624.3017578125","846.272705078125","0","846.272705078125","253.076889038086","552.378784179688","0","0.0123693514615297","0.528329491615295","0","0","1034.09594726563","0","37.743221282959","0.00550476741045713","0","9","133","23","381","231","231","-1","0","134","1","30","0","4.59889078140259","0.25","0.0252163149416447","69","323","20459.99661544","1023","19.9999966915347","1.34154224651281","-3.25734853488978","10"
"default_paddle","30","1","6","0","0","0","0","2.58337545394897","0","462.147827148438","54823.57421875","1098.85485839844","0","105218.984375","0","0","0","734.423767089844","1049.32971191406","0","1049.32971191406","10581.7626953125","92735.7890625","0","0.517192721366882","0.770652711391449","0","0","56062.6875","0","60.8184204101563","0.485090166330338","0","9","150","30","377","238","238","-1","0","151","1","37","0","45","0.300000011920929","0.0252163149416447","81","292","20459.9992578126","1023","19.9999992744991","42.1527931746383","-2.8472068253617","10"
"default_paddle","30","1","7","0","0","0","0","2.28250026702881","0","561.327941894531","70008.8203125","1571.10827636719","0","131425.515625","0","0","0","787.829467773438","1197.08557128906","0","1197.08557128906","13187.2548828125","110832.4296875","0","0.644538342952728","0.943099319934845","0","0","71610.8828125","0","77.615478515625","0.557657659053802","0","9","168","38","376","246","246","-1","0","169","1","45","0","45","0.349999994039536","0.0252163149416447","93","278","20460.0005988778","1023","20.0000005854133","43.1119270966529","-1.88807290334714","10"
"default_paddle","30","1","8","0","0","0","0","1.97169208526611","0","674.48486328125","90133.5234375","1091.55554199219","0","163689.375","0","0","0","824.250549316406","1402.52380371094","0","1402.52380371094","16409.591796875","137813","0","0.802032768726349","1.1560310125351","0","0","91458.9375","0","97.4490356445313","0.564241528511047","0","9","184","45","372","253","253","-1","0","185","1","52","0","45","0.400000005960464","0.0252163149416447","116","273","20460.0016816444","1023","20.0000016438362","43.9301866251698","-1.06981337483015","10"
"default_paddle","30","1","9","0","0","0","0","1.65028524398804","0","757.264526367188","107481.484375","982.799194335938","0","187573.421875","0","0","0","851.688537597656","1545.763671875","0","1545.763671875","18841.32421875","143655.9375","0","0.920885860919952","1.31650924682617","0","0","108673.0234375","0","111.774917602539","0.694930553436279","0","9","201","53","371","261","261","-1","0","202","1","60","0","45","0.449999988079071","0.0252163149416447","116","271","20459.9994617441","1023","19.9999994738457","44.3861520800841","-0.613847919915891","10"
"default_paddle","30","1","10","0","0","0","0","1.49597382545471","0","788.518920898438","114936.828125","639.026062011719","0","197195.515625","0","0","0","852.248046875","1618.708984375","0","1618.708984375","19832.724609375","146443.1875","0","0.969341516494751","1.37954163551331","0","0","115991.6328125","0","117.120147705078","0.732124447822571","0","9","207","56","370","264","264","-1","0","208","1","63","0","45","0.466666668653488","0.0252163149416447","118","271","20459.9970927609","1023","19.999997158124","44.6403895477835","-0.359610452216494","10"
"default_paddle","30","2","0","0","0","0","0","5.94431638717651","0","7.37055969238281","111.834136962891","0","0","565.039428710938","0","0","0","102.296257019043","105.18595123291","0","105.18595123291","85.3927230834961","550.031494140625","0","0.00417364249005914","0.0107601284980774","0","0","118.730697631836","0","0.256608128547668","0.231384456157684","0","9","86","1","400","216","216","-1","0","87","0","15","0","25.7811298370361","0.0666666701436043","0.0504326298832893","11","388","20459.9994577605","1023","19.9999994699516","22.822671847319","-2.95845798971718","10"
"default_paddle","30","2","1","0","0","0","0","5.0689001083374","0","17.5584526062012","70.1194076538086","0","0","550.604553222656","0","0","0","157.665924072266","154.987487792969","0","154.987487792969","120.623054504395","547.137145996094","0","0.00589555455371737","0.0244362447410822","0","0","87.205436706543","0","0.717819631099701","0.15615251660347","0","9","91","2","399","217","217","-1","0","92","0","16","0","18.0069885253906","0.0833333358168602","0.0504326298832893","15","380","20460.0014138343","1023","20.0000013820472","13.961077895066","-4.04591063032467","10"
"default_paddle","30","2","2","0","0","0","0","4.83651971817017","0","33.1390266418457","49.2799453735352","0","0","537.173400878906","0","0","0","241.352188110352","185.799407958984","0","185.799407958984","159.674057006836","544.170166015625","0","0.00780420610681176","0.0448430925607681","0","0","81.9512481689453","0","1.57720506191254","0.11217325180769","0","9","95","2","396","217","217","-1","0","96","0","16","0","14.0575084686279","0.100000001490116","0.0504326298832893","19","372","20460.0000078762","1023","20.0000000076991","10.0224259181613","-4.03508255046659","10"
"default_paddle","30","2","3","0","0","0","0","4.06543397903442","0","109.772682189941","25.4634857177734","638.640869140625","0","457.021606445313","0","0","0","376.457183837891","424.111511230469","0","424.111511230469","240.822418212891","521.507873535156","0","0.0117704011499882","0.159659832715988","0","0","772.556518554688","0","8.16747093200684","0.0550720915198326","0","9","113","8","392","223","223","-1","0","114","0","22","0","8.98437881469727","0.150000005960464","0.0504326298832893","33","351","20460.0009077118","1023","20.0000008873039","4.22778043538115","-4.75659837931612","10"
"default_paddle","30","2","4","0","0","0","0","3.46258187294006","0","233.182952880859","8.00049114227295","1048.53491210938","0","318.901306152344","0","0","0","538.380615234375","670.347351074219","0","670.347351074219","289.549957275391","558.320678710938","0","0.0141520025208592","0.360902011394501","0","0","1288.79406738281","0","23.7058200836182","0.0254546627402306","0","9","130","15","389","230","230","-1","0","131","0","29","0","6.15668535232544","0.200000002980232","0.0504326298832893","49","329","20459.9989894441","1023","19.9999990121643","2.24730790380735","-3.90937744851809","10"
"default_paddle","30","2","5","0","0","0","0","3.11758351325989","0","277.663940429688","5.11540937423706","1449.65478515625","0","233.818267822266","0","0","0","558.393005371094","771.463562011719","0","771.463562011719","263.810089111328","525.521606445313","0","0.0128939431160688","0.430779844522476","0","0","1731.578125","0","30.5547428131104","0.0361756794154644","0","9","148","22","387","237","237","-1","0","149","0","36","0","5.5715069770813","0.25","0.0504326298832893","53","311","20460.0010048563","1023","20.0000009822642","1.71521222546492","-3.85629475161638","10"
"default_paddle","30","2","6","0","0","0","0","2.58972311019897","0","369.834381103516","1.18848502635956","821.13916015625","0","107.124092102051","0","0","0","620.567932128906","974.865600585938","0","974.865600585938","181.071517944336","560.696411132813","0","0.00885002501308918","0.604970335960388","0","0","1219.68176269531","0","44.9168281555176","0.00866470206528902","0","9","165","30","384","245","245","-1","0","166","1","44","0","3.96436905860901","0.300000011920929","0.0504326298832893","83","322","20460.0006979112","1023","20.0000006822201","0.838201717187587","-3.12616734142142","10"
"default_paddle","30","2","7","0","0","0","0","2.31056928634644","0","434.667205810547","50728.35546875","1582.9736328125","0","96749.734375","0","0","0","654.24560546875","1075.63317871094","0","1075.63317871094","9719.6904296875","76060.1875","0","0.475058197975159","0.703728258609772","0","0","52209.4140625","0","56.3259544372559","0.657332479953766","0","9","182","37","382","252","252","-1","0","183","0","51","0","45","0.349999994039536","0.0504326298832893","69","282","20459.9993666371","1023","19.9999993808769","42.4587418630477","-2.54125813695231","10"
"default_paddle","30","2","8","0","0","0","0","1.9504725933075","0","508.877044677734","63348.21875","1631.73303222656","0","116800.859375","0","0","0","679.616027832031","1214.04272460938","0","1214.04272460938","11720.2529296875","88513.2421875","0","0.572837352752686","0.825082957744598","0","0","64865.40234375","0","67.9898223876953","0.702985465526581","0","9","198","45","379","260","260","-1","0","199","0","59","0","45","0.400000005960464","0.0504326298832893","77","279","20460.0012086634","1023","20.0000011814892","43.9697545642577","-1.0302454357423","10"
"default_paddle","30","2","9","0","0","0","0","1.53624796867371","0","556.137878417969","74320.4140625","978.41845703125","0","130766.4453125","0","0","0","663.549987792969","1390.33032226563","0","1390.33032226563","13141.7080078125","93210.765625","0","0.642312288284302","0.922553658485413","0","0","75375.75","0","77.0656051635742","0.774707078933716","0","9","216","53","378","268","268","-1","0","217","0","67","0","45","0.449999988079071","0.0504326298832893","82","280","20459.9978040521","1023","19.9999978534234","44.1255512619397","-0.874448738060302","10"
"default_paddle","30","2","10","0","0","0","0","1.08906054496765","0","608.7373046875","89006.96875","446.878845214844","0","147478.65625","0","0","0","653.463928222656","1566.13244628906","0","1566.13244628906","14891.349609375","98466.421875","0","0.727827489376068","1.02341103553772","0","0","89703.1015625","0","86.2926025390625","0.839996576309204","0","8","233","62","376","277","277","-1","0","234","0","76","0","45","0.5","0.0504326298832893","85","280","20459.9988688812","1023","19.999998894312","45.330846282457","0.330846282457024","10"
"default_paddle","30","3","0","0","0","0","0","5.44520092010498","0","4.48813724517822","371.623260498047","0","0","603.316772460938","0","0","0","27.4538745880127","250.94367980957","0","250.94367980957","84.0226821899414","551.16796875","0","0.00410668039694428","0.00688937678933144","0","0","375.414245605469","0","0.171083390712738","0.417856425046921","0","9","122","1","400","227","227","-1","0","123","0","26","0","31.063081741333","0.133333340287209","0.0756489485502243","13","384","20460.0003088775","1023","20.0000003019331","36.5902926533945","5.52721091206153","10"
"default_paddle","30","3","1","0","0","0","0","4.37238264083862","0","3.67101454734802","463.418518066406","0","0","620.196228027344","0","0","0","21.6188793182373","267.443572998047","0","267.443572998047","83.6570358276367","551.541564941406","0","0.00408880924805999","0.0057818298228085","0","0","466.384582519531","0","0.141074493527412","0.47373029589653","0","9","128","3","398","229","229","-1","0","129","0","28","0","34.2108039855957","0.150000005960464","0.0756489485502243","13","384","20459.9996606174","1023","19.9999996682477","45.0061360074543","10.7953320218585","10"
"default_paddle","30","3","2","0","0","0","0","4.30550718307495","0","10.8709840774536","388.121032714844","0","0","567.288269042969","0","0","0","40.1682472229004","360.978515625","0","360.978515625","107.768356323242","549.042358398438","0","0.00526727037504315","0.0144998747855425","0","0","398.282104492188","0","0.461961567401886","0.265406847000122","0","9","145","10","395","236","236","-1","0","146","0","35","0","17.9285163879395","0.200000002980232","0.0756489485502243","21","376","20460.0008448131","1023","20.0000008258193","21.3007346127023","3.37221822476283","10"
"default_paddle","30","3","3","0","0","0","0","-3.15155172348022","0","4.91919088363647","592.956787109375","0","0","574.351684570313","0","0","0","14.2139358520508","442.418243408203","0","442.418243408203","92.0327377319336","550.736999511719","0","0.00449817907065153","0.00628850422799587","0","0","596.999816894531","0","0.172847166657448","0.285060048103333","0","9","163","18","394","244","244","-1","0","164","0","43","0","16.9356803894043","0.25","0.0756489485502243","21","379","20459.9986542117","1023","19.9999986844689","45.6679442233663","28.732263833962","10"
"default_paddle","30","3","4","0","0","0","0","3.00571584701538","0","87.8320541381836","62.803092956543","735.970092773438","0","474.789886474609","0","0","0","185.261672973633","644.220397949219","0","644.220397949219","179.199157714844","517.155456542969","0","0.00875851139426231","0.119349345564842","0","0","885.655883789063","0","6.28610181808472","0.0860482528805733","0","9","180","25","390","251","251","-1","0","181","0","50","0","8.60543251037598","0.300000011920929","0.0756489485502243","51","360","20460.0016656069","1023","20.0000016281592","4.20846249264229","-4.39697001773369","10"
"default_paddle","30","3","5","0","0","0","0","2.52374219894409","0","193.285003662109","14.449405670166","2585.2373046875","0","308.318878173828","0","0","0","330.159088134766","850.148071289063","0","850.148071289063","234.276000976563","457.900512695313","0","0.0114504396915436","0.280684113502502","0","0","2791.54760742188","0","19.8866672515869","0.0954470783472061","0","9","197","33","389","259","259","-1","0","198","0","58","0","6.9282693862915","0.349999994039536","0.0756489485502243","57","314","20460.0004268466","1023","20.0000004172498","2.3380161087581","-4.59025327753341","10"
"default_paddle","30","3","6","0","0","0","0","1.95630443096161","0","330.612487792969","1.46539211273193","2055.04443359375","0","97.1910095214844","0","0","0","451.053192138672","1127.6669921875","0","1127.6669921875","157.66650390625","439.552673339844","0","0.00770608521997929","0.50863778591156","0","0","2386.1923828125","0","39.8906478881836","0.0644786208868027","0","9","214","41","386","267","267","-1","0","215","0","66","0","4.01335525512695","0.400000005960464","0.0756489485502243","72","294","20460.0000396406","1023","20.0000000387494","0.868089346617956","-3.145265908509","10"
"default_paddle","30","3","7","0","0","0","0","1.57039070129395","0","350.882690429688","41524.5","1946.56518554688","0","76719.625","0","0","0","440.230163574219","1234.705078125","0","1234.705078125","7707.4150390625","53054.11328125","0","0.376706510782242","0.543554425239563","0","0","43157.6328125","0","43.9091148376465","0.794666111469269","0","9","231","50","386","276","276","-1","0","232","0","75","0","45","0.449999988079071","0.0756489485502243","74","294","20459.9995446265","1023","19.9999995548646","43.8714631928226","-1.12853680717737","10"
"default_paddle","30","3","8","0","0","0","0","1.15090143680573","0","305.066314697266","36854.25390625","1872.69873046875","0","66614.3203125","0","0","0","350.214477539063","1343.84069824219","0","1343.84069824219","6696.703125","43635.06640625","0","0.327307105064392","0.470632493495941","0","0","38393.8828125","0","38.0331153869629","0.843783557415009","0","9","248","59","384","285","285","-1","0","249","0","84","0","45","0.5","0.0756489485502243","75","301","20459.9992526363","1023","19.9999992694392","44.0640623060342","-0.935937693965798","10"
"default_paddle","30","3","9","0","0","0","0","0.603472292423248","0","338.598266601563","45363.53515625","1247.8046875","0","77117.4375","0","0","0","350.883239746094","1521.15295410156","0","1521.15295410156","7766.62255859375","47705.42578125","0","0.379600346088409","0.53374707698822","0","0","46456.33203125","0","44.2334861755371","0.899386346340179","0","9","265","68","384","294","294","-1","0","266","0","93","0","45","0.550000011920929","0.0756489485502243","80","304","20459.9986238814","1023","19.9999986548205","45.3325469051035","0.332546905103491","10"
"default_paddle","30","3","10","0","0","0","0","-13.1137685775757","0","42.8482551574707","221.799530029297","0","0","522.215881347656","0","0","0","44.4648323059082","1187.26525878906","0","1187.26525878906","101.006637573242","548.237670898438","0","0.00493678590282798","0.0527915544807911","0","0","264.036499023438","0","2.99377584457397","0.0479803085327148","0","9","281","77","382","303","303","-1","0","282","0","102","0","4.17850685119629","0.600000023841858","0.0756489485502243","78","382","20459.999595158","1023","19.99999960426","5.36583767770858","1.18733082651229","10"
"default_paddle","30","4","0","0","0","0","0","-8.20777988433838","0","8.74094200134277","527.404724121094","0","0","568.411499023438","0","0","0","20.1220436096191","549.066040039063","0","549.066040039063","104.04118347168","549.485900878906","0","0.0050851022824645","0.0110483318567276","0","0","535.292663574219","0","0.348714292049408","0.263560891151428","0","9","184","3","399","253","253","-1","0","185","0","52","0","16.1641540527344","0.266666650772095","0.100865259766579","34","385","20459.9981853769","1023","19.9999982261749","27.4038717724226","11.2397177196882","10"
"default_paddle","30","4","1","0","0","0","0","-0.785594582557678","0","21.0969142913818","363.174194335938","0","0","548.379272460938","0","0","0","44.530086517334","599.000244140625","0","599.000244140625","120.319923400879","547.507568359375","0","0.00588073907420039","0.0266735311597586","0","0","383.523651123047","0","1.02894651889801","0.164590254426003","0","9","190","6","399","256","256","-1","0","191","0","55","0","11.6207113265991","0.283333331346512","0.100865259766579","42","383","20460.0003303562","1023","20.0000003229289","12.7366956086404","1.11598428204124","10"
"default_paddle","30","4","2","0","0","0","0","-11.5394649505615","0","9.28107070922852","560.203002929688","0","0","560.96484375","0","0","0","18.2550926208496","609.148010253906","0","609.148010253906","104.626968383789","549.368774414063","0","0.00511373206973076","0.0111200530081987","0","0","568.606384277344","0","0.372227489948273","0.211289912462234","0","9","195","8","397","258","258","-1","0","196","0","57","0","12.6550674438477","0.300000011920929","0.100865259766579","36","384","20460.0020018839","1023","20.0000019568757","27.3784472406973","14.7233797968497","10"
"default_paddle","30","4","3","0","0","0","0","1.76379585266113","0","54.5121879577637","4932.18896484375","1040.83520507813","0","9080.0341796875","0","0","0","90.6108016967773","757.588500976563","0","757.588500976563","980.371459960938","6314.46044921875","0","0.0479164980351925","0.0686457008123398","0","0","5837.4677734375","0","3.99124884605408","0.736057579517365","0","9","212","16","396","266","266","-1","0","213","0","65","0","45","0.349999994039536","0.100865259766579","47","345","20459.9981250904","1023","19.9999981672438","44.268859386675","-0.73114061332501","10"
"default_paddle","30","4","4","0","0","0","0","-11.6965236663818","0","11.7596607208252","616.953063964844","0","0","860.60986328125","0","0","0","13.2840270996094","824.774475097656","0","824.774475097656","129.840789794922","860.278747558594","0","0.00634607998654246","0.0109563274309039","0","0","627.513671875","0","0.447102159261703","0.046471081674099","0","9","229","25","394","275","275","-1","0","230","0","74","0","0.0057295779697597","0.400000005960464","0.100865259766579","28","371","20459.9989395443","1023","19.9999989633864","35.395421626641","35.3896920486712","10"
"default_paddle","30","4","5","0","0","0","0","1.16399383544922","0","54.9380645751953","89.634765625","1068.54577636719","0","637.518188476563","0","0","0","68.5931396484375","1003.87542724609","0","1003.87542724609","42.3544235229492","799.7607421875","0","0.00207010889425874","0.0688589587807655","0","0","1205.2041015625","0","4.38248777389526","0.11317104101181","0","9","245","33","393","283","283","-1","0","246","0","82","0","5.92166662216187","0.449999988079071","0.100865259766579","49","341","20459.9978486231","1023","19.9999978969922","1.72274404744633","-4.19892257471554","10"
"default_paddle","30","4","6","0","0","0","0","0.818178832530975","0","122.354019165039","37.3206939697266","1612.26489257813","0","411.068054199219","0","0","0","146.193634033203","1162.53405761719","0","1162.53405761719","180.596221923828","489.981384277344","0","0.00882679596543312","0.16995507478714","0","0","1780.78881835938","0","11.4270935058594","0.125149786472321","0","9","263","43","392","293","293","-1","0","264","0","92","0","7.9093017578125","0.5","0.100865259766579","82","353","20459.9973343744","1023","19.9999973943053","2.97705602691299","-4.93224573089951","10"
"default_paddle","30","4","7","0","0","0","0","0.0258797723799944","0","36.8664817810059","169.058135986328","0","0","526.350219726563","0","0","0","35.3355903625488","1207.98571777344","0","1207.98571777344","104.225959777832","548.35888671875","0","0.00509413238614798","0.0426848903298378","0","0","205.414047241211","0","2.57990312576294","0.0445045083761215","0","9","279","52","392","302","302","-1","0","280","0","101","0","2.92230319976807","0.550000011920929","0.100865259766579","52","359","20460.0021902149","1023","20.0000021409725","6.85417289932381","3.93186969955574","10"
"default_paddle","30","4","8","0","0","0","0","-0.174948379397392","0","121.231498718262","11.9334268569946","2282.78100585938","0","323.602966308594","0","0","0","114.5263671875","1494.08666992188","0","1494.08666992188","130.997146606445","335.106323242188","0","0.00640259776264429","0.171112313866615","0","0","2409.4521484375","0","12.8527021408081","0.215632230043411","0","9","293","62","391","312","312","-1","0","294","0","111","0","6.40098714828491","0.600000023841858","0.100865259766579","68","331","20459.9994350329","1023","19.999999447735","2.14436627062659","-4.25662087765832","10"
"default_paddle","30","4","9","0","0","0","0","-1.05146646499634","0","165.06640625","19979.28125","1825.36157226563","0","35059.8203125","0","0","0","140.229583740234","1731.86743164063","0","1731.86743164063","3546.24609375","19238.548828125","0","0.173325806856155","0.242859050631523","0","0","21385.296875","0","18.9444198608398","0.969217598438263","0","9","305","72","392","322","322","-1","0","306","0","121","0","45","0.649999976158142","0.100865259766579","74","335","20460.0004931352","1023","20.0000004820481","45.535852314627","0.535852314626986","10"
"default_paddle","30","4","10","0","0","0","0","-2.27863931655884","0","490.585113525391","61.6437377929688","304.154907226563","0","1429.12731933594","0","0","0","375.892578125","2119.39868164063","0","2119.39868164063","70.7725524902344","1965.01538085938","0","0.00345906894654036","0.796666204929352","0","0","854.542175292969","0","67.2023773193359","0.0356162898242474","0","9","310","75","391","325","325","-1","0","311","0","124","0","0.0057295779697597","0.666666626930237","0.100865259766579","121","331","20460.0005330968","1023","20.0000005211113","0.248775040066735","0.243045462096975","10"
"default_paddle","45","0","0","0","0","0","0","3.62363648414612","0","21.6386737823486","60.9798393249512","0","0","557.407470703125","0","0","0","195.748626708984","169.500671386719","0","169.500671386719","135.279541015625","546.243591308594","0","0.00661190366372466","0.0331795252859592","0","0","82.1337127685547","0","0.905988872051239","-0.238948032259941","0","9","26","7","395","206","206","-1","0","27","1","5","0","15.8762559890747","0.0333333350718021","0","20","392","20459.9987985031","1023","19.9999988255163","11.4946615303194","-4.38159445875529","10"
"default_paddle","45","0","1","0","0","0","0","3.34820246696472","0","35.6603698730469","45.2194786071777","0","0","550.996643066406","0","0","0","222.578399658203","252.169342041016","0","252.169342041016","174.149917602539","544.119934082031","0","0.00851172581315041","0.0561274513602257","0","0","80.4221572875977","0","1.81129157543182","-0.267344772815704","0","9","32","9","394","208","208","-1","0","33","2","7","0","12.6416263580322","0.0500000007450581","0","26","393","20460.000877082","1023","20.0000008573627","8.72255676727859","-3.91906959075363","10"
"default_paddle","45","0","2","0","0","0","0","2.90380024909973","0","111.192665100098","19.4519233703613","55.5084991455078","0","464.467895507813","0","0","0","367.252838134766","478.872894287109","0","478.872894287109","284.3818359375","533.732604980469","0","0.0138994054868817","0.175867423415184","0","0","185.747665405273","0","8.33515739440918","-0.126471385359764","0","9","52","15","393","214","214","-1","0","53","3","13","0","7.72596740722656","0.100000001490116","0","47","381","20459.9999766824","1023","19.9999999772067","4.53300920783384","-3.19295819939272","10"
"default_paddle","45","0","3","0","0","0","0","2.44581174850464","0","205.890594482422","7.96392154693604","229.15266418457","0","354.928741455078","0","0","0","466.328216552734","714.763305664063","0","714.763305664063","313.818298339844","541.233276367188","0","0.0153381377458572","0.333314269781113","0","0","442.370666503906","0","19.3682250976563","-0.080308124423027","0","9","68","19","387","218","218","-1","0","69","4","17","0","5.38895511627197","0.150000005960464","0","67","365","20460.000003886","1023","20.0000000037987","2.63751365476259","-2.75144146150939","10"
"default_paddle","45","1","0","0","0","0","0","4.74335718154907","0","10.6575555801392","89.8777770996094","0","0","549.158081054688","0","0","0","327.99609375","47.3934364318848","0","47.3934364318848","94.9126510620117","548.6142578125","0","0.00463893683627248","0.0155448634177446","0","0","100.030570983887","0","0.344708651304245","0.0529518574476242","0","9","36","1","398","209","209","-1","0","37","0","8","0","22.149730682373","0.0333333350718021","0.0252163149416447","14","393","20460.0007311755","1023","20.0000007147365","17.3628803985931","-4.78685028377997","10"
"default_paddle","45","1","1","0","0","0","0","4.61584711074829","0","24.3407306671143","55.2662467956543","0","0","540.295288085938","0","0","0","402.505676269531","85.7769775390625","0","85.7769775390625","139.250335693359","545.458618164063","0","0.00680597871541977","0.0345257185399532","0","0","79.1249237060547","0","1.02723956108093","0.0351867899298668","0","9","42","3","397","211","211","-1","0","43","0","10","0","15.767689704895","0.0500000007450581","0.0252163149416447","18","387","20460.0016420667","1023","20.0000016051483","11.3690496434644","-4.39864006143065","10"
"default_paddle","45","1","2","0","0","0","0","4.78068399429321","0","91.6582107543945","23.2457695007324","199.408981323242","0","476.385559082031","0","0","0","523.613220214844","255.063079833984","0","255.063079833984","250.998001098633","521.976806640625","0","0.0122677413746715","0.133554399013519","0","0","313.616424560547","0","6.20768928527832","0.0254918579012156","0","9","60","8","395","216","216","-1","0","61","0","15","0","9.31351470947266","0.100000001490116","0.0252163149416447","31","367","20460.0010248712","1023","20.0000010018291","5.27037679270725","-4.0431379167654","10"
"default_paddle","45","1","3","0","0","0","0","3.57024717330933","0","184.233062744141","11.5557889938354","449.243713378906","0","385.577087402344","0","0","0","652.711975097656","422.821319580078","0","422.821319580078","301.564605712891","541.068725585938","0","0.0147392265498638","0.275980532169342","0","0","644.369812011719","0","16.2005004882813","0.0209362991154194","0","9","78","14","391","222","222","-1","0","79","1","21","0","6.56649541854858","0.150000005960464","0.0252163149416447","44","348","20460.0020694897","1023","20.0000020229615","3.06143850409701","-3.50505691445157","10"
"default_paddle","45","1","4","0","0","0","0","3.25578045845032","0","254.157257080078","5.40789699554443","984.104614257813","0","306.668914794922","0","0","0","751.078857421875","516.723571777344","0","516.723571777344","267.45751953125","570.709838867188","0","0.0130722159519792","0.388100147247314","0","0","1242.33557128906","0","25.5332927703857","0.0102680856361985","0","9","97","22","389","230","230","-1","0","98","1","29","0","5.46591901779175","0.200000002980232","0.0252163149416447","53","330","20459.9985582977","1023","19.9999985907114","1.93023501204692","-3.53568400574483","10"
"default_paddle","45","1","5","0","0","0","0","2.43309450149536","0","395.682067871094","45605.0546875","371.476806640625","0","86856.96875","0","0","0","839.464599609375","746.445678710938","0","746.445678710938","8752.109375","85157.640625","0","0.42776682972908","0.626614689826965","0","0","46202.625","0","46.4777984619141","0.198325529694557","0","9","116","30","388","238","238","-1","0","117","1","37","0","45","0.25","0.0252163149416447","79","315","20460.0000905704","1023","20.0000000885341","43.0521092927961","-1.94789070720385","10"
"default_paddle","45","1","6","0","0","0","0","2.19432878494263","0","493.535217285156","58617.99609375","-5742.90234375","0","110707.1484375","0","0","0","930.045593261719","850.383117675781","0","850.383117675781","11124.93359375","110702.96875","0","0.543740749359131","0.790895044803619","0","0","65055.734375","0","62.5917434692383","0.271737992763519","0","9","135","38","385","246","246","-1","0","136","1","45","0","45","0.300000011920929","0.0252163149416447","91","299","20459.9960677256","1023","19.9999961561345","43.4325752571276","-1.56742474287235","10"
"default_paddle","45","1","7","0","0","0","0","1.91118514537811","0","585.977905273438","72640.59375","1511.78991699219","0","134198.34375","0","0","0","1002.16101074219","956.479675292969","0","956.479675292969","13453.43359375","125411.875","0","0.657548129558563","0.958546698093414","0","0","74177.34375","0","78.3498077392578","0.347026288509369","0","9","155","47","385","255","255","-1","0","156","1","54","0","45","0.349999994039536","0.0252163149416447","101","284","20459.9982708213","1023","19.9999983096983","43.3130812090318","-1.68691879096824","10"
"default_paddle","45","1","8","0","0","0","0","1.61598169803619","0","682.590881347656","88753.5546875","1308.72827148438","0","160419.390625","0","0","0","1018.37719726563","1128.96899414063","0","1128.96899414063","16069.9560546875","149494.234375","0","0.785432934761047","1.14971625804901","0","0","90172.21875","0","95.4887390136719","0.358021944761276","0","9","173","55","382","263","263","-1","0","174","2","62","0","45","0.400000005960464","0.0252163149416447","125","283","20459.9977203356","1023","19.999997771589","43.0905788313234","-1.90942116867661","10"
"default_paddle","45","1","9","0","0","0","0","1.31332087516785","0","780.245788574219","106703.1484375","1312.86059570313","0","186721.1875","0","0","0","1061.89111328125","1228.70727539063","0","1228.70727539063","18720.611328125","165816.703125","0","0.914985954761505","1.30475330352783","0","0","108147.1875","0","110.619194030762","0.468391120433807","0","9","192","64","382","272","272","-1","0","193","2","71","0","45","0.449999988079071","0.0252163149416447","125","282","20459.9985723328","1023","19.9999986044309","44.5290827674687","-0.470917232531313","10"
"default_paddle","45","1","10","0","0","0","0","1.19538283348083","0","814.685913085938","113540.109375","1209.19958496094","0","196450.15625","0","0","0","1060.05078125","1285.65893554688","0","1285.65893554688","19714.130859375","172782.5","0","0.963544964790344","1.36286377906799","0","0","114940.8203125","0","115.66455078125","0.488053172826767","0","9","198","67","381","275","275","-1","0","199","1","74","0","45","0.466666668653488","0.0252163149416447","126","282","20460.0009130498","1023","20.0000008925218","44.9913654065936","-0.00863459340637007","10"
"default_paddle","45","2","0","0","0","0","0","5.06667995452881","0","8.58382511138916","97.9266128540039","0","0","551.052001953125","0","0","0","253.089248657227","50.6511497497559","0","50.6511497497559","90.5507202148438","549.625122070313","0","0.00442574359476566","0.0128192603588104","0","0","106.058547973633","0","0.314324975013733","0.0820333287119865","0","9","58","1","400","216","216","-1","0","59","0","15","0","23.3372802734375","0.0666666701436043","0.0504326298832893","12","387","20460.0014157933","1023","20.0000013839622","20.1965506541044","-3.14072961933309","10"
"default_paddle","45","2","1","0","0","0","0","4.57915496826172","0","25.2750415802002","55.1421127319336","0","0","539.41015625","0","0","0","346.765899658203","100.609664916992","0","100.609664916992","141.703735351563","545.474548339844","0","0.00692589161917567","0.0348880030214787","0","0","79.9523162841797","0","1.11377489566803","0.0338912568986416","0","9","63","2","399","217","217","-1","0","64","0","16","0","15.3661546707153","0.0833333358168602","0.0504326298832893","19","379","20459.9989637765","1023","19.9999989870738","11.4503014386221","-3.9158532320932","10"
"default_paddle","45","2","2","0","0","0","0","4.40194988250732","0","37.9578742980957","52.6477737426758","54.5335083007813","0","525.76513671875","0","0","0","379.851867675781","136.999008178711","0","136.999008178711","164.869293212891","533.665649414063","0","0.00805812887847424","0.0520393326878548","0","0","144.458602905273","0","1.87189984321594","0.0259911250323057","0","9","68","3","397","218","218","-1","0","69","0","17","0","12.8139953613281","0.100000001490116","0.0504326298832893","22","373","20459.9970662306","1023","19.9999971321902","8.9079171609909","-3.90607820033722","10"
"default_paddle","45","2","3","0","0","0","0","3.96921896934509","0","77.8283386230469","41.5100936889648","376.477416992188","0","480.796142578125","0","0","0","434.558776855469","249.726165771484","0","249.726165771484","208.250595092773","506.724426269531","0","0.0101784272119403","0.108520694077015","0","0","494.831970214844","0","5.00093555450439","0.0183501280844212","0","9","88","11","395","226","226","-1","0","89","0","25","0","9.60465526580811","0.150000005960464","0.0504326298832893","32","360","20459.9974786355","1023","19.9999975353231","5.38182469278666","-4.22283057302144","10"
"default_paddle","45","2","4","0","0","0","0","3.22029423713684","0","259.148620605469","4.5518970489502","1332.81420898438","0","307.214447021484","0","0","0","728.265563964844","544.772033691406","0","544.772033691406","261.30517578125","587.563110351563","0","0.0127715151757002","0.396738708019257","0","0","1594.50378417969","0","26.3184185028076","0.00965034682303667","0","9","107","19","393","234","234","-1","0","108","1","33","0","5.3982458114624","0.200000002980232","0.0504326298832893","57","332","20459.9980649457","1023","19.9999981084513","1.84474148095404","-3.55350433050836","10"
"default_paddle","45","2","5","0","0","0","0","2.94317173957825","0","234.173492431641","5.4056510925293","1021.65942382813","0","336.898284912109","0","0","0","643.018737792969","545.345703125","0","545.345703125","245.268569946289","578.241394042969","0","0.0119877122342587","0.350667506456375","0","0","1259.34521484375","0","22.8952293395996","0.00552791124209762","0","9","126","27","392","242","242","-1","0","127","0","41","0","5.84340810775757","0.25","0.0504326298832893","59","339","20459.9981342025","1023","19.9999981761511","1.95906137783499","-3.88434672992258","10"
"default_paddle","45","2","6","0","0","0","0","2.32356595993042","0","416.045440673828","1.47632896900177","1882.3828125","0","56.8845825195313","0","0","0","863.713806152344","751.350402832031","0","751.350402832031","80.5398330688477","565.755676269531","0","0.00393645325675607","0.648951709270477","0","0","2299.70629882813","0","50.1746253967285","0.00288781919516623","0","9","144","35","389","250","250","-1","0","145","1","49","0","3.21119689941406","0.300000011920929","0.0504326298832893","75","301","20459.9998566269","1023","19.9999998598503","0.347550573312712","-2.86364632610135","10"
"default_paddle","45","2","7","0","0","0","0","1.99791955947876","0","436.674224853516","49414.05859375","1608.35754394531","0","94108.9140625","0","0","0","848.108215332031","800.078063964844","0","800.078063964844","9455.482421875","84987.796875","0","0.462144732475281","0.678552746772766","0","0","50941.96875","0","54.0068702697754","0.426430314779282","0","9","164","44","389","259","259","-1","0","165","0","58","0","45","0.349999994039536","0.0504326298832893","75","289","20460.0025867021","1023","20.0000025285456","42.927635195244","-2.072364804756","10"
"default_paddle","45","2","8","0","0","0","0","1.51253271102905","0","525.542236328125","64915.6328125","973.118286132813","0","117657.28125","0","0","0","878.530212402344","945.810607910156","0","945.810607910156","11793.44140625","104098.0546875","0","0.576414525508881","0.830923199653625","0","0","65975.7734375","0","68.3025588989258","0.477755427360535","0","9","183","53","387","268","268","-1","0","184","0","67","0","45","0.400000005960464","0.0504326298832893","84","286","20460.0003718475","1023","20.0000003634873","43.9240116468833","-1.07598835311666","10"
"default_paddle","45","2","9","0","0","0","0","1.10889136791229","0","576.256713867188","74578.6328125","1121.30883789063","0","131203.40625","0","0","0","858.380920410156","1067.33044433594","0","1067.33044433594","13161.1435546875","112381.6015625","0","0.643262207508087","0.91617614030838","0","0","75746.375","0","76.8513412475586","0.53478592634201","0","9","202","62","387","277","277","-1","0","203","0","76","0","45","0.449999988079071","0.0504326298832893","89","288","20459.9981175204","1023","19.999998159844","44.5970462661818","-0.402953733818151","10"
"default_paddle","45","2","10","0","0","0","0","0.714814305305481","0","607.164794921875","82104.0703125","846.655456542969","0","140292.09375","0","0","0","821.179809570313","1184.57543945313","0","1184.57543945313","14103.30078125","116355.8515625","0","0.689310908317566","0.972749412059784","0","0","83096.9140625","0","82.3521575927734","0.588635087013245","0","9","220","71","385","286","286","-1","0","221","0","85","0","45","0.5","0.0504326298832893","93","291","20459.9994154635","1023","19.9999994286056","45.1228459284317","0.122845928431687","10"
"default_paddle","45","3","0","0","0","0","0","5.634596824646","0","8.50226402282715","180.961761474609","0","0","553.722290039063","0","0","0","91.5982284545898","136.289810180664","0","136.289810180664","92.1840744018555","550.004150390625","0","0.00450557563453913","0.01248390506953","0","0","188.984878540039","0","0.345335304737091","0.12962307035923","0","9","91","1","400","227","227","-1","0","92","0","26","0","20.9118728637695","0.133333340287209","0.0756489485502243","17","384","20459.9993162216","1023","19.999999331595","21.1561391128243","0.244266249054764","10"
"default_paddle","45","3","1","0","0","0","0","4.18415403366089","0","3.87126135826111","501.515594482422","0","0","568.210327148438","0","0","0","39.4306716918945","156.133758544922","0","156.133758544922","87.119140625","551.360778808594","0","0.00425802264362574","0.00615645851939917","0","0","504.706665039063","0","0.153251126408577","0.241780117154121","0","9","97","4","399","230","230","-1","0","98","0","29","0","29.6876602172852","0.150000005960464","0.0756489485502243","14","384","20459.9993744555","1023","19.9999993885196","43.7596748632849","14.0720146459998","10"
"default_paddle","45","3","2","0","0","0","0","3.65790772438049","0","53.4375190734863","5545.83447265625","513.978759765625","0","9338.4296875","0","0","0","234.091156005859","297.185180664063","0","297.185180664063","1005.2197265625","8408.3505859375","0","0.0491309724748135","0.0695684254169464","0","0","6000.3486328125","0","3.21471524238586","0.374760299921036","0","9","117","12","397","238","238","-1","0","118","0","37","0","45","0.200000002980232","0.0756489485502243","31","354","20460.0006050728","1023","20.000000591469","44.9286105708587","-0.0713894291412629","10"
"default_paddle","45","3","3","0","0","0","0","2.79036831855774","0","237.010498046875","9.66890144348145","0","0","312.419494628906","0","0","0","640.385498046875","563.145141601563","0","563.145141601563","319.377410888672","534.642272949219","0","0.0156098436564207","0.360630005598068","0","0","246.423828125","0","23.1637382507324","0.0114558162167668","0","9","135","20","396","246","246","-1","0","136","1","45","0","5.10136699676514","0.25","0.0756489485502243","20","396","20460.0006200129","1023","20.0000006060732","2.48081890883469","-2.62054808793045","10"
"default_paddle","45","3","4","0","0","0","0","2.40444731712341","0","264.472595214844","5.67305088043213","2457.353515625","0","299.274444580078","0","0","0","617.880615234375","631.2138671875","0","631.2138671875","233.543746948242","602.183166503906","0","0.0114146489650011","0.390014797449112","0","0","2724.90649414063","0","27.8416690826416","0.0184765476733446","0","9","155","29","394","255","255","-1","0","156","0","54","0","5.81104278564453","0.300000011920929","0.0756489485502243","65","319","20460.0025514862","1023","20.0000024941214","1.67712761908666","-4.13391516655788","10"
"default_paddle","45","3","5","0","0","0","0","2.02254867553711","0","86.6925277709961","6998.1298828125","2083.81298828125","0","14009.93359375","0","0","0","207.067535400391","533.850708007813","0","533.850708007813","1510.38061523438","11405.361328125","0","0.0738211497664452","0.11054315418005","0","0","8797.4326171875","0","6.89554500579834","0.483591824769974","0","9","173","37","393","263","263","-1","0","174","0","62","0","45","0.349999994039536","0.0756489485502243","47","332","20459.9985236332","1023","19.9999985568262","41.8977961581171","-3.10220384188293","10"
"default_paddle","45","3","6","0","0","0","0","1.47687232494354","0","88.0296859741211","6340.203125","2233.96435546875","0","13912.025390625","0","0","0","178.311218261719","620.954284667969","0","620.954284667969","1496.16271972656","11026.8486328125","0","0.0731262266635895","0.110723108053207","0","0","8275.8388671875","0","7.37531709671021","0.521817266941071","0","9","192","46","391","272","272","-1","0","193","0","71","0","45","0.400000005960464","0.0756489485502243","51","327","20460.0016709398","1023","20.0000016333722","41.3336124112229","-3.66638758877709","10"
"default_paddle","45","3","7","0","0","0","0","1.17636263370514","0","346.450714111328","38399.8828125","2306.56982421875","0","72321.609375","0","0","0","562.541137695313","921.57470703125","0","921.57470703125","7265.169921875","60757.7578125","0","0.355091392993927","0.518423676490784","0","0","40320.51171875","0","41.8283920288086","0.543409049510956","0","9","210","55","391","281","281","-1","0","211","0","80","0","45","0.449999988079071","0.0756489485502243","77","299","20460.0000597572","1023","20.0000000584136","43.2312337253049","-1.76876627469506","10"
"default_paddle","45","3","8","0","0","0","0","0.733861923217773","0","330.288543701172","-15.2142839431763","1986.99084472656","0","276.775207519531","0","0","0","495.332733154297","995.7607421875","0","995.7607421875","-275.464416503906","762.401000976563","0","-0.0134635586291552","0.493232905864716","0","0","2296.70263671875","0","38.0610427856445","0.00237963814288378","0","9","229","65","390","291","291","-1","0","230","0","90","0","2.14407444000244","0.5","0.0756489485502243","97","323","20460.0005163116","1023","20.0000005047034","-1.56417167297759","-3.70824611298003","10"
"default_paddle","45","3","9","0","0","0","0","0.542349398136139","0","407.116485595703","50984.60546875","1407.52099609375","0","89394.1953125","0","0","0","559.039306640625","1105.99487304688","0","1105.99487304688","8971.3779296875","73513.984375","0","0.438483774662018","0.618294537067413","0","0","52239.53515625","0","51.1856460571289","0.593944549560547","0","9","236","68","390","294","294","-1","0","237","0","93","0","45","0.516666650772095","0.0756489485502243","87","305","20459.9997721754","1023","19.9999997772976","45.168447979172","0.168447979171987","10"
"default_paddle","45","3","10","0","0","0","0","0.430788785219193","0","373.041900634766","45817.94921875","1757.1337890625","0","80960.1640625","0","0","0","511.294830322266","1109.76452636719","0","1109.76452636719","8130.10693359375","65693.6875","0","0.397365927696228","0.567416906356812","0","0","47303.06640625","0","46.5688209533691","0.607437789440155","0","9","242","71","390","297","297","-1","0","243","0","96","0","45","0.533333301544189","0.0756489485502243","87","308","20460.0001331995","1023","20.0000001302047","44.4516292470925","-0.548370752907537","10"
"default_paddle","45","4","0","0","0","0","0","2.35278820991516","0","34.7309417724609","5041.5","128.353790283203","0","6161.8837890625","0","0","0","105.953231811523","387.547729492188","0","387.547729492188","713.137084960938","5497.8349609375","0","0.0348551869392395","0.0410619340837002","0","0","5172.12158203125","0","1.92991054058075","0.443757086992264","0","9","151","3","399","253","253","-1","0","152","0","52","0","45","0.266666650772095","0.100865259766579","36","357","20459.9988576764","1023","19.9999988833591","58.086185318133","13.086185318133","10"
"default_paddle","45","4","1","0","0","0","0","2.04852819442749","0","39.283374786377","5139.5498046875","414.831970214844","0","6637.79931640625","0","0","0","111.580169677734","415.041595458984","0","415.041595458984","772.601806640625","5770.091796875","0","0.0377615764737129","0.0463104136288166","0","0","5512.099609375","0","2.28267168998718","0.449313908815384","0","9","157","6","399","256","256","-1","0","158","0","55","0","45","0.283333331346512","0.100865259766579","39","356","20459.998728561","1023","19.9999987571466","54.6270750035898","9.62707500358977","10"
"default_paddle","45","4","2","0","0","0","0","1.7728818655014","0","35.0002975463867","5507.404296875","0","0","6411.86669921875","0","0","0","91.6286087036133","443.3447265625","0","443.3447265625","742.179504394531","5740.55029296875","0","0.0362746603786945","0.0406230613589287","0","0","5531.23828125","0","1.98332190513611","0.460822254419327","0","9","164","9","398","259","259","-1","0","165","0","58","0","45","0.300000011920929","0.100865259766579","40","357","20459.99870561","1023","19.9999987347116","63.2472512220132","18.2472512220132","10"
"default_paddle","45","4","3","0","0","0","0","0.974218189716339","0","53.7009239196777","5760.81640625","855.618713378906","0","8686.0859375","0","0","0","120.279899597168","529.205627441406","0","529.205627441406","988.286804199219","7288.09033203125","0","0.0483033657073975","0.0636527985334396","0","0","6527.6806640625","0","3.64925312995911","0.486127972602844","0","9","183","18","398","268","268","-1","0","184","0","67","0","45","0.349999994039536","0.100865259766579","48","348","20459.9987956505","1023","19.9999988227278","49.3635272935395","4.36352729353955","10"
"default_paddle","45","4","4","0","0","0","0","1.18561184406281","0","82.3752670288086","6013.9267578125","1941.80200195313","0","12991.43359375","0","0","0","154.044372558594","669.646667480469","0","669.646667480469","1402.1328125","10422.853515625","0","0.0685304403305054","0.103155300021172","0","0","7702.6767578125","0","6.68661212921143","0.512061953544617","0","9","202","27","396","277","277","-1","0","203","0","76","0","45","0.400000005960464","0.100865259766579","57","337","20460.0000487062","1023","20.0000000476112","41.631896076817","-3.36810392318304","10"
"default_paddle","45","4","5","0","0","0","0","0.700289905071259","0","83.3805313110352","5720.25244140625","2357.37817382813","0","12824.38671875","0","0","0","137.607376098633","759.635009765625","0","759.635009765625","1393.41552734375","9905.3408203125","0","0.0681043788790703","0.104531392455101","0","0","7769.1689453125","0","7.09548997879028","0.544986963272095","0","9","220","36","396","286","286","-1","0","221","0","85","0","45","0.449999988079071","0.100865259766579","58","334","20459.9990526009","1023","19.9999990739012","40.6563694478959","-4.34363055210414","10"
"default_paddle","45","4","6","0","0","0","0","0.425746828317642","0","145.577896118164","-20.1037101745605","2571.17578125","0","625.842529296875","0","0","0","217.306625366211","913.883483886719","0","913.883483886719","-310.543823242188","992.432739257813","0","-0.0151780946180224","0.198592945933342","0","0","2687.5322265625","0","14.7528457641602","0.021137822419405","0","9","240","46","395","296","296","-1","0","241","0","95","0","2.03420829772949","0.5","0.100865259766579","73","322","20460.0004847412","1023","20.0000004738428","-4.38328597038249","-6.41749426811198","10"
"default_paddle","45","4","7","0","0","0","0","-0.0259918533265591","0","128.704849243164","-15.8175535202026","2421.26953125","0","669.031494140625","0","0","0","176.008499145508","980.824951171875","0","980.824951171875","-273.306701660156","1030.24926757813","0","-0.013358099386096","0.17263351380825","0","0","2522.095703125","0","12.3379440307617","0.0235426314175129","0","9","258","55","395","305","305","-1","0","259","0","104","0","3.25470328330994","0.550000011920929","0.100865259766579","87","344","20459.9991181853","1023","19.9999991380111","-4.43788961438744","-7.69259289769738","10"
"default_paddle","45","4","8","0","0","0","0","-0.416013687849045","0","206.611343383789","-0.0838029384613037","2359.26806640625","0","265.904449462891","0","0","0","248.506088256836","1187.64636230469","0","1187.64636230469","-7.39747619628906","444.043701171875","0","-0.000361558748409152","0.295137345790863","0","0","2562.53100585938","0","23.3436050415039","0.067742221057415","0","9","277","65","394","315","315","-1","0","278","0","114","0","2.54931426048279","0.600000023841858","0.100865259766579","82","329","20459.9563109391","1023","19.9999572931956","-0.0701903550671739","-2.61950461554996","10"
"default_paddle","45","4","9","0","0","0","0","-1.0308176279068","0","186.648376464844","20167.232421875","2437.3017578125","0","37434.76953125","0","0","0","204.820678710938","1297.18444824219","0","1297.18444824219","3788.84790039063","27694.943359375","0","0.185183197259903","0.265690207481384","0","0","22067.25","0","20.8745555877686","0.68984317779541","0","9","296","76","396","326","326","-1","0","297","0","125","0","45","0.649999976158142","0.100865259766579","80","338","20459.998296028","1023","19.9999983343382","44.1859428313098","-0.814057168690198","10"
"default_paddle","5","0","0","0","0","0","0","5.08883953094482","0","3.36947655677795","206.964706420898","0","0","553.132385253906","0","0","0","119.888229370117","42.8887939453125","0","42.8887939453125","59.3968124389648","551.279968261719","0","0.0029030698351562","0.00514186173677444","0","0","209.745330810547","0","0.0832337737083435","-0.0533716343343258","0","9","183","2","394","201","201","-1","0","184","1","0","0","39.7424964904785","0.0166666675359011","0","7","394","20460.0012440861","1023","20.0000012161155","34.3741789221388","-5.36831756833973","10"
"default_paddle","5","0","1","0","0","0","0","5.05311632156372","0","18.3253307342529","64.9110260009766","0","0","544.821960449219","0","0","0","180.203918457031","142.938980102539","0","142.938980102539","122.377403259277","546.706848144531","0","0.00598130049183965","0.0257581658661366","0","0","82.7497177124023","0","0.693489730358124","-0.0571004822850227","0","9","183","2","390","201","201","-1","0","184","0","0","0","18.3809432983398","0.0333333350718021","0","15","390","20459.99919687","1023","19.9999992149267","13.4272121803855","-4.95373111795433","10"
"default_paddle","5","0","2","0","0","0","0","5.00661611557007","0","36.4260063171387","42.6938896179199","0","0","531.817443847656","0","0","0","246.142074584961","215.720260620117","0","215.720260620117","170.968780517578","543.619445800781","0","0.0083562470972538","0.0530978329479694","0","0","78.6653900146484","0","1.78843820095062","-0.0395256653428078","0","9","184","3","388","202","202","-1","0","185","0","1","0","13.913761138916","0.0500000007450581","0","19","387","20459.9958004791","1023","19.9999958948965","9.05453799608342","-4.8592231428326","10"
"default_paddle","5","0","3","0","0","0","0","4.71957683563232","0","102.879257202148","19.8241596221924","0","0","467.196166992188","0","0","0","375.988952636719","436.587463378906","0","436.587463378906","278.26806640625","537.763122558594","0","0.0136005906388164","0.164152055978775","0","0","122.337562561035","0","7.89903450012207","-0.0139769958332181","0","9","186","4","382","203","203","-1","0","187","0","2","0","9.13687896728516","0.100000001490116","0","35","372","20459.9986718273","1023","19.9999987016885","4.75261020896957","-4.38426875831559","10"
"default_paddle","5","0","4","0","0","0","0","3.9677140712738","0","194.454879760742","8.98345947265625","43.4289321899414","0","347.685455322266","0","0","0","440.328063964844","735.567626953125","0","735.567626953125","339.097961425781","531.054626464844","0","0.016573702916503","0.323891073465347","0","0","246.562286376953","0","19.4688777923584","-0.000936032505705953","0","9","189","6","374","205","205","-1","0","190","0","4","0","6.66000127792358","0.150000005960464","0","53","353","20459.9999851651","1023","19.9999999854986","2.93314085973149","-3.7268604181921","10"
"default_paddle","5","0","5","0","0","0","0","3.54101610183716","0","283.668823242188","3.26136827468872","106.467353820801","0","200.910079956055","0","0","0","511.663848876953","965.686218261719","0","965.686218261719","315.350219726563","532.56689453125","0","0.0154130142182112","0.494106739759445","0","0","393.229064941406","0","34.1696548461914","-0.00125227938406169","0","9","191","7","365","206","206","-1","0","192","0","5","0","5.15505886077881","0.200000002980232","0","70","336","20459.9966795568","1023","19.99999675421","1.78755700878227","-3.36750185199654","10"
"default_paddle","5","0","6","0","0","0","0","3.23032522201538","0","367.193328857422","-0.451061695814133","0","0","57.9775199890137","0","0","0","556.974670410156","1189.77062988281","0","1189.77062988281","-190.710510253906","565.401672363281","0","-0.00932113919407129","0.66267204284668","0","0","366.703186035156","0","50.0481033325195","-0.00365267135202885","0","9","192","7","356","206","206","-1","0","193","0","5","0","2.20098209381104","0.25","0","86","321","20460.0002513864","1023","20.0000002457345","-0.80594843956589","-3.00693053337692","10"
"default_paddle","5","0","7","0","0","0","0","2.8816123008728","0","479.331085205078","63270.31640625","-511.202087402344","0","121063.5234375","0","0","0","592.186157226563","1495.48620605469","0","1495.48620605469","12161.6865234375","121413.8046875","0","0.594412803649902","0.885606229305267","0","0","64247.25","0","72.4669647216797","-0.0612490139901638","0","9","194","8","346","207","207","-1","0","195","0","6","0","45","0.300000011920929","0","105","301","20460.0009433856","1023","20.0000009221756","42.1592168840415","-2.84078311595852","10"
"default_paddle","5","0","8","0","0","0","0","2.52861762046814","0","580.942260742188","80812.7421875","0","0","151808.640625","0","0","0","608.110412597656","1801.54211425781","0","1801.54211425781","15230.9052734375","150695.984375","0","0.744423449039459","1.0955365896225","0","0","81239.46875","0","94.0922622680664","-0.129791527986526","0","9","196","9","338","208","208","-1","0","197","0","7","0","45","0.349999994039536","0","122","282","20460.0020231632","1023","20.0000019776767","42.8050387589917","-2.19496124100825","10"
"default_paddle","5","0","9","0","0","0","0","2.20816516876221","0","681.045043945313","99627.8828125","109.822715759277","0","183635.765625","0","0","0","646.210693359375","2024.70788574219","0","2024.70788574219","18403.44921875","180942.453125","0","0.899484276771545","1.30838775634766","0","0","100204.234375","0","114.078811645508","-0.172166183590889","0","9","197","10","328","209","209","-1","0","198","1","8","0","45","0.400000005960464","0","140","263","20460.001018366","1023","20.0000009954702","43.4305830522896","-1.56941694771035","10"
"default_paddle","5","0","10","0","0","0","0","1.91584312915802","0","715.558959960938","106881.6953125","-13.4502868652344","0","195206.375","0","0","0","635.173706054688","2183.96655273438","0","2183.96655273438","19554.73046875","189545.03125","0","0.955754160881042","1.38719809055328","0","0","107976.28125","0","121.10359954834","-0.243204906582832","0","9","199","11","326","210","210","-1","0","200","1","9","0","45","0.416666686534882","0","145","254","20460.0003527307","1023","20.0000003448003","43.5495575867945","-1.45044241320549","10"
"default_paddle","5","0","11","0","0","0","0","1.77136504650116","0","744.620483398438","113576.6484375","-556.373413085938","0","205343.546875","0","0","0","646.543395996094","2256.50903320313","0","2256.50903320313","20562.90234375","195417.71875","0","1.00502955913544","1.45893096923828","0","0","115019.671875","0","127.073867797852","-0.318875283002853","0","9","199","11","323","210","210","-1","0","200","1","9","0","45","0.433333367109299","0","152","248","20459.9975760305","1023","19.9999976305283","43.5415794143873","-1.45842058561274","10"
"default_paddle","5","1","0","0","0","0","0","5.21972894668579","0","7.97189426422119","121.522399902344","0","0","595.833190917969","0","0","0","108.748916625977","106.040237426758","0","106.040237426758","87.4304962158203","549.684020996094","0","0.00427324092015624","0.0115317609161139","0","0","128.93864440918","0","0.245128780603409","0.395128428936005","0","9","195","0","397","208","208","-1","0","196","0","7","0","26.814977645874","0.0333333350718021","0.0252163149416447","10","390","20459.9969553375","1023","19.9999970237903","21.7503270412137","-5.06465060466032","10"
"default_paddle","5","1","1","0","0","0","0","5.18537378311157","0","21.995153427124","59.704475402832","0","0","550.994934082031","0","0","0","260.230651855469","120.607841491699","0","120.607841491699","134.49494934082","546.023010253906","0","0.00657355552539229","0.0313858576118946","0","0","81.2112045288086","0","0.907379806041718","0.186445668339729","0","9","195","0","394","208","208","-1","0","196","0","7","0","17.1418399810791","0.0500000007450581","0.0252163149416447","15","386","20460.000500687","1023","20.0000004894301","12.0897265062456","-5.05211347483346","10"
"default_paddle","5","1","2","0","0","0","0","4.54258346557617","0","89.7811279296875","22.8731212615967","0","0","484.636169433594","0","0","0","322.257720947266","425.646697998047","0","425.646697998047","261.52294921875","538.531982421875","0","0.0127821583300829","0.137167930603027","0","0","112.265815734863","0","6.41453266143799","0.0953975170850754","0","9","197","1","388","209","209","-1","0","198","0","8","0","9.65081310272217","0.100000001490116","0.0252163149416447","25","363","20459.9992008591","1023","19.9999992188261","5.34693347644968","-4.30387962627249","10"
"default_paddle","5","1","3","0","0","0","0","4.04642057418823","0","166.474700927734","11.8753471374512","116.436943054199","0","385.651733398438","0","0","0","403.239593505859","657.998291015625","0","657.998291015625","323.427795410156","524.801513671875","0","0.0158078093081713","0.265330970287323","0","0","294.367462158203","0","15.4853525161743","0.0760844200849533","0","9","199","2","379","210","210","-1","0","200","0","9","0","7.26208257675171","0.150000005960464","0.0252163149416447","34","342","20460.001073202","1023","20.0000010490733","3.41557356315385","-3.84650901359786","10"
"default_paddle","5","1","4","0","0","0","0","3.60840439796448","0","258.497283935547","4.85349082946777","159.75260925293","0","244.268692016602","0","0","0","489.855255126953","890.140502929688","0","890.140502929688","324.803985595703","527.339111328125","0","0.0158750712871552","0.436039984226227","0","0","422.861785888672","0","29.6216716766357","0.0520429089665413","0","9","201","3","370","211","211","-1","0","202","0","10","0","5.52649068832397","0.200000002980232","0.0252163149416447","48","321","20460.0017045913","1023","20.0000016662672","2.08644995249225","-3.44004073583172","10"
"default_paddle","5","1","5","0","0","0","0","3.22557377815247","0","329.355346679688","1.74356937408447","180.555709838867","0","120.970924377441","0","0","0","505.626312255859","1131.47424316406","0","1131.47424316406","248.644134521484","534.514404296875","0","0.0121526941657066","0.572103142738342","0","0","511.538238525391","0","42.2430725097656","0.0424612052738667","0","9","204","5","363","213","213","-1","0","205","0","12","0","4.35423707962036","0.25","0.0252163149416447","56","303","20460.0009784766","1023","20.0000009564776","1.21717641687026","-3.13706066275011","10"
"default_paddle","5","1","6","0","0","0","0","2.85331630706787","0","433.131164550781","56321.48046875","0","0","107235.3984375","0","0","0","546.379028320313","1428.69775390625","0","1428.69775390625","10772.1591796875","74915.171875","0","0.52649849653244","0.780610501766205","0","0","56641.37109375","0","62.793628692627","0.801928997039795","0","9","205","6","353","214","214","-1","0","206","0","13","0","45","0.300000011920929","0.0252163149416447","67","278","20459.9998872433","1023","19.9999998897784","42.4130199915782","-2.58698000842177","10"
"default_paddle","5","1","7","0","0","0","0","2.58679509162903","0","528.610168457031","72070.953125","433.273651123047","0","135476.53125","0","0","0","589.859924316406","1656.22912597656","0","1656.22912597656","13596.6962890625","85493.046875","0","0.664550065994263","0.976943135261536","0","0","72819.25","0","82.3642120361328","0.889200031757355","0","9","207","7","345","215","215","-1","0","208","0","14","0","45","0.349999994039536","0.0252163149416447","77","257","20460.0029174926","1023","20.0000028518989","42.8619388726935","-2.13806112730645","10"
"default_paddle","5","1","8","0","0","0","0","2.19471096992493","0","623.041625976563","91161.2421875","-292.326354980469","0","166008.96875","0","0","0","603.953918457031","1952.43090820313","0","1952.43090820313","16649.072265625","93907.0859375","0","0.813737571239471","1.17917823791504","0","0","92186.9140625","0","100.96794128418","0.972612977027893","0","8","209","8","335","216","216","-1","0","210","0","15","0","45","0.400000005960464","0.0252163149416447","85","237","20460.0019147026","1023","20.0000018716545","43.6371274843756","-1.36287251562445","10"
"default_paddle","5","1","9","0","0","0","0","1.49012577533722","0","703.068359375","111793.7109375","383.235931396484","0","195005.328125","0","0","0","584.064453125","2316.90502929688","0","2316.90502929688","19552.51953125","81036.6171875","0","0.955646097660065","1.35322189331055","0","0","112619.3203125","0","114.450782775879","1.14355874061584","0","7","210","9","327","217","217","-1","0","211","0","16","0","45","0.449999988079071","0.0252163149416447","82","228","20460.0003904427","1023","20.0000003816645","44.9266206104244","-0.0733793895756065","10"
"default_paddle","5","1","10","0","0","0","0","0.926990687847137","0","718.710144042969","117302.796875","-1397.2734375","0","201676.171875","0","0","0","554.2080078125","2528.1064453125","0","2528.1064453125","20222.65234375","74106.3984375","0","0.988399505615234","1.4010968208313","0","0","119096.0234375","0","116.710762023926","1.19846892356873","0","6","210","9","323","217","217","-1","0","211","0","16","0","45","0.466666668653488","0.0252163149416447","75","224","20459.9984407745","1023","19.9999984758304","44.8656646800921","-0.134335319907947","10"
"default_paddle","5","2","0","0","0","0","0","4.92582035064697","0","21.3505344390869","68.4837341308594","0","0","586.783203125","0","0","0","123.290145874023","238.793472290039","0","238.793472290039","135.922058105469","546.4423828125","0","0.00664330646395683","0.0294408816844225","0","0","89.3103866577148","0","0.923725664615631","0.395473271608353","0","9","208","1","398","216","216","-1","0","209","0","15","0","17.179500579834","0.0833333358168602","0.0504326298832893","15","377","20460.0011820788","1023","20.0000011555023","13.0410463683539","-4.13845421148012","10"
"default_paddle","5","2","1","0","0","0","0","4.62284421920776","0","29.0073413848877","55.7364044189453","0","0","570.812438964844","0","0","0","132.046691894531","310.108123779297","0","310.108123779297","156.278915405273","545.084350585938","0","0.00763826537877321","0.0409487560391426","0","0","84.2440872192383","0","1.40717852115631","0.35124859213829","0","9","208","1","395","216","216","-1","0","209","0","15","0","14.9087982177734","0.100000001490116","0.0504326298832893","17","371","20460.0007535184","1023","20.0000007365771","10.75048267581","-4.15831554196346","10"
"default_paddle","5","2","2","0","0","0","0","4.02941226959229","0","93.3994979858398","23.5637302398682","114.087905883789","0","476.306884765625","0","0","0","257.694396972656","553.719177246094","0","553.719177246094","259.397766113281","524.215209960938","0","0.012678287923336","0.14269033074379","0","0","230.423416137695","0","7.15019845962524","0.188258677721024","0","9","210","2","386","217","217","-1","0","211","0","16","0","9.2225284576416","0.150000005960464","0.0504326298832893","26","348","20459.999621544","1023","19.9999996300528","5.09755354380865","-4.12497491383295","10"
"default_paddle","5","2","3","0","0","0","0","3.77614212036133","0","133.678939819336","16.3399772644043","290.050140380859","0","414.681488037109","0","0","0","302.351287841797","695.281799316406","0","695.281799316406","290.609039306641","506.88623046875","0","0.0142037644982338","0.210219353437424","0","0","439.314971923828","0","12.2468433380127","0.178687393665314","0","9","211","2","376","217","217","-1","0","212","0","16","0","7.83764123916626","0.200000002980232","0.0504326298832893","27","328","20460.0012442319","1023","20.000001216258","3.87422115135454","-3.96342008781172","10"
"default_paddle","5","2","4","0","0","0","0","3.27295732498169","0","234.927673339844","6.47768592834473","368.694946289063","0","264.663665771484","0","0","0","383.941101074219","1014.89776611328","0","1014.89776611328","311.095672607422","510.066162109375","0","0.0152050666511059","0.389661014080048","0","0","609.652770996094","0","26.8506889343262","0.108407452702522","0","9","214","4","369","219","219","-1","0","215","0","18","0","5.69383096694946","0.25","0.0504326298832893","37","309","20460.0005870277","1023","20.0000005738296","2.2363219852747","-3.45750898167476","10"
"default_paddle","5","2","5","0","0","0","0","2.81726789474487","0","353.067779541016","44768.25","215.381195068359","0","85527.828125","0","0","0","442.585723876953","1382.50305175781","0","1382.50305175781","8596.4619140625","43274.1328125","0","0.42015939950943","0.611876130104065","0","0","45187.2421875","0","48.0691337585449","1.0442134141922","0","9","217","6","360","221","221","-1","0","218","0","20","0","45","0.300000011920929","0.0504326298832893","43","274","20460.0014282664","1023","20.0000013961549","43.3673979212397","-1.63260207876034","10"
"default_paddle","5","2","6","0","0","0","0","2.54272031784058","0","402.988006591797","54018.59375","245.290985107422","0","100981.4375","0","0","0","446.921447753906","1604.72216796875","0","1604.72216796875","10138.1181640625","43674.23828125","0","0.495509207248688","0.717184722423553","0","0","54487.33203125","0","58.4648895263672","1.12751996517181","0","9","221","8","353","223","223","-1","0","222","0","22","0","45","0.349999994039536","0.0504326298832893","43","256","20459.999563589","1023","19.9999995734008","43.7020857573266","-1.29791424267342","10"
"default_paddle","5","2","7","0","0","0","0","2.13985133171082","0","483.382110595703","69601.515625","182.844024658203","0","126161.1953125","0","0","0","466.117340087891","1888.58544921875","0","1888.58544921875","12659.1513671875","47699.33984375","0","0.618726849555969","0.880302429199219","0","0","70137.578125","0","73.3447875976563","1.18632221221924","0","8","224","10","344","226","225","-1","0","225","0","24","0","45","0.400000005960464","0.0504326298832893","47","244","20460.0000408458","1023","20.0000000399274","44.6566849618703","-0.343315038129717","10"
"default_paddle","5","2","8","0","0","0","0","1.13116359710693","0","535.697204589844","83131.59375","-748.428588867188","0","145344.984375","0","0","0","427.122283935547","2366.78149414063","0","2366.78149414063","14580.3427734375","41832.0078125","0","0.712626695632935","1.01090514659882","0","0","84359.65625","0","84.5136260986328","1.283163189888","0","7","228","13","338","231","228","-1","0","230","0","27","0","45","0.449999988079071","0.0504326298832893","45","239","20460.0008149957","1023","20.0000007966722","44.8246363897194","-0.175363610280648","10"
"default_paddle","5","2","9","0","0","0","0","0.72886449098587","0","535.530395507813","85603.5703125","-865.182006835938","0","147074.546875","0","0","0","404.719055175781","2499.3154296875","0","2499.3154296875","14758.7900390625","37868.8359375","0","0.721348524093628","1.01152062416077","0","0","86889.171875","0","84.061149597168","1.31473195552826","0","6","229","14","335","233","229","-1","0","232","0","28","0","45","0.466666668653488","0.0504326298832893","44","238","20459.9989410207","1023","19.9999989648297","45.4903853062543","0.490385306254275","10"
"default_paddle","5","3","0","0","0","0","0","4.54672050476074","0","5.77401685714722","564.48388671875","0","0","1081.55480957031","0","0","0","18.8294620513916","412.257873535156","0","412.257873535156","113.069328308105","551.327880859375","0","0.00552635965868831","0.00776259368285537","0","0","568.907165527344","0","0.206430301070213","1.03611016273499","0","9","225","0","399","227","226","-1","0","226","0","25","0","42.9743461608887","0.133333340287209","0.0756489485502243","12","381","20460.0017536576","1023","20.0000017142303","45.3914918010136","2.41714564012494","10"
"default_paddle","5","3","1","0","0","0","0","4.1521577835083","0","4.48590803146362","552.861022949219","0","0","911.915588378906","0","0","0","14.8970804214478","413.266143798828","0","413.266143798828","95.6295166015625","434.467895507813","0","0.00467397412285209","0.00615645898506045","0","0","556.141845703125","0","0.156345576047897","1.0743659734726","0","9","227","1","396","230","227","-1","0","229","0","26","0","45","0.150000005960464","0.0756489485502243","11","381","20460.0012939757","1023","20.0000012648834","49.3935859927922","4.39358599279225","10"
"default_paddle","5","3","2","0","0","0","0","3.61227536201477","0","59.9392280578613","37.6891212463379","94.4774856567383","0","527.108093261719","0","0","0","128.630081176758","678.440063476563","0","678.440063476563","212.79541015625","525.131164550781","0","0.0104005578905344","0.0872678011655807","0","0","191.247772216797","0","4.1632251739502","0.331991523504257","0","9","230","4","389","234","230","-1","0","233","0","29","0","10.4730291366577","0.200000002980232","0.0756489485502243","28","351","20459.999588091","1023","19.9999995973519","6.84476814801465","-3.62826098864307","10"
"default_paddle","5","3","3","0","0","0","0","3.44516658782959","0","77.6924285888672","30.6516876220703","128.074905395508","0","500.771697998047","0","0","0","149.488693237305","769.159484863281","0","769.159484863281","237.039001464844","521.84619140625","0","0.011585483327508","0.114980645477772","0","0","235.630187988281","0","6.15196371078491","0.311155527830124","0","9","232","6","382","237","232","-1","0","236","0","31","0","9.22859954833984","0.25","0.0756489485502243","30","340","20460.0010861895","1023","20.0000010617688","5.78295305717149","-3.44564649116835","10"
"default_paddle","5","3","4","0","0","0","0","3.11699056625366","0","122.364501953125","18.7752685546875","215.727645874023","0","429.343078613281","0","0","0","191.672500610352","996.692077636719","0","996.692077636719","278.669647216797","516.646240234375","0","0.0136202163994312","0.191038459539413","0","0","356.227874755859","0","12.3632755279541","0.286927074193954","0","9","235","9","374","242","235","-1","0","241","0","34","0","7.16932535171509","0.300000011920929","0.0756489485502243","32","312","20460.0014452365","1023","20.0000014127434","4.0884099627721","-3.08091538894299","10"
"default_paddle","5","3","5","0","0","0","0","2.49266576766968","0","278.054595947266","2.7390034198761","644.876403808594","0","149.831298828125","0","0","0","310.651824951172","1526.810546875","0","1526.810546875","209.208312988281","487.588409423828","0","0.0102252354845405","0.474306493997574","0","0","924.914489746094","0","37.1886672973633","0.151151239871979","0","9","238","12","368","246","238","-1","0","245","0","37","0","3.9246609210968","0.349999994039536","0.0756489485502243","46","279","20459.999508528","1023","19.9999995195777","1.23529458170269","-2.68936633939412","10"
"default_paddle","5","3","6","0","0","0","0","2.18778324127197","0","280.700958251953","38300.4765625","680.075622558594","0","69866.703125","0","0","0","277.260925292969","1731.19775390625","0","1731.19775390625","7018.07470703125","19787.97265625","0","0.343014419078827","0.479993462562561","0","0","38982.84375","0","38.3564300537109","1.28655862808228","0","9","241","15","360","250","241","-1","0","249","0","40","0","45","0.400000005960464","0.0756489485502243","43","266","20459.9991040565","1023","19.9999991241999","45.6123163615982","0.612316361598175","10"
"default_paddle","5","3","7","0","0","0","0","1.47778081893921","0","319.065643310547","46983.484375","156.601348876953","0","82779.484375","0","0","0","272.101440429688","2103.28295898438","0","2103.28295898438","8310.076171875","19993.611328125","0","0.406162112951279","0.572306275367737","0","0","47543.9375","0","46.0080070495605","1.33158683776855","0","8","244","18","354","254","244","-1","0","253","0","43","0","45","0.449999988079071","0.0756489485502243","45","262","20459.9983772288","1023","19.9999984137134","45.2099881857523","0.209988185752294","10"
"default_paddle","5","3","8","0","0","0","0","1.17092883586884","0","324.832641601563","48679.33984375","297.849273681641","0","85350.2578125","0","0","0","266.230560302734","2226.00927734375","0","2226.00927734375","8563.306640625","18734.865234375","0","0.418538928031921","0.592631697654724","0","0","49360.0703125","0","47.9377326965332","1.35409796237946","0","7","245","19","351","255","245","-1","0","254","0","44","0","45","0.466666668653488","0.0756489485502243","43","261","20460.0004135622","1023","20.0000004042641","44.9296339885022","-0.0703660114977609","10"
"default_paddle","5","3","9","0","0","0","0","0.986270546913147","0","313.715515136719","47914.6015625","324.626037597656","0","82991.171875","0","0","0","250.532531738281","2289.02514648438","0","2289.02514648438","8328.169921875","16897.896484375","0","0.407046437263489","0.573475241661072","0","0","48536.6015625","0","46.2293548583984","1.37032294273376","0","7","246","20","349","256","246","-1","0","255","0","45","0","45","0.483333349227905","0.0756489485502243","41","261","20459.9995466464","1023","19.9999995568391","45.2177507054913","0.217750705491291","10"
"default_paddle","5","4","0","0","0","0","0","-0.992399930953979","0","10.744571685791","313.335388183594","0","0","961.546569824219","0","0","0","17.8762798309326","786.782775878906","0","786.782775878906","129.099731445313","550.029907226563","0","0.00630985898897052","0.0140647497028112","0","0","323.022521972656","0","0.514871597290039","0.965173780918121","0","9","251","1","397","262","251","-1","0","261","0","50","0","24.2909240722656","0.266666650772095","0.100865259766579","29","372","20460.0026198645","1023","20.0000025609624","26.6557773149128","2.3648532426472","10"
"default_paddle","5","4","1","0","0","0","0","-1.29049110412598","0","13.2357034683228","247.473541259766","0","0","882.221069335938","0","0","0","21.8730430603027","801.276916503906","0","801.276916503906","133.186676025391","549.389038085938","0","0.00650961278006434","0.0175263658165932","0","0","259.774536132813","0","0.688588857650757","0.904444098472595","0","9","252","2","395","263","252","-1","0","262","0","51","0","20.7745418548584","0.283333331346512","0.100865259766579","30","368","20459.9997765265","1023","19.9999997815508","21.8031150977691","1.02857324291067","10"
"default_paddle","5","4","2","0","0","0","0","-1.92747676372528","0","9.63202571868896","454.820770263672","0","0","1154.40087890625","0","0","0","15.2085676193237","815.376525878906","0","815.376525878906","138.667541503906","550.555786132813","0","0.00677749421447515","0.012400709092617","0","0","463.08984375","0","0.472003489732742","1.07609331607819","0","9","253","3","392","265","253","-1","0","264","0","52","0","27.8086891174316","0.300000011920929","0.100865259766579","24","367","20460.001457138","1023","20.0000014243774","33.1300238345233","5.32133471709168","10"
"default_paddle","5","4","3","0","0","0","0","1.58442199230194","0","15.2939548492432","220.697509765625","0","0","971.011962890625","0","0","0","21.5639820098877","926.187805175781","0","926.187805175781","149.603103637695","549.336364746094","0","0.0073119793087244","0.0199722982943058","0","0","235.027893066406","0","0.935470342636108","0.977580666542053","0","9","257","7","387","270","257","-1","0","269","0","56","0","19.3091983795166","0.349999994039536","0.100865259766579","23","354","20460.0009547612","1023","20.0000009332954","21.475668257928","2.1664698784114","10"
"default_paddle","5","4","4","0","0","0","0","0.762720465660095","0","16.5020942687988","247.669494628906","0","0","1127.18725585938","0","0","0","22.392671585083","982.062805175781","0","982.062805175781","169.197738647461","549.529296875","0","0.00826968438923359","0.0219910107553005","0","0","263.075561523438","0","1.11935496330261","1.07012522220612","0","9","261","11","380","275","261","-1","0","274","0","60","0","19.9323883056641","0.400000005960464","0.100865259766579","18","345","20459.999521595","1023","19.9999995323509","22.089126063413","2.15673775774889","10"
"default_paddle","5","4","5","0","0","0","0","2.35427474975586","0","26.394868850708","135.005126953125","0","0","962.76953125","0","0","0","32.774486541748","1137.41613769531","0","1137.41613769531","197.047149658203","547.930358886719","0","0.00963084772229195","0.0372782275080681","0","0","160.555694580078","0","2.18031525611877","0.988300025463104","0","9","265","15","375","280","265","-1","0","279","0","64","0","15.0838632583618","0.449999988079071","0.100865259766579","23","335","20460.0005461731","1023","20.0000005338935","14.972206572997","-0.111656685364833","10"
"default_paddle","5","4","6","0","0","0","0","2.24815607070923","0","39.0515174865723","91.7547073364258","97.3949813842773","0","876.013732910156","0","0","0","45.4661865234375","1283.50524902344","0","1283.50524902344","230.400146484375","533.248107910156","0","0.0112610030919313","0.0583560839295387","0","0","226.791000366211","0","3.76196050643921","0.954408764839172","0","9","269","19","368","285","269","-1","0","284","0","68","0","12.1600971221924","0.5","0.100865259766579","27","324","20460.0020622905","1023","20.0000020159242","11.1261895851618","-1.03390753703059","10"
"default_paddle","5","4","7","0","0","0","0","2.17591834068298","0","35.8181610107422","116.064949035645","0","0","1010.90783691406","0","0","0","40.3547439575195","1308.87145996094","0","1308.87145996094","240.547943115234","547.3681640625","0","0.0117569863796234","0.0528191737830639","0","0","151.057983398438","0","3.44686508178711","1.03437376022339","0","9","271","21","367","287","271","-1","0","286","0","70","0","12.957857131958","0.516666650772095","0.100865259766579","23","323","20460.0001520916","1023","20.0000001486722","12.8611648438965","-0.0966922880614707","10"
"default_paddle","5","4","8","0","0","0","0","2.09791898727417","0","43.9885101318359","94.0691680908203","386.434204101563","0","912.48876953125","0","0","0","47.1098594665527","1409.8173828125","0","1409.8173828125","249.474014282227","492.749389648438","0","0.0121932560577989","0.0664163008332253","0","0","520.268920898438","0","4.51291370391846","1.01864266395569","0","9","272","22","365","289","272","-1","0","288","0","71","0","12.1578702926636","0.533333301544189","0.100865259766579","27","319","20459.9996177938","1023","19.9999996263869","10.5788389246218","-1.57903136804173","10"
"default_paddle","60","0","0","0","0","0","0","4.2374210357666","0","3.66578435897827","171.432495117188","0","0","558.02294921875","0","0","0","349.916595458984","18.0802707672119","0","18.0802707672119","64.7129211425781","551.469604492188","0","0.00316289952024817","0.00632658647373319","0","0","174.611343383789","0","0.107053175568581","0.144576847553253","0","9","27","2","399","210","210","-1","0","28","0","9","0","34.1845321655273","0.0333333350718021","0.0252163149416447","11","395","20459.9990383193","1023","19.9999990599406","29.9958811813078","-4.1886509842195","10"
"default_paddle","60","0","1","0","0","0","0","3.88339233398438","0","26.717622756958","52.7845268249512","0","0","541.93359375","0","0","0","550.802368164063","70.2347869873047","0","70.2347869873047","146.252227783203","545.08642578125","0","0.00714820297434926","0.0386854894459248","0","0","79.0224075317383","0","1.16709768772125","0.114724777638912","0","9","32","4","398","212","212","-1","0","33","0","11","0","14.3358068466187","0.0500000007450581","0.0252163149416447","20","388","20459.9992904535","1023","19.9999993064061","10.6481535111935","-3.68765333542511","10"
"default_paddle","60","0","2","0","0","0","0","2.97422289848328","0","109.664779663086","20.1312637329102","0","0","468.02490234375","0","0","0","676.303466796875","242.997482299805","0","242.997482299805","278.795989990234","536.955200195313","0","0.0136263910681009","0.164340034127235","0","0","129.41325378418","0","7.88590431213379","0.0700183138251305","0","9","49","9","396","217","217","-1","0","50","1","16","0","7.5824670791626","0.100000001490116","0.0252163149416447","34","366","20460.0021089142","1023","20.0000020614997","4.75618768912608","-2.82627939003652","10"
"default_paddle","60","0","3","0","0","0","0","2.41913056373596","0","193.734893798828","10.6764135360718","465.691833496094","0","370.767364501953","0","0","0","813.706115722656","364.033447265625","0","364.033447265625","300.591461181641","535.421447753906","0","0.0146916629746556","0.296216249465942","0","0","669.45849609375","0","17.4354820251465","0.0515338592231274","0","9","68","17","394","225","225","-1","0","69","2","24","0","5.73061513900757","0.150000005960464","0.0252163149416447","51","352","20460.0024993894","1023","20.0000024431959","2.8429088677618","-2.88770627124577","10"
"default_paddle","60","0","4","0","0","0","0","2.20828580856323","0","256.82177734375","6.48567199707031","0","0","290.675994873047","0","0","0","885.673950195313","451.556823730469","0","451.556823730469","341.671569824219","533.849243164063","0","0.016699492931366","0.399932116270065","0","0","263.079864501953","0","25.3252849578857","0.0501986220479012","0","9","89","26","393","234","234","-1","0","90","3","33","0","4.28182315826416","0.200000002980232","0.0252163149416447","71","352","20459.9966734601","1023","19.9999967482504","2.39312794948663","-1.88869520877753","10"
"default_paddle","60","0","5","0","0","0","0","1.9338493347168","0","385.671173095703","43705.59765625","1369.17358398438","0","82982.890625","0","0","0","1119.72412109375","543.4638671875","0","543.4638671875","8366.0625","82341.1171875","0","0.408898413181305","0.608529627323151","0","0","45067.59765625","0","44.4321594238281","0.00963879562914371","0","9","107","34","392","242","242","-1","0","108","2","41","0","45","0.25","0.0252163149416447","82","321","20460.0023632043","1023","20.0000023100727","42.2173576792203","-2.78264232077968","10"
"default_paddle","60","0","6","0","0","0","0","1.61339271068573","0","472.870056152344","57635.94921875","177.561492919922","0","105521.9140625","0","0","0","1166.50817871094","644.989807128906","0","644.989807128906","10602.2451171875","105588.8359375","0","0.51819384098053","0.752385854721069","0","0","58126.68359375","0","58.3016777038574","0.0354968197643757","0","9","128","44","391","252","252","-1","0","129","2","51","0","45","0.300000011920929","0.0252163149416447","100","315","20459.9983224923","1023","19.9999983602076","43.5299879420379","-1.47001205796205","10"
"default_paddle","60","0","7","0","0","0","0","1.35756576061249","0","593.239196777344","73495.9921875","1371.072265625","0","134473.9375","0","0","0","1292.9541015625","740.001342773438","0","740.001342773438","13480.4853515625","132814.59375","0","0.658870279788971","0.956787705421448","0","0","74948.2578125","0","77.7651824951172","0.116061836481094","0","9","147","53","391","261","261","-1","0","148","2","60","0","45","0.349999994039536","0.0252163149416447","113","296","20459.9991304512","1023","19.9999991500012","43.5215540301294","-1.47844596987063","10"
"default_paddle","60","0","8","0","0","0","0","1.13209843635559","0","704.362854003906","91208.4375","1406.56005859375","0","163497.515625","0","0","0","1348.79821777344","861.741943359375","0","861.741943359375","16367.7861328125","160757.234375","0","0.799989640712738","1.16231608390808","0","0","92731.421875","0","95.8703308105469","0.150606200098991","0","9","167","62","389","270","270","-1","0","168","3","69","0","45","0.400000005960464","0.0252163149416447","134","290","20459.9976047563","1023","19.9999976586083","43.4934836196994","-1.50651638030064","10"
"default_paddle","60","0","9","0","0","0","0","0.853269219398499","0","816.620971679688","110683.0703125","1093.59985351563","0","192757.640625","0","0","0","1456.04614257813","915.270385742188","0","915.270385742188","19301.01953125","185466.484375","0","0.943353891372681","1.33267593383789","0","0","112011.296875","0","112.067718505859","0.260861068964005","0","9","187","72","390","280","280","-1","0","188","2","79","0","45","0.449999988079071","0.0252163149416447","134","289","20459.9988485392","1023","19.9999988744274","45.0614249560014","0.0614249560013604","10"
"default_paddle","60","0","10","0","0","0","0","0.760578393936157","0","833.699340820313","112764.53125","1691.20263671875","0","196803.375","0","0","0","1467.02136230469","937.456604003906","0","937.456604003906","19712.9296875","187697.921875","0","0.963486313819885","1.37526881694794","0","0","114524.9375","0","115.25235748291","0.284767180681229","0","9","193","75","389","283","283","-1","0","194","2","82","0","45","0.466666668653488","0.0252163149416447","134","289","20459.9996956315","1023","19.9999997024746","44.4735824635541","-0.526417536445933","10"
"default_paddle","60","1","0","0","0","0","0","4.3568754196167","0","10.8774356842041","84.9374694824219","0","0","548.269592285156","0","0","0","1815.64025878906","8.88333892822266","0","8.88333892822266","99.5036315917969","548.860107421875","0","0.00486332504078746","0.0161289479583502","0","0","95.3579788208008","0","0.404574811458588","0.0361875109374523","0","9","44","1","400","216","216","-1","0","45","0","15","0","20.6620006561279","0.0666666701436043","0.0504326298832893","14","387","20460.0002585238","1023","20.0000002527115","17.5493853521823","-3.11261530394564","10"
"default_paddle","60","1","1","0","0","0","0","3.95270133018494","0","28.5119934082031","51.3132553100586","32.3452796936035","0","533.116821289063","0","0","0","1059.02551269531","37.2387962341309","0","37.2387962341309","148.796493530273","536.328002929688","0","0.00727255595847964","0.0394368357956409","0","0","111.421325683594","0","1.29314506053925","0.0382416844367981","0","9","49","2","399","217","217","-1","0","50","0","16","0","14.1674108505249","0.0833333358168602","0.0504326298832893","20","378","20459.9998102153","1023","19.9999998144822","10.6267496128051","-3.54066123771983","10"
"default_paddle","60","1","2","0","0","0","0","3.86803889274597","0","35.4452590942383","53.9529991149902","91.3918609619141","0","523.792419433594","0","0","0","954.519775390625","50.7467155456543","0","50.7467155456543","158.787872314453","526.870483398438","0","0.00776089308783412","0.0484387427568436","0","0","179.910675048828","0","1.73508250713348","0.0295921694487333","0","9","55","4","398","219","219","-1","0","56","0","18","0","12.707498550415","0.100000001490116","0.0504326298832893","22","374","20459.9999661594","1023","19.9999999669203","9.21971109160898","-3.48778745880606","10"
"default_paddle","60","1","3","0","0","0","0","3.41290616989136","0","100.88346862793","27.2514457702637","449.823486328125","0","478.088012695313","0","0","0","840.750549316406","170.925506591797","0","170.925506591797","223.964721679688","540.982360839844","0","0.0109464675188065","0.143705725669861","0","0","576.548889160156","0","7.01091289520264","0.0416811108589172","0","9","74","12","396","227","227","-1","0","75","0","26","0","8.29806995391846","0.150000005960464","0.0504326298832893","38","364","20459.9996569585","1023","19.9999996646711","4.36861195855795","-3.92945799536051","10"
"default_paddle","60","1","4","0","0","0","0","3.00448036193848","0","181.533660888672","10.1909294128418","766.569458007813","0","404.474578857422","0","0","0","956.84375","281.262176513672","0","281.262176513672","252.811889648438","569.167358398438","0","0.0123563949018717","0.26912397146225","0","0","956.376708984375","0","15.7410163879395","0.0398656912147999","0","9","94","21","395","236","236","-1","0","95","1","35","0","6.05330181121826","0.200000002980232","0.0504326298832893","53","354","20460.0040429384","1023","20.0000039520414","2.63156897418387","-3.42173283703439","10"
"default_paddle","60","1","5","0","0","0","0","2.48560214042664","0","266.809448242188","6.84020662307739","0","0","280.631774902344","0","0","0","993.126770019531","402.772613525391","0","402.772613525391","329.526031494141","534.100524902344","0","0.0161058660596609","0.400004237890244","0","0","273.422576904297","0","26.3247413635254","0.0401676632463932","0","9","114","30","395","245","245","-1","0","115","1","44","0","4.2060751914978","0.25","0.0504326298832893","71","347","20460.0007396981","1023","20.0000007230675","2.30759458212075","-1.89848060937705","10"
"default_paddle","60","1","6","0","0","0","0","1.9924156665802","0","377.679107666016","42139.25390625","557.17578125","0","79754.1796875","0","0","0","1221.16381835938","467.677856445313","0","467.677856445313","8016.8623046875","78451.0234375","0","0.39183098077774","0.57111132144928","0","0","42848.20703125","0","43.3407669067383","0.169170007109642","0","9","133","39","393","254","254","-1","0","134","0","53","0","45","0.300000011920929","0.0504326298832893","71","305","20460.0011177649","1023","20.0000010926343","43.3210099378601","-1.67899006213991","10"
"default_paddle","60","1","7","0","0","0","0","1.51639175415039","0","455.999938964844","51844.546875","1757.38879394531","0","97525.7421875","0","0","0","1247.9658203125","557.9970703125","0","557.9970703125","9797.4423828125","94421.375","0","0.478858321905136","0.696361243724823","0","0","53505.2109375","0","55.1028518676758","0.214457511901855","0","9","153","48","393","263","263","-1","0","154","0","62","0","45","0.349999994039536","0.0504326298832893","80","294","20460.0023318659","1023","20.0000022794389","43.444995235218","-1.55500476478197","10"
"default_paddle","60","1","8","0","0","0","0","1.01737689971924","0","538.777526855469","64881.8515625","1551.01550292969","0","118540.078125","0","0","0","1289.60498046875","649.238586425781","0","649.238586425781","11876.2314453125","113839.890625","0","0.580460965633392","0.837261319160461","0","0","66397.2109375","0","68.1340103149414","0.256011813879013","0","9","173","58","392","273","273","-1","0","174","1","72","0","45","0.400000005960464","0.0504326298832893","91","292","20460.0001523846","1023","20.0000001489585","43.8907351661955","-1.10926483380448","10"
"default_paddle","60","1","9","0","0","0","0","0.654030025005341","0","578.889526367188","72364.2265625","1623.11669921875","0","128725.78125","0","0","0","1256.13781738281","716.631286621094","0","716.631286621094","12892.40625","121297.4453125","0","0.630127429962158","0.90018767118454","0","0","73922.3203125","0","74.9789047241211","0.319305986166","0","9","192","67","392","282","282","-1","0","193","0","81","0","45","0.449999988079071","0.0504326298832893","93","293","20459.9984653489","1023","19.9999984998523","44.4266535397412","-0.573346460258797","10"
"default_paddle","60","1","10","0","0","0","0","0.279983967542648","0","607.501159667969","79139","1254.818359375","0","137049.75","0","0","0","1172.64074707031","809.631469726563","0","809.631469726563","13739.05859375","126923.28125","0","0.671508252620697","0.949406921863556","0","0","80421.15625","0","79.519287109375","0.373040199279785","0","9","212","77","391","292","292","-1","0","213","0","91","0","45","0.5","0.0504326298832893","97","296","20459.9996204522","1023","19.9999996289856","45.0150425569726","0.0150425569725599","10"
"default_paddle","60","2","0","0","0","0","0","4.59988355636597","0","11.4367780685425","143.029937744141","0","0","547.40771484375","0","0","0","577.482421875","28.4528255462646","0","28.4528255462646","100.849426269531","549.243896484375","0","0.00492910156026483","0.0164310056716204","0","0","154.016098022461","0","0.476456224918365","0.00990287680178881","0","9","73","1","400","227","227","-1","0","74","0","26","0","17.856689453125","0.133333340287209","0.0756489485502243","19","384","20460.0016933132","1023","20.0000016552427","17.456870499884","-0.399818953241024","10"
"default_paddle","60","2","1","0","0","0","0","4.14292573928833","0","3.82120585441589","534.665893554688","0","0","553.839904785156","0","0","0","236.034866333008","26.0828342437744","0","26.0828342437744","88.7749099731445","551.373779296875","0","0.00433894945308566","0.00615645851939917","0","0","537.798583984375","0","0.152591064572334","0.0880164206027985","0","9","80","4","399","230","230","-1","0","81","0","29","0","27.621187210083","0.150000005960464","0.0756489485502243","14","384","20460.0009594516","1023","20.0000009378803","44.8117835094396","17.1905962993566","10"
"default_paddle","60","2","2","0","0","0","0","3.25900721549988","0","55.270938873291","5962.18310546875","559.987976074219","0","9615.7939453125","0","0","0","566.459899902344","122.812599182129","0","122.812599182129","1045.58984375","9149.0966796875","0","0.0511041022837162","0.0695684105157852","0","0","6461.61669921875","0","3.26871585845947","0.172903135418892","0","9","100","13","398","239","239","-1","0","101","0","38","0","45","0.200000002980232","0.0756489485502243","32","355","20459.9982589493","1023","19.9999982980931","47.2723912569418","2.27239125694175","10"
"default_paddle","60","2","3","0","0","0","0","2.61780977249146","0","116.725776672363","10769.4248046875","1425.66833496094","0","20801.779296875","0","0","0","715.268432617188","212.610336303711","0","212.610336303711","2160.47583007813","19587.658203125","0","0.105595104396343","0.152073457837105","0","0","12010.9912109375","0","9.00266075134277","0.199687883257866","0","9","120","22","398","248","248","-1","0","121","0","47","0","45","0.25","0.0756489485502243","44","336","20459.9999444003","1023","19.9999999456503","43.9769594559316","-1.0230405440684","10"
"default_paddle","60","2","4","0","0","0","0","2.03300070762634","0","190.065139770508","16642.595703125","2216.783203125","0","34603.2265625","0","0","0","790.668884277344","327.781524658203","0","327.781524658203","3548.8984375","32510.103515625","0","0.173455446958542","0.259166657924652","0","0","18572.001953125","0","17.6659698486328","0.225654795765877","0","9","139","31","396","257","257","-1","0","140","0","56","0","45","0.300000011920929","0.0756489485502243","56","320","20459.999958077","1023","19.9999999590196","42.0116351508302","-2.98836484916983","10"
"default_paddle","60","2","5","0","0","0","0","1.54495847225189","0","294.881622314453","3.97097945213318","1840.3701171875","0","232.156585693359","0","0","0","945.983215332031","452.432037353516","0","452.432037353516","227.210006713867","540.58154296875","0","0.0111050829291344","0.42799311876297","0","0","2286.734375","0","31.4556350708008","0.00458027236163616","0","9","159","40","396","266","266","-1","0","160","0","65","0","5.16919326782227","0.349999994039536","0.0756489485502243","75","319","20460.0008990278","1023","20.000000878815","1.486813172748","-3.68238009507426","10"
"default_paddle","60","2","6","0","0","0","0","1.04558324813843","0","362.294097900391","-5.81438875198364","1158.92272949219","0","222.308975219727","0","0","0","991.335327148438","541.207275390625","0","541.207275390625","-283.643707275391","701.904663085938","0","-0.0138633288443089","0.536517858505249","0","0","2080.93139648438","0","40.4815101623535","0.0257365852594376","0","9","179","50","395","276","276","-1","0","180","0","75","0","1.44987237453461","0.400000005960464","0.0756489485502243","92","329","20459.9999365832","1023","19.999999938009","-1.48065640040207","-2.93052877493668","10"
"default_paddle","60","2","7","0","0","0","0","0.672396540641785","0","354.879943847656","-3.80094051361084","2556.76684570313","0","212.688446044922","0","0","0","887.5693359375","584.09375","0","584.09375","-311.231323242188","704.693481445313","0","-0.015211695805192","0.518423676490784","0","0","2906.6240234375","0","41.5717964172363","0.00186909991316497","0","9","198","59","395","285","285","-1","0","199","0","84","0","1.14145195484161","0.449999988079071","0.0756489485502243","81","303","20460.0017794176","1023","20.0000017394112","-1.6814259821802","-2.82287793702181","10"
"default_paddle","60","2","8","0","0","0","0","0.268643230199814","0","358.130462646484","-8.69494438171387","2103.56811523438","0","234.788314819336","0","0","0","804.343322753906","654.086120605469","0","654.086120605469","-279.494232177734","743.377807617188","0","-0.0136605203151703","0.52610981464386","0","0","2449.25830078125","0","41.2969665527344","0.000658211763948202","0","9","218","69","394","295","295","-1","0","219","0","94","0","1.54737687110901","0.5","0.0756489485502243","98","316","20459.9990138992","1023","19.9999990360696","-1.48786076249021","-3.03523763359921","10"
"default_paddle","60","2","9","0","0","0","0","0.146048128604889","0","404.521209716797","48052.64453125","1786.68237304688","0","86156.8203125","0","0","0","834.710327148438","719.492065429688","0","719.492065429688","8636.8291015625","79261.234375","0","0.422132402658463","0.60056746006012","0","0","49610.3515625","0","49.3333320617676","0.374042421579361","0","9","224","72","394","298","298","-1","0","225","0","97","0","45","0.516666650772095","0.0756489485502243","90","309","20460.0003391598","1023","20.0000003315345","44.6592700894408","-0.340729910559197","10"
"default_paddle","60","2","10","0","0","0","0","0.0467924177646637","0","376.104858398438","44348.27734375","1944.57421875","0","79651.953125","0","0","0","768.103820800781","718.684753417969","0","718.684753417969","7984.97900390625","72797.921875","0","0.390272706747055","0.552024483680725","0","0","46003.3203125","0","45.3353805541992","0.384033203125","0","9","230","75","394","301","301","-1","0","231","0","100","0","45","0.533333301544189","0.0756489485502243","90","312","20459.9985237541","1023","19.9999985569443","44.9900835083459","-0.00991649165409569","10"
"default_paddle","60","3","0","0","0","0","0","-5.27569961547852","0","22.9263954162598","4617.7724609375","0","0","4218.2373046875","0","0","0","170.559295654297","144.237030029297","0","144.237030029297","532.475891113281","4092.78735351563","0","0.0260252151638269","0.0246009659022093","0","0","4632.900390625","0","1.04658126831055","0.238682106137276","0","9","131","3","399","253","253","-1","0","132","0","52","0","45","0.266666650772095","0.100865259766579","33","364","20459.9995720067","1023","19.9999995816292","NaN","NaN","10"
"default_paddle","60","3","1","0","0","0","0","1.29676973819733","0","40.3835029602051","5701.32958984375","460.891326904297","0","6704.314453125","0","0","0","247.495513916016","187.116302490234","0","187.116302490234","806.819274902344","6268.38134765625","0","0.0394339822232723","0.046310443431139","0","0","6118.11669921875","0","2.26864838600159","0.239387020468712","0","9","139","7","400","257","257","-1","0","140","0","56","0","45","0.283333331346512","0.100865259766579","40","357","20459.9999648575","1023","19.9999999656476","58.3766995913935","13.3766995913935","10"
"default_paddle","60","3","2","0","0","0","0","0.952590584754944","0","36.8907661437988","6244.3056640625","0","0","6742.31396484375","0","0","0","198.491622924805","204.658798217773","0","204.658798217773","798.616943359375","6527.53955078125","0","0.0390330851078033","0.0406230539083481","0","0","6269.115234375","0","2.00089168548584","0.249636113643646","0","9","145","10","399","260","260","-1","0","146","0","59","0","45","0.300000011920929","0.100865259766579","41","358","20460.0005650007","1023","20.0000005522978","73.9167860464148","28.9167860464148","10"
"default_paddle","60","3","3","0","0","0","0","0.862038910388947","0","57.8937225341797","6528.982421875","965.483154296875","0","9229.111328125","0","0","0","237.778869628906","281.477996826172","0","281.477996826172","1073.66369628906","8419.005859375","0","0.0524762272834778","0.0669295191764832","0","0","7398.111328125","0","3.82504153251648","0.269608557224274","0","9","165","19","399","269","269","-1","0","166","0","68","0","45","0.349999994039536","0.100865259766579","50","349","20460.0016401542","1023","20.0000016032788","51.6330892739784","6.63308927397839","10"
"default_paddle","60","3","4","0","0","0","0","0.583670020103455","0","84.9484100341797","6140.76513671875","2102.38623046875","0","12468.7216796875","0","0","0","285.474822998047","361.346435546875","0","361.346435546875","1399.88793945313","10914.1220703125","0","0.0684207305312157","0.103155307471752","0","0","8006.61181640625","0","6.66061496734619","0.295438677072525","0","9","184","28","397","278","278","-1","0","185","0","77","0","45","0.400000005960464","0.100865259766579","58","338","20459.9969714508","1023","19.9999970395414","41.5504150845782","-3.4495849154218","10"
"default_paddle","60","3","5","0","0","0","0","0.0580796115100384","0","96.3473815917969","5579.0361328125","2507.89013671875","0","13673.759765625","0","0","0","277.473022460938","428.816528320313","0","428.816528320313","1522.74365234375","11764.7392578125","0","0.0744253993034363","0.118985027074814","0","0","7796.58984375","0","8.1490306854248","0.322408527135849","0","9","204","38","398","288","288","-1","0","205","0","87","0","45","0.449999988079071","0.100865259766579","63","334","20459.9997661476","1023","19.9999997714053","38.7190624398034","-6.28093756019658","10"
"default_paddle","60","3","6","0","0","0","0","-0.0177123695611954","0","212.523300170898","-24.6289558410645","1837.24487304688","0","504.67822265625","0","0","0","523.023193359375","563.5341796875","0","563.5341796875","-280.030944824219","876.710205078125","0","-0.0136867519468069","0.294741451740265","0","0","2016.88134765625","0","21.0536270141602","0.0165390130132437","0","9","223","48","397","298","298","-1","0","224","0","97","0","2.51434302330017","0.5","0.100865259766579","95","347","20459.9999994556","1023","19.9999999994679","-2.66157080236222","-5.17591382566239","10"
"default_paddle","60","3","7","0","0","0","0","-0.440520256757736","0","145.983032226563","-40.515193939209","3106.52099609375","0","694.933898925781","0","0","0","316.096649169922","613.649108886719","0","613.649108886719","-351.103454589844","1125.37145996094","0","-0.0171604827046394","0.193972438573837","0","0","3196.60205078125","0","14.5180034637451","0.0341422967612743","0","9","243","58","398","308","308","-1","0","244","0","107","0","3.3271586894989","0.550000011920929","0.100865259766579","75","328","20459.998744378","1023","19.999998772608","-5.07551693313059","-8.40267562262949","10"
"default_paddle","60","3","8","0","0","0","0","-0.674944519996643","0","98.2021179199219","6732.40478515625","2153.28295898438","0","15357.462890625","0","0","0","206.019912719727","593.255493164063","0","593.255493164063","1649.13134765625","13102.16796875","0","0.0806027129292488","0.122222445905209","0","0","8606.578125","0","8.71792411804199","0.397239297628403","0","9","249","61","397","311","311","-1","0","250","0","110","0","45","0.566666662693024","0.100865259766579","62","334","20459.9980288979","1023","19.9999980732139","41.2598867893182","-3.74011321068177","10"
"default_paddle","75","0","0","0","0","0","0","3.20974373817444","0","27.8549957275391","52.1940574645996","0","0","546.357238769531","0","0","0","1530.59216308594","26.4050846099854","0","26.4050846099854","150.028823852539","544.9404296875","0","0.00733278645202518","0.0404154174029827","0","0","79.5665740966797","0","1.23155748844147","0.17875662446022","0","9","29","5","399","213","213","-1","0","30","1","12","0","13.1976146697998","0.0500000007450581","0.0252163149416447","21","388","20460.0017788741","1023","20.0000017388799","10.4533780443944","-2.74423662540536","10"
"default_paddle","75","0","1","0","0","0","0","2.53124666213989","0","96.1047973632813","23.4616355895996","251.900527954102","0","474.704864501953","0","0","0","1216.97644042969","116.663215637207","0","116.663215637207","250.149108886719","523.633483886719","0","0.0122262500226498","0.14197638630867","0","0","370.811645507813","0","6.67410278320313","0.099044069647789","0","9","44","11","398","219","219","-1","0","45","1","18","0","7.6005220413208","0.100000001490116","0.0252163149416447","34","367","20460.0027337331","1023","20.0000026722709","4.94012600006459","-2.66039604125621","10"
"default_paddle","75","0","2","0","0","0","0","1.6045389175415","0","189.624877929688","11.4795236587524","463.554748535156","0","378.069213867188","0","0","0","1157.48205566406","249.166732788086","0","249.166732788086","300.352569580078","530.5302734375","0","0.014679990708828","0.288406014442444","0","0","664.035217285156","0","16.5312023162842","0.0785099938511848","0","9","64","20","397","228","228","-1","0","65","3","27","0","5.01482009887695","0.150000005960464","0.0252163149416447","54","357","20459.9972532311","1023","19.9999973149864","2.9176406378151","-2.09717946106185","10"
"default_paddle","75","0","3","0","0","0","0","1.27037000656128","0","273.383453369141","5.53351449966431","678.254638671875","0","278.817749023438","0","0","0","1250.68115234375","342.635711669922","0","342.635711669922","280.52978515625","547.547729492188","0","0.0137111339718103","0.428528040647507","0","0","1012.93322753906","0","27.2234210968018","0.0712544396519661","0","9","83","29","396","237","237","-1","0","84","3","36","0","3.52477216720581","0.200000002980232","0.0252163149416447","75","350","20459.9988398487","1023","19.9999988659323","1.83354217535396","-1.69122999185185","10"
"default_paddle","75","0","4","0","0","0","0","1.01208138465881","0","396.253234863281","48817.9453125","852.528625488281","0","88311.7421875","0","0","0","1454.07690429688","430.980590820313","0","430.980590820313","8871.7880859375","84899.71875","0","0.43361622095108","0.626678943634033","0","0","49915.6015625","0","44.9190788269043","0.265839725732803","0","9","104","39","397","247","247","-1","0","105","3","46","0","45","0.25","0.0252163149416447","96","334","20460.0004734103","1023","20.0000004627667","43.7828612960049","-1.2171387039951","10"
"default_paddle","75","0","5","0","0","0","0","0.888336181640625","0","501.582366943359","63519.609375","463.181579589844","0","113652.4375","0","0","0","1676.12683105469","481.667144775391","0","481.667144775391","11399.486328125","111558.375","0","0.557159662246704","0.807335197925568","0","0","64778.6484375","0","61.8989715576172","0.18953949213028","0","9","123","48","395","256","256","-1","0","124","4","55","0","45","0.300000011920929","0.0252163149416447","113","320","20459.9993512765","1023","19.9999993658617","43.6397534774575","-1.36024652254252","10"
"default_paddle","75","0","6","0","0","0","0","0.696029543876648","0","623.27587890625","82026.3828125","-43.3117218017578","0","144153.34375","0","0","0","1896.12622070313","529.439392089844","0","529.439392089844","14438.044921875","143311.203125","0","0.705671787261963","1.00388395786285","0","0","83277.390625","0","80.8641662597656","0.119164615869522","0","9","143","58","396","266","266","-1","0","144","3","65","0","45","0.349999994039536","0.0252163149416447","130","306","20460.0002189336","1023","20.0000002140113","44.6634898487845","-0.336510151215499","10"
"default_paddle","75","0","7","0","0","0","0","0.538893580436707","0","685.944152832031","88490.1171875","836.222778320313","0","156848.765625","0","0","0","2287.845703125","480.437805175781","0","480.437805175781","15696.5625","156329.140625","0","0.767182946205139","1.09916758537292","0","0","89590.84375","0","90.959831237793","0.0175410769879818","0","9","163","68","395","276","276","-1","0","164","2","75","0","45","0.400000005960464","0.0252163149416447","122","294","20459.9992448253","1023","19.9999992618038","44.2641414881437","-0.735858511856257","10"
"default_paddle","75","0","8","0","0","0","0","0.417372584342957","0","826.887268066406","111875.8984375","1039.73706054688","0","194356.765625","0","0","0","2316.99194335938","581.682006835938","0","581.682006835938","19440.78125","193416.09375","0","0.950184881687164","1.34775269031525","0","0","113225.8046875","0","112.420097351074","0.0451001487672329","0","9","183","77","395","285","285","-1","0","184","3","84","0","45","0.449999988079071","0.0252163149416447","149","296","20459.998495746","1023","19.999998529566","44.8307041207869","-0.169295879213053","10"
"default_paddle","75","0","9","0","0","0","0","0.316753268241882","0","869.548950195313","117659.1171875","1326.30383300781","0","204725.703125","0","0","0","2384.56787109375","594.721923828125","0","594.721923828125","20478.142578125","202937.453125","0","1.00088679790497","1.41815483570099","0","0","119423.515625","0","118.112319946289","0.0886811465024948","0","9","190","81","395","289","289","-1","0","191","3","88","0","45","0.466666668653488","0.0252163149416447","148","295","20459.9986941474","1023","19.9999987235067","44.891539031363","-0.108460968637019","10"
"default_paddle","75","1","0","0","0","0","0","3.74597883224487","0","6.94528388977051","107.872062683105","0","0","555.355895996094","0","0","0","148.535873413086","75.3499374389648","0","75.3499374389648","84.535514831543","550.251159667969","0","0.00413174601271749","0.0111921690404415","0","0","114.374496459961","0","0.254085421562195","0.137479364871979","0","9","35","1","400","216","216","-1","0","36","0","15","0","24.0231647491455","0.0666666701436043","0.0504326298832893","12","389","20459.9979213009","1023","19.9999979680361","21.6640694586498","-2.35909529049572","10"
"default_paddle","75","1","1","0","0","0","0","3.34744238853455","0","22.6981601715088","58.328971862793","0","0","543.28564453125","0","0","0","676.972595214844","46.6205139160156","0","46.6205139160156","135.710556030273","545.987182617188","0","0.00663296971470118","0.0315608084201813","0","0","80.5594024658203","0","0.993112802505493","0.100071884691715","0","9","40","2","399","217","217","-1","0","41","0","16","0","14.5913553237915","0.0833333358168602","0.0504326298832893","18","379","20459.9993468216","1023","19.9999993615069","12.1320070182907","-2.45934830550077","10"
"default_paddle","75","1","2","0","0","0","0","2.82997059822083","0","44.8865737915039","44.4296112060547","119.039611816406","0","517.47119140625","0","0","0","3753.10986328125","16.6404762268066","0","16.6404762268066","177.613342285156","522.9638671875","0","0.00868100393563509","0.0624535381793976","0","0","207.450637817383","0","2.3522093296051","0.0891437754034996","0","9","46","5","399","220","220","-1","0","47","0","19","0","10.8097591400146","0.100000001490116","0.0504326298832893","25","373","20460.0002029791","1023","20.0000001984155","7.98994996547346","-2.81980917454119","10"
"default_paddle","75","1","3","0","0","0","0","2.70913028717041","0","89.3493499755859","29.5047950744629","0","0","489.850402832031","0","0","0","4461.1416015625","28.0187454223633","0","28.0187454223633","244.702178955078","538.571899414063","0","0.0119600286707282","0.124995581805706","0","0","118.437721252441","0","5.81434059143066","0.0749319642782211","0","9","66","14","398","229","229","-1","0","67","0","28","0","7.41179847717285","0.150000005960464","0.0504326298832893","38","367","20459.9993605349","1023","19.9999993749119","5.49066670410325","-1.92113177306961","10"
"default_paddle","75","1","4","0","0","0","0","2.4911994934082","0","189.580596923828","7.70447254180908","807.321533203125","0","405.137573242188","0","0","0","1974.52209472656","141.871109008789","0","141.871109008789","244.689849853516","586.51220703125","0","0.0119594261050224","0.280127644538879","0","0","1002.37719726563","0","16.5930595397949","0.0652729645371437","0","9","86","23","397","238","238","-1","0","87","1","37","0","5.17275953292847","0.200000002980232","0.0504326298832893","55","353","20459.9993097291","1023","19.9999993252484","2.44685947621895","-2.72590005670952","10"
"default_paddle","75","1","5","0","0","0","0","1.91338765621185","0","263.583557128906","2.30076861381531","1064.65319824219","0","311.677459716797","0","0","0","1928.85620117188","207.379013061523","0","207.379013061523","227.490997314453","590.163269042969","0","0.0111188162118196","0.400004297494888","0","0","1328.56970214844","0","26.0531787872314","0.0575150363147259","0","9","106","33","398","248","248","-1","0","107","2","47","0","3.88843870162964","0.25","0.0504326298832893","74","350","20460.0015847571","1023","20.0000015491272","1.59284116842638","-2.29559753320326","10"
"default_paddle","75","1","6","0","0","0","0","1.30752277374268","0","412.335845947266","46680.3828125","1721.52172851563","0","87268.328125","0","0","0","2269.8720703125","277.105194091797","0","277.105194091797","8785.8798828125","86336.7734375","0","0.4294174015522","0.628993272781372","0","0","48429.84765625","0","47.9429893493652","0.0296452883630991","0","9","125","42","396","257","257","-1","0","126","1","56","0","45","0.300000011920929","0.0504326298832893","79","307","20459.9996438302","1023","19.9999996518379","43.0554473223893","-1.9445526776107","10"
"default_paddle","75","1","7","0","0","0","0","0.914329349994659","0","479.186584472656","56649.62109375","632.419677734375","0","103560.90625","0","0","0","2434.89892578125","298.825317382813","0","298.825317382813","10393.0361328125","103355.234375","0","0.507968544960022","0.72760945558548","0","0","57479.875","0","58.0029945373535","0.0224157925695181","0","9","146","52","397","267","267","-1","0","147","1","66","0","45","0.349999994039536","0.0504326298832893","86","297","20459.9994151812","1023","19.9999994283296","44.2774474739313","-0.722552526068696","10"
"default_paddle","75","1","8","0","0","0","0","0.479546844959259","0","543.959228515625","66249.46875","1149.65234375","0","119220.6796875","0","0","0","2477.564453125","335.379119873047","0","335.379119873047","11937.8779296875","118292.703125","0","0.583473980426788","0.830923318862915","0","0","67484.171875","0","67.7899856567383","0.0741962790489197","0","9","166","62","396","277","277","-1","0","167","0","76","0","45","0.400000005960464","0.0504326298832893","93","295","20460.0004972894","1023","20.0000004861089","44.6037371095873","-0.3962628904127","10"
"default_paddle","75","1","9","0","0","0","0","0.101105339825153","0","588.456176757813","73513.265625","1098.66442871094","0","130104.046875","0","0","0","2553.59350585938","352.51806640625","0","352.51806640625","13021.509765625","128462.921875","0","0.63643741607666","0.900187730789185","0","0","74735.3828125","0","74.7371139526367","0.126709923148155","0","9","186","72","397","287","287","-1","0","187","0","86","0","45","0.449999988079071","0.0504326298832893","98","298","20460.0003656236","1023","20.0000003574033","44.9917632001298","-0.00823679987021819","10"
"default_paddle","75","1","10","0","0","0","0","-0.187059178948402","0","615.548889160156","78087.578125","1210.91845703125","0","137024.90625","0","0","0","2322.57104492188","408.774108886719","0","408.774108886719","13712.1826171875","134239.671875","0","0.670194745063782","0.949406921863556","0","0","79382.875","0","79.5713806152344","0.174135580658913","0","9","206","82","396","297","297","-1","0","207","0","96","0","45","0.5","0.0504326298832893","102","301","20459.9972145149","1023","19.9999972771407","44.9030159840717","-0.0969840159283137","10"
"default_paddle","75","1","11","0","0","0","0","-0.26000839471817","0","620.441650390625","79059.5859375","1118.32055664063","0","138413.953125","0","0","0","2287.2880859375","419.75","0","419.75","13852.1318359375","135448.09375","0","0.677034735679626","0.960089266300201","0","0","80289.0859375","0","80.6443710327148","0.18304155766964","0","9","212","85","396","300","300","-1","0","213","0","99","0","45","0.516666650772095","0.0504326298832893","104","302","20460.0016896213","1023","20.0000016516338","44.8440080124121","-0.155991987587917","10"
"default_paddle","75","2","0","0","0","0","0","4.18586206436157","0","11.3554725646973","145.644622802734","0","0","548.747192382813","0","0","0","171.984512329102","95.5377044677734","0","95.5377044677734","100.977294921875","549.271118164063","0","0.00493535213172436","0.0164310056716204","0","0","156.546600341797","0","0.475085109472275","0.0698683559894562","0","9","62","1","400","227","227","-1","0","63","0","26","0","17.1806659698486","0.133333340287209","0.0756489485502243","19","384","20459.9980359648","1023","19.999998080122","17.4797215317549","0.29905556190624","10"
"default_paddle","75","2","1","0","0","0","0","3.07407546043396","0","3.82217621803284","538.50244140625","0","0","552.04638671875","0","0","0","57.1640739440918","107.698036193848","0","107.698036193848","88.9246368408203","551.369689941406","0","0.0043462673202157","0.00615645851939917","0","0","541.627685546875","0","0.151866301894188","0.0353616960346699","0","9","68","4","399","230","230","-1","0","69","0","29","0","26.6860065460205","0.150000005960464","0.0756489485502243","14","384","20460.0017185337","1023","20.0000016798961","44.9078611910959","18.2218546450754","10"
"default_paddle","75","2","2","0","0","0","0","2.57187390327454","0","54.8819313049316","7030.32080078125","0","0","10404.7451171875","0","0","0","1722.80102539063","40.3809928894043","0","40.3809928894043","1109.50170898438","10397.5009765625","0","0.0542278476059437","0.0695684105157852","0","0","7068.79296875","0","3.21879434585571","0.0157123114913702","0","9","89","14","399","240","240","-1","0","90","0","39","0","45","0.200000002980232","0.0756489485502243","33","356","20459.9990220295","1023","19.9999990440172","51.2138553956407","6.21385539564071","10"
"default_paddle","75","2","3","0","0","0","0","1.98000848293304","0","116.993682861328","11392.4140625","1525.88146972656","0","20735.2578125","0","0","0","7254.4560546875","20.9627628326416","0","20.9627628326416","2179.779296875","19855.814453125","0","0.106538586318493","0.152073442935944","0","0","12713.640625","0","8.9521484375","0.0109800370410085","0","9","108","23","399","249","249","-1","0","109","0","48","0","45","0.25","0.0756489485502243","45","337","20459.9983179675","1023","19.9999983557845","44.4730145634307","-0.526985436569305","10"
"default_paddle","75","2","4","0","0","0","0","1.42186880111694","0","187.255615234375","16589.486328125","2256.90795898438","0","34067.140625","0","0","0","3417.046875","74.718879699707","0","74.718879699707","3492.08349609375","32765.013671875","0","0.170678555965424","0.255317896604538","0","0","18544.41015625","0","17.2620296478271","0.0342810153961182","0","9","129","33","398","259","259","-1","0","130","0","58","0","45","0.300000011920929","0.0756489485502243","58","323","20460.0014122523","1023","20.0000013805008","41.9509558869277","-3.04904411307226","10"
"default_paddle","75","2","5","0","0","0","0","0.989335954189301","0","282.211303710938","-9.00039577484131","1272.68518066406","0","325.296844482422","0","0","0","2671.6748046875","155.340103149414","0","155.340103149414","110.939193725586","669.063049316406","0","0.00542224897071719","0.415018230676651","0","0","1653.751953125","0","28.6089115142822","0.045271310955286","0","9","148","42","398","268","268","-1","0","149","1","67","0","3.57965421676636","0.349999994039536","0.0756489485502243","85","350","20459.9962717891","1023","19.9999963556101","0.748595581723382","-2.83105863504298","10"
"default_paddle","75","2","6","0","0","0","0","0.522472560405731","0","321.083923339844","31621.591796875","2740.0458984375","0","62781.125","0","0","0","2462.54541015625","186.830047607422","0","186.830047607422","6345.39794921875","60876.234375","0","0.310136735439301","0.460077464580536","0","0","33961.78515625","0","35.707447052002","0.0992707535624504","0","9","168","52","397","278","278","-1","0","169","0","77","0","45","0.400000005960464","0.0756489485502243","77","302","20460.0011031607","1023","20.0000010783585","42.3840475480154","-2.61595245198456","10"
"default_paddle","75","2","7","0","0","0","0","0.124877765774727","0","408.854522705078","45900.59375","1850.02062988281","0","84963.1328125","0","0","0","2343.30541992188","259.062347412109","0","259.062347412109","8522.384765625","83173.1171875","0","0.416538894176483","0.607062220573425","0","0","47565.9375","0","48.7770576477051","0.134652733802795","0","9","188","62","398","288","288","-1","0","189","0","87","0","45","0.449999988079071","0.0756489485502243","87","304","20459.997577115","1023","19.9999976315884","43.3265258472166","-1.67347415278338","10"
"default_paddle","75","2","8","0","0","0","0","-0.183663576841354","0","419.724670410156","48349.765625","1709.89672851563","0","88137.109375","0","0","0","2101.41186523438","294.228118896484","0","294.228118896484","8831.56640625","85911.53125","0","0.431650340557098","0.618294417858124","0","0","49900.51953125","0","50.8357887268066","0.171842962503433","0","9","208","72","397","298","298","-1","0","209","0","97","0","45","0.5","0.0756489485502243","91","309","20460.0010157568","1023","20.0000009929196","44.2772210553245","-0.722778944675468","10"
"default_paddle","75","2","9","0","0","0","0","-0.420733332633972","0","405.347534179688","47862.16015625","1504.85571289063","0","85831.0859375","0","0","0","1817.14636230469","329.837799072266","0","329.837799072266","8596.306640625","83229.34375","0","0.420151889324188","0.599363565444946","0","0","49246.9296875","0","49.4961967468262","0.205782026052475","0","9","228","82","398","308","308","-1","0","229","0","107","0","45","0.550000011920929","0.0756489485502243","95","316","20459.997584331","1023","19.9999976386422","44.5070260486742","-0.492973951325823","10"
"default_paddle","75","2","10","0","0","0","0","-0.464190155267715","0","391.283447265625","0.251756727695465","1600.79052734375","0","85.2392044067383","0","0","0","1670.404296875","342.952880859375","0","342.952880859375","25.5884895324707","566.591369628906","0","0.00125065934844315","0.572869956493378","0","0","1991.96264648438","0","47.392204284668","0.017901498824358","0","9","235","85","397","311","311","-1","0","236","0","110","0","1.35357522964478","0.566666662693024","0.0756489485502243","96","319","20459.9994109698","1023","19.9999994242129","0.125085208637683","-1.22849002100709","10"
"default_paddle","75","3","0","0","0","0","0","0.863528847694397","0","28.8156642913818","5526.318359375","0","0","5283.666015625","0","0","0","486.563751220703","64.7222747802734","0","64.7222747802734","653.808959960938","5271.03173828125","0","0.0319554731249809","0.0314915142953396","0","0","5545.5107421875","0","1.39863133430481","0.0460358485579491","0","9","118","4","400","254","254","-1","0","119","0","53","0","45","0.266666650772095","0.100865259766579","36","362","20459.9993686161","1023","19.9999993828114","NaN","NaN","10"
"default_paddle","75","3","1","0","0","0","0","0.546725630760193","0","35.065055847168","6318.08251953125","0","0","6459.927734375","0","0","0","642.140563964844","59.4560394287109","0","59.4560394287109","777.416564941406","6443.95458984375","0","0.0379968993365765","0.0381791330873966","0","0","6341.294921875","0","1.81464433670044","0.0514148250222206","0","9","125","7","400","257","257","-1","0","126","0","56","0","45","0.283333331346512","0.100865259766579","39","359","20460.0001188269","1023","20.0000001161553","84.3996676063526","39.3996676063526","10"
"default_paddle","75","3","2","0","0","0","0","0.183185398578644","0","36.5509948730469","6602.72412109375","0","0","6731.65771484375","0","0","0","726.49169921875","54.2549591064453","0","54.2549591064453","809.550964355469","6713.0791015625","0","0.0395674966275692","0.0394157767295837","0","0","6626.82763671875","0","1.90960538387299","0.0570186227560043","0","9","131","10","399","260","260","-1","0","132","0","59","0","45","0.300000011920929","0.100865259766579","41","359","20459.9995793366","1023","19.9999995887943","NaN","NaN","10"
"default_paddle","75","3","3","0","0","0","0","0.0264145955443382","0","58.8384399414063","6961.6494140625","989.1298828125","0","9249.1640625","0","0","0","2562.46484375","26.1191921234131","0","26.1191921234131","1098.02185058594","8725.3173828125","0","0.0536667518317699","0.0669295117259026","0","0","7857.4052734375","0","3.81807637214661","0.0766280815005302","0","9","151","20","400","270","270","-1","0","152","0","69","0","45","0.349999994039536","0.100865259766579","51","350","20460.0020144302","1023","20.00000196914","53.3061593286339","8.30615932863394","10"
"default_paddle","75","3","4","0","0","0","0","-0.230756551027298","0","88.6550140380859","6287.3583984375","2156.36694335938","0","12865.9873046875","0","0","0","2289.38989257813","46.0696678161621","0","46.0696678161621","1448.20190429688","11733.2158203125","0","0.0707821100950241","0.105471432209015","0","0","8212.4501953125","0","6.87096405029297","0.102072082459927","0","9","171","30","399","280","280","-1","0","172","0","79","0","45","0.400000005960464","0.100865259766579","60","339","20459.9990358112","1023","19.9999990574889","42.1521903253893","-2.84780967461072","10"
"default_paddle","75","3","5","0","0","0","0","-0.335198163986206","0","115.504653930664","6992.453125","2717.2255859375","0","17160.6640625","0","0","0","1601.04614257813","90.1300277709961","0","90.1300277709961","1870.45385742188","15609.4677734375","0","0.0914200320839882","0.14430233836174","0","0","9374.779296875","0","10.0825223922729","0.128649309277534","0","9","191","39","399","289","289","-1","0","192","0","88","0","45","0.449999988079071","0.100865259766579","67","330","20460.0000107578","1023","20.0000000105159","39.3111321275837","-5.68886787241629","10"
"default_paddle","75","3","6","0","0","0","0","-0.649910986423492","0","124.476097106934","7943.626953125","2431.10668945313","0","19198.2421875","0","0","0","1287.17919921875","122.533821105957","0","122.533821105957","2062.26977539063","17758.283203125","0","0.100795194506645","0.157722994685173","0","0","10070.6484375","0","11.1529865264893","0.126569092273712","0","9","211","49","398","299","299","-1","0","212","0","98","0","45","0.5","0.100865259766579","79","339","20460.00095029","1023","20.0000009289247","39.7221127597356","-5.27788724026437","10"
"default_paddle","75","3","7","0","0","0","0","-0.734648764133453","0","142.143356323242","-17.6761016845703","2762.1376953125","0","645.679870605469","0","0","0","1038.21472167969","177.624282836914","0","177.624282836914","-266.256958007813","1010.63067626953","0","-0.0130135342478752","0.184412136673927","0","0","2876.37548828125","0","13.6820421218872","0.020209526643157","0","9","231","59","399","309","309","-1","0","232","0","108","0","4.51723337173462","0.550000011920929","0.100865259766579","76","330","20460.0036343921","1023","20.0000035526804","-4.04659258194926","-8.56382595368388","10"
"default_paddle","75","3","8","0","0","0","0","-0.880288183689117","0","110.649963378906","7383.52001953125","2481.8291015625","0","17197.716796875","0","0","0","819.759155273438","167.43115234375","0","167.43115234375","1846.80432128906","15562.9833984375","0","0.0902641415596008","0.13725320994854","0","0","9549.7861328125","0","9.95317554473877","0.199691444635391","0","9","237","62","398","312","312","-1","0","238","0","111","0","45","0.566666662693024","0.100865259766579","65","333","20459.9998335954","1023","19.9999998373366","41.1206507102963","-3.87934928970375","10"
"default_paddle","75","3","9","0","0","0","0","-0.919619023799896","0","146.934616088867","-21.0304527282715","2413.17333984375","0","622.090087890625","0","0","0","1049.0927734375","182.379745483398","0","182.379745483398","-252.588668823242","966.368774414063","0","-0.0123454863205552","0.191333279013634","0","0","2528.767578125","0","13.814248085022","0.000382263009669259","0","9","244","66","399","316","316","-1","0","245","0","115","0","4.68612766265869","0.583333313465118","0.100865259766579","98","350","20460.0015151029","1023","20.000001481039","-3.69949243368396","-8.38562009634265","10"
"default_paddle","90","0","0","0","0","0","0","1.98228180408478","0","28.5101718902588","52.9606399536133","0","0","555.890991210938","0","0","0","8722.4443359375","4.63349628448486","0","4.63349628448486","153.319259643555","544.956481933594","0","0.00749360956251621","0.0404154174029827","0","0","80.9832992553711","0","1.23708081245422","0.257211744785309","0","9","27","6","400","214","214","-1","0","28","1","13","0","11.7861728668213","0.0500000007450581","0.0252163149416447","22","389","20460.0010668387","1023","20.0000010428531","10.68530810187","-1.10086476495129","10"
"default_paddle","90","0","1","0","0","0","0","1.30771493911743","0","77.7482070922852","27.1905078887939","199.162292480469","0","490.697387695313","0","0","0","3125.912109375","44.5168228149414","0","44.5168228149414","231.082321166992","523.819763183594","0","0.0112943463027477","0.139155685901642","0","0","303.412780761719","0","5.37428092956543","0.145448297262192","0","9","41","13","400","221","221","-1","0","42","3","20","0","7.3527684211731","0.100000001490116","0.0252163149416447","36","370","20459.9996292635","1023","19.9999996375987","4.65544052850745","-2.69732789266564","10"
"default_paddle","90","0","2","0","0","0","0","0.4625044465065","0","181.994232177734","12.6204690933228","-249.727416992188","0","407.741455078125","0","0","0","1602.31286621094","176.308776855469","0","176.308776855469","338.627380371094","569.785339355469","0","0.0165507048368454","0.282501846551895","0","0","443.365447998047","0","15.6521520614624","0.108270019292831","0","9","61","23","400","231","231","-1","0","62","4","30","0","3.78622269630432","0.150000005960464","0.0252163149416447","58","363","20459.9975474904","1023","19.9999976026299","3.35866453068978","-0.427558165614538","10"
"default_paddle","90","0","3","0","0","0","0","0.227303817868233","0","281.893615722656","35254.11328125","672.455810546875","0","62499.5","0","0","0","1854.48791503906","241.852249145508","0","241.852249145508","6279.2216796875","53285.0078125","0","0.306902319192886","0.448512077331543","0","0","35997.0234375","0","28.4634895324707","0.542950451374054","0","9","81","33","400","241","241","-1","0","82","4","40","0","45","0.200000002980232","0.0252163149416447","80","351","20460.0007461692","1023","20.0000007293931","43.178042105342","-1.82195789465796","10"
"default_paddle","90","1","0","0","0","0","0","2.63160920143127","0","8.1292896270752","103.672912597656","0","0","565.379943847656","0","0","0","97.1561965942383","123.464500427246","0","123.464500427246","89.7501373291016","549.797119140625","0","0.00438661454245448","0.0119953416287899","0","0","111.333312988281","0","0.279816031455994","0.23658387362957","0","9","31","1","400","216","216","-1","0","32","0","15","0","21.4962368011475","0.0666666701436043","0.0504326298832893","12","388","20460.0008641021","1023","20.0000008446746","21.450248643428","-0.0459881577194245","10"
"default_paddle","90","1","1","0","0","0","0","2.13495922088623","0","21.8699512481689","65.2236099243164","14.6448469161987","0","547.000305175781","0","0","0","253.782897949219","119.338165283203","0","119.338165283203","131.919921875","541.295104980469","0","0.00644769938662648","0.0302859861403704","0","0","101.045631408691","0","0.899162173271179","0.169467404484749","0","9","35","3","400","218","218","-1","0","36","0","17","0","13.5612621307373","0.0833333358168602","0.0504326298832893","19","381","20459.9988251038","1023","19.9999988515188","12.291992119375","-1.26927001136227","10"
"default_paddle","90","1","2","0","0","0","0","0.14396832883358","0","36.9913139343262","4444.76806640625","0","0","7587.6923828125","0","0","0","NaN","0","0","0","758.769287109375","7168.3203125","0","0.0370854958891869","0.0508241839706898","0","0","4470.9248046875","0","1.82576406002045","0.331439673900604","0","9","40","6","400","221","221","-1","0","41","0","20","0","45","0.100000001490116","0.0504326298832893","23","372","20460.0011113944","1023","20.000001086407","NaN","NaN","10"
"default_paddle","90","1","3","0","0","0","0","1.82441115379333","0","101.84757232666","25.2516784667969","571.066711425781","0","483.119537353516","0","0","0","1986.52514648438","73.5488891601563","0","73.5488891601563","210.854187011719","548.943359375","0","0.0103056784719229","0.146106719970703","0","0","696.304565429688","0","7.13057136535645","0.105127014219761","0","9","61","16","400","231","231","-1","0","62","1","30","0","6.42718172073364","0.150000005960464","0.0504326298832893","41","364","20460.0005313747","1023","20.0000005194279","4.04473258719401","-2.38244913353963","10"
"default_paddle","90","1","4","0","0","0","0","1.58134889602661","0","159.210739135742","8.17347812652588","810.500854492188","0","442.755126953125","0","0","0","3301.48217773438","70.568733215332","0","70.568733215332","215.714874267578","592.802917480469","0","0.0105432495474815","0.232981413602829","0","0","975.013488769531","0","13.1668376922607","0.0655441582202911","0","9","81","26","400","241","241","-1","0","82","1","40","0","4.7979040145874","0.200000002980232","0.0504326298832893","55","357","20459.9989117308","1023","19.9999989361982","2.59372651827749","-2.20417749630991","10"
"default_paddle","90","1","5","0","0","0","0","1.14202761650085","0","260.551300048828","2.50657987594604","956.11279296875","0","318.599975585938","0","0","0","14955.1630859375","26.4258155822754","0","26.4258155822754","225.854705810547","596.350708007813","0","0.0110388426110148","0.395202398300171","0","0","1257.45568847656","0","25.7088413238525","0.0747021287679672","0","9","99","35","400","250","250","-1","0","100","2","49","0","3.03704285621643","0.25","0.0504326298832893","74","350","20459.9987307712","1023","19.9999987593072","1.60060109510974","-1.43644176110669","10"
"default_paddle","90","1","6","0","0","0","0","0.709536015987396","0","386.336791992188","44360.39453125","1896.31811523438","0","81512.796875","0","0","0","19912.15234375","29.5368747711182","0","29.5368747711182","8209.2587890625","78738.5703125","0","0.40123450756073","0.5881427526474","0","0","46077.125","0","44.1642646789551","0.208142355084419","0","9","119","45","399","260","260","-1","0","120","1","59","0","45","0.300000011920929","0.0504326298832893","78","310","20460.0019050454","1023","20.0000018622145","43.0162683708736","-1.98373162912635","10"
"default_paddle","90","1","7","0","0","0","0","0.326878100633621","0","439.917266845703","51621.05859375","1174.56701660156","0","93959.9453125","0","0","0","21609.1171875","31.0627689361572","0","31.0627689361572","9439.0693359375","92296.734375","0","0.461342543363571","0.671239018440247","0","0","53196.453125","0","52.4399757385254","0.154844492673874","0","9","139","55","400","270","270","-1","0","140","1","69","0","45","0.349999994039536","0.0504326298832893","86","301","20460.0019480511","1023","20.0000019042532","43.4167550136316","-1.58324498636845","10"
"default_paddle","90","1","8","0","0","0","0","-0.101934820413589","0","534.587219238281","66115.578125","644.498657226563","0","117386.671875","0","0","0","29616.642578125","28.0559635162354","0","28.0559635162354","11755.9580078125","116451.0546875","0","0.574582576751709","0.830923438072205","0","0","66965.5859375","0","67.0896759033203","0.107588849961758","0","9","161","66","400","281","281","-1","0","162","1","80","0","45","0.400000005960464","0.0504326298832893","97","299","20459.9973676065","1023","19.9999974267903","43.7488704848042","-1.25112951519582","10"
"default_paddle","90","1","9","0","0","0","0","-0.298155099153519","0","630.778137207031","79534.109375","654.813049316406","0","140349.765625","0","0","0","20623.080078125","47.7559394836426","0","47.7559394836426","14053.1015625","139753.859375","0","0.686857402324677","0.984874486923218","0","0","80462.3125","0","81.6880035400391","0.0613418966531754","0","9","179","75","400","290","290","-1","0","180","1","89","0","45","0.449999988079071","0.0504326298832893","105","300","20459.9987056078","1023","19.9999987347095","44.2192534708983","-0.780746529101705","10"
"default_paddle","90","1","10","0","0","0","0","-0.574360966682434","0","594.924133300781","73916","612.899841308594","0","130823.4765625","0","0","0","26296.076171875","34.8784294128418","0","34.8784294128418","13095.2255859375","130513.78125","0","0.640040338039398","0.917165815830231","0","0","74784.703125","0","76.4442977905273","0.019987091422081","0","9","199","85","399","300","300","-1","0","200","0","99","0","45","0.5","0.0504326298832893","105","306","20460.0004213038","1023","20.0000004118316","44.2544276974672","-0.745572302532814","10"
"default_paddle","90","2","0","0","0","0","0","3.34999871253967","0","5.26664304733276","367.5986328125","0","0","557.952941894531","0","0","0","36.4425773620605","220.029373168945","0","220.029373168945","89.7140655517578","550.871948242188","0","0.00438485108315945","0.00801843777298927","0","0","372.214904785156","0","0.19882370531559","0.158248513936996","0","9","53","1","400","227","227","-1","0","54","0","26","0","23.0997829437256","0.133333340287209","0.0756489485502243","14","384","20460.0028257095","1023","20.0000027621794","33.1509087235397","10.0511257798142","10"
"default_paddle","90","2","1","0","0","0","0","1.28088319301605","0","3.65394234657288","512.645629882813","0","0","557.8828125","0","0","0","24.6257953643799","234.787353515625","0","234.787353515625","87.3818817138672","551.497619628906","0","0.00427086465060711","0.00578182516619563","0","0","515.595275878906","0","0.138454735279083","0.146584615111351","0","9","61","5","400","231","231","-1","0","62","0","30","0","24.9451103210449","0.150000005960464","0.0756489485502243","15","386","20459.9978839052","1023","19.9999979314812","47.6182978699482","22.6731875489033","10"
"default_paddle","90","2","2","0","0","0","0","1.78783881664276","0","58.0294799804688","6682.14453125","684.976379394531","0","10352.6240234375","0","0","0","346.943450927734","210.39794921875","0","210.39794921875","1120.13220214844","9745.3212890625","0","0.0547474175691605","0.0729961842298508","0","0","7273.712890625","0","3.46372246742249","0.199253588914871","0","9","81","15","400","241","241","-1","0","82","0","40","0","45","0.200000002980232","0.0756489485502243","34","355","20460.0007065797","1023","20.0000006906938","48.5907038033206","3.59070380332059","10"
"default_paddle","90","2","3","0","0","0","0","1.24048364162445","0","116.617782592773","11676.3564453125","1577.16149902344","0","21081.5546875","0","0","0","827.058044433594","183.872741699219","0","183.872741699219","2198.07177734375","19850.451171875","0","0.107432641088963","0.152073428034782","0","0","13028.466796875","0","8.89046573638916","0.17576664686203","0","9","99","24","400","250","250","-1","0","100","0","49","0","45","0.25","0.0756489485502243","46","338","20459.9994476872","1023","19.9999994601048","44.9470017265139","-0.052998273486061","10"
"default_paddle","90","2","4","0","0","0","0","0.747698962688446","0","195.180236816406","17986.373046875","2329.37719726563","0","36167.51171875","0","0","0","1611.18872070313","165.632019042969","0","165.632019042969","3691.18359375","34447.51171875","0","0.180409729480743","0.266864448785782","0","0","19988.083984375","0","18.2479572296143","0.147991135716438","0","9","119","34","399","260","260","-1","0","120","0","59","0","45","0.300000011920929","0.0756489485502243","59","322","20460.002929853","1023","20.0000028639814","42.5345834834137","-2.46541651658629","10"
"default_paddle","90","2","5","0","0","0","0","0.32837375998497","0","311.604644775391","31303.865234375","1969.57507324219","0","61047.37890625","0","0","0","3605.3349609375","124.147079467773","0","124.147079467773","6178.79052734375","59538.25","0","0.301993697881699","0.447591811418533","0","0","33043.3984375","0","33.6180419921875","0.113346286118031","0","9","139","44","400","270","270","-1","0","140","0","69","0","45","0.349999994039536","0.0756489485502243","74","303","20459.9982406394","1023","19.999998280195","42.4314659466937","-2.56853405330634","10"
"default_paddle","90","2","6","0","0","0","0","-0.106987811625004","0","325.1337890625","33531.93359375","2215.17626953125","0","64497.984375","0","0","0","3164.88427734375","148.087310791016","0","148.087310791016","6507.21875","62982.63671875","0","0.318045884370804","0.468679189682007","0","0","35448.1953125","0","36.3789825439453","0.0841057002544403","0","9","161","55","400","281","281","-1","0","162","0","80","0","45","0.400000005960464","0.0756489485502243","80","304","20459.9998609426","1023","19.999999864069","42.7343683892327","-2.26563161076731","10"
"default_paddle","90","2","7","0","0","0","0","-0.367902129888535","0","377.524719238281","41436.515625","1689.59875488281","0","77306.1171875","0","0","0","4107.2783203125","133.856246948242","0","133.856246948242","7762.0654296875","76266.9453125","0","0.379377603530884","0.549784898757935","0","0","42963.09765625","0","44.1312217712402","0.0487344451248646","0","9","179","64","400","290","290","-1","0","180","0","89","0","45","0.449999988079071","0.0756489485502243","86","307","20459.9991076058","1023","19.9999991276694","43.6338596006947","-1.36614039930534","10"
"default_paddle","90","2","8","0","0","0","0","-0.59999543428421","0","348.521209716797","35958.08984375","1639.58654785156","0","69345.640625","0","0","0","3262.40185546875","154.979568481445","0","154.979568481445","6992.50537109375","68423.3359375","0","0.341764688491821","0.505605638027191","0","0","37444.54296875","0","40.3048820495605","0.0176319479942322","0","9","199","74","399","300","300","-1","0","200","0","99","0","45","0.5","0.0756489485502243","90","314","20459.9995451581","1023","19.9999995553842","42.5280530493108","-2.4719469506892","10"
"default_paddle","90","2","9","0","0","0","0","-0.632003784179688","0","388.733215332031","43332.8984375","1387.27075195313","0","80128.5625","0","0","0","4142.11474609375","136.987243652344","0","136.987243652344","8042.189453125","79395.984375","0","0.393068879842758","0.567416846752167","0","0","44643.6953125","0","46.3122177124023","0.00528015894815326","0","9","207","78","400","304","304","-1","0","208","0","103","0","45","0.516666650772095","0.0756489485502243","94","315","20460.0004364176","1023","20.0000004266056","43.8469081083781","-1.15309189162186","10"
"default_paddle","90","2","10","0","0","0","0","-0.661222994327545","0","391.490325927734","44140.98046875","1119.71362304688","0","81035.9921875","0","0","0","4256.64404296875","135.248901367188","0","135.248901367188","8131.10546875","80486.359375","0","0.397414743900299","0.575706481933594","0","0","45251.51953125","0","47.1846199035645","0.000517428328748792","0","9","213","81","400","307","307","-1","0","214","0","106","0","45","0.533333301544189","0.0756489485502243","96","317","20459.9995182612","1023","19.999999529092","43.6544932244154","-1.34550677558462","10"
"default_paddle","90","3","0","0","0","0","0","0.0655797198414803","0","35.4398574829102","5724.28662109375","0","0","5983.49560546875","0","0","0","135.719009399414","284.707550048828","0","284.707550048828","735.293884277344","5914.880859375","0","0.0359381213784218","0.0386402271687984","0","0","5748.85888671875","0","1.76706910133362","0.144466325640678","0","9","107","4","400","254","254","-1","0","108","0","53","0","45","0.266666650772095","0.100865259766579","37","360","20459.9977982943","1023","19.999997847795","68.4457526087444","23.4457526087444","10"
"default_paddle","90","3","1","0","0","0","0","0.352302819490433","0","49.1491546630859","6464.34765625","789.193115234375","0","8069.38037109375","0","0","0","210.209976196289","274.919006347656","0","274.919006347656","956.704467773438","7547.025390625","0","0.0467597506940365","0.057790718972683","0","0","7153.5185546875","0","2.91617512702942","0.145136386156082","0","9","113","7","400","257","257","-1","0","114","0","56","0","45","0.283333331346512","0.100865259766579","42","356","20459.9993279145","1023","19.999999343025","54.010253033491","9.01025303349103","10"
"default_paddle","90","3","2","0","0","0","0","0.0887425616383553","0","42.9233474731445","6415.9375","522.970153808594","0","7259.94140625","0","0","0","174.631088256836","280.587463378906","0","280.587463378906","874.703247070313","6905.8203125","0","0.0427518710494041","0.0489992946386337","0","0","6883.74609375","0","2.4369523525238","0.135521933436394","0","9","119","10","399","260","260","-1","0","120","0","59","0","45","0.300000011920929","0.100865259766579","43","358","20459.9991906671","1023","19.9999992088632","60.75043701681","15.75043701681","10"
"default_paddle","90","3","3","0","0","0","0","-0.69360226392746","0","61.1885032653809","6238.59375","1439.58251953125","0","8871.75390625","0","0","0","236.932525634766","297.125915527344","0","297.125915527344","1072.84008789063","8107.64208984375","0","0.0524359680712223","0.0703987926244736","0","0","7528.4619140625","0","4.03138113021851","0.111640609800816","0","9","139","20","400","270","270","-1","0","140","0","69","0","45","0.349999994039536","0.100865259766579","52","350","20460.0034547549","1023","20.000003377082","48.1455173410831","3.14551734108314","10"
"default_paddle","90","3","4","0","0","0","0","-0.869906067848206","0","95.5362014770508","7125.2666015625","2127.0751953125","0","14755.1123046875","0","0","0","399.825958251953","292.670196533203","0","292.670196533203","1613.39904785156","13586.595703125","0","0.0788562670350075","0.117017142474651","0","0","8993.828125","0","7.63682270050049","0.0869617983698845","0","9","161","31","400","281","281","-1","0","162","0","80","0","45","0.400000005960464","0.100865259766579","63","339","20459.9977720897","1023","19.9999978221796","42.3677367537087","-2.63226324629132","10"
"default_paddle","90","3","5","0","0","0","0","-0.945662617683411","0","113.779113769531","7181.8115234375","2555.21655273438","0","17071.314453125","0","0","0","512.239868164063","281.708526611328","0","281.708526611328","1857.73645019531","15690.4736328125","0","0.0907984599471092","0.144302353262901","0","0","9410.939453125","0","10.0019969940186","0.0567629933357239","0","9","179","40","400","290","290","-1","0","180","0","89","0","45","0.449999988079071","0.100865259766579","68","331","20459.9995559116","1023","19.999999565896","38.9928761069339","-6.00712389306609","10"
"default_paddle","90","3","6","0","0","0","0","-1.34111177921295","0","108.295387268066","6095.54296875","2212.37866210938","0","15451.7236328125","0","0","0","438.833312988281","305.675323486328","0","305.675323486328","1710.298828125","14307.966796875","0","0.0835923179984093","0.134140521287918","0","0","8061.06201171875","0","9.43224334716797","0.0369320511817932","0","9","199","50","399","300","300","-1","0","200","0","99","0","45","0.5","0.100865259766579","70","335","20460.0000224608","1023","20.0000000219558","38.5479814476208","-6.45201855237923","10"
"default_paddle","90","3","7","0","0","0","0","-1.14506256580353","0","138.287384033203","-0.232532501220703","2246.21484375","0","476.742126464844","0","0","0","612.101501464844","289.049041748047","0","289.049041748047","-82.9070587158203","657.988525390625","0","-0.0040521533228457","0.176927343010902","0","0","2382.00952148438","0","12.9331636428833","0.000347617693478242","0","9","219","60","400","310","310","-1","0","220","0","109","0","8.25008964538574","0.550000011920929","0.100865259766579","75","331","20460.0004270316","1023","20.0000004174307","-1.31235550778699","-9.56244515317274","10"
"default_paddle","90","3","8","0","0","0","0","-0.902766823768616","0","167.915664672852","-40.9595794677734","3218.18041992188","0","639.884399414063","0","0","0","902.919860839844","249.35595703125","0","249.35595703125","-339.728393554688","1066.61376953125","0","-0.0166045166552067","0.22514845430851","0","0","3332.28686523438","0","17.0356101989746","0.000300939253065735","0","9","239","70","399","320","320","-1","0","240","0","119","0","3.58081722259521","0.600000023841858","0.100865259766579","90","339","20459.9989634844","1023","19.9999989867882","-4.22935741496464","-7.81017463755985","10"
