"board","drift_deg","roll_case","element_index","boundary_layer_mm","Cl0_Savitsky","Cl0_theorique","Cv_Savitsky","delta_plan_horizontal_deg","deviation_rail_deg","Fx_friction_n","Fx_planing","Fx_rail_n","Fx_rocker","Fz_planing_n","lamda_Savitsky","laminar_boundary_layer_mm","laminar_turbulent_transition_mm","largeur_B_element_mm","longueur_calcul_largeur_element_mm","longueur_element_mm","longueur_mouillee_element_mm","masse_flux_devie_kg_sec_planing","portance_globale_verticale_n","pression_dynamique_B","section_frontale_flux_devie_m2_planing","surface_contact_m2","surface_coupe_partie_immergee_m2","surface_max_element_m2","trainee_globale_horizontale_n","volume_deplacement_litres","volume_litres","inclinaison_roulis_rad_ligne_attack","inclinaison_roulis_rad_ligne_surface","index_dernier_element_on_attack","index_L1_max","index_L1_min","index_L2_max","index_L2_min","index_nose","index_point_contact","index_point_decrochage","index_point_roulis_avant_dans_tab_index_axe_roulis","index_premier_element_on_attack","index_tail","point_attack_on_outline","incidence_deg_stored","pos_x","pos_y","attack_index_1","attack_index_2","rho_v_kg_m2_s","rho_kgm3","scan_speed_ms","incidence_deg_derived","incidence_deg_residual","n_sub_elements"
"default_evolutive","0","0","0","0","0","0","0","-1.49391674995422","0","12.0227756500244","74.1697845458984","0","0","508.054260253906","0","0","0","345.879943847656","50.0232467651367","0","50.0232467651367","95.9953994750977","508.897644042969","0","0.00469185737892985","0.0173020381480455","0","0","85.7284545898438","0","0.42050102353096","-0.0164696164429188","0","9","199","1","387","201","200","-1","0","200","0","0","0","14.5799713134766","0.0166666675359011","0","15","385","20459.9994676294","1023","19.9999994795986","15.7341200031549","1.15414868967838","10"
"default_evolutive","0","0","1","0","0","0","0","-1.49391674995422","0","15.7467679977417","63.3478851318359","0","0","505.993988037109","0","0","0","454.196990966797","50.0232467651367","0","50.0232467651367","108.788063049316","507.965087890625","0","0.00531711056828499","0.0227204076945782","0","0","78.6365356445313","0","0.579729735851288","-0.0174372158944607","0","9","199","1","385","201","200","-1","0","200","0","0","0","12.521143913269","0.0333333350718021","0","17","385","20459.9963931925","1023","19.9999964742839","13.5340713708221","1.01292745755304","10"
"default_evolutive","0","0","2","0","0","0","0","-0.860357522964478","0","41.9331169128418","35.0971183776855","0","0","489.861236572266","0","0","0","301.058288574219","200.025985717773","0","200.025985717773","175.469497680664","503.773162841797","0","0.00857622269541025","0.06021948158741","0","0","76.6121520996094","0","1.97474253177643","-0.00318312738090754","0","9","199","1","383","201","200","-1","0","200","0","0","0","7.32871770858765","0.0500000007450581","0","20","381","20459.9978233506","1023","19.999997872288","8.18767886945738","0.858961160869734","10"
"default_evolutive","0","0","3","0","0","0","0","-0.486870020627975","0","75.5740661621094","23.6829528808594","0","0","466.994415283203","0","0","0","388.201416015625","300.012817382813","0","300.012817382813","234.305953979492","500.549163818359","0","0.0114519046619534","0.116465404629707","0","0","98.8802719116211","0","4.09255981445313","-0.000498319684993476","0","9","199","1","379","201","200","-1","0","200","0","0","0","5.6907434463501","0.100000001490116","0","33","368","20459.9986548897","1023","19.9999986851316","5.64294424628321","-0.0477992000668923","10"
"default_evolutive","0","0","4","0","0","0","0","0.108145475387573","0","133.222015380859","15.4076404571533","0","0","424.665710449219","0","0","0","426.940338134766","500.000579833984","0","500.000579833984","300.94970703125","497.347839355469","0","0.0147091746330261","0.213470429182053","0","0","148.308151245117","0","8.15090847015381","-0.00110617140308022","0","9","199","1","369","201","200","-1","0","200","0","0","0","4.77506828308105","0.150000005960464","0","53","350","20459.9995947791","1023","19.9999996038897","3.95109528115037","-0.823973001930685","10"
"default_evolutive","0","0","5","0","0","0","0","0.499921143054962","0","191.780975341797","10.9696922302246","0","0","376.491485595703","0","0","0","459.572662353516","700.024841308594","0","700.024841308594","339.148376464844","495.904571533203","0","0.0165761671960354","0.321712285280228","0","0","202.478408813477","0","12.8793258666992","-0.00118076801300049","0","9","199","1","359","201","200","-1","0","200","0","0","0","4.36092901229858","0.200000002980232","0","74","333","20459.9997366074","1023","19.9999997425292","2.95346250049197","-1.40746651180661","10"
"default_evolutive","0","0","6","0","0","0","0","0.660486459732056","0","249.644256591797","7.93127393722534","0","0","325.629547119141","0","0","0","509.641693115234","850.054077148438","0","850.054077148438","356.626800537109","495.590179443359","0","0.0174304414540529","0.433223009109497","0","0","257.34814453125","0","17.9318141937256","-0.0017547954339534","0","9","199","1","349","201","200","-1","0","200","0","0","0","3.98760962486267","0.25","0","93","315","20459.9981863446","1023","19.9999982271209","2.30588028794575","-1.68172933691692","10"
"default_evolutive","0","0","7","0","0","0","0","0.696837484836578","0","308.818359375","5.53196334838867","0","0","271.539703369141","0","0","0","523.593566894531","1050.07507324219","0","1050.07507324219","360.243194580078","495.976409912109","0","0.0176071934401989","0.549812495708466","0","0","314.166259765625","0","23.340934753418","-0.00442650029435754","0","9","199","1","339","201","200","-1","0","200","0","0","0","3.49763965606689","0.300000011920929","0","112","296","20460.0009537925","1023","20.0000009323485","1.83515341179779","-1.6624862442691","10"
"default_evolutive","0","0","8","0","0","0","0","0.530118823051453","0","364.938659667969","3.73537349700928","0","0","220.10693359375","0","0","0","531.893493652344","1250.05139160156","0","1250.05139160156","353.852264404297","496.783752441406","0","0.0172948334366083","0.664894223213196","0","0","368.528442382813","0","28.5061683654785","-0.00478809140622616","0","9","199","1","329","201","200","-1","0","200","0","0","0","2.88609027862549","0.349999994039536","0","130","276","20459.998397862","1023","19.9999984338827","1.4905119283793","-1.39557835024618","10"
"default_evolutive","0","0","9","0","0","0","0","0.160258516669273","0","414.261077880859","2.42999362945557","18.4210796356201","0","178.974548339844","0","0","0","528.203796386719","1450.00476074219","0","1450.00476074219","354.419342041016","496.297119140625","0","0.0173225495964289","0.765898048877716","0","0","434.991851806641","0","32.5805053710938","-0.00411777198314667","0","9","199","1","319","201","200","-1","0","200","0","0","0","2.15774202346802","0.400000005960464","0","146","257","20459.9986894586","1023","19.9999987189233","1.29598666538314","-0.861755358084874","10"
"default_evolutive","0","0","10","0","0","0","0","-0.412739336490631","0","463.289428710938","1.64456617832184","0","0","144.106567382813","0","0","0","530.410095214844","1650.0439453125","0","1650.0439453125","338.217132568359","498.213592529297","0","0.0165306497365236","0.875200033187866","0","0","464.842010498047","0","36.1523513793945","-0.0244165379554033","0","7","199","1","309","201","200","-1","0","200","1","0","0","1.18627941608429","0.449999988079071","0","167","234","20460.0023567789","1023","20.0000023037917","1.08225871060265","-0.104020705481641","10"
"default_evolutive","0","0","11","0","0","0","0","-0.775357186794281","0","479.459838867188","1.51808142662048","0","0","136.68391418457","0","0","0","520.550537109375","1750.16259765625","0","1750.16259765625","319.797332763672","499.192749023438","0","0.0156303662806749","0.911048054695129","0","0","480.891418457031","0","36.9486999511719","-0.0557319112122059","0","7","199","1","306","201","200","-1","0","200","2","0","0","0.775119543075562","0.466666668653488","0","179","228","20460.0024734585","1023","20.000002417848","0.983041377198679","0.207921834123118","10"
"default_evolutive","0","0","12","0","0","0","0","-1.18868219852448","0","498.354370117188","1.35125863552094","-28.6312980651855","0","136.5107421875","0","0","0","512.206604003906","1850.40209960938","0","1850.40209960938","263.304351806641","502.560424804688","0","0.0128692239522934","0.947788178920746","0","0","528.250915527344","0","37.1315841674805","-0.0490338951349258","0","6","199","1","303","201","200","-1","0","200","3","0","0","0.0477075688540936","0.483333349227905","0","189","212","20460.0023111508","1023","20.0000022591895","0.777995438443996","0.730287869589902","10"
"default_evolutive","0","1","0","0","0","0","0","-1.46171605587006","0","4.88350009918213","130.098892211914","0","0","518.040588378906","0","0","0","145.861633300781","51.7014503479004","0","51.7014503479004","66.6004409790039","511.422027587891","0","0.00325515354052186","0.0075412574224174","0","0","134.505279541016","0","0.157586425542831","0.153860583901405","0","9","208","0","395","217","208","-1","0","216","0","7","0","24.1552543640137","0.0166666675359011","0.0307062119245529","17","393","20459.9998586631","1023","19.9999998618407","25.5720622876526","1.41680792363891","10"
"default_evolutive","0","1","1","0","0","0","0","-1.36991536617279","0","15.3749504089355","65.7164840698242","0","0","514.768981933594","0","0","0","225.92073059082","99.8751068115234","0","99.8751068115234","109.031639099121","508.247131347656","0","0.00532901426777244","0.0225638579577208","0","0","80.6313018798828","0","0.583435595035553","0.18421171605587","0","9","208","0","393","217","208","-1","0","216","0","7","0","12.9608602523804","0.0333333350718021","0.0307062119245529","18","387","20460.0013474344","1023","20.0000013171402","13.6608828822049","0.700022629824527","10"
"default_evolutive","0","1","2","0","0","0","0","-1.22487330436707","0","30.0032043457031","43.7124061584473","0","0","500.773468017578","0","0","0","285.244293212891","148.042297363281","0","148.042297363281","149.279220581055","505.461853027344","0","0.00729614961892366","0.0422282181680202","0","0","73.2788696289063","0","1.28830444812775","0.112760342657566","0","9","208","0","391","217","208","-1","0","216","0","7","0","8.8965015411377","0.0500000007450581","0.0307062119245529","22","381","20459.9999147326","1023","19.9999999166497","9.94943534747865","1.05293380634095","10"
"default_evolutive","0","1","3","0","0","0","0","-0.301856607198715","0","73.4388656616211","24.7677478790283","0","0","469.868713378906","0","0","0","326.411376953125","340.659698486328","0","340.659698486328","230.010772705078","500.866729736328","0","0.0112419724464417","0.11119519919157","0","0","97.8269958496094","0","3.92474365234375","0.066271960735321","0","9","208","0","387","217","208","-1","0","216","0","7","0","5.90883827209473","0.100000001490116","0.0307062119245529","27","357","20460.0014633448","1023","20.0000014304446","5.802588143528","-0.106250128566725","10"
"default_evolutive","0","1","4","0","0","0","0","0.342256337404251","0","139.067169189453","15.4659566879272","0","0","420.561645507813","0","0","0","412.745574951172","533.310241699219","0","533.310241699219","300.625854492188","497.478088378906","0","0.0146933440119028","0.220121428370476","0","0","154.214981079102","0","8.59831809997559","0.0390696711838245","0","9","208","0","377","217","208","-1","0","216","0","7","0","4.79954290390015","0.150000005960464","0.0307062119245529","35","325","20460.0024506781","1023","20.0000023955797","3.82740105574439","-0.972141848155754","10"
"default_evolutive","0","1","5","0","0","0","0","0.818866908550262","0","193.467590332031","10.9401063919067","0","0","374.113250732422","0","0","0","421.489501953125","774.187561035156","0","774.187561035156","338.782592773438","495.992004394531","0","0.0165582876652479","0.326311945915222","0","0","204.136688232422","0","13.1337890625","0.0265519879758358","0","9","208","0","367","217","208","-1","0","216","0","7","0","4.35172033309937","0.200000002980232","0.0307062119245529","47","301","20460.0016392072","1023","20.0000016023531","2.90865130353234","-1.44306902956702","10"
"default_evolutive","0","1","6","0","0","0","0","0.944693505764008","0","246.19416809082","7.7081093788147","0","0","326.83837890625","0","0","0","461.843444824219","918.718627929688","0","918.718627929688","365.845245361328","495.104705810547","0","0.0178809966892004","0.424304157495499","0","0","253.673553466797","0","17.8028125762939","0.0310253407806158","0","9","208","0","357","217","208","-1","0","216","0","7","0","3.88452315330505","0.25","0.0307062119245529","58","281","20460.0029696492","1023","20.0000029028829","2.41526996027653","-1.46925319302852","10"
"default_evolutive","0","1","7","0","0","0","0","0.95448362827301","0","288.504608154297","5.77197170257568","0","0","290.805786132813","0","0","0","474.737030029297","1063.22717285156","0","1063.22717285156","380.651611328125","494.767211914063","0","0.0186046734452248","0.504753291606903","0","0","294.07763671875","0","21.4076538085938","0.0568776354193687","0","9","208","0","347","217","208","-1","0","216","0","7","0","3.43838334083557","0.300000011920929","0.0307062119245529","67","266","20459.9996043374","1023","19.999999613233","2.11234034785655","-1.32604299297902","10"
"default_evolutive","0","1","8","0","0","0","0","0.711831629276276","0","330.851928710938","4.32385730743408","0","0","252.015869140625","0","0","0","461.836303710938","1303.99145507813","0","1303.99145507813","376.298004150391","495.644592285156","0","0.0183918867260218","0.602230608463287","0","0","335.008483886719","0","25.3706741333008","0.0896951854228973","0","8","208","0","337","217","208","-1","0","216","0","7","0","2.86101627349854","0.349999994039536","0.0307062119245529","73","246","20460.0000943886","1023","20.0000000922665","1.75006280079809","-1.11095347270045","10"
"default_evolutive","0","1","9","0","0","0","0","-0.00470644701272249","0","371.733520507813","3.72548770904541","23.0274524688721","0","221.912322998047","0","0","0","428.846405029297","1592.86560058594","0","1592.86560058594","338.815124511719","498.163726806641","0","0.0165598783642054","0.683094680309296","0","0","398.343597412109","0","28.7003231048584","0.166396051645279","0","6","208","0","327","217","208","-1","0","216","0","7","0","1.91384935379028","0.400000005960464","0.0307062119245529","66","225","20460.0007959042","1023","20.00000077801","1.38912528264717","-0.524724071143109","10"
"default_evolutive","0","2","0","0","0","0","0","-1.35911178588867","0","1.97522580623627","296.513946533203","0","0","476.52783203125","0","0","0","41.7458648681641","78.0259475708008","0","78.0259475708008","47.7142486572266","349.110473632813","0","0.00233207503333688","0.00325726042501628","0","0","297.875854492188","0","0.0607589483261108","0.747286915779114","0","9","214","0","399","231","214","-1","0","230","0","13","0","45","0.0333333350718021","0.0614124238491058","6","396","20459.9972021286","1023","19.9999972650329","45.7220985090389","0.722098509038915","10"
"default_evolutive","0","2","1","0","0","0","0","-1.24169600009918","0","6.26103639602661","143.295455932617","0","0","590.684143066406","0","0","0","102.353218078613","87.0673828125","0","87.0673828125","77.5227661132813","511.036102294922","0","0.00378899113275111","0.00891162641346455","0","0","148.979598999023","0","0.201636239886284","0.524488806724548","0","9","214","0","397","231","214","-1","0","230","0","13","0","23.7610683441162","0.0500000007450581","0.0614124238491058","9","392","20460.001989235","1023","20.0000019445112","25.1616712255579","1.40060288144166","10"
"default_evolutive","0","2","2","0","0","0","0","0.0493544079363346","0","46.4529304504395","35.2767066955566","0","0","501.410125732422","0","0","0","216.16552734375","313.081268310547","0","313.081268310547","187.274520874023","503.690246582031","0","0.00915320310741663","0.06767737865448","0","0","81.3136978149414","0","2.20545554161072","0.236072480678558","0","9","214","0","393","231","214","-1","0","230","0","13","0","8.05634212493896","0.100000001490116","0.0614124238491058","21","351","20459.9983935983","1023","19.9999984297149","7.77293783292522","-0.283404292013742","10"
"default_evolutive","0","2","3","0","0","0","0","0.6947141289711","0","85.9731674194336","24.0812816619873","0","0","470.136108398438","0","0","0","273.01318359375","493.92724609375","0","493.92724609375","248.436599731445","500.678833007813","0","0.0121425529941916","0.134848639369011","0","0","109.687835693359","0","4.90341281890869","0.218855708837509","0","9","214","0","383","231","214","-1","0","230","0","13","0","6.45243453979492","0.150000005960464","0.0614124238491058","22","313","20459.9971563051","1023","19.9999972202396","5.16624126740882","-1.28619327238611","10"
"default_evolutive","0","2","4","0","0","0","0","1.28670644760132","0","140.754455566406","15.7972574234009","0","0","419.560577392578","0","0","0","302.816436767578","765.291809082031","0","765.291809082031","304.426391601563","497.837707519531","0","0.0148791009560227","0.231742948293686","0","0","156.237045288086","0","9.16754341125488","0.152238190174103","0","9","214","0","373","231","214","-1","0","230","0","13","0","5.02871704101563","0.200000002980232","0.0614124238491058","28","289","20459.9990618611","1023","19.9999990829532","3.68121893802799","-1.34749810298764","10"
"default_evolutive","0","2","5","0","0","0","0","1.41344654560089","0","168.06787109375","12.7602596282959","0","0","397.082366943359","0","0","0","314.542297363281","900.9794921875","0","900.9794921875","332.191253662109","496.778350830078","0","0.0162361320108175","0.283396154642105","0","0","180.538146972656","0","11.4192895889282","0.16665805876255","0","8","214","0","363","231","214","-1","0","230","0","13","0","4.5079345703125","0.25","0.0614124238491058","28","271","20459.9995516656","1023","19.9999995617454","3.28434758472863","-1.22358698558387","10"
"default_evolutive","0","2","6","0","0","0","0","1.33406114578247","0","229.008728027344","8.16546726226807","0","0","345.564147949219","0","0","0","338.684204101563","1172.24645996094","0","1172.24645996094","375.308868408203","495.08251953125","0","0.0183435399085283","0.397021353244781","0","0","236.933029174805","0","16.3660163879395","0.16110648214817","0","8","214","0","353","231","214","-1","0","230","0","13","0","3.59032487869263","0.300000011920929","0.0614124238491058","33","256","20460.002283077","1023","20.0000022317468","2.64817417377261","-0.942150704920019","10"
"default_evolutive","0","2","7","0","0","0","0","1.03217005729675","0","244.042007446289","7.57616901397705","0","0","336.273864746094","0","0","0","318.682800292969","1352.97021484375","0","1352.97021484375","383.797943115234","495.249694824219","0","0.0187584515661001","0.431168347597122","0","0","251.389373779297","0","17.6659545898438","0.220568016171455","0","7","214","0","343","231","214","-1","0","230","0","13","0","3.11281108856201","0.349999994039536","0.0614124238491058","32","245","20460.0012833056","1023","20.0000012544532","2.49350278336018","-0.619308305201829","10"
"default_evolutive","0","2","8","0","0","0","0","0.675893366336823","0","252.757858276367","6.92489957809448","0","0","324.716247558594","0","0","0","304.233764648438","1488.47119140625","0","1488.47119140625","387.511810302734","495.143524169922","0","0.0189399719238281","0.45284315943718","0","0","259.464050292969","0","18.6102066040039","0.194430410861969","0","6","214","0","340","231","214","-1","0","230","0","13","0","2.96421051025391","0.366666674613953","0.0614124238491058","31","239","20459.9991943605","1023","19.9999992124736","2.39707055798789","-0.567139952266015","10"
"default_evolutive","0","2","9","0","0","0","0","0.206594467163086","0","262.680053710938","6.65131855010986","0","0","319.013427734375","0","0","0","293.040802001953","1623.99255371094","0","1623.99255371094","391.3447265625","495.357818603516","0","0.0191273093223572","0.475896120071411","0","0","269.119018554688","0","19.5349388122559","0.24580229818821","0","6","214","0","337","231","214","-1","0","230","0","13","0","2.75663805007935","0.38333335518837","0.0614124238491058","31","235","20459.9988407712","1023","19.999998866834","2.30346375275102","-0.453174297328328","10"
"default_evolutive","0","3","0","0","0","0","0","-1.44775354862213","0","1.06755805015564","199.608596801758","0","0","299.005828857422","0","0","0","10.6351079940796","177.436340332031","0","177.436340332031","30.3239669799805","141.379211425781","0","0.00148210977204144","0.00188705453183502","0","0","200.327163696289","0","0.0304052643477917","1.07804191112518","0","9","220","0","400","248","220","-1","0","247","0","19","0","45","0.0833333358168602","0.0921186357736588","5","390","20460.0007044098","1023","20.0000006885726","51.7585251841155","6.75852518411555","10"
"default_evolutive","0","3","1","0","0","0","0","-1.44775354862213","0","0.971140503883362","189.71696472168","0","0","277.950134277344","0","0","0","9.63629817962646","177.436340332031","0","177.436340332031","28.3082904815674","125.97819519043","0","0.00138359179254621","0.00170982943382114","0","0","190.365036010742","0","0.0273720547556877","1.1001912355423","0","9","220","0","399","248","220","-1","0","247","0","19","0","45","0.100000001490116","0.0921186357736588","4","388","20460.0017390042","1023","20.0000016999063","54.0177158143671","9.01771581436708","10"
"default_evolutive","0","3","2","0","0","0","0","1.0904666185379","0","34.2876205444336","49.1987037658691","0","0","564.919250488281","0","0","0","125.268135070801","391.635589599609","0","391.635589599609","171.614807128906","505.699371337891","0","0.00838782079517841","0.0490594580769539","0","0","83.0114669799805","0","1.49175631999969","0.500345706939697","0","9","220","0","389","248","220","-1","0","247","0","19","0","10.8481798171997","0.150000005960464","0.0921186357736588","13","338","20459.9992440892","1023","19.9999992610843","9.84436976843712","-1.00381004876259","10"
"default_evolutive","0","3","3","0","0","0","0","1.82296657562256","0","67.549446105957","30.3135719299316","0","0","517.496032714844","0","0","0","166.892379760742","629.759582519531","0","629.759582519531","235.438552856445","502.416687011719","0","0.011507261544466","0.105102077126503","0","0","97.4586944580078","0","3.67190980911255","0.421749264001846","0","9","220","0","379","248","220","-1","0","247","0","19","0","7.92568397521973","0.200000002980232","0.0921186357736588","15","304","20459.9984059344","1023","19.9999984417736","6.28571713652272","-1.63996683869701","10"
"default_evolutive","0","3","4","0","0","0","0","2.06327795982361","0","90.7736434936523","23.8302803039551","0","0","494.48046875","0","0","0","188.167236328125","788.550537109375","0","788.550537109375","271.887817382813","500.835296630859","0","0.0132887484505773","0.148379370570183","0","0","114.232635498047","0","5.33933448791504","0.40423971414566","0","8","220","0","369","248","220","-1","0","247","0","19","0","6.71262502670288","0.25","0.0921186357736588","17","286","20460.0018123604","1023","20.0000017716133","5.13825270030718","-1.5743723263957","10"
"default_evolutive","0","3","5","0","0","0","0","2.04113459587097","0","137.428970336914","16.2895526885986","0","0","451.402404785156","0","0","0","208.83625793457","1106.01330566406","0","1106.01330566406","327.476257324219","498.516937255859","0","0.0160056799650192","0.230975672602654","0","0","153.395584106445","0","9.00255012512207","0.394650280475616","0","8","220","0","359","248","220","-1","0","247","0","19","0","5.15355777740479","0.300000011920929","0.0921186357736588","24","268","20460.0028264919","1023","20.0000027629442","3.97355012438778","-1.18000765301701","10"
"default_evolutive","0","3","6","0","0","0","0","1.68521797657013","0","148.191528320313","16.2593650817871","0","0","469.465698242188","0","0","0","195.440536499023","1304.22143554688","0","1304.22143554688","351.364501953125","498.743774414063","0","0.0171732399612665","0.254897713661194","0","0","164.124298095703","0","9.90218639373779","0.518378019332886","0","7","220","0","349","248","220","-1","0","247","0","19","0","4.73415088653564","0.349999994039536","0.0921186357736588","22","258","20460.0007188866","1023","20.0000007027239","3.86311816146887","-0.871032725066772","10"
"default_evolutive","0","3","7","0","0","0","0","1.20958709716797","0","155.851470947266","14.6909561157227","0","0","449.256774902344","0","0","0","185.291137695313","1462.67126464844","0","1462.67126464844","354.431274414063","498.275726318359","0","0.0173231326043606","0.271020025014877","0","0","170.232650756836","0","10.5787887573242","0.46890863776207","0","6","220","0","346","248","220","-1","0","247","0","19","0","4.47448968887329","0.366666674613953","0.0921186357736588","22","254","20459.9989221837","1023","19.9999989464161","3.66474575609105","-0.809743932782237","10"
"default_evolutive","0","4","0","0","0","0","0","-1.25402760505676","0","1.41261053085327","220.956909179688","0","0","338.310821533203","0","0","0","5.24918746948242","400.007873535156","0","400.007873535156","34.2595710754395","103.994873046875","0","0.00167446583509445","0.00209971633739769","0","0","221.924591064453","0","0.0349106267094612","1.25845170021057","0","9","238","0","397","283","238","-1","0","282","0","37","0","45","0.200000002980232","0.122824847698212","16","382","20460.0000533943","1023","20.0000000521939","52.8894088060514","7.88940880605142","10"
"default_evolutive","0","4","1","0","0","0","0","2.68976807594299","0","20.2642593383789","142.887130737305","0","0","942.608764648438","0","0","0","46.5318489074707","610.170837402344","0","610.170837402344","173.410903930664","509.45458984375","0","0.00847560632973909","0.0283923763781786","0","0","162.3203125","0","0.799792766571045","1.00603592395782","0","9","238","0","387","283","238","-1","0","282","0","37","0","18.6649322509766","0.25","0.122824847698212","21","342","20459.9998140785","1023","19.9999998182585","17.3685504793959","-1.29638177158063","10"
"default_evolutive","0","4","2","0","0","0","0","3.00812196731567","0","38.3625106811523","75.5262451171875","0","0","803.888427734375","0","0","0","71.4998168945313","820.438232421875","0","820.438232421875","225.110427856445","507.081634521484","0","0.0110024642199278","0.0586611814796925","0","0","113.251205444336","0","1.83518695831299","0.910731971263885","0","9","238","0","377","283","238","-1","0","282","0","37","0","12.7189407348633","0.300000011920929","0.122824847698212","23","317","20460.0009013183","1023","20.0000008810541","10.8103955296044","-1.90854520525889","10"
"default_evolutive","0","4","3","0","0","0","0","2.84876108169556","0","52.2218055725098","67.6036071777344","0","0","845.356872558594","0","0","0","79.3341827392578","1060.66284179688","0","1060.66284179688","274.817687988281","506.334320068359","0","0.0134319495409727","0.0841468200087547","0","0","119.188972473145","0","2.75514030456543","0.96218603849411","0","8","238","0","367","283","238","-1","0","282","0","37","0","10.9910907745361","0.349999994039536","0.122824847698212","23","299","20460.0000282892","1023","20.0000000276532","9.18513983109389","-1.80595094344224","10"
"default_evolutive","0","4","4","0","0","0","0","2.01546788215637","0","61.6557006835938","101.026901245117","0","0","1182.02453613281","0","0","0","74.2601013183594","1360.53039550781","0","1360.53039550781","360.159515380859","507.354766845703","0","0.0176031030714512","0.101033121347427","0","0","161.826782226563","0","3.41045451164246","1.15517640113831","0","6","238","0","357","283","238","-1","0","282","0","37","0","11.2097864151001","0.400000005960464","0.122824847698212","21","286","20460.0015076301","1023","20.0000014737342","10.0339105600277","-1.17587585507243","10"
"default_evolutive","10","0","0","0","0","0","0","-1.93662691116333","0","12.0319442749023","74.3247985839844","0","0","508.273834228516","0","0","0","448.404205322266","38.585807800293","0","38.585807800293","95.9891357421875","508.962951660156","0","0.00469155143946409","0.0173020381480455","0","0","85.8917007446289","0","0.422139972448349","-0.0305776838213205","0","9","152","2","388","201","201","-1","0","153","0","0","0","14.6056814193726","0.0166666675359011","0","16","386","20459.9985699298","1023","19.9999986020819","15.733066792827","1.1273853734544","10"
"default_evolutive","10","0","1","0","0","0","0","-1.47730219364166","0","15.8198661804199","63.3671989440918","0","0","506.025726318359","0","0","0","294.703491210938","77.0958251953125","0","77.0958251953125","108.903503417969","508.021636962891","0","0.00532275205478072","0.0227204076945782","0","0","78.7279434204102","0","0.587006330490112","-0.0212930664420128","0","9","155","3","387","202","202","-1","0","156","0","1","0","12.5133953094482","0.0333333350718021","0","18","386","20459.9993193662","1023","19.9999993346688","13.5487043126678","1.03530900321959","10"
"default_evolutive","10","0","2","0","0","0","0","-1.26953101158142","0","35.6351737976074","38.9522018432617","0","0","494.441009521484","0","0","0","336.071380615234","155.357650756836","0","155.357650756836","162.129684448242","504.626800537109","0","0.00792422704398632","0.0522112548351288","0","0","74.1617889404297","0","1.6181652545929","-0.0482617579400539","0","9","157","4","386","203","203","-1","0","158","0","2","0","7.930344581604","0.0500000007450581","0","24","385","20459.9998899933","1023","19.9999998924666","8.72965236689311","0.799307785289102","10"
"default_evolutive","10","0","3","0","0","0","0","-0.360074192285538","0","81.5846099853516","22.6498775482178","0","0","463.00439453125","0","0","0","395.160614013672","318.661315917969","0","318.661315917969","242.363906860352","500.174041748047","0","0.0118457432836294","0.12592239677906","0","0","103.864707946777","0","4.47616815567017","-0.0143044898286462","0","9","163","6","384","205","205","-1","0","164","0","4","0","5.51181173324585","0.100000001490116","0","39","370","20459.9999389902","1023","19.9999999403619","5.39789694432869","-0.113914788917164","10"
"default_evolutive","10","0","4","0","0","0","0","0.244851961731911","0","139.503601074219","14.9182958602905","0","0","420.007873535156","0","0","0","424.377319335938","528.3525390625","0","528.3525390625","305.644317626953","497.169799804688","0","0.0149386273697019","0.224220842123032","0","0","154.105773925781","0","8.60830402374268","-0.010129620321095","0","9","167","7","375","206","206","-1","0","168","0","5","0","4.70530223846436","0.150000005960464","0","56","349","20460.0001099735","1023","20.000000107501","3.82013913549253","-0.885163102971828","10"
"default_evolutive","10","0","5","0","0","0","0","0.704319417476654","0","204.842315673828","10.1166858673096","33.5934257507324","0","365.314971923828","0","0","0","488.251129150391","706.967712402344","0","706.967712402344","344.610046386719","494.980712890625","0","0.0168431103229523","0.34517776966095","0","0","248.287780761719","0","13.9488573074341","-0.0102027477696538","0","9","173","9","367","208","208","-1","0","174","0","7","0","4.26057958602905","0.200000002980232","0","76","327","20460.0005449774","1023","20.0000005327248","2.79688482490841","-1.46369476112064","10"
"default_evolutive","10","0","6","0","0","0","0","0.959173917770386","0","252.862319946289","7.51025438308716","38.0261192321777","0","324.219818115234","0","0","0","511.446350097656","846.953430175781","0","846.953430175781","365.736206054688","494.222290039063","0","0.0178756695240736","0.43317124247551","0","0","298.169403076172","0","18.0058364868164","-0.0103495586663485","0","9","178","11","359","210","210","-1","0","179","0","9","0","3.97609353065491","0.25","0","94","316","20460.0004247193","1023","20.0000004151704","2.36509546984056","-1.61099806081435","10"
"default_evolutive","10","0","7","0","0","0","0","1.10476291179657","0","308.350921630859","5.13135385513306","48.2863426208496","0","275.611145019531","0","0","0","522.763854980469","1034.32336425781","0","1034.32336425781","382.335540771484","492.990295410156","0","0.0186869781464338","0.540706872940063","0","0","361.573181152344","0","22.7866687774658","-0.00495841447263956","0","9","183","13","351","212","212","-1","0","184","1","11","0","3.53857421875","0.300000011920929","0","111","298","20459.9982819827","1023","19.9999983206087","1.98055230150648","-1.55802191724352","10"
"default_evolutive","10","0","8","0","0","0","0","1.09938061237335","0","322.840515136719","4.57384872436523","48.5256500244141","0","260.530029296875","0","0","0","530.193908691406","1083.39404296875","0","1083.39404296875","382.356658935547","492.975708007813","0","0.0186880100518465","0.574408948421478","0","0","375.754760742188","0","24.2883834838867","-0.00134811014868319","0","9","184","13","348","212","212","-1","0","185","1","11","0","3.39548349380493","0.316666692495346","0","117","293","20459.9985699263","1023","19.9999986020784","1.864408866142","-1.53107462766293","10"
"default_evolutive","10","1","0","0","0","0","0","-1.05081856250763","0","2.61846423149109","209.038162231445","0","0","517.631408691406","0","0","0","169.115386962891","26.5785484313965","0","26.5785484313965","54.3488845825195","512.521606445313","0","0.0026563482824713","0.0044948416762054","0","0","211.153228759766","0","0.0879920572042465","0.131402999162674","0","9","172","0","395","208","208","-1","0","173","1","7","0","35.143138885498","0.0166666675359011","0.0307062119245529","13","394","20459.9995193239","1023","19.9999995301308","36.2263750795503","1.08323619405221","10"
"default_evolutive","10","1","1","0","0","0","0","-0.910250008106232","0","15.5522365570068","66.7296600341797","0","0","509.525848388672","0","0","0","291.466888427734","77.2827301025391","0","77.2827301025391","108.083770751953","508.157440185547","0","0.00528268702328205","0.022525355219841","0","0","81.8203125","0","0.582648098468781","0.117330931127071","0","9","174","1","394","209","209","-1","0","175","0","8","0","12.9934673309326","0.0333333350718021","0.0307062119245529","20","389","20459.9989125993","1023","19.9999989370472","13.5634356407273","0.569968309794712","10"
"default_evolutive","10","1","2","0","0","0","0","-0.890640139579773","0","21.746768951416","52.9295043945313","0","0","505.181091308594","0","0","0","261.601348876953","119.961624145508","0","119.961624145508","127.52904510498","506.867004394531","0","0.00623309146612883","0.0313821248710155","0","0","74.2285919189453","0","0.878050208091736","0.104733772575855","0","9","175","1","392","209","209","-1","0","176","0","8","0","10.9062271118164","0.0500000007450581","0.0307062119245529","21","385","20459.9989905466","1023","19.999999013242","11.4562240295515","0.549996917735079","10"
"default_evolutive","10","1","3","0","0","0","0","-0.0255451593548059","0","76.5908966064453","24.76145362854","0","0","467.654205322266","0","0","0","389.866455078125","295.434356689453","0","295.434356689453","231.218673706055","500.606231689453","0","0.0113010099157691","0.115179941058159","0","0","100.970062255859","0","4.07391357421875","0.0435905866324902","0","9","181","3","390","211","211","-1","0","182","0","10","0","5.91747903823853","0.100000001490116","0.0307062119245529","30","358","20460.00095827","1023","20.0000009367253","5.63069887339241","-0.286780164846119","10"
"default_evolutive","10","1","4","0","0","0","0","0.573849201202393","0","140.626129150391","16.3544158935547","0","0","420.373046875","0","0","0","471.389129638672","475.590026855469","0","475.590026855469","293.741882324219","497.506561279297","0","0.0143568869680166","0.224187970161438","0","0","156.655090332031","0","8.60446739196777","0.0292521193623543","0","9","185","4","381","212","212","-1","0","186","0","11","0","4.81319427490234","0.150000005960464","0.0307062119245529","34","320","20459.9982557917","1023","19.9999982950066","3.67170603444744","-1.1414882404549","10"
"default_evolutive","10","1","5","0","0","0","0","1.07418847084045","0","209.196212768555","10.6000308990479","62.7117919921875","0","364.695617675781","0","0","0","506.658905029297","674.13330078125","0","674.13330078125","339.759124755859","493.066009521484","0","0.0166060198098421","0.341555625200272","0","0","282.225433349609","0","13.9200668334961","0.0193241611123085","0","9","189","6","373","214","214","-1","0","190","0","13","0","4.08920097351074","0.200000002980232","0.0307062119245529","47","294","20459.9975579031","1023","19.9999976128085","2.78674973173468","-1.30245124177606","10"
"default_evolutive","10","1","6","0","0","0","0","1.20571708679199","0","246.91650390625","8.12328147888184","60.9668045043945","0","330.772888183594","0","0","0","504.848724365234","822.770690917969","0","822.770690917969","360.245056152344","491.720153808594","0","0.0176072847098112","0.415374755859375","0","0","315.747406005859","0","17.2335395812988","0.0207270104438066","0","9","193","7","364","215","215","-1","0","194","0","14","0","3.74513912200928","0.25","0.0307062119245529","58","283","20460.0006241511","1023","20.0000006101184","2.42943389999565","-1.31570522201362","10"
"default_evolutive","10","1","7","0","0","0","0","1.33391344547272","0","274.871856689453","6.89774751663208","85.44091796875","0","304.3974609375","0","0","0","526.839172363281","893.072814941406","0","893.072814941406","367.340850830078","489.656524658203","0","0.0179540980607271","0.470505803823471","0","0","366.955749511719","0","19.7637519836426","0.0280430633574724","0","9","198","9","356","217","217","-1","0","199","0","16","0","3.43620872497559","0.300000011920929","0.0307062119245529","66","275","20460.0002510625","1023","20.0000002454179","2.18688905287794","-1.24931967209764","10"
"default_evolutive","10","1","8","0","0","0","0","1.35189521312714","0","293.304748535156","6.82822704315186","78.9949188232422","0","288.318634033203","0","0","0","504.827606201172","1000.14654541016","0","1000.14654541016","362.543792724609","489.436981201172","0","0.0177196376025677","0.504901587963104","0","0","378.871795654297","0","21.3680820465088","0.0417376458644867","0","9","201","10","347","218","218","-1","0","202","0","17","0","3.04540467262268","0.349999994039536","0.0307062119245529","65","265","20460.0004162656","1023","20.0000004069067","2.01122160039552","-1.03418307222717","10"
"default_evolutive","10","1","9","0","0","0","0","0.93827611207962","0","389.528533935547","59216.1953125","0","0","101217.6015625","0","0","0","524.92626953125","1324.62133789063","0","1324.62133789063","10138.1103515625","58956.34765625","0","0.495508819818497","0.6953284740448","0","0","59492.12109375","0","29.6927528381348","0.950711131095886","0","8","204","11","338","219","219","-1","0","205","0","18","0","45","0.400000005960464","0.0307062119245529","77","234","20459.9997943045","1023","19.9999997989291","45.4489335702585","0.448933570258461","10"
"default_evolutive","10","1","10","0","0","0","0","0.834244906902313","0","421.056030273438","63564.98046875","0","0","110057.4921875","0","0","0","550.748657226563","1382.88073730469","0","1382.88073730469","11021.4501953125","85257.875","0","0.538682878017426","0.761619627475739","0","0","63864.68359375","0","32.3511123657227","0.685986220836639","0","8","206","12","336","220","220","-1","0","207","1","19","0","45","0.416666686534882","0.0307062119245529","120","243","20459.9972359916","1023","19.9999972981345","45.0145151954807","0.0145151954806764","10"
"default_evolutive","10","1","11","0","0","0","0","0.693583726882935","0","429.733032226563","65604.46875","0","0","112941.34375","0","0","0","548.679321289063","1432.85559082031","0","1432.85559082031","11311.0927734375","81778.5703125","0","0.552839398384094","0.786178171634674","0","0","65909.671875","0","33.3100814819336","0.762580871582031","0","8","207","12","333","220","220","-1","0","208","1","19","0","45","0.433333367109299","0.0307062119245529","123","239","20459.9976168466","1023","19.9999976704268","44.6841912638912","-0.315808736108778","10"
"default_evolutive","10","2","0","0","0","0","0","-0.855510354042053","0","2.7626256942749","279.862640380859","0","0","580.766357421875","0","0","0","82.4035263061523","54.9892158508301","0","54.9892158508301","58.8578300476074","512.423095703125","0","0.00287672667764127","0.00453130528330803","0","0","281.969116210938","0","0.0886943787336349","0.487495630979538","0","9","190","0","399","214","214","-1","0","191","0","13","0","39.4193115234375","0.0333333350718021","0.0614124238491058","8","396","20460.0007727766","1023","20.0000007554023","39.4093103660116","-0.0100011574259042","10"
"default_evolutive","10","2","1","0","0","0","0","-0.656296730041504","0","5.86439657211304","133.936401367188","0","0","552.633911132813","0","0","0","120.588264465332","73.9012908935547","0","73.9012908935547","73.2015380859375","511.096008300781","0","0.00357778766192496","0.0089116282761097","0","0","139.273635864258","0","0.19228932261467","0.388698130846024","0","9","192","1","398","215","215","-1","0","193","0","14","0","23.5380916595459","0.0500000007450581","0.0614124238491058","10","393","20460.0007051712","1023","20.0000006893169","23.6703616384094","0.132269978863523","10"
"default_evolutive","10","2","2","0","0","0","0","0.385406523942947","0","46.8326034545898","34.7879295349121","0","0","494.240112304688","0","0","0","257.284484863281","263.044982910156","0","263.044982910156","184.687362670898","503.446166992188","0","0.00902675371617079","0.0676773935556412","0","0","81.2030715942383","0","2.19967794418335","0.166085690259933","0","9","195","2","395","216","216","-1","0","196","0","15","0","8.25917530059814","0.100000001490116","0.0614124238491058","23","353","20459.9979658295","1023","19.9999980115636","7.66490491080568","-0.594270389792467","10"
"default_evolutive","10","2","3","0","0","0","0","0.882412016391754","0","92.1240081787109","23.1625137329102","0","0","460.901275634766","0","0","0","338.204315185547","410.088714599609","0","410.088714599609","249.122207641602","499.764709472656","0","0.0121760619804263","0.138693779706955","0","0","114.912651062012","0","5.07474803924561","0.134392753243446","0","9","199","3","386","217","217","-1","0","200","0","16","0","6.39480113983154","0.150000005960464","0.0614124238491058","25","314","20459.998318182","1023","19.9999983559941","5.03653635528239","-1.35826478454915","10"
"default_evolutive","10","2","4","0","0","0","0","1.43372356891632","0","145.8876953125","16.3838558197021","0","0","418.0556640625","0","0","0","400.769622802734","573.359252929688","0","573.359252929688","298.65185546875","497.165618896484","0","0.0145968655124307","0.229784965515137","0","0","161.942413330078","0","8.96974086761475","0.0901762172579765","0","9","203","5","378","219","219","-1","0","204","0","18","0","4.95843172073364","0.200000002980232","0.0614124238491058","32","292","20459.9991151812","1023","19.9999991350745","3.64211064856388","-1.31632107216976","10"
"default_evolutive","10","2","5","0","0","0","0","1.69753193855286","0","198.025207519531","11.9492053985596","0","0","375.433715820313","0","0","0","413.096588134766","773.406311035156","0","773.406311035156","331.889312744141","495.67041015625","0","0.0162213742733002","0.319491505622864","0","0","209.687225341797","0","13.055513381958","0.0664120987057686","0","9","206","6","369","220","220","-1","0","207","0","19","0","3.99752449989319","0.25","0.0614124238491058","38","278","20459.999698695","1023","19.9999997054692","2.91029976852506","-1.08722473136813","10"
"default_evolutive","10","2","6","0","0","0","0","1.69650709629059","0","216.078125","11.1291284561157","0","0","358.766906738281","0","0","0","431.818084716797","823.851684570313","0","823.851684570313","335.619384765625","495.671722412109","0","0.0164036825299263","0.35575407743454","0","0","226.935409545898","0","14.7340898513794","0.0748951211571693","0","9","208","6","359","220","220","-1","0","209","0","19","0","3.6074697971344","0.300000011920929","0.0614124238491058","38","268","20460.0024508724","1023","20.0000023957697","2.64282337396799","-0.964646423166414","10"
"default_evolutive","10","2","7","0","0","0","0","2.0295524597168","0","159.169555664063","15.8210248947144","0","0","409.301849365234","0","0","0","348.423217773438","737.669860839844","0","737.669860839844","308.413024902344","497.274810791016","0","0.0150739485397935","0.257021307945251","0","0","174.677490234375","0","10.2525978088379","0.168029233813286","0","9","213","9","352","223","223","-1","0","214","0","22","0","4.45244598388672","0.349999994039536","0.0614124238491058","28","266","20460.0025061893","1023","20.0000024498429","3.36224858430331","-1.09019739958341","10"
"default_evolutive","10","2","8","0","0","0","0","1.65245318412781","0","279.536315917969","8.58115005493164","0","0","303.939727783203","0","0","0","428.363891601563","1108.40148925781","0","1108.40148925781","344.704650878906","495.773620605469","0","0.0168477352708578","0.474799185991287","0","0","287.895263671875","0","20.1574535369873","0.0604121834039688","0","9","219","13","346","227","227","-1","0","220","0","26","0","2.76608347892761","0.400000005960464","0.0614124238491058","56","265","20459.9992424593","1023","19.999999259491","2.03350566029599","-0.732577818631619","10"
"default_evolutive","10","2","9","0","0","0","0","2.29609370231628","0","154.641693115234","18.7398681640625","0","0","416.622497558594","0","0","0","298.826599121094","839.249694824219","0","839.249694824219","293.340515136719","498.430786132813","0","0.0143372686579823","0.250790119171143","0","0","173.066314697266","0","9.87348556518555","0.204751014709473","0","9","224","17","340","231","231","-1","0","225","0","30","0","4.06556224822998","0.449999988079071","0.0614124238491058","30","267","20459.9998880121","1023","19.9999998905299","3.27729441215894","-0.788267836071041","10"
"default_evolutive","10","3","0","0","0","0","0","-1.60975027084351","0","1.14552867412567","254.538330078125","0","0","366.221282958984","0","0","0","16.5627708435059","137.401000976563","0","137.401000976563","37.5285568237305","237.821334838867","0","0.00183424039278179","0.00227574142627418","0","0","255.294525146484","0","0.0377428308129311","0.863379716873169","0","9","206","0","400","220","220","-1","0","207","0","19","0","45","0.0833333358168602","0.0921186357736588","6","390","20459.9991208431","1023","19.9999991406091","53.7066399708781","8.70663997087813","10"
"default_evolutive","10","3","1","0","0","0","0","-1.61079239845276","0","0.829227864742279","209.233535766602","0","0","263.483001708984","0","0","0","11.4901838302612","137.487213134766","0","137.487213134766","27.9065132141113","165.861251831055","0","0.0013639546232298","0.00157975347246975","0","0","209.748718261719","0","0.0232363790273666","0.889064192771912","0","9","207","0","399","220","220","-1","0","208","0","19","0","45","0.100000001490116","0.0921186357736588","4","389","20460.0011897973","1023","20.0000011630473","59.700187408796","14.700187408796","10"
"default_evolutive","10","3","2","0","0","0","0","1.36949527263641","0","27.1341972351074","51.3457374572754","0","0","530.220886230469","0","0","0","128.538314819336","297.472320556641","0","297.472320556641","145.135116577148","506.184051513672","0","0.00709360372275114","0.0382365919649601","0","0","78.0125503540039","0","1.07624983787537","0.338785856962204","0","9","211","2","391","222","222","-1","0","212","0","21","0","11.8726663589478","0.150000005960464","0.0921186357736588","14","349","20459.9978021975","1023","19.9999978516105","10.691376920689","-1.18128943825878","10"
"default_evolutive","10","3","3","0","0","0","0","2.09473276138306","0","71.5332794189453","27.3435802459717","0","0","484.149108886719","0","0","0","210.605834960938","498.755889892578","0","498.755889892578","227.249450683594","501.167327880859","0","0.0111070107668638","0.105040900409222","0","0","98.4771957397461","0","3.63486266136169","0.22545114159584","0","9","216","5","384","225","225","-1","0","217","0","24","0","7.72772216796875","0.200000002980232","0.0921186357736588","21","312","20460.0009357657","1023","20.000000914727","6.06979507446718","-1.65792709350157","10"
"default_evolutive","10","3","4","0","0","0","0","2.37474632263184","0","100.07666015625","21.5494346618652","0","0","460.15380859375","0","0","0","249.391677856445","616.495178222656","0","616.495178222656","263.688018798828","499.232757568359","0","0.0128879779949784","0.153748765587807","0","0","121.256553649902","0","5.62030267715454","0.199748963117599","0","9","222","9","378","229","229","-1","0","223","0","28","0","6.42789173126221","0.25","0.0921186357736588","29","297","20459.999148165","1023","19.9999991673167","4.80845654954881","-1.6194351817134","10"
"default_evolutive","10","3","5","0","0","0","0","2.51170563697815","0","118.54126739502","19.086051940918","0","0","444.790618896484","0","0","0","256.250305175781","730.191284179688","0","730.191284179688","282.372375488281","498.368499755859","0","0.0138011900708079","0.187111735343933","0","0","137.276245117188","0","7.03630065917969","0.19498935341835","0","9","227","13","372","233","233","-1","0","228","0","32","0","5.70766019821167","0.300000011920929","0.0921186357736588","34","289","20460.0019302358","1023","20.0000018868385","4.22992542575594","-1.47773477245573","10"
"default_evolutive","10","3","6","0","0","0","0","2.65192127227783","0","107.869079589844","21.2759456634521","0","0","458.540649414063","0","0","0","218.307983398438","761.985412597656","0","761.985412597656","272.720581054688","499.10888671875","0","0.0133294519037008","0.166347503662109","0","0","128.782592773438","0","6.18066453933716","0.240724638104439","0","9","233","17","366","237","237","-1","0","234","0","36","0","6.00488233566284","0.349999994039536","0.0921186357736588","31","288","20459.9996327657","1023","19.9999996410222","4.59604744543376","-1.40883489022909","10"
"default_evolutive","10","3","7","0","0","0","0","2.67843174934387","0","106.796180725098","22.8523540496826","0","0","463.047973632813","0","0","0","199.767227172852","831.737670898438","0","831.737670898438","268.936370849609","499.612854003906","0","0.0131444958969951","0.166153937578201","0","0","129.286499023438","0","6.15569400787354","0.273624032735825","0","9","238","21","360","241","241","-1","0","239","0","40","0","5.71429347991943","0.400000005960464","0.0921186357736588","32","285","20459.9988434011","1023","19.9999988694048","4.53743063452302","-1.17686284539641","10"
"default_evolutive","10","3","8","0","0","0","0","2.97183799743652","0","68.8140106201172","33.2650566101074","0","0","519.782531738281","0","0","0","137.821487426758","751.822326660156","0","751.822326660156","229.648361206055","502.484680175781","0","0.0112242605537176","0.103617265820503","0","0","101.66593170166","0","3.58502078056335","0.427262097597122","0","9","245","26","355","247","246","-1","0","246","0","45","0","7.41170454025269","0.449999988079071","0.0921186357736588","28","290","20459.9991337507","1023","19.9999991532265","6.21872345062911","-1.19298108962357","10"
"default_evolutive","10","3","9","0","0","0","0","1.86731839179993","0","164.093017578125","19.7346057891846","0","0","406.030334472656","0","0","0","228.597885131836","1164.25","0","1164.25","283.562408447266","499.042175292969","0","0.0138593539595604","0.266145080327988","0","0","183.52375793457","0","10.61341381073","0.16068260371685","0","8","251","31","350","254","251","-1","0","253","0","50","0","3.54595398902893","0.5","0.0921186357736588","49","282","20460.0019073515","1023","20.0000018644687","2.98499523589188","-0.560958753137053","10"
"default_evolutive","10","3","10","0","0","0","0","2.66831803321838","0","94.4292068481445","29.6989631652832","0","0","486.558532714844","0","0","0","154.404754638672","946.591247558594","0","946.591247558594","249.615646362305","501.3681640625","0","0.012200178578496","0.146158188581467","0","0","123.753479003906","0","5.313889503479","0.361289620399475","0","9","253","33","349","257","253","-1","0","256","0","52","0","5.60276031494141","0.516666650772095","0.0921186357736588","39","291","20459.9993972446","1023","19.9999994107963","4.78818910804679","-0.814571206894614","10"
"default_evolutive","10","4","0","0","0","0","0","0.672745585441589","0","4.8649320602417","398.4833984375","0","0","902.834228515625","0","0","0","17.6852912902832","390.432739257813","0","390.432739257813","93.825553894043","512.224670410156","0","0.00458580441772938","0.00690491683781147","0","0","402.344299316406","0","0.148273810744286","0.967258214950562","0","9","238","3","397","241","241","-1","0","239","0","40","0","37.4665069580078","0.216666668653488","0.122824847698212","21","372","20459.9990203027","1023","19.9999990423292","41.6160829244156","4.1495759664078","10"
"default_evolutive","10","4","1","0","0","0","0","2.56530737876892","0","20.5596961975098","68.5161056518555","0","0","579.361267089844","0","0","0","57.6550674438477","480.034759521484","0","480.034759521484","132.42985534668","507.631072998047","0","0.00647262297570705","0.0276764370501041","0","0","88.5561752319336","0","0.759676337242126","0.515807509422302","0","9","240","4","395","242","242","-1","0","241","0","41","0","14.7714996337891","0.233333334326744","0.122824847698212","26","350","20459.9983412773","1023","19.9999983785702","13.5248836533828","-1.24661598040624","10"
"default_evolutive","10","4","2","0","0","0","0","2.15890002250671","0","16.1305694580078","85.6976089477539","0","0","611.223510742188","0","0","0","47.1241416931152","458.000762939453","0","458.000762939453","120.902320861816","508.651916503906","0","0.00590920401737094","0.021582892164588","0","0","101.271072387695","0","0.570893108844757","0.594402134418488","0","9","242","6","393","244","244","-1","0","243","0","43","0","16.843770980835","0.25","0.122824847698212","26","353","20460.0011281396","1023","20.0000011027757","15.8899846904074","-0.95378629042753","10"
"default_evolutive","10","4","3","0","0","0","0","3.05069279670715","0","36.2999649047852","46.1325187683105","0","0","548.80712890625","0","0","0","82.8815841674805","619.531005859375","0","619.531005859375","171.928314208984","505.118713378906","0","0.00840314384549856","0.0513477139174938","0","0","81.9584274291992","0","1.5480215549469","0.447295516729355","0","9","248","11","388","250","249","-1","0","249","0","48","0","11.4152641296387","0.300000011920929","0.122824847698212","33","331","20459.9989444527","1023","19.9999989681844","9.41892202559451","-1.99634210404416","10"
"default_evolutive","10","4","4","0","0","0","0","3.07583713531494","0","55.4099197387695","34.7065925598145","0","0","523.056701660156","0","0","0","104.954818725586","768.970092773438","0","768.970092773438","208.910339355469","502.990234375","0","0.0102106714621186","0.0807071104645729","0","0","89.6815338134766","0","2.64879703521729","0.395374208688736","0","9","254","16","383","258","254","-1","0","257","0","53","0","9.08668518066406","0.349999994039536","0.122824847698212","39","317","20460.0001214927","1023","20.0000001187612","7.26826112160965","-1.81842405905441","10"
"default_evolutive","10","4","5","0","0","0","0","2.89273190498352","0","13.8796033859253","159.130828857422","0","0","848.370666503906","0","0","0","29.7266941070557","636.392883300781","0","636.392883300781","134.335067749023","510.069885253906","0","0.00656574126332998","0.0189178567379713","0","0","172.212539672852","0","0.48715528845787","0.928888022899628","0","9","260","22","379","266","260","-1","0","265","0","59","0","21.1750106811523","0.400000005960464","0.122824847698212","22","334","20460.0002286554","1023","20.0000002235145","20.3079517577558","-0.867058923396574","10"
"default_evolutive","10","4","6","0","0","0","0","3.10138320922852","0","25.554141998291","78.0929260253906","0","0","678.787292480469","0","0","0","46.5566596984863","784.845336914063","0","784.845336914063","161.304794311523","507.596954345703","0","0.00788391008973122","0.0365397781133652","0","0","103.054412841797","0","1.04554116725922","0.7403564453125","0","9","266","28","375","275","266","-1","0","274","0","65","0","14.0314292907715","0.449999988079071","0.122824847698212","34","326","20459.9992231802","1023","19.9999992406454","12.4602595524004","-1.57116973837113","10"
"default_evolutive","10","4","7","0","0","0","0","2.74978518486023","0","35.014575958252","61.1564788818359","0","0","641.887329101563","0","0","0","56.0049591064453","922.226196289063","0","922.226196289063","184.204879760742","506.368133544922","0","0.00900317076593637","0.0516492426395416","0","0","95.6360549926758","0","1.57876169681549","0.689801573753357","0","9","272","34","371","283","272","-1","0","282","0","71","0","11.2300062179565","0.5","0.122824847698212","40","321","20460.0006541789","1023","20.000000639471","10.0387228124671","-1.19128340548948","10"
"default_evolutive","10","4","8","0","0","0","0","2.14104151725769","0","41.7342834472656","56.8846664428711","0","0","632.163635253906","0","0","0","59.622673034668","1051.12976074219","0","1051.12976074219","198.268600463867","505.841705322266","0","0.00969054736196995","0.0626711696386337","0","0","98.1072387695313","0","1.98050570487976","0.681796431541443","0","9","279","41","368","293","279","-1","0","292","0","78","0","9.59453201293945","0.550000011920929","0.122824847698212","47","322","20460.0001483881","1023","20.0000001450519","8.8950650832825","-0.699466929656957","10"
"default_evolutive","10","4","9","0","0","0","0","0.655695497989655","0","97.8159408569336","29.5413551330566","0","0","472.651611328125","0","0","0","117.265327453613","1310.32104492188","0","1310.32104492188","244.767456054688","501.462677001953","0","0.0119632184505463","0.153655230998993","0","0","126.996643066406","0","5.59669017791748","0.29410919547081","0","8","282","44","368","297","282","-1","0","296","0","81","0","5.10767555236816","0.566666662693024","0.122824847698212","67","316","20460.0005480558","1023","20.0000005357339","4.46542782939289","-0.642247722975275","10"
"default_evolutive","15","0","0","0","0","0","0","-1.57247221469879","0","10.4006614685059","81.4421081542969","0","0","510.400421142578","0","0","0","260.213592529297","58.9919891357422","0","58.9919891357422","89.9289474487305","509.424072265625","0","0.00439535407349467","0.015350516885519","0","0","91.3730239868164","0","0.356030583381653","-0.0759178921580315","0","9","118","3","389","202","202","-1","0","119","0","1","0","15.8827219009399","0.0166666675359011","0","17","388","20460.0007064344","1023","20.0000006905517","16.6385229456985","0.755801044758524","10"
"default_evolutive","15","0","1","0","0","0","0","-1.25777518749237","0","17.8363513946533","59.5683288574219","0","0","506.835327148438","0","0","0","279.747802734375","89.894889831543","0","89.894889831543","115.373062133789","507.587280273438","0","0.00563895702362061","0.0251478981226683","0","0","76.9461517333984","0","0.675464332103729","-0.0895148515701294","0","9","122","4","388","203","203","-1","0","123","0","2","0","11.6745319366455","0.0333333350718021","0","21","388","20460.0002536837","1023","20.0000002479802","12.9577061120639","1.28317417541837","10"
"default_evolutive","15","0","2","0","0","0","0","-1.13642966747284","0","29.3668174743652","44.075439453125","0","0","498.405426025391","0","0","0","349.294677734375","122.31175994873","0","122.31175994873","146.974090576172","505.527099609375","0","0.00718348426744342","0.0427228473126888","0","0","73.0058670043945","0","1.26085805892944","-0.0449812337756157","0","9","126","5","387","204","204","-1","0","127","0","3","0","8.84802055358887","0.0500000007450581","0","23","386","20460.0003430479","1023","20.0000003353352","9.67978047513423","0.831759921545361","10"
"default_evolutive","15","0","3","0","0","0","0","-0.39019188284874","0","82.0204925537109","22.6524524688721","0","0","462.380523681641","0","0","0","389.728118896484","329.188446044922","0","329.188446044922","242.652770996094","500.214080810547","0","0.0118598621338606","0.128293991088867","0","0","104.305099487305","0","4.54479360580444","-0.0199674740433693","0","9","136","7","385","206","206","-1","0","137","0","5","0","5.52608060836792","0.100000001490116","0","40","370","20459.9993033061","1023","19.9999993189698","5.30415799842207","-0.22192260994585","10"
"default_evolutive","15","0","4","0","0","0","0","0.353124976158142","0","142.944137573242","14.7346391677856","0","0","416.486938476563","0","0","0","452.474182128906","519.792175292969","0","519.792175292969","306.460540771484","497.1708984375","0","0.0149785205721855","0.2351925522089","0","0","157.366317749023","0","8.96280479431152","-0.0166388135403395","0","9","146","10","378","209","209","-1","0","147","0","8","0","4.66337633132935","0.150000005960464","0","60","349","20460.000658581","1023","20.0000006437742","3.65142199420353","-1.01195433712582","10"
"default_evolutive","15","0","5","0","0","0","0","0.862096846103668","0","202.943069458008","10.3747253417969","42.7537040710449","0","369.46923828125","0","0","0","493.185729980469","686.986938476563","0","686.986938476563","343.382415771484","494.930725097656","0","0.0167831089347601","0.33881214261055","0","0","255.802658081055","0","13.5358543395996","-0.0170208625495434","0","9","155","13","371","212","212","-1","0","156","0","11","0","4.24229049682617","0.200000002980232","0","76","329","20460.0004150776","1023","20.0000004057455","2.83931666031806","-1.40297383650811","10"
"default_evolutive","15","0","6","0","0","0","0","1.27222609519958","0","267.185882568359","6.87436532974243","57.9153137207031","0","314.807495117188","0","0","0","518.326110839844","876.565063476563","0","876.565063476563","373.545532226563","492.933197021484","0","0.0182573553174734","0.454346567392349","0","0","331.748413085938","0","18.8795146942139","-0.0105399955064058","0","9","163","15","363","214","214","-1","0","164","1","13","0","3.79866814613342","0.25","0","94","309","20460.0023240527","1023","20.0000022718013","2.30298019588908","-1.49568795024434","10"
"default_evolutive","15","0","7","0","0","0","0","1.42624580860138","0","311.577728271484","5.0416431427002","66.8415145874023","0","275.542816162109","0","0","0","547.216491699219","988.340209960938","0","988.340209960938","386.535003662109","490.935302734375","0","0.0188922304660082","0.540836036205292","0","0","383.250732421875","0","22.6910934448242","-0.0050129690207541","0","9","170","17","355","216","216","-1","0","171","1","15","0","3.47951579093933","0.300000011920929","0","111","298","20459.9983235215","1023","19.9999983612136","2.00183642157024","-1.47767936936909","10"
"default_evolutive","15","1","0","0","0","0","0","-0.21230648458004","0","1.13480710983276","197.703491210938","0","0","330.833984375","0","0","0","1169.95764160156","1.97026467323303","0","1.97026467323303","33.090934753418","328.145355224609","0","0.00161734770517796","0.00230512605048716","0","0","198.499404907227","0","0.0386989340186119","0.117307141423225","0","9","142","0","395","208","208","-1","0","143","1","7","0","45","0.0166666675359011","0.0307062119245529","9","395","20460.0004361937","1023","20.0000004263868","44.5579957001652","-0.442004299834835","10"
"default_evolutive","15","1","1","0","0","0","0","-0.692608892917633","0","14.8071966171265","68.8378067016602","0","0","509.245574951172","0","0","0","364.096710205078","58.271800994873","0","58.271800994873","105.454330444336","508.326995849609","0","0.00515417102724314","0.021216569468379","0","0","83.182258605957","0","0.547862350940704","0.104705102741718","0","9","146","1","394","209","209","-1","0","147","0","8","0","13.5065059661865","0.0333333350718021","0.0307062119245529","19","389","20459.998297872","1023","19.9999983361408","14.0596180128687","0.553112046682211","10"
"default_evolutive","15","1","2","0","0","0","0","-0.61803126335144","0","28.0829277038574","45.7934837341309","0","0","500.209503173828","0","0","0","312.235717773438","130.413604736328","0","130.413604736328","143.579605102539","505.751983642578","0","0.00701757567003369","0.0407197847962379","0","0","73.4363174438477","0","1.18584275245667","0.0759750530123711","0","9","149","2","393","210","210","-1","0","150","0","9","0","9.56921291351318","0.0500000007450581","0.0307062119245529","23","382","20460.0009823406","1023","20.0000009602548","9.92379648124068","0.354583567727493","10"
"default_evolutive","15","1","3","0","0","0","0","0.190230131149292","0","72.7973937988281","26.392505645752","0","0","470.993011474609","0","0","0","384.241912841797","284.126739501953","0","284.126739501953","223.341156005859","500.935211181641","0","0.0109159890562296","0.109173394739628","0","0","98.7994766235352","0","3.76080060005188","0.0449725016951561","0","9","157","4","391","212","212","-1","0","158","0","11","0","6.15480136871338","0.100000001490116","0.0307062119245529","30","357","20460.0018244249","1023","20.0000017834065","5.73845781217024","-0.416343556543139","10"
"default_evolutive","15","1","4","0","0","0","0","0.874351799488068","0","149.394561767578","15.9643287658691","0","0","414.463043212891","0","0","0","502.901184082031","466.859771728516","0","466.859771728516","297.826080322266","497.136871337891","0","0.0145565057173371","0.234784319996834","0","0","165.03581237793","0","9.1668643951416","0.0218150485306978","0","9","165","6","383","214","214","-1","0","166","0","13","0","4.70370817184448","0.150000005960464","0.0307062119245529","35","316","20459.9981688976","1023","19.9999982100661","3.55458809869342","-1.14912007315106","10"
"default_evolutive","15","1","5","0","0","0","0","1.19873440265656","0","210.690078735352","10.9102334976196","152.337814331055","0","363.183685302734","0","0","0","523.581176757813","650.520141601563","0","650.520141601563","334.286804199219","488.955200195313","0","0.0163385551422834","0.3406001329422","0","0","373.628997802734","0","13.8619108200073","0.0123964482918382","0","9","172","8","375","216","216","-1","0","173","0","15","0","4.04549646377563","0.200000002980232","0.0307062119245529","48","295","20459.9979183043","1023","19.9999979651068","2.7495283920153","-1.29596807176034","10"
"default_evolutive","15","1","6","0","0","0","0","1.42467296123505","0","245.292358398438","8.54401874542236","85.6817932128906","0","331.886932373047","0","0","0","540.620300292969","760.745849609375","0","760.745849609375","354.090423583984","489.721954345703","0","0.0173064712435007","0.411274671554565","0","0","339.235229492188","0","17.0188064575195","0.0132719576358795","0","9","178","10","367","218","218","-1","0","179","0","17","0","3.63568925857544","0.25","0.0307062119245529","59","285","20460.0012678471","1023","20.0000012393423","2.41172324710068","-1.22396601147476","10"
"default_evolutive","15","1","7","0","0","0","0","1.58882343769073","0","264.168273925781","8.14422416687012","85.1237487792969","0","317.247406005859","0","0","0","524.230285644531","842.075256347656","0","842.075256347656","356.678863525391","488.057189941406","0","0.0174329858273268","0.441441357135773","0","0","357.136199951172","0","18.3987770080566","0.0211425349116325","0","9","185","12","359","220","220","-1","0","186","0","19","0","3.3378381729126","0.300000011920929","0.0307062119245529","60","277","20459.9984797948","1023","19.9999985139734","2.2632594594881","-1.0745787134245","10"
"default_evolutive","15","1","8","0","0","0","0","1.42604899406433","0","353.605529785156","3.99390769004822","69.5847015380859","0","238.953323364258","0","0","0","550.706237792969","1137.43395996094","0","1137.43395996094","383.070373535156","489.91259765625","0","0.0187228936702013","0.62639194726944","0","0","426.981781005859","0","26.285774230957","0.00111211114563048","0","9","189","12","349","220","220","-1","0","190","2","19","0","3.03567719459534","0.349999994039536","0.0307062119245529","131","290","20459.998346561","1023","19.9999983837351","1.7128293875426","-1.32284780705274","10"
"default_evolutive","15","1","9","0","0","0","0","1.38301610946655","0","386.295257568359","57813.0078125","0","0","98229.65625","0","0","0","570.78271484375","1186.50402832031","0","1186.50402832031","9849.9638671875","65784.203125","0","0.481425434350967","0.677235960960388","0","0","58086.14453125","0","28.9670085906982","0.838477969169617","0","9","198","17","344","225","225","-1","0","199","0","24","0","45","0.400000005960464","0.0307062119245529","81","242","20459.998920636","1023","19.9999989449032","45.3055869909018","0.305586990901837","10"
"default_evolutive","15","2","0","0","0","0","0","-0.561868369579315","0","4.76696157455444","148.755523681641","0","0","544.485107421875","0","0","0","159.487197875977","46.6349868774414","0","46.6349868774414","66.8158874511719","511.473297119141","0","0.00326568330638111","0.00743768364191055","0","0","152.992294311523","0","0.157284766435623","0.34744855761528","0","9","164","0","399","214","214","-1","0","165","0","13","0","26.7968273162842","0.0333333350718021","0.0614124238491058","9","395","20460.002144303","1023","20.0000020960928","26.0447271347817","-0.752100181502506","10"
"default_evolutive","15","2","1","0","0","0","0","-0.489382475614548","0","5.74732685089111","127.695320129395","0","0","541.660095214844","0","0","0","158.66340637207","56.166877746582","0","56.166877746582","72.432861328125","511.147521972656","0","0.00354021857492626","0.0089116282761097","0","0","132.940490722656","0","0.191078260540962","0.335574388504028","0","9","167","1","398","215","215","-1","0","168","0","14","0","23.5883502960205","0.0500000007450581","0.0614124238491058","10","393","20459.9969733885","1023","19.9999970414355","23.4068953659196","-0.181454930100884","10"
"default_evolutive","15","2","2","0","0","0","0","0.465848743915558","0","40.3650321960449","37.6904487609863","0","0","496.915832519531","0","0","0","296.175811767578","196.527236938477","0","196.527236938477","171.738082885742","504.143280029297","0","0.00839384458959103","0.0582066141068935","0","0","77.6310272216797","0","1.81775724887848","0.146118700504303","0","9","174","3","396","217","217","-1","0","175","0","16","0","8.91107082366943","0.100000001490116","0.0614124238491058","24","361","20460.0026903893","1023","20.0000026299016","8.29140420578821","-0.619666617881226","10"
"default_evolutive","15","2","3","0","0","0","0","1.18156445026398","0","91.5966262817383","23.2888126373291","0","0","461.059326171875","0","0","0","353.947326660156","386.398712158203","0","386.398712158203","247.455947875977","499.618377685547","0","0.0120946215465665","0.136764794588089","0","0","114.506896972656","0","4.91984510421753","0.110907405614853","0","9","181","5","388","219","219","-1","0","182","0","18","0","6.48820495605469","0.150000005960464","0.0614124238491058","27","317","20459.9992586148","1023","19.9999992752833","5.07350751292033","-1.41469744313436","10"
"default_evolutive","15","2","4","0","0","0","0","1.53159260749817","0","130.073623657227","18.1275787353516","0","0","431.742340087891","0","0","0","406.337890625","493.5556640625","0","493.5556640625","285.756683349609","497.524169921875","0","0.0139666013419628","0.200550362467766","0","0","147.853210449219","0","7.64406442642212","0.0939017161726952","0","9","186","6","379","220","220","-1","0","187","0","19","0","5.41394329071045","0.200000002980232","0.0614124238491058","30","294","20460.0014243301","1023","20.000001392307","3.99338867712161","-1.42055461358884","10"
"default_evolutive","15","2","5","0","0","0","0","1.83891141414642","0","190.723693847656","13.5210609436035","182.949966430664","0","377.792053222656","0","0","0","435.03955078125","692.399047851563","0","692.399047851563","314.558654785156","482.878509521484","0","0.0153743233531713","0.301220953464508","0","0","386.771087646484","0","12.1697902679443","0.060583807528019","0","9","192","8","371","222","222","-1","0","193","0","21","0","4.07859945297241","0.25","0.0614124238491058","38","279","20459.9999336082","1023","19.9999999351008","2.92564873729626","-1.15295071567615","10"
"default_evolutive","15","2","6","0","0","0","0","1.95818877220154","0","210.351547241211","12.4506282806396","91.8194580078125","0","362.234893798828","0","0","0","440.957733154297","768.980895996094","0","768.980895996094","321.492767333984","487.495056152344","0","0.0157132335007191","0.339088082313538","0","0","314.240386962891","0","13.9376134872437","0.0560524240136147","0","9","200","12","365","226","226","-1","0","201","0","25","0","3.62991094589233","0.300000011920929","0.0614124238491058","43","276","20460.0006306323","1023","20.0000006164538","2.65601936267849","-0.973891583213843","10"
"default_evolutive","15","2","7","0","0","0","0","2.35427093505859","0","115.252052307129","20.4016036987305","0","0","447.898345947266","0","0","0","301.519561767578","577.973083496094","0","577.973083496094","273.989868164063","498.313201904297","0","0.013391487300396","0.174270197749138","0","0","135.28955078125","0","6.48212146759033","0.163902878761292","0","9","209","17","360","231","231","-1","0","210","0","30","0","5.74542284011841","0.349999994039536","0.0614124238491058","27","284","20460.0028374713","1023","20.0000027736767","4.40713828309233","-1.33828455702607","10"
"default_evolutive","15","2","8","0","0","0","0","1.79624342918396","0","279.508270263672","9.86099052429199","115.012519836426","0","304.583374023438","0","0","0","466.528839111328","998.425964355469","0","998.425964355469","326.214904785156","485.782562255859","0","0.0159440319985151","0.465794503688812","0","0","404.030120849609","0","19.5636768341064","0.0392606742680073","0","9","217","22","355","236","236","-1","0","218","0","35","0","2.66016936302185","0.400000005960464","0.0614124238491058","65","276","20460.0006331859","1023","20.0000006189501","1.96160370471673","-0.698565658305125","10"
"default_evolutive","15","2","9","0","0","0","0","1.64646148681641","0","282.040679931641","11.0550308227539","107.270248413086","0","302.994018554688","0","0","0","434.868713378906","1075.74829101563","0","1075.74829101563","301.434265136719","487.528686523438","0","0.0147328581660986","0.467809289693832","0","0","400.014190673828","0","19.8180103302002","0.0463014245033264","0","9","226","28","351","242","242","-1","0","227","0","41","0","2.28489470481873","0.449999988079071","0.0614124238491058","64","275","20459.9991215786","1023","19.999999141328","1.80473162636958","-0.480163078449147","10"
"default_evolutive","15","3","0","0","0","0","0","-1.65741145610809","0","1.15638911724091","271.255004882813","0","0","382.679748535156","0","0","0","19.3865928649902","117.38737487793","0","117.38737487793","39.4811325073242","274.438232421875","0","0.00192967418115586","0.00227574142627418","0","0","272.010894775391","0","0.038935974240303","0.770230412483215","0","9","186","0","400","220","220","-1","0","187","0","19","0","45","0.0833333358168602","0.0921186357736588","6","390","20459.9993578581","1023","19.9999993722953","57.9874666127411","12.9874666127411","10"
"default_evolutive","15","3","1","0","0","0","0","-1.65299797058105","0","0.928073167800903","224.483993530273","0","0","285.520263671875","0","0","0","13.4476137161255","117.474632263184","0","117.474632263184","30.2343254089355","199.889297485352","0","0.00147772859781981","0.00157975347246975","0","0","225.065765380859","0","0.0254111886024475","0.794082880020142","0","9","187","0","399","220","220","-1","0","188","0","19","0","45","0.100000001490116","0.0921186357736588","4","389","20459.9988479226","1023","19.9999988738247","69.2956538615774","24.2956538615774","10"
"default_evolutive","15","3","2","0","0","0","0","1.55073249340057","0","25.566478729248","51.7930717468262","0","0","521.81640625","0","0","0","129.412109375","274.711669921875","0","274.711669921875","139.606201171875","506.359130859375","0","0.00682337209582329","0.035551019012928","0","0","76.8991394042969","0","0.996848464012146","0.283636093139648","0","9","194","3","392","223","223","-1","0","195","0","22","0","12.1304473876953","0.150000005960464","0.0921186357736588","15","353","20460.0011858258","1023","20.000001159165","11.0655457693629","-1.06490161833245","10"
"default_evolutive","15","3","3","0","0","0","0","2.19815444946289","0","65.0321273803711","28.8556804656982","0","0","485.104064941406","0","0","0","216.065246582031","435.790557861328","0","435.790557861328","215.028945922852","501.510070800781","0","0.0105097237974405","0.0941591933369637","0","0","93.4785079956055","0","3.17278814315796","0.186351343989372","0","9","203","8","387","228","228","-1","0","204","0","27","0","8.1400899887085","0.200000002980232","0.0921186357736588","24","322","20459.9997171399","1023","19.9999997234994","6.40851060500112","-1.73157938370737","10"
"default_evolutive","15","3","4","0","0","0","0","2.46437573432922","0","96.2042007446289","22.1248073577881","0","0","460.959991455078","0","0","0","258.283660888672","555.429809570313","0","555.429809570313","256.422821044922","499.169067382813","0","0.0125328842550516","0.14345845580101","0","0","117.950347900391","0","5.19376039505005","0.157517462968826","0","9","212","13","382","233","233","-1","0","213","0","32","0","6.65861320495605","0.25","0.0921186357736588","32","306","20460.0007329969","1023","20.0000007165171","5.0118900292981","-1.64672317565795","10"
"default_evolutive","15","3","5","0","0","0","0","2.56160235404968","0","122.205078125","18.947208404541","0","0","440.423095703125","0","0","0","279.666412353516","671.981323242188","0","671.981323242188","281.174560546875","497.855529785156","0","0.0137426443397999","0.18793061375618","0","0","140.795623779297","0","7.05958700180054","0.143891528248787","0","9","220","18","377","238","238","-1","0","221","0","37","0","5.62029552459717","0.300000011920929","0.0921186357736588","40","296","20460.004173474","1023","20.0000040796423","4.19356372746917","-1.426731797128","10"
"default_evolutive","15","3","6","0","0","0","0","2.6710991859436","0","111.55126953125","21.4676303863525","0","0","451.226440429688","0","0","0","237.618881225586","712.133666992188","0","712.133666992188","268.569000244141","498.6669921875","0","0.0131265381351113","0.169216394424438","0","0","132.651580810547","0","6.26860380172729","0.176512777805328","0","9","228","23","372","243","243","-1","0","229","0","42","0","5.7411584854126","0.349999994039536","0.0921186357736588","37","293","20460.0022854284","1023","20.0000022340453","4.44904600915985","-1.29211247625275","10"
"default_evolutive","15","3","7","0","0","0","0","2.82670283317566","0","96.7301406860352","24.8619194030762","0","0","466.19384765625","0","0","0","199.43244934082","722.873962402344","0","722.873962402344","252.042633056641","499.772583007813","0","0.0123187974095345","0.144164532423019","0","0","121.211486816406","0","5.22415733337402","0.217107161879539","0","9","237","29","368","249","249","-1","0","238","0","48","0","6.11557912826538","0.400000005960464","0.0921186357736588","38","295","20460.0030893897","1023","20.0000030199313","4.90187769003874","-1.21370143822664","10"
"default_evolutive","15","3","8","0","0","0","0","3.02637624740601","0","55.7464065551758","36.3858032226563","0","0","511.495941162109","0","0","0","120.722213745117","670.874145507813","0","670.874145507813","201.406478881836","503.039916992188","0","0.0098439147695899","0.0809894055128098","0","0","91.7021636962891","0","2.64723777770996","0.336880177259445","0","9","246","36","365","256","256","-1","0","247","0","55","0","8.20389747619629","0.449999988079071","0.0921186357736588","36","304","20459.9982421655","1023","19.9999982816867","6.98131771238859","-1.2225797638077","10"
"default_evolutive","15","3","9","0","0","0","0","0.772124707698822","0","294.002197265625","12.3466186523438","96.5955200195313","0","293.728118896484","0","0","0","387.274749755859","1271.30285644531","0","1271.30285644531","255.140441894531","491.550109863281","0","0.0124702081084251","0.492343485355377","0","0","402.618988037109","0","20.9465770721436","0.050468448549509","0","9","255","42","361","262","262","-1","0","256","0","61","0","1.71947467327118","0.5","0.0921186357736588","83","289","20459.9987166335","1023","19.9999987454873","1.45135807857986","-0.268116594691314","10"
"default_evolutive","15","4","0","0","0","0","0","-13.918173789978","0","0.570156514644623","179.912002563477","2.10114407539368","0","144.005157470703","0","0","0","1.97799646854401","310.763732910156","0","310.763732910156","17.8126792907715","85.3276062011719","0","0.000870610005222261","0.000614689546637237","0","0","181.970642089844","0","0.00751312263309956","0.92889016866684","0","9","222","1","398","239","239","-1","0","223","0","38","0","45","0.200000002980232","0.122824847698212","9","388","20459.9983734669","1023","19.9999984100361","NaN","NaN","10"
"default_evolutive","15","4","1","0","0","0","0","2.22701120376587","0","15.1162767410278","80.2512054443359","0","0","568.126281738281","0","0","0","47.0219383239746","431.91357421875","0","431.91357421875","113.093147277832","508.707977294922","0","0.00552752427756786","0.0203094128519297","0","0","94.861083984375","0","0.528022110462189","0.468741059303284","0","9","231","7","394","245","245","-1","0","232","0","44","0","16.395357131958","0.25","0.122824847698212","27","356","20460.0001010929","1023","20.0000000988201","15.7931750991467","-0.602182032811298","10"
"default_evolutive","15","4","2","0","0","0","0","2.97881603240967","0","31.3317108154297","48.8131370544434","0","0","532.833251953125","0","0","0","77.2083129882813","557.959106445313","0","557.959106445313","155.660751342773","505.59521484375","0","0.00760805141180754","0.0430790781974792","0","0","79.6765975952148","0","1.26579880714417","0.364190816879272","0","9","240","13","390","251","251","-1","0","241","0","50","0","11.9510011672974","0.300000011920929","0.122824847698212","34","338","20460.0025574474","1023","20.0000024999486","10.1721676666526","-1.77883350064473","10"
"default_evolutive","15","4","3","0","0","0","0","3.0202910900116","0","55.684684753418","33.7302665710449","0","0","504.241455078125","0","0","0","114.93675994873","687.815063476563","0","687.815063476563","202.155487060547","502.582214355469","0","0.00988052226603031","0.0790552347898483","0","0","88.9839630126953","0","2.57649421691895","0.28972664475441","0","9","249","20","387","258","258","-1","0","250","0","57","0","8.89624691009521","0.349999994039536","0.122824847698212","43","322","20460.0001515676","1023","20.0000001481599","7.17974618637347","-1.71650072372174","10"
"default_evolutive","15","4","4","0","0","0","0","2.4136643409729","0","13.1183042526245","112.813323974609","0","0","653.004821777344","0","0","0","29.0821762084961","611.2744140625","0","611.2744140625","113.383964538574","509.590209960938","0","0.00554173812270164","0.0177771896123886","0","0","125.337432861328","0","0.451148986816406","0.679266393184662","0","9","259","27","384","265","265","-1","0","260","0","64","0","18.4396324157715","0.400000005960464","0.122824847698212","27","341","20460.0004598013","1023","20.0000004494637","18.1637045472609","-0.275927868510621","10"
"default_evolutive","15","4","5","0","0","0","0","2.7268431186676","0","19.7480583190918","79.4007110595703","0","0","613.309265136719","0","0","0","38.0899658203125","707.117614746094","0","707.117614746094","133.01969909668","508.052368164063","0","0.0065014511346817","0.0269340854138136","0","0","98.5951538085938","0","0.737196087837219","0.605079114437103","0","9","268","34","381","272","272","-1","0","269","0","71","0","14.7731084823608","0.449999988079071","0.122824847698212","34","335","20460.0013660169","1023","20.0000013353049","13.9682259107002","-0.804882571660595","10"
"default_evolutive","15","4","6","0","0","0","0","2.49660921096802","0","29.0437278747559","59.6078720092773","0","0","580.182250976563","0","0","0","48.1711044311523","840.272583007813","0","840.272583007813","156.092071533203","506.473815917969","0","0.00762913282960653","0.0404768586158752","0","0","88.1430053710938","0","1.19847726821899","0.535376608371735","0","9","278","42","379","280","280","-1","0","279","0","79","0","11.5333671569824","0.5","0.122824847698212","42","331","20460.0018140271","1023","20.0000017732425","10.8641706655878","-0.669196491394596","10"
"default_evolutive","15","4","7","0","0","0","0","1.52980697154999","0","46.8846855163574","42.9623069763184","0","0","532.751525878906","0","0","0","66.7619400024414","1022.09289550781","0","1022.09289550781","187.766067504883","504.305908203125","0","0.00917722657322884","0.0682369098067284","0","0","89.4012756347656","0","2.18452787399292","0.412704855203629","0","9","288","50","377","291","288","-1","0","290","0","87","0","8.37286853790283","0.550000011920929","0.122824847698212","58","330","20460.0012876026","1023","20.0000012586536","7.72916846964472","-0.643700068258111","10"
"default_evolutive","15","4","8","0","0","0","0","-0.882952690124512","0","112.302207946777","27.5368671417236","211.977600097656","0","443.148468017578","0","0","0","127.779853820801","1338.57434082031","0","1338.57434082031","239.480926513672","475.474243164063","0","0.0117048360407352","0.171042829751968","0","0","350.975891113281","0","6.47745180130005","0.239276453852654","0","9","298","60","377","305","298","-1","0","304","0","97","0","4.5325174331665","0.600000023841858","0.122824847698212","83","327","20459.998387011","1023","19.9999984232757","3.92394247591679","-0.608574957249711","10"
"default_evolutive","2","0","0","0","0","0","0","-1.57538712024689","0","12.1591329574585","73.6273880004883","0","0","508.017364501953","0","0","0","356.389404296875","48.5481300354004","0","48.5481300354004","96.5627365112305","508.933898925781","0","0.00471958611160517","0.0173020381480455","0","0","85.3232345581055","0","0.422876328229904","-0.00347785698249936","0","9","194","2","388","201","201","-1","0","195","0","0","0","14.4817361831665","0.0166666675359011","0","16","386","20460.000989025","1023","20.0000009667889","15.8295395192967","1.34780333613016","10"
"default_evolutive","2","0","1","0","0","0","0","-1.57538712024689","0","16.0178241729736","62.6133918762207","0","0","506.005340576172","0","0","0","467.997619628906","48.5481300354004","0","48.5481300354004","109.889625549316","507.995849609375","0","0.00537094939500093","0.0227204076945782","0","0","78.175178527832","0","0.596446871757507","-0.0282515715807676","0","9","194","2","386","201","201","-1","0","195","0","0","0","12.3614206314087","0.0333333350718021","0","18","386","20460.0001727064","1023","20.0000001688235","13.6737591378893","1.31233850648063","10"
"default_evolutive","2","0","2","0","0","0","0","-1.47961568832397","0","35.142520904541","39.2408752441406","0","0","494.443359375","0","0","0","350.804840087891","145.624053955078","0","145.624053955078","160.764236450195","504.657531738281","0","0.00785748939961195","0.0510856211185455","0","0","73.9556198120117","0","1.57452046871185","-0.0224616136401892","0","9","194","2","384","201","201","-1","0","195","0","0","0","8.04256057739258","0.0500000007450581","0","21","383","20460.0004243257","1023","20.0000004147856","8.84779772986242","0.805237152469839","10"
"default_evolutive","2","0","3","0","0","0","0","-0.353552937507629","0","78.7347030639648","23.060188293457","0","0","465.116668701172","0","0","0","356.94140625","339.497924804688","0","339.497924804688","238.91552734375","500.321319580078","0","0.0116771999746561","0.121180862188339","0","0","101.421592712402","0","4.26858997344971","-0.00346422428265214","0","9","195","3","381","202","202","-1","0","196","0","1","0","5.59949541091919","0.100000001490116","0","36","369","20460.0013583981","1023","20.0000013278574","5.52970176565878","-0.0697936452604093","10"
"default_evolutive","2","0","4","0","0","0","0","0.0762347728013992","0","133.016006469727","15.4259366989136","0","0","424.400207519531","0","0","0","437.924865722656","487.493927001953","0","487.493927001953","300.480560302734","497.381591796875","0","0.0146862445399165","0.213485717773438","0","0","148.12077331543","0","8.17921352386475","-0.00287710013799369","0","9","196","3","371","202","202","-1","0","197","0","1","0","4.75148630142212","0.150000005960464","0","54","351","20459.9997968196","1023","19.9999998013877","3.94464307519161","-0.80684322623051","10"
"default_evolutive","2","0","5","0","0","0","0","0.482335269451141","0","189.975708007813","11.1203556060791","0","0","378.308410644531","0","0","0","467.094360351563","682.59716796875","0","682.59716796875","338.317993164063","495.931030273438","0","0.0165355820208788","0.318837285041809","0","0","200.822204589844","0","12.6996879577637","-0.00237221014685929","0","9","196","3","361","202","202","-1","0","197","0","1","0","4.38209629058838","0.200000002980232","0","72","332","20459.9990938863","1023","19.9999991142583","2.97281504589955","-1.40928124468883","10"
"default_evolutive","2","0","6","0","0","0","0","0.730255246162415","0","252.961730957031","7.77706861495972","0","0","323.403228759766","0","0","0","494.545135498047","882.248779296875","0","882.248779296875","358.623901367188","495.511444091797","0","0.0175280533730984","0.436311841011047","0","0","260.513275146484","0","18.1498432159424","-0.00294463662430644","0","9","198","4","352","203","203","-1","0","199","0","2","0","3.96163487434387","0.25","0","94","315","20459.9959695236","1023","19.9999960601404","2.30237576498851","-1.65925910935537","10"
"default_evolutive","2","0","7","0","0","0","0","0.758460819721222","0","303.941864013672","5.66260576248169","0","0","274.608520507813","0","0","0","528.197326660156","1029.27856445313","0","1029.27856445313","360.0859375","495.924041748047","0","0.0175995081663132","0.543662190437317","0","0","309.417816162109","0","23.0324897766113","-0.00244790315628052","0","9","198","4","342","203","203","-1","0","199","0","2","0","3.54604959487915","0.300000011920929","0","111","297","20460.0000237071","1023","20.0000000231741","1.85511107949027","-1.69093851538888","10"
"default_evolutive","2","0","8","0","0","0","0","0.64056122303009","0","363.489227294922","3.76642799377441","29.5097541809082","0","221.314224243164","0","0","0","540.174133300781","1225.40112304688","0","1225.40112304688","354.807891845703","496.164123535156","0","0.0173415392637253","0.661930024623871","0","0","396.617492675781","0","28.3564605712891","-0.0119823189452291","0","9","199","5","333","204","204","-1","0","200","0","3","0","2.93296027183533","0.349999994039536","0","134","281","20459.9999140724","1023","19.9999999160043","1.50123233799513","-1.4317279338402","10"
"default_evolutive","2","0","9","0","0","0","0","0.280350178480148","0","410.604766845703","2.46541976928711","29.9810485839844","0","179.563568115234","0","0","0","534.352966308594","1428.32141113281","0","1428.32141113281","352.332153320313","495.837860107422","0","0.0172205343842506","0.763227760791779","0","0","442.927215576172","0","32.4995880126953","-0.00902016367763281","0","9","200","5","323","204","204","-1","0","201","1","3","0","2.26291394233704","0.400000005960464","0","146","258","20460.001150867","1023","20.0000011249922","1.29286131535391","-0.970052626983124","10"
"default_evolutive","2","0","10","0","0","0","0","-0.434674501419067","0","467.428100585938","1.48194468021393","13.4885082244873","0","143.122512817383","0","0","0","525.274291992188","1674.54028320313","0","1674.54028320313","319.983612060547","498.834045410156","0","0.0156394746154547","0.879592895507813","0","0","482.305297851563","0","36.2821884155273","-0.0200938731431961","0","8","200","5","313","204","204","-1","0","201","2","3","0","1.08709108829498","0.449999988079071","0","170","235","20459.9975336988","1023","19.9999975891483","1.01879295244798","-0.0682981358470001","10"
"default_evolutive","2","0","11","0","0","0","0","-0.604474365711212","0","479.609710693359","1.34227383136749","-34.6013679504395","0","137.663284301758","0","0","0","530.444458007813","1723.86926269531","0","1723.86926269531","295.361877441406","501.484405517578","0","0.0144360642880201","0.91441684961319","0","0","515.46337890625","0","36.9862098693848","-0.0671000629663467","0","7","201","6","311","205","205","-1","0","202","2","4","0","0.746366262435913","0.466666668653488","0","175","223","20460.0001460588","1023","20.000000142775","0.904576371469378","0.158210109033465","10"
"default_evolutive","2","0","12","0","0","0","0","-1.21837055683136","0","497.035003662109","1.05932509899139","0","0","140.664031982422","0","0","0","507.115844726563","1871.88342285156","0","1871.88342285156","219.012588500977","505.059997558594","0","0.0107044279575348","0.949261724948883","0","0","498.005065917969","0","37.1243324279785","-0.203722089529037","0","5","201","6","308","205","205","-1","0","202","3","4","0","0.0342689044773579","0.483333349227905","0","186","211","20459.9992984039","1023","19.9999993141778","0.646114254153568","0.61184534967621","10"
"default_evolutive","2","1","0","0","0","0","0","-1.12587928771973","0","1.27893149852753","223.36279296875","0","0","363.143218994141","0","0","0","120.256217956543","21.4283123016357","0","21.4283123016357","36.347110748291","350.109680175781","0","0.00177649618126452","0.00257688784040511","0","0","224.248916625977","0","0.0428812354803085","0.263917356729507","0","9","207","0","395","209","208","-1","0","208","1","7","0","45","0.0166666675359011","0.0307062119245529","10","395","20459.999369331","1023","19.9999993835103","43.5823173605281","-1.41768263947195","10"
"default_evolutive","2","1","1","0","0","0","0","-1.28502905368805","0","14.5788631439209","69.7407531738281","0","0","513.979736328125","0","0","0","209.354248046875","101.342910766602","0","101.342910766602","105.510879516602","508.414947509766","0","0.00515693426132202","0.021216569468379","0","0","83.8539505004883","0","0.543592572212219","0.170313313603401","0","9","207","0","393","209","208","-1","0","208","0","7","0","13.2906179428101","0.0333333350718021","0.0307062119245529","18","388","20460.0008784198","1023","20.0000008586704","14.0673122184389","0.776694275628845","10"
"default_evolutive","2","1","2","0","0","0","0","-1.15216910839081","0","29.0608367919922","44.5790023803711","0","0","500.911071777344","0","0","0","269.608917236328","151.281036376953","0","151.281036376953","146.71826171875","505.594329833984","0","0.00717098079621792","0.0407867133617401","0","0","73.2012481689453","0","1.23199605941772","0.103616274893284","0","9","207","0","391","209","208","-1","0","208","0","7","0","9.09267997741699","0.0500000007450581","0.0307062119245529","22","382","20459.9992508879","1023","19.9999992677301","10.1261812343189","1.03350125690187","10"
"default_evolutive","2","1","3","0","0","0","0","-0.398627817630768","0","73.9195556640625","24.7806663513184","0","0","469.569152832031","0","0","0","369.350738525391","301.055847167969","0","301.055847167969","230.171585083008","500.825561523438","0","0.0112498328089714","0.11119519919157","0","0","98.3201293945313","0","3.93605136871338","0.0607397258281708","0","9","207","0","387","209","208","-1","0","208","0","7","0","5.90837001800537","0.100000001490116","0.0307062119245529","27","357","20460.0005165813","1023","20.000000504967","5.80665933557896","-0.101710682426408","10"
"default_evolutive","2","1","4","0","0","0","0","0.450349628925323","0","132.941345214844","16.3175678253174","0","0","425.564300537109","0","0","0","386.953643798828","549.046630859375","0","549.046630859375","293.687316894531","497.759887695313","0","0.0143542196601629","0.212455600500107","0","0","148.934127807617","0","8.11731052398682","0.0408734753727913","0","9","209","1","378","212","209","-1","0","211","0","8","0","4.9000244140625","0.150000005960464","0.0307062119245529","33","325","20459.9987911288","1023","19.9999988183078","3.87404815951355","-1.02597625454895","10"
"default_evolutive","2","1","5","0","0","0","0","0.808279752731323","0","193.565689086914","11.0638704299927","0","0","374.976623535156","0","0","0","430.725494384766","747.636840820313","0","747.636840820313","337.672332763672","495.946716308594","0","0.0165040250867605","0.322026252746582","0","0","204.356292724609","0","13.0442447662354","0.0252241957932711","0","9","209","1","368","212","209","-1","0","211","0","8","0","4.31809520721436","0.200000002980232","0.0307062119245529","46","301","20459.9987571851","1023","19.9999987851272","2.93772771259988","-1.38036749461447","10"
"default_evolutive","2","1","6","0","0","0","0","0.933418571949005","0","247.352508544922","7.76491498947144","0","0","327.874908447266","0","0","0","473.611572265625","896.581481933594","0","896.581481933594","365.846710205078","494.976837158203","0","0.0178810730576515","0.424631357192993","0","0","254.886672973633","0","17.6892738342285","0.0268638245761395","0","9","209","1","358","212","209","-1","0","211","0","8","0","3.88453769683838","0.25","0.0307062119245529","60","283","20459.9975082887","1023","19.9999975643096","2.4134181444632","-1.47111955237518","10"
"default_evolutive","2","1","7","0","0","0","0","0.978818953037262","0","289.40234375","5.74340391159058","0","0","289.858520507813","0","0","0","485.137359619141","1040.83068847656","0","1040.83068847656","379.953277587891","494.684112548828","0","0.0185705404728651","0.504945874214172","0","0","294.946350097656","0","21.4864807128906","0.0495408587157726","0","9","210","2","349","214","210","-1","0","213","0","9","0","3.43325972557068","0.300000011920929","0.0307062119245529","68","267","20460.0010507541","1023","20.0000010271301","2.10765885665374","-1.32560086891694","10"
"default_evolutive","2","1","8","0","0","0","0","0.796644508838654","0","329.408874511719","4.39703273773193","0","0","254.797698974609","0","0","0","477.035400390625","1238.13781738281","0","1238.13781738281","379.041900634766","495.268218994141","0","0.0185259971767664","0.590635597705841","0","0","333.634643554688","0","25.0502853393555","0.0776502266526222","0","8","210","2","339","214","210","-1","0","213","0","9","0","2.86751532554626","0.349999994039536","0.0307062119245529","74","250","20459.9999135337","1023","19.9999999154777","1.7974460609644","-1.07006926458186","10"
"default_evolutive","2","1","9","0","0","0","0","0.405245035886765","0","364.692932128906","3.59212970733643","24.9944553375244","0","224.059310913086","0","0","0","466.241607666016","1435.39404296875","0","1435.39404296875","356.845520019531","495.883270263672","0","0.0174411330372095","0.669240415096283","0","0","393.125549316406","0","28.259183883667","0.131183311343193","0","7","210","2","329","214","210","-1","0","213","0","9","0","2.13056874275208","0.400000005960464","0.0307062119245529","71","231","20459.9964496701","1023","19.9999965294918","1.49335937612891","-0.63720936662317","10"
"default_evolutive","2","1","10","0","0","0","0","-0.189858958125114","0","391.046081542969","3.18697118759155","24.0044498443604","0","207.134155273438","0","0","0","441.241271972656","1632.70727539063","0","1632.70727539063","320.095397949219","498.822326660156","0","0.0156449358910322","0.72041779756546","0","0","418.101654052734","0","30.2188453674316","0.175920039415359","0","6","210","2","326","214","210","-1","0","213","0","9","0","1.56080651283264","0.416666686534882","0.0307062119245529","70","222","20460.0006148123","1023","20.0000006009896","1.24436018338448","-0.316446329448163","10"
"default_evolutive","2","2","0","0","0","0","0","-1.11128532886505","0","6.22298717498779","139.44319152832","0","0","580.638000488281","0","0","0","104.798805236816","85.0355682373047","0","85.0355682373047","76.6689605712891","511.022552490234","0","0.00374726112931967","0.00891162641346455","0","0","145.10205078125","0","0.20190554857254","0.493793427944183","0","9","214","0","397","222","214","-1","0","221","0","13","0","23.625171661377","0.0500000007450581","0.0614124238491058","9","392","20459.9994303596","1023","19.9999994431668","24.8656088180472","1.24043715667022","10"
"default_evolutive","2","2","1","0","0","0","0","-0.0514441318809986","0","44.4640960693359","36.2587509155273","0","0","501.6328125","0","0","0","235.99250793457","273.659790039063","0","273.659790039063","182.473266601563","503.846069335938","0","0.00891853682696819","0.0645816624164581","0","0","80.3020172119141","0","2.08073902130127","0.226390242576599","0","9","214","0","393","223","214","-1","0","222","0","13","0","8.28246688842773","0.100000001490116","0.0614124238491058","20","352","20460.0003500342","1023","20.0000003421645","7.93774572681883","-0.3447211616089","10"
"default_evolutive","2","2","2","0","0","0","0","0.738275468349457","0","85.7218627929688","24.2918529510498","0","0","469.095092773438","0","0","0","282.018157958984","471.406951904297","0","471.406951904297","245.958404541016","500.566955566406","0","0.0120214289054275","0.132945328950882","0","0","109.64306640625","0","4.80076360702515","0.198366820812225","0","9","215","1","384","224","215","-1","0","223","0","14","0","6.5005054473877","0.150000005960464","0.0614124238491058","23","315","20459.9974325822","1023","19.9999974903052","5.18799185582453","-1.31251359156317","10"
"default_evolutive","2","2","3","0","0","0","0","1.29807782173157","0","154.600616455078","14.5107889175415","0","0","406.978424072266","0","0","0","342.092864990234","749.305908203125","0","749.305908203125","312.625030517578","497.223358154297","0","0.0152798155322671","0.256332218647003","0","0","168.805923461914","0","10.1795768737793","0.115977376699448","0","9","215","1","374","225","215","-1","0","224","0","14","0","4.77225112915039","0.200000002980232","0.0614124238491058","31","287","20460.0003093881","1023","20.0000003024322","3.41739438394454","-1.35485674520585","10"
"default_evolutive","2","2","4","0","0","0","0","1.40049839019775","0","188.958374023438","11.2742471694946","0","0","378.680419921875","0","0","0","356.962615966797","889.413330078125","0","889.413330078125","341.714477539063","496.091583251953","0","0.016701590269804","0.317487329244614","0","0","199.956207275391","0","13.0056409835815","0.133375912904739","0","9","215","1","364","225","215","-1","0","224","0","14","0","4.1855640411377","0.25","0.0614124238491058","32","271","20459.9964445824","1023","19.9999965245185","3.01546712641092","-1.17009691472677","10"
"default_evolutive","2","2","5","0","0","0","0","1.48568689823151","0","207.267593383789","9.92551803588867","0","0","361.716064453125","0","0","0","358.255035400391","990.255126953125","0","990.255126953125","353.161804199219","495.712921142578","0","0.0172610841691494","0.354763865470886","0","0","216.933364868164","0","14.6118478775024","0.122430093586445","0","8","216","2","355","226","216","-1","0","225","0","15","0","3.7969388961792","0.300000011920929","0.0614124238491058","33","262","20460.0012802453","1023","20.0000012514617","2.78883487808869","-1.00810401809051","10"
"default_evolutive","2","2","6","0","0","0","0","1.27659320831299","0","230.830444335938","8.43082427978516","0","0","342.976165771484","0","0","0","332.121826171875","1215.34777832031","0","1215.34777832031","369.288299560547","495.447570800781","0","0.018049281090498","0.403643518686295","0","0","239.022811889648","0","16.6129703521729","0.156335160136223","0","7","216","2","345","227","216","-1","0","226","0","15","0","3.15320897102356","0.349999994039536","0.0614124238491058","32","248","20460.000468105","1023","20.0000004575806","2.56288658534944","-0.590322385674121","10"
"default_evolutive","2","2","7","0","0","0","0","0.775125324726105","0","258.852172851563","7.23363924026489","0","0","321.404968261719","0","0","0","317.126190185547","1448.87829589844","0","1448.87829589844","381.022064208984","495.523559570313","0","0.0186227783560753","0.459477245807648","0","0","265.869689941406","0","19.0312957763672","0.20672020316124","0","6","217","3","336","228","217","-1","0","227","0","16","0","2.51897549629211","0.400000005960464","0.0614124238491058","32","237","20460.0010226017","1023","20.0000009996106","2.32285480911847","-0.196120687173648","10"
"default_evolutive","2","3","0","0","0","0","0","-1.27064502239227","0","1.32093334197998","235.032104492188","0","0","355.724578857422","0","0","0","13.1767578125","172.708755493164","0","172.708755493164","36.0385208129883","184.667068481445","0","0.00176141352858394","0.00227574142627418","0","0","235.925765991211","0","0.0381205156445503","1.0245668888092","0","9","220","0","400","237","220","-1","0","236","0","19","0","45","0.0833333358168602","0.0921186357736588","6","390","20460.0000103103","1023","20.0000000100785","50.7140454186282","5.71404541862824","10"
"default_evolutive","2","3","1","0","0","0","0","-2.21924567222595","0","0.839038372039795","184.02099609375","0","0","262.932067871094","0","0","0","9.61956882476807","164.222915649414","0","164.222915649414","26.9200668334961","130.074417114258","0","0.00131574121769518","0.00157975347246975","0","0","184.57356262207","0","0.0249879267066717","1.05303800106049","0","9","220","0","399","237","220","-1","0","236","0","19","0","45","0.100000001490116","0.0921186357736588","4","389","20460.0011548265","1023","20.0000011288626","56.3954686382261","11.3954686382261","10"
"default_evolutive","2","3","2","0","0","0","0","1.21272730827332","0","36.1450080871582","44.858959197998","0","0","539.416442871094","0","0","0","129.818283081055","400.339172363281","0","400.339172363281","171.208908081055","505.195617675781","0","0.00836798176169395","0.0519713461399078","0","0","80.547607421875","0","1.59739410877228","0.411631256341934","0","9","220","0","389","238","220","-1","0","237","0","19","0","10.3662357330322","0.150000005960464","0.0921186357736588","14","340","20460.000147801","1023","20.000000144478","9.26560960060254","-1.10062613242969","10"
"default_evolutive","2","3","3","0","0","0","0","1.69489908218384","0","68.1971817016602","29.4654750823975","0","0","507.383087158203","0","0","0","184.668380737305","569.139526367188","0","569.139526367188","232.506652832031","502.109527587891","0","0.0113639626652002","0.105102077126503","0","0","97.2606964111328","0","3.62173461914063","0.372974365949631","0","9","220","0","379","238","220","-1","0","237","0","19","0","7.91038608551025","0.200000002980232","0.0921186357736588","15","304","20459.9979498379","1023","19.9999979959315","6.20713207682593","-1.70325400868432","10"
"default_evolutive","2","3","4","0","0","0","0","1.96357119083405","0","92.7912292480469","23.1382637023926","0","0","484.069610595703","0","0","0","202.040832519531","734.402893066406","0","734.402893066406","269.253234863281","500.463500976563","0","0.0131599828600883","0.148379370570183","0","0","115.560684204102","0","5.42860889434814","0.35702720284462","0","9","220","0","369","239","220","-1","0","238","0","19","0","6.71103858947754","0.25","0.0921186357736588","17","286","20459.9989016607","1023","19.9999989263545","5.08833211273519","-1.62270647674235","10"
"default_evolutive","2","3","5","0","0","0","0","2.22682619094849","0","121.414093017578","18.3335552215576","0","0","453.873779296875","0","0","0","208.297164916992","968.220336914063","0","968.220336914063","300.954925537109","499.001861572266","0","0.0147094298154116","0.201677545905113","0","0","139.413101196289","0","7.6374363899231","0.321308732032776","0","8","221","1","360","240","221","-1","0","239","0","20","0","5.49459600448608","0.300000011920929","0.0921186357736588","22","272","20459.9994230768","1023","19.9999994360477","4.18260361024299","-1.3119923942431","10"
"default_evolutive","2","3","6","0","0","0","0","2.06900930404663","0","145.221786499023","15.7783203125","0","0","443.05859375","0","0","0","215.483200073242","1128.09155273438","0","1128.09155273438","329.768157958984","498.227966308594","0","0.016117699444294","0.243084788322449","0","0","160.682281494141","0","9.5053825378418","0.379634618759155","0","8","222","2","351","242","222","-1","0","241","0","21","0","4.76127004623413","0.349999994039536","0.0921186357736588","24","263","20460.0016955726","1023","20.0000016574512","3.80177712381177","-0.959492922422357","10"
"default_evolutive","2","3","7","0","0","0","0","0.918527245521545","0","159.294998168945","14.4304876327515","0","0","446.546997070313","0","0","0","184.314041137695","1525.005859375","0","1525.005859375","356.410491943359","498.202026367188","0","0.0174198672175407","0.281079977750778","0","0","173.416946411133","0","10.9519176483154","0.475625485181808","0","6","223","3","342","244","223","-1","0","243","0","22","0","4.27934217453003","0.400000005960464","0.0921186357736588","20","249","20460.0004978497","1023","20.0000004866566","3.55316964336791","-0.726172531162119","10"
"default_evolutive","2","4","0","0","0","0","0","-0.54282557964325","0","1.35576403141022","232.377014160156","0","0","343.539001464844","0","0","0","5.32216548919678","394.52294921875","0","394.52294921875","34.9706115722656","121.105644226074","0","0.00170921860262752","0.00209971633739769","0","0","233.292953491211","0","0.0345373786985874","1.2105165719986","0","9","238","0","397","270","238","-1","0","269","0","37","0","45","0.200000002980232","0.122824847698212","16","382","20459.9993930014","1023","19.9999994066485","54.4909260987914","9.49092609879138","10"
"default_evolutive","2","4","1","0","0","0","0","2.68127274513245","0","20.2023296356201","109.505798339844","0","0","790.238830566406","0","0","0","49.2655258178711","576.313110351563","0","576.313110351563","156.675552368164","508.872039794922","0","0.00765765132382512","0.0283923707902431","0","0","129.007247924805","0","0.785432934761047","0.878608286380768","0","9","240","2","389","273","240","-1","0","272","0","39","0","17.2843132019043","0.25","0.122824847698212","23","344","20460.0008204477","1023","20.0000008020016","15.6468969717859","-1.63741623011837","10"
"default_evolutive","2","4","2","0","0","0","0","3.04444360733032","0","41.0780410766602","55.8764724731445","0","0","669.317993164063","0","0","0","80.157341003418","775.552612304688","0","775.552612304688","209.702575683594","505.898345947266","0","0.0102493930608034","0.0621662363409996","0","0","96.4146728515625","0","1.95785057544708","0.747010111808777","0","9","241","3","380","275","241","-1","0","274","0","40","0","11.5240898132324","0.300000011920929","0.122824847698212","26","317","20459.9993813835","1023","19.9999993952917","9.48972544499082","-2.0343643682416","10"
"default_evolutive","2","4","3","0","0","0","0","3.01628160476685","0","52.2307472229004","49.2921752929688","0","0","672.456787109375","0","0","0","85.5942306518555","942.903686523438","0","942.903686523438","239.957702636719","505.088287353516","0","0.0117281377315521","0.0807071179151535","0","0","101.001907348633","0","2.63775873184204","0.767642855644226","0","9","243","5","372","278","243","-1","0","277","0","42","0","10.0662975311279","0.349999994039536","0.122824847698212","28","306","20460.000396411","1023","20.0000003874985","8.3556520324256","-1.71064549870233","10"
"default_evolutive","2","4","4","0","0","0","0","2.40434432029724","0","67.2401504516602","43.1977615356445","0","0","681.69384765625","0","0","0","88.8416366577148","1221.24108886719","0","1221.24108886719","279.419830322266","504.324645996094","0","0.0136568825691938","0.108497060835361","0","0","109.935340881348","0","3.77274322509766","0.805802941322327","0","7","244","6","363","280","244","-1","0","279","0","43","0","8.66904544830322","0.400000005960464","0.122824847698212","28","291","20460.0009487201","1023","20.0000009273902","7.23119051478297","-1.43785493352026","10"
"default_evolutive","2","4","5","0","0","0","0","2.28818821907043","0","66.0217895507813","52.3968086242676","0","0","773.292602539063","0","0","0","86.5194091796875","1255.20080566406","0","1255.20080566406","296.5380859375","505.112548828125","0","0.0144935538992286","0.108599245548248","0","0","117.852027893066","0","3.69964981079102","0.912259519100189","0","7","245","7","361","281","245","-1","0","280","0","44","0","9.10842514038086","0.416666686534882","0.122824847698212","28","290","20459.9981480928","1023","19.999998189729","7.66952554130958","-1.43889959907128","10"
"default_evolutive","2","4","6","0","0","0","0","1.70344054698944","0","68.4742431640625","60.3421936035156","0","0","864.319152832031","0","0","0","79.8943176269531","1399.5390625","0","1399.5390625","321.360565185547","505.587036132813","0","0.0157067719846964","0.111815229058266","0","0","128.191360473633","0","3.87257671356201","0.993478655815125","0","6","245","7","358","282","245","-1","0","281","0","44","0","9.18106365203857","0.433333367109299","0.122824847698212","27","286","20460.0006607761","1023","20.0000006459199","8.07508970293023","-1.10597394910834","10"
"default_evolutive","20","0","0","0","0","0","0","-1.6150758266449","0","6.56173706054688","108.313133239746","0","0","514.034606933594","0","0","0","218.164489746094","44.6447601318359","0","44.6447601318359","73.8656768798828","510.68896484375","0","0.00361024844460189","0.00973990187048912","0","0","114.395149230957","0","0.206439048051834","-0.107560329139233","0","9","89","3","389","202","202","-1","0","90","0","1","0","20.6910400390625","0.0166666675359011","0","15","389","20459.9982558896","1023","19.9999982951022","21.7566855849272","1.06564554586469","10"
"default_evolutive","20","0","1","0","0","0","0","-0.605895817279816","0","13.2164468765259","71.1234893798828","0","0","509.2216796875","0","0","0","294.524993896484","65.7482299804688","0","65.7482299804688","100.086402893066","508.650665283203","0","0.0048918086104095","0.0193644966930151","0","0","83.8725509643555","0","0.473543107509613","-0.0854367688298225","0","9","94","5","389","204","204","-1","0","95","0","3","0","13.9440317153931","0.0333333350718021","0","20","389","20459.9997391738","1023","19.9999997450379","14.6324497923215","0.688418076928428","10"
"default_evolutive","20","0","2","0","0","0","0","-1.09530997276306","0","29.3353385925293","44.3001518249512","0","0","498.770568847656","0","0","0","300.817718505859","142.022369384766","0","142.022369384766","146.881683349609","505.559631347656","0","0.00717896735295653","0.0427228473126888","0","0","73.1995544433594","0","1.26599180698395","-0.060234546661377","0","9","99","6","388","205","205","-1","0","100","0","4","0","8.85936546325684","0.0500000007450581","0","24","387","20460.0015751734","1023","20.000001539759","9.67363576492932","0.814270301672481","10"
"default_evolutive","20","0","3","0","0","0","0","-0.150189876556396","0","88.0237503051758","22.0718746185303","0","0","458.86328125","0","0","0","402.183441162109","342.154113769531","0","342.154113769531","248.638687133789","499.924835205078","0","0.0121524287387729","0.137608721852303","0","0","109.733139038086","0","4.88299083709717","-0.0222552344202995","0","9","113","10","388","209","209","-1","0","114","0","8","0","5.3568172454834","0.100000001490116","0","42","368","20459.9995999562","1023","19.9999996089503","5.06647483014656","-0.290342415336843","10"
"default_evolutive","20","0","4","0","0","0","0","0.494361519813538","0","151.506851196289","14.6115598678589","38.1089363098145","0","411.79296875","0","0","0","475.755676269531","515.853088378906","0","515.853088378906","306.892547607422","496.356658935547","0","0.0149996345862746","0.245420038700104","0","0","203.916564941406","0","9.39303684234619","-0.0207362473011017","0","9","125","13","381","212","212","-1","0","126","0","11","0","4.53709936141968","0.150000005960464","0","60","345","20460.0015981885","1023","20.0000015622566","3.50399960831183","-1.03309975310785","10"
"default_evolutive","20","0","5","0","0","0","0","1.07617604732513","0","212.920516967773","10.1142539978027","51.3964424133301","0","362.128692626953","0","0","0","511.309509277344","691.222595214844","0","691.222595214844","344.770721435547","494.809448242188","0","0.0168509632349014","0.353428691625595","0","0","274.166809082031","0","14.2628803253174","-0.0196200478821993","0","9","136","15","373","214","214","-1","0","137","1","13","0","4.08502674102783","0.200000002980232","0","78","326","20460.0008100109","1023","20.0000007917995","2.7328150931543","-1.35221164787353","10"
"default_evolutive","20","0","6","0","0","0","0","1.50693619251251","0","270.044616699219","7.10716485977173","73.4667129516602","0","313.458404541016","0","0","0","542.457946777344","848.657653808594","0","848.657653808594","370.187561035156","491.816284179688","0","0.0180932357907295","0.4603610932827","0","0","350.382446289063","0","18.9596176147461","-0.0140147572383285","0","9","148","18","366","217","217","-1","0","149","1","16","0","3.68662619590759","0.25","0","95","308","20459.9976099814","1023","19.9999976637159","2.25243432724667","-1.43419186866092","10"
"default_evolutive","20","0","7","0","0","0","0","1.71813797950745","0","314.306549072266","5.51148414611816","83.1928253173828","0","276.645721435547","0","0","0","559.565246582031","966.747985839844","0","966.747985839844","377.784301757813","489.458618164063","0","0.0184645317494869","0.54095858335495","0","0","402.780456542969","0","22.508020401001","-0.00730326538905501","0","9","157","20","358","219","219","-1","0","158","2","18","0","3.29118847846985","0.300000011920929","0","111","298","20459.9990340026","1023","19.999999055721","1.9560560157485","-1.33513246272135","10"
"default_evolutive","20","0","8","0","0","0","0","1.75988566875458","0","331.107482910156","4.96625471115112","84.7119979858398","0","258.124877929688","0","0","0","551.373901367188","1053.44360351563","0","1053.44360351563","373.190795898438","489.001861572266","0","0.0182400196790695","0.580841302871704","0","0","420.557373046875","0","24.3302192687988","-0.0037901964969933","0","9","160","20","355","219","219","-1","0","161","2","18","0","3.17491364479065","0.316666692495346","0","120","294","20459.9996307392","1023","19.9999996390412","1.79954140486303","-1.37537223992762","10"
"default_evolutive","20","1","0","0","0","0","0","-0.305985450744629","0","1.16357803344727","199.075775146484","0","0","336.6318359375","0","0","0","653.121337890625","3.52939891815186","0","3.52939891815186","33.6668663024902","335.708801269531","0","0.00164549692999572","0.00230512581765652","0","0","199.895355224609","0","0.0398783087730408","0.0544287413358688","0","9","113","1","396","209","209","-1","0","114","1","8","0","45","0.0166666675359011","0.0307062119245529","10","396","20459.9994620336","1023","19.9999994741286","45.5484253098424","0.548425309842358","10"
"default_evolutive","20","1","1","0","0","0","0","-0.415398359298706","0","15.3101892471313","66.9746932983398","0","0","507.565887451172","0","0","0","346.02392578125","65.0976791381836","0","65.0976791381836","107.403053283691","508.245239257813","0","0.0052494159899652","0.022525355219841","0","0","81.8293685913086","0","0.574564278125763","0.0747713223099709","0","9","117","2","395","210","210","-1","0","118","0","9","0","13.2308673858643","0.0333333350718021","0.0307062119245529","21","390","20460.0004055696","1023","20.0000003964512","13.4763964578798","0.245529072015561","10"
"default_evolutive","20","1","2","0","0","0","0","-0.390267103910446","0","24.4230480194092","49.7404594421387","0","0","502.312255859375","0","0","0","370.977081298828","94.8448333740234","0","94.8448333740234","134.307662963867","506.386383056641","0","0.00656440202146769","0.0351852588355541","0","0","73.7201080322266","0","0.998396933078766","0.073261559009552","0","9","121","3","394","211","211","-1","0","122","0","10","0","10.488226890564","0.0500000007450581","0.0307062119245529","23","384","20459.9996350983","1023","19.9999996433023","10.7524952286544","0.264268338090398","10"
"default_evolutive","20","1","3","0","0","0","0","0.431886225938797","0","79.5041198730469","25.4594287872314","0","0","466.846282958984","0","0","0","440.355743408203","266.033905029297","0","266.033905029297","230.75032043457","500.458374023438","0","0.0112781198695302","0.1171495616436","0","0","104.576705932617","0","4.14095592498779","0.0405083671212196","0","9","132","5","392","213","213","-1","0","133","0","12","0","6.08238315582275","0.100000001490116","0.0307062119245529","30","351","20459.9989274792","1023","19.9999989515926","5.52448533707274","-0.557897818750019","10"
"default_evolutive","20","1","4","0","0","0","0","1.04951024055481","0","159.017135620117","15.48122215271","70.5448303222656","0","405.975982666016","0","0","0","532.814025878906","470.853759765625","0","470.853759765625","299.353912353516","494.138977050781","0","0.0146311772987247","0.250877469778061","0","0","244.712219238281","0","9.85522079467773","0.00959816202521324","0","9","144","8","385","216","216","-1","0","145","0","15","0","4.52230167388916","0.150000005960464","0.0307062119245529","39","315","20460.0016964875","1023","20.0000016583455","3.34338746969619","-1.17891420419297","10"
"default_evolutive","20","1","5","0","0","0","0","1.33543610572815","0","209.537673950195","11.2498264312744","0","0","368.293914794922","0","0","0","547.556030273438","614.935546875","0","614.935546875","336.472137451172","495.183471679688","0","0.0164453629404306","0.336711645126343","0","0","220.506851196289","0","13.6605110168457","0.00388832739554346","0","9","154","10","377","218","218","-1","0","155","0","17","0","3.9126923084259","0.200000002980232","0.0307062119245529","49","297","20460.0007108363","1023","20.0000006948546","2.79950176841333","-1.11319054001258","10"
"default_evolutive","20","1","6","0","0","0","0","1.58954095840454","0","248.354370117188","9.01644897460938","208.082427978516","0","329.980651855469","0","0","0","582.209838867188","697.406127929688","0","697.406127929688","346.835083007813","481.489990234375","0","0.0169518608599901","0.406036704778671","0","0","465.0947265625","0","16.796760559082","0.00800155941396952","0","9","163","12","369","220","220","-1","0","164","0","19","0","3.4965500831604","0.25","0.0307062119245529","57","284","20460.00057884","1023","20.000000565826","2.39277001231752","-1.10378007084288","10"
"default_evolutive","20","1","7","0","0","0","0","1.72490239143372","0","282.580810546875","6.61021661758423","251.555511474609","0","291.700714111328","0","0","0","578.887451171875","813.366455078125","0","813.366455078125","355.406463623047","464.869567871094","0","0.0173707958310843","0.47084766626358","0","0","540.082153320313","0","19.7853088378906","0.0149913458153605","0","9","171","14","361","222","222","-1","0","172","0","21","0","3.13559937477112","0.300000011920929","0.0307062119245529","66","275","20459.9989015508","1023","19.9999989262471","2.1142703629245","-1.02132901184662","10"
"default_evolutive","20","1","8","0","0","0","0","1.76116621494293","0","306.841705322266","7.11534118652344","106.035820007324","0","282.145568847656","0","0","0","579.036560058594","895.986450195313","0","895.986450195313","354.345458984375","485.153564453125","0","0.0173189360648394","0.518808901309967","0","0","419.670623779297","0","21.747652053833","0.0143310446292162","0","9","182","19","356","227","227","-1","0","183","1","26","0","2.92794609069824","0.349999994039536","0.0307062119245529","87","282","20460.001564632","1023","20.0000015294545","1.91300941355319","-1.01493667714505","10"
"default_evolutive","20","1","9","0","0","0","0","1.56001472473145","0","397.806030273438","58033.2890625","136.881286621094","0","99489.46875","0","0","0","597.648010253906","1153.2607421875","0","1153.2607421875","9972.7578125","76290.234375","0","0.487427085638046","0.689243972301483","0","0","58402.87890625","0","29.5308666229248","0.696941614151001","0","9","194","25","352","233","233","-1","0","195","1","32","0","45","0.400000005960464","0.0307062119245529","101","254","20459.999262137","1023","19.9999992787263","45.0068175451962","0.00681754519622757","10"
"default_evolutive","20","2","0","0","0","0","0","-0.384646505117416","0","2.6770966053009","237.996536254883","0","0","544.856384277344","0","0","0","155.49137878418","29.1418418884277","0","29.1418418884277","56.1639671325684","512.48046875","0","0.00274506211280823","0.00453130528330803","0","0","240.107177734375","0","0.0887612327933311","0.342879325151443","0","9","137","0","399","214","214","-1","0","138","0","13","0","37.525146484375","0.0333333350718021","0.0614124238491058","8","396","20459.9986537689","1023","19.9999986840361","37.2863905425209","-0.238755941854059","10"
"default_evolutive","20","2","1","0","0","0","0","-0.335104733705521","0","5.76091289520264","126.081321716309","0","0","532.713745117188","0","0","0","235.92024230957","37.7739028930664","0","37.7739028930664","71.9144744873047","511.119689941406","0","0.0035148817114532","0.0089116282761097","0","0","131.348556518555","0","0.193657144904137","0.283778786659241","0","9","140","1","398","215","215","-1","0","141","0","14","0","23.3007526397705","0.0500000007450581","0.0614124238491058","10","393","20459.9984838671","1023","19.9999985179542","23.2295068837096","-0.0712457560608897","10"
"default_evolutive","20","2","2","0","0","0","0","0.587977528572083","0","41.4718246459961","37.2429122924805","0","0","495.046325683594","0","0","0","307.144592285156","193.809631347656","0","193.809631347656","172.867599487305","503.931671142578","0","0.00844905246049166","0.059527575969696","0","0","78.2880096435547","0","1.84325230121613","0.123778894543648","0","9","150","3","396","217","217","-1","0","151","0","16","0","8.9691276550293","0.100000001490116","0.0614124238491058","24","360","20459.9983602475","1023","19.9999983971139","8.1598370789597","-0.809290576069598","10"
"default_evolutive","20","2","3","0","0","0","0","1.15623450279236","0","98.508903503418","22.3597526550293","75.7037124633789","0","452.863067626953","0","0","0","441.183959960938","332.146759033203","0","332.146759033203","251.104843139648","493.071838378906","0","0.0122729633003473","0.146537825465202","0","0","196.13459777832","0","5.30909204483032","0.0895862951874733","0","9","160","5","388","219","219","-1","0","161","0","18","0","6.39241170883179","0.150000005960464","0.0614124238491058","27","312","20460.0011419037","1023","20.0000011162304","4.80431389650666","-1.58809781232512","10"
"default_evolutive","20","2","4","0","0","0","0","1.54164290428162","0","162.73860168457","15.5380029678345","76.2495880126953","0","404.884033203125","0","0","0","499.294616699219","502.971649169922","0","502.971649169922","302.286437988281","491.658905029297","0","0.0147745069116354","0.251131027936935","0","0","254.162704467773","0","9.87957382202148","0.0450685396790504","0","9","167","6","379","220","220","-1","0","168","0","19","0","4.57428359985352","0.200000002980232","0.0614124238491058","35","291","20460.001798789","1023","20.0000017583471","3.37276502792415","-1.20151857192937","10"
"default_evolutive","20","2","5","0","0","0","0","1.95838701725006","0","190.679962158203","13.6764583587646","237.373077392578","0","376.139831542969","0","0","0","486.94580078125","611.799621582031","0","611.799621582031","311.699279785156","476.996673583984","0","0.0152345672249794","0.297913253307343","0","0","441.231384277344","0","12.0116157531738","0.0457979142665863","0","9","180","12","375","226","226","-1","0","181","0","25","0","4.05917072296143","0.25","0.0614124238491058","42","284","20460.0022555336","1023","20.0000022048226","2.93124683114266","-1.12792389181876","10"
"default_evolutive","20","2","6","0","0","0","0","1.99686050415039","0","217.431274414063","12.6078805923462","235.111602783203","0","353.159759521484","0","0","0","481.719360351563","722.446350097656","0","722.446350097656","314.974365234375","476.261260986328","0","0.0153946410864592","0.348016381263733","0","0","464.648651123047","0","14.2530746459961","0.0395710468292236","0","9","190","17","370","231","231","-1","0","191","0","30","0","3.4755437374115","0.300000011920929","0.0614124238491058","49","281","20460.0005589881","1023","20.0000005464204","2.53532848407773","-0.940215253333773","10"
"default_evolutive","20","2","7","0","0","0","0","2.40999460220337","0","134.558135986328","19.4134120941162","178.926528930664","0","423.28662109375","0","0","0","339.911102294922","598.432495117188","0","598.432495117188","277.594757080078","480.256805419922","0","0.0135676804929972","0.203413844108582","0","0","332.3271484375","0","7.73349714279175","0.118680618703365","0","9","201","23","366","237","237","-1","0","202","0","36","0","5.11646127700806","0.349999994039536","0.0614124238491058","36","286","20460.0010461151","1023","20.0000010225954","3.82446128852957","-1.29199998847849","10"
"default_evolutive","20","2","8","0","0","0","0","1.26078081130981","0","383.265045166016","55610.68359375","141.668579101563","0","95312.9609375","0","0","0","566.943969726563","1160.58996582031","0","1160.58996582031","9552.650390625","72359.3984375","0","0.466893970966339","0.65798944234848","0","0","55973.2734375","0","28.2331295013428","0.708681643009186","0","9","213","30","363","244","244","-1","0","214","0","43","0","45","0.400000005960464","0.0614124238491058","103","266","20459.9994530957","1023","19.9999994653917","45.2004806292926","0.20048062929262","10"
"default_evolutive","20","2","9","0","0","0","0","1.46687483787537","0","334.112152099609","8.32401752471924","93.9838104248047","0","262.214324951172","0","0","0","537.569152832031","1042.29345703125","0","1042.29345703125","319.050537109375","486.978515625","0","0.0155938677489758","0.560304820537567","0","0","436.089721679688","0","23.8298931121826","0.0249842312186956","0","9","217","32","362","246","246","-1","0","218","1","45","0","2.40277791023254","0.416666686534882","0.0614124238491058","107","291","20460.0001901601","1023","20.0000001858847","1.59480727738749","-0.807970632845053","10"
"default_evolutive","20","2","10","0","0","0","0","1.50354814529419","0","316.500427246094","9.48290824890137","91.5296020507813","0","275.045837402344","0","0","0","518.16455078125","1021.33642578125","0","1021.33642578125","308.748626708984","487.278625488281","0","0.0150903509929776","0.529220342636108","0","0","417.164459228516","0","22.5634422302246","0.0197567548602819","0","9","220","34","361","248","248","-1","0","221","0","47","0","2.34338593482971","0.433333367109299","0.0614124238491058","96","290","20460.0030080587","1023","20.0000029404289","1.63397092155854","-0.709415013271168","10"
"default_evolutive","20","3","0","0","0","0","0","-1.80917179584503","0","1.20164966583252","282.369384765625","0","0","386.631225585938","0","0","0","23.6228618621826","96.3364028930664","0","96.3364028930664","40.2380485534668","299.710662841797","0","0.00196666899137199","0.00227574142627418","0","0","283.146179199219","0","0.0383522845804691","0.682491600513458","0","9","163","0","400","220","220","-1","0","164","0","19","0","45","0.0833333358168602","0.0921186357736588","6","390","20460.0005033871","1023","20.0000004920695","59.7901375909823","14.7901375909823","10"
"default_evolutive","20","3","1","0","0","0","0","-1.79118919372559","0","0.989836990833282","239.662185668945","0","0","287.554718017578","0","0","0","16.3685359954834","96.5115966796875","0","96.5115966796875","30.9727973937988","218.728958129883","0","0.00151382200419903","0.00157975347246975","0","0","240.269134521484","0","0.0243148431181908","0.704659163951874","0","9","165","0","399","220","220","-1","0","166","0","19","0","45","0.100000001490116","0.0921186357736588","4","389","20459.9994635345","1023","19.9999994755958","73.3883904295754","28.3883904295754","10"
"default_evolutive","20","3","2","0","0","0","0","1.68999850749969","0","25.98193359375","50.4243545532227","0","0","514.713745117188","0","0","0","143.34587097168","248.008697509766","0","248.008697509766","139.462219238281","506.215209960938","0","0.00681633502244949","0.0355510227382183","0","0","75.9515380859375","0","1.00669097900391","0.233075737953186","0","9","176","4","393","224","224","-1","0","177","0","23","0","12.0258302688599","0.150000005960464","0.0921186357736588","16","354","20460.0006864341","1023","20.000000671001","11.0539879384532","-0.971842330406707","10"
"default_evolutive","20","3","3","0","0","0","0","2.27800559997559","0","62.7938346862793","29.3190040588379","0","0","484.228698730469","0","0","0","243.898880004883","367.725372314453","0","367.725372314453","210.098556518555","501.574005126953","0","0.0102687459439039","0.0896878093481064","0","0","91.6995086669922","0","2.98903584480286","0.152874991297722","0","9","187","10","389","230","230","-1","0","188","0","29","0","8.27420806884766","0.200000002980232","0.0921186357736588","26","327","20460.0014126633","1023","20.0000013809025","6.57446005419753","-1.69974801465013","10"
"default_evolutive","20","3","4","0","0","0","0","2.46277379989624","0","94.8854141235352","22.3814678192139","0","0","460.795104980469","0","0","0","271.258331298828","514.526977539063","0","514.526977539063","252.781127929688","499.052978515625","0","0.012354894541204","0.139569714665413","0","0","116.882392883301","0","4.99607849121094","0.125362619757652","0","9","198","15","384","235","235","-1","0","199","0","34","0","6.68322420120239","0.25","0.0921186357736588","34","310","20459.998835818","1023","19.9999988619922","5.07854454047768","-1.60467966072471","10"
"default_evolutive","20","3","5","0","0","0","0","2.58877182006836","0","120.629333496094","18.8491954803467","197.549789428711","0","429.410522460938","0","0","0","297.648895263672","604.971923828125","0","604.971923828125","272.965057373047","471.487091064453","0","0.0133413998410106","0.180069237947464","0","0","336.213165283203","0","6.71376276016235","0.123159073293209","0","9","210","22","381","242","242","-1","0","211","0","41","0","5.8048243522644","0.300000011920929","0.0921186357736588","42","299","20460.0012461939","1023","20.0000012181758","4.24896031530841","-1.55586403695599","10"
"default_evolutive","20","3","6","0","0","0","0","2.66036796569824","0","113.575416564941","21.4001331329346","0","0","448.100341796875","0","0","0","261.130096435547","654.682739257813","0","654.682739257813","267.323883056641","498.297821044922","0","0.0130656836554408","0.170957371592522","0","0","134.603240966797","0","6.26447725296021","0.134185299277306","0","9","221","28","377","248","248","-1","0","222","0","47","0","5.69031429290771","0.349999994039536","0.0921186357736588","43","300","20459.9996530087","1023","19.9999996608101","4.38319353424402","-1.3071207586637","10"
"default_evolutive","20","3","7","0","0","0","0","2.92429351806641","0","43.4126625061035","40.519157409668","0","0","510.418121337891","0","0","0","111.692527770996","544.981811523438","0","544.981811523438","176.998062133789","503.951599121094","0","0.00865093152970076","0.0608703978359699","0","0","83.486442565918","0","1.89265894889832","0.278342753648758","0","9","232","35","374","255","255","-1","0","233","0","54","0","9.60410213470459","0.400000005960464","0.0921186357736588","35","314","20460.0003509578","1023","20.0000003430672","8.17056945500776","-1.43353267969683","10"
"default_evolutive","20","3","8","0","0","0","0","1.79201257228851","0","187.742034912109","17.3068237304688","223.454696655273","0","377.483642578125","0","0","0","313.167083740234","931.510864257813","0","931.510864257813","287.98583984375","472.730102539063","0","0.0140755539759994","0.291718542575836","0","0","427.828857421875","0","11.7617692947388","0.0850417017936707","0","9","244","43","372","263","263","-1","0","245","0","62","0","3.55470967292786","0.449999988079071","0.0921186357736588","70","301","20460.0003903792","1023","20.0000003816023","2.76562157412067","-0.789088098807186","10"
"default_evolutive","20","3","9","0","0","0","0","1.35592365264893","0","177.461868286133","19.0804138183594","213.963836669922","0","384.338745117188","0","0","0","274.446472167969","1013.83666992188","0","1013.83666992188","275.689239501953","473.110870361328","0","0.013474547304213","0.278243869543076","0","0","409.792205810547","0","11.1481494903564","0.0987076684832573","0","9","255","50","369","270","270","-1","0","256","0","69","0","3.49445915222168","0.5","0.0921186357736588","73","304","20460.0001230286","1023","20.0000001202625","2.77575457406707","-0.718704578154608","10"
"default_evolutive","20","3","10","0","0","0","0","0.535499215126038","0","271.196075439453","14.7249326705933","143.750961303711","0","314.304809570313","0","0","0","382.594451904297","1155.62182617188","0","1155.62182617188","225.201538085938","486.136108398438","0","0.0110069187358022","0.442134499549866","0","0","429.21337890625","0","18.611536026001","0.037761103361845","0","9","259","53","369","273","273","-1","0","260","0","72","0","1.5886687040329","0.516666650772095","0.0921186357736588","90","300","20459.9982512295","1023","19.9999982905469","1.42652326417762","-0.162145439855276","10"
"default_evolutive","20","4","0","0","0","0","0","2.13935279846191","0","15.0167360305786","73.9345703125","0","0","540.712097167969","0","0","0","56.4886741638184","366.748596191406","0","366.748596191406","110.797233581543","508.666046142578","0","0.00541530968621373","0.020717142149806","0","0","88.4848937988281","0","0.531486809253693","0.356094688177109","0","9","210","4","398","242","242","-1","0","211","0","41","0","15.6755180358887","0.216666668653488","0.122824847698212","26","360","20459.999520177","1023","19.9999995309648","15.1527161333009","-0.522801902587785","10"
"default_evolutive","20","4","1","0","0","0","0","0.554622530937195","0","12.2395877838135","87.8539276123047","0","0","550.831115722656","0","0","0","47.892162322998","349.900909423828","0","349.900909423828","101.749961853027","509.4150390625","0","0.00497311679646373","0.0167575106024742","0","0","99.6191253662109","0","0.421005010604858","0.395665794610977","0","9","213","6","397","244","244","-1","0","214","0","43","0","17.0330505371094","0.233333334326744","0.122824847698212","26","361","20459.9984310402","1023","19.9999984663149","17.2636696703243","0.23061913321494","10"
"default_evolutive","20","4","2","0","0","0","0","0.568328380584717","0","11.1189165115356","94.8362884521484","0","0","557.461975097656","0","0","0","42.5124969482422","367.361480712891","0","367.361480712891","98.1567535400391","509.744812011719","0","0.00479749497026205","0.015617455355823","0","0","105.475311279297","0","0.378942012786865","0.420664519071579","0","9","217","8","395","246","246","-1","0","218","0","45","0","17.7974071502686","0.25","0.122824847698212","27","362","20460.0013441343","1023","20.0000013139143","17.8898499366795","0.0924427864109845","10"
"default_evolutive","20","4","3","0","0","0","0","2.81054759025574","0","31.3327960968018","47.9638290405273","0","0","518.888549804688","0","0","0","87.0283279418945","495.000793457031","0","495.000793457031","152.766357421875","505.512634277344","0","0.00746658677235246","0.0430790893733501","0","0","78.8425140380859","0","1.25782752037048","0.285225123167038","0","9","229","15","392","253","253","-1","0","230","0","52","0","11.6612043380737","0.300000011920929","0.122824847698212","36","340","20459.9989365347","1023","19.9999989604444","9.98106753174753","-1.6801368063262","10"
"default_evolutive","20","4","4","0","0","0","0","2.90877556800842","0","53.78515625","34.242359161377","0","0","497.545623779297","0","0","0","119.949691772461","619.866638183594","0","619.866638183594","195.488006591797","502.600280761719","0","0.00955464225262403","0.0743528082966805","0","0","87.5965042114258","0","2.42559909820557","0.227290332317352","0","9","240","22","389","260","260","-1","0","241","0","59","0","8.98900508880615","0.349999994039536","0.122824847698212","45","327","20460.0027319818","1023","20.000002670559","7.38315933285751","-1.60584575594864","10"
"default_evolutive","20","4","5","0","0","0","0","2.79445338249207","0","36.3065719604492","44.9104690551758","0","0","517.555725097656","0","0","0","76.2894287109375","655.275207519531","0","655.275207519531","163.587631225586","504.847320556641","0","0.00799548532813787","0.049990575760603","0","0","80.7637405395508","0","1.50407898426056","0.295517146587372","0","9","252","30","387","268","268","-1","0","253","0","67","0","10.6736192703247","0.400000005960464","0.122824847698212","48","335","20460.0001765853","1023","20.0000001726151","9.2034059222064","-1.4702133481183","10"
"default_evolutive","20","4","6","0","0","0","0","2.43596529960632","0","19.8132362365723","71.2105865478516","0","0","558.472045898438","0","0","0","38.8720512390137","692.890930175781","0","692.890930175781","126.310073852539","507.790740966797","0","0.00617351336404681","0.0269340928643942","0","0","90.5277862548828","0","0.733963906764984","0.444008022546768","0","9","263","38","385","276","276","-1","0","264","0","75","0","13.6122045516968","0.449999988079071","0.122824847698212","38","339","20459.9984488802","1023","19.9999984837539","13.2504567739535","-0.361747777743238","10"
"default_evolutive","20","4","7","0","0","0","0","0.274419158697128","0","204.813949584961","17.8328742980957","201.200286865234","0","364.262573242188","0","0","0","285.544647216797","1143.67614746094","0","1143.67614746094","270.917724609375","478.049011230469","0","0.0132413357496262","0.326570600271225","0","0","423.265563964844","0","13.3148937225342","0.0766742452979088","0","9","276","47","384","285","285","-1","0","277","0","84","0","2.89224195480347","0.5","0.122824847698212","93","317","20459.999635386","1023","19.9999996435836","2.32378751388257","-0.568454440920899","10"
"default_evolutive","20","4","8","0","0","0","0","0.460043013095856","0","97.2893600463867","28.148853302002","282.574676513672","0","448.037841796875","0","0","0","134.06315612793","1066.39038085938","0","1066.39038085938","229.922637939453","469.414245605469","0","0.0112376650795341","0.142963662743568","0","0","407.157897949219","0","5.1702733039856","0.182327091693878","0","9","288","56","383","294","294","-1","0","289","0","93","0","5.68405914306641","0.550000011920929","0.122824847698212","80","333","20460.0009265436","1023","20.0000009057122","4.50838824067683","-1.17567090238957","10"
"default_evolutive","20","4","9","0","0","0","0","-1.05965423583984","0","109.84481048584","27.6137046813965","335.404449462891","0","432.075897216797","0","0","0","135.124801635742","1212.61962890625","0","1212.61962890625","230.210693359375","457.759643554688","0","0.0112517438828945","0.163855001330376","0","0","471.636413574219","0","6.09073543548584","0.1740662753582","0","9","300","66","383","304","304","-1","0","301","0","103","0","4.77451086044312","0.600000023841858","0.122824847698212","89","335","20460.0012011785","1023","20.0000011741726","3.93753758378849","-0.836973276654628","10"
"default_evolutive","20","4","10","0","0","0","0","-1.35496032238007","0","111.555519104004","28.2181911468506","351.800201416016","0","431.191467285156","0","0","0","135.760665893555","1233.08154296875","0","1233.08154296875","226.064056396484","459.191833496094","0","0.011049073189497","0.167403966188431","0","0","490.397216796875","0","6.24426794052124","0.17344306409359","0","9","304","69","383","307","307","-1","0","305","0","106","0","4.60301208496094","0.616666674613953","0.122824847698212","92","337","20460.0017141144","1023","20.0000016755762","3.78441323144454","-0.818598853516399","10"
"default_evolutive","30","0","0","0","0","0","0","-1.26496875286102","0","7.50519943237305","103.028442382813","0","0","519.960632324219","0","0","0","217.865234375","51.6743850708008","0","51.6743850708008","78.098762512207","510.337097167969","0","0.00381714408285916","0.0112580517306924","0","0","110.040580749512","0","0.239360690116882","-0.190468847751617","0","9","53","4","390","203","203","-1","0","54","0","2","0","19.5264835357666","0.0166666675359011","0","17","390","20459.9985792804","1023","19.9999986112223","19.8195548579517","0.293071322185117","10"
"default_evolutive","30","0","1","0","0","0","0","-0.802369773387909","0","15.5101528167725","65.3221588134766","0","0","508.778472900391","0","0","0","283.139526367188","80.2445678710938","0","80.2445678710938","107.865646362305","508.123779296875","0","0.00527202570810914","0.0227204095572233","0","0","80.3687210083008","0","0.580577254295349","-0.10405296087265","0","9","59","6","390","205","205","-1","0","60","0","4","0","12.9169330596924","0.0333333350718021","0","21","389","20460.0000710148","1023","20.0000000694181","13.4171582635727","0.500225203880298","10"
"default_evolutive","30","0","2","0","0","0","0","-0.786397635936737","0","30.1257972717285","44.1106338500977","0","0","497.854949951172","0","0","0","309.256988525391","144.811111450195","0","144.811111450195","148.250366210938","505.483581542969","0","0.00724586192518473","0.0447838492691517","0","0","73.8022003173828","0","1.32308351993561","-0.0490959696471691","0","9","65","8","390","207","207","-1","0","66","0","6","0","8.93091011047363","0.0500000007450581","0","25","388","20460.004308895","1023","20.0000042120185","9.31117656831645","0.380266457842822","10"
"default_evolutive","30","0","3","0","0","0","0","-0.0219017788767815","0","90.892448425293","22.3781223297119","0","0","457.599426269531","0","0","0","413.022827148438","345.149627685547","0","345.149627685547","249.437957763672","499.921813964844","0","0.0121914921328425","0.142554670572281","0","0","112.909889221191","0","5.03002738952637","-0.0377974957227707","0","9","83","13","391","212","212","-1","0","84","1","11","0","5.23292589187622","0.100000001490116","0","46","370","20460.0023562098","1023","20.0000023032354","4.9060148244222","-0.326911067454022","10"
"default_evolutive","30","0","4","0","0","0","0","0.801859617233276","0","167.407302856445","14.590145111084","51.6245803833008","0","400.756713867188","0","0","0","507.619201660156","537.007141113281","0","537.007141113281","308.467315673828","496.257751464844","0","0.0150766037404537","0.272595137357712","0","0","233.316390991211","0","10.4964122772217","-0.029532115906477","0","9","97","16","384","215","215","-1","0","98","1","14","0","4.29410266876221","0.150000005960464","0","63","338","20460.0002085446","1023","20.000000203856","3.17051427004118","-1.12358839872103","10"
"default_evolutive","30","0","5","0","0","0","0","1.43053877353668","0","233.747573852539","10.1982460021973","79.2981033325195","0","348.08154296875","0","0","0","566.471069335938","680.90771484375","0","680.90771484375","343.676025390625","493.074523925781","0","0.0167974587529898","0.385714560747147","0","0","322.977355957031","0","15.5816535949707","-0.0267792139202356","0","9","111","19","377","218","218","-1","0","112","2","17","0","3.70050120353699","0.200000002980232","0","81","318","20460.0011492485","1023","20.0000011234101","2.49595985473636","-1.20454134880063","10"
"default_evolutive","30","0","6","0","0","0","0","1.83688354492188","0","286.163116455078","7.94237852096558","102.182876586914","0","305.8193359375","0","0","0","593.231140136719","801.692810058594","0","801.692810058594","354.872161865234","488.733856201172","0","0.0173446834087372","0.475589126348495","0","0","396.017059326172","0","19.5700988769531","-0.0197154134511948","0","9","123","21","369","220","220","-1","0","124","2","19","0","3.28988337516785","0.25","0","95","303","20459.9965016641","1023","19.9999965803168","2.09003423587859","-1.19984913928925","10"
"default_evolutive","30","0","7","0","0","0","0","1.99907982349396","0","302.677429199219","7.43728637695313","20.2042255401611","0","292.487670898438","0","0","0","577.654113769531","898.928771972656","0","898.928771972656","348.66064453125","495.171325683594","0","0.0170410852879286","0.51926988363266","0","0","330.100860595703","0","21.2205505371094","-0.0222516302019358","0","9","126","21","366","220","220","-1","0","127","3","19","0","3.15561413764954","0.266666680574417","0","110","304","20460.0023202883","1023","20.0000022681215","1.88063587363741","-1.27497826401212","10"
"default_evolutive","30","0","8","0","0","0","0","2.13367962837219","0","310.370483398438","7.17391443252563","0","0","286.710510253906","0","0","0","570.460876464844","926.494201660156","0","926.494201660156","349.822265625","494.966247558594","0","0.0170978643000126","0.528528690338135","0","0","317.328826904297","0","21.7851886749268","-0.0211787428706884","0","9","131","23","365","222","222","-1","0","132","3","21","0","3.06618714332581","0.283333361148834","0","114","305","20459.997780234","1023","19.9999978301408","1.85383768520939","-1.21234945811641","10"
"default_evolutive","30","1","0","0","0","0","0","0.0838492512702942","0","15.3555879592896","64.563346862793","0","0","506.557769775391","0","0","0","379.860778808594","59.400333404541","0","59.400333404541","107.96452331543","508.224792480469","0","0.00527685880661011","0.0225638579577208","0","0","79.4682998657227","0","0.582677245140076","0.0445119701325893","0","9","78","3","396","211","211","-1","0","79","0","10","0","13.7872247695923","0.0333333350718021","0.0307062119245529","21","390","20459.9985089968","1023","19.9999985425189","13.524629687265","-0.26259508232731","10"
"default_evolutive","30","1","1","0","0","0","0","0.0364725440740585","0","25.2401218414307","48.988842010498","0","0","500.831512451172","0","0","0","359.604858398438","101.49055480957","0","101.49055480957","136.049530029297","506.262359619141","0","0.0066495374776423","0.0364964976906776","0","0","73.7881774902344","0","1.04825437068939","0.0413899831473827","0","9","83","4","395","212","212","-1","0","84","0","11","0","10.585244178772","0.0500000007450581","0.0307062119245529","24","384","20459.998982897","1023","19.9999990057644","10.4977315791967","-0.0875125995752697","10"
"default_evolutive","30","1","2","0","0","0","0","0.881609499454498","0","73.9320526123047","27.1516666412354","0","0","470.340698242188","0","0","0","477.417175292969","228.236999511719","0","228.236999511719","221.67529296875","500.850036621094","0","0.0108345709741116","0.108964264392853","0","0","100.688346862793","0","3.79106283187866","0.0269024334847927","0","9","98","7","394","215","215","-1","0","99","0","14","0","6.44532775878906","0.100000001490116","0.0307062119245529","31","353","20459.99730847","1023","19.9999973689834","5.70648265082555","-0.738845107963517","10"
"default_evolutive","30","1","3","0","0","0","0","1.2435017824173","0","150.656921386719","16.714994430542","0","0","416.353485107422","0","0","0","625.023376464844","370.218475341797","0","370.218475341797","295.314300537109","496.769653320313","0","0.0144337397068739","0.231395199894905","0","0","167.0380859375","0","8.95082473754883","0.00473633641377091","0","9","111","10","387","218","218","-1","0","112","0","17","0","4.65150165557861","0.150000005960464","0.0307062119245529","37","313","20459.9990393667","1023","19.9999990609646","3.5762608435328","-1.07524081204581","10"
"default_evolutive","30","1","4","0","0","0","0","1.42651665210724","0","202.830307006836","12.237247467041","0","0","375.183685302734","0","0","0","614.066040039063","523.363098144531","0","523.363098144531","328.500396728516","495.264495849609","0","0.0160557348281145","0.321379512548447","0","0","214.775955200195","0","12.9796028137207","0.00999765563756227","0","9","123","12","379","220","220","-1","0","124","0","19","0","3.86226487159729","0.200000002980232","0.0307062119245529","50","303","20460.0038705979","1023","20.0000037835756","2.86362051488972","-0.998644356707572","10"
"default_evolutive","30","1","5","0","0","0","0","1.75254440307617","0","244.072235107422","10.1067962646484","252.679214477539","0","334.056274414063","0","0","0","626.818115234375","621.777404785156","0","621.777404785156","333.587921142578","474.490905761719","0","0.0163043942302465","0.389741361141205","0","0","506.383239746094","0","16.0411567687988","0.00406978698447347","0","9","138","17","374","225","225","-1","0","139","0","24","0","3.30008411407471","0.25","0.0307062119245529","57","288","20460.000931757","1023","20.0000009108084","2.39760469863067","-0.902479415444041","10"
"default_evolutive","30","1","6","0","0","0","0","1.83973133563995","0","288.770782470703","7.136474609375","476.458160400391","0","283.321075439453","0","0","0","655.040832519531","708.135559082031","0","708.135559082031","330.581939697266","442.275146484375","0","0.0161574762314558","0.463857710361481","0","0","771.388427734375","0","19.4914150238037","0.00258602993562818","0","9","153","23","370","231","231","-1","0","154","0","30","0","2.72803664207458","0.300000011920929","0.0307062119245529","69","280","20459.9985147235","1023","19.9999985481168","1.99617790710625","-0.731858734968331","10"
"default_evolutive","30","1","7","0","0","0","0","1.8322913646698","0","321.102478027344","6.74741363525391","316.744018554688","0","262.218902587891","0","0","0","640.167175292969","826.462585449219","0","826.462585449219","310.727325439453","455.767456054688","0","0.015187063254416","0.529074192047119","0","0","643.726806640625","0","22.266788482666","0.0063414853066206","0","9","169","30","367","238","238","-1","0","170","1","37","0","2.33879995346069","0.349999994039536","0.0307062119245529","92","285","20460.0007410321","1023","20.0000007243716","1.64489997579477","-0.69389997766592","10"
"default_evolutive","30","1","8","0","0","0","0","1.81933438777924","0","373.232147216797","52769.36328125","209.670425415039","0","89807.734375","0","0","0","685.574340820313","904.818969726563","0","904.818969726563","9006.953125","77825.5859375","0","0.440222531557083","0.620320677757263","0","0","53172.9765625","0","26.3076343536377","0.520245790481567","0","9","175","33","367","241","241","-1","0","176","1","40","0","45","0.366666674613953","0.0307062119245529","96","268","20460.0002938107","1023","20.000000287205","45.2080146164113","0.208014616411276","10"
"default_evolutive","30","1","9","0","0","0","0","1.81185734272003","0","392.210205078125","55684.453125","206.929931640625","0","95048.953125","0","0","0","669.657531738281","980.766479492188","0","980.766479492188","9533.431640625","83864.4140625","0","0.465954601764679","0.656777679920197","0","0","56099.4609375","0","27.7604465484619","0.487713128328323","0","9","180","35","366","243","243","-1","0","181","1","42","0","45","0.38333335518837","0.0307062119245529","110","270","20460.0010484276","1023","20.0000010248559","45.1906403072853","0.190640307285257","10"
"default_evolutive","30","2","0","0","0","0","0","-0.0163707546889782","0","2.46745705604553","233.066650390625","0","0","526.926086425781","0","0","0","1489.52465820313","3.0421154499054","0","3.0421154499054","54.1809158325195","512.606201171875","0","0.00264813890680671","0.00453130574896932","0","0","235.004211425781","0","0.0846798717975616","0.228378102183342","0","9","95","1","400","215","215","-1","0","96","0","14","0","38.3091201782227","0.0333333350718021","0.0614124238491058","9","397","20459.9976584515","1023","19.9999977110963","35.761294926077","-2.54782525214566","10"
"default_evolutive","30","2","1","0","0","0","0","0.434293180704117","0","6.16180801391602","111.15202331543","0","0","521.501892089844","0","0","0","295.129150390625","34.2795181274414","0","34.2795181274414","74.514778137207","511.042266845703","0","0.00364197371527553","0.0101168854162097","0","0","116.860977172852","0","0.214807063341141","0.199516788125038","0","9","99","2","399","216","216","-1","0","100","0","15","0","22.2003231048584","0.0500000007450581","0.0614124238491058","11","392","20459.9988804614","1023","19.9999989056318","21.099559201833","-1.10076390302538","10"
"default_evolutive","30","2","2","0","0","0","0","1.15815234184265","0","38.8787803649902","38.3663673400879","0","0","494.563507080078","0","0","0","336.430908203125","165.251480102539","0","165.251480102539","167.359420776367","504.249145507813","0","0.00817983504384756","0.0555957071483135","0","0","76.8192596435547","0","1.72025513648987","0.0879499092698097","0","9","113","5","398","219","219","-1","0","114","0","18","0","9.39473152160645","0.100000001490116","0.0614124238491058","26","365","20459.999484005","1023","19.9999994956061","8.46068281326152","-0.934048708344925","10"
"default_evolutive","30","2","3","0","0","0","0","1.46372330188751","0","105.573081970215","21.6659698486328","0","0","450.114288330078","0","0","0","522.756408691406","297.920745849609","0","297.920745849609","258.588623046875","498.489166259766","0","0.0126387402415276","0.155739977955818","0","0","126.862449645996","0","5.70660543441772","0.0393174365162849","0","9","124","6","389","220","220","-1","0","125","0","19","0","5.95947790145874","0.150000005960464","0.0614124238491058","32","321","20459.9998184329","1023","19.9999998225151","4.65483357619286","-1.30464432526588","10"
"default_evolutive","30","2","4","0","0","0","0","1.89882636070251","0","131.453720092773","18.2213001251221","333.283935546875","0","417.069763183594","0","0","0","501.318267822266","390.892517089844","0","390.892517089844","274.141387939453","465.618835449219","0","0.0133988931775093","0.19596154987812","0","0","482.225646972656","0","7.38192462921143","0.0514300689101219","0","9","139","11","384","225","225","-1","0","140","0","24","0","5.57235240936279","0.200000002980232","0.0614124238491058","34","298","20460.0025022673","1023","20.0000024460091","3.92066423166813","-1.65168817769467","10"
"default_evolutive","30","2","5","0","0","0","0","2.00886750221252","0","190.067916870117","13.9466094970703","235.008102416992","0","377.466552734375","0","0","0","551.298767089844","528.665222167969","0","528.665222167969","310.102203369141","472.757293701172","0","0.0151565093547106","0.291452497243881","0","0","438.427642822266","0","11.6396646499634","0.0239252578467131","0","9","155","18","381","232","232","-1","0","156","0","31","0","4.01546049118042","0.25","0.0614124238491058","48","292","20460.0014496585","1023","20.000001417066","2.98091781955466","-1.03454267162576","10"
"default_evolutive","30","2","6","0","0","0","0","1.99314248561859","0","224.858657836914","10.1686420440674","522.783325195313","0","327.349884033203","0","0","0","567.993896484375","615.746765136719","0","615.746765136719","311.360015869141","426.154937744141","0","0.0152179850265384","0.349740386009216","0","0","756.336730957031","0","14.3159446716309","0.0303498599678278","0","9","171","25","378","239","239","-1","0","172","0","38","0","3.24146127700806","0.300000011920929","0.0614124238491058","55","283","20460.002774754","1023","20.0000027123695","2.4938545186289","-0.747606758379158","10"
"default_evolutive","30","2","7","0","0","0","0","2.05526804924011","0","189.893524169922","12.2001113891602","479.108947753906","0","351.748291015625","0","0","0","465.765258789063","618.030517578125","0","618.030517578125","298.996734619141","418.486328125","0","0.0146137196570635","0.28785714507103","0","0","679.267517089844","0","11.5400562286377","0.0546778552234173","0","9","186","32","375","246","246","-1","0","187","0","45","0","3.76393699645996","0.349999994039536","0.0614124238491058","54","287","20460.0020826745","1023","20.00000203585","2.91000088388689","-0.853936112573071","10"
"default_evolutive","30","2","8","0","0","0","0","1.53990507125854","0","263.001647949219","10.0399436950684","533.655151367188","0","290.058471679688","0","0","0","533.226623535156","790.632446289063","0","790.632446289063","268.640869140625","417.567932128906","0","0.0131300520151854","0.421586245298386","0","0","804.768188476563","0","17.5973777770996","0.0240753851830959","0","9","202","40","373","254","254","-1","0","203","0","53","0","2.11594319343567","0.400000005960464","0.0614124238491058","72","287","20460.0003739462","1023","20.0000003655388","1.78473135932382","-0.331211834111846","10"
"default_evolutive","30","2","9","0","0","0","0","1.29935133457184","0","239.792922973633","12.042181968689","537.361572265625","0","308.523834228516","0","0","0","455.1513671875","822.083129882813","0","822.083129882813","256.389038085938","411.457824707031","0","0.0125312358140945","0.374172270298004","0","0","786.952392578125","0","15.464035987854","0.0355605967342854","0","9","217","48","371","262","262","-1","0","218","0","61","0","2.20582509040833","0.449999988079071","0.0614124238491058","74","292","20459.9962756716","1023","19.9999963594053","1.91922621089664","-0.28659887951169","10"
"default_evolutive","30","3","0","0","0","0","0","-1.24001610279083","0","1.52770757675171","348.642303466797","0","0","485.945068359375","0","0","0","50.4313659667969","57.778491973877","0","57.778491973877","50.516731262207","423.626098632813","0","0.00246904860250652","0.00291384826414287","0","0","349.640197753906","0","0.0508947893977165","0.509982049465179","0","9","121","0","400","220","220","-1","0","122","0","19","0","45","0.0833333358168602","0.0921186357736588","7","390","20459.9987261991","1023","19.9999987548378","57.9245729071932","12.9245729071932","10"
"default_evolutive","30","3","1","0","0","0","0","-2.36877799034119","0","1.18874418735504","292.179290771484","0","0","330.746337890625","0","0","0","32.1687088012695","53.1519432067871","0","53.1519432067871","36.4189834594727","282.636993408203","0","0.00178000889718533","0.00170982943382114","0","0","292.893432617188","0","0.0279640853404999","0.54313862323761","0","9","125","0","399","220","220","-1","0","126","0","19","0","45","0.100000001490116","0.0921186357736588","4","388","20460.0007994684","1023","20.0000007814941","NaN","NaN","10"
"default_evolutive","30","3","2","0","0","0","0","1.87527537345886","0","23.8735542297363","52.5083656311035","0","0","509.196655273438","0","0","0","174.626281738281","188.807373046875","0","188.807373046875","133.297836303711","506.634094238281","0","0.00651504565030336","0.0329707264900208","0","0","75.9413299560547","0","0.908442735671997","0.168425261974335","0","9","140","6","395","226","226","-1","0","141","0","25","0","12.3862066268921","0.150000005960464","0.0921186357736588","18","359","20460.0003527994","1023","20.0000003448674","11.3967008277526","-0.989505799139478","10"
"default_evolutive","30","3","3","0","0","0","0","2.33126473426819","0","61.8641700744629","29.4684276580811","73.8712768554688","0","477.344329833984","0","0","0","275.859222412109","314.549011230469","0","314.549011230469","204.655471801758","491.331298828125","0","0.0100027127191424","0.0867712423205376","0","0","164.60888671875","0","2.86391830444336","0.104994580149651","0","9","155","12","391","232","232","-1","0","156","0","31","0","8.47108364105225","0.200000002980232","0.0921186357736588","28","331","20459.9969576357","1023","19.9999970260368","6.61959149099054","-1.85149215006171","10"
"default_evolutive","30","3","4","0","0","0","0","2.49994134902954","0","90.4865798950195","23.0333194732666","83.9089889526367","0","457.886840820313","0","0","0","328.238647460938","397.143676757813","0","397.143676757813","242.784408569336","489.674865722656","0","0.011866295710206","0.130357891321182","0","0","196.900817871094","0","4.61884689331055","0.0839158073067665","0","9","171","19","388","239","239","-1","0","172","0","38","0","6.95301866531372","0.25","0.0921186357736588","38","319","20459.9998599833","1023","19.9999998631313","5.2227836840477","-1.73023498126602","10"
"default_evolutive","30","3","5","0","0","0","0","2.40671396255493","0","119.099563598633","18.4772624969482","457.255615234375","0","413.843902587891","0","0","0","340.366027832031","513.677978515625","0","513.677978515625","262.629089355469","439.226959228516","0","0.0128362206742167","0.174838528037071","0","0","593.504760742188","0","6.48105192184448","0.084618553519249","0","9","187","27","386","247","247","-1","0","188","0","46","0","6.0690131187439","0.300000011920929","0.0921186357736588","46","306","20460.0011187868","1023","20.0000010936332","4.21030519198323","-1.85870792676066","10"
"default_evolutive","30","3","6","0","0","0","0","2.08694982528687","0","157.537582397461","18.4567909240723","453.774047851563","0","387.035858154297","0","0","0","368.199554443359","631.012390136719","0","631.012390136719","276.006683349609","438.273742675781","0","0.0134900631383061","0.232338473200798","0","0","628.407775878906","0","9.05873870849609","0.0725427120923996","0","9","203","35","384","255","255","-1","0","204","0","54","0","4.35517740249634","0.349999994039536","0.0921186357736588","56","297","20459.9993728618","1023","19.9999993869617","3.32858604206794","-1.0265913604284","10"
"default_evolutive","30","3","7","0","0","0","0","2.54962563514709","0","48.39892578125","35.6599731445313","307.187683105469","0","462.931365966797","0","0","0","134.217590332031","502.202392578125","0","502.202392578125","175.237014770508","437.374053955078","0","0.00856485962867737","0.0674043968319893","0","0","388.981506347656","0","2.11123752593994","0.18193818628788","0","9","218","43","382","263","263","-1","0","219","0","62","0","9.26929473876953","0.400000005960464","0.0921186357736588","43","318","20459.9984550557","1023","19.9999984897905","7.30012559949999","-1.96916913926955","10"
"default_evolutive","30","3","8","0","0","0","0","1.204270362854","0","197.735427856445","17.4664688110352","337.495666503906","0","364.127624511719","0","0","0","373.942108154297","803.529052734375","0","803.529052734375","277.43994140625","455.308349609375","0","0.0135601153597236","0.30047333240509","0","0","551.701599121094","0","12.1285667419434","0.0468789637088776","0","9","232","51","380","271","271","-1","0","233","0","70","0","3.17436218261719","0.449999988079071","0.0921186357736588","79","309","20459.9986096214","1023","19.9999986408811","2.58658996253225","-0.587772220084936","10"
"default_evolutive","30","3","9","0","0","0","0","0.222628191113472","0","244.955596923828","12.4171295166016","527.469116210938","0","303.051025390625","0","0","0","410.953521728516","947.042541503906","0","947.042541503906","235.648178100586","413.408447265625","0","0.0115175060927868","0.389190465211868","0","0","782.559143066406","0","16.1045265197754","0.0339534021914005","0","9","248","60","379","280","280","-1","0","249","0","79","0","1.8938227891922","0.5","0.0921186357736588","92","307","20460.000298864","1023","20.0000002921447","1.69582994384962","-0.197992845342577","10"
"default_evolutive","30","3","10","0","0","0","0","0.458172917366028","0","181.833114624023","20.1445293426514","354.570434570313","0","376.659973144531","0","0","0","307.666839599609","890.923767089844","0","890.923767089844","264.326324462891","455.387908935547","0","0.0129191754385829","0.274107694625854","0","0","555.4765625","0","10.9135789871216","0.060952752828598","0","9","253","63","379","283","283","-1","0","254","0","82","0","3.33619451522827","0.516666650772095","0.0921186357736588","86","318","20459.9996121645","1023","19.9999996208841","2.70145112533312","-0.634743389895155","10"
"default_evolutive","30","4","0","0","0","0","0","1.96414506435394","0","14.6181192398071","75.0737075805664","0","0","521.118041992188","0","0","0","73.0354537963867","283.65869140625","0","283.65869140625","107.845199584961","508.820617675781","0","0.00527102639898658","0.020717142149806","0","0","89.2590866088867","0","0.522714555263519","0.233668997883797","0","9","178","4","398","242","242","-1","0","179","0","41","0","14.8723373413086","0.216666668653488","0.122824847698212","26","360","20459.9998978748","1023","19.9999999001709","14.7397100887886","-0.132627252520027","10"
"default_evolutive","30","4","1","0","0","0","0","1.99115872383118","0","14.0669708251953","77.6052551269531","0","0","522.060241699219","0","0","0","63.5114250183105","306.310577392578","0","306.310577392578","105.990112304688","508.955078125","0","0.0051803570240736","0.0194542203098536","0","0","91.2378463745117","0","0.50119549036026","0.238852500915527","0","9","183","7","398","245","245","-1","0","184","0","44","0","15.0704917907715","0.233333334326744","0.122824847698212","28","362","20460.0014655634","1023","20.0000014326133","15.4432902630547","0.372798472283197","10"
"default_evolutive","30","4","2","0","0","0","0","0.0184826087206602","0","11.4486112594604","89.3382873535156","0","0","527.051025390625","0","0","0","54.847053527832","294.585784912109","0","294.585784912109","97.4321670532227","509.652526855469","0","0.00476208049803972","0.0161571633070707","0","0","100.349594116211","0","0.395188808441162","0.265010118484497","0","9","188","9","396","247","247","-1","0","189","0","46","0","16.178352355957","0.25","0.122824847698212","28","362","20460.0000132988","1023","20.0000000129998","17.1416447638296","0.963292407872533","10"
"default_evolutive","30","4","3","0","0","0","0","2.56940245628357","0","33.736644744873","44.9881477355957","0","0","504.292053222656","0","0","0","112.057609558105","411.991516113281","0","411.991516113281","155.862228393555","505.13037109375","0","0.0076179001480341","0.0461667850613594","0","0","78.2917861938477","0","1.36098849773407","0.17376172542572","0","9","203","17","394","255","255","-1","0","204","0","54","0","10.865777015686","0.300000011920929","0.122824847698212","39","342","20459.9988664563","1023","19.9999988919416","9.49771352307982","-1.36806349260621","10"
"default_evolutive","30","4","4","0","0","0","0","2.53930616378784","0","53.9216346740723","33.904655456543","189.795959472656","0","473.5634765625","0","0","0","140.479598999023","529.2783203125","0","529.2783203125","186.934661865234","468.702270507813","0","0.00913659296929836","0.0743528082966805","0","0","276.421875","0","2.38865423202515","0.151058405637741","0","9","218","25","392","263","263","-1","0","219","0","62","0","9.03774452209473","0.349999994039536","0.122824847698212","48","330","20459.9966851309","1023","19.9999967596587","7.05843817073443","-1.9793063513603","10"
"default_evolutive","30","4","5","0","0","0","0","2.26648497581482","0","47.3391532897949","39.0417938232422","0","0","495.395843505859","0","0","0","114.607116699219","573.208740234375","0","573.208740234375","179.011657714844","503.448486328125","0","0.00874934811145067","0.0656938031315804","0","0","85.9485855102539","0","2.05051827430725","0.161652252078056","0","9","234","34","391","272","272","-1","0","235","0","71","0","8.5467004776001","0.400000005960464","0.122824847698212","52","328","20459.9994690534","1023","19.9999994809906","7.65360922480093","-0.893091252799167","10"
"default_evolutive","30","4","6","0","0","0","0","1.46030759811401","0","17.1405372619629","75.1521606445313","0","0","524.175964355469","0","0","0","39.8230895996094","593.341857910156","0","593.341857910156","114.216018676758","508.401336669922","0","0.0055824052542448","0.023628706112504","0","0","91.8584060668945","0","0.620247781276703","0.265807092189789","0","9","249","43","390","281","281","-1","0","250","0","80","0","12.8523111343384","0.449999988079071","0.122824847698212","43","348","20460.001285272","1023","20.0000012563754","13.6656255612659","0.813314426927516","10"
"default_evolutive","30","4","7","0","0","0","0","0.0706617161631584","0","177.319961547852","19.5296173095703","352.446136474609","0","379.680053710938","0","0","0","290.771270751953","914.709899902344","0","914.709899902344","270.725036621094","454.6083984375","0","0.0132319182157516","0.26597136259079","0","0","548.221496582031","0","10.5781688690186","0.0625809952616692","0","9","264","52","389","290","290","-1","0","265","0","89","0","3.57618021965027","0.5","0.122824847698212","93","327","20459.9992387207","1023","19.9999992558365","2.85160833826222","-0.724571881388045","10"
"default_evolutive","30","4","8","0","0","0","0","-1.33130621910095","0","204.046157836914","14.9147529602051","625.91064453125","0","329.587341308594","0","0","0","300.356781005859","1054.16003417969","0","1054.16003417969","247.468566894531","398.157531738281","0","0.0120952371507883","0.316624104976654","0","0","842.066833496094","0","12.7412729263306","0.0595430731773376","0","9","279","62","389","300","300","-1","0","280","0","99","0","2.66568541526794","0.550000011920929","0.122824847698212","104","327","20460.001222746","1023","20.0000011952551","2.1892669227241","-0.476418492543848","10"
"default_evolutive","30","4","9","0","0","0","0","-2.1505606174469","0","277.148223876953","14.0804042816162","192.713226318359","0","345.703094482422","0","0","0","377.927337646484","1166.8701171875","0","1166.8701171875","51.9755363464355","517.289611816406","0","0.00254034833051264","0.440992116928101","0","0","511.205841064453","0","18.4912204742432","0.00555142341181636","0","9","284","65","389","303","303","-1","0","285","0","102","0","0.0057295779697597","0.566666662693024","0.122824847698212","116","323","20460.003741277","1023","20.0000036571623","0.330055883761645","0.324326305791885","10"
"default_evolutive","45","0","0","0","0","0","0","-0.868575036525726","0","6.45014476776123","122.579925537109","0","0","540.76708984375","0","0","0","218.450942993164","44.5862236022949","0","44.5862236022949","74.4289321899414","510.76806640625","0","0.00363777787424624","0.0097399028018117","0","0","128.50309753418","0","0.199976667761803","-0.332391202449799","0","9","28","5","391","204","204","-1","0","29","0","3","0","22.3136405944824","0.0166666675359011","0","17","391","20459.9991431207","1023","19.9999991623858","21.9311536555139","-0.382486938968523","10"
"default_evolutive","45","0","1","0","0","0","0","-0.117492102086544","0","15.4431085586548","66.5910339355469","0","0","512.172424316406","0","0","0","309.120849609375","73.7347793579102","0","73.7347793579102","108.103393554688","508.204803466797","0","0.00528364488855004","0.0227929595857859","0","0","81.5697784423828","0","0.576274812221527","-0.154009222984314","0","9","37","9","393","208","208","-1","0","38","0","7","0","13.267557144165","0.0333333350718021","0","23","391","20460.0036215442","1023","20.0000035401214","13.4036816996461","0.136124555481054","10"
"default_evolutive","45","0","2","0","0","0","0","-0.733981728553772","0","38.9968109130859","38.491943359375","0","0","496.645202636719","0","0","0","282.981597900391","212.803512573242","0","212.803512573242","169.755859375","504.528015136719","0","0.00829696282744408","0.06021948158741","0","0","77.0737838745117","0","1.83838438987732","-0.142577141523361","0","9","43","11","393","210","210","-1","0","44","1","9","0","7.67841005325317","0.0500000007450581","0","30","391","20459.9999910201","1023","19.999999991222","7.91933088158645","0.240920828333271","10"
"default_evolutive","45","0","3","0","0","0","0","0.150056973099709","0","109.85652923584","20.8578605651855","36.5967864990234","0","445.707366943359","0","0","0","449.339599609375","376.007751464844","0","376.007751464844","263.215881347656","497.790252685547","0","0.0128649035468698","0.16895517706871","0","0","166.953475952148","0","6.13787841796875","-0.0526886694133282","0","9","61","16","394","215","215","-1","0","62","2","14","0","4.80482721328735","0.100000001490116","0","49","362","20459.9964849096","1023","19.999996563939","4.366950158937","-0.437877054350357","10"
"default_evolutive","45","0","4","0","0","0","0","0.916798770427704","0","186.508743286133","14.150505065918","57.0273017883301","0","390.7958984375","0","0","0","551.830200195313","535.936096191406","0","535.936096191406","317.475555419922","494.264770507813","0","0.0155168855562806","0.295745730400085","0","0","257.376708984375","0","11.4161062240601","-0.047462560236454","0","9","77","20","388","219","219","-1","0","78","3","18","0","3.82788300514221","0.150000005960464","0","70","337","20460.0049583675","1023","20.000004846889","3.00751755471079","-0.820365450431422","10"
"default_evolutive","45","1","0","0","0","0","0","0.757833957672119","0","15.32080078125","65.5734100341797","-11.4853687286377","0","509.113616943359","0","0","0","594.644653320313","37.9451103210449","0","37.9451103210449","107.926010131836","514.048278808594","0","0.00527497613802552","0.0225638579577208","0","0","91.5485153198242","0","0.578584730625153","0.0202894192188978","0","9","49","4","397","212","212","-1","0","50","0","11","0","14.3869485855103","0.0333333350718021","0.0307062119245529","22","391","20459.9996867917","1023","19.9999996938335","13.5197127410025","-0.867235844507741","10"
"default_evolutive","45","1","1","0","0","0","0","0.722105979919434","0","24.4086360931396","50.4372062683105","0","0","501.023956298828","0","0","0","494.401702880859","73.8195266723633","0","73.8195266723633","133.622055053711","506.434814453125","0","0.00653089163824916","0.0364964976906776","0","0","74.4045028686523","0","0.99668824672699","0.00840810127556324","0","9","54","5","396","213","213","-1","0","55","0","12","0","11.0761499404907","0.0500000007450581","0.0307062119245529","25","385","20460.0018581128","1023","20.000001816337","10.3083557666082","-0.767794173882498","10"
"default_evolutive","45","1","2","0","0","0","0","1.20149552822113","0","80.7649307250977","26.6958122253418","168.861083984375","0","459.358062744141","0","0","0","631.561401367188","187.810211181641","0","187.810211181641","222.111785888672","485.699920654297","0","0.0108559029176831","0.118613682687283","0","0","275.755981445313","0","4.11372041702271","0.00171362957917154","0","9","70","9","396","217","217","-1","0","71","0","16","0","6.55429887771606","0.100000001490116","0.0307062119245529","32","347","20460.0011231562","1023","20.0000010979044","5.25124141225549","-1.30305746546057","10"
"default_evolutive","45","1","3","0","0","0","0","1.15525257587433","0","173.884414672852","15.602725982666","192.972534179688","0","397.309783935547","0","0","0","764.975708007813","343.976501464844","0","343.976501464844","301.351623535156","486.006225585938","0","0.0147288171574473","0.263133674860001","0","0","382.071319580078","0","10.3214998245239","0.0222425740212202","0","9","85","12","389","220","220","-1","0","86","1","19","0","4.06898546218872","0.150000005960464","0.0307062119245529","41","311","20460.0016629838","1023","20.0000016255951","3.20878878349648","-0.860196678692242","10"
"default_evolutive","45","1","4","0","0","0","0","1.5264298915863","0","214.430114746094","12.6365070343018","241.225845336914","0","363.300964355469","0","0","0","777.910461425781","426.045318603516","0","426.045318603516","320.321502685547","477.19189453125","0","0.0156559888273478","0.331425130367279","0","0","467.831634521484","0","13.2695913314819","0.0213130917400122","0","9","101","17","384","225","225","-1","0","102","1","24","0","3.39628052711487","0.200000002980232","0.0307062119245529","51","299","20459.9981654312","1023","19.9999982066776","2.70756802534364","-0.688712501771228","10"
"default_evolutive","45","1","5","0","0","0","0","1.69139766693115","0","250.865600585938","10.5601987838745","267.788665771484","0","334.622741699219","0","0","0","812.943664550781","485.17529296875","0","485.17529296875","324.284149169922","476.174072265625","0","0.0158496666699648","0.394420146942139","0","0","528.659973144531","0","16.0712947845459","0.0134045984596014","0","9","119","25","382","233","233","-1","0","120","1","32","0","2.86438345909119","0.25","0.0307062119245529","62","291","20459.9980505863","1023","19.9999980944147","2.30303528123065","-0.561348177860539","10"
"default_evolutive","45","1","6","0","0","0","0","1.69236576557159","0","288.842651367188","8.40453624725342","541.655456542969","0","287.777770996094","0","0","0","815.321105957031","564.208251953125","0","564.208251953125","305.431579589844","442.131042480469","0","0.0149282282218337","0.460010915994644","0","0","837.926391601563","0","19.0416965484619","0.010686363093555","0","9","137","33","380","241","241","-1","0","138","1","40","0","2.23434495925903","0.300000011920929","0.0307062119245529","78","290","20460.0020210788","1023","20.0000019756391","1.85968349617984","-0.374661463079188","10"
"default_evolutive","45","1","7","0","0","0","0","1.68930721282959","0","340.54345703125","6.606285572052","735.760498046875","0","238.718658447266","0","0","0","785.387329101563","708.301391601563","0","708.301391601563","246.613388061523","425.920166015625","0","0.0120534393936396","0.556290924549103","0","0","1081.73364257813","0","23.1211585998535","0.00480833509936929","0","9","156","42","379","250","250","-1","0","157","2","49","0","1.67642986774445","0.349999994039536","0.0307062119245529","111","296","20460.0014989629","1023","20.0000014652618","1.24155402877543","-0.434875838969015","10"
"default_evolutive","45","1","8","0","0","0","0","1.67935574054718","0","356.160583496094","7.06036853790283","514.06103515625","0","244.698150634766","0","0","0","773.444030761719","753.431884765625","0","753.431884765625","221.438034057617","458.146148681641","0","0.0108229732140899","0.582737386226654","0","0","876.564697265625","0","24.1306705474854","0.00172168121207505","0","9","163","45","379","253","253","-1","0","164","3","52","0","1.54945194721222","0.366666674613953","0.0307062119245529","126","302","20460.0001937858","1023","20.0000001894289","1.06419520954089","-0.485256737671325","10"
"default_evolutive","45","2","0","0","0","0","0","0.821441173553467","0","2.55656933784485","212.769577026367","0","0","514.180114746094","0","0","0","174.517868041992","25.9647083282471","0","25.9647083282471","53.6634635925293","512.535522460938","0","0.00262284791097045","0.00453130574896932","0","0","214.820358276367","0","0.0880743637681007","0.0625349208712578","0","9","60","1","400","215","215","-1","0","61","0","14","0","37.4265899658203","0.0333333350718021","0.0614124238491058","9","397","20459.9982210459","1023","19.9999982610419","35.3681740605309","-2.05841590528944","10"
"default_evolutive","45","2","1","0","0","0","0","1.04221785068512","0","6.2499942779541","107.235137939453","0","0","513.2646484375","0","0","0","1819.36291503906","5.5606746673584","0","5.5606746673584","74.4209365844727","510.990570068359","0","0.00363738695159554","0.0101168854162097","0","0","113.042900085449","0","0.217367798089981","0.0917659774422646","0","9","65","2","399","216","216","-1","0","66","0","15","0","22.3822059631348","0.0500000007450581","0.0614124238491058","11","392","20459.9998776121","1023","19.9999998803637","21.0717180379441","-1.3104879251907","10"
"default_evolutive","45","2","2","0","0","0","0","1.35263526439667","0","39.3758811950684","38.3933639526367","0","0","492.942718505859","0","0","0","549.466247558594","101.181289672852","0","101.181289672852","167.581298828125","504.182281494141","0","0.00819068029522896","0.0555957071483135","0","0","77.3456192016602","0","1.72535669803619","0.0390284471213818","0","9","79","5","398","219","219","-1","0","80","0","18","0","9.55704784393311","0.100000001490116","0.0614124238491058","26","365","20459.9975567036","1023","19.999997611636","8.47198314859163","-1.08506469534148","10"
"default_evolutive","45","2","3","0","0","0","0","1.84265804290771","0","99.3153457641602","22.6904373168945","385.209899902344","0","435.984375","0","0","0","693.750854492188","205.535110473633","0","205.535110473633","240.068222045898","459.388641357422","0","0.0117335375398397","0.142590165138245","0","0","506.307281494141","0","5.14317655563354","0.0228499472141266","0","9","94","9","392","223","223","-1","0","95","0","22","0","6.65196371078491","0.150000005960464","0.0614124238491058","31","318","20460.0037482965","1023","20.0000036640239","4.72012391275876","-1.93183979802616","10"
"default_evolutive","45","2","4","0","0","0","0","1.95842039585114","0","137.152648925781","17.989673614502","388.359924316406","0","410.832061767578","0","0","0","685.96533203125","292.362274169922","0","292.362274169922","275.807037353516","458.08935546875","0","0.0134803047403693","0.200550392270088","0","0","542.659606933594","0","7.57763767242432","0.0143916253000498","0","9","112","16","389","230","230","-1","0","113","0","29","0","5.25045013427734","0.200000002980232","0.0614124238491058","40","304","20460.0001754826","1023","20.0000001715373","3.85413049529456","-1.39631963898278","10"
"default_evolutive","45","2","5","0","0","0","0","1.92486453056335","0","166.477157592773","15.7242994308472","426.826232910156","0","385.390350341797","0","0","0","684.961975097656","363.959411621094","0","363.959411621094","290.057952880859","450.391693115234","0","0.0141768306493759","0.249298349022865","0","0","608.074523925781","0","9.72705078125","0.0102831237018108","0","9","130","24","387","238","238","-1","0","131","0","37","0","4.34627532958984","0.25","0.0614124238491058","50","300","20459.9998444383","1023","19.9999998479358","3.25999338282098","-1.08628194676886","10"
"default_evolutive","45","2","6","0","0","0","0","1.68885612487793","0","227.944427490234","10.6141185760498","603.897216796875","0","329.50830078125","0","0","0","716.761169433594","482.1650390625","0","482.1650390625","305.771240234375","425.770202636719","0","0.0149448281154037","0.345597177743912","0","0","841.113464355469","0","14.0672817230225","0.00606309110298753","0","9","149","33","386","247","247","-1","0","150","0","46","0","2.90877342224121","0.300000011920929","0.0614124238491058","63","292","20460.0038135746","1023","20.0000037278344","2.47844233177363","-0.430331090467581","10"
"default_evolutive","45","2","7","0","0","0","0","1.37108516693115","0","226.410034179688","10.5973119735718","613.074096679688","0","322.942047119141","0","0","0","665.554504394531","518.167602539063","0","518.167602539063","292.526214599609","412.310333251953","0","0.0142974695190787","0.344868808984756","0","0","848.330261230469","0","14.053050994873","0.0129194566980004","0","9","167","41","384","255","255","-1","0","168","0","54","0","2.69141387939453","0.349999994039536","0.0614124238491058","68","294","20459.999177425","1023","19.9999991959188","2.37603270279076","-0.315381176603774","10"
"default_evolutive","45","2","8","0","0","0","0","1.10006976127625","0","200.130706787109","11.4709453582764","747.27099609375","0","331.922882080078","0","0","0","573.781066894531","515.473449707031","0","515.473449707031","286.217895507813","386.0107421875","0","0.0139891440048814","0.295768886804581","0","0","956.439331054688","0","11.8585863113403","0.0284887868911028","0","9","186","50","383","264","264","-1","0","187","0","63","0","3.25205898284912","0.400000005960464","0.0614124238491058","70","300","20460.000655361","1023","20.0000006406266","2.71096128215474","-0.541097700694378","10"
"default_evolutive","45","2","9","0","0","0","0","0.208383828401566","0","300.616577148438","7.77812671661377","946.457580566406","0","263.62646484375","0","0","0","668.380737304688","699.582946777344","0","699.582946777344","152.90478515625","405.301727294922","0","0.00747335189953446","0.467587739229202","0","0","1252.66442871094","0","19.6120262145996","0.00508756190538406","0","9","204","59","382","273","273","-1","0","205","0","72","0","0.689714670181274","0.449999988079071","0.0614124238491058","91","297","20460.0007080859","1023","20.000000692166","0.915784770900066","0.226070100718792","10"
"default_evolutive","45","3","0","0","0","0","0","-1.93404722213745","0","1.41698145866394","313.952697753906","0","0","394.746917724609","0","0","0","240.066177368164","8.82239723205566","0","8.82239723205566","42.1976089477539","375.769256591797","0","0.00206244410946965","0.00211795908398926","0","0","314.846038818359","0","0.0353729799389839","0.305728703737259","0","9","83","0","400","220","220","-1","0","84","0","19","0","45","0.0833333358168602","0.0921186357736588","6","391","20460.0011966408","1023","20.0000011697369","76.8526718962692","31.8526718962692","10"
"default_evolutive","45","3","1","0","0","0","0","-3.97137045860291","0","1.26945745944977","324.512268066406","0","0","320.659851074219","0","0","0","133.112854003906","11.8677768707275","0","11.8677768707275","37.1074333190918","303.215270996094","0","0.0018136576982215","0.00157975347246975","0","0","325.237670898438","0","0.0246679596602917","0.32451069355011","0","9","87","0","399","220","220","-1","0","88","0","19","0","45","0.100000001490116","0.0921186357736588","4","389","20459.9982430421","1023","19.9999982825436","NaN","NaN","10"
"default_evolutive","45","3","2","0","0","0","0","1.87644457817078","0","24.6315212249756","51.677360534668","0","0","503.511596679688","0","0","0","387.480346679688","87.2799530029297","0","87.2799530029297","134.561309814453","506.527618408203","0","0.00657679932191968","0.0338192656636238","0","0","75.8787155151367","0","0.949428021907806","0.0888168588280678","0","9","105","7","396","227","227","-1","0","106","0","26","0","12.1567840576172","0.150000005960464","0.0921186357736588","19","359","20459.9993443584","1023","19.9999993590991","11.2137064091106","-0.943077648506605","10"
"default_evolutive","45","3","3","0","0","0","0","2.34748673439026","0","57.355827331543","31.066333770752","83.8948364257813","0","477.561950683594","0","0","0","422.115905761719","188.823135375977","0","188.823135375977","196.297012329102","490.04736328125","0","0.00959418434649706","0.0797052457928658","0","0","171.687637329102","0","2.58372116088867","0.0532288439571857","0","9","123","15","394","235","235","-1","0","124","0","34","0","8.72659301757813","0.200000002980232","0.0921186357736588","31","339","20460.0000625141","1023","20.0000000611086","6.91350281825954","-1.81309019931858","10"
"default_evolutive","45","3","4","0","0","0","0","2.17240691184998","0","101.622276306152","20.2916259765625","551.155639648438","0","418.804229736328","0","0","0","480.67529296875","298.451873779297","0","298.451873779297","242.566299438477","424.799407958984","0","0.0118556348606944","0.143458440899849","0","0","671.453002929688","0","5.15536785125732","0.040922749787569","0","9","142","23","392","243","243","-1","0","143","0","42","0","6.82424116134644","0.25","0.0921186357736588","42","316","20460.0008593946","1023","20.000000840073","4.74042113713888","-2.08382002420756","10"
"default_evolutive","45","3","5","0","0","0","0","2.01130223274231","0","125.639694213867","17.1071128845215","562.665832519531","0","402.548126220703","0","0","0","504.873687744141","354.725128173828","0","354.725128173828","266.346923828125","422.045654296875","0","0.0130179338157177","0.17909137904644","0","0","703.782287597656","0","6.6325888633728","0.038374736905098","0","9","161","32","391","252","252","-1","0","162","0","51","0","5.76332950592041","0.300000011920929","0.0921186357736588","53","311","20459.999843181","1023","19.9999998467068","4.16843647072556","-1.59489303519485","10"
"default_evolutive","45","3","6","0","0","0","0","1.44799983501434","0","159.761825561523","12.3951759338379","838.864196777344","0","361.059783935547","0","0","0","512.209533691406","452.528076171875","0","452.528076171875","285.221862792969","385.166748046875","0","0.0139404619112611","0.231789201498032","0","0","1008.68341064453","0","8.92808151245117","0.0396746508777142","0","9","179","41","390","261","261","-1","0","180","0","60","0","4.63545560836792","0.349999994039536","0.0921186357736588","63","305","20460.0008671569","1023","20.0000008476607","3.4480120623436","-1.18744354602432","10"
"default_evolutive","45","3","7","0","0","0","0","0.978881895542145","0","156.641204833984","13.1249895095825","830.177001953125","0","356.969177246094","0","0","0","437.984191894531","511.966552734375","0","511.966552734375","274.241973876953","372.360229492188","0","0.0134038114920259","0.224233254790306","0","0","997.113220214844","0","8.70291996002197","0.0434637181460857","0","9","198","50","389","270","270","-1","0","199","0","69","0","4.31225347518921","0.400000005960464","0.0921186357736588","66","308","20459.9993099056","1023","19.9999993254209","3.42696678246147","-0.885286692727735","10"
"default_evolutive","45","3","8","0","0","0","0","-0.0725418329238892","0","383.447479248047","3.9283013343811","760.321350097656","0","303.026977539063","0","0","0","743.051208496094","843.032287597656","0","843.032287597656","-7.03150749206543","530.115051269531","0","-0.000343670486472547","0.626416206359863","0","0","1146.234375","0","26.2852058410645","0.00792323891073465","0","9","216","59","388","279","279","-1","0","217","2","78","0","0.0057295779697597","0.449999988079071","0.0921186357736588","139","308","20460.0271738118","1023","20.0000265628659","-0.031434165751292","-0.0371637437210517","10"
"default_evolutive","45","4","0","0","0","0","0","-11.3589286804199","0","1.6328125","726.832458496094","0","0","348.076263427734","0","0","0","13.7930583953857","124.557106018066","0","124.557106018066","56.6078681945801","314.963439941406","0","0.00276675797067583","0.00171802344266325","0","0","727.528259277344","0","0.0266381893306971","0.432593107223511","0","9","141","5","399","243","243","-1","0","142","0","42","0","45","0.216666668653488","0.122824847698212","11","378","20460.0000414032","1023","20.0000000404724","NaN","NaN","10"
"default_evolutive","45","4","1","0","0","0","0","1.32760417461395","0","17.8802509307861","70.6218032836914","0","0","508.084930419922","0","0","0","144.099243164063","173.957748413086","0","173.957748413086","116.762893676758","508.2333984375","0","0.00570688582956791","0.0250671785324812","0","0","88.0919189453125","0","0.664093732833862","0.105811342597008","0","9","147","8","399","246","246","-1","0","148","0","45","0","12.8813524246216","0.233333334326744","0.122824847698212","31","361","20460.001682844","1023","20.0000016450088","13.159560351454","0.278207926832442","10"
"default_evolutive","45","4","2","0","0","0","0","1.35738980770111","0","14.6880073547363","79.831901550293","0","0","510.385528564453","0","0","0","111.072448730469","186.388076782227","0","186.388076782227","107.454147338867","508.958190917969","0","0.00525191426277161","0.0207025799900293","0","0","94.1094970703125","0","0.53256618976593","0.116503357887268","0","9","153","10","397","248","248","-1","0","154","0","47","0","13.6521759033203","0.25","0.122824847698212","31","363","20459.9964817705","1023","19.9999965608704","14.6956226281876","1.04344672486729","10"
"default_evolutive","45","4","3","0","0","0","0","2.11979937553406","0","40.5840454101563","42.305347442627","91.8459167480469","0","486.334899902344","0","0","0","200.118515014648","282.084686279297","0","282.084686279297","164.771926879883","488.234008789063","0","0.00805336982011795","0.0564503632485867","0","0","173.967636108398","0","1.69417524337769","0.0766716450452805","0","9","171","19","396","257","257","-1","0","172","0","56","0","9.71820449829102","0.300000011920929","0.122824847698212","44","345","20459.9975613028","1023","19.9999976161318","8.20196268437635","-1.51624181391466","10"
"default_evolutive","45","4","4","0","0","0","0","1.06267917156219","0","20.1532707214355","72.0506134033203","0","0","506.695404052734","0","0","0","94.4657821655273","297.050842285156","0","297.050842285156","121.368667602539","507.918426513672","0","0.00593199813738465","0.0280611403286457","0","0","91.7990417480469","0","0.757124125957489","0.10023444890976","0","9","190","28","395","266","266","-1","0","191","0","65","0","11.5766143798828","0.349999994039536","0.122824847698212","46","357","20459.9975913089","1023","19.9999976454633","12.2041433602804","0.627528980397585","10"
"default_evolutive","45","4","5","0","0","0","0","0.78114253282547","0","16.311731338501","88.4586639404297","0","0","509.271362304688","0","0","0","64.0295333862305","354.950561523438","0","354.950561523438","110.229248046875","508.803436279297","0","0.00538754928857088","0.022727319970727","0","0","104.363609313965","0","0.595156669616699","0.1095200330019","0","9","208","37","394","275","275","-1","0","209","0","74","0","11.6841220855713","0.400000005960464","0.122824847698212","47","357","20459.9980701271","1023","19.9999981135163","13.712593671229","2.02847158565774","10"
"default_evolutive","45","4","6","0","0","0","0","0.70463889837265","0","71.4057312011719","30.8544654846191","0","0","476.201354980469","0","0","0","202.913040161133","483.075714111328","0","483.075714111328","211.843872070313","500.994659423828","0","0.0103540504351258","0.0980223640799522","0","0","101.845962524414","0","3.27559423446655","0.05744394287467","0","9","227","47","394","285","285","-1","0","228","0","84","0","6.71214962005615","0.449999988079071","0.122824847698212","71","341","20460.0000161906","1023","20.0000000158266","6.06343440529401","-0.648715214762147","10"
"default_evolutive","45","4","7","0","0","0","0","0.0824871957302094","0","31.1314907073975","52.5552673339844","0","0","500.466125488281","0","0","0","85.274658203125","501.982604980469","0","501.982604980469","146.496780395508","505.945129394531","0","0.00716015510261059","0.0428063981235027","0","0","83.2757110595703","0","1.25105857849121","0.0950174108147621","0","9","244","56","393","294","294","-1","0","245","0","93","0","8.8660306930542","0.5","0.122824847698212","64","351","20460.0009770871","1023","20.0000009551194","9.62903300600394","0.763002312949745","10"
"default_evolutive","45","4","8","0","0","0","0","-0.921710669994354","0","48.2326126098633","34.277587890625","727.417358398438","0","414.799163818359","0","0","0","108.520286560059","609.242980957031","0","609.242980957031","159.538757324219","350.317535400391","0","0.0077975932508707","0.0661152228713036","0","0","805.2392578125","0","2.08472013473511","0.115645565092564","0","9","262","66","393","304","304","-1","0","263","0","103","0","8.72697734832764","0.550000011920929","0.122824847698212","74","347","20459.9999245157","1023","19.9999999262128","6.77319745815303","-1.95377989017461","10"
"default_evolutive","45","4","9","0","0","0","0","-2.86206102371216","0","137.219299316406","18.0733489990234","699.843383789063","0","370.484558105469","0","0","0","248.038955688477","794.632751464844","0","794.632751464844","230.361968994141","372.762329101563","0","0.0112591395154595","0.197099879384041","0","0","851.575561523438","0","7.39407539367676","0.0528047531843185","0","9","281","77","394","315","315","-1","0","282","0","114","0","3.38881373405457","0.600000023841858","0.122824847698212","101","339","20459.9977358695","1023","19.9999977867737","3.27474853186492","-0.114065202189645","10"
"default_evolutive","45","4","10","0","0","0","0","-3.30132269859314","0","157.457000732422","17.078052520752","588.84814453125","0","364.370788574219","0","0","0","275.93017578125","831.279174804688","0","831.279174804688","231.696838378906","388.303497314453","0","0.0113243814557791","0.229375004768372","0","0","760.257934570313","0","8.76018905639648","0.0433209389448166","0","9","286","80","394","318","318","-1","0","287","0","117","0","2.48699975013733","0.616666674613953","0.122824847698212","106","339","20459.9994519494","1023","19.9999994642712","2.82987733519426","0.342877585056927","10"
"default_evolutive","5","0","0","0","0","0","0","-1.71442806720734","0","11.9108848571777","74.5431823730469","0","0","508.112640380859","0","0","0","380.778686523438","45.4385643005371","0","45.4385643005371","95.6436538696289","509.001403808594","0","0.00467466469854116","0.0173020381480455","0","0","85.9903717041016","0","0.41886031627655","-0.00976982526481152","0","9","181","2","388","201","201","-1","0","182","0","0","0","14.6594800949097","0.0166666675359011","0","16","386","20460.0030242761","1023","20.0000029562816","15.6749795093806","1.01549941447088","10"
"default_evolutive","5","0","1","0","0","0","0","-1.66233277320862","0","15.9300622940063","62.9829483032227","0","0","505.870086669922","0","0","0","248.742706298828","91.3410034179688","0","91.3410034179688","109.320541381836","507.998046875","0","0.00534313451498747","0.0227204076945782","0","0","78.4548797607422","0","0.590129792690277","-0.0029401236679405","0","9","182","2","386","201","201","-1","0","183","0","0","0","12.4496822357178","0.0333333350718021","0","17","385","20460.0017228075","1023","20.0000016840738","13.6015818254598","1.15189958974207","10"
"default_evolutive","5","0","2","0","0","0","0","-1.11023843288422","0","41.0594940185547","35.6050224304199","0","0","490.365661621094","0","0","0","330.584289550781","182.160751342773","0","182.160751342773","173.580673217773","503.892761230469","0","0.00848390348255634","0.06021948158741","0","0","76.2454681396484","0","1.9353621006012","-0.0143859926611185","0","9","183","3","385","202","202","-1","0","184","0","1","0","7.43283128738403","0.0500000007450581","0","22","383","20460.0009387979","1023","20.000000917691","8.09894689937603","0.666115611991996","10"
"default_evolutive","5","0","3","0","0","0","0","-0.408661007881165","0","78.9663543701172","23.0102787017822","0","0","464.718200683594","0","0","0","377.908264160156","320.662109375","0","320.662109375","239.151779174805","500.311614990234","0","0.0116887483745813","0.121180862188339","0","0","101.603736877441","0","4.3090968132019","-0.0082220695912838","0","9","185","4","382","203","203","-1","0","186","0","2","0","5.57702255249023","0.100000001490116","0","37","370","20459.9989246813","1023","19.9999989488576","5.53518779776091","-0.0418347547293267","10"
"default_evolutive","5","0","4","0","0","0","0","0.189744114875793","0","132.241714477539","15.5793266296387","0","0","425.431488037109","0","0","0","419.106079101563","509.347015380859","0","509.347015380859","299.514312744141","497.423034667969","0","0.0146390181034803","0.213470429182053","0","0","147.498748779297","0","8.07912445068359","-0.00608900748193264","0","9","188","5","373","204","204","-1","0","189","0","3","0","4.80758476257324","0.150000005960464","0","55","352","20460.0001603204","1023","20.0000001567159","3.93222026002893","-0.87536450254431","10"
"default_evolutive","5","0","5","0","0","0","0","0.597308993339539","0","194.302185058594","10.8351097106934","0","0","375.529479980469","0","0","0","464.773651123047","698.347045898438","0","698.347045898438","341.503723144531","495.789276123047","0","0.0166912879794836","0.324573308229446","0","0","204.866073608398","0","12.9698162078857","-0.00454767979681492","0","9","190","6","364","205","205","-1","0","191","0","4","0","4.35350179672241","0.200000002980232","0","72","330","20459.998267617","1023","19.999998306566","2.94775435016141","-1.405747446561","10"
"default_evolutive","5","0","6","0","0","0","0","0.796882092952728","0","246.481094360352","7.98836755752563","33.7527732849121","0","327.068695068359","0","0","0","510.715118408203","842.300964355469","0","842.300964355469","356.166778564453","494.690032958984","0","0.0174079556018114","0.430175840854645","0","0","287.990386962891","0","17.743860244751","-0.00450280867516994","0","9","192","7","355","206","206","-1","0","193","0","5","0","4.01900053024292","0.25","0","92","315","20460.0003993227","1023","20.0000003903448","2.31922558908694","-1.69977494115598","10"
"default_evolutive","5","0","7","0","0","0","0","0.859119772911072","0","308.218017578125","5.4680814743042","32.1480674743652","0","273.41845703125","0","0","0","528.294982910156","1034.88928222656","0","1034.88928222656","366.979309082031","494.842071533203","0","0.0179364290088415","0.546726822853088","0","0","345.646392822266","0","23.0974407196045","-0.00509922485798597","0","9","193","7","345","206","206","-1","0","194","0","5","0","3.54639983177185","0.300000011920929","0","113","298","20459.9984144633","1023","19.9999984501108","1.88003604303491","-1.66636378873694","10"
"default_evolutive","5","0","8","0","0","0","0","0.759602844715118","0","361.958923339844","3.70739936828613","0","0","227.179656982422","0","0","0","531.266235351563","1229.10168457031","0","1229.10168457031","371.471008300781","495.639129638672","0","0.018155962228775","0.652980208396912","0","0","365.514373779297","0","27.7442798614502","-0.00139160442631692","0","9","196","9","337","208","208","-1","0","197","1","7","0","2.97010660171509","0.349999994039536","0","130","280","20460.0011621551","1023","20.0000011360265","1.59330107432798","-1.3768055273871","10"
"default_evolutive","5","0","9","0","0","0","0","0.430626630783081","0","417.282257080078","2.39429497718811","0","0","178.184417724609","0","0","0","543.282531738281","1425.34130859375","0","1425.34130859375","344.586700439453","497.439819335938","0","0.0168419722467661","0.774363040924072","0","0","419.558807373047","0","32.7167205810547","-0.00834944937378168","0","9","197","9","327","208","208","-1","0","198","1","7","0","2.12000441551208","0.400000005960464","0","151","259","20459.9969285437","1023","19.999996997599","1.24625011741948","-0.873754298092605","10"
"default_evolutive","5","0","10","0","0","0","0","-0.265920490026474","0","471.780578613281","1.11937880516052","38.0554618835449","0","141.817565917969","0","0","0","535.205688476563","1671.396484375","0","1671.396484375","265.085693359375","499.992858886719","0","0.012956291437149","0.894540846347809","0","0","510.849304199219","0","36.469123840332","-0.0170413795858622","0","8","199","10","318","209","209","-1","0","200","2","8","0","0.835705101490021","0.449999988079071","0","176","234","20459.9977273825","1023","19.9999977784775","0.8298857764615","-0.00581932502852089","10"
"default_evolutive","5","0","11","0","0","0","0","-0.667778193950653","0","485.714813232422","0.632314383983612","37.3539161682129","0","139.368621826172","0","0","0","520.963745117188","1775.67297363281","0","1775.67297363281","208.595458984375","503.757354736328","0","0.0101952813565731","0.925061225891113","0","0","523.603637695313","0","37.0062370300293","-0.12455341219902","0","7","201","11","316","210","210","-1","0","202","3","9","0","0.390746027231216","0.466666668653488","0","178","222","20460.0002382366","1023","20.0000002328804","0.631480806085712","0.240734778854495","10"
"default_evolutive","5","0","12","0","0","0","0","-1.1046484708786","0","495.924407958984","1.0859979391098","-8.90111064910889","0","194.599075317383","0","0","0","508.045623779297","1871.85302734375","0","1871.85302734375","195.24983215332","553.068420410156","0","0.00954300258308649","0.950986742973328","0","0","505.784790039063","0","37.0023803710938","-0.294669181108475","0","5","201","11","313","210","210","-1","0","202","3","9","0","0.0057295779697597","0.483333349227905","0","179","212","20459.999927001","1023","19.9999999286423","0.574963799655595","0.569234221685835","10"
"default_evolutive","5","1","0","0","0","0","0","-1.23601377010345","0","4.9716534614563","127.522674560547","0","0","515.235107421875","0","0","0","164.237380981445","45.9168128967285","0","45.9168128967285","66.8032836914063","511.372772216797","0","0.00326506746932864","0.0075412574224174","0","0","132.020217895508","0","0.161148652434349","0.114517167210579","0","9","197","0","395","208","208","-1","0","198","0","7","0","23.981559753418","0.0166666675359011","0.0307062119245529","17","393","20460.0010011867","1023","20.0000009786772","25.6555968219619","1.67403706854391","10"
"default_evolutive","5","1","1","0","0","0","0","-1.1646021604538","0","15.5299110412598","66.8603591918945","0","0","511.068115234375","0","0","0","240.937652587891","93.4903945922852","0","93.4903945922852","108.304100036621","508.174743652344","0","0.00529345544055104","0.022525355219841","0","0","81.9278869628906","0","0.58654260635376","0.141057342290878","0","9","197","0","393","208","208","-1","0","198","0","7","0","12.8609457015991","0.0333333350718021","0.0307062119245529","19","388","20460.0003254862","1023","20.0000003181683","13.591614218248","0.730668516648853","10"
"default_evolutive","5","1","2","0","0","0","0","-1.09409880638123","0","25.7978897094727","47.9120101928711","0","0","502.868865966797","0","0","0","259.161560058594","141.061950683594","0","141.061950683594","138.317642211914","506.118103027344","0","0.00676039280369878","0.0365578345954418","0","0","73.2658538818359","0","1.06516480445862","0.103830300271511","0","9","197","0","391","208","208","-1","0","198","0","7","0","9.77813148498535","0.0500000007450581","0.0307062119245529","21","383","20460.0008059054","1023","20.0000007877863","10.6566563120875","0.878524827102192","10"
"default_evolutive","5","1","3","0","0","0","0","-0.318691730499268","0","74.3764266967773","24.9140472412109","0","0","469.406646728516","0","0","0","388.753692626953","286.029968261719","0","286.029968261719","229.709701538086","500.769256591797","0","0.0112272594124079","0.11119519919157","0","0","98.9083709716797","0","3.9296088218689","0.0533118881285191","0","9","199","1","388","209","209","-1","0","200","0","8","0","5.89269208908081","0.100000001490116","0.0307062119245529","28","358","20459.9976806647","1023","19.9999977328101","5.79496766750493","-0.0977244215758786","10"
"default_evolutive","5","1","4","0","0","0","0","0.497420907020569","0","144.811126708984","15.3082180023193","0","0","416.291778564453","0","0","0","440.42919921875","528.197326660156","0","528.197326660156","301.640167236328","497.319030761719","0","0.0147429211065173","0.232633545994759","0","0","159.802825927734","0","9.00172424316406","0.0293289963155985","0","9","201","2","379","210","210","-1","0","202","0","9","0","4.75942993164063","0.150000005960464","0.0307062119245529","37","322","20460.0000947562","1023","20.0000000926259","3.63349868578378","-1.12593124585684","10"
"default_evolutive","5","1","5","0","0","0","0","0.876070022583008","0","200.185028076172","10.7594423294067","0","0","370.358154296875","0","0","0","460.352905273438","724.274353027344","0","724.274353027344","340.120758056641","495.695587158203","0","0.0166236944496632","0.333421796560287","0","0","210.673156738281","0","13.4880504608154","0.0208175629377365","0","9","203","3","370","211","211","-1","0","204","0","10","0","4.22823667526245","0.200000002980232","0.0307062119245529","48","299","20459.9981722795","1023","19.9999982133719","2.85782925581008","-1.37040741945237","10"
"default_evolutive","5","1","6","0","0","0","0","1.02267909049988","0","247.340942382813","7.75033330917358","0","0","328.449768066406","0","0","0","484.151702880859","873.579467773438","0","873.579467773438","366.001586914063","494.730072021484","0","0.017888642847538","0.422944962978363","0","0","254.857070922852","0","17.619161605835","0.0262222923338413","0","9","205","4","361","212","212","-1","0","206","0","11","0","3.80566692352295","0.25","0.0307062119245529","58","281","20459.9974427034","1023","19.9999975001989","2.42407311113651","-1.38159381238644","10"
"default_evolutive","5","1","7","0","0","0","0","1.09713852405548","0","280.847412109375","6.16122484207153","0","0","298.770355224609","0","0","0","497.005096435547","981.554565429688","0","981.554565429688","377.530639648438","494.455627441406","0","0.0184521339833736","0.487837642431259","0","0","286.79931640625","0","20.5731258392334","0.0379982888698578","0","9","207","5","352","213","213","-1","0","208","0","12","0","3.47728419303894","0.300000011920929","0.0307062119245529","67","271","20459.9988266188","1023","19.9999988529998","2.16769188987073","-1.30959230316821","10"
"default_evolutive","5","1","8","0","0","0","0","1.04098427295685","0","309.320495605469","5.658522605896","0","0","273.798400878906","0","0","0","505.182220458984","1083.1435546875","0","1083.1435546875","372.057189941406","495.088958740234","0","0.0181846115738153","0.547184884548187","0","0","314.789154052734","0","23.1340084075928","0.0676943957805634","0","9","208","5","342","213","213","-1","0","209","0","12","0","3.00668907165527","0.349999994039536","0.0307062119245529","70","258","20460.0020424491","1023","20.000001996529","1.90446308118478","-1.1022259904705","10"
"default_evolutive","5","1","9","0","0","0","0","0.716647088527679","0","362.315277099609","4.21266317367554","0","0","228.559539794922","0","0","0","488.808502197266","1336.74475097656","0","1336.74475097656","350.148132324219","496.897186279297","0","0.0171137899160385","0.653412222862244","0","0","366.373260498047","0","27.7712364196777","0.0945827513933182","0","8","210","6","333","214","214","-1","0","211","0","13","0","2.24731516838074","0.400000005960464","0.0307062119245529","83","243","20459.9994531936","1023","19.9999994654874","1.50082914993026","-0.746486018450475","10"
"default_evolutive","5","1","10","0","0","0","0","0.716647088527679","0","366.339019775391","4.28746891021729","0","0","226.846954345703","0","0","0","495.611968994141","1336.74475097656","0","1336.74475097656","340.079742431641","497.577667236328","0","0.0166216902434826","0.662506699562073","0","0","370.473937988281","0","28.0241870880127","0.115342915058136","0","8","210","6","330","214","214","-1","0","211","0","13","0","2.02973008155823","0.416666686534882","0.0307062119245529","78","238","20459.9975965132","1023","19.9999976505505","1.43764982620536","-0.592080255352865","10"
"default_evolutive","5","1","11","0","0","0","0","-0.46369081735611","0","414.805511474609","2.49805808067322","0","0","193.414352416992","0","0","0","445.515686035156","1724.91918945313","0","1724.91918945313","217.276977539063","504.897888183594","0","0.0106195984408259","0.768478572368622","0","0","417.177185058594","0","31.8927974700928","0.183253392577171","0","6","211","7","328","215","215","-1","0","212","0","14","0","0.560109317302704","0.433333367109299","0.0307062119245529","70","219","20459.999382252","1023","19.9999993961407","0.791795077839352","0.231685760536648","10"
"default_evolutive","5","2","0","0","0","0","0","-1.06685328483582","0","3.04290795326233","398.240570068359","0","0","680.471069335938","0","0","0","69.2628631591797","69.5147247314453","0","69.5147247314453","68.0486373901367","512.3369140625","0","0.0033259354531765","0.00481478869915009","0","0","400.393402099609","0","0.094322457909584","0.716808140277863","0","9","209","0","399","214","214","-1","0","210","0","13","0","43.9648170471191","0.0333333350718021","0.0614124238491058","6","395","20459.9994041212","1023","19.9999994175183","43.6914828143822","-0.273334232736985","10"
"default_evolutive","5","2","1","0","0","0","0","-0.960754871368408","0","7.0120906829834","118.891967773438","0","0","558.319213867188","0","0","0","132.147201538086","79.368537902832","0","79.368537902832","79.6388244628906","510.735687255859","0","0.00389241543598473","0.0104883313179016","0","0","125.384239196777","0","0.235820531845093","0.415599346160889","0","9","210","0","397","214","214","-1","0","211","0","13","0","21.3848743438721","0.0500000007450581","0.0614124238491058","10","391","20460.0011927409","1023","20.0000011659246","21.7846268224289","0.399752478556813","10"
"default_evolutive","5","2","2","0","0","0","0","0.182877436280251","0","45.3582458496094","35.7145805358887","0","0","498.244964599609","0","0","0","234.757522583008","282.384552001953","0","282.384552001953","183.057861328125","503.692779541016","0","0.00894710887223482","0.0662918984889984","0","0","80.6536026000977","0","2.12530946731567","0.200043648481369","0","9","211","1","394","215","215","-1","0","212","0","14","0","8.31803512573242","0.100000001490116","0.0614124238491058","22","353","20460.0015426436","1023","20.0000015079605","7.75661597124155","-0.561419154490869","10"
"default_evolutive","5","2","3","0","0","0","0","0.79824036359787","0","91.2626647949219","23.3348331451416","0","0","463.603607177734","0","0","0","319.670471191406","439.939300537109","0","439.939300537109","251.083862304688","500.07373046875","0","0.0122719388455153","0.140635594725609","0","0","114.229080200195","0","5.0883584022522","0.171995848417282","0","9","213","2","385","216","216","-1","0","214","0","15","0","6.40021467208862","0.150000005960464","0.0614124238491058","24","312","20459.9994724098","1023","19.9999994842716","5.00602746167321","-1.39418721041541","10"
"default_evolutive","5","2","4","0","0","0","0","1.23595118522644","0","125.84854888916","18.0704250335693","0","0","435.140075683594","0","0","0","336.510620117188","595.970397949219","0","595.970397949219","288.395782470703","498.208770751953","0","0.0140955904498696","0.200550377368927","0","0","143.581695556641","0","7.66729259490967","0.154611572623253","0","9","215","3","376","217","217","-1","0","216","0","16","0","5.47554779052734","0.200000002980232","0.0614124238491058","27","291","20460.0001324081","1023","20.0000001294312","4.0303304340564","-1.44521735647094","10"
"default_evolutive","5","2","5","0","0","0","0","1.4686826467514","0","190.643859863281","11.6181011199951","0","0","377.579467773438","0","0","0","378.444213867188","838.927551269531","0","838.927551269531","335.833984375","495.990814208984","0","0.0164141729474068","0.317487299442291","0","0","201.980834960938","0","12.9716720581055","0.102240525186062","0","9","216","3","366","218","217","-1","0","217","0","16","0","4.16923713684082","0.25","0.0614124238491058","34","273","20460.0003576822","1023","20.0000003496405","2.96352757474234","-1.20570956209848","10"
"default_evolutive","5","2","6","0","0","0","0","1.55643999576569","0","220.545013427734","9.68524742126465","0","0","351.529693603516","0","0","0","380.013732910156","989.401306152344","0","989.401306152344","350.511505126953","495.522033691406","0","0.0171315483748913","0.375986069440842","0","0","229.974090576172","0","15.540379524231","0.104970835149288","0","9","218","4","357","221","218","-1","0","220","0","17","0","3.62059283256531","0.300000011920929","0.0614124238491058","37","265","20460.0014812834","1023","20.0000014479798","2.61154712312171","-1.0090457094436","10"
"default_evolutive","5","2","7","0","0","0","0","1.62163877487183","0","214.471740722656","10.3644361495972","0","0","357.210266113281","0","0","0","367.130157470703","997.655395507813","0","997.655395507813","347.317657470703","495.903503417969","0","0.01697544939816","0.366269379854202","0","0","224.576705932617","0","15.1269388198853","0.135531410574913","0","8","219","5","348","222","219","-1","0","221","0","18","0","3.42921686172485","0.349999994039536","0.0614124238491058","33","255","20459.9978076781","1023","19.9999978569678","2.65643319824274","-0.772783663482116","10"
"default_evolutive","5","2","8","0","0","0","0","1.47090888023376","0","216.81037902832","10.6285705566406","0","0","357.755615234375","0","0","0","331.469116210938","1132.24633789063","0","1132.24633789063","346.696807861328","496.535827636719","0","0.0169451013207436","0.375304698944092","0","0","227.185821533203","0","15.384334564209","0.184746250510216","0","7","219","5","338","223","219","-1","0","222","0","18","0","2.99229288101196","0.400000005960464","0.0614124238491058","28","243","20460.0020559874","1023","20.0000020097629","2.58779859417491","-0.404494286837056","10"
"default_evolutive","5","2","9","0","0","0","0","1.39560902118683","0","215.762145996094","10.6053409576416","0","0","364.938140869141","0","0","0","304.109558105469","1231.08337402344","0","1231.08337402344","353.710174560547","496.725616455078","0","0.0172878876328468","0.374384224414825","0","0","226.112838745117","0","15.3497648239136","0.265934437513351","0","7","220","6","336","225","220","-1","0","224","0","19","0","2.8445188999176","0.416666686534882","0.0614124238491058","26","240","20459.9996293648","1023","19.9999996376978","2.64668032676601","-0.197838573151591","10"
"default_evolutive","5","2","10","0","0","0","0","1.16437172889709","0","238.162857055664","8.8313045501709","0","0","340.418426513672","0","0","0","318.213073730469","1322.12976074219","0","1322.12976074219","362.779113769531","496.096527099609","0","0.0177311394363642","0.420718967914581","0","0","246.757690429688","0","17.3128547668457","0.221601590514183","0","7","220","6","333","225","220","-1","0","224","0","19","0","2.64329791069031","0.433333367109299","0.0614124238491058","30","238","20460.0000508439","1023","20.0000000497008","2.41543762153762","-0.22786028915269","10"
"default_evolutive","5","3","0","0","0","0","0","-1.05586087703705","0","1.35410904884338","258.695678710938","0","0","384.969604492188","0","0","0","14.8395919799805","164.670806884766","0","164.670806884766","39.1485404968262","218.691650390625","0","0.00191341841127723","0.00244364771060646","0","0","259.605682373047","0","0.0415825918316841","0.966158449649811","0","9","220","0","400","225","220","-1","0","224","0","19","0","45","0.0833333358168602","0.0921186357736588","6","389","20459.9998965694","1023","19.9999998988948","51.537675702634","6.53767570263399","10"
"default_evolutive","5","3","1","0","0","0","0","-1.7183678150177","0","0.873533546924591","203.224533081055","0","0","280.145050048828","0","0","0","10.9915351867676","155.558746337891","0","155.558746337891","28.9366359710693","152.821060180664","0","0.00141430285293609","0.00170982943382114","0","0","203.790496826172","0","0.02637361548841","0.993398010730743","0","9","220","0","399","225","220","-1","0","224","0","19","0","45","0.100000001490116","0.0921186357736588","4","388","20459.999717173","1023","19.9999997235318","55.8081172504072","10.8081172504072","10"
"default_evolutive","5","3","2","0","0","0","0","0.999324202537537","0","35.4841156005859","44.7759399414063","0","0","532.799743652344","0","0","0","157.335403442383","318.52001953125","0","318.52001953125","167.408065795898","505.12939453125","0","0.00818221177905798","0.0501144751906395","0","0","79.8022384643555","0","1.526731133461","0.378775179386139","0","9","220","0","389","226","220","-1","0","225","0","19","0","10.583459854126","0.150000005960464","0.0921186357736588","13","337","20460.0015639258","1023","20.0000015287642","9.39677467931336","-1.18668517481262","10"
"default_evolutive","5","3","3","0","0","0","0","1.95453929901123","0","68.0620574951172","28.8734130859375","0","0","497.078033447266","0","0","0","192.310745239258","538.260437011719","0","538.260437011719","227.301971435547","501.817413330078","0","0.0111095793545246","0.103513270616531","0","0","96.5335083007813","0","3.55081152915955","0.312095314264297","0","9","222","2","381","229","222","-1","0","228","0","21","0","7.93647813796997","0.200000002980232","0.0921186357736588","17","307","20459.9980055026","1023","19.9999980503447","6.16114644960848","-1.77533168836149","10"
"default_evolutive","5","3","4","0","0","0","0","2.24577188491821","0","91.0171356201172","23.3084545135498","0","0","476.820495605469","0","0","0","203.020812988281","682.395874023438","0","682.395874023438","260.274047851563","500.192779541016","0","0.0127211175858974","0.13854056596756","0","0","113.951400756836","0","5.10699129104614","0.292005389928818","0","9","224","4","373","232","224","-1","0","231","0","23","0","6.82912015914917","0.25","0.0921186357736588","20","292","20459.9985884967","1023","19.9999986202314","5.26845313045642","-1.56066702869275","10"
"default_evolutive","5","3","5","0","0","0","0","2.35172414779663","0","125.625053405762","17.9351196289063","0","0","443.850982666016","0","0","0","233.959732055664","863.797180175781","0","863.797180175781","297.109100341797","498.487457275391","0","0.0145214600488544","0.20209376513958","0","0","143.224700927734","0","7.80679607391357","0.262132257223129","0","9","226","6","365","235","226","-1","0","234","0","25","0","5.45872163772583","0.300000011920929","0.0921186357736588","28","279","20460.0019104303","1023","20.0000018674783","4.12054299721819","-1.33817864050764","10"
"default_evolutive","5","3","6","0","0","0","0","2.36939787864685","0","129.605819702148","18.1688632965088","0","0","440.145721435547","0","0","0","220.94694519043","959.848205566406","0","959.848205566406","298.103820800781","498.631439208984","0","0.014570077881217","0.212075546383858","0","0","147.446136474609","0","8.15932750701904","0.261141777038574","0","8","229","9","358","239","229","-1","0","238","0","28","0","5.11143970489502","0.349999994039536","0.0921186357736588","27","274","20460.001877209","1023","20.0000018350039","3.93945537440658","-1.17198433048844","10"
"default_evolutive","5","3","7","0","0","0","0","2.24134373664856","0","133.523315429688","18.6140098571777","0","0","450.692596435547","0","0","0","203.756011962891","1082.38952636719","0","1082.38952636719","307.028228759766","499.009460449219","0","0.0150062665343285","0.220543369650841","0","0","151.80859375","0","8.49331569671631","0.358366578817368","0","8","231","11","350","243","231","-1","0","242","0","30","0","4.74190998077393","0.400000005960464","0.0921186357736588","25","266","20460.0010307297","1023","20.000001007556","3.90154803282787","-0.840361947946056","10"
"default_evolutive","5","3","8","0","0","0","0","1.12362849712372","0","176.212219238281","14.2561340332031","0","0","418.103057861328","0","0","0","207.369979858398","1440.94616699219","0","1440.94616699219","342.130584716797","498.068664550781","0","0.0167219247668982","0.298808991909027","0","0","190.176605224609","0","12.0279703140259","0.393694430589676","0","7","233","13","342","246","233","-1","0","245","0","32","0","3.44914150238037","0.449999988079071","0.0921186357736588","29","254","20460.0002383733","1023","20.000000233014","3.20805791075705","-0.241083591623324","10"
"default_evolutive","5","4","0","0","0","0","0","0.23251973092556","0","5.28963994979858","639.835754394531","0","0","1106.64392089844","0","0","0","17.924825668335","403.724975585938","0","403.724975585938","110.955200195313","444.950500488281","0","0.00542303035035729","0.00723669910803437","0","0","643.616455078125","0","0.157496765255928","1.15711116790771","0","9","240","2","396","256","240","-1","0","255","0","39","0","45","0.216666668653488","0.122824847698212","20","370","20459.9998574602","1023","19.9999998606649","48.5366074203375","3.53660742033753","10"
"default_evolutive","5","4","1","0","0","0","0","1.71182858943939","0","10.4895248413086","186.670501708984","0","0","843.754821777344","0","0","0","31.292989730835","449.387878417969","0","449.387878417969","117.729850769043","510.678070068359","0","0.00575414765626192","0.0140626905485988","0","0","196.336883544922","0","0.345538884401321","0.922228276729584","0","9","241","3","394","258","241","-1","0","257","0","40","0","24.3738212585449","0.233333334326744","0.122824847698212","22","360","20459.998213797","1023","19.999998253956","24.1532271623888","-0.220594096156091","10"
"default_evolutive","5","4","2","0","0","0","0","2.61094498634338","0","17.1411266326904","104.162872314453","0","0","713.684265136719","0","0","0","43.1289367675781","531.0048828125","0","531.0048828125","135.603149414063","508.959014892578","0","0.00662771984934807","0.022901676595211","0","0","120.651222229004","0","0.623068928718567","0.78268164396286","0","9","242","4","391","259","242","-1","0","258","0","41","0","17.8664379119873","0.25","0.122824847698212","24","349","20460.0001956029","1023","20.0000001912051","16.8219724771239","-1.0444654348634","10"
"default_evolutive","5","4","3","0","0","0","0","3.08379101753235","0","40.8694038391113","47.1017608642578","0","0","589.058410644531","0","0","0","81.9531478881836","729.902038574219","0","729.902038574219","192.757339477539","505.128540039063","0","0.00942118000239134","0.0598177686333656","0","0","87.4815521240234","0","1.87763810157776","0.583744466304779","0","9","245","7","384","264","245","-1","0","263","0","44","0","11.0826854705811","0.300000011920929","0.122824847698212","30","323","20459.999642148","1023","19.9999996501936","9.06170179522003","-2.02098367536103","10"
"default_evolutive","5","4","4","0","0","0","0","3.09474515914917","0","53.6212615966797","39.1616897583008","0","0","575.16650390625","0","0","0","95.0685501098633","848.936218261719","0","848.936218261719","220.824188232422","503.927917480469","0","0.0107929715886712","0.0807071328163147","0","0","92.3229293823242","0","2.66070318222046","0.573787331581116","0","9","248","10","377","269","248","-1","0","268","0","47","0","9.55183696746826","0.349999994039536","0.122824847698212","33","311","20459.9990297583","1023","19.9999990515721","7.68519292330089","-1.86664404416737","10"
"default_evolutive","5","4","5","0","0","0","0","2.54781913757324","0","14.3255290985107","524.983093261719","0","0","1762.06689453125","0","0","0","35.1813011169434","572.525329589844","0","572.525329589844","207.677185058594","511.549591064453","0","0.0101503999903798","0.0201421864330769","0","0","537.504760742188","0","0.525736331939697","1.27818274497986","0","9","251","13","370","273","251","-1","0","272","0","50","0","31.205997467041","0.400000005960464","0.122824847698212","13","323","20460.0001236821","1023","20.0000001209014","30.2608371457174","-0.945160321323595","10"
"default_evolutive","5","4","6","0","0","0","0","3.2209575176239","0","21.638069152832","309.515838623047","0","0","1568.45434570313","0","0","0","43.6156158447266","730.103698730469","0","730.103698730469","237.656036376953","510.726989746094","0","0.0116156423464417","0.0318439230322838","0","0","329.767974853516","0","0.900199949741364","1.243567943573","0","9","255","17","364","280","255","-1","0","279","0","54","0","22.3155345916748","0.449999988079071","0.122824847698212","17","313","20459.9994807653","1023","19.9999994924392","21.3933027173749","-0.922231874299925","10"
"default_evolutive","5","4","7","0","0","0","0","2.86781287193298","0","37.7481956481934","133.656661987305","0","0","1144.75708007813","0","0","0","59.6298141479492","1023.34173583984","0","1023.34173583984","268.389923095703","508.645904541016","0","0.0131177883595228","0.0610216781497002","0","0","170.511367797852","0","1.8586460351944","1.12511885166168","0","7","259","21","358","286","259","-1","0","285","0","58","0","13.5182399749756","0.5","0.122824847698212","26","302","20459.9979615364","1023","19.999998007367","12.4137272280661","-1.10451274690952","10"
"default_evolutive","60","0","0","0","0","0","0","1.43410778045654","0","28.9851970672607","45.951057434082","0","0","499.397399902344","0","0","0","647.594665527344","65.001091003418","0","65.001091003418","145.132141113281","505.694396972656","0","0.00709345797076821","0.0420943610370159","0","0","74.4991455078125","0","1.23447585105896","0.0678128302097321","0","9","40","7","398","215","215","-1","0","41","0","14","0","10.4520826339722","0.0500000007450581","0.0307062119245529","28","386","20459.9987356468","1023","19.9999987640731","9.7013883381364","-0.750694295835764","10"
"default_evolutive","60","0","1","0","0","0","0","1.44758689403534","0","80.93408203125","26.6345520019531","183.450729370117","0","457.75146484375","0","0","0","873.494812011719","135.792083740234","0","135.792083740234","222.847946166992","482.814025878906","0","0.0108918836340308","0.118613675236702","0","0","290.404144287109","0","4.14772510528564","0.0279120095074177","0","9","56","11","398","219","219","-1","0","57","0","18","0","6.56644773483276","0.100000001490116","0.0307062119245529","34","349","20460.000644032","1023","20.0000006295523","5.26869520398679","-1.29775253084597","10"
"default_evolutive","60","0","2","0","0","0","0","1.6871190071106","0","137.568023681641","17.9911212921143","324.829528808594","0","416.326507568359","0","0","0","1040.99475097656","194.888442993164","0","194.888442993164","277.489868164063","470.925384521484","0","0.0135625516995788","0.202877849340439","0","0","479.768280029297","0","7.6848578453064","0.0306072924286127","0","9","72","15","392","223","223","-1","0","73","0","22","0","4.89173603057861","0.150000005960464","0.0307062119245529","40","321","20460.0044527521","1023","20.0000043526414","3.83312890322655","-1.05860712735207","10"
"default_evolutive","60","0","3","0","0","0","0","1.43344008922577","0","189.669311523438","13.1605043411255","228.512237548828","0","382.472686767578","0","0","0","1018.00360107422","279.646423339844","0","279.646423339844","317.152160644531","474.980682373047","0","0.0155010847374797","0.284681051969528","0","0","430.808654785156","0","11.265830039978","0.0362169146537781","0","9","90","23","390","231","231","-1","0","91","1","30","0","3.5874195098877","0.200000002980232","0.0307062119245529","51","313","20459.9978656782","1023","19.9999979136639","3.12133928356007","-0.466080226327624","10"
"default_evolutive","60","0","4","0","0","0","0","1.34931099414825","0","251.33332824707","8.96657276153564","605.817932128906","0","332.933441162109","0","0","0","1001.54766845703","389.947845458984","0","389.947845458984","327.879364013672","467.450927734375","0","0.0160253848880529","0.39055135846138","0","0","865.1845703125","0","15.8246221542358","0.0369158089160919","0","9","110","32","389","240","240","-1","0","111","2","39","0","2.76168179512024","0.25","0.0307062119245529","78","310","20459.9993263256","1023","19.9999993414718","2.35166197201518","-0.410019823105061","10"
"default_evolutive","60","0","5","0","0","0","0","1.37253975868225","0","270.800506591797","8.51454830169678","632.203369140625","0","313.859771728516","0","0","0","994.511413574219","424.183471679688","0","424.183471679688","329.788787841797","456.535583496094","0","0.0161187089979649","0.421855300664902","0","0","910.667114257813","0","17.1780700683594","0.0351203978061676","0","9","117","35","389","243","243","-1","0","118","2","42","0","2.50677871704102","0.266666680574417","0.0307062119245529","86","309","20460.0001081623","1023","20.0000001057305","2.18975286618153","-0.317025850859491","10"
"default_evolutive","60","0","6","0","0","0","0","1.30797851085663","0","274.944061279297","8.52012825012207","596.55322265625","0","312.226745605469","0","0","0","1021.42712402344","422.446868896484","0","422.446868896484","327.748260498047","460.222930908203","0","0.0160189755260944","0.43149870634079","0","0","879.190856933594","0","17.5206470489502","0.0314925871789455","0","9","123","38","389","246","246","-1","0","124","2","45","0","2.39287281036377","0.283333361148834","0.0307062119245529","88","308","20460.0013255626","1023","20.0000012957601","2.12753981297738","-0.265332997386389","10"
"default_evolutive","60","1","0","0","0","0","0","1.73289000988007","0","8.95520687103271","87.0383529663086","0","0","509.651916503906","0","0","0","445.793792724609","31.3505935668945","0","31.3505935668945","85.832763671875","510.035522460938","0","0.00419514998793602","0.0139758996665478","0","0","95.5509262084961","0","0.316019207239151","0.00754283787682652","0","9","47","3","400","217","217","-1","0","48","0","16","0","19.3748569488525","0.0500000007450581","0.0614124238491058","14","390","20459.9987887689","1023","19.9999988160009","17.4678315432753","-1.90702540557727","10"
"default_evolutive","60","1","1","0","0","0","0","1.73946106433868","0","43.0042762756348","37.1125068664551","0","0","490.309967041016","0","0","0","1268.79638671875","48.4652633666992","0","48.4652633666992","173.778991699219","503.736358642578","0","0.00849359668791294","0.0614925548434258","0","0","79.6949768066406","0","1.9295996427536","0.00792884174734354","0","9","61","6","399","220","220","-1","0","62","0","19","0","9.2726993560791","0.100000001490116","0.0614124238491058","28","364","20460.0004078979","1023","20.0000003987271","7.93930431688612","-1.33339503919298","10"
"default_evolutive","60","1","2","0","0","0","0","1.90348625183105","0","93.9797515869141","22.7487964630127","371.992797851563","0","438.016845703125","0","0","0","1101.90112304688","122.21923828125","0","122.21923828125","236.48583984375","456.43896484375","0","0.0115584479644895","0.134673520922661","0","0","487.688507080078","0","4.78470802307129","0.0104019390419126","0","9","77","11","394","225","225","-1","0","78","0","24","0","6.70210838317871","0.150000005960464","0.0614124238491058","34","327","20459.999523318","1023","19.9999995340352","4.92350716833387","-1.77860121484484","10"
"default_evolutive","60","1","3","0","0","0","0","1.835728764534","0","129.321380615234","18.8276233673096","31.5059852600098","0","434.489990234375","0","0","0","1080.55786132813","174.930313110352","0","174.930313110352","278.477325439453","494.941772460938","0","0.0136108174920082","0.189022332429886","0","0","179.273498535156","0","7.06074237823486","0.0200009681284428","0","9","97","20","393","234","234","-1","0","98","0","33","0","5.11151313781738","0.200000002980232","0.0614124238491058","47","324","20459.9999671559","1023","19.9999999678943","4.12923647424351","-0.982276663573873","10"
"default_evolutive","60","1","4","0","0","0","0","1.61477673053741","0","175.266967773438","13.5300846099854","453.255523681641","0","377.448272705078","0","0","0","1061.72106933594","246.986572265625","0","246.986572265625","301.224487304688","446.626220703125","0","0.0147226043045521","0.262230843305588","0","0","641.064392089844","0","10.3347215652466","0.0177464801818132","0","9","117","29","392","243","243","-1","0","118","0","42","0","3.96628522872925","0.25","0.0614124238491058","58","310","20460.0002196318","1023","20.0000002146938","3.21848815527064","-0.747797073458611","10"
"default_evolutive","60","1","5","0","0","0","0","1.23149085044861","0","214.637725830078","10.5124282836914","705.777648925781","0","344.783843994141","0","0","0","1058.97216796875","304.307525634766","0","304.307525634766","309.622344970703","434.670135498047","0","0.0151330567896366","0.322253197431564","0","0","929.461303710938","0","12.9900207519531","0.0109320608898997","0","9","136","38","391","252","252","-1","0","137","0","51","0","3.13155341148376","0.300000011920929","0.0614124238491058","68","303","20460.0002018586","1023","20.0000001973203","2.6916079746109","-0.439945436872863","10"
"default_evolutive","60","1","6","0","0","0","0","0.73817378282547","0","269.406280517578","9.75213146209717","822.364379882813","0","306.847442626953","0","0","0","1077.98571777344","380.416381835938","0","380.416381835938","295.310424804688","436.792175292969","0","0.0144335506483912","0.410083472728729","0","0","1100.41845703125","0","16.8765640258789","0.0132899237796664","0","9","155","47","390","261","261","-1","0","156","1","60","0","2.03542494773865","0.349999994039536","0.0614124238491058","81","305","20459.9985130895","1023","19.9999985465196","2.01703439324761","-0.0183905544910345","10"
"default_evolutive","60","1","7","0","0","0","0","0.0683427602052689","0","295.194458007813","8.8452320098877","912.659301757813","0","279.391845703125","0","0","0","1024.65002441406","442.927368164063","0","442.927368164063","264.580596923828","422.5546875","0","0.0129316039383411","0.453845530748367","0","0","1215.31994628906","0","18.9009857177734","0.00687350425869226","0","9","175","57","390","271","271","-1","0","176","1","70","0","1.48384261131287","0.400000005960464","0.0614124238491058","93","307","20459.9984801088","1023","19.9999985142803","1.63277273453478","0.14893012322191","10"
"default_evolutive","60","1","8","0","0","0","0","-0.634554088115692","0","308.548400878906","9.18075180053711","835.389282226563","0","278.625396728516","0","0","0","1001.23547363281","468.840881347656","0","468.840881347656","223.59358215332","439.313934326172","0","0.0109283290803432","0.469420105218887","0","0","1151.90576171875","0","19.812162399292","0.00585773959755898","0","9","194","66","389","280","280","-1","0","195","0","79","0","1.01494431495667","0.449999988079071","0.0614124238491058","100","311","20459.9971788457","1023","19.9999972422734","1.33399417282859","0.319049857871921","10"
"default_evolutive","60","1","9","0","0","0","0","-0.86300653219223","0","323.279144287109","9.08859634399414","690.62841796875","0","275.692291259766","0","0","0","993.235595703125","500.214324951172","0","500.214324951172","175.970596313477","457.751220703125","0","0.00860071368515491","0.496830672025681","0","0","1022.05578613281","0","21.0225887298584","0.00176880042999983","0","9","200","69","389","283","283","-1","0","201","1","82","0","0.545012056827545","0.466666668653488","0.0614124238491058","106","311","20459.9993390324","1023","19.9999993538929","0.99190576925038","0.446893712422835","10"
"default_evolutive","60","2","0","0","0","0","0","-1.52967715263367","0","1.48174428939819","329.176971435547","0","0","398.736358642578","0","0","0","30.6667671203613","69.0636596679688","0","69.0636596679688","43.0982666015625","395.400573730469","0","0.00210646470077336","0.00211795908398926","0","0","330.099548339844","0","0.0339497067034245","0.113163828849792","0","9","62","0","400","220","220","-1","0","63","0","19","0","45","0.0833333358168602","0.0921186357736588","6","391","20459.999441595","1023","19.9999994541496","84.0279991157898","39.0279991157898","10"
"default_evolutive","60","2","1","0","0","0","0","-2.56641364097595","0","1.35091555118561","349.15673828125","0","0","329.481140136719","0","0","0","22.1408710479736","71.3501052856445","0","71.3501052856445","38.8825950622559","325.865631103516","0","0.001900419825688","0.00157975347246975","0","0","349.924865722656","0","0.0246511679142714","0.130330041050911","0","9","65","0","399","220","220","-1","0","66","0","19","0","45","0.100000001490116","0.0921186357736588","4","389","20460.0028565684","1023","20.0000027923445","NaN","NaN","10"
"default_evolutive","60","2","2","0","0","0","0","2.19564890861511","0","32.7307586669922","45.5393981933594","0","0","497.1533203125","0","0","0","2299.25317382813","19.5485992431641","0","19.5485992431641","152.12060546875","505.204132080078","0","0.00743502471596003","0.0449471771717072","0","0","77.8452301025391","0","1.32626819610596","0.0167813170701265","0","9","84","8","397","228","228","-1","0","85","0","27","0","10.7349128723145","0.150000005960464","0.0921186357736588","24","361","20459.9999704383","1023","19.9999999711029","9.52145611737497","-1.21345675493948","10"
"default_evolutive","60","2","3","0","0","0","0","2.12486362457275","0","64.7033309936523","29.3785209655762","268.941925048828","0","458.034210205078","0","0","0","1119.84240722656","79.750732421875","0","79.750732421875","201.331634521484","459.8974609375","0","0.00984025653451681","0.0893082469701767","0","0","361.815246582031","0","2.96098923683167","0.00651580980047584","0","9","104","17","396","237","237","-1","0","105","0","36","0","8.26589870452881","0.200000002980232","0.0921186357736588","35","340","20459.9985595163","1023","19.9999985919025","6.32586829721528","-1.94003040731353","10"
"default_evolutive","60","2","4","0","0","0","0","1.79068219661713","0","96.9679870605469","20.8979587554932","597.1826171875","0","417.225708007813","0","0","0","919.376342773438","145.738388061523","0","145.738388061523","236.154327392578","415.402496337891","0","0.0115422448143363","0.133988425135612","0","0","713.195190429688","0","4.80993413925171","0.00439652102068067","0","9","123","26","395","246","246","-1","0","124","0","45","0","6.89057636260986","0.25","0.0921186357736588","45","324","20459.9998692852","1023","19.999999872224","4.94178930291668","-1.94878705969319","10"
"default_evolutive","60","2","5","0","0","0","0","1.27578985691071","0","138.308029174805","15.5335531234741","614.842346191406","0","391.334808349609","0","0","0","902.145141601563","217.958923339844","0","217.958923339844","275.490600585938","416.246917724609","0","0.0134648382663727","0.196630582213402","0","0","767.010192871094","0","7.43150901794434","0.000390860630432144","0","9","143","35","394","255","255","-1","0","144","0","54","0","5.19450330734253","0.300000011920929","0.0921186357736588","60","317","20460.0007171235","1023","20.0000007010005","3.92656423835118","-1.26793906899135","10"
"default_evolutive","60","2","6","0","0","0","0","0.698266327381134","0","175.211547851563","12.1622276306152","879.911560058594","0","358.945373535156","0","0","0","917.187866210938","274.738616943359","0","274.738616943359","286.610321044922","401.810363769531","0","0.014008323661983","0.251986920833588","0","0","1064.98193359375","0","9.94009399414063","0.00481373583897948","0","9","162","44","393","264","264","-1","0","163","0","63","0","4.08951997756958","0.349999994039536","0.0921186357736588","70","311","20460.0013506791","1023","20.0000013203119","3.18679947546429","-0.902720502105294","10"
"default_evolutive","60","2","7","0","0","0","0","-0.0793141424655914","0","203.114532470703","11.4018154144287","870.390991210938","0","334.971221923828","0","0","0","881.256408691406","336.174194335938","0","336.174194335938","289.052886962891","393.435607910156","0","0.0141277071088552","0.296255648136139","0","0","1082.77734375","0","11.9119024276733","0.00582284620031714","0","9","182","54","393","274","274","-1","0","183","0","73","0","3.16678166389465","0.400000005960464","0.0921186357736588","82","313","20459.9999657207","1023","19.9999999664914","2.73333206730919","-0.433449596585459","10"
"default_evolutive","60","2","8","0","0","0","0","-0.858388721942902","0","209.245025634766","11.97132396698","882.112243652344","0","331.158538818359","0","0","0","797.602111816406","381.514038085938","0","381.514038085938","272.767181396484","392.589660644531","0","0.0133317299187183","0.304296404123306","0","0","1101.13452148438","0","12.2505331039429","0.00931774079799652","0","9","202","64","393","284","284","-1","0","203","0","83","0","2.78845715522766","0.449999988079071","0.0921186357736588","90","318","20459.9990443481","1023","19.9999990658339","2.5110268379689","-0.277430317258758","10"
"default_evolutive","60","2","9","0","0","0","0","-1.10474753379822","0","217.441421508789","12.7129068374634","710.179016113281","0","337.461364746094","0","0","0","803.502502441406","395.351043701172","0","395.351043701172","269.313934326172","417.736877441406","0","0.0131629500538111","0.317665547132492","0","0","938.599243164063","0","12.8746614456177","0.00644409563392401","0","9","208","67","393","287","287","-1","0","209","0","86","0","2.48828530311584","0.466666668653488","0.0921186357736588","95","321","20459.9981938089","1023","19.9999982344173","2.37481673257159","-0.113468570544253","10"
"default_evolutive","60","2","10","0","0","0","0","-1.35599398612976","0","208.821029663086","13.4763383865356","695.278442382813","0","342.307830810547","0","0","0","738.813659667969","409.292633056641","0","409.292633056641","265.594543457031","413.516937255859","0","0.0129811614751816","0.302390992641449","0","0","915.701171875","0","12.1827182769775","0.0106521975249052","0","9","214","70","393","290","290","-1","0","215","0","89","0","2.55527853965759","0.483333349227905","0.0921186357736588","95","322","20459.9984342554","1023","19.9999984694578","2.4603722524207","-0.0949062872368978","10"
"default_evolutive","60","3","0","0","0","0","0","0.579459369182587","0","12.5971832275391","92.3168029785156","0","0","508.430419921875","0","0","0","849.073852539063","21.5771579742432","0","21.5771579742432","101.459365844727","509.564544677734","0","0.00495891319587827","0.0183205995708704","0","0","104.509857177734","0","0.462734490633011","0.0443871840834618","0","9","117","5","399","243","243","-1","0","118","0","42","0","13.9478788375854","0.216666668653488","0.122824847698212","29","371","20460.0003744888","1023","20.0000003660692","15.704387243251","1.75650840566557","10"
"default_evolutive","60","3","1","0","0","0","0","0.543512880802155","0","16.4349594116211","74.4282531738281","0","0","506.333740234375","0","0","0","731.652770996094","32.0941047668457","0","32.0941047668457","112.981079101563","508.631652832031","0","0.00552204716950655","0.0234817415475845","0","0","90.4624938964844","0","0.612347781658173","0.0383352898061275","0","9","124","8","399","246","246","-1","0","125","0","45","0","12.7346849441528","0.233333334326744","0.122824847698212","32","366","20459.9989158837","1023","19.9999989402577","13.601257829484","0.86657288533115","10"
"default_evolutive","60","3","2","0","0","0","0","0.463970869779587","0","18.5513973236084","72.0360717773438","0","0","505.20556640625","0","0","0","615.999572753906","42.7634696960449","0","42.7634696960449","118.311988830566","508.194641113281","0","0.00578259956091642","0.0263422783464193","0","0","90.1844787597656","0","0.696969985961914","0.0351202189922333","0","9","130","11","398","249","249","-1","0","131","0","48","0","12.1079320907593","0.25","0.122824847698212","35","365","20460.0003137372","1023","20.0000003066834","12.6807135796883","0.572781488929053","10"
"default_evolutive","60","3","3","0","0","0","0","1.43448412418365","0","35.4414978027344","50.8619384765625","177.433685302734","0","479.607360839844","0","0","0","439.033081054688","111.080589294434","0","111.080589294434","150.363891601563","472.371124267578","0","0.00734916375949979","0.0487680546939373","0","0","262.564910888672","0","1.44685661792755","0.0250712968409061","0","9","149","20","397","258","258","-1","0","150","0","57","0","9.91967010498047","0.300000011920929","0.122824847698212","45","353","20460.0001472544","1023","20.0000001439437","8.66727859529875","-1.25239150968172","10"
"default_evolutive","60","3","4","0","0","0","0","0.934215247631073","0","43.8462524414063","43.8647880554199","209.333389282227","0","473.879669189453","0","0","0","392.63330078125","152.039840698242","0","152.039840698242","164.818969726563","468.812438964844","0","0.0080556683242321","0.059695903211832","0","0","295.894561767578","0","1.83610534667969","0.0214193798601627","0","9","169","30","397","268","268","-1","0","170","0","67","0","8.88913917541504","0.349999994039536","0.122824847698212","54","349","20459.9994802137","1023","19.9999994919","7.75544386846079","-1.13369530695424","10"
"default_evolutive","60","3","5","0","0","0","0","0.464473396539688","0","59.8346786499023","31.5471076965332","761.783813476563","0","415.218505859375","0","0","0","391.759735107422","209.059906005859","0","209.059906005859","179.009811401367","367.491058349609","0","0.00874925777316093","0.0819012522697449","0","0","849.723083496094","0","2.6462390422821","0.0338905453681946","0","9","188","39","396","277","277","-1","0","189","0","76","0","8.41597938537598","0.400000005960464","0.122824847698212","60","334","20459.9996985452","1023","19.9999997053228","6.13243285705734","-2.28354652831864","10"
"default_evolutive","60","3","6","0","0","0","0","-0.260472923517227","0","67.3507614135742","26.1591987609863","808.529663085938","0","405.146087646484","0","0","0","359.298248291016","254.527404785156","0","254.527404785156","189.68229675293","355.183990478516","0","0.00927088409662247","0.0914512500166893","0","0","898.266784667969","0","3.03749346733093","0.0348553657531738","0","9","208","49","396","287","287","-1","0","209","0","86","0","7.62893390655518","0.449999988079071","0.122824847698212","69","336","20460.0008775899","1023","20.0000008578591","5.81836312502789","-1.81057078152729","10"
"default_evolutive","60","3","7","0","0","0","0","-1.0095294713974","0","52.8628540039063","31.6933040618896","866.926025390625","0","402.696624755859","0","0","0","258.149444580078","284.334014892578","0","284.334014892578","165.67024230957","335.48974609375","0","0.00809727422893047","0.0734006687998772","0","0","946.952697753906","0","2.32079672813416","0.0473417155444622","0","9","228","59","396","297","297","-1","0","229","0","96","0","8.45273208618164","0.5","0.122824847698212","76","344","20460.001430809","1023","20.0000013986403","6.33353671757953","-2.11919536860212","10"
"default_evolutive","60","3","8","0","0","0","0","-1.85170996189117","0","48.8892135620117","31.6868839263916","855.578002929688","0","401.956085205078","0","0","0","202.133193969727","333.045166015625","0","333.045166015625","159.156890869141","329.568908691406","0","0.00777892861515284","0.0673194825649261","0","0","931.150817871094","0","2.12702417373657","0.0601313523948193","0","9","247","69","396","307","307","-1","0","248","0","106","0","8.24262046813965","0.550000011920929","0.122824847698212","74","347","20460.0014658977","1023","20.0000014329401","6.63548831133162","-1.60713215680803","10"
"default_evolutive","60","3","9","0","0","0","0","-3.18291115760803","0","98.8989181518555","19.8319206237793","939.054748535156","0","381.583282470703","0","0","0","307.345916748047","449.459411621094","0","449.459411621094","210.034362792969","345.316314697266","0","0.0102656101807952","0.138139516115189","0","0","1053.60327148438","0","4.90367794036865","0.0425508320331573","0","9","266","79","396","317","317","-1","0","267","0","116","0","4.27384614944458","0.600000023841858","0.122824847698212","95","340","20459.9979050343","1023","19.9999979521352","4.26177008262761","-0.0120760668169719","10"
"default_evolutive","60","3","10","0","0","0","0","-3.55328917503357","0","91.6631011962891","21.0560169219971","922.647521972656","0","385.733703613281","0","0","0","273.808471679688","468.372406005859","0","468.372406005859","199.61003112793","345.173278808594","0","0.00975611060857773","0.128244340419769","0","0","1030.99609375","0","4.49601745605469","0.0496946573257446","0","9","273","83","397","321","321","-1","0","274","0","120","0","4.51094770431519","0.616666674613953","0.122824847698212","94","343","20460.0008278329","1023","20.0000008092208","4.3629572475143","-0.147990456800888","10"
"default_evolutive","75","0","0","0","0","0","0","1.44483780860901","0","29.324197769165","45.7308502197266","0","0","502.621459960938","0","0","0","1004.90930175781","44.8803977966309","0","44.8803977966309","147.277359008789","505.737182617188","0","0.00719830626621842","0.0451007299125195","0","0","74.6214981079102","0","1.28181540966034","0.138678967952728","0","9","35","8","399","216","216","-1","0","36","1","15","0","10.6233863830566","0.0500000007450581","0.0307062119245529","30","387","20460.0017784684","1023","20.0000017384833","9.18397539741142","-1.43941098564522","10"
"default_evolutive","75","0","1","0","0","0","0","1.09514987468719","0","74.6160202026367","25.9963321685791","87.7255096435547","0","466.402496337891","0","0","0","1038.40795898438","107.26146697998","0","107.26146697998","223.690307617188","490.763397216797","0","0.0109330536797643","0.111381158232689","0","0","187.80256652832","0","3.79098868370056","0.0739457979798317","0","9","47","12","399","220","220","-1","0","48","1","19","0","6.69942569732666","0.100000001490116","0.0307062119245529","37","361","20460.0026826184","1023","20.0000026223053","5.6331623297909","-1.06626336753576","10"
"default_evolutive","75","0","2","0","0","0","0","1.11956059932709","0","134.191848754883","16.2049541473389","272.440979003906","0","418.19677734375","0","0","0","1342.21142578125","148.843658447266","0","148.843658447266","286.610595703125","469.568328857422","0","0.0140083385631442","0.199779659509659","0","0","422.144866943359","0","7.49054384231567","0.0616189800202847","0","9","64","18","395","226","226","-1","0","65","1","25","0","4.78879356384277","0.150000005960464","0.0307062119245529","45","334","20459.9991934229","1023","19.9999992115571","4.02081894812149","-0.767974615721283","10"
"default_evolutive","75","0","3","0","0","0","0","0.787192761898041","0","192.209396362305","11.5382318496704","85.5367965698242","0","387.688140869141","0","0","0","1063.44885253906","280.478729248047","0","280.478729248047","339.004577636719","486.940155029297","0","0.016569135710597","0.298274785280228","0","0","288.897583007813","0","11.429708480835","0.0764111131429672","0","9","84","28","395","236","236","-1","0","85","3","35","0","3.31633067131042","0.200000002980232","0.0307062119245529","75","339","20460.0036814173","1023","20.0000035986484","3.1844142566984","-0.131916414612023","10"
"default_evolutive","75","0","4","0","0","0","0","0.878075182437897","0","247.022506713867","7.94451475143433","525.248657226563","0","334.111572265625","0","0","0","1170.57458496094","330.532989501953","0","330.532989501953","347.142272949219","461.410705566406","0","0.0169668756425381","0.386913508176804","0","0","779.254455566406","0","15.4501152038574","0.0631814226508141","0","9","104","37","394","245","245","-1","0","105","3","44","0","2.70109510421753","0.25","0.0307062119245529","93","328","20459.9998410367","1023","19.9999998446107","2.51333220065524","-0.187762903562292","10"
"default_evolutive","75","1","0","0","0","0","0","2.07625579833984","0","10.4807662963867","80.8784408569336","0","0","511.54052734375","0","0","0","277.635406494141","57.4451942443848","0","57.4451942443848","91.2240753173828","509.512298583984","0","0.00445865467190742","0.0159488189965487","0","0","90.9035797119141","0","0.371303468942642","0.103158704936504","0","9","36","3","400","217","217","-1","0","37","0","16","0","18.7783279418945","0.0500000007450581","0.0614124238491058","16","390","20460.0001637617","1023","20.0000001600799","16.2339555996767","-2.54437234221781","10"
"default_evolutive","75","1","1","0","0","0","0","1.87891614437103","0","43.1152954101563","36.0304794311523","0","0","491.222595214844","0","0","0","7761.248046875","7.98200845718384","0","7.98200845718384","175.556854248047","503.660125732422","0","0.00858049094676971","0.0619503445923328","0","0","78.724494934082","0","1.91030895709991","0.0560891330242157","0","9","49","6","399","220","220","-1","0","50","0","19","0","9.37551593780518","0.100000001490116","0.0614124238491058","29","366","20460.0011044984","1023","20.0000010796661","7.9614004909025","-1.41411544690267","10"
"default_evolutive","75","1","2","0","0","0","0","1.82433032989502","0","85.3494873046875","23.2681865692139","330.280700683594","0","443.410705566406","0","0","0","3791.29028320313","32.2447090148926","0","32.2447090148926","230.516403198242","456.342559814453","0","0.0112666878849268","0.12224905192852","0","0","437.773712158203","0","4.28915929794312","0.0471421889960766","0","9","68","14","397","228","228","-1","0","69","0","27","0","6.92771005630493","0.150000005960464","0.0614124238491058","39","342","20459.9972549732","1023","19.9999973166894","5.28798385768827","-1.63972619861666","10"
"default_evolutive","75","1","3","0","0","0","0","1.68437790870667","0","143.328308105469","15.0441007614136","371.312683105469","0","404.809753417969","0","0","0","2075.03198242188","100.45922088623","0","100.45922088623","290.176147460938","454.521484375","0","0.0141826057806611","0.208456084132195","0","0","528.740783691406","0","8.03649711608887","0.0449617132544518","0","9","87","23","396","237","237","-1","0","88","0","36","0","4.68459463119507","0.200000002980232","0.0614124238491058","52","325","20460.0023400926","1023","20.0000022874806","3.90121322962115","-0.783381401573914","10"
"default_evolutive","75","1","4","0","0","0","0","1.21975243091583","0","187.045227050781","11.9530210494995","435.878356933594","0","372.069641113281","0","0","0","2046.07800292969","135.319717407227","0","135.319717407227","316.513519287109","446.211273193359","0","0.0154698695987463","0.276874721050262","0","0","633.871948242188","0","10.8785982131958","0.0431551150977612","0","9","107","33","396","247","247","-1","0","108","1","46","0","3.45092821121216","0.25","0.0614124238491058","65","319","20459.9991788399","1023","19.9999991973019","3.20296534791617","-0.247962863295984","10"
"default_evolutive","75","1","5","0","0","0","0","0.632432341575623","0","232.868728637695","8.20427989959717","842.329528808594","0","332.110870361328","0","0","0","1879.15905761719","188.606002807617","0","188.606002807617","316.759948730469","437.740631103516","0","0.0154819125309587","0.354420691728592","0","0","1081.64978027344","0","14.4292583465576","0.0392743572592735","0","9","127","42","395","256","256","-1","0","128","1","55","0","2.71810579299927","0.300000011920929","0.0614124238491058","78","317","20460.0011850638","1023","20.0000011584202","2.50360841160684","-0.214497381392424","10"
"default_evolutive","75","1","6","0","0","0","0","0.0447950512170792","0","256.24658203125","8.47148323059082","919.366394042969","0","309.76708984375","0","0","0","1981.11596679688","196.68489074707","0","196.68489074707","314.371246337891","424.501159667969","0","0.01536516379565","0.389655590057373","0","0","1182.50366210938","0","15.9825286865234","0.0278435628861189","0","9","147","52","395","266","266","-1","0","148","1","65","0","2.23698544502258","0.349999994039536","0.0614124238491058","86","315","20459.999679723","1023","19.9999996869238","2.25991208146906","0.0229266364464724","10"
"default_evolutive","75","1","7","0","0","0","0","-0.67839241027832","0","282.699188232422","9.32963752746582","810.815612792969","0","300.927734375","0","0","0","1981.25354003906","219.932357788086","0","219.932357788086","298.18701171875","447.01416015625","0","0.0145741431042552","0.435741752386093","0","0","1101.68225097656","0","17.9832134246826","0.0260815676301718","0","9","167","62","395","276","276","-1","0","168","1","75","0","1.68059539794922","0.400000005960464","0.0614124238491058","104","322","20460.0030057128","1023","20.0000029381357","1.91671473981741","0.236119341868186","10"
"default_evolutive","75","1","8","0","0","0","0","-1.45046758651733","0","314.0830078125","9.48500347137451","606.681579589844","0","287.098266601563","0","0","0","1984.4921875","243.441802978516","0","243.441802978516","271.170471191406","460.352111816406","0","0.0132536869496107","0.483108371496201","0","0","929.239685058594","0","20.0207557678223","0.0190153457224369","0","9","187","72","395","286","286","-1","0","188","1","85","0","1.06274771690369","0.449999988079071","0.0614124238491058","117","324","20460.0027314944","1023","20.0000026700825","1.57206060269441","0.509312885790722","10"
"default_evolutive","75","1","9","0","0","0","0","-1.68685793876648","0","320.335784912109","9.46979236602783","586.901306152344","0","281.591857910156","0","0","0","1994.50463867188","250.545455932617","0","250.545455932617","263.20068359375","462.234893798828","0","0.0128641594201326","0.49971404671669","0","0","915.744750976563","0","20.6604404449463","0.0129780108109117","0","9","193","75","395","289","289","-1","0","194","2","88","0","0.935868978500366","0.466666668653488","0.0614124238491058","123","326","20459.9985897125","1023","19.9999986214198","1.47513050626911","0.539261527768745","10"
"default_evolutive","75","1","10","0","0","0","0","-1.3256688117981","0","364.139862060547","8.77278518676758","489.322143554688","0","251.440628051758","0","0","0","1791.45764160156","322.647186279297","0","322.647186279297","206.004867553711","465.700134277344","0","0.0100686652585864","0.578008770942688","0","0","956.849731445313","0","23.8351612091064","0.00137259752955288","0","9","200","78","395","292","292","-1","0","201","3","91","0","0.460668236017227","0.483333349227905","0.0614124238491058","144","326","20459.997652423","1023","19.9999977052033","0.99811843118009","0.537450195162863","10"
"default_evolutive","75","2","0","0","0","0","0","-1.2478084564209","0","1.52016401290894","342.099060058594","0","0","414.970153808594","0","0","0","17.0835933685303","123.976211547852","0","123.976211547852","44.9397964477539","413.067108154297","0","0.00219647120684385","0.00211795908398926","0","0","343.04638671875","0","0.0368293337523937","0.0733376815915108","0","9","47","0","400","220","220","-1","0","48","0","19","0","45","0.0833333358168602","0.0921186357736588","6","391","20459.9979766312","1023","19.9999980221224","NaN","NaN","10"
"default_evolutive","75","2","1","0","0","0","0","-1.9430547952652","0","1.36108326911926","350.930633544922","0","0","330.223815917969","0","0","0","12.5722169876099","125.654327392578","0","125.654327392578","39.0504951477051","328.88037109375","0","0.00190862640738487","0.00157975347246975","0","0","351.705688476563","0","0.0246253255754709","0.0554385408759117","0","9","51","0","399","220","220","-1","0","52","0","19","0","45","0.100000001490116","0.0921186357736588","4","389","20459.9993988402","1023","19.999999412356","NaN","NaN","10"
"default_evolutive","75","2","2","0","0","0","0","2.04930090904236","0","37.7876243591309","41.5287437438965","0","0","494.369812011719","0","0","0","953.903137207031","54.212287902832","0","54.212287902832","162.796188354492","504.461212158203","0","0.00795680284500122","0.0517132692039013","0","0","78.8942337036133","0","1.58941268920898","0.0347651243209839","0","9","70","9","398","229","229","-1","0","71","0","28","0","10.0742683410645","0.150000005960464","0.0921186357736588","27","361","20460.0002696771","1023","20.0000002636139","8.85090900125144","-1.22335933981301","10"
"default_evolutive","75","2","3","0","0","0","0","1.7219135761261","0","63.0046577453613","29.7312145233154","296.152221679688","0","453.532836914063","0","0","0","2711.3701171875","32.1720886230469","0","32.1720886230469","198.384140014648","449.27197265625","0","0.00969619583338499","0.0872304439544678","0","0","387.323516845703","0","2.90503120422363","0.0338250547647476","0","9","91","19","398","239","239","-1","0","92","0","38","0","8.28508472442627","0.200000002980232","0.0921186357736588","41","350","20459.9972425878","1023","19.9999973045824","6.38196418355034","-1.90312054087593","10"
"default_evolutive","75","2","4","0","0","0","0","1.16148805618286","0","105.42472076416","19.3747749328613","572.030395507813","0","411.796112060547","0","0","0","5875.8212890625","25.1448993682861","0","25.1448993682861","246.431793212891","414.867492675781","0","0.0120445648208261","0.147746935486794","0","0","694.906433105469","0","5.34192657470703","0.0296315532177687","0","9","110","28","397","248","248","-1","0","111","0","47","0","6.20894479751587","0.25","0.0921186357736588","52","329","20459.999749164","1023","19.9999997548035","4.67603204429392","-1.53291275322195","10"
"default_evolutive","75","2","5","0","0","0","0","0.496768563985825","0","137.268188476563","15.2172393798828","604.842712402344","0","390.536682128906","0","0","0","3435.70581054688","57.1037216186523","0","57.1037216186523","274.72119140625","414.840972900391","0","0.0134272342547774","0.196191594004631","0","0","755.562805175781","0","7.45553064346313","0.0273346696048975","0","9","130","38","397","258","258","-1","0","131","0","57","0","5.00607538223267","0.300000011920929","0.0921186357736588","65","325","20459.9984027614","1023","19.999998438672","3.92435633547193","-1.08171904676074","10"
"default_evolutive","75","2","6","0","0","0","0","-0.228346586227417","0","179.159301757813","11.0758323669434","863.226013183594","0","362.728302001953","0","0","0","2775.79736328125","93.0860061645508","0","93.0860061645508","283.631896972656","414.825622558594","0","0.0138627523556352","0.258387893438339","0","0","1050.85375976563","0","10.217963218689","0.0193590112030506","0","9","151","48","397","268","268","-1","0","152","0","67","0","3.7063307762146","0.349999994039536","0.0921186357736588","77","319","20459.9988296957","1023","19.9999988560075","3.07544885200987","-0.630881924204727","10"
"default_evolutive","75","2","7","0","0","0","0","-0.881196260452271","0","190.092102050781","12.2188234329224","884.101928710938","0","357.552459716797","0","0","0","2443.11694335938","113.158576965332","0","113.158576965332","277.368377685547","420.154388427734","0","0.0135566154494882","0.276459634304047","0","0","1084.13317871094","0","10.9966516494751","0.0153994299471378","0","9","170","57","396","277","277","-1","0","171","0","76","0","3.32449126243591","0.400000005960464","0.0921186357736588","86","323","20460.0018875669","1023","20.000001845129","2.81071220362468","-0.513779058811234","10"
"default_evolutive","75","2","8","0","0","0","0","-1.6018488407135","0","193.10498046875","13.1383590698242","789.590698242188","0","354.561737060547","0","0","0","2332.57104492188","119.665542602539","0","119.665542602539","273.545562744141","415.796447753906","0","0.0133697735145688","0.27912837266922","0","0","993.722839355469","0","11.0747480392456","0.00900468230247498","0","9","190","67","396","287","287","-1","0","191","0","86","0","3.01775598526001","0.449999988079071","0.0921186357736588","93","327","20459.9997483924","1023","19.9999997540492","2.74542061915489","-0.27233536610512","10"
"default_evolutive","75","2","9","0","0","0","0","-2.02910304069519","0","211.41389465332","12.8157930374146","731.075622558594","0","345.552978515625","0","0","0","2144.25122070313","144.101501464844","0","144.101501464844","274.67529296875","424.873870849609","0","0.0134249897673726","0.30898979306221","0","0","953.474243164063","0","12.4240579605103","0.00686631863936782","0","9","197","71","397","291","291","-1","0","198","0","90","0","2.46475434303284","0.466666668653488","0.0921186357736588","99","327","20460.0001734308","1023","20.0000001695316","2.49017091814182","0.0254165751089794","10"
"default_evolutive","75","2","10","0","0","0","0","-2.29154849052429","0","227.844848632813","12.8886365890503","617.88525390625","0","341.908660888672","0","0","0","2008.36437988281","167.108245849609","0","167.108245849609","265.603271484375","441.450103759766","0","0.0129815870895982","0.335614264011383","0","0","870.845275878906","0","13.6125783920288","0.00432798033580184","0","9","203","74","397","294","294","-1","0","204","0","93","0","1.87517821788788","0.483333349227905","0.0921186357736588","103","326","20459.9999715902","1023","19.999999972229","2.21675852543019","0.341580307542308","10"
"default_evolutive","75","3","0","0","0","0","0","-0.383655339479446","0","14.8860006332397","86.7568283081055","0","0","506.852172851563","0","0","0","196.104934692383","109.239280700684","0","109.239280700684","107.998756408691","509.053680419922","0","0.0052785319276154","0.0214223619550467","0","0","101.238357543945","0","0.555082499980927","0.0203271079808474","0","9","101","6","400","244","244","-1","0","102","0","43","0","12.8093395233154","0.216666668653488","0.122824847698212","31","371","20459.9987060191","1023","19.9999987351115","14.2647553794189","1.45541585610346","10"
"default_evolutive","75","3","1","0","0","0","0","0.764051616191864","0","20.8465766906738","65.7592315673828","0","0","503.771667480469","0","0","0","323.654571533203","92.3056716918945","0","92.3056716918945","124.566947937012","507.733245849609","0","0.00608831644058228","0.0298751518130302","0","0","86.2038497924805","0","0.796974778175354","0.0210866872221231","0","9","107","9","400","247","247","-1","0","108","0","46","0","11.4607076644897","0.233333334326744","0.122824847698212","35","366","20459.9989426795","1023","19.9999989664511","11.7587917187519","0.298084054262157","10"
"default_evolutive","75","3","2","0","0","0","0","0.679174184799194","0","20.6472721099854","68.6351165771484","0","0","503.897674560547","0","0","0","331.778717041016","88.6285781860352","0","88.6285781860352","123.647506713867","507.833953857422","0","0.00604337826371193","0.0294050741940737","0","0","88.8820114135742","0","0.78962641954422","0.0212606824934483","0","9","114","12","399","250","250","-1","0","115","0","49","0","11.2261238098145","0.25","0.122824847698212","37","366","20459.9979214144","1023","19.999997968147","11.8600347210638","0.633910911249329","10"
"default_evolutive","75","3","3","0","0","0","0","0.515397965908051","0","35.9150543212891","49.5082015991211","176.778594970703","0","478.8271484375","0","0","0","822.864318847656","60.1787185668945","0","60.1787185668945","151.388687133789","471.052703857422","0","0.00739925168454647","0.049518920481205","0","0","260.967468261719","0","1.45608067512512","0.0226015690714121","0","9","134","22","399","260","260","-1","0","135","0","59","0","9.51725959777832","0.300000011920929","0.122824847698212","48","358","20459.9996848287","1023","19.9999996919147","8.59347374488021","-0.923785852898112","10"
"default_evolutive","75","3","4","0","0","0","0","0.0354680232703686","0","39.3134498596191","53.0943832397461","207.871398925781","0","476.562835693359","0","0","0","1203.07055664063","44.893497467041","0","44.893497467041","154.179382324219","469.858581542969","0","0.00753564992919564","0.0540100410580635","0","0","299.133666992188","0","1.62050986289978","0.0210145935416222","0","9","153","31","398","269","269","-1","0","154","0","68","0","8.64875221252441","0.349999994039536","0.122824847698212","55","355","20459.9979793217","1023","19.9999980247524","8.02025214240895","-0.628500070115463","10"
"default_evolutive","75","3","5","0","0","0","0","-0.551194787025452","0","54.1666641235352","37.0773544311523","715.060180664063","0","424.049438476563","0","0","0","6693.7734375","11.1848611831665","0","11.1848611831665","169.579711914063","380.051910400391","0","0.00828835275024176","0.0748689249157906","0","0","803.0361328125","0","2.36989164352417","0.00858890730887651","0","9","173","41","398","279","279","-1","0","174","0","78","0","8.4376106262207","0.400000005960464","0.122824847698212","62","340","20460.0017668307","1023","20.0000017271072","6.35594824377347","-2.08166238244724","10"
"default_evolutive","75","3","6","0","0","0","0","-1.33667600154877","0","101.937187194824","19.7393188476563","928.429321289063","0","385.776641845703","0","0","0","3179.50122070313","44.4283027648926","0","44.4283027648926","224.615142822266","356.019714355469","0","0.0109782572835684","0.141259849071503","0","0","1046.81579589844","0","4.98540067672729","0.00609477609395981","0","9","193","51","398","289","289","-1","0","194","0","88","0","5.59209680557251","0.449999988079071","0.122824847698212","78","336","20459.9998907346","1023","19.9999998931912","4.45733701311359","-1.13475979245892","10"
"default_evolutive","75","3","7","0","0","0","0","-2.01135444641113","0","56.2535438537598","27.226001739502","990.64404296875","0","389.906311035156","0","0","0","2128.666015625","36.499641418457","0","36.499641418457","169.97607421875","314.42578125","0","0.00830772612243891","0.0776955410838127","0","0","1069.13110351563","0","2.50155115127563","0.00591835612431169","0","9","213","61","398","299","299","-1","0","214","0","98","0","7.99484300613403","0.5","0.122824847698212","78","344","20459.9997296071","1023","19.9999997356863","6.13818171203208","-1.85666129410195","10"
"default_evolutive","75","3","8","0","0","0","0","-2.735276222229","0","57.6836128234863","27.1003570556641","933.549560546875","0","396.394409179688","0","0","0","1276.39794921875","62.5750732421875","0","62.5750732421875","172.936126708984","328.95947265625","0","0.00845240149646997","0.079870693385601","0","0","1013.71533203125","0","2.58419561386108","0.0170318558812141","0","9","233","71","398","309","309","-1","0","234","0","108","0","7.00138187408447","0.550000011920929","0.122824847698212","78","345","20459.9990643143","1023","19.9999990853512","6.07476186102914","-0.926620013055329","10"
"default_evolutive","75","3","9","0","0","0","0","-3.08673191070557","0","93.0307159423828","18.8696708679199","1131.099609375","0","383.704956054688","0","0","0","1268.83117675781","101.847839355469","0","101.847839355469","202.109588623047","342.725036621094","0","0.00987827964127064","0.129227712750435","0","0","1238.24255371094","0","4.53499698638916","0.0180984437465668","0","9","239","74","398","312","312","-1","0","240","0","111","0","4.86278438568115","0.566666662693024","0.122824847698212","91","338","20459.9987004468","1023","19.9999987296645","4.38401611516887","-0.478768270512283","10"
"default_evolutive","75","3","10","0","0","0","0","-3.37950730323792","0","89.2633209228516","19.874719619751","1068.87292480469","0","389.613159179688","0","0","0","1106.82543945313","112.567802429199","0","112.567802429199","199.054595947266","350.375274658203","0","0.00972896441817284","0.124592907726765","0","0","1173.36413574219","0","4.32804250717163","0.0188204869627953","0","9","247","78","399","316","316","-1","0","248","0","115","0","4.95896291732788","0.583333313465118","0.122824847698212","93","342","20459.9983504359","1023","19.9999983875229","4.47855862647243","-0.480404290855451","10"
"default_evolutive","90","0","0","0","0","0","0","2.41311168670654","0","9.5202808380127","88.6868209838867","0","0","521.098999023438","0","0","0","162.354232788086","86.0827560424805","0","86.0827560424805","87.7893142700195","509.821441650391","0","0.00429077818989754","0.0139758996665478","0","0","97.7376480102539","0","0.33631432056427","0.212961882352829","0","9","33","3","400","217","217","-1","0","34","0","16","0","20.1957607269287","0.0500000007450581","0.0614124238491058","14","390","20459.9982531644","1023","19.9999982924383","17.8792914605458","-2.31646926638294","10"
"default_evolutive","90","0","1","0","0","0","0","2.01426291465759","0","40.8477325439453","37.045223236084","0","0","494.112335205078","0","0","0","2065.46118164063","30.1310787200928","0","30.1310787200928","172.586395263672","504.045928955078","0","0.00843530707061291","0.0622345730662346","0","0","77.4739074707031","0","1.9103969335556","0.118586041033268","0","9","39","6","399","220","220","-1","0","40","0","19","0","9.65254688262939","0.100000001490116","0.0614124238491058","30","368","20460.0014935949","1023","20.0000014600146","7.78987727137985","-1.86266961124954","10"
"default_evolutive","90","0","2","0","0","0","0","1.80945158004761","0","70.7367401123047","24.8936710357666","188.958892822266","0","456.899505615234","0","0","0","9399.7685546875","13.4360322952271","0","13.4360322952271","218.969970703125","471.487091064453","0","0.0107023427262902","0.12629559636116","0","0","283.60693359375","0","3.91146445274353","0.107117466628551","0","9","59","16","399","230","230","-1","0","60","0","29","0","7.16002416610718","0.150000005960464","0.0614124238491058","45","356","20460.0035995135","1023","20.000003518586","4.86109865742196","-2.29892550868522","10"
"default_evolutive","90","0","3","0","0","0","0","1.80945158004761","0","56.8514633178711","7321.74853515625","0","0","12499.005859375","0","0","0","NaN","0","0","0","1249.90063476563","9396.2451171875","0","0.061089962720871","0.173151090741158","0","0","7361.94921875","0","3.45055675506592","0.72060638666153","0","9","80","27","400","241","241","-1","0","81","0","40","0","45","0.200000002980232","0.0614124238491058","66","375","20459.9999590212","1023","19.9999999599425","NaN","NaN","10"
"default_evolutive","90","0","4","0","0","0","0","1.80945158004761","0","55.6829261779785","7251.58349609375","0","0","12379.224609375","0","0","0","NaN","0","0","0","1237.92272949219","8699.21875","0","0.0605045296251774","0.224601209163666","0","0","7290.95751953125","0","3.59194588661194","0.792526721954346","0","9","100","37","400","251","251","-1","0","101","0","50","0","45","0.25","0.0614124238491058","87","378","20460.0008819349","1023","20.0000008621065","NaN","NaN","10"
"default_evolutive","90","1","0","0","0","0","0","-1.48563945293427","0","1.42748022079468","313.769836425781","0","0","392.662231445313","0","0","0","12.3889894485474","170.954956054688","0","170.954956054688","42.1660232543945","378.282592773438","0","0.00206090020947158","0.00211795908398926","0","0","314.671997070313","0","0.0346354506909847","0.264773011207581","0","9","39","0","400","220","220","-1","0","40","0","19","0","45","0.0833333358168602","0.0921186357736588","6","391","20460.0024108911","1023","20.0000023566873","76.670294878063","31.670294878063","10"
"default_evolutive","90","1","1","0","0","0","0","-2.45590019226074","0","1.29995834827423","329.050354003906","0","0","323.223266601563","0","0","0","9.13989353179932","172.841567993164","0","172.841567993164","37.6033401489258","312.767608642578","0","0.00183789548464119","0.00157975347246975","0","0","329.797088623047","0","0.0246535185724497","0.245667323470116","0","9","39","0","399","220","220","-1","0","40","0","19","0","45","0.100000001490116","0.0921186357736588","4","389","20459.9992018953","1023","19.999999219839","NaN","NaN","10"
"default_evolutive","90","1","2","0","0","0","0","1.77370929718018","0","35.5163612365723","42.5796089172363","0","0","496.816192626953","0","0","0","377.107574462891","133.605331420898","0","133.605331420898","158.631134033203","504.809600830078","0","0.00775323249399662","0.0503835789859295","0","0","77.6715087890625","0","1.51751613616943","0.0863113105297089","0","9","59","10","399","230","230","-1","0","60","0","29","0","10.2855796813965","0.150000005960464","0.0921186357736588","29","365","20459.9996396383","1023","19.9999996477403","8.85208374417595","-1.43349593722054","10"
"default_evolutive","90","1","3","0","0","0","0","1.24857401847839","0","61.2740249633789","29.7458190917969","304.984985351563","0","451.4453125","0","0","0","638.965148925781","136.518310546875","0","136.518310546875","195.805603027344","442.750457763672","0","0.0095701664686203","0.0872304439544678","0","0","394.159912109375","0","2.88339734077454","0.0734011828899384","0","9","79","20","399","240","240","-1","0","80","0","39","0","8.06007480621338","0.200000002980232","0.0921186357736588","42","351","20459.9996948196","1023","19.9999997016809","6.29867435117881","-1.76140045503457","10"
"default_evolutive","90","1","4","0","0","0","0","0.521328866481781","0","106.649917602539","18.8119316101074","605.09423828125","0","405.472869873047","0","0","0","1454.2177734375","106.840835571289","0","106.840835571289","246.279373168945","407.092895507813","0","0.0120371161028743","0.155369848012924","0","0","728.401489257813","0","5.64183807373047","0.0610176958143711","0","9","99","30","399","250","250","-1","0","100","0","49","0","5.7433443069458","0.25","0.0921186357736588","56","334","20459.9981477405","1023","19.9999981893847","4.44338323209008","-1.29996107485572","10"
"default_evolutive","90","1","5","0","0","0","0","-0.210227802395821","0","139.106948852539","14.9423980712891","549.917663574219","0","390.439147949219","0","0","0","2087.11547851563","98.5634994506836","0","98.5634994506836","276.958129882813","420.119293212891","0","0.013536567799747","0.205713406205177","0","0","702.231628417969","0","7.76687717437744","0.0522985868155956","0","9","119","40","399","260","260","-1","0","120","0","59","0","4.41307592391968","0.300000011920929","0.0921186357736588","69","329","20459.9965057604","1023","19.999996584321","3.77296276642966","-0.640113157490013","10"
"default_evolutive","90","1","6","0","0","0","0","-0.871272385120392","0","130.765151977539","15.8710870742798","709.799987792969","0","384.197326660156","0","0","0","1432.044921875","131.835922241211","0","131.835922241211","259.731536865234","392.9072265625","0","0.012694600969553","0.18879497051239","0","0","854.050415039063","0","7.01337909698486","0.0418351925909519","0","9","139","50","399","270","270","-1","0","140","0","69","0","4.57391548156738","0.349999994039536","0.0921186357736588","73","330","20460.0000809935","1023","20.0000000791725","3.85548559991658","-0.718429881650798","10"
"default_evolutive","90","1","7","0","0","0","0","-1.70801985263824","0","177.145751953125","11.1296863555908","830.0185546875","0","368.857574462891","0","0","0","2490.09375","105.160507202148","0","105.160507202148","265.365325927734","428.549530029297","0","0.0129699585959315","0.261859506368637","0","0","1015.58618164063","0","10.3061275482178","0.0345495492219925","0","9","159","60","399","280","280","-1","0","160","0","79","0","3.2008957862854","0.400000005960464","0.0921186357736588","89","330","20459.997922505","1023","19.9999979692131","2.83903393253006","-0.361861853755342","10"
"default_evolutive","90","1","8","0","0","0","0","-2.44869422912598","0","192.465057373047","11.8419160842896","691.814880371094","0","363.47216796875","0","0","0","2694.849609375","106.817520141602","0","106.817520141602","263.641540527344","440.776153564453","0","0.0128857046365738","0.28785714507103","0","0","893.85400390625","0","11.4395694732666","0.0230043102055788","0","9","179","70","399","290","290","-1","0","180","0","89","0","2.53632140159607","0.449999988079071","0.0921186357736588","98","331","20460.0018363795","1023","20.0000017950924","2.56565897015182","0.0293375685557531","10"
"default_evolutive","90","1","9","0","0","0","0","-2.73370146751404","0","196.494964599609","12.3515567779541","815.193786621094","0","353.812530517578","0","0","0","2700.80541992188","107.201782226563","0","107.201782226563","257.577514648438","423.335144042969","0","0.0125893205404282","0.289531171321869","0","0","1021.80712890625","0","11.5281553268433","0.0161326788365841","0","9","187","74","400","294","294","-1","0","188","0","93","0","2.3800048828125","0.466666668653488","0.0921186357736588","99","329","20460.0013019986","1023","20.0000012727259","2.49210632505011","0.112101442237606","10"
"default_evolutive","90","1","10","0","0","0","0","-2.94771814346313","0","205.462356567383","12.8830232620239","666.061645507813","0","358.178588867188","0","0","0","2831.18090820313","107.480407714844","0","107.480407714844","255.930084228516","445.349792480469","0","0.0125088011845946","0.304296463727951","0","0","882.603149414063","0","12.1892499923706","0.0148098086938262","0","9","193","77","400","297","297","-1","0","194","0","96","0","2.0485258102417","0.483333349227905","0.0921186357736588","103","331","20460.0009586618","1023","20.0000009371083","2.35593760498313","0.307411794741434","10"
"default_evolutive","90","2","0","0","0","0","0","-1.32546234130859","0","11.416220664978","96.1299743652344","0","0","510.275115966797","0","0","0","74.0919876098633","231.387130737305","0","231.387130737305","97.8299789428711","509.927276611328","0","0.00478152371942997","0.0171439312398434","0","0","107.147811889648","0","0.421054512262344","0.0827437117695808","0","9","87","6","400","244","244","-1","0","88","0","43","0","13.7079057693481","0.216666668653488","0.122824847698212","30","374","20460.0007619609","1023","20.0000007448298","16.1948460211397","2.48694025179157","10"
"default_evolutive","90","2","1","0","0","0","0","-0.0589515566825867","0","18.1680736541748","78.5198364257813","0","0","506.484344482422","0","0","0","116.479698181152","223.280807495117","0","223.280807495117","116.331909179688","508.312652587891","0","0.00568582210689783","0.0260076802223921","0","0","96.2769546508789","0","0.686643481254578","0.0751013159751892","0","9","93","9","400","247","247","-1","0","94","0","46","0","11.674994468689","0.233333334326744","0.122824847698212","35","371","20459.9980429493","1023","19.9999980869495","12.6280435208107","0.953049052121688","10"
"default_evolutive","90","2","2","0","0","0","0","-0.216177046298981","0","19.9651679992676","68.63623046875","0","0","505.412414550781","0","0","0","125.709953308105","227.662185668945","0","227.662185668945","121.929595947266","507.936706542969","0","0.00595941348001361","0.0286194030195475","0","0","88.1975021362305","0","0.764499187469482","0.0724282935261726","0","9","99","12","399","250","250","-1","0","100","0","49","0","11.0374298095703","0.25","0.122824847698212","37","367","20459.9993533235","1023","19.9999993678626","12.0186361369314","0.981206327361116","10"
"default_evolutive","90","2","3","0","0","0","0","-0.31870299577713","0","36.0483055114746","48.2425804138184","176.415618896484","0","478.545623779297","0","0","0","219.194091796875","225.91357421875","0","225.91357421875","151.929412841797","469.146636962891","0","0.00742567982524633","0.049518920481205","0","0","259.371643066406","0","1.47627675533295","0.0645440667867661","0","9","119","22","399","260","260","-1","0","120","0","59","0","9.0102014541626","0.300000011920929","0.122824847698212","48","358","20460.000487128","1023","20.000000476176","8.62440075185638","-0.385800702306218","10"
"default_evolutive","90","2","4","0","0","0","0","-0.931019902229309","0","42.1771697998047","47.3680267333984","209.756134033203","0","473.753234863281","0","0","0","250.355270385742","234.696487426758","0","234.696487426758","160.478485107422","465.859741210938","0","0.00784352142363787","0.0587575063109398","0","0","298.002868652344","0","1.77080190181732","0.0582417063415051","0","9","139","32","399","270","270","-1","0","140","0","69","0","7.9264817237854","0.349999994039536","0.122824847698212","57","356","20460.0046891937","1023","20.000004583767","7.67129565401121","-0.25518606977419","10"
"default_evolutive","90","2","5","0","0","0","0","-1.44795417785645","0","58.3577766418457","31.6842403411865","798.801147460938","0","415.579650878906","0","0","0","358.239654541016","225.720153808594","0","225.720153808594","175.967514038086","366.759521484375","0","0.00860056187957525","0.0808619111776352","0","0","885.238464355469","0","2.59270620346069","0.0453949123620987","0","9","159","42","399","280","280","-1","0","160","0","79","0","7.65645408630371","0.400000005960464","0.122824847698212","64","340","20460.0020907909","1023","20.0000020437838","6.10559115542231","-1.5508629308814","10"
"default_evolutive","90","2","6","0","0","0","0","-2.09551501274109","0","61.7135734558105","26.2086429595947","920.352111816406","0","398.554473876953","0","0","0","378.828826904297","229.099334716797","0","229.099334716797","180.289825439453","337.494079589844","0","0.00881181936711073","0.0867894291877747","0","0","1003.96136474609","0","2.81215214729309","0.0345540381968021","0","9","179","52","399","290","290","-1","0","180","0","89","0","7.19472217559814","0.449999988079071","0.122824847698212","71","339","20460.0001348606","1023","20.0000001318286","5.82734009674356","-1.36738207885459","10"
"default_evolutive","90","2","7","0","0","0","0","-2.70219206809998","0","57.8020782470703","24.7755012512207","1015.91906738281","0","387.774536132813","0","0","0","351.823059082031","230.292953491211","0","230.292953491211","173.563049316406","312.1044921875","0","0.0084830429404974","0.0810223668813705","0","0","1093.421875","0","2.6103458404541","0.0256501231342554","0","9","199","62","399","300","300","-1","0","200","0","99","0","7.2983980178833","0.5","0.122824847698212","77","342","20459.9989100408","1023","19.9999989345463","6.00988302462421","-1.28851499325909","10"
"default_evolutive","90","2","8","0","0","0","0","-2.92805743217468","0","61.0563812255859","24.7369441986084","983.268676757813","0","392.378234863281","0","0","0","375.411163330078","230.228042602539","0","230.228042602539","177.600982666016","325.429016113281","0","0.00868039950728416","0.0864301696419716","0","0","1064.34338378906","0","2.81022763252258","0.0195366032421589","0","9","207","66","400","304","304","-1","0","208","0","103","0","6.7321310043335","0.516666650772095","0.122824847698212","79","342","20460.0010076704","1023","20.0000009850151","5.76407676907877","-0.968054235254723","10"
"default_evolutive","90","2","9","0","0","0","0","-3.11105799674988","0","70.0976486206055","22.8604335784912","986.058715820313","0","390.927124023438","0","0","0","459.083892822266","214.650466918945","0","214.650466918945","189.150756835938","332.077178955078","0","0.00924490485340357","0.0985425710678101","0","0","1074.67431640625","0","3.28405714035034","0.016756484284997","0","9","213","69","400","307","307","-1","0","214","0","106","0","5.90927267074585","0.533333301544189","0.122824847698212","84","342","20460.0003824053","1023","20.0000003738077","5.38319764831676","-0.52607502242909","10"
