board,drift_deg,roll_case,element_index,sub_index,rho_v_kg_m2_s,rho_kgm3,scan_speed_ms,incidence_deg_derived,incidence_deg_stored_parent
default_shortboard,0,0,0,0,,,,,19.4426879882813
default_shortboard,0,0,0,1,20460.0014574674,1023.0,20.0000014246993,22.2825895713494,19.4426879882813
default_shortboard,0,0,0,2,20460.0001866875,1023.0,20.0000001824902,22.4596897849263,19.4426879882813
default_shortboard,0,0,0,3,20460.0002026314,1023.0,20.0000001980757,23.2851771136014,19.4426879882813
default_shortboard,0,0,0,4,20459.9999514776,1023.0,19.9999999525685,23.2519829167277,19.4426879882813
default_shortboard,0,0,0,5,20460.0004706761,1023.0,20.0000004600939,22.9529067065575,19.4426879882813
default_shortboard,0,0,0,6,20459.998309775,1023.0,19.9999983477762,22.9523573959522,19.4426879882813
default_shortboard,0,0,0,7,20460.0018928694,1023.0,20.0000018503122,22.4958878896803,19.4426879882813
default_shortboard,0,0,0,8,20460.0001605556,1023.0,20.0000001569459,22.0549025754766,19.4426879882813
default_shortboard,0,0,0,9,20459.9992283011,1023.0,19.9999992456511,22.2778637913121,19.4426879882813
default_shortboard,0,0,1,0,,,,,16.066858291626
default_shortboard,0,0,1,1,20459.9998570438,1023.0,19.9999998602579,18.8459585189318,16.066858291626
default_shortboard,0,0,1,2,20459.9998770848,1023.0,19.9999998798483,19.1842249450476,16.066858291626
default_shortboard,0,0,1,3,20459.9995460478,1023.0,19.999999556254,19.6608843598001,16.066858291626
default_shortboard,0,0,1,4,20459.9992359778,1023.0,19.9999992531552,18.9453880195072,16.066858291626
default_shortboard,0,0,1,5,20460.0000792526,1023.0,20.0000000774707,19.4137424908546,16.066858291626
default_shortboard,0,0,1,6,20460.0005555744,1023.0,20.0000005430835,18.9831206469297,16.066858291626
default_shortboard,0,0,1,7,20460.00100639,1023.0,20.0000009837634,18.6189293587119,16.066858291626
default_shortboard,0,0,1,8,20460.0006809147,1023.0,20.0000006656058,18.457060920683,16.066858291626
default_shortboard,0,0,1,9,20459.9999550899,1023.0,19.9999999560996,18.6941124504272,16.066858291626
default_shortboard,0,0,2,0,,,,,10.0561666488647
default_shortboard,0,0,2,1,20460.0003382035,1023.0,20.0000003305997,11.8916803757019,10.0561666488647
default_shortboard,0,0,2,2,20459.9983858463,1023.0,19.9999984221371,12.1838582872077,10.0561666488647
default_shortboard,0,0,2,3,20459.9988325815,1023.0,19.9999988588284,12.4426754855661,10.0561666488647
default_shortboard,0,0,2,4,20460.0003404861,1023.0,20.000000332831,12.5636776824427,10.0561666488647
default_shortboard,0,0,2,5,20459.9998428253,1023.0,19.9999998463591,12.2063923157952,10.0561666488647
default_shortboard,0,0,2,6,20459.9998312675,1023.0,19.9999998350611,12.4781871449708,10.0561666488647
default_shortboard,0,0,2,7,20459.9995772367,1023.0,19.9999995867417,12.3081504475096,10.0561666488647
default_shortboard,0,0,2,8,20459.9998809368,1023.0,19.9999998836137,12.0086273006989,10.0561666488647
default_shortboard,0,0,2,9,20460.0005091549,1023.0,20.0000004977077,13.0063683131792,10.0561666488647
default_shortboard,0,0,3,0,20459.9995461275,1023.0,19.9999995563319,6.55620874710476,6.09698915481567
default_shortboard,0,0,3,1,20459.9996227799,1023.0,19.9999996312609,6.69058821156155,6.09698915481567
default_shortboard,0,0,3,2,20460.000071075,1023.0,20.000000069477,7.18550744669285,6.09698915481567
default_shortboard,0,0,3,3,20459.999507175,1023.0,19.9999995182551,7.47641302739099,6.09698915481567
default_shortboard,0,0,3,4,20460.0009477797,1023.0,20.0000009264709,7.47132531845209,6.09698915481567
default_shortboard,0,0,3,5,20460.0001147133,1023.0,20.0000001121342,7.4271574744296,6.09698915481567
default_shortboard,0,0,3,6,20460.0000452377,1023.0,20.0000000442206,7.40822980883502,6.09698915481567
default_shortboard,0,0,3,7,20460.0000751265,1023.0,20.0000000734374,6.87761919399607,6.09698915481567
default_shortboard,0,0,3,8,20460.00056566,1023.0,20.0000005529423,6.11667312097057,6.09698915481567
default_shortboard,0,0,3,9,20460.0003130642,1023.0,20.0000003060256,6.21274149443822,6.09698915481567
default_shortboard,0,0,4,0,20460.0000436198,1023.0,20.0000000426391,3.68758163677137,4.99956893920898
default_shortboard,0,0,4,1,20460.0013604174,1023.0,20.0000013298313,4.29478610059302,4.99956893920898
default_shortboard,0,0,4,2,20459.9996702388,1023.0,19.9999996776528,5.1037239746403,4.99956893920898
default_shortboard,0,0,4,3,20459.9992459116,1023.0,19.9999992628657,5.56896970751345,4.99956893920898
default_shortboard,0,0,4,4,20459.9984404218,1023.0,19.9999984754856,5.60489200870085,4.99956893920898
default_shortboard,0,0,4,5,20459.998441261,1023.0,19.9999984763059,5.54091091422403,4.99956893920898
default_shortboard,0,0,4,6,20460.0009882385,1023.0,20.00000096602,5.52654667385322,4.99956893920898
default_shortboard,0,0,4,7,20459.9996711073,1023.0,19.9999996785018,4.81596870806411,4.99956893920898
default_shortboard,0,0,4,8,20460.0001194329,1023.0,20.0000001167477,3.91833582386053,4.99956893920898
default_shortboard,0,0,4,9,20459.9994359822,1023.0,19.999999448663,3.56041503128128,4.99956893920898
default_shortboard,0,0,5,0,20460.000040657,1023.0,20.000000039743,2.12453206321016,4.49643754959106
default_shortboard,0,0,5,1,20460.0004156907,1023.0,20.0000004063448,2.87066675976327,4.49643754959106
default_shortboard,0,0,5,2,20459.9997372832,1023.0,19.9999997431898,4.00058786710325,4.49643754959106
default_shortboard,0,0,5,3,20460.0001199946,1023.0,20.0000001172968,4.50903547696769,4.49643754959106
default_shortboard,0,0,5,4,20459.9999406475,1023.0,19.9999999419819,4.58343379526284,4.49643754959106
default_shortboard,0,0,5,5,20459.999536063,1023.0,19.9999995464937,4.48665089293172,4.49643754959106
default_shortboard,0,0,5,6,20459.9996675001,1023.0,19.9999996749757,4.45689188650557,4.49643754959106
default_shortboard,0,0,5,7,20459.99940498,1023.0,19.9999994183578,3.46803945754103,4.49643754959106
default_shortboard,0,0,5,8,20459.9997791065,1023.0,19.9999997840728,2.81696812573945,4.49643754959106
default_shortboard,0,0,5,9,20460.0012305332,1023.0,20.0000012028673,2.17290295510329,4.49643754959106
default_shortboard,0,0,6,0,20460.0005254718,1023.0,20.0000005136576,1.48852502244982,4.09276294708252
default_shortboard,0,0,6,1,20460.00040461,1023.0,20.0000003955132,2.16972285010848,4.09276294708252
default_shortboard,0,0,6,2,20459.9997445214,1023.0,19.9999997502653,3.24931822408537,4.09276294708252
default_shortboard,0,0,6,3,20459.9996449635,1023.0,19.9999996529458,3.70854905830006,4.09276294708252
default_shortboard,0,0,6,4,20459.99980919,1023.0,19.99999981348,3.84171539455868,4.09276294708252
default_shortboard,0,0,6,5,20459.9999565761,1023.0,19.9999999575524,3.82540848435235,4.09276294708252
default_shortboard,0,0,6,6,20459.9994326064,1023.0,19.999999445363,3.67113711350953,4.09276294708252
default_shortboard,0,0,6,7,20459.999335229,1023.0,19.999999350175,2.83699683870127,4.09276294708252
default_shortboard,0,0,6,8,20459.9992676393,1023.0,19.9999992841049,2.14593199795969,4.09276294708252
default_shortboard,0,0,6,9,20459.9996767421,1023.0,19.9999996840099,1.45997347824333,4.09276294708252
default_shortboard,0,0,7,0,20460.0003425134,1023.0,20.0000003348127,1.32394776234364,3.65532469749451
default_shortboard,0,0,7,1,20459.9992158966,1023.0,19.9999992335255,1.84142416605841,3.65532469749451
default_shortboard,0,0,7,2,20460.0006628963,1023.0,20.0000006479924,2.75272545326988,3.65532469749451
default_shortboard,0,0,7,3,20459.9995025849,1023.0,19.9999995137682,3.183914869555,3.65532469749451
default_shortboard,0,0,7,4,20459.9985452923,1023.0,19.9999985779984,3.28560255694744,3.65532469749451
default_shortboard,0,0,7,5,20459.9998816502,1023.0,19.999999884311,3.30226843684989,3.65532469749451
default_shortboard,0,0,7,6,20459.9993598826,1023.0,19.9999993742743,3.09845414834045,3.65532469749451
default_shortboard,0,0,7,7,20459.9990799353,1023.0,19.999999100621,2.3547778500831,3.65532469749451
default_shortboard,0,0,7,8,20460.0000637213,1023.0,20.0000000622887,1.69361334843654,3.65532469749451
default_shortboard,0,0,7,9,20459.999310638,1023.0,19.9999993261369,1.16716836809045,3.65532469749451
default_shortboard,0,0,8,0,20459.9999516493,1023.0,19.9999999527363,1.63352683353629,3.12041807174683
default_shortboard,0,0,8,1,20460.0011563214,1023.0,20.000001130324,1.60501046130168,3.12041807174683
default_shortboard,0,0,8,2,20460.0002383985,1023.0,20.0000002330386,2.3509012545285,3.12041807174683
default_shortboard,0,0,8,3,20459.9996370638,1023.0,19.9999996452237,2.7897685531487,3.12041807174683
default_shortboard,0,0,8,4,20460.0006285858,1023.0,20.0000006144534,2.84022543051797,3.12041807174683
default_shortboard,0,0,8,5,20460.0006904459,1023.0,20.0000006749227,2.85966460436934,3.12041807174683
default_shortboard,0,0,8,6,20460.0011443362,1023.0,20.0000011186082,2.65655939119177,3.12041807174683
default_shortboard,0,0,8,7,20460.0002057683,1023.0,20.0000002011421,2.0357826874322,3.12041807174683
default_shortboard,0,0,8,8,20459.999393695,1023.0,19.9999994073265,1.44869911677666,3.12041807174683
default_shortboard,0,0,8,9,20460.0000786233,1023.0,20.0000000768556,1.23011410114947,3.12041807174683
default_shortboard,0,0,9,0,20459.9996719898,1023.0,19.9999996793645,1.20569680772522,2.33366537094116
default_shortboard,0,0,9,1,20459.999428163,1023.0,19.9999994410195,1.38757195824499,2.33366537094116
default_shortboard,0,0,9,2,20460.0000742181,1023.0,20.0000000725495,2.0667836122648,2.33366537094116
default_shortboard,0,0,9,3,20459.9993216337,1023.0,19.9999993368854,2.33476050808331,2.33366537094116
default_shortboard,0,0,9,4,20459.9997062661,1023.0,19.9999997128701,2.48582463594462,2.33366537094116
default_shortboard,0,0,9,5,20460.0003259944,1023.0,20.0000003186651,2.45759497637854,2.33366537094116
default_shortboard,0,0,9,6,20459.9998818315,1023.0,19.9999998844882,2.35317645680348,2.33366537094116
default_shortboard,0,0,9,7,20460.0004569366,1023.0,20.0000004466633,1.8491766447796,2.33366537094116
default_shortboard,0,0,9,8,20460.0008934362,1023.0,20.0000008733492,1.37039924428886,2.33366537094116
default_shortboard,0,0,9,9,20460.0001903818,1023.0,20.0000001861014,1.18812454536834,2.33366537094116
default_shortboard,0,0,10,0,20459.9997736476,1023.0,19.9999997787367,-0.009231960976609,1.11873662471771
default_shortboard,0,0,10,1,20459.9992305079,1023.0,19.9999992478083,1.5996993565429,1.11873662471771
default_shortboard,0,0,10,2,20459.9997343394,1023.0,19.9999997403123,1.83417606971279,1.11873662471771
default_shortboard,0,0,10,3,20460.0012535729,1023.0,20.0000012253889,2.10900868945244,1.11873662471771
default_shortboard,0,0,10,4,20460.0003867815,1023.0,20.0000003780856,2.10321660652605,1.11873662471771
default_shortboard,0,0,10,5,20459.9993858145,1023.0,19.9999993996231,2.29513366942427,1.11873662471771
default_shortboard,0,0,10,6,20460.0003560931,1023.0,20.0000003480871,1.97245803136426,1.11873662471771
default_shortboard,0,0,10,7,20460.0007230535,1023.0,20.0000007067972,1.7272933824453,1.11873662471771
default_shortboard,0,0,10,8,20460.0009728854,1023.0,20.0000009510122,1.12334659739296,1.11873662471771
default_shortboard,0,0,10,9,20460.0011092332,1023.0,20.0000010842944,0.201354731576045,1.11873662471771
default_shortboard,0,0,11,0,20459.9999140137,1023.0,19.999999915947,-0.478077490448347,0.649891138076782
default_shortboard,0,0,11,1,20459.9984765621,1023.0,19.9999985108134,1.09028859488714,0.649891138076782
default_shortboard,0,0,11,2,20460.00126098,1023.0,20.0000012326295,1.99927486484238,0.649891138076782
default_shortboard,0,0,11,3,20460.0009525611,1023.0,20.0000009311447,1.85703411229653,0.649891138076782
default_shortboard,0,0,11,4,20459.9991013718,1023.0,19.9999991215756,2.07010010802168,0.649891138076782
default_shortboard,0,0,11,5,20459.9997203162,1023.0,19.9999997266043,2.10590833133252,0.649891138076782
default_shortboard,0,0,11,6,20460.0003458354,1023.0,20.00000033806,2.04245725100256,0.649891138076782
default_shortboard,0,0,11,7,20460.0006791638,1023.0,20.0000006638942,2.0871172317747,0.649891138076782
default_shortboard,0,0,11,8,20460.000480944,1023.0,20.000000470131,0.654501122710514,0.649891138076782
default_shortboard,0,0,11,9,20459.9999255199,1023.0,19.9999999271944,-0.26749080265252,0.649891138076782
default_shortboard,0,1,0,0,,,,,36.015983581543
default_shortboard,0,1,0,1,,,,,36.015983581543
default_shortboard,0,1,0,2,,,,,36.015983581543
default_shortboard,0,1,0,3,,,,,36.015983581543
default_shortboard,0,1,0,4,20460.0003940797,1023.0,20.0000003852196,58.3152368766535,36.015983581543
default_shortboard,0,1,0,5,20459.9989388438,1023.0,19.9999989627017,41.4847675385917,36.015983581543
default_shortboard,0,1,0,6,20459.9992356727,1023.0,19.999999252857,39.5947093430362,36.015983581543
default_shortboard,0,1,0,7,20460.000688104,1023.0,20.0000006726334,38.8356287539619,36.015983581543
default_shortboard,0,1,0,8,20459.9997061664,1023.0,19.9999997127726,38.7276869899596,36.015983581543
default_shortboard,0,1,0,9,20460.0010847751,1023.0,20.0000010603862,38.8724438729339,36.015983581543
default_shortboard,0,1,1,0,20459.9994024651,1023.0,19.9999994158994,20.9002607671289,18.4914169311523
default_shortboard,0,1,1,1,20460.000138659,1023.0,20.0000001355416,22.4054354627488,18.4914169311523
default_shortboard,0,1,1,2,20459.999494951,1023.0,19.999999506306,24.0286404568004,18.4914169311523
default_shortboard,0,1,1,3,20460.0002054177,1023.0,20.0000002007993,22.0113125723521,18.4914169311523
default_shortboard,0,1,1,4,20459.9998786998,1023.0,19.999999881427,21.9422567460919,18.4914169311523
default_shortboard,0,1,1,5,20460.0003509431,1023.0,20.0000003430529,21.7631037283994,18.4914169311523
default_shortboard,0,1,1,6,20459.9994439161,1023.0,19.9999994564184,21.1639758577019,18.4914169311523
default_shortboard,0,1,1,7,20459.9995134926,1023.0,19.9999995244307,20.8234836038599,18.4914169311523
default_shortboard,0,1,1,8,20460.0001490567,1023.0,20.0000001457055,20.5401081448696,18.4914169311523
default_shortboard,0,1,1,9,20459.9996742814,1023.0,19.9999996816045,22.5060392559577,18.4914169311523
default_shortboard,0,1,2,0,20460.0000598926,1023.0,20.0000000585461,15.3501050753287,12.6334209442139
default_shortboard,0,1,2,1,20459.9995428356,1023.0,19.999999553114,15.6887076661973,12.6334209442139
default_shortboard,0,1,2,2,20459.9992939253,1023.0,19.9999993097999,16.1758616715241,12.6334209442139
default_shortboard,0,1,2,3,20460.0006469003,1023.0,20.0000006323561,15.3527199307355,12.6334209442139
default_shortboard,0,1,2,4,20460.0001387481,1023.0,20.0000001356286,15.4219876516695,12.6334209442139
default_shortboard,0,1,2,5,20460.0003664804,1023.0,20.0000003582408,15.11049296425,12.6334209442139
default_shortboard,0,1,2,6,20459.9999143015,1023.0,19.9999999162283,14.7544578453149,12.6334209442139
default_shortboard,0,1,2,7,20459.9994366737,1023.0,19.9999994493389,14.1912161197587,12.6334209442139
default_shortboard,0,1,2,8,20459.9992011739,1023.0,19.9999992191338,13.8068349345282,12.6334209442139
default_shortboard,0,1,2,9,20459.9988264843,1023.0,19.9999988528684,21.3743097593955,12.6334209442139
default_shortboard,0,1,3,0,20460.0008813954,1023.0,20.0000008615791,8.79397373274326,6.3820424079895
default_shortboard,0,1,3,1,20460.0005092791,1023.0,20.000000497829,8.10884535338359,6.3820424079895
default_shortboard,0,1,3,2,20459.9996214195,1023.0,19.999999629931,8.1949616620089,6.3820424079895
default_shortboard,0,1,3,3,20460.0007998127,1023.0,20.0000007818306,8.14096056670601,6.3820424079895
default_shortboard,0,1,3,4,20459.9984322342,1023.0,19.9999984674821,7.83130604492046,6.3820424079895
default_shortboard,0,1,3,5,20460.0003432504,1023.0,20.0000003355331,7.65486951612214,6.3820424079895
default_shortboard,0,1,3,6,20460.000161466,1023.0,20.0000001578358,7.33877592076866,6.3820424079895
default_shortboard,0,1,3,7,20460.0009780074,1023.0,20.000000956019,6.21035147233405,6.3820424079895
default_shortboard,0,1,3,8,20459.9990172774,1023.0,19.9999990393718,5.55339124949606,6.3820424079895
default_shortboard,0,1,3,9,20459.9989608082,1023.0,19.9999989841723,5.3426184240443,6.3820424079895
default_shortboard,0,1,4,0,20460.0001809941,1023.0,20.0000001769249,5.38407664864598,5.06761693954468
default_shortboard,0,1,4,1,20459.9998791635,1023.0,19.9999998818803,5.4658231546726,5.06761693954468
default_shortboard,0,1,4,2,20460.0001570393,1023.0,20.0000001535086,6.01367248526171,5.06761693954468
default_shortboard,0,1,4,3,20459.9996468139,1023.0,19.9999996547546,5.84109207615479,5.06761693954468
default_shortboard,0,1,4,4,20460.0003762137,1023.0,20.0000003677554,5.66890838580253,5.06761693954468
default_shortboard,0,1,4,5,20460.0000927698,1023.0,20.000000090684,5.45004036019034,5.06761693954468
default_shortboard,0,1,4,6,20459.9996912091,1023.0,19.9999996981516,4.73948107955432,5.06761693954468
default_shortboard,0,1,4,7,20460.0003698732,1023.0,20.0000003615574,3.82954241020345,5.06761693954468
default_shortboard,0,1,4,8,20460.0002305426,1023.0,20.0000002253593,3.1525349813072,5.06761693954468
default_shortboard,0,1,4,9,20460.0001630425,1023.0,20.0000001593768,2.53270649272166,5.06761693954468
default_shortboard,0,1,5,0,20460.0017376771,1023.0,20.0000016986091,3.66117804630242,4.48908710479736
default_shortboard,0,1,5,1,20459.9995356526,1023.0,19.9999995460924,3.98675207154424,4.48908710479736
default_shortboard,0,1,5,2,20460.0003698771,1023.0,20.0000003615611,4.71659182786582,4.48908710479736
default_shortboard,0,1,5,3,20460.0013398443,1023.0,20.0000013097207,4.65991601090451,4.48908710479736
default_shortboard,0,1,5,4,20460.000024019,1023.0,20.000000023479,4.55596998544378,4.48908710479736
default_shortboard,0,1,5,5,20459.9993376523,1023.0,19.9999993525438,4.39490896376602,4.48908710479736
default_shortboard,0,1,5,6,20459.9987018574,1023.0,19.9999987310434,3.71963251081896,4.48908710479736
default_shortboard,0,1,5,7,20459.999204229,1023.0,19.9999992221203,2.99083428040138,4.48908710479736
default_shortboard,0,1,5,8,20460.0004199392,1023.0,20.0000004104977,2.40178302428391,4.48908710479736
default_shortboard,0,1,5,9,20459.999540211,1023.0,19.9999995505484,1.97066625217085,4.48908710479736
default_shortboard,0,1,6,0,20460.000110553,1023.0,20.0000001080675,2.46362565742899,4.06397533416748
default_shortboard,0,1,6,1,20459.9996593993,1023.0,19.999999667057,2.96417394462532,4.06397533416748
default_shortboard,0,1,6,2,20459.9997653792,1023.0,19.9999997706542,3.7557124972798,4.06397533416748
default_shortboard,0,1,6,3,20460.0001020698,1023.0,20.000000099775,3.93669075940515,4.06397533416748
default_shortboard,0,1,6,4,20460.0000400383,1023.0,20.0000000391381,3.83433100083042,4.06397533416748
default_shortboard,0,1,6,5,20460.000778467,1023.0,20.0000007609648,3.74666055113533,4.06397533416748
default_shortboard,0,1,6,6,20459.999204524,1023.0,19.9999992224086,3.39273094986428,4.06397533416748
default_shortboard,0,1,6,7,20460.0001626708,1023.0,20.0000001590135,2.60599049058495,4.06397533416748
default_shortboard,0,1,6,8,20459.9997011864,1023.0,19.9999997079046,2.16177677158792,4.06397533416748
default_shortboard,0,1,6,9,20459.9997697139,1023.0,19.9999997748914,2.23620821056384,4.06397533416748
default_shortboard,0,1,7,0,20460.0003085745,1023.0,20.0000003016368,1.48166568552516,3.5780348777771
default_shortboard,0,1,7,1,20460.0019906197,1023.0,20.0000019458648,2.19447905591673,3.5780348777771
default_shortboard,0,1,7,2,20459.9982437589,1023.0,19.9999982832443,2.82884738690174,3.5780348777771
default_shortboard,0,1,7,3,20460.0006745154,1023.0,20.0000006593503,3.24198070341352,3.5780348777771
default_shortboard,0,1,7,4,20459.9985327919,1023.0,19.999998565779,3.25766001754439,3.5780348777771
default_shortboard,0,1,7,5,20459.999747072,1023.0,19.9999997527586,3.20592819832265,3.5780348777771
default_shortboard,0,1,7,6,20460.0003219726,1023.0,20.0000003147337,3.01722736973781,3.5780348777771
default_shortboard,0,1,7,7,20459.9995649876,1023.0,19.9999995747679,2.4534316969761,3.5780348777771
default_shortboard,0,1,7,8,20460.0008977206,1023.0,20.0000008775372,2.21494856025911,3.5780348777771
default_shortboard,0,1,7,9,20459.9997978838,1023.0,19.9999998024279,2.66065305273386,3.5780348777771
default_shortboard,0,1,8,0,20460.0010378454,1023.0,20.0000010145116,0.861989531802348,3.04586744308472
default_shortboard,0,1,8,1,20459.9996100571,1023.0,19.9999996188241,1.53804945835754,3.04586744308472
default_shortboard,0,1,8,2,20459.9997927815,1023.0,19.9999997974404,2.18767573277071,3.04586744308472
default_shortboard,0,1,8,3,20460.0009558399,1023.0,20.0000009343498,2.61966676265582,3.04586744308472
default_shortboard,0,1,8,4,20460.0005811086,1023.0,20.0000005680436,2.70911570684868,3.04586744308472
default_shortboard,0,1,8,5,20460.0002506301,1023.0,20.0000002449952,2.78562813240625,3.04586744308472
default_shortboard,0,1,8,6,20459.9993899118,1023.0,19.9999994036283,2.73360107215281,3.04586744308472
default_shortboard,0,1,8,7,20460.0005953031,1023.0,20.0000005819189,2.63869437644346,3.04586744308472
default_shortboard,0,1,8,8,20460.0010632801,1023.0,20.0000010393745,2.73379882312508,3.04586744308472
default_shortboard,0,1,8,9,20460.000054354,1023.0,20.0000000531319,2.12848556219775,3.04586744308472
default_shortboard,0,1,9,0,20459.9993407555,1023.0,19.9999993555773,-0.211652622470203,2.09289836883545
default_shortboard,0,1,9,1,20459.9997082508,1023.0,19.9999997148101,0.553338708095954,2.09289836883545
default_shortboard,0,1,9,2,20459.9993390221,1023.0,19.9999993538828,1.17562609003398,2.09289836883545
default_shortboard,0,1,9,3,20460.0003677504,1023.0,20.0000003594823,1.651101136442,2.09289836883545
default_shortboard,0,1,9,4,20460.0004646885,1023.0,20.000000454241,2.03761839018207,2.09289836883545
default_shortboard,0,1,9,5,20459.9992994897,1023.0,19.9999993152392,2.454476231037,2.09289836883545
default_shortboard,0,1,9,6,20460.0007775209,1023.0,20.00000076004,2.71602822712819,2.09289836883545
default_shortboard,0,1,9,7,20460.0008610013,1023.0,20.0000008416435,3.53012431474121,2.09289836883545
default_shortboard,0,1,9,8,20460.0009273721,1023.0,20.000000906522,2.04692485220562,2.09289836883545
default_shortboard,0,1,9,9,20459.9988665936,1023.0,19.9999988920758,0.947357587166812,2.09289836883545
default_shortboard,0,2,0,0,20459.9983861255,1023.0,19.9999984224101,44.854554016232,30.2389144897461
default_shortboard,0,2,0,1,20459.9996017984,1023.0,19.9999996107511,34.0621657628935,30.2389144897461
default_shortboard,0,2,0,2,20460.0012329328,1023.0,20.0000012052129,33.1855406022258,30.2389144897461
default_shortboard,0,2,0,3,20459.9993120776,1023.0,19.9999993275441,32.7968243552494,30.2389144897461
default_shortboard,0,2,0,4,20459.9997282701,1023.0,19.9999997343794,32.4563844592605,30.2389144897461
default_shortboard,0,2,0,5,20459.999385229,1023.0,19.9999993990508,32.1897302096884,30.2389144897461
default_shortboard,0,2,0,6,20459.9987215875,1023.0,19.9999987503299,31.9914985248055,30.2389144897461
default_shortboard,0,2,0,7,20460.0001335815,1023.0,20.0000001305782,32.345765434239,30.2389144897461
default_shortboard,0,2,0,8,20460.0007831517,1023.0,20.0000007655442,46.8094826689313,30.2389144897461
default_shortboard,0,2,0,9,,,,,30.2389144897461
default_shortboard,0,2,1,0,20459.9988012752,1023.0,19.999998828226,13.716795723796,8.99446964263916
default_shortboard,0,2,1,1,20460.0011853035,1023.0,20.0000011586545,12.4217427203426,8.99446964263916
default_shortboard,0,2,1,2,20459.9985310456,1023.0,19.9999985640719,11.2963396432842,8.99446964263916
default_shortboard,0,2,1,3,20459.9992940034,1023.0,19.9999993098762,10.9842308098331,8.99446964263916
default_shortboard,0,2,1,4,20460.0001870028,1023.0,20.0000001827985,10.6697621150846,8.99446964263916
default_shortboard,0,2,1,5,20460.0006298995,1023.0,20.0000006157375,9.74253995070835,8.99446964263916
default_shortboard,0,2,1,6,20459.9995610317,1023.0,19.999999570901,8.8687353010481,8.99446964263916
default_shortboard,0,2,1,7,20459.9997620859,1023.0,19.9999997674349,8.13887543038368,8.99446964263916
default_shortboard,0,2,1,8,20459.9993401924,1023.0,19.9999993550268,7.61928674589539,8.99446964263916
default_shortboard,0,2,1,9,20459.9991248381,1023.0,19.9999991445142,7.6450429790303,8.99446964263916
default_shortboard,0,2,2,0,20459.9997446568,1023.0,19.9999997503977,9.52020143202032,6.64287233352661
default_shortboard,0,2,2,1,20459.9994585939,1023.0,19.9999994707663,8.97458425228191,6.64287233352661
default_shortboard,0,2,2,2,20460.0007582169,1023.0,20.00000074117,8.29373249671105,6.64287233352661
default_shortboard,0,2,2,3,20459.9993410069,1023.0,19.999999355823,7.90867604875295,6.64287233352661
default_shortboard,0,2,2,4,20460.0013692559,1023.0,20.000001338471,7.50379373199472,6.64287233352661
default_shortboard,0,2,2,5,20459.9996436747,1023.0,19.9999996516859,6.58757903181637,6.64287233352661
default_shortboard,0,2,2,6,20459.9993080558,1023.0,19.9999993236127,5.46576075631218,6.64287233352661
default_shortboard,0,2,2,7,20459.9996034006,1023.0,19.9999996123173,4.8798385810727,6.64287233352661
default_shortboard,0,2,2,8,20459.999956958,1023.0,19.9999999579257,4.27568308475367,6.64287233352661
default_shortboard,0,2,2,9,20459.9995008219,1023.0,19.9999995120449,4.16422607323863,6.64287233352661
default_shortboard,0,2,3,0,20459.9993359045,1023.0,19.9999993508353,8.33150055168724,5.47038650512695
default_shortboard,0,2,3,1,20459.9996669758,1023.0,19.9999996744632,7.72591748151177,5.47038650512695
default_shortboard,0,2,3,2,20459.9986626302,1023.0,19.9999986926981,6.83667327485519,5.47038650512695
default_shortboard,0,2,3,3,20459.999269041,1023.0,19.9999992854751,6.21714556711567,5.47038650512695
default_shortboard,0,2,3,4,20460.0007340261,1023.0,20.0000007175231,5.78147995879596,5.47038650512695
default_shortboard,0,2,3,5,20459.9991474139,1023.0,19.9999991665825,5.17727174020169,5.47038650512695
default_shortboard,0,2,3,6,20460.0005595799,1023.0,20.0000005469989,4.21602836738155,5.47038650512695
default_shortboard,0,2,3,7,20459.9997137357,1023.0,19.9999997201717,3.62979136694899,5.47038650512695
default_shortboard,0,2,3,8,20460.0000298307,1023.0,20.00000002916,3.29629904833226,5.47038650512695
default_shortboard,0,2,3,9,20460.0006626165,1023.0,20.000000647719,3.77420682797939,5.47038650512695
default_shortboard,0,2,4,0,20460.0014047264,1023.0,20.0000013731441,5.78165182453145,4.22539234161377
default_shortboard,0,2,4,1,20460.001148612,1023.0,20.0000011227879,5.27847053201076,4.22539234161377
default_shortboard,0,2,4,2,20459.9998113943,1023.0,19.9999998156347,4.89835104859622,4.22539234161377
default_shortboard,0,2,4,3,20460.0020208442,1023.0,20.0000019754098,4.51128551124781,4.22539234161377
default_shortboard,0,2,4,4,20459.999260049,1023.0,19.9999992766852,4.18004518742899,4.22539234161377
default_shortboard,0,2,4,5,20460.000836096,1023.0,20.0000008172981,3.8648935627122,4.22539234161377
default_shortboard,0,2,4,6,20460.0010202279,1023.0,20.0000009972902,3.14943487878704,4.22539234161377
default_shortboard,0,2,4,7,20459.9998956018,1023.0,19.999999897949,2.70800874306183,4.22539234161377
default_shortboard,0,2,4,8,20459.9998681671,1023.0,19.9999998711311,2.68000805372787,4.22539234161377
default_shortboard,0,2,4,9,20460.0009401099,1023.0,20.0000009189735,3.71693065109454,4.22539234161377
default_shortboard,0,2,5,0,20460.0014989671,1023.0,20.000001465266,5.18372749242874,3.79007077217102
default_shortboard,0,2,5,1,20460.0000704233,1023.0,20.00000006884,4.62771071134158,3.79007077217102
default_shortboard,0,2,5,2,20459.9992037191,1023.0,19.9999992216218,4.26169020961497,3.79007077217102
default_shortboard,0,2,5,3,20459.9994301033,1023.0,19.9999994429162,3.76622888177738,3.79007077217102
default_shortboard,0,2,5,4,20460.0005435382,1023.0,20.0000005313179,3.52212414259003,3.79007077217102
default_shortboard,0,2,5,5,20459.999417703,1023.0,19.9999994307947,3.33810552132892,3.79007077217102
default_shortboard,0,2,5,6,20459.9999859809,1023.0,19.9999999862961,2.87158253847206,3.79007077217102
default_shortboard,0,2,5,7,20459.999432283,1023.0,19.9999994450469,2.78930208311018,3.79007077217102
default_shortboard,0,2,5,8,20459.9997741805,1023.0,19.9999997792576,3.21006048348717,3.79007077217102
default_shortboard,0,2,5,9,20460.0001704409,1023.0,20.0000001666089,3.28160914275366,3.79007077217102
default_shortboard,0,2,6,0,20460.0007546151,1023.0,20.0000007376492,4.5071526320112,3.21924471855164
default_shortboard,0,2,6,1,20460.0005489422,1023.0,20.0000005366004,4.05605943008317,3.21924471855164
default_shortboard,0,2,6,2,20460.0000214931,1023.0,20.0000000210099,3.39017767085773,3.21924471855164
default_shortboard,0,2,6,3,20460.0000027457,1023.0,20.0000000026839,3.03477807002401,3.21924471855164
default_shortboard,0,2,6,4,20460.0003220633,1023.0,20.0000003148224,2.85842726653961,3.21924471855164
default_shortboard,0,2,6,5,20459.9989117144,1023.0,19.9999989361822,2.84708035205548,3.21924471855164
default_shortboard,0,2,6,6,20460.0005663478,1023.0,20.0000005536146,2.94841951589894,3.21924471855164
default_shortboard,0,2,6,7,20460.0001650448,1023.0,20.0000001613341,3.54008271578535,3.21924471855164
default_shortboard,0,2,6,8,20459.9987915963,1023.0,19.9999988187647,3.45670009285403,3.21924471855164
default_shortboard,0,2,6,9,20460.0009846854,1023.0,20.0000009625468,2.32554558973376,3.21924471855164
default_shortboard,0,2,7,0,20459.9999866446,1023.0,19.9999999869449,4.86963955629386,3.08020663261414
default_shortboard,0,2,7,1,20460.000661395,1023.0,20.0000006465249,4.00599249374974,3.08020663261414
default_shortboard,0,2,7,2,20459.9997240816,1023.0,19.999999730285,3.29341401127006,3.08020663261414
default_shortboard,0,2,7,3,20459.9996159993,1023.0,19.9999996246328,2.87248780649597,3.08020663261414
default_shortboard,0,2,7,4,20460.0006329465,1023.0,20.000000618716,2.73734054659643,3.08020663261414
default_shortboard,0,2,7,5,20460.0001272187,1023.0,20.0000001243585,2.84637190071469,3.08020663261414
default_shortboard,0,2,7,6,20460.0003967773,1023.0,20.0000003878566,3.37921723888096,3.08020663261414
default_shortboard,0,2,7,7,20460.0002745913,1023.0,20.0000002684177,3.40104478630607,3.08020663261414
default_shortboard,0,2,7,8,20459.9998172065,1023.0,19.9999998213162,3.31971551017526,3.08020663261414
default_shortboard,0,2,7,9,20459.9985100047,1023.0,19.9999985435041,2.18650796237725,3.08020663261414
default_shortboard,0,3,0,0,20459.9991627015,1023.0,19.9999991815264,47.9179287871052,45.0
default_shortboard,0,3,0,1,20459.9997996497,1023.0,19.9999998041542,47.5262540115392,45.0
default_shortboard,0,3,0,2,20459.9993359975,1023.0,19.9999993509262,47.2198898817925,45.0
default_shortboard,0,3,0,3,20459.99995934,1023.0,19.9999999602541,46.9793723559925,45.0
default_shortboard,0,3,0,4,20460.0014012629,1023.0,20.0000013697584,46.7760880756884,45.0
default_shortboard,0,3,0,5,20459.9995597681,1023.0,19.9999995696658,46.7458911761197,45.0
default_shortboard,0,3,0,6,20460.0001288664,1023.0,20.0000001259691,46.7105712814056,45.0
default_shortboard,0,3,0,7,20460.0006813604,1023.0,20.0000006660414,46.6203662452651,45.0
default_shortboard,0,3,0,8,20459.9994360141,1023.0,19.9999994486942,46.2164000093738,45.0
default_shortboard,0,3,0,9,20460.0004289873,1023.0,20.0000004193424,49.5451786069236,45.0
default_shortboard,0,3,1,0,20460.0010627353,1023.0,20.0000010388419,16.9000561287145,12.9217014312744
default_shortboard,0,3,1,1,20460.0004888327,1023.0,20.0000004778423,15.3924532659877,12.9217014312744
default_shortboard,0,3,1,2,20459.9994084745,1023.0,19.9999994217737,14.7834008932166,12.9217014312744
default_shortboard,0,3,1,3,20460.0001490924,1023.0,20.0000001457404,13.556963289039,12.9217014312744
default_shortboard,0,3,1,4,20460.0014719564,1023.0,20.0000014388626,12.9995298432723,12.9217014312744
default_shortboard,0,3,1,5,20460.0001567435,1023.0,20.0000001532195,12.0703674741378,12.9217014312744
default_shortboard,0,3,1,6,20460.0004583346,1023.0,20.0000004480299,11.7532789985283,12.9217014312744
default_shortboard,0,3,1,7,20459.9982919771,1023.0,19.9999983303784,11.2655653421416,12.9217014312744
default_shortboard,0,3,1,8,20459.9991714114,1023.0,19.9999991900405,10.7723977826491,12.9217014312744
default_shortboard,0,3,1,9,20459.9994394921,1023.0,19.999999452094,11.5797950684417,12.9217014312744
default_shortboard,0,3,2,0,20460.0006254058,1023.0,20.0000006113449,12.0340147961905,8.26794719696045
default_shortboard,0,3,2,1,20459.9994448073,1023.0,19.9999994572896,10.4238651558878,8.26794719696045
default_shortboard,0,3,2,2,20460.0011865095,1023.0,20.0000011598333,9.57275591954154,8.26794719696045
default_shortboard,0,3,2,3,20460.0011357111,1023.0,20.000001110177,8.49358079889635,8.26794719696045
default_shortboard,0,3,2,4,20459.999961936,1023.0,19.9999999627918,7.50253718885417,8.26794719696045
default_shortboard,0,3,2,5,20459.9987673293,1023.0,19.9999987950433,7.05963408596437,8.26794719696045
default_shortboard,0,3,2,6,20459.9986337096,1023.0,19.9999986644278,6.42434069923673,8.26794719696045
default_shortboard,0,3,2,7,20460.0001760598,1023.0,20.0000001721014,6.02506058234351,8.26794719696045
default_shortboard,0,3,2,8,20460.00028926,1023.0,20.0000002827566,5.7721823989146,8.26794719696045
default_shortboard,0,3,2,9,20460.0008503286,1023.0,20.0000008312107,6.44938783835432,8.26794719696045
default_shortboard,0,3,3,0,20459.9998800788,1023.0,19.999999882775,10.3479697562009,6.94603109359741
default_shortboard,0,3,3,1,20460.0000249282,1023.0,20.0000000243677,8.7244383731162,6.94603109359741
default_shortboard,0,3,3,2,20459.9998132588,1023.0,19.9999998174573,8.06924002347806,6.94603109359741
default_shortboard,0,3,3,3,20460.0006520876,1023.0,20.0000006374268,7.12455582759553,6.94603109359741
default_shortboard,0,3,3,4,20459.9990759817,1023.0,19.9999990967563,6.23205971309957,6.94603109359741
default_shortboard,0,3,3,5,20460.0003367458,1023.0,20.0000003291747,5.48550062057896,6.94603109359741
default_shortboard,0,3,3,6,20459.9993923786,1023.0,19.9999994060397,5.05683544473625,6.94603109359741
default_shortboard,0,3,3,7,20460.0001221998,1023.0,20.0000001194524,4.93666021862962,6.94603109359741
default_shortboard,0,3,3,8,20459.9994474401,1023.0,19.9999994598633,5.10706044712833,6.94603109359741
default_shortboard,0,3,3,9,20459.9989769321,1023.0,19.9999989999336,6.14707034009631,6.94603109359741
default_shortboard,0,3,4,0,20459.9999484662,1023.0,19.9999999496249,8.76844270554853,5.84773826599121
default_shortboard,0,3,4,1,20460.000904254,1023.0,20.0000008839238,7.49079166447781,5.84773826599121
default_shortboard,0,3,4,2,20460.0000839075,1023.0,20.000000082021,6.65251659299776,5.84773826599121
default_shortboard,0,3,4,3,20460.000842253,1023.0,20.0000008233167,5.88703143105005,5.84773826599121
default_shortboard,0,3,4,4,20460.0002300957,1023.0,20.0000002249224,4.85241113615344,5.84773826599121
default_shortboard,0,3,4,5,20459.9999578238,1023.0,19.999999958772,4.53513733568074,5.84773826599121
default_shortboard,0,3,4,6,20460.0008109817,1023.0,20.0000007927485,4.23190124603441,5.84773826599121
default_shortboard,0,3,4,7,20460.0007708561,1023.0,20.000000753525,4.45501261931364,5.84773826599121
default_shortboard,0,3,4,8,20460.0003212233,1023.0,20.0000003140013,5.64105299954343,5.84773826599121
default_shortboard,0,3,4,9,20460.0005760489,1023.0,20.0000005630977,5.02759704972194,5.84773826599121
default_shortboard,0,3,5,0,20459.9995683696,1023.0,19.9999995780739,7.71554112785336,5.03709173202515
default_shortboard,0,3,5,1,20460.0007038951,1023.0,20.0000006880695,6.24567753567671,5.03709173202515
default_shortboard,0,3,5,2,20459.998745105,1023.0,19.9999987733187,5.40917487338218,5.03709173202515
default_shortboard,0,3,5,3,20460.0004334939,1023.0,20.0000004237477,4.70826136735529,5.03709173202515
default_shortboard,0,3,5,4,20459.9996071101,1023.0,19.9999996159434,3.99039762953609,5.03709173202515
default_shortboard,0,3,5,5,20459.9995333912,1023.0,19.9999995438819,3.87718936550391,5.03709173202515
default_shortboard,0,3,5,6,20459.9990490269,1023.0,19.9999990704075,4.31185536548723,5.03709173202515
default_shortboard,0,3,5,7,20460.0009618837,1023.0,20.0000009402577,5.47006142054138,5.03709173202515
default_shortboard,0,3,5,8,20459.9993476361,1023.0,19.9999993623031,4.83040612096732,5.03709173202515
default_shortboard,0,3,5,9,20460.0004448641,1023.0,20.0000004348623,4.216950093881,5.03709173202515
default_shortboard,0,3,6,0,20459.9988924503,1023.0,19.9999989173512,7.49393872363048,4.91192054748535
default_shortboard,0,3,6,1,20459.9992251028,1023.0,19.9999992425248,5.96701254627641,4.91192054748535
default_shortboard,0,3,6,2,20460.0006297803,1023.0,20.0000006156211,5.08533467157212,4.91192054748535
default_shortboard,0,3,6,3,20459.9995062709,1023.0,19.9999995173713,4.47999631130865,4.91192054748535
default_shortboard,0,3,6,4,20460.0012874485,1023.0,20.000001258503,3.95975781483102,4.91192054748535
default_shortboard,0,3,6,5,20460.0003755749,1023.0,20.0000003671308,3.95170889146357,4.91192054748535
default_shortboard,0,3,6,6,20459.9999803296,1023.0,19.9999999807719,4.75144032806587,4.91192054748535
default_shortboard,0,3,6,7,20459.9987988894,1023.0,19.9999988258939,5.34489059922778,4.91192054748535
default_shortboard,0,3,6,8,20459.9996892485,1023.0,19.9999996962351,4.70523532255591,4.91192054748535
default_shortboard,0,3,6,9,20459.9992174082,1023.0,19.9999992350031,4.09177951710034,4.91192054748535
default_shortboard,0,3,7,0,20460.000460626,1023.0,20.0000004502698,7.31489850677122,4.97258281707764
default_shortboard,0,3,7,1,20460.0008376664,1023.0,20.0000008188333,5.73030112137763,4.97258281707764
default_shortboard,0,3,7,2,20459.9993151316,1023.0,19.9999993305295,4.96805164654534,4.97258281707764
default_shortboard,0,3,7,3,20460.000850609,1023.0,20.0000008314849,4.29738732312888,4.97258281707764
default_shortboard,0,3,7,4,20459.9993287669,1023.0,19.9999993438581,4.06276523738859,4.97258281707764
default_shortboard,0,3,7,5,20459.9996049373,1023.0,19.9999996138194,4.47352858467641,4.97258281707764
default_shortboard,0,3,7,6,20459.9997434385,1023.0,19.9999997492067,5.1897630453475,4.97258281707764
default_shortboard,0,3,7,7,20459.9993026151,1023.0,19.9999993182944,5.25744017395518,4.97258281707764
default_shortboard,0,3,7,8,20460.0005863987,1023.0,20.0000005732147,4.25414816454928,4.97258281707764
default_shortboard,0,3,7,9,20459.9998795689,1023.0,19.9999998822766,4.17362186747312,4.97258281707764
default_shortboard,0,4,0,0,20460.0002365079,1023.0,20.0000002311905,50.8086629105107,45.0
default_shortboard,0,4,0,1,20460.0011555441,1023.0,20.0000011295641,46.4969346312245,45.0
default_shortboard,0,4,0,2,20460.0000585074,1023.0,20.000000057192,46.3193531959601,45.0
default_shortboard,0,4,0,3,20460.0002277935,1023.0,20.000000222672,45.7368597566024,45.0
default_shortboard,0,4,0,4,20459.9986351355,1023.0,19.9999986658216,45.0307714231218,45.0
default_shortboard,0,4,0,5,20460.0003919431,1023.0,20.0000003831311,44.610133076912,45.0
default_shortboard,0,4,0,6,20459.9995737449,1023.0,19.9999995833283,44.3214964159523,45.0
default_shortboard,0,4,0,7,20460.0014888162,1023.0,20.0000014553433,44.225975994635,45.0
default_shortboard,0,4,0,8,20460.000572226,1023.0,20.0000005593607,44.9345244228064,45.0
default_shortboard,0,4,0,9,20459.9999156612,1023.0,19.9999999175574,50.9067084894592,45.0
default_shortboard,0,4,1,0,20459.9988322216,1023.0,19.9999988584766,50.1757343627683,45.0
default_shortboard,0,4,1,1,20460.000607595,1023.0,20.0000005939345,48.932705312999,45.0
default_shortboard,0,4,1,2,20459.9997025016,1023.0,19.9999997091902,43.9323903394877,45.0
default_shortboard,0,4,1,3,20460.0009899989,1023.0,20.0000009677409,45.3934347128449,45.0
default_shortboard,0,4,1,4,20460.0000146466,1023.0,20.0000000143173,45.030880675673,45.0
default_shortboard,0,4,1,5,20460.0006192064,1023.0,20.0000006052848,44.6348058856912,45.0
default_shortboard,0,4,1,6,20459.9997013018,1023.0,19.9999997080174,44.4026466916648,45.0
default_shortboard,0,4,1,7,20459.9987366852,1023.0,19.9999987650881,44.4631469510893,45.0
default_shortboard,0,4,1,8,20459.9985465279,1023.0,19.9999985792062,45.5510598301755,45.0
default_shortboard,0,4,1,9,20459.9991481222,1023.0,19.9999991672748,51.6419431381714,45.0
default_shortboard,0,4,2,0,20460.0007276903,1023.0,20.0000007113297,27.4053210749225,25.7034969329834
default_shortboard,0,4,2,1,20460.0008805482,1023.0,20.000000860751,26.272056093594,25.7034969329834
default_shortboard,0,4,2,2,20459.9997775611,1023.0,19.9999997825621,25.320977721567,25.7034969329834
default_shortboard,0,4,2,3,20460.0002470085,1023.0,20.0000002414551,25.0545193205363,25.7034969329834
default_shortboard,0,4,2,4,20459.9989894584,1023.0,19.9999990121783,24.559667215636,25.7034969329834
default_shortboard,0,4,2,5,20460.0005342009,1023.0,20.0000005221906,24.0137988416341,25.7034969329834
default_shortboard,0,4,2,6,20459.9993660127,1023.0,19.9999993802665,23.5400596853338,25.7034969329834
default_shortboard,0,4,2,7,20459.9996894495,1023.0,19.9999996964316,23.2272871822416,25.7034969329834
default_shortboard,0,4,2,8,20459.999737737,1023.0,19.9999997436334,23.1843545361413,25.7034969329834
default_shortboard,0,4,2,9,20460.0006236422,1023.0,20.0000006096209,24.4108363558465,25.7034969329834
default_shortboard,0,4,3,0,20459.9996670179,1023.0,19.9999996745043,17.4558719793446,15.7442693710327
default_shortboard,0,4,3,1,20460.0002829304,1023.0,20.0000002765693,16.242512576099,15.7442693710327
default_shortboard,0,4,3,2,20460.0001182462,1023.0,20.0000001155877,15.4821923696239,15.7442693710327
default_shortboard,0,4,3,3,20460.0010866227,1023.0,20.0000010621923,14.6648833203064,15.7442693710327
default_shortboard,0,4,3,4,20460.0004659184,1023.0,20.0000004554432,14.1766070153649,15.7442693710327
default_shortboard,0,4,3,5,20460.0002808977,1023.0,20.0000002745823,13.7793926605959,15.7442693710327
default_shortboard,0,4,3,6,20459.9989380444,1023.0,19.9999989619202,13.4019720639882,15.7442693710327
default_shortboard,0,4,3,7,20459.9998855423,1023.0,19.9999998881157,13.2072551354742,15.7442693710327
default_shortboard,0,4,3,8,20459.9999021073,1023.0,19.9999999043082,13.365075730445,15.7442693710327
default_shortboard,0,4,3,9,20460.00043758,1023.0,20.0000004277419,15.153211470717,15.7442693710327
default_shortboard,0,4,4,0,20459.9996572558,1023.0,19.9999996649617,14.6369691383096,13.2876434326172
default_shortboard,0,4,4,1,20459.999981362,1023.0,19.9999999817811,13.2826312487264,13.2876434326172
default_shortboard,0,4,4,2,20459.9992834677,1023.0,19.9999992995774,12.5518112129692,13.2876434326172
default_shortboard,0,4,4,3,20460.0005855055,1023.0,20.0000005723417,11.7686819156921,13.2876434326172
default_shortboard,0,4,4,4,20459.9988096572,1023.0,19.9999988364196,11.4110278302184,13.2876434326172
default_shortboard,0,4,4,5,20459.9996412403,1023.0,19.9999996493062,11.1736862337733,13.2876434326172
default_shortboard,0,4,4,6,20460.0007632324,1023.0,20.0000007460727,11.1628463330934,13.2876434326172
default_shortboard,0,4,4,7,20459.9999317406,1023.0,19.9999999332753,11.5842568064984,13.2876434326172
default_shortboard,0,4,4,8,20459.9993415407,1023.0,19.9999993563447,12.3561115582663,13.2876434326172
default_shortboard,0,4,4,9,20460.0004610478,1023.0,20.0000004506821,12.6965859388892,13.2876434326172
default_shortboard,0,4,5,0,20460.0007424692,1023.0,20.0000007257763,14.1059195621529,12.9193391799927
default_shortboard,0,4,5,1,20459.9994202503,1023.0,19.9999994332847,12.7410225123489,12.9193391799927
default_shortboard,0,4,5,2,20460.0003332859,1023.0,20.0000003257927,12.0036674614333,12.9193391799927
default_shortboard,0,4,5,3,20460.0005043194,1023.0,20.0000004929809,11.2430502317749,12.9193391799927
default_shortboard,0,4,5,4,20459.999880659,1023.0,19.9999998833422,10.9813467327033,12.9193391799927
default_shortboard,0,4,5,5,20459.9987059333,1023.0,19.9999987350277,10.89799028736,12.9193391799927
default_shortboard,0,4,5,6,20459.9998373059,1023.0,19.9999998409637,11.11257591591,12.9193391799927
default_shortboard,0,4,5,7,20459.9996996579,1023.0,19.9999997064105,12.1727488308705,12.9193391799927
default_shortboard,0,4,5,8,20460.0006120717,1023.0,20.0000005983106,11.9878079572906,12.9193391799927
default_shortboard,0,4,5,9,20460.0002978408,1023.0,20.0000002911445,12.3282813281414,12.9193391799927
default_shortboard,0,4,6,0,20459.9986434099,1023.0,19.99999867391,14.6213118722504,14.3237047195435
default_shortboard,0,4,6,1,20460.0001581302,1023.0,20.000000154575,13.6255974567702,14.3237047195435
default_shortboard,0,4,6,2,20459.9992490733,1023.0,19.9999992659563,12.6927237967251,14.3237047195435
default_shortboard,0,4,6,3,20460.0007945354,1023.0,20.000000776672,12.4848864652855,14.3237047195435
default_shortboard,0,4,6,4,20459.9987335995,1023.0,19.9999987620718,12.3358707870186,14.3237047195435
default_shortboard,0,4,6,5,20459.9994996233,1023.0,19.9999995108732,12.4385912191846,14.3237047195435
default_shortboard,0,4,6,6,20460.0002403046,1023.0,20.0000002349019,12.8921302985952,14.3237047195435
default_shortboard,0,4,6,7,20459.9986830046,1023.0,19.9999987126145,13.9901950359389,14.3237047195435
default_shortboard,0,4,6,8,20459.9996079928,1023.0,19.9999996168063,13.4300061137318,14.3237047195435
default_shortboard,0,4,6,9,20460.0007038041,1023.0,20.0000006879805,13.7850343002599,14.3237047195435
default_shortboard,10,0,0,0,20460.0016904195,1023.0,20.000001652414,44.9999993719226,45.0
default_shortboard,10,0,0,1,20459.9989315534,1023.0,19.9999989555752,44.9999996375682,45.0
default_shortboard,10,0,0,2,20460.001292813,1023.0,20.0000012637469,44.9999970429211,45.0
default_shortboard,10,0,0,3,,,,,45.0
default_shortboard,10,0,0,4,,,,,45.0
default_shortboard,10,0,0,5,20459.9998201547,1023.0,19.9999998241982,45.0000015756021,45.0
default_shortboard,10,0,0,6,20460.0000696071,1023.0,20.0000000680421,44.9999974809291,45.0
default_shortboard,10,0,0,7,20460.0013120346,1023.0,20.0000012825363,44.9999999696666,45.0
default_shortboard,10,0,0,8,20460.0001166083,1023.0,20.0000001139866,44.9999984577349,45.0
default_shortboard,10,0,0,9,20460.0011831394,1023.0,20.000001156539,45.00000234027,45.0
default_shortboard,10,0,1,0,20460.0000078597,1023.0,20.0000000076829,17.168437588546,14.0426063537598
default_shortboard,10,0,1,1,20460.0004237387,1023.0,20.0000004142119,17.0754830165588,14.0426063537598
default_shortboard,10,0,1,2,20460.0003136478,1023.0,20.0000003065961,17.1019224869487,14.0426063537598
default_shortboard,10,0,1,3,20460.0001209366,1023.0,20.0000001182176,17.5391370110045,14.0426063537598
default_shortboard,10,0,1,4,20460.0005088389,1023.0,20.0000004973987,17.4668296755753,14.0426063537598
default_shortboard,10,0,1,5,20459.9999575036,1023.0,19.999999958459,16.3447040050419,14.0426063537598
default_shortboard,10,0,1,6,20459.9996551351,1023.0,19.9999996628886,16.5064114446398,14.0426063537598
default_shortboard,10,0,1,7,20459.9989743153,1023.0,19.9999989973757,16.1462248776396,14.0426063537598
default_shortboard,10,0,1,8,20460.0000651583,1023.0,20.0000000636933,15.8641475420223,14.0426063537598
default_shortboard,10,0,1,9,20459.9995718682,1023.0,19.9999995814938,15.9830184467628,14.0426063537598
default_shortboard,10,0,2,0,20459.9990257999,1023.0,19.9999990477027,16.9048521043491,10.2153358459473
default_shortboard,10,0,2,1,20460.000801809,1023.0,20.000000783782,12.7258584996189,10.2153358459473
default_shortboard,10,0,2,2,20459.9998473318,1023.0,19.9999998507642,12.7693515204107,10.2153358459473
default_shortboard,10,0,2,3,20459.9995479391,1023.0,19.9999995581027,13.0025536618267,10.2153358459473
default_shortboard,10,0,2,4,20459.9998647115,1023.0,19.9999998677532,13.0584917054788,10.2153358459473
default_shortboard,10,0,2,5,20459.9995291117,1023.0,19.9999995396986,11.9656476749981,10.2153358459473
default_shortboard,10,0,2,6,20459.9995821953,1023.0,19.9999995915887,12.2313900989991,10.2153358459473
default_shortboard,10,0,2,7,20459.9998427964,1023.0,19.9999998463308,12.0228847132844,10.2153358459473
default_shortboard,10,0,2,8,20460.0004046824,1023.0,20.000000395584,11.547275569544,10.2153358459473
default_shortboard,10,0,2,9,20459.9995467551,1023.0,19.9999995569454,12.6071149514936,10.2153358459473
default_shortboard,10,0,3,0,20459.9996691798,1023.0,19.9999996766176,6.40476320385632,5.83965539932251
default_shortboard,10,0,3,1,20459.9999329423,1023.0,19.9999999344499,7.25221375422542,5.83965539932251
default_shortboard,10,0,3,2,20460.0004139353,1023.0,20.0000004046288,7.28933416734429,5.83965539932251
default_shortboard,10,0,3,3,20460.0001956183,1023.0,20.0000001912203,7.40767154005796,5.83965539932251
default_shortboard,10,0,3,4,20459.9995637005,1023.0,19.9999995735097,7.02410119188365,5.83965539932251
default_shortboard,10,0,3,5,20459.9997630687,1023.0,19.9999997683956,6.74201544690503,5.83965539932251
default_shortboard,10,0,3,6,20459.999109185,1023.0,19.9999991292131,6.42366027864357,5.83965539932251
default_shortboard,10,0,3,7,20459.9997942194,1023.0,19.999999798846,5.76445407276636,5.83965539932251
default_shortboard,10,0,3,8,20460.0009903934,1023.0,20.0000009681265,5.25213432288148,5.83965539932251
default_shortboard,10,0,3,9,20459.9996487859,1023.0,19.9999996566822,5.78014063404448,5.83965539932251
default_shortboard,10,0,4,0,20460.0002529659,1023.0,20.0000002472785,4.47857469061794,4.87203216552734
default_shortboard,10,0,4,1,20459.999556155,1023.0,19.9999995661339,5.38823228918195,4.87203216552734
default_shortboard,10,0,4,2,20460.0003049208,1023.0,20.0000002980653,5.48281281534309,4.87203216552734
default_shortboard,10,0,4,3,20460.0017195929,1023.0,20.0000016809315,5.52466165494902,4.87203216552734
default_shortboard,10,0,4,4,20459.9991239269,1023.0,19.9999991436235,5.23622526420569,4.87203216552734
default_shortboard,10,0,4,5,20460.0002122972,1023.0,20.0000002075241,4.82190917718463,4.87203216552734
default_shortboard,10,0,4,6,20459.9992405984,1023.0,19.999999257672,4.31722575383842,4.87203216552734
default_shortboard,10,0,4,7,20460.0001534527,1023.0,20.0000001500026,3.6275846343737,4.87203216552734
default_shortboard,10,0,4,8,20460.0020674649,1023.0,20.0000020209823,3.06315817804156,4.87203216552734
default_shortboard,10,0,4,9,20459.9994594935,1023.0,19.9999994716457,3.25978823998794,4.87203216552734
default_shortboard,10,0,5,0,20459.9994361109,1023.0,19.9999994487888,3.40536371586834,4.44011783599854
default_shortboard,10,0,5,1,20460.0000889102,1023.0,20.0000000869112,4.24187936127986,4.44011783599854
default_shortboard,10,0,5,2,20460.0010530326,1023.0,20.0000010293573,4.36766903145976,4.44011783599854
default_shortboard,10,0,5,3,20459.9997243246,1023.0,19.9999997305226,4.41653431933508,4.44011783599854
default_shortboard,10,0,5,4,20459.9998818643,1023.0,19.9999998845204,4.29912189507024,4.44011783599854
default_shortboard,10,0,5,5,20460.0000469258,1023.0,20.0000000458708,3.61434979084889,4.44011783599854
default_shortboard,10,0,5,6,20460.0000765028,1023.0,20.0000000747828,3.11287657112858,4.44011783599854
default_shortboard,10,0,5,7,20459.9995569326,1023.0,19.9999995668941,2.58781774639091,4.44011783599854
default_shortboard,10,0,5,8,20459.9987086718,1023.0,19.9999987377046,2.05370622176937,4.44011783599854
default_shortboard,10,0,5,9,20460.0003273123,1023.0,20.0000003199533,2.14721037746284,4.44011783599854
default_shortboard,10,0,6,0,20460.0002023263,1023.0,20.0000001977774,2.96256249044856,4.04284286499023
default_shortboard,10,0,6,1,20459.9994122277,1023.0,19.9999994254425,3.40749870202963,4.04284286499023
default_shortboard,10,0,6,2,20460.0003111591,1023.0,20.0000003041633,3.59738146660338,4.04284286499023
default_shortboard,10,0,6,3,20460.0008613733,1023.0,20.0000008420071,3.63360148708011,4.04284286499023
default_shortboard,10,0,6,4,20460.0005443909,1023.0,20.0000005321515,3.42151871329237,4.04284286499023
default_shortboard,10,0,6,5,20460.0010053175,1023.0,20.000000982715,2.95388327693012,4.04284286499023
default_shortboard,10,0,6,6,20459.9994720972,1023.0,19.999999483966,2.57630645492168,4.04284286499023
default_shortboard,10,0,6,7,20459.9996999417,1023.0,19.9999997066879,2.11668631888354,4.04284286499023
default_shortboard,10,0,6,8,20460.0002114936,1023.0,20.0000002067386,1.20825490895359,4.04284286499023
default_shortboard,10,0,6,9,20459.9990474107,1023.0,19.9999990688277,2.15813673906239,4.04284286499023
default_shortboard,10,0,7,0,20459.9991663838,1023.0,19.9999991851259,2.8608535609753,3.64539527893066
default_shortboard,10,0,7,1,20460.0006446686,1023.0,20.0000006301746,2.74298056244495,3.64539527893066
default_shortboard,10,0,7,2,20459.9990094154,1023.0,19.9999990316866,2.87907749104262,3.64539527893066
default_shortboard,10,0,7,3,20459.9996163008,1023.0,19.9999996249275,3.0474245909283,3.64539527893066
default_shortboard,10,0,7,4,20459.9990330818,1023.0,19.9999990548209,2.95640903431395,3.64539527893066
default_shortboard,10,0,7,5,20460.001413495,1023.0,20.0000013817155,2.49435214634276,3.64539527893066
default_shortboard,10,0,7,6,20460.0000277174,1023.0,20.0000000270942,2.29102765155439,3.64539527893066
default_shortboard,10,0,7,7,20459.9995210293,1023.0,19.999999531798,2.02074147048981,3.64539527893066
default_shortboard,10,0,7,8,20459.9992921869,1023.0,19.9999993081006,1.48751895792304,3.64539527893066
default_shortboard,10,0,7,9,20460.0006676961,1023.0,20.0000006526844,2.64926704811121,3.64539527893066
default_shortboard,10,0,8,0,20459.9983197919,1023.0,19.9999983575678,2.66338731652471,3.44792890548706
default_shortboard,10,0,8,1,20459.9987417906,1023.0,19.9999987700788,2.47882141108108,3.44792890548706
default_shortboard,10,0,8,2,20460.0013308166,1023.0,20.000001300896,2.63186732161264,3.44792890548706
default_shortboard,10,0,8,3,20460.0004878265,1023.0,20.0000004768587,2.84773508633513,3.44792890548706
default_shortboard,10,0,8,4,20460.0008978142,1023.0,20.0000008776287,2.69574863154483,3.44792890548706
default_shortboard,10,0,8,5,20460.0007431592,1023.0,20.0000007264509,2.42762935477885,3.44792890548706
default_shortboard,10,0,8,6,20459.9991571569,1023.0,19.9999991761064,2.20034002807337,3.44792890548706
default_shortboard,10,0,8,7,20460.0000363817,1023.0,20.0000000355637,2.04833778830311,3.44792890548706
default_shortboard,10,0,8,8,20460.0008910314,1023.0,20.0000008709984,1.70396862797731,3.44792890548706
default_shortboard,10,0,8,9,20459.9993815955,1023.0,19.999999395499,3.11740423728489,3.44792890548706
default_shortboard,10,1,0,0,20460.0008218088,1023.0,20.0000008033321,37.0421096224366,33.6068229675293
default_shortboard,10,1,0,1,20459.9997632727,1023.0,19.9999997685951,41.8314859208334,33.6068229675293
default_shortboard,10,1,0,2,,,,,33.6068229675293
default_shortboard,10,1,0,3,,,,,33.6068229675293
default_shortboard,10,1,0,4,,,,,33.6068229675293
default_shortboard,10,1,0,5,20460.0012647719,1023.0,20.0000012363362,39.3270626811586,33.6068229675293
default_shortboard,10,1,0,6,20459.9994841773,1023.0,19.9999994957745,37.1253943372693,33.6068229675293
default_shortboard,10,1,0,7,20459.9992854165,1023.0,19.9999993014824,36.0853100287097,33.6068229675293
default_shortboard,10,1,0,8,20460.0007724561,1023.0,20.000000755089,35.8173839346801,33.6068229675293
default_shortboard,10,1,0,9,20459.9996973069,1023.0,19.9999997041123,36.0000971862957,33.6068229675293
default_shortboard,10,1,1,0,20460.0003999158,1023.0,20.0000003909246,21.7158737707746,18.294677734375
default_shortboard,10,1,1,1,20459.9996978122,1023.0,19.9999997046063,22.4249806900461,18.294677734375
default_shortboard,10,1,1,2,20459.9995982839,1023.0,19.9999996073157,24.5041333857055,18.294677734375
default_shortboard,10,1,1,3,20460.001013855,1023.0,20.0000009910606,22.9537038499998,18.294677734375
default_shortboard,10,1,1,4,20459.9996430649,1023.0,19.9999996510898,21.3475782180628,18.294677734375
default_shortboard,10,1,1,5,20459.9998621628,1023.0,19.9999998652618,21.1009491049375,18.294677734375
default_shortboard,10,1,1,6,20460.0007721627,1023.0,20.0000007548022,20.4393947240631,18.294677734375
default_shortboard,10,1,1,7,20460.0004075928,1023.0,20.0000003984289,20.1096890346288,18.294677734375
default_shortboard,10,1,1,8,20460.0013026625,1023.0,20.0000012733749,19.8313065082031,18.294677734375
default_shortboard,10,1,1,9,20460.0010500663,1023.0,20.0000010264578,21.4661564798905,18.294677734375
default_shortboard,10,1,2,0,20460.0005700989,1023.0,20.0000005572815,16.2724360562742,12.853458404541
default_shortboard,10,1,2,1,20460.0000554016,1023.0,20.000000054156,16.3425174393502,12.853458404541
default_shortboard,10,1,2,2,20459.9995964125,1023.0,19.9999996054863,16.9208694950113,12.853458404541
default_shortboard,10,1,2,3,20459.9993359996,1023.0,19.9999993509282,15.1976418793254,12.853458404541
default_shortboard,10,1,2,4,20460.0003866872,1023.0,20.0000003779933,15.162476358737,12.853458404541
default_shortboard,10,1,2,5,20460.0007833955,1023.0,20.0000007657825,14.9650998760295,12.853458404541
default_shortboard,10,1,2,6,20459.9999122881,1023.0,19.9999999142601,14.461337266062,12.853458404541
default_shortboard,10,1,2,7,20460.0008208725,1023.0,20.0000008024169,13.8506301248236,12.853458404541
default_shortboard,10,1,2,8,20459.9989019308,1023.0,19.9999989266185,14.0941443600111,12.853458404541
default_shortboard,10,1,2,9,20460.0003789007,1023.0,20.0000003703819,28.3579821803656,12.853458404541
default_shortboard,10,1,3,0,20460.0015685541,1023.0,20.0000015332885,8.74535986514421,6.47467470169067
default_shortboard,10,1,3,1,20460.0002224276,1023.0,20.0000002174267,8.65101560579357,6.47467470169067
default_shortboard,10,1,3,2,20459.9992510147,1023.0,19.999999267854,8.66710055867059,6.47467470169067
default_shortboard,10,1,3,3,20459.9997570833,1023.0,19.9999997625448,7.98613827572866,6.47467470169067
default_shortboard,10,1,3,4,20460.0000907097,1023.0,20.0000000886703,7.52790778203631,6.47467470169067
default_shortboard,10,1,3,5,20460.0009435058,1023.0,20.0000009222931,7.00635983441181,6.47467470169067
default_shortboard,10,1,3,6,20459.9995402422,1023.0,19.9999995505789,6.28800573628099,6.47467470169067
default_shortboard,10,1,3,7,20460.0002972768,1023.0,20.0000002905932,5.60040112061424,6.47467470169067
default_shortboard,10,1,3,8,20460.0003572959,1023.0,20.0000003492628,5.09423421749666,6.47467470169067
default_shortboard,10,1,3,9,20459.9990971176,1023.0,19.999999117417,5.51777091422185,6.47467470169067
default_shortboard,10,1,4,0,20460.0003621041,1023.0,20.000000353963,6.62090284650704,5.1277289390564
default_shortboard,10,1,4,1,20460.0016981352,1023.0,20.0000016599562,6.67244692509042,5.1277289390564
default_shortboard,10,1,4,2,20460.0002307163,1023.0,20.0000002255292,6.4974266841991,5.1277289390564
default_shortboard,10,1,4,3,20460.0012737741,1023.0,20.0000012451359,5.77830128706898,5.1277289390564
default_shortboard,10,1,4,4,20459.9997123253,1023.0,19.9999997187931,5.05220008288328,5.1277289390564
default_shortboard,10,1,4,5,20459.999910291,1023.0,19.9999999123079,4.2535236427878,5.1277289390564
default_shortboard,10,1,4,6,20459.9996888571,1023.0,19.9999996958525,3.68231539895794,5.1277289390564
default_shortboard,10,1,4,7,20459.9995592055,1023.0,19.9999995691158,3.02976796307367,5.1277289390564
default_shortboard,10,1,4,8,20460.0005892492,1023.0,20.0000005760012,2.63225283284385,5.1277289390564
default_shortboard,10,1,4,9,20460.0009666654,1023.0,20.000000944932,2.97592825883257,5.1277289390564
default_shortboard,10,1,5,0,20459.9990916203,1023.0,19.9999991120433,4.77729656755952,4.28251123428345
default_shortboard,10,1,5,1,20459.9993200609,1023.0,19.9999993353479,5.00431232472083,4.28251123428345
default_shortboard,10,1,5,2,20459.9999115203,1023.0,19.9999999135095,4.78483809973501,4.28251123428345
default_shortboard,10,1,5,3,20459.9999183799,1023.0,19.999999920215,4.4715609177487,4.28251123428345
default_shortboard,10,1,5,4,20460.0011125161,1023.0,20.0000010875035,3.82336928521288,4.28251123428345
default_shortboard,10,1,5,5,20460.0004318591,1023.0,20.0000004221497,3.21536670122286,4.28251123428345
default_shortboard,10,1,5,6,20460.0013832365,1023.0,20.0000013521374,2.64041487296516,4.28251123428345
default_shortboard,10,1,5,7,20459.9989411091,1023.0,19.999998964916,2.21794625659077,4.28251123428345
default_shortboard,10,1,5,8,20459.9997313359,1023.0,19.9999997373762,1.56753753748857,4.28251123428345
default_shortboard,10,1,5,9,20459.9995243667,1023.0,19.9999995350603,3.13874297434335,4.28251123428345
default_shortboard,10,1,6,0,20460.0005667787,1023.0,20.0000005540359,3.75687832710259,3.85682845115662
default_shortboard,10,1,6,1,20459.9993394216,1023.0,19.9999993542733,4.08113379843997,3.85682845115662
default_shortboard,10,1,6,2,20459.9999011993,1023.0,19.9999999034206,3.94087980121596,3.85682845115662
default_shortboard,10,1,6,3,20460.0008387487,1023.0,20.0000008198912,3.69495188004964,3.85682845115662
default_shortboard,10,1,6,4,20459.9989127803,1023.0,19.9999989372241,3.09208476418043,3.85682845115662
default_shortboard,10,1,6,5,20460.0007756259,1023.0,20.0000007581876,2.58399323632514,3.85682845115662
default_shortboard,10,1,6,6,20460.0008433298,1023.0,20.0000008243693,2.33700904497515,3.85682845115662
default_shortboard,10,1,6,7,20459.9991318628,1023.0,19.9999991513811,2.14836797358949,3.85682845115662
default_shortboard,10,1,6,8,20459.9993826936,1023.0,19.9999993965724,1.91820898899419,3.85682845115662
default_shortboard,10,1,6,9,20460.0011003679,1023.0,20.0000010756285,3.94632935535304,3.85682845115662
default_shortboard,10,1,7,0,20460.000030138,1023.0,20.0000000294604,3.18897603220719,3.51021480560303
default_shortboard,10,1,7,1,20460.0004140374,1023.0,20.0000004047286,3.54163853703935,3.51021480560303
default_shortboard,10,1,7,2,20460.0005712724,1023.0,20.0000005584285,3.37476047040208,3.51021480560303
default_shortboard,10,1,7,3,20460.0003392545,1023.0,20.0000003316271,3.20402300949062,3.51021480560303
default_shortboard,10,1,7,4,20460.0017525472,1023.0,20.0000017131449,2.73068306401122,3.51021480560303
default_shortboard,10,1,7,5,20459.9985448285,1023.0,19.9999985775449,2.33591011666086,3.51021480560303
default_shortboard,10,1,7,6,20459.9992801596,1023.0,19.9999992963437,2.14942976675642,3.51021480560303
default_shortboard,10,1,7,7,20459.9992337028,1023.0,19.9999992509314,2.06751247764847,3.51021480560303
default_shortboard,10,1,7,8,20459.9996950082,1023.0,19.9999997018653,2.26931616659615,3.51021480560303
default_shortboard,10,1,7,9,20459.999759286,1023.0,19.999999764698,4.50508235081077,3.51021480560303
default_shortboard,10,1,8,0,20460.0009435607,1023.0,20.0000009223467,2.81812476502614,3.03982877731323
default_shortboard,10,1,8,1,20459.9994356288,1023.0,19.9999994483175,3.13060787552727,3.03982877731323
default_shortboard,10,1,8,2,20460.0004347252,1023.0,20.0000004249513,2.82227128383574,3.03982877731323
default_shortboard,10,1,8,3,20460.000705703,1023.0,20.0000006898368,2.72052411260238,3.03982877731323
default_shortboard,10,1,8,4,20459.9985038535,1023.0,19.9999985374912,2.25701453670008,3.03982877731323
default_shortboard,10,1,8,5,20459.9998941099,1023.0,19.9999998964906,1.93411968618731,3.03982877731323
default_shortboard,10,1,8,6,20460.0001461309,1023.0,20.0000001428455,1.85795742228013,3.03982877731323
default_shortboard,10,1,8,7,20459.9993722822,1023.0,19.9999993863952,2.0400574991583,3.03982877731323
default_shortboard,10,1,8,8,20460.0000184967,1023.0,20.0000000180808,2.99037024297065,3.03982877731323
default_shortboard,10,1,8,9,20460.0007938117,1023.0,20.0000007759645,5.13061379283961,3.03982877731323
default_shortboard,10,2,0,0,20459.9998163064,1023.0,19.9999998204364,33.6954179475643,28.1070098876953
default_shortboard,10,2,0,1,20460.0001878091,1023.0,20.0000001835866,30.9029890250388,28.1070098876953
default_shortboard,10,2,0,2,20459.9992317868,1023.0,19.9999992490585,30.4046828398477,28.1070098876953
default_shortboard,10,2,0,3,20459.9998172815,1023.0,19.9999998213896,30.0089209067487,28.1070098876953
default_shortboard,10,2,0,4,20459.9996947129,1023.0,19.9999997015767,29.7315389696787,28.1070098876953
default_shortboard,10,2,0,5,20459.9988601074,1023.0,19.9999988857354,29.5532051260069,28.1070098876953
default_shortboard,10,2,0,6,20460.0001080705,1023.0,20.0000001056407,29.6025103613649,28.1070098876953
default_shortboard,10,2,0,7,20459.9999356658,1023.0,19.9999999371122,30.1941081972897,28.1070098876953
default_shortboard,10,2,0,8,20459.9998502329,1023.0,19.9999998536001,38.6929952599985,28.1070098876953
default_shortboard,10,2,0,9,,,,,28.1070098876953
default_shortboard,10,2,1,0,20460.0002967503,1023.0,20.0000002900785,12.7416766164478,8.83013916015625
default_shortboard,10,2,1,1,20460.0008346854,1023.0,20.0000008159193,12.5768913719278,8.83013916015625
default_shortboard,10,2,1,2,20460.000682383,1023.0,20.0000006670411,10.6030479314787,8.83013916015625
default_shortboard,10,2,1,3,20459.9989731193,1023.0,19.9999989962066,10.438918862424,8.83013916015625
default_shortboard,10,2,1,4,20460.0013471113,1023.0,20.0000013168243,9.645530632952,8.83013916015625
default_shortboard,10,2,1,5,20460.0007370171,1023.0,20.0000007204468,8.78579603276177,8.83013916015625
default_shortboard,10,2,1,6,20460.0016497332,1023.0,20.0000016126424,8.00525348353111,8.83013916015625
default_shortboard,10,2,1,7,20460.0008034846,1023.0,20.00000078542,7.5503055837711,8.83013916015625
default_shortboard,10,2,1,8,20459.9987782755,1023.0,19.9999988057434,7.10795546589688,8.83013916015625
default_shortboard,10,2,1,9,20460.0002288356,1023.0,20.0000002236907,8.17389856666257,8.83013916015625
default_shortboard,10,2,2,0,20460.0005880738,1023.0,20.0000005748522,10.5424297183982,6.84147500991821
default_shortboard,10,2,2,1,20460.0006756805,1023.0,20.0000006604893,9.78546281160826,6.84147500991821
default_shortboard,10,2,2,2,20460.0006770179,1023.0,20.0000006617966,8.22093531796532,6.84147500991821
default_shortboard,10,2,2,3,20459.9997921215,1023.0,19.9999997967952,7.73872529103635,6.84147500991821
default_shortboard,10,2,2,4,20460.0002165689,1023.0,20.0000002116998,6.467675442821,6.84147500991821
default_shortboard,10,2,2,5,20459.9997373891,1023.0,19.9999997432934,5.70720188060416,6.84147500991821
default_shortboard,10,2,2,6,20460.0002899808,1023.0,20.0000002834612,5.0626139750707,6.84147500991821
default_shortboard,10,2,2,7,20459.9984881478,1023.0,19.9999985221386,4.50129874317554,6.84147500991821
default_shortboard,10,2,2,8,20459.9997534002,1023.0,19.9999997589445,4.32299260331461,6.84147500991821
default_shortboard,10,2,2,9,20460.0007824615,1023.0,20.0000007648695,5.33195721361353,6.84147500991821
default_shortboard,10,2,3,0,20460.0000941744,1023.0,20.0000000920571,9.41025634343574,5.85482311248779
default_shortboard,10,2,3,1,20460.0004907385,1023.0,20.0000004797053,8.46055590636231,5.85482311248779
default_shortboard,10,2,3,2,20460.0013991916,1023.0,20.0000013677337,6.84287748534055,5.85482311248779
default_shortboard,10,2,3,3,20460.0002624735,1023.0,20.0000002565723,6.05091505471518,5.85482311248779
default_shortboard,10,2,3,4,20460.0002485115,1023.0,20.0000002429242,5.30069422828752,5.85482311248779
default_shortboard,10,2,3,5,20459.9999317031,1023.0,19.9999999332386,4.39311851715459,5.85482311248779
default_shortboard,10,2,3,6,20460.0003326331,1023.0,20.0000003251546,3.83612617271705,5.85482311248779
default_shortboard,10,2,3,7,20460.0006236107,1023.0,20.0000006095901,3.57433158186855,5.85482311248779
default_shortboard,10,2,3,8,20459.9992299038,1023.0,19.9999992472178,3.88865356246441,5.85482311248779
default_shortboard,10,2,3,9,20459.9986866557,1023.0,19.9999987161835,5.23766907801222,5.85482311248779
default_shortboard,10,2,4,0,20460.0002296452,1023.0,20.0000002244821,6.94654338371637,4.26675033569336
default_shortboard,10,2,4,1,20459.9992776779,1023.0,19.9999992939178,6.17202161262515,4.26675033569336
default_shortboard,10,2,4,2,20460.0006273367,1023.0,20.0000006132323,5.34465349519152,4.26675033569336
default_shortboard,10,2,4,3,20460.0004478651,1023.0,20.0000004377958,4.40748084796712,4.26675033569336
default_shortboard,10,2,4,4,20459.9989912123,1023.0,19.9999990138928,3.42677660465412,4.26675033569336
default_shortboard,10,2,4,5,20460.0007862065,1023.0,20.0000007685303,2.94131264838614,4.26675033569336
default_shortboard,10,2,4,6,20460.0009996509,1023.0,20.0000009771758,2.52914228966941,4.26675033569336
default_shortboard,10,2,4,7,20459.9994871063,1023.0,19.9999994986377,2.48261836949536,4.26675033569336
default_shortboard,10,2,4,8,20459.9989674797,1023.0,19.9999989906938,3.10756606171097,4.26675033569336
default_shortboard,10,2,4,9,20459.9998224541,1023.0,19.9999998264459,5.1627270934286,4.26675033569336
default_shortboard,10,2,5,0,20459.9996484991,1023.0,19.9999996564018,6.46229089241123,3.83151197433472
default_shortboard,10,2,5,1,20460.0014404896,1023.0,20.0000014081033,5.57182666987839,3.83151197433472
default_shortboard,10,2,5,2,20460.0007231227,1023.0,20.0000007068648,4.73948945034138,3.83151197433472
default_shortboard,10,2,5,3,20460.0007060404,1023.0,20.0000006901665,3.92126713606565,3.83151197433472
default_shortboard,10,2,5,4,20460.0010521293,1023.0,20.0000010284744,2.92581332589983,3.83151197433472
default_shortboard,10,2,5,5,20459.9997599808,1023.0,19.9999997653771,2.52840512689828,3.83151197433472
default_shortboard,10,2,5,6,20459.9995404428,1023.0,19.999999550775,2.25453289875599,3.83151197433472
default_shortboard,10,2,5,7,20459.9992406048,1023.0,19.9999992576782,2.33157053987455,3.83151197433472
default_shortboard,10,2,5,8,20460.0013948454,1023.0,20.0000013634852,2.74053020069785,3.83151197433472
default_shortboard,10,2,5,9,20460.0008322577,1023.0,20.0000008135462,5.5907468445302,3.83151197433472
default_shortboard,10,2,6,0,20459.9998787875,1023.0,19.9999998815127,6.87765871691232,3.83669900894165
default_shortboard,10,2,6,1,20460.0006012861,1023.0,20.0000005877674,5.913031930484,3.83669900894165
default_shortboard,10,2,6,2,20459.9997184251,1023.0,19.9999997247557,4.65691061304366,3.83669900894165
default_shortboard,10,2,6,3,20459.9989294016,1023.0,19.9999989534718,3.51324862358107,3.83669900894165
default_shortboard,10,2,6,4,20460.000048613,1023.0,20.00000004752,2.95974490606039,3.83669900894165
default_shortboard,10,2,6,5,20459.999249347,1023.0,19.9999992662239,2.4356138832432,3.83669900894165
default_shortboard,10,2,6,6,20460.0012680908,1023.0,20.0000012395805,2.285541783959,3.83669900894165
default_shortboard,10,2,6,7,20459.9997718102,1023.0,19.9999997769406,2.61205212709428,3.83669900894165
default_shortboard,10,2,6,8,20459.9994516492,1023.0,19.9999994639777,3.24818938198585,3.83669900894165
default_shortboard,10,2,6,9,20460.0007979099,1023.0,20.0000007799706,6.29630865142352,3.83669900894165
default_shortboard,10,2,7,0,20459.9992042216,1023.0,19.999999222113,7.75756702965902,4.97083902359009
default_shortboard,10,2,7,1,20459.9991596007,1023.0,19.9999991784953,6.35883393717715,4.97083902359009
default_shortboard,10,2,7,2,20459.9992325731,1023.0,19.999999249827,4.90927595747407,4.97083902359009
default_shortboard,10,2,7,3,20460.0007762517,1023.0,20.0000007587993,4.06562398401664,4.97083902359009
default_shortboard,10,2,7,4,20459.999492153,1023.0,19.9999995035709,3.49001013882615,4.97083902359009
default_shortboard,10,2,7,5,20460.0007214653,1023.0,20.0000007052447,3.16527564615597,4.97083902359009
default_shortboard,10,2,7,6,20459.9997193015,1023.0,19.9999997256124,3.16811206326848,4.97083902359009
default_shortboard,10,2,7,7,20460.0003246005,1023.0,20.0000003173025,3.70445248754961,4.97083902359009
default_shortboard,10,2,7,8,20460.0005897406,1023.0,20.0000005764815,5.08522412093845,4.97083902359009
default_shortboard,10,2,7,9,20460.0006679998,1023.0,20.0000006529812,7.74500584854948,4.97083902359009
default_shortboard,10,2,8,0,20459.9998950142,1023.0,19.9999998973746,6.63077170632936,4.17446899414063
default_shortboard,10,2,8,1,20459.9997473628,1023.0,19.9999997530428,5.34802383611189,4.17446899414063
default_shortboard,10,2,8,2,20460.0006550115,1023.0,20.0000006402849,4.11297920234711,4.17446899414063
default_shortboard,10,2,8,3,20459.9986544768,1023.0,19.9999986847281,2.85209564102482,4.17446899414063
default_shortboard,10,2,8,4,20460.0000546735,1023.0,20.0000000534443,2.62935454070797,4.17446899414063
default_shortboard,10,2,8,5,20459.9996467893,1023.0,19.9999996547305,2.43079923565311,4.17446899414063
default_shortboard,10,2,8,6,20460.0011870299,1023.0,20.0000011603421,2.60425531632089,4.17446899414063
default_shortboard,10,2,8,7,20460.0004866963,1023.0,20.0000004757539,3.40127042404626,4.17446899414063
default_shortboard,10,2,8,8,20460.0012097414,1023.0,20.0000011825429,4.82489390083927,4.17446899414063
default_shortboard,10,2,8,9,20459.9978902459,1023.0,19.9999979376793,8.58921261574227,4.17446899414063
default_shortboard,10,3,0,0,20460.0000387967,1023.0,20.0000000379245,47.4389801102401,45.0
default_shortboard,10,3,0,1,20459.999586868,1023.0,19.9999995961564,47.2439103013843,45.0
default_shortboard,10,3,0,2,20460.0000481263,1023.0,20.0000000470443,47.0375382775619,45.0
default_shortboard,10,3,0,3,20460.0000361602,1023.0,20.0000000353472,46.8996157581338,45.0
default_shortboard,10,3,0,4,20460.0005859586,1023.0,20.0000005727846,46.8617560952337,45.0
default_shortboard,10,3,0,5,20460.0004790177,1023.0,20.000000468248,46.8263552778887,45.0
default_shortboard,10,3,0,6,20459.9997406977,1023.0,19.9999997465276,43.3458668642115,45.0
default_shortboard,10,3,0,7,20459.999182136,1023.0,19.9999992005239,46.1757835722953,45.0
default_shortboard,10,3,0,8,20460.0005033156,1023.0,20.0000004919996,46.7018238034239,45.0
default_shortboard,10,3,0,9,20459.9991977669,1023.0,19.9999992158034,54.4104023645042,45.0
default_shortboard,10,3,1,0,20460.000310212,1023.0,20.0000003032375,14.4689317725703,11.7574615478516
default_shortboard,10,3,1,1,20460.0002707597,1023.0,20.0000002646722,13.7287837770026,11.7574615478516
default_shortboard,10,3,1,2,20460.000707277,1023.0,20.0000006913753,12.5044279740131,11.7574615478516
default_shortboard,10,3,1,3,20460.0001826482,1023.0,20.0000001785418,11.9585695457042,11.7574615478516
default_shortboard,10,3,1,4,20460.000420688,1023.0,20.0000004112297,11.02531503299,11.7574615478516
default_shortboard,10,3,1,5,20460.0011877181,1023.0,20.0000011610148,10.6423766434542,11.7574615478516
default_shortboard,10,3,1,6,20460.0000922372,1023.0,20.0000000901635,10.1033788704103,11.7574615478516
default_shortboard,10,3,1,7,20459.9997402586,1023.0,19.9999997460984,9.70421729159666,11.7574615478516
default_shortboard,10,3,1,8,20460.0004174463,1023.0,20.0000004080609,9.70792727148726,11.7574615478516
default_shortboard,10,3,1,9,20460.0005390608,1023.0,20.0000005269411,12.3623718641362,11.7574615478516
default_shortboard,10,3,2,0,20460.0007810962,1023.0,20.0000007635349,11.4353058133178,7.67639255523682
default_shortboard,10,3,2,1,20459.9999627993,1023.0,19.9999999636356,9.49718897532638,7.67639255523682
default_shortboard,10,3,2,2,20459.999895092,1023.0,19.9999998974507,8.40438710675242,7.67639255523682
default_shortboard,10,3,2,3,20459.999228784,1023.0,19.9999992461231,7.4269581472714,7.67639255523682
default_shortboard,10,3,2,4,20459.9993919066,1023.0,19.9999994055783,6.51316675715571,7.67639255523682
default_shortboard,10,3,2,5,20459.9996301265,1023.0,19.9999996384423,5.83577492308231,7.67639255523682
default_shortboard,10,3,2,6,20460.0006227883,1023.0,20.0000006087862,5.36697388099961,7.67639255523682
default_shortboard,10,3,2,7,20459.9992176482,1023.0,19.9999992352378,5.23576200821165,7.67639255523682
default_shortboard,10,3,2,8,20460.0019296462,1023.0,20.0000018862622,5.53697940760504,7.67639255523682
default_shortboard,10,3,2,9,20459.9995933108,1023.0,19.9999996024543,7.3470082002796,7.67639255523682
default_shortboard,10,3,3,0,20459.9999755784,1023.0,19.9999999761275,9.59840825685323,6.48459005355835
default_shortboard,10,3,3,1,20459.9999046626,1023.0,19.999999906806,8.21214464926993,6.48459005355835
default_shortboard,10,3,3,2,20460.0004898839,1023.0,20.0000004788699,6.96955478258312,6.48459005355835
default_shortboard,10,3,3,3,20459.9996052194,1023.0,19.9999996140952,6.06132007050954,6.48459005355835
default_shortboard,10,3,3,4,20460.0001138097,1023.0,20.0000001112509,5.25185625827958,6.48459005355835
default_shortboard,10,3,3,5,20460.0005361975,1023.0,20.0000005241423,4.63061088954696,6.48459005355835
default_shortboard,10,3,3,6,20459.9997978691,1023.0,19.9999998024136,4.28620547512903,6.48459005355835
default_shortboard,10,3,3,7,20459.9995470034,1023.0,19.999999557188,4.33262470594035,6.48459005355835
default_shortboard,10,3,3,8,20460.0002606143,1023.0,20.0000002547549,5.05647569979963,6.48459005355835
default_shortboard,10,3,3,9,20459.9991350396,1023.0,19.9999991544864,6.96271592824149,6.48459005355835
default_shortboard,10,3,4,0,20459.9993152166,1023.0,19.9999993306125,8.62911931822192,5.82335329055786
default_shortboard,10,3,4,1,20460.0000786782,1023.0,20.0000000769092,7.41453485185369,5.82335329055786
default_shortboard,10,3,4,2,20459.9996167448,1023.0,19.9999996253615,6.22078246122936,5.82335329055786
default_shortboard,10,3,4,3,20460.0007374224,1023.0,20.000000720843,5.30280658594492,5.82335329055786
default_shortboard,10,3,4,4,20460.0002004374,1023.0,20.000000195931,4.54584393840172,5.82335329055786
default_shortboard,10,3,4,5,20460.000615847,1023.0,20.0000006020009,3.9925826115648,5.82335329055786
default_shortboard,10,3,4,6,20460.0001317638,1023.0,20.0000001288014,3.76004119958908,5.82335329055786
default_shortboard,10,3,4,7,20459.9994240995,1023.0,19.9999994370474,3.99033179105918,5.82335329055786
default_shortboard,10,3,4,8,20460.0005356824,1023.0,20.0000005236387,4.88737289727713,5.82335329055786
default_shortboard,10,3,4,9,20460.0002289156,1023.0,20.0000002237689,7.15564287354364,5.82335329055786
default_shortboard,10,3,5,0,20459.9994405278,1023.0,19.9999994531063,8.08358841736532,5.53012323379517
default_shortboard,10,3,5,1,20459.9999943283,1023.0,19.9999999944558,6.87673012037921,5.53012323379517
default_shortboard,10,3,5,2,20459.9997324131,1023.0,19.9999997384293,5.58181365630454,5.53012323379517
default_shortboard,10,3,5,3,20460.0004493557,1023.0,20.0000004392529,4.688364184063,5.53012323379517
default_shortboard,10,3,5,4,20459.9988367604,1023.0,19.9999988629134,4.02759828026605,5.53012323379517
default_shortboard,10,3,5,5,20460.0002800692,1023.0,20.0000002737724,3.62486680294974,5.53012323379517
default_shortboard,10,3,5,6,20460.0000615836,1023.0,20.000000060199,3.55777012652141,5.53012323379517
default_shortboard,10,3,5,7,20460.0002649897,1023.0,20.000000259032,4.05779295568354,5.53012323379517
default_shortboard,10,3,5,8,20459.9991561369,1023.0,19.9999991751094,5.24571067941946,5.53012323379517
default_shortboard,10,3,5,9,20460.0003287438,1023.0,20.0000003213527,7.6993590200514,5.53012323379517
default_shortboard,10,3,6,0,20460.0012142325,1023.0,20.000001186933,10.4969421070265,10.2141494750977
default_shortboard,10,3,6,1,20460.0004680927,1023.0,20.0000004575686,9.48998546511773,10.2141494750977
default_shortboard,10,3,6,2,20460.0000554071,1023.0,20.0000000541614,8.63828678872451,10.2141494750977
default_shortboard,10,3,6,3,20460.0012794875,1023.0,20.0000012507209,8.07492056157544,10.2141494750977
default_shortboard,10,3,6,4,20459.999691085,1023.0,19.9999996980303,7.79585235386733,10.2141494750977
default_shortboard,10,3,6,5,20459.9985561128,1023.0,19.9999985885756,7.82526134661202,10.2141494750977
default_shortboard,10,3,6,6,20460.0014583313,1023.0,20.0000014255438,8.15805992323704,10.2141494750977
default_shortboard,10,3,6,7,20459.9998173964,1023.0,19.9999998215018,8.92806300386166,10.2141494750977
default_shortboard,10,3,6,8,20459.999728063,1023.0,19.9999997341769,10.1746443956918,10.2141494750977
default_shortboard,10,3,6,9,20460.000809582,1023.0,20.0000007913802,12.845228653907,10.2141494750977
default_shortboard,10,3,7,0,20459.999248539,1023.0,19.9999992654341,6.99845233213436,3.36230659484863
default_shortboard,10,3,7,1,20460.0000261477,1023.0,20.0000000255598,5.14571667150277,3.36230659484863
default_shortboard,10,3,7,2,20460.0003686444,1023.0,20.0000003603562,3.89393383119725,3.36230659484863
default_shortboard,10,3,7,3,20459.9996270225,1023.0,19.9999996354081,2.80715317753191,3.36230659484863
default_shortboard,10,3,7,4,20459.9997103374,1023.0,19.9999997168499,2.28991892664281,3.36230659484863
default_shortboard,10,3,7,5,20459.9991727321,1023.0,19.9999991913315,1.90235233274762,3.36230659484863
default_shortboard,10,3,7,6,20460.0008869419,1023.0,20.0000008670009,1.9096271137542,3.36230659484863
default_shortboard,10,3,7,7,20460.0001560833,1023.0,20.0000001525741,2.59629081707411,3.36230659484863
default_shortboard,10,3,7,8,20460.00037205,1023.0,20.0000003636852,3.87264797911805,3.36230659484863
default_shortboard,10,3,7,9,20460.0004855267,1023.0,20.0000004746107,7.1644585726149,3.36230659484863
default_shortboard,10,3,8,0,20460.0008580616,1023.0,20.0000008387699,6.80591625017746,3.25957036018372
default_shortboard,10,3,8,1,20459.9989062302,1023.0,19.9999989308213,4.5208739281767,3.25957036018372
default_shortboard,10,3,8,2,20460.0000039037,1023.0,20.000000003816,3.64655811332611,3.25957036018372
default_shortboard,10,3,8,3,20459.9994192256,1023.0,19.9999994322831,2.47661663898724,3.25957036018372
default_shortboard,10,3,8,4,20460.001222567,1023.0,20.0000011950802,1.93618701652082,3.25957036018372
default_shortboard,10,3,8,5,20460.0002087421,1023.0,20.000000204049,1.72385497410601,3.25957036018372
default_shortboard,10,3,8,6,20460.0002149102,1023.0,20.0000002100784,1.98184934093633,3.25957036018372
default_shortboard,10,3,8,7,20460.0006819301,1023.0,20.0000006665983,2.798617397014,3.25957036018372
default_shortboard,10,3,8,8,20459.9995321269,1023.0,19.999999542646,4.4631394416537,3.25957036018372
default_shortboard,10,3,8,9,20459.9999327029,1023.0,19.9999999342159,7.93554725962403,3.25957036018372
default_shortboard,10,3,9,0,20459.999859705,1023.0,19.9999998628593,7.47414214739977,7.59030389785767
default_shortboard,10,3,9,1,20460.0006609473,1023.0,20.0000006460873,6.62884663591724,7.59030389785767
default_shortboard,10,3,9,2,20460.0008095316,1023.0,20.000000791331,5.84371770959413,7.59030389785767
default_shortboard,10,3,9,3,20460.000967749,1023.0,20.0000009459912,5.40566332549536,7.59030389785767
default_shortboard,10,3,9,4,20460.0013786175,1023.0,20.0000013476222,5.28355393888722,7.59030389785767
default_shortboard,10,3,9,5,20459.9986565927,1023.0,19.9999986867964,5.52314489321877,7.59030389785767
default_shortboard,10,3,9,6,20459.9984221164,1023.0,19.9999984575918,6.05112407024742,7.59030389785767
default_shortboard,10,3,9,7,20459.9998363231,1023.0,19.999999840003,7.21675118847365,7.59030389785767
default_shortboard,10,3,9,8,20459.9999824914,1023.0,19.999999982885,8.75252800173393,7.59030389785767
default_shortboard,10,3,9,9,20459.9990362165,1023.0,19.9999990578852,11.9732684002538,7.59030389785767
default_shortboard,10,3,10,0,20460.001533925,1023.0,20.000001499438,6.99110121528907,7.14266967773438
default_shortboard,10,3,10,1,20460.0009193868,1023.0,20.0000008987163,6.17025356883627,7.14266967773438
default_shortboard,10,3,10,2,20460.0003666753,1023.0,20.0000003584314,5.37520710565574,7.14266967773438
default_shortboard,10,3,10,3,20459.9988539591,1023.0,19.9999988797254,4.95884414096718,7.14266967773438
default_shortboard,10,3,10,4,20459.9991858021,1023.0,19.9999992041076,4.86641021419524,7.14266967773438
default_shortboard,10,3,10,5,20459.9988970906,1023.0,19.9999989218872,5.10267336692706,7.14266967773438
default_shortboard,10,3,10,6,20460.0012813372,1023.0,20.0000012525291,5.76510697018204,7.14266967773438
default_shortboard,10,3,10,7,20460.0009171331,1023.0,20.0000008965133,6.84763141781081,7.14266967773438
default_shortboard,10,3,10,8,20459.9998143522,1023.0,19.9999998185261,8.5225891434756,7.14266967773438
default_shortboard,10,3,10,9,20459.9994836437,1023.0,19.9999994952529,12.3173526753033,7.14266967773438
default_shortboard,10,4,0,0,20460.0007969028,1023.0,20.0000007789861,41.7541080905201,35.0045852661133
default_shortboard,10,4,0,1,20459.9995501413,1023.0,19.9999995602555,37.030327370717,35.0045852661133
default_shortboard,10,4,0,2,20459.9996584589,1023.0,19.9999996661377,35.8597934693615,35.0045852661133
default_shortboard,10,4,0,3,20459.9989827325,1023.0,19.9999990056036,34.9401576869396,35.0045852661133
default_shortboard,10,4,0,4,20459.9999624988,1023.0,19.999999963342,34.3648904893382,35.0045852661133
default_shortboard,10,4,0,5,20460.0000695311,1023.0,20.0000000679678,34.0907878278319,35.0045852661133
default_shortboard,10,4,0,6,20459.9997400941,1023.0,19.9999997459375,33.8689396655045,35.0045852661133
default_shortboard,10,4,0,7,20459.9995000741,1023.0,19.9999995113138,34.1253424763957,35.0045852661133
default_shortboard,10,4,0,8,20460.000516545,1023.0,20.0000005049316,35.3241617558674,35.0045852661133
default_shortboard,10,4,0,9,20459.9990506913,1023.0,19.9999990720345,45.425727466034,35.0045852661133
default_shortboard,10,4,1,0,20459.9997183067,1023.0,19.99999972464,16.2439237017304,13.9215173721313
default_shortboard,10,4,1,1,20460.000969697,1023.0,20.0000009478954,14.6580244644483,13.9215173721313
default_shortboard,10,4,1,2,20460.0004198817,1023.0,20.0000004104415,13.4303659527815,13.9215173721313
default_shortboard,10,4,1,3,20459.9998165704,1023.0,19.9999998206944,13.1004806267233,13.9215173721313
default_shortboard,10,4,1,4,20460.0009804896,1023.0,20.0000009584453,12.4359696960964,13.9215173721313
default_shortboard,10,4,1,5,20459.9992215337,1023.0,19.9999992390359,11.8972985354593,13.9215173721313
default_shortboard,10,4,1,6,20459.9990996114,1023.0,19.9999991198547,11.53730420141,13.9215173721313
default_shortboard,10,4,1,7,20459.9999343338,1023.0,19.9999999358101,11.460589632615,13.9215173721313
default_shortboard,10,4,1,8,20459.9990073146,1023.0,19.9999990296331,11.7261076273701,13.9215173721313
default_shortboard,10,4,1,9,20460.0008150171,1023.0,20.0000007966932,15.2301509570658,13.9215173721313
default_shortboard,10,4,2,0,20459.9998288623,1023.0,19.99999983271,19.7115499626064,17.3401470184326
default_shortboard,10,4,2,1,20460.0006202644,1023.0,20.0000006063191,17.3222061135094,17.3401470184326
default_shortboard,10,4,2,2,20459.9993291282,1023.0,19.9999993442113,16.8811705072556,17.3401470184326
default_shortboard,10,4,2,3,20460.0000095533,1023.0,20.0000000093385,16.3317019175549,17.3401470184326
default_shortboard,10,4,2,4,20459.9989797983,1023.0,19.9999990027354,15.7735753343755,17.3401470184326
default_shortboard,10,4,2,5,20460.0005832031,1023.0,20.000000570091,15.3295195747452,17.3401470184326
default_shortboard,10,4,2,6,20460.0003934904,1023.0,20.0000003846436,15.0809164557203,17.3401470184326
default_shortboard,10,4,2,7,20459.9991871911,1023.0,19.9999992054654,15.0402845141242,17.3401470184326
default_shortboard,10,4,2,8,20460.0004329155,1023.0,20.0000004231823,15.562498692087,17.3401470184326
default_shortboard,10,4,2,9,20459.999739523,1023.0,19.9999997453793,20.73064336771,17.3401470184326
default_shortboard,10,4,3,0,20459.9994470601,1023.0,19.9999994594918,14.0742558419909,11.9739809036255
default_shortboard,10,4,3,1,20459.9999945957,1023.0,19.9999999947172,12.1358506122725,11.9739809036255
default_shortboard,10,4,3,2,20459.998973057,1023.0,19.9999989961456,11.3892241791389,11.9739809036255
default_shortboard,10,4,3,3,20460.0008076217,1023.0,20.000000789464,10.5830861218619,11.9739809036255
default_shortboard,10,4,3,4,20459.9986689329,1023.0,19.9999986988591,9.97399206018269,11.9739809036255
default_shortboard,10,4,3,5,20459.9991063145,1023.0,19.9999991264072,9.60850826719986,11.9739809036255
default_shortboard,10,4,3,6,20459.9989825672,1023.0,19.999999005442,9.45646033717204,11.9739809036255
default_shortboard,10,4,3,7,20460.0013797061,1023.0,20.0000013486863,9.60865677490469,11.9739809036255
default_shortboard,10,4,3,8,20459.9991815198,1023.0,19.9999991999216,10.2495988291579,11.9739809036255
default_shortboard,10,4,3,9,20459.9999955118,1023.0,19.9999999956127,12.8091905336599,11.9739809036255
default_shortboard,10,4,4,0,20459.9988619381,1023.0,19.9999988875251,11.804059737082,10.011061668396
default_shortboard,10,4,4,1,20459.9999249417,1023.0,19.9999999266293,9.97726248742268,10.011061668396
default_shortboard,10,4,4,2,20459.9998686202,1023.0,19.999999871574,9.17508225899294,10.011061668396
default_shortboard,10,4,4,3,20460.000246179,1023.0,20.0000002406441,8.45892458444838,10.011061668396
default_shortboard,10,4,4,4,20460.0001855298,1023.0,20.0000001813586,7.87633614812809,10.011061668396
default_shortboard,10,4,4,5,20459.9994896371,1023.0,19.9999995011116,7.59724059924275,10.011061668396
default_shortboard,10,4,4,6,20460.0004095072,1023.0,20.0000004003003,7.60852991824767,10.011061668396
default_shortboard,10,4,4,7,20459.9996577864,1023.0,19.9999996654803,8.04417596319464,10.011061668396
default_shortboard,10,4,4,8,20459.9990223643,1023.0,19.9999990443443,8.99011589115658,10.011061668396
default_shortboard,10,4,4,9,20459.9998288746,1023.0,19.999999832722,11.5373155735941,10.011061668396
default_shortboard,10,4,5,0,20459.9998822498,1023.0,19.9999998848972,9.69985587231764,8.66838836669922
default_shortboard,10,4,5,1,20459.9992107469,1023.0,19.9999992284916,7.92405520216282,8.66838836669922
default_shortboard,10,4,5,2,20459.9997364002,1023.0,19.9999997423267,7.46444596127239,8.66838836669922
default_shortboard,10,4,5,3,20460.0004870952,1023.0,20.0000004761439,6.82025488067189,8.66838836669922
default_shortboard,10,4,5,4,20459.9999037028,1023.0,19.9999999058678,6.41865375549275,8.66838836669922
default_shortboard,10,4,5,5,20459.9993955679,1023.0,19.9999994091573,6.30540455510287,8.66838836669922
default_shortboard,10,4,5,6,20460.0003699354,1023.0,20.0000003616182,6.56985443252966,8.66838836669922
default_shortboard,10,4,5,7,20460.0004009082,1023.0,20.0000003918946,7.20687172602162,8.66838836669922
default_shortboard,10,4,5,8,20460.000430517,1023.0,20.0000004208377,8.49123252951895,8.66838836669922
default_shortboard,10,4,5,9,20459.9993586777,1023.0,19.9999993730965,11.1389098770881,8.66838836669922
default_shortboard,10,4,6,0,20459.9994506785,1023.0,19.9999994630289,19.281955404718,17.7538108825684
default_shortboard,10,4,6,1,20460.0000387746,1023.0,20.0000000379028,16.3547643734236,17.7538108825684
default_shortboard,10,4,6,2,20460.0011029992,1023.0,20.0000010782006,15.5112472647054,17.7538108825684
default_shortboard,10,4,6,3,20459.9994513295,1023.0,19.9999994636652,15.2630150381249,17.7538108825684
default_shortboard,10,4,6,4,20459.9996451625,1023.0,19.9999996531403,15.2618249534922,17.7538108825684
default_shortboard,10,4,6,5,20460.0002989984,1023.0,20.000000292276,15.5155584737429,17.7538108825684
default_shortboard,10,4,6,6,20459.9991878006,1023.0,19.9999992060612,15.9607868022316,17.7538108825684
default_shortboard,10,4,6,7,20459.999346082,1023.0,19.999999360784,16.8063512426375,17.7538108825684
default_shortboard,10,4,6,8,20460.0011772498,1023.0,20.0000011507818,17.9398145737344,17.7538108825684
default_shortboard,10,4,6,9,20459.9990613076,1023.0,19.9999990824121,20.9527694820747,17.7538108825684
default_shortboard,10,4,7,0,20460.0005821268,1023.0,20.0000005690389,10.998904178648,10.4526252746582
default_shortboard,10,4,7,1,20459.9996206998,1023.0,19.9999996292275,9.14539158619599,10.4526252746582
default_shortboard,10,4,7,2,20460.0000407466,1023.0,20.0000000398305,8.42567165533567,10.4526252746582
default_shortboard,10,4,7,3,20459.9988316256,1023.0,19.9999988578941,8.0523768169761,10.4526252746582
default_shortboard,10,4,7,4,20459.9989751521,1023.0,19.9999989981936,8.00090062295204,10.4526252746582
default_shortboard,10,4,7,5,20459.9994492899,1023.0,19.9999994616715,8.22468820066879,10.4526252746582
default_shortboard,10,4,7,6,20460.000079395,1023.0,20.00000007761,8.81885569973091,10.4526252746582
default_shortboard,10,4,7,7,20459.9998240163,1023.0,19.9999998279729,9.67002711414083,10.4526252746582
default_shortboard,10,4,7,8,20459.9996608172,1023.0,19.999999668443,11.2231128958573,10.4526252746582
default_shortboard,10,4,7,9,20459.9997634237,1023.0,19.9999997687426,14.0520255794836,10.4526252746582
default_shortboard,10,4,8,0,20459.999381358,1023.0,19.9999993952669,6.55676586664907,5.82698488235474
default_shortboard,10,4,8,1,20460.0003913368,1023.0,20.0000003825384,4.93296273827153,5.82698488235474
default_shortboard,10,4,8,2,20460.0002400873,1023.0,20.0000002346894,4.48475370061786,5.82698488235474
default_shortboard,10,4,8,3,20459.9998816728,1023.0,19.9999998843331,3.93250864408882,5.82698488235474
default_shortboard,10,4,8,4,20459.9984901542,1023.0,19.9999985240999,3.70218287453279,5.82698488235474
default_shortboard,10,4,8,5,20460.0006457582,1023.0,20.0000006312397,3.83206620695935,5.82698488235474
default_shortboard,10,4,8,6,20459.9999532536,1023.0,19.9999999543046,4.40848705725171,5.82698488235474
default_shortboard,10,4,8,7,20460.0009801932,1023.0,20.0000009581556,5.076378828876,5.82698488235474
default_shortboard,10,4,8,8,20459.9997173454,1023.0,19.9999997237003,7.10517414293911,5.82698488235474
default_shortboard,10,4,8,9,20460.0001796914,1023.0,20.0000001756514,11.5387158535056,5.82698488235474
default_shortboard,15,0,0,0,20460.0003405228,1023.0,20.0000003328668,22.7038134238116,19.3321228027344
default_shortboard,15,0,0,1,20460.0000289577,1023.0,20.0000000283067,22.6993634096859,19.3321228027344
default_shortboard,15,0,0,2,20460.0,1023.0,20.0,23.2274537110471,19.3321228027344
default_shortboard,15,0,0,3,20460.0008548428,1023.0,20.0000008356235,23.9305445736129,19.3321228027344
default_shortboard,15,0,0,4,20459.9989583862,1023.0,19.9999989818047,24.0613533803075,19.3321228027344
default_shortboard,15,0,0,5,20460.0003625424,1023.0,20.0000003543914,21.8873432784297,19.3321228027344
default_shortboard,15,0,0,6,20460.0008535644,1023.0,20.0000008343738,22.1042159759032,19.3321228027344
default_shortboard,15,0,0,7,20459.9992904556,1023.0,19.9999993064082,21.5532457322433,19.3321228027344
default_shortboard,15,0,0,8,20459.9998867974,1023.0,19.9999998893425,21.2807941276412,19.3321228027344
default_shortboard,15,0,0,9,20459.9996758816,1023.0,19.9999996831687,21.2783670202531,19.3321228027344
default_shortboard,15,0,1,0,20459.999795617,1023.0,19.9999998002121,17.3624772587531,14.1173696517944
default_shortboard,15,0,1,1,20459.998913103,1023.0,19.9999989375396,17.323512689324,14.1173696517944
default_shortboard,15,0,1,2,20460.001232572,1023.0,20.0000012048602,17.4272516339699,14.1173696517944
default_shortboard,15,0,1,3,20460.0004157583,1023.0,20.0000004064108,17.8013613172425,14.1173696517944
default_shortboard,15,0,1,4,20459.9986289231,1023.0,19.9999986597489,17.3384853260513,14.1173696517944
default_shortboard,15,0,1,5,20459.9999385276,1023.0,19.9999999399097,16.1234224743306,14.1173696517944
default_shortboard,15,0,1,6,20460.0008404284,1023.0,20.0000008215332,16.2962596807481,14.1173696517944
default_shortboard,15,0,1,7,20459.9992755248,1023.0,19.9999992918131,16.0775865799852,14.1173696517944
default_shortboard,15,0,1,8,20459.999679006,1023.0,19.9999996862229,15.4974361573262,14.1173696517944
default_shortboard,15,0,1,9,20459.9995152012,1023.0,19.9999995261008,15.7084782959732,14.1173696517944
default_shortboard,15,0,2,0,20459.9987424941,1023.0,19.9999987707665,13.0744319020958,10.4559707641602
default_shortboard,15,0,2,1,20460.0012715115,1023.0,20.0000012429242,13.1925773132585,10.4559707641602
default_shortboard,15,0,2,2,20460.0002673013,1023.0,20.0000002612916,13.2217518500123,10.4559707641602
default_shortboard,15,0,2,3,20459.999423492,1023.0,19.9999994364536,13.4174419115332,10.4559707641602
default_shortboard,15,0,2,4,20460.0002038029,1023.0,20.0000001992208,13.3643177340804,10.4559707641602
default_shortboard,15,0,2,5,20460.000695587,1023.0,20.0000006799482,12.0264646717119,10.4559707641602
default_shortboard,15,0,2,6,20460.0005462195,1023.0,20.0000005339389,12.2197788005008,10.4559707641602
default_shortboard,15,0,2,7,20459.9997616711,1023.0,19.9999997670294,11.9096623500175,10.4559707641602
default_shortboard,15,0,2,8,20460.0006435592,1023.0,20.0000006290901,11.4146644682759,10.4559707641602
default_shortboard,15,0,2,9,20460.0005859625,1023.0,20.0000005727884,12.3637537060053,10.4559707641602
default_shortboard,15,0,3,0,20459.9999533302,1023.0,19.9999999543795,7.27394359312957,6.00276374816895
default_shortboard,15,0,3,1,20459.9996780511,1023.0,19.9999996852895,7.49577777015191,6.00276374816895
default_shortboard,15,0,3,2,20459.9998512233,1023.0,19.9999998545682,7.58407320186074,6.00276374816895
default_shortboard,15,0,3,3,20460.0008102566,1023.0,20.0000007920397,7.50184608367743,6.00276374816895
default_shortboard,15,0,3,4,20459.9994643875,1023.0,19.9999994764296,6.89251924587317,6.00276374816895
default_shortboard,15,0,3,5,20460.0005345342,1023.0,20.0000005225163,6.45380646170753,6.00276374816895
default_shortboard,15,0,3,6,20460.0002749509,1023.0,20.0000002687692,5.89042758662282,6.00276374816895
default_shortboard,15,0,3,7,20459.9998832211,1023.0,19.9999998858466,5.61699843576281,6.00276374816895
default_shortboard,15,0,3,8,20460.0000443328,1023.0,20.0000000433361,5.15448859684585,6.00276374816895
default_shortboard,15,0,3,9,20459.9994524759,1023.0,19.9999994647858,5.93614983004767,6.00276374816895
default_shortboard,15,0,4,0,20460.0004296537,1023.0,20.0000004199939,5.35925781383043,4.82472896575928
default_shortboard,15,0,4,1,20459.9996771244,1023.0,19.9999996843836,5.37922996577389,4.82472896575928
default_shortboard,15,0,4,2,20459.9985213896,1023.0,19.999998554633,5.50259079172134,4.82472896575928
default_shortboard,15,0,4,3,20459.998845172,1023.0,19.9999988711359,5.28119491393554,4.82472896575928
default_shortboard,15,0,4,4,20460.000006408,1023.0,20.0000000062639,4.67048374319341,4.82472896575928
default_shortboard,15,0,4,5,20459.9989938103,1023.0,19.9999990164324,4.22062552647293,4.82472896575928
default_shortboard,15,0,4,6,20459.9996741344,1023.0,19.9999996814608,3.75793556872494,4.82472896575928
default_shortboard,15,0,4,7,20459.99983462,1023.0,19.9999998383382,3.32672244833387,4.82472896575928
default_shortboard,15,0,4,8,20459.9999233472,1023.0,19.9999999250706,2.77325928275479,4.82472896575928
default_shortboard,15,0,4,9,20459.9997073819,1023.0,19.9999997139608,3.1841682106077,4.82472896575928
default_shortboard,15,0,5,0,20459.9997292986,1023.0,19.9999997353848,4.68130289975903,4.25220918655396
default_shortboard,15,0,5,1,20459.9995712074,1023.0,19.9999995808479,4.14846590244925,4.25220918655396
default_shortboard,15,0,5,2,20459.9993974919,1023.0,19.999999411038,4.19364676842835,4.25220918655396
default_shortboard,15,0,5,3,20459.9995731346,1023.0,19.9999995827318,4.10367513883211,4.25220918655396
default_shortboard,15,0,5,4,20459.9995942701,1023.0,19.9999996033921,3.65048324495485,4.25220918655396
default_shortboard,15,0,5,5,20460.0007935744,1023.0,20.0000007757326,3.03317045884396,4.25220918655396
default_shortboard,15,0,5,6,20460.0010278636,1023.0,20.0000010047542,2.72793697548709,4.25220918655396
default_shortboard,15,0,5,7,20460.0003690338,1023.0,20.0000003607368,2.26117731217753,4.25220918655396
default_shortboard,15,0,5,8,20460.000171044,1023.0,20.0000001671984,1.03159354363567,4.25220918655396
default_shortboard,15,0,5,9,20459.9998187492,1023.0,19.9999998228242,2.18887839950912,4.25220918655396
default_shortboard,15,0,6,0,20460.0005330153,1023.0,20.0000005210316,4.30115373462351,3.87860989570618
default_shortboard,15,0,6,1,20460.0010883396,1023.0,20.0000010638706,3.2765812556775,3.87860989570618
default_shortboard,15,0,6,2,20460.0002003314,1023.0,20.0000001958273,3.38323587055694,3.87860989570618
default_shortboard,15,0,6,3,20460.0006164183,1023.0,20.0000006025595,3.16173676726532,3.87860989570618
default_shortboard,15,0,6,4,20459.9995813293,1023.0,19.9999995907422,2.81240936076205,3.87860989570618
default_shortboard,15,0,6,5,20459.9995399374,1023.0,19.9999995502809,2.57760207103079,3.87860989570618
default_shortboard,15,0,6,6,20459.9999731344,1023.0,19.9999999737384,2.32216234665968,3.87860989570618
default_shortboard,15,0,6,7,20459.9997158034,1023.0,19.999999722193,2.09862559389395,3.87860989570618
default_shortboard,15,0,6,8,20460.0012279288,1023.0,20.0000012003214,1.3560912191696,3.87860989570618
default_shortboard,15,0,6,9,20460.0003857351,1023.0,20.0000003770626,2.86636440621804,3.87860989570618
default_shortboard,15,0,7,0,20460.0003445905,1023.0,20.0000003368432,3.83457865742163,3.51513695716858
default_shortboard,15,0,7,1,20460.0006567052,1023.0,20.0000006419406,2.73586174563681,3.51513695716858
default_shortboard,15,0,7,2,20459.9998731128,1023.0,19.9999998759656,2.73534516604267,3.51513695716858
default_shortboard,15,0,7,3,20459.9996495698,1023.0,19.9999996574484,2.57387191381452,3.51513695716858
default_shortboard,15,0,7,4,20460.0009022571,1023.0,20.0000008819718,2.40032455593662,3.51513695716858
default_shortboard,15,0,7,5,20460.0015735365,1023.0,20.0000015381588,2.2778790354949,3.51513695716858
default_shortboard,15,0,7,6,20460.000398564,1023.0,20.0000003896031,2.23163325947328,3.51513695716858
default_shortboard,15,0,7,7,20459.9986340687,1023.0,19.9999986647788,2.19848161523406,3.51513695716858
default_shortboard,15,0,7,8,20459.9985097966,1023.0,19.9999985433007,1.72446559015326,3.51513695716858
default_shortboard,15,0,7,9,20459.9997334882,1023.0,19.9999997394801,3.47687841813136,3.51513695716858
default_shortboard,15,0,8,0,20459.9994767414,1023.0,19.9999994885057,3.63140816091404,3.31196689605713
default_shortboard,15,0,8,1,20460.0003774103,1023.0,20.000000368925,2.59031764154669,3.31196689605713
default_shortboard,15,0,8,2,20459.999441439,1023.0,19.9999994539971,2.40741593715479,3.31196689605713
default_shortboard,15,0,8,3,20460.0001168672,1023.0,20.0000001142397,2.32546682128319,3.31196689605713
default_shortboard,15,0,8,4,20460.0009523213,1023.0,20.0000009309104,2.19828354190738,3.31196689605713
default_shortboard,15,0,8,5,20459.9985768152,1023.0,19.9999986088125,2.18139600829305,3.31196689605713
default_shortboard,15,0,8,6,20459.9989984673,1023.0,19.9999990209846,2.17074123423062,3.31196689605713
default_shortboard,15,0,8,7,20459.9998707137,1023.0,19.9999998736204,2.37195100868359,3.31196689605713
default_shortboard,15,0,8,8,20460.0005289063,1023.0,20.000000517015,2.18139643822206,3.31196689605713
default_shortboard,15,0,8,9,20460.0008979559,1023.0,20.0000008777672,1.97429897708719,3.31196689605713
default_shortboard,15,0,9,0,20460.0,1023.0,20.0,3.50416661763403,3.184725522995
default_shortboard,15,0,9,1,20460.0016714876,1023.0,20.0000016339077,2.463076271918,3.184725522995
default_shortboard,15,0,9,2,20459.9999812827,1023.0,19.9999999817036,2.24836164177845,3.184725522995
default_shortboard,15,0,9,3,20460.000598481,1023.0,20.0000005850254,2.14916285846416,3.184725522995
default_shortboard,15,0,9,4,20460.0000013607,1023.0,20.0000000013301,2.07058187485648,3.184725522995
default_shortboard,15,0,9,5,20459.9993736803,1023.0,19.9999993877617,2.12803242445923,3.184725522995
default_shortboard,15,0,9,6,20460.0010045771,1023.0,20.0000009819913,2.20834994963128,3.184725522995
default_shortboard,15,0,9,7,20459.9991794272,1023.0,19.999999197876,2.41003808283302,3.184725522995
default_shortboard,15,0,9,8,20460.0002565028,1023.0,20.0000002507359,2.21626692145036,3.184725522995
default_shortboard,15,0,9,9,20459.9993452159,1023.0,19.9999993599374,2.23883407724525,3.184725522995
default_shortboard,15,1,0,0,,,,,35.0075759887695
default_shortboard,15,1,0,1,,,,,35.0075759887695
default_shortboard,15,1,0,2,,,,,35.0075759887695
default_shortboard,15,1,0,3,,,,,35.0075759887695
default_shortboard,15,1,0,4,20460.0011262171,1023.0,20.0000011008965,68.580458032861,35.0075759887695
default_shortboard,15,1,0,5,20459.9992623996,1023.0,19.999999278983,39.5863209442022,35.0075759887695
default_shortboard,15,1,0,6,20460.0010234876,1023.0,20.0000010004766,37.6171129683489,35.0075759887695
default_shortboard,15,1,0,7,20460.0004794687,1023.0,20.0000004686888,37.1299637125262,35.0075759887695
default_shortboard,15,1,0,8,20460.000210604,1023.0,20.000000205869,36.9131271226491,35.0075759887695
default_shortboard,15,1,0,9,20460.000311677,1023.0,20.0000003046696,37.1200174392747,35.0075759887695
default_shortboard,15,1,1,0,20460.0011260863,1023.0,20.0000011007686,19.0264229807298,15.4414682388306
default_shortboard,15,1,1,1,20459.9986317946,1023.0,19.9999986625558,19.4017441603675,15.4414682388306
default_shortboard,15,1,1,2,20460.0002867398,1023.0,20.000000280293,20.333626419386,15.4414682388306
default_shortboard,15,1,1,3,20459.9995930514,1023.0,19.9999996022008,18.6537800878246,15.4414682388306
default_shortboard,15,1,1,4,20459.9995436576,1023.0,19.9999995539175,17.7411598708937,15.4414682388306
default_shortboard,15,1,1,5,20459.9994129134,1023.0,19.9999994261128,17.5216790768761,15.4414682388306
default_shortboard,15,1,1,6,20459.9985817986,1023.0,19.9999986136839,17.1068267717557,15.4414682388306
default_shortboard,15,1,1,7,20460.00074558,1023.0,20.0000007288172,16.6287466134551,15.4414682388306
default_shortboard,15,1,1,8,20459.999835405,1023.0,19.9999998391056,16.3840455427307,15.4414682388306
default_shortboard,15,1,1,9,20459.9999422401,1023.0,19.9999999435387,17.8528481347537,15.4414682388306
default_shortboard,15,1,2,0,20459.9994689515,1023.0,19.999999480891,17.0266293166195,13.480863571167
default_shortboard,15,1,2,1,20459.999328331,1023.0,19.9999993434321,17.1447955454411,13.480863571167
default_shortboard,15,1,2,2,20460.00041754,1023.0,20.0000004081525,17.6601423441106,13.480863571167
default_shortboard,15,1,2,3,20460.0004505975,1023.0,20.0000004404668,15.6351885698538,13.480863571167
default_shortboard,15,1,2,4,20460.0000736634,1023.0,20.0000000720072,15.6017333349331,13.480863571167
default_shortboard,15,1,2,5,20459.9998520146,1023.0,19.9999998553417,15.2096869049816,13.480863571167
default_shortboard,15,1,2,6,20459.9995566739,1023.0,19.9999995666411,14.6038649904889,13.480863571167
default_shortboard,15,1,2,7,20460.0007900382,1023.0,20.0000007722758,14.1119620423435,13.480863571167
default_shortboard,15,1,2,8,20460.0006333929,1023.0,20.0000006191524,14.4805519245197,13.480863571167
default_shortboard,15,1,2,9,20460.0005856435,1023.0,20.0000005724765,22.7568175455997,13.480863571167
default_shortboard,15,1,3,0,20459.9995309661,1023.0,19.9999995415114,9.6333932801589,6.77148532867432
default_shortboard,15,1,3,1,20459.9991664896,1023.0,19.9999991852293,9.29569647115064,6.77148532867432
default_shortboard,15,1,3,2,20460.0001054769,1023.0,20.0000001031055,9.1669238987463,6.77148532867432
default_shortboard,15,1,3,3,20459.9997927331,1023.0,19.999999797393,7.80573864586814,6.77148532867432
default_shortboard,15,1,3,4,20460.0001226308,1023.0,20.0000001198737,7.55693071524348,6.77148532867432
default_shortboard,15,1,3,5,20459.9999600862,1023.0,19.9999999609836,6.61438098869395,6.77148532867432
default_shortboard,15,1,3,6,20460.0007321323,1023.0,20.0000007156718,5.89448182942397,6.77148532867432
default_shortboard,15,1,3,7,20460.0003937578,1023.0,20.000000384905,5.53109954684406,6.77148532867432
default_shortboard,15,1,3,8,20460.0012061359,1023.0,20.0000011790185,5.13009892923648,6.77148532867432
default_shortboard,15,1,3,9,20459.9996311504,1023.0,19.9999996394432,5.98427191908075,6.77148532867432
default_shortboard,15,1,4,0,20459.999064657,1023.0,19.9999990856862,7.42724130654871,5.01989793777466
default_shortboard,15,1,4,1,20459.9997987687,1023.0,19.999999803293,7.00996133085497,5.01989793777466
default_shortboard,15,1,4,2,20460.0009516217,1023.0,20.0000009302264,6.17121730221255,5.01989793777466
default_shortboard,15,1,4,3,20460.0009018426,1023.0,20.0000008815665,5.29171870238956,5.01989793777466
default_shortboard,15,1,4,4,20459.9992041042,1023.0,19.9999992219983,4.48557716495606,5.01989793777466
default_shortboard,15,1,4,5,20460.0010753289,1023.0,20.0000010511524,3.78872754541972,5.01989793777466
default_shortboard,15,1,4,6,20459.9994534485,1023.0,19.9999994657366,3.19294933197967,5.01989793777466
default_shortboard,15,1,4,7,20460.0001360606,1023.0,20.0000001330016,2.75614059583236,5.01989793777466
default_shortboard,15,1,4,8,20459.9984477159,1023.0,19.9999984826157,2.69256697257152,5.01989793777466
default_shortboard,15,1,4,9,20460.0001970036,1023.0,20.0000001925744,3.50193321320157,5.01989793777466
default_shortboard,15,1,5,0,20460.0010054012,1023.0,20.0000009827969,5.39258734742474,4.03838157653809
default_shortboard,15,1,5,1,20459.9991626704,1023.0,19.999999181496,4.90257922944669,4.03838157653809
default_shortboard,15,1,5,2,20460.0003374495,1023.0,20.0000003298627,4.44914532908631,4.03838157653809
default_shortboard,15,1,5,3,20459.9992174376,1023.0,19.9999992350319,3.73596375099641,4.03838157653809
default_shortboard,15,1,5,4,20459.999427691,1023.0,19.9999994405581,3.01291326073839,4.03838157653809
default_shortboard,15,1,5,5,20459.9996818203,1023.0,19.9999996889739,2.60037635445697,4.03838157653809
default_shortboard,15,1,5,6,20460.0014356222,1023.0,20.0000014033452,2.29592620055815,4.03838157653809
default_shortboard,15,1,5,7,20460.0002608162,1023.0,20.0000002549523,2.24955642520255,4.03838157653809
default_shortboard,15,1,5,8,20460.0007359382,1023.0,20.0000007193921,1.73663701186132,4.03838157653809
default_shortboard,15,1,5,9,20459.9988099736,1023.0,19.9999988367288,4.10225968657039,4.03838157653809
default_shortboard,15,1,6,0,20460.0008685832,1023.0,20.0000008490549,4.6241632041502,3.66863417625427
default_shortboard,15,1,6,1,20459.9996592022,1023.0,19.9999996668643,4.22465160208561,3.66863417625427
default_shortboard,15,1,6,2,20460.0002368976,1023.0,20.0000002315714,3.74018497636185,3.66863417625427
default_shortboard,15,1,6,3,20459.999776193,1023.0,19.9999997812248,3.24777404486567,3.66863417625427
default_shortboard,15,1,6,4,20459.9978970726,1023.0,19.9999979443525,2.43328923812072,3.66863417625427
default_shortboard,15,1,6,5,20459.9992961168,1023.0,19.9999993119421,2.24749105174986,3.66863417625427
default_shortboard,15,1,6,6,20460.0003687343,1023.0,20.0000003604441,2.11956086765275,3.66863417625427
default_shortboard,15,1,6,7,20460.0000714417,1023.0,20.0000000698355,2.31402506935557,3.66863417625427
default_shortboard,15,1,6,8,20460.0003030426,1023.0,20.0000002962293,2.26322687978994,3.66863417625427
default_shortboard,15,1,6,9,20460.0006771422,1023.0,20.0000006619181,4.92595928599672,3.66863417625427
default_shortboard,15,1,7,0,20460.0002271315,1023.0,20.000000222025,4.02704389323135,3.34204864501953
default_shortboard,15,1,7,1,20460.0001729071,1023.0,20.0000001690196,3.54694582086848,3.34204864501953
default_shortboard,15,1,7,2,20459.9990688886,1023.0,19.9999990898227,3.21036116945334,3.34204864501953
default_shortboard,15,1,7,3,20459.9991764415,1023.0,19.9999991949575,2.59973106174225,3.34204864501953
default_shortboard,15,1,7,4,20460.001453824,1023.0,20.0000014211378,2.12971609509753,3.34204864501953
default_shortboard,15,1,7,5,20459.9991312044,1023.0,19.9999991507375,1.98635974026053,3.34204864501953
default_shortboard,15,1,7,6,20459.9986887708,1023.0,19.999998718251,2.01153031260743,3.34204864501953
default_shortboard,15,1,7,7,20459.999336995,1023.0,19.9999993519013,2.39862247444366,3.34204864501953
default_shortboard,15,1,7,8,20460.0011441519,1023.0,20.000001118428,2.67091164302608,3.34204864501953
default_shortboard,15,1,7,9,20460.0001851214,1023.0,20.0000001809593,5.6943700632226,3.34204864501953
default_shortboard,15,1,8,0,20460.0007718918,1023.0,20.0000007545375,3.99644813925047,3.27463436126709
default_shortboard,15,1,8,1,20459.9996142122,1023.0,19.9999996228859,3.50248468827006,3.27463436126709
default_shortboard,15,1,8,2,20459.9999887878,1023.0,19.9999999890399,3.15000755667385,3.27463436126709
default_shortboard,15,1,8,3,20459.9998726718,1023.0,19.9999998755345,2.53113055623143,3.27463436126709
default_shortboard,15,1,8,4,20460.0007452966,1023.0,20.0000007285401,2.06398241267278,3.27463436126709
default_shortboard,15,1,8,5,20460.0004641976,1023.0,20.0000004537611,1.90300523542138,3.27463436126709
default_shortboard,15,1,8,6,20460.0001304803,1023.0,20.0000001275468,1.98252534172171,3.27463436126709
default_shortboard,15,1,8,7,20459.9999665918,1023.0,19.9999999673429,2.34376348050909,3.27463436126709
default_shortboard,15,1,8,8,20460.0004153798,1023.0,20.0000004060408,2.81071095103761,3.27463436126709
default_shortboard,15,1,8,9,20459.9991746725,1023.0,19.9999991932283,5.88229429700337,3.27463436126709
default_shortboard,15,2,0,0,,,,,25.1155815124512
default_shortboard,15,2,0,1,20459.9990515403,1023.0,19.9999990728645,27.7411980416982,25.1155815124512
default_shortboard,15,2,0,2,20460.0011572617,1023.0,20.0000011312431,27.190909207193,25.1155815124512
default_shortboard,15,2,0,3,20459.9993595982,1023.0,19.9999993739963,26.7855232986079,25.1155815124512
default_shortboard,15,2,0,4,20460.000288635,1023.0,20.0000002821456,26.2378308299578,25.1155815124512
default_shortboard,15,2,0,5,20459.9989897436,1023.0,19.9999990124571,26.0446243612767,25.1155815124512
default_shortboard,15,2,0,6,20459.9997559701,1023.0,19.9999997614566,26.4047453431352,25.1155815124512
default_shortboard,15,2,0,7,20460.0000175132,1023.0,20.0000000171194,28.5300633376086,25.1155815124512
default_shortboard,15,2,0,8,20459.9993531912,1023.0,19.9999993677333,29.5134988239078,25.1155815124512
default_shortboard,15,2,0,9,20459.9997282457,1023.0,19.9999997343556,48.9140428286491,25.1155815124512
default_shortboard,15,2,1,0,20459.9988681425,1023.0,19.9999988935899,19.7717629765834,9.15346908569336
default_shortboard,15,2,1,1,20460.0007780277,1023.0,20.0000007605354,12.4304012071082,9.15346908569336
default_shortboard,15,2,1,2,20459.9997734724,1023.0,19.9999997785654,10.8392506459854,9.15346908569336
default_shortboard,15,2,1,3,20459.999841641,1023.0,19.9999998452014,10.3402509856196,9.15346908569336
default_shortboard,15,2,1,4,20459.9993283003,1023.0,19.999999343402,9.13446436059178,9.15346908569336
default_shortboard,15,2,1,5,20460.0000496346,1023.0,20.0000000485186,8.78060851867773,9.15346908569336
default_shortboard,15,2,1,6,20460.0004536303,1023.0,20.0000004434314,7.99645525736969,9.15346908569336
default_shortboard,15,2,1,7,20459.9998935003,1023.0,19.9999998958947,7.56284548151859,9.15346908569336
default_shortboard,15,2,1,8,20459.9999623675,1023.0,19.9999999632136,7.37044407344082,9.15346908569336
default_shortboard,15,2,1,9,20460.0006043988,1023.0,20.0000005908102,9.13072156739969,9.15346908569336
default_shortboard,15,2,2,0,20459.9994617015,1023.0,19.999999473804,11.3145843522419,6.95763731002808
default_shortboard,15,2,2,1,20460.0011647762,1023.0,20.0000011385887,9.42630765027379,6.95763731002808
default_shortboard,15,2,2,2,20460.0011716953,1023.0,20.0000011453522,8.05574265227991,6.95763731002808
default_shortboard,15,2,2,3,20459.9993615932,1023.0,19.9999993759464,7.10595445771885,6.95763731002808
default_shortboard,15,2,2,4,20460.0002380262,1023.0,20.0000002326747,6.37128185367093,6.95763731002808
default_shortboard,15,2,2,5,20459.9989745647,1023.0,19.9999989976194,5.52469431038646,6.95763731002808
default_shortboard,15,2,2,6,20459.999727644,1023.0,19.9999997337673,4.92465170069307,6.95763731002808
default_shortboard,15,2,2,7,20459.9989091611,1023.0,19.9999989336864,4.55999938438492,6.95763731002808
default_shortboard,15,2,2,8,20459.9996284231,1023.0,19.9999996367772,3.02548234236359,6.95763731002808
default_shortboard,15,2,2,9,20460.0003192093,1023.0,20.0000003120325,6.01368667753041,6.95763731002808
default_shortboard,15,2,3,0,20460.0004104935,1023.0,20.0000004012644,8.5700831171394,5.34468030929565
default_shortboard,15,2,3,1,20459.9999637639,1023.0,19.9999999645785,7.79397291391079,5.34468030929565
default_shortboard,15,2,3,2,20459.9996791973,1023.0,19.9999996864098,6.07839099824043,5.34468030929565
default_shortboard,15,2,3,3,20460.0007761191,1023.0,20.0000007586697,5.15005929331787,5.34468030929565
default_shortboard,15,2,3,4,20459.9997313502,1023.0,19.9999997373902,4.201562421556,5.34468030929565
default_shortboard,15,2,3,5,20460.0002767157,1023.0,20.0000002704943,3.71244890490658,5.34468030929565
default_shortboard,15,2,3,6,20459.9991274778,1023.0,19.9999991470946,3.33162214287286,5.34468030929565
default_shortboard,15,2,3,7,20460.0011715176,1023.0,20.0000011451785,2.66945895320234,5.34468030929565
default_shortboard,15,2,3,8,20460.0000188893,1023.0,20.0000000184646,2.78733443276467,5.34468030929565
default_shortboard,15,2,3,9,20459.9987908137,1023.0,19.9999988179997,5.90479336015718,5.34468030929565
default_shortboard,15,2,4,0,20459.9997331455,1023.0,19.9999997391452,6.53797645795548,3.99627542495728
default_shortboard,15,2,4,1,20459.9996883897,1023.0,19.9999996953956,5.70499360464708,3.99627542495728
default_shortboard,15,2,4,2,20459.9999342647,1023.0,19.9999999357427,4.7163014185468,3.99627542495728
default_shortboard,15,2,4,3,20459.9989395176,1023.0,19.9999989633603,3.5083184425381,3.99627542495728
default_shortboard,15,2,4,4,20459.9999874405,1023.0,19.9999999877229,2.78424282308446,3.99627542495728
default_shortboard,15,2,4,5,20460.0005812864,1023.0,20.0000005682174,2.46561699589831,3.99627542495728
default_shortboard,15,2,4,6,20460.0004819943,1023.0,20.0000004711577,2.30473062760444,3.99627542495728
default_shortboard,15,2,4,7,20459.9998566796,1023.0,19.9999998599018,2.55751259875406,3.99627542495728
default_shortboard,15,2,4,8,20459.999229041,1023.0,19.9999992463744,2.81497902089651,3.99627542495728
default_shortboard,15,2,4,9,20460.0002999773,1023.0,20.000000293233,6.05308608339081,3.99627542495728
default_shortboard,15,2,5,0,20460.000802426,1023.0,20.0000007843851,6.48415772773407,3.76187944412231
default_shortboard,15,2,5,1,20459.999804246,1023.0,19.9999998086471,5.62326509470842,3.76187944412231
default_shortboard,15,2,5,2,20460.0013601481,1023.0,20.000001329568,4.46871542562283,3.76187944412231
default_shortboard,15,2,5,3,20460.0005393763,1023.0,20.0000005272496,3.28747543900975,3.76187944412231
default_shortboard,15,2,5,4,20459.9990912612,1023.0,19.9999991116923,2.54482187397239,3.76187944412231
default_shortboard,15,2,5,5,20459.9999009406,1023.0,19.9999999031677,2.19586101834136,3.76187944412231
default_shortboard,15,2,5,6,20459.9994013943,1023.0,19.9999994148526,2.17047612601438,3.76187944412231
default_shortboard,15,2,5,7,20460.0000533452,1023.0,20.0000000521459,2.65266002414369,3.76187944412231
default_shortboard,15,2,5,8,20459.9996593649,1023.0,19.9999996670234,3.12478634697156,3.76187944412231
default_shortboard,15,2,5,9,20459.9987454914,1023.0,19.9999987736964,6.74829340658201,3.76187944412231
default_shortboard,15,2,6,0,20459.9996478132,1023.0,19.9999996557314,7.29216479875144,3.90135788917542
default_shortboard,15,2,6,1,20459.9996574109,1023.0,19.9999996651133,5.82730963838289,3.90135788917542
default_shortboard,15,2,6,2,20459.9990585491,1023.0,19.9999990797156,4.47520139957627,3.90135788917542
default_shortboard,15,2,6,3,20459.9990997356,1023.0,19.9999991199761,3.21772307854936,3.90135788917542
default_shortboard,15,2,6,4,20459.998978381,1023.0,19.9999990013499,2.61523117914449,3.90135788917542
default_shortboard,15,2,6,5,20460.0002178899,1023.0,20.0000002129911,2.26981883618745,3.90135788917542
default_shortboard,15,2,6,6,20460.0000405733,1023.0,20.0000000396611,2.31032346670844,3.90135788917542
default_shortboard,15,2,6,7,20460.000805529,1023.0,20.0000007874183,3.01754841229125,3.90135788917542
default_shortboard,15,2,6,8,20460.0001492404,1023.0,20.000000145885,3.89801845863728,3.90135788917542
default_shortboard,15,2,6,9,20459.9999627923,1023.0,19.9999999636288,7.68011439851794,3.90135788917542
default_shortboard,15,2,7,0,20459.9994368696,1023.0,19.9999994495304,5.7674074746335,2.98635292053223
default_shortboard,15,2,7,1,20460.0006017077,1023.0,20.0000005881796,4.94830454257368,2.98635292053223
default_shortboard,15,2,7,2,20460.0013293979,1023.0,20.0000012995092,3.64515390327779,2.98635292053223
default_shortboard,15,2,7,3,20459.9995207966,1023.0,19.9999995315705,2.49396365997384,2.98635292053223
default_shortboard,15,2,7,4,20460.0007671874,1023.0,20.0000007499388,1.74960982432701,2.98635292053223
default_shortboard,15,2,7,5,20459.9988494499,1023.0,19.9999988753176,1.49760556650271,2.98635292053223
default_shortboard,15,2,7,6,20460.0002843835,1023.0,20.0000002779897,1.67469739374564,2.98635292053223
default_shortboard,15,2,7,7,20460.000659403,1023.0,20.0000006445777,2.39832224970254,2.98635292053223
default_shortboard,15,2,7,8,20460.000091256,1023.0,20.0000000892043,3.44721201679627,2.98635292053223
default_shortboard,15,2,7,9,20459.9994778873,1023.0,19.9999994896259,7.4503769883918,2.98635292053223
default_shortboard,15,2,8,0,20460.0002765549,1023.0,20.0000002703371,6.24362353722449,2.92971754074097
default_shortboard,15,2,8,1,20459.9996852493,1023.0,19.9999996923258,4.90856242617617,2.92971754074097
default_shortboard,15,2,8,2,20460.0000194116,1023.0,20.0000000189752,3.43466987088491,2.92971754074097
default_shortboard,15,2,8,3,20459.9996749435,1023.0,19.9999996822517,2.14343963206329,2.92971754074097
default_shortboard,15,2,8,4,20459.9981454893,1023.0,19.999998187184,1.67887416226333,2.92971754074097
default_shortboard,15,2,8,5,20459.9995192885,1023.0,19.9999995300963,1.43335344876798,2.92971754074097
default_shortboard,15,2,8,6,20460.0011238712,1023.0,20.0000010986033,1.65905235307555,2.92971754074097
default_shortboard,15,2,8,7,20460.0000745786,1023.0,20.0000000729019,2.55794262728368,2.92971754074097
default_shortboard,15,2,8,8,20459.9992489078,1023.0,19.9999992657945,3.82131462114367,2.92971754074097
default_shortboard,15,2,8,9,20459.9994481921,1023.0,19.9999994605984,7.75692506494543,2.92971754074097
default_shortboard,15,3,0,0,20460.0001159226,1023.0,20.0000001133163,46.3826734668454,44.2436103820801
default_shortboard,15,3,0,1,20460.000155553,1023.0,20.0000001520557,46.2636814860298,44.2436103820801
default_shortboard,15,3,0,2,20460.0004315727,1023.0,20.0000004218697,46.1171617541412,44.2436103820801
default_shortboard,15,3,0,3,20460.0000899947,1023.0,20.0000000879714,45.897659602567,44.2436103820801
default_shortboard,15,3,0,4,20459.9998117404,1023.0,19.999999815973,45.8618604511347,44.2436103820801
default_shortboard,15,3,0,5,20460.0006547374,1023.0,20.000000640017,46.0264542668089,44.2436103820801
default_shortboard,15,3,0,6,20460.000004751,1023.0,20.0000000046442,46.0489080750484,44.2436103820801
default_shortboard,15,3,0,7,20459.9984936716,1023.0,19.9999985275382,45.4436665396439,44.2436103820801
default_shortboard,15,3,0,8,20460.0001993107,1023.0,20.0000001948296,46.4013730221148,44.2436103820801
default_shortboard,15,3,0,9,20459.999136902,1023.0,19.9999991563069,55.198305473085,44.2436103820801
default_shortboard,15,3,1,0,20460.0004481941,1023.0,20.0000004381174,15.4744695019675,13.1496601104736
default_shortboard,15,3,1,1,20459.9996814754,1023.0,19.9999996886367,14.3375507730086,13.1496601104736
default_shortboard,15,3,1,2,20459.9990630043,1023.0,19.9999990840707,13.8947001908046,13.1496601104736
default_shortboard,15,3,1,3,20459.9993865481,1023.0,19.9999994003402,12.9849981335446,13.1496601104736
default_shortboard,15,3,1,4,20459.9996345569,1023.0,19.9999996427731,12.4607636882485,13.1496601104736
default_shortboard,15,3,1,5,20459.9997633391,1023.0,19.99999976866,12.0145336212128,13.1496601104736
default_shortboard,15,3,1,6,20460.0009177575,1023.0,20.0000008971237,11.5450615401791,13.1496601104736
default_shortboard,15,3,1,7,20459.9992528055,1023.0,19.9999992696046,11.3296296012347,13.1496601104736
default_shortboard,15,3,1,8,20459.9994689945,1023.0,19.999999480933,11.58577251699,13.1496601104736
default_shortboard,15,3,1,9,20459.9996176031,1023.0,19.9999996262005,16.6599444459524,13.1496601104736
default_shortboard,15,3,2,0,20459.9995676567,1023.0,19.999999577377,10.6262587047409,7.95887804031372
default_shortboard,15,3,2,1,20460.0006480868,1023.0,20.000000633516,9.45263654960825,7.95887804031372
default_shortboard,15,3,2,2,20459.9997512733,1023.0,19.9999997568654,8.3826899799883,7.95887804031372
default_shortboard,15,3,2,3,20460.0000660876,1023.0,20.0000000646017,7.02116460607895,7.95887804031372
default_shortboard,15,3,2,4,20460.000174087,1023.0,20.000000170173,6.55195980597598,7.95887804031372
default_shortboard,15,3,2,5,20460.0010779022,1023.0,20.0000010536679,5.95916332700623,7.95887804031372
default_shortboard,15,3,2,6,20460.0009693746,1023.0,20.0000009475802,5.59401547753378,7.95887804031372
default_shortboard,15,3,2,7,20460.0008961002,1023.0,20.0000008759532,5.62582525328908,7.95887804031372
default_shortboard,15,3,2,8,20459.9991497043,1023.0,19.9999991688214,6.07329179633628,7.95887804031372
default_shortboard,15,3,2,9,20460.0003848907,1023.0,20.0000003762373,8.45150438788372,7.95887804031372
default_shortboard,15,3,3,0,20460.0008512146,1023.0,20.0000008320768,9.40770045014601,6.7313928604126
default_shortboard,15,3,3,1,20459.9987754727,1023.0,19.9999988030036,8.1251165381118,6.7313928604126
default_shortboard,15,3,3,2,20459.9998877508,1023.0,19.9999998902745,6.5067095376255,6.7313928604126
default_shortboard,15,3,3,3,20459.9997553083,1023.0,19.9999997608096,5.70394260488934,6.7313928604126
default_shortboard,15,3,3,4,20459.9996050588,1023.0,19.9999996139383,5.16433874400307,6.7313928604126
default_shortboard,15,3,3,5,20460.0001717361,1023.0,20.000000167875,4.67528475247672,6.7313928604126
default_shortboard,15,3,3,6,20460.0005485459,1023.0,20.000000536213,4.54500663184111,6.7313928604126
default_shortboard,15,3,3,7,20459.9987339623,1023.0,19.9999987624264,4.03375863489715,6.7313928604126
default_shortboard,15,3,3,8,20460.0001678523,1023.0,20.0000001640785,4.65748906510271,6.7313928604126
default_shortboard,15,3,3,9,20459.9999228202,1023.0,19.9999999245554,8.12364751721467,6.7313928604126
default_shortboard,15,3,4,0,20459.9987152752,1023.0,19.9999987441596,8.23371615341743,5.94534683227539
default_shortboard,15,3,4,1,20460.0009070268,1023.0,20.0000008866342,7.31824631492581,5.94534683227539
default_shortboard,15,3,4,2,20459.999823089,1023.0,19.9999998270665,6.10877287854329,5.94534683227539
default_shortboard,15,3,4,3,20460.0001866796,1023.0,20.0000001824825,4.88064809970587,5.94534683227539
default_shortboard,15,3,4,4,20460.0013178761,1023.0,20.0000012882464,4.44044076282576,5.94534683227539
default_shortboard,15,3,4,5,20460.0003076883,1023.0,20.0000003007706,3.96511767022289,5.94534683227539
default_shortboard,15,3,4,6,20459.9999791922,1023.0,19.99999997966,3.92333754114912,5.94534683227539
default_shortboard,15,3,4,7,20459.9998564327,1023.0,19.9999998596605,3.67833346747086,5.94534683227539
default_shortboard,15,3,4,8,20460.0002754771,1023.0,20.0000002692836,5.57256963368641,5.94534683227539
default_shortboard,15,3,4,9,20460.0015839718,1023.0,20.0000015483595,8.02468412422867,5.94534683227539
default_shortboard,15,3,5,0,20460.0013453316,1023.0,20.0000013150847,8.50807096834419,6.57878351211548
default_shortboard,15,3,5,1,20460.0009762359,1023.0,20.0000009542873,7.12145758852047,6.57878351211548
default_shortboard,15,3,5,2,20459.9991998234,1023.0,19.9999992178137,5.62194365823397,6.57878351211548
default_shortboard,15,3,5,3,20459.9985520286,1023.0,19.9999985845832,5.15071312513452,6.57878351211548
default_shortboard,15,3,5,4,20460.0000260938,1023.0,20.0000000255072,4.62054607305009,6.57878351211548
default_shortboard,15,3,5,5,20460.0009701525,1023.0,20.0000009483406,4.41117430387024,6.57878351211548
default_shortboard,15,3,5,6,20460.0001827059,1023.0,20.0000001785981,4.67569249446584,6.57878351211548
default_shortboard,15,3,5,7,20459.9999248744,1023.0,19.9999999265634,5.43549690634214,6.57878351211548
default_shortboard,15,3,5,8,20459.9991951839,1023.0,19.9999992132785,6.93904119124778,6.57878351211548
default_shortboard,15,3,5,9,20459.9995850929,1023.0,19.9999995944212,9.822382012081,6.57878351211548
default_shortboard,15,3,6,0,20459.9979808986,1023.0,19.9999980262938,11.5141999539294,10.3784208297729
default_shortboard,15,3,6,1,20459.999651522,1023.0,19.9999996593568,9.52375486749975,10.3784208297729
default_shortboard,15,3,6,2,20459.999636892,1023.0,19.9999996450558,8.71887901913593,10.3784208297729
default_shortboard,15,3,6,3,20460.0006842618,1023.0,20.0000006688776,8.17238932901529,10.3784208297729
default_shortboard,15,3,6,4,20459.9993881295,1023.0,19.9999994018861,7.96707425600129,10.3784208297729
default_shortboard,15,3,6,5,20459.9989244349,1023.0,19.9999989486167,8.05796236663575,10.3784208297729
default_shortboard,15,3,6,6,20460.0012154113,1023.0,20.0000011880854,8.51525589518894,10.3784208297729
default_shortboard,15,3,6,7,20459.9999320327,1023.0,19.9999999335608,9.39662908935724,10.3784208297729
default_shortboard,15,3,6,8,20459.998403465,1023.0,19.9999984393598,10.789383978842,10.3784208297729
default_shortboard,15,3,6,9,20460.0001842978,1023.0,20.0000001801542,14.0005929082605,10.3784208297729
default_shortboard,15,3,7,0,20459.9998137008,1023.0,19.9999998178894,4.59840588092507,2.40182161331177
default_shortboard,15,3,7,1,20459.9993530204,1023.0,19.9999993675664,3.71511828833826,2.40182161331177
default_shortboard,15,3,7,2,20459.9991489231,1023.0,19.9999991680578,2.79698153816874,2.40182161331177
default_shortboard,15,3,7,3,20460.0003924712,1023.0,20.0000003836473,1.80658966377305,2.40182161331177
default_shortboard,15,3,7,4,20459.998340769,1023.0,19.9999983780734,1.17373949112776,2.40182161331177
default_shortboard,15,3,7,5,20460.0011985118,1023.0,20.0000011715658,1.05945181323455,2.40182161331177
default_shortboard,15,3,7,6,20460.0008869824,1023.0,20.0000008670405,1.34133710728821,2.40182161331177
default_shortboard,15,3,7,7,20460.0000723221,1023.0,20.0000000706961,2.12241958668582,2.40182161331177
default_shortboard,15,3,7,8,20460.0002795632,1023.0,20.0000002732778,3.29889137200021,2.40182161331177
default_shortboard,15,3,7,9,20459.999975269,1023.0,19.9999999758251,7.1651655454675,2.40182161331177
default_shortboard,15,3,8,0,20459.9990065426,1023.0,19.9999990288784,5.31316597475058,2.31110048294067
default_shortboard,15,3,8,1,20459.9995498402,1023.0,19.9999995599611,4.27339727689073,2.31110048294067
default_shortboard,15,3,8,2,20459.9991578613,1023.0,19.999999176795,2.87053806927407,2.31110048294067
default_shortboard,15,3,8,3,20460.000774545,1023.0,20.000000757131,1.47792109450152,2.31110048294067
default_shortboard,15,3,8,4,20459.9993328008,1023.0,19.9999993478014,1.0755140594722,2.31110048294067
default_shortboard,15,3,8,5,20459.9996556719,1023.0,19.9999996634133,0.904672590731501,2.31110048294067
default_shortboard,15,3,8,6,20460.0009019722,1023.0,20.0000008816932,1.22929203230192,2.31110048294067
default_shortboard,15,3,8,7,20460.0000255504,1023.0,20.0000000249759,2.10946001769037,2.31110048294067
default_shortboard,15,3,8,8,20460.0008228016,1023.0,20.0000008043026,3.63192670633397,2.31110048294067
default_shortboard,15,3,8,9,20459.9986892247,1023.0,19.9999987186947,7.72040783092748,2.31110048294067
default_shortboard,15,4,0,0,,,,,45.0
default_shortboard,15,4,0,1,20460.0007614804,1023.0,20.0000007443601,86.5881502425539,45.0
default_shortboard,15,4,0,2,20460.0000030002,1023.0,20.0000000029328,68.0058028400848,45.0
default_shortboard,15,4,0,3,20459.9995631893,1023.0,19.9999995730101,62.1710405026967,45.0
default_shortboard,15,4,0,4,20459.999838688,1023.0,19.9999998423147,60.3206509554232,45.0
default_shortboard,15,4,0,5,20460.0002960384,1023.0,20.0000002893826,63.144707945369,45.0
default_shortboard,15,4,0,6,20460.000081895,1023.0,20.0000000800537,67.0974251951802,45.0
default_shortboard,15,4,0,7,20459.9999789893,1023.0,19.9999999794617,74.5059234620219,45.0
default_shortboard,15,4,0,8,20460.0001179219,1023.0,20.0000001152707,87.5891954444779,45.0
default_shortboard,15,4,0,9,20459.9998272475,1023.0,19.9999998311315,30.7323989113108,45.0
default_shortboard,15,4,1,0,,,,,45.0
default_shortboard,15,4,1,1,20460.0001869876,1023.0,20.0000001827836,73.1184187034346,45.0
default_shortboard,15,4,1,2,20460.000573654,1023.0,20.0000005607566,82.4930198755097,45.0
default_shortboard,15,4,1,3,20459.9992952342,1023.0,19.9999993110794,76.9004888970369,45.0
default_shortboard,15,4,1,4,20459.9999882796,1023.0,19.9999999885431,75.7794410198025,45.0
default_shortboard,15,4,1,5,20459.9996103696,1023.0,19.9999996191296,77.2677133317054,45.0
default_shortboard,15,4,1,6,20459.9994772967,1023.0,19.9999994890485,81.0001762152102,45.0
default_shortboard,15,4,1,7,20460.000065228,1023.0,20.0000000637615,88.0033950104662,45.0
default_shortboard,15,4,1,8,20460.0003965223,1023.0,20.0000003876073,80.961640077177,45.0
default_shortboard,15,4,1,9,20460.0000790973,1023.0,20.000000077319,30.0743291279976,45.0
default_shortboard,15,4,2,0,20460.0001226459,1023.0,20.0000001198884,19.4576057244682,16.85009765625
default_shortboard,15,4,2,1,20460.0006390288,1023.0,20.0000006246616,16.9136662286159,16.85009765625
default_shortboard,15,4,2,2,20460.0001305182,1023.0,20.0000001275838,16.4801722332598,16.85009765625
default_shortboard,15,4,2,3,20459.9989576527,1023.0,19.9999989810877,15.8104183964222,16.85009765625
default_shortboard,15,4,2,4,20459.9997687475,1023.0,19.9999997739468,15.2582005328226,16.85009765625
default_shortboard,15,4,2,5,20460.0009072706,1023.0,20.0000008868726,14.9098381134767,16.85009765625
default_shortboard,15,4,2,6,20460.0005604534,1023.0,20.0000005478528,14.7498884757756,16.85009765625
default_shortboard,15,4,2,7,20460.0004109412,1023.0,20.000000401702,14.8135118376235,16.85009765625
default_shortboard,15,4,2,8,20460.0008254296,1023.0,20.0000008068716,15.6870341809911,16.85009765625
default_shortboard,15,4,2,9,20460.0001967712,1023.0,20.0000001923472,22.5871638958707,16.85009765625
default_shortboard,15,4,3,0,20459.9994815804,1023.0,19.999999493236,12.353828229569,11.5121784210205
default_shortboard,15,4,3,1,20459.9990586238,1023.0,19.9999990797886,11.7145515101702,11.5121784210205
default_shortboard,15,4,3,2,20460.0005939631,1023.0,20.0000005806091,10.6468648603799,11.5121784210205
default_shortboard,15,4,3,3,20460.0007547471,1023.0,20.0000007377782,9.96193086354721,11.5121784210205
default_shortboard,15,4,3,4,20459.9999831986,1023.0,19.9999999835763,9.46070941710007,11.5121784210205
default_shortboard,15,4,3,5,20459.9998813557,1023.0,19.9999998840232,9.13839020478881,11.5121784210205
default_shortboard,15,4,3,6,20459.9990164443,1023.0,19.9999990385575,9.10215830434827,11.5121784210205
default_shortboard,15,4,3,7,20460.0015427137,1023.0,20.000001508029,9.38654650016076,11.5121784210205
default_shortboard,15,4,3,8,20460.0006484962,1023.0,20.0000006339161,10.1853273002388,11.5121784210205
default_shortboard,15,4,3,9,20460.0000284477,1023.0,20.0000000278081,13.7664305758799,11.5121784210205
default_shortboard,15,4,4,0,20460.0002248286,1023.0,20.0000002197738,12.0284584115779,10.4950695037842
default_shortboard,15,4,4,1,20459.9992315306,1023.0,19.999999248808,10.03111497976,10.4950695037842
default_shortboard,15,4,4,2,20460.0005278244,1023.0,20.0000005159574,9.35155613182647,10.4950695037842
default_shortboard,15,4,4,3,20460.0009769103,1023.0,20.0000009549465,8.65544165973549,10.4950695037842
default_shortboard,15,4,4,4,20459.9991708532,1023.0,19.9999991894948,8.20055043519275,10.4950695037842
default_shortboard,15,4,4,5,20459.9994561099,1023.0,19.9999994683381,8.08211581184192,10.4950695037842
default_shortboard,15,4,4,6,20459.9989955656,1023.0,19.9999990181482,8.29642612661505,10.4950695037842
default_shortboard,15,4,4,7,20460.0006701145,1023.0,20.0000006550484,8.82901145378166,10.4950695037842
default_shortboard,15,4,4,8,20459.9991181803,1023.0,19.9999991380062,9.9393491175602,10.4950695037842
default_shortboard,15,4,4,9,20459.9996215909,1023.0,19.9999996300986,13.1850156044081,10.4950695037842
default_shortboard,15,4,5,0,20460.0003348585,1023.0,20.0000003273299,11.4714717157852,13.8703050613403
default_shortboard,15,4,5,1,20460.0004530692,1023.0,20.0000004428829,13.1383833541251,13.8703050613403
default_shortboard,15,4,5,2,20459.999855122,1023.0,19.9999998583793,12.1785473534985,13.8703050613403
default_shortboard,15,4,5,3,20460.0000721076,1023.0,20.0000000704864,11.7048912773704,13.8703050613403
default_shortboard,15,4,5,4,20460.0008174879,1023.0,20.0000007991084,11.4638454208933,13.8703050613403
default_shortboard,15,4,5,5,20460.0000918594,1023.0,20.0000000897942,11.4978065429336,13.8703050613403
default_shortboard,15,4,5,6,20460.0011814037,1023.0,20.0000011548423,11.8363999081001,13.8703050613403
default_shortboard,15,4,5,7,20460.0006274053,1023.0,20.0000006132994,12.5141812679631,13.8703050613403
default_shortboard,15,4,5,8,20460.0002102144,1023.0,20.0000002054882,13.5457984752758,13.8703050613403
default_shortboard,15,4,5,9,20459.9999548722,1023.0,19.9999999558868,18.3114021121832,13.8703050613403
default_shortboard,15,4,6,0,20460.0009344914,1023.0,20.0000009134813,16.5946795057058,14.8929033279419
default_shortboard,15,4,6,1,20459.9999777652,1023.0,19.9999999782651,13.5765560581485,14.8929033279419
default_shortboard,15,4,6,2,20460.0013020601,1023.0,20.000001272786,12.7813542320317,14.8929033279419
default_shortboard,15,4,6,3,20460.0002759314,1023.0,20.0000002697277,12.5314113955691,14.8929033279419
default_shortboard,15,4,6,4,20459.9997744101,1023.0,19.999999779482,12.5787444020687,14.8929033279419
default_shortboard,15,4,6,5,20460.0000775873,1023.0,20.0000000758429,12.9067745322746,14.8929033279419
default_shortboard,15,4,6,6,20460.00166571,1023.0,20.00000162826,13.5147040445572,14.8929033279419
default_shortboard,15,4,6,7,20460.0009231424,1023.0,20.0000009023875,14.4417066008013,14.8929033279419
default_shortboard,15,4,6,8,20460.0016626796,1023.0,20.0000016252978,15.8655581982044,14.8929033279419
default_shortboard,15,4,6,9,20459.9993305119,1023.0,19.9999993455639,20.410768272636,14.8929033279419
default_shortboard,15,4,7,0,20460.0004478386,1023.0,20.0000004377699,13.1145636495509,12.0849590301514
default_shortboard,15,4,7,1,20459.999743192,1023.0,19.9999997489658,10.4685024913104,12.0849590301514
default_shortboard,15,4,7,2,20460.0003240172,1023.0,20.0000003167324,9.75900465618045,12.0849590301514
default_shortboard,15,4,7,3,20460.0009061881,1023.0,20.0000008858143,9.66974508876359,12.0849590301514
default_shortboard,15,4,7,4,20459.9996919691,1023.0,19.9999996988945,9.88792020109201,12.0849590301514
default_shortboard,15,4,7,5,20460.0010675194,1023.0,20.0000010435185,10.3535646801215,12.0849590301514
default_shortboard,15,4,7,6,20460.000632633,1023.0,20.0000006184096,11.1834226092109,12.0849590301514
default_shortboard,15,4,7,7,20460.0006853205,1023.0,20.0000006699125,12.3280140754383,12.0849590301514
default_shortboard,15,4,7,8,20459.9998703244,1023.0,19.9999998732398,13.9496769755821,12.0849590301514
default_shortboard,15,4,7,9,20460.0006168576,1023.0,20.0000006029889,17.7071318493883,12.0849590301514
default_shortboard,15,4,8,0,20460.0002143922,1023.0,20.0000002095721,8.23455391840548,7.99403715133667
default_shortboard,15,4,8,1,20459.9994030137,1023.0,19.9999994164357,6.51059859138684,7.99403715133667
default_shortboard,15,4,8,2,20460.0008439073,1023.0,20.0000008249338,5.82179143757728,7.99403715133667
default_shortboard,15,4,8,3,20459.999862088,1023.0,19.9999998651887,5.59948814155735,7.99403715133667
default_shortboard,15,4,8,4,20459.9995491787,1023.0,19.9999995593145,5.7274301047301,7.99403715133667
default_shortboard,15,4,8,5,20459.9981495826,1023.0,19.9999981911853,6.17640586615925,7.99403715133667
default_shortboard,15,4,8,6,20459.9993519852,1023.0,19.9999993665544,7.04872131223871,7.99403715133667
default_shortboard,15,4,8,7,20459.999418692,1023.0,19.9999994317615,8.43286165288143,7.99403715133667
default_shortboard,15,4,8,8,20459.9995911737,1023.0,19.9999996003653,10.3027632151083,7.99403715133667
default_shortboard,15,4,8,9,20460.0006593723,1023.0,20.0000006445477,13.3796778923628,7.99403715133667
default_shortboard,15,4,9,0,20460.0005035181,1023.0,20.0000004921975,6.50070380545736,6.39219331741333
default_shortboard,15,4,9,1,20460.0006902613,1023.0,20.0000006747422,4.96316205774745,6.39219331741333
default_shortboard,15,4,9,2,20459.9998120143,1023.0,19.9999998162408,4.2788106156933,6.39219331741333
default_shortboard,15,4,9,3,20460.0003559493,1023.0,20.0000003479465,4.07585389649198,6.39219331741333
default_shortboard,15,4,9,4,20459.9997166642,1023.0,19.9999997230344,4.24720611990843,6.39219331741333
default_shortboard,15,4,9,5,20460.0015556921,1023.0,20.0000015207156,4.09545852986841,6.39219331741333
default_shortboard,15,4,9,6,20460.0008016347,1023.0,20.0000007836117,5.06771649103043,6.39219331741333
default_shortboard,15,4,9,7,20460.0002315156,1023.0,20.0000002263105,6.37644082367217,6.39219331741333
default_shortboard,15,4,9,8,20459.9997699446,1023.0,19.9999997751169,9.31615266585584,6.39219331741333
default_shortboard,15,4,9,9,20459.9998922131,1023.0,19.9999998946364,12.4245976896228,6.39219331741333
default_shortboard,2,0,0,0,20459.9987088743,1023.0,19.9999987379025,45.0000022628209,45.0
default_shortboard,2,0,0,1,20459.9998586269,1023.0,19.9999998618054,44.999998883206,45.0
default_shortboard,2,0,0,2,20460.0002281781,1023.0,20.000000223048,44.9999999721916,45.0
default_shortboard,2,0,0,3,20460.000841931,1023.0,20.000000823002,44.9999997878366,45.0
default_shortboard,2,0,0,4,20459.9993252107,1023.0,19.9999993403819,45.0000008244454,45.0
default_shortboard,2,0,0,5,20460.000440021,1023.0,20.000000430128,44.9999955635216,45.0
default_shortboard,2,0,0,6,20460.0003156321,1023.0,20.0000003085357,44.9999992623946,45.0
default_shortboard,2,0,0,7,20459.9991421425,1023.0,19.9999991614297,44.9999969228727,45.0
default_shortboard,2,0,0,8,20460.0012003892,1023.0,20.0000011734009,44.9999976130935,45.0
default_shortboard,2,0,0,9,20459.9999587508,1023.0,19.9999999596782,44.9999965786611,45.0
default_shortboard,2,0,1,0,,,,,11.224555015564
default_shortboard,2,0,1,1,20459.9998022639,1023.0,19.9999998067095,13.8174647488674,11.224555015564
default_shortboard,2,0,1,2,20459.9998163392,1023.0,19.9999998204685,13.8823733493824,11.224555015564
default_shortboard,2,0,1,3,20460.000209868,1023.0,20.0000002051495,14.1179504659687,11.224555015564
default_shortboard,2,0,1,4,20460.0003726656,1023.0,20.000000364287,13.6294645381148,11.224555015564
default_shortboard,2,0,1,5,20460.0002418839,1023.0,20.0000002364457,13.7225146630353,11.224555015564
default_shortboard,2,0,1,6,20460.0019606206,1023.0,20.0000019165401,13.5033297106441,11.224555015564
default_shortboard,2,0,1,7,20460.0007693753,1023.0,20.0000007520775,13.238007750404,11.224555015564
default_shortboard,2,0,1,8,20459.9999545271,1023.0,19.9999999555495,12.5973620353838,11.224555015564
default_shortboard,2,0,1,9,20459.9997042753,1023.0,19.9999997109241,12.7551675075309,11.224555015564
default_shortboard,2,0,2,0,20459.9996143858,1023.0,19.9999996230555,11.6685433238319,9.06397247314453
default_shortboard,2,0,2,1,20460.0004668716,1023.0,20.0000004563749,10.7022201271226,9.06397247314453
default_shortboard,2,0,2,2,20459.999030767,1023.0,19.9999990525582,11.095403320991,9.06397247314453
default_shortboard,2,0,2,3,20460.0011430952,1023.0,20.0000011173951,11.2798357175442,9.06397247314453
default_shortboard,2,0,2,4,20460.000441548,1023.0,20.0000004316207,11.4323683962331,9.06397247314453
default_shortboard,2,0,2,5,20459.9996832421,1023.0,19.9999996903638,11.0827405756242,9.06397247314453
default_shortboard,2,0,2,6,20460.0005278577,1023.0,20.0000005159899,11.3012417787893,9.06397247314453
default_shortboard,2,0,2,7,20459.9983355947,1023.0,19.9999983730154,11.2152397072665,9.06397247314453
default_shortboard,2,0,2,8,20460.000258864,1023.0,20.000000253044,10.9198862779975,9.06397247314453
default_shortboard,2,0,2,9,20460.0004740186,1023.0,20.0000004633613,11.7203184102335,9.06397247314453
default_shortboard,2,0,3,0,20460.0000881083,1023.0,20.0000000861274,5.89618708948769,5.80815458297729
default_shortboard,2,0,3,1,20459.999411432,1023.0,19.9999994246647,6.30040521312756,5.80815458297729
default_shortboard,2,0,3,2,20460.0005653836,1023.0,20.0000005526722,6.94782337691235,5.80815458297729
default_shortboard,2,0,3,3,20459.9997700872,1023.0,19.9999997752563,7.16616275379007,5.80815458297729
default_shortboard,2,0,3,4,20459.9995374967,1023.0,19.9999995478951,7.10121858932551,5.80815458297729
default_shortboard,2,0,3,5,20460.0005190595,1023.0,20.0000005073895,7.05142295177798,5.80815458297729
default_shortboard,2,0,3,6,20460.0007295555,1023.0,20.000000713153,7.00182513162148,5.80815458297729
default_shortboard,2,0,3,7,20460.0005880494,1023.0,20.0000005748284,6.48396216767123,5.80815458297729
default_shortboard,2,0,3,8,20459.9992521667,1023.0,19.9999992689801,5.68791449110383,5.80815458297729
default_shortboard,2,0,3,9,20460.0009339483,1023.0,20.0000009129505,5.76610278620455,5.80815458297729
default_shortboard,2,0,4,0,20459.999659707,1023.0,19.9999996673578,3.50879561493993,4.93833875656128
default_shortboard,2,0,4,1,20459.999254792,1023.0,19.9999992715465,4.35343399556996,4.93833875656128
default_shortboard,2,0,4,2,20460.001793629,1023.0,20.000001753303,5.19988087953598,4.93833875656128
default_shortboard,2,0,4,3,20460.0014350112,1023.0,20.000001402748,5.52017384748734,4.93833875656128
default_shortboard,2,0,4,4,20460.0002190555,1023.0,20.0000002141305,5.52615245711979,4.93833875656128
default_shortboard,2,0,4,5,20460.0006121906,1023.0,20.0000005984268,5.40193761029615,4.93833875656128
default_shortboard,2,0,4,6,20460.0007191545,1023.0,20.0000007029858,5.32852179093773,4.93833875656128
default_shortboard,2,0,4,7,20459.9986583919,1023.0,19.9999986885551,4.345181904058,4.93833875656128
default_shortboard,2,0,4,8,20459.9991103822,1023.0,19.9999991303834,3.80863898259765,4.93833875656128
default_shortboard,2,0,4,9,20460.0006285548,1023.0,20.0000006144231,3.4296975024889,4.93833875656128
default_shortboard,2,0,5,0,20460.0001599225,1023.0,20.0000001563269,2.29596640977137,4.4866886138916
default_shortboard,2,0,5,1,20459.9994867208,1023.0,19.9999994982608,3.18635970017136,4.4866886138916
default_shortboard,2,0,5,2,20459.9996110431,1023.0,19.9999996197879,4.20846678445014,4.4866886138916
default_shortboard,2,0,5,3,20460.0003376671,1023.0,20.0000003300753,4.53004188297085,4.4866886138916
default_shortboard,2,0,5,4,20459.9994501776,1023.0,19.9999994625392,4.54978650864086,4.4866886138916
default_shortboard,2,0,5,5,20459.9996779356,1023.0,19.9999996851766,4.490447323732,4.4866886138916
default_shortboard,2,0,5,6,20460.0017664492,1023.0,20.0000017267343,4.23576705087251,4.4866886138916
default_shortboard,2,0,5,7,20460.0007287166,1023.0,20.0000007123329,3.24035135576253,4.4866886138916
default_shortboard,2,0,5,8,20460.0005103725,1023.0,20.0000004988979,2.62931466717079,4.4866886138916
default_shortboard,2,0,5,9,20459.9993964203,1023.0,19.9999994099905,2.06599251137964,4.4866886138916
default_shortboard,2,0,6,0,20460.0008276348,1023.0,20.0000008090272,1.67511269091276,4.16537714004517
default_shortboard,2,0,6,1,20459.9999825393,1023.0,19.9999999829319,2.52678345267374,4.16537714004517
default_shortboard,2,0,6,2,20459.9996526044,1023.0,19.9999996604148,3.49998085728839,4.16537714004517
default_shortboard,2,0,6,3,20459.9994601315,1023.0,19.9999994722694,3.802118677168,4.16537714004517
default_shortboard,2,0,6,4,20459.9985996346,1023.0,19.9999986311188,3.95986262178564,4.16537714004517
default_shortboard,2,0,6,5,20460.0003801594,1023.0,20.0000003716124,3.87692270331978,4.16537714004517
default_shortboard,2,0,6,6,20459.9999835846,1023.0,19.9999999839536,3.45256155831524,4.16537714004517
default_shortboard,2,0,6,7,20459.9992488591,1023.0,19.9999992657469,2.45034064003364,4.16537714004517
default_shortboard,2,0,6,8,20459.9994744004,1023.0,19.9999994862174,1.99959194053575,4.16537714004517
default_shortboard,2,0,6,9,20459.9994636265,1023.0,19.9999994756857,1.53723718542905,4.16537714004517
default_shortboard,2,0,7,0,20459.9995802995,1023.0,19.9999995897356,1.3965425261228,3.70282697677612
default_shortboard,2,0,7,1,20460.0007244799,1023.0,20.0000007081915,2.08638967070303,3.70282697677612
default_shortboard,2,0,7,2,20460.000486411,1023.0,20.0000004754751,2.87770376719525,3.70282697677612
default_shortboard,2,0,7,3,20459.9993800542,1023.0,19.9999993939924,3.26110307969602,3.70282697677612
default_shortboard,2,0,7,4,20459.9995856575,1023.0,19.9999995949731,3.33203678203522,3.70282697677612
default_shortboard,2,0,7,5,20459.9999774213,1023.0,19.999999977929,3.30774490251184,3.70282697677612
default_shortboard,2,0,7,6,20460.0000240985,1023.0,20.0000000235567,2.9248938957505,3.70282697677612
default_shortboard,2,0,7,7,20460.0004805225,1023.0,20.0000004697189,2.10950676444864,3.70282697677612
default_shortboard,2,0,7,8,20459.9998314194,1023.0,19.9999998352096,1.64613312275624,3.70282697677612
default_shortboard,2,0,7,9,20459.9978866213,1023.0,19.9999979341361,1.37187054011477,3.70282697677612
default_shortboard,2,0,8,0,20460.0014628863,1023.0,20.0000014299964,1.44141361479828,3.13159441947937
default_shortboard,2,0,8,1,20459.9992370123,1023.0,19.9999992541665,1.6725880173031,3.13159441947937
default_shortboard,2,0,8,2,20459.9994151224,1023.0,19.9999994282722,2.38182154331522,3.13159441947937
default_shortboard,2,0,8,3,20460.0013352288,1023.0,20.000001305209,2.78860949335449,3.13159441947937
default_shortboard,2,0,8,4,20460.0007863512,1023.0,20.0000007686717,2.88975088958339,3.13159441947937
default_shortboard,2,0,8,5,20460.0006107717,1023.0,20.0000005970398,2.85663171260283,3.13159441947937
default_shortboard,2,0,8,6,20459.9997685757,1023.0,19.9999997737788,2.53060726342412,3.13159441947937
default_shortboard,2,0,8,7,20459.9999870628,1023.0,19.9999999873537,1.920970211657,3.13159441947937
default_shortboard,2,0,8,8,20459.998923839,1023.0,19.9999989480342,1.51272897144468,3.13159441947937
default_shortboard,2,0,8,9,20459.9993125666,1023.0,19.9999993280221,1.57730872422253,3.13159441947937
default_shortboard,2,0,9,0,20460.0005639922,1023.0,20.0000005513121,0.767042188856413,2.29177713394165
default_shortboard,2,0,9,1,20459.9999320912,1023.0,19.999999933618,1.50677800270009,2.29177713394165
default_shortboard,2,0,9,2,20459.9987956869,1023.0,19.9999988227634,2.01400947323625,2.29177713394165
default_shortboard,2,0,9,3,20459.9991219508,1023.0,19.9999991416919,2.26814044554277,2.29177713394165
default_shortboard,2,0,9,4,20460.0001848091,1023.0,20.0000001806541,2.53397943477014,2.29177713394165
default_shortboard,2,0,9,5,20460.0011225142,1023.0,20.0000010972768,2.51182107332717,2.29177713394165
default_shortboard,2,0,9,6,20460.0003639345,1023.0,20.0000003557522,2.24211481405173,2.29177713394165
default_shortboard,2,0,9,7,20459.9995307781,1023.0,19.9999995413275,1.62398226830573,2.29177713394165
default_shortboard,2,0,9,8,20459.9993594087,1023.0,19.999999373811,1.41916296141764,2.29177713394165
default_shortboard,2,0,9,9,20460.0004592424,1023.0,20.0000004489173,1.79214408593704,2.29177713394165
default_shortboard,2,0,10,0,20460.0004132994,1023.0,20.0000004040073,-0.47150365639764,1.05323123931885
default_shortboard,2,0,10,1,20460.0004761818,1023.0,20.0000004654758,1.20138938106688,1.05323123931885
default_shortboard,2,0,10,2,20459.9995840875,1023.0,19.9999995934384,1.79036395402081,1.05323123931885
default_shortboard,2,0,10,3,20459.9985609912,1023.0,19.9999985933443,1.81753505432546,1.05323123931885
default_shortboard,2,0,10,4,20460.0005199042,1023.0,20.0000005082153,2.20227730463071,1.05323123931885
default_shortboard,2,0,10,5,20460.001077541,1023.0,20.0000010533147,2.26353456133668,1.05323123931885
default_shortboard,2,0,10,6,20460.0004817195,1023.0,20.0000004708891,2.14669338070484,1.05323123931885
default_shortboard,2,0,10,7,20459.9985344526,1023.0,19.9999985674024,1.81279922181308,1.05323123931885
default_shortboard,2,0,10,8,20459.9993722047,1023.0,19.9999993863193,1.45760410907017,1.05323123931885
default_shortboard,2,0,10,9,20459.9992262643,1023.0,19.9999992436601,0.553598283115515,1.05323123931885
default_shortboard,2,0,11,0,20460.0010776147,1023.0,20.0000010533868,-0.912953284960689,0.611781656742096
default_shortboard,2,0,11,1,20460.0002685956,1023.0,20.0000002625568,0.759939692150963,0.611781656742096
default_shortboard,2,0,11,2,20459.9994753507,1023.0,19.9999994871464,1.81530755733272,0.611781656742096
default_shortboard,2,0,11,3,20460.0009424145,1023.0,20.0000009212263,1.91020928847091,0.611781656742096
default_shortboard,2,0,11,4,20459.9997283494,1023.0,19.9999997344569,2.13799795810703,0.611781656742096
default_shortboard,2,0,11,5,20460.0004541893,1023.0,20.0000004439778,2.04189400964498,0.611781656742096
default_shortboard,2,0,11,6,20460.0000020622,1023.0,20.0000000020159,2.00866371346114,0.611781656742096
default_shortboard,2,0,11,7,20460.0005927449,1023.0,20.0000005794182,2.24781006779364,0.611781656742096
default_shortboard,2,0,11,8,20459.9994182624,1023.0,19.9999994313415,1.01615454733756,0.611781656742096
default_shortboard,2,0,11,9,20459.9992249397,1023.0,19.9999992423653,0.358206513268061,0.611781656742096
default_shortboard,2,1,0,0,,,,,37.3870735168457
default_shortboard,2,1,0,1,,,,,37.3870735168457
default_shortboard,2,1,0,2,,,,,37.3870735168457
default_shortboard,2,1,0,3,,,,,37.3870735168457
default_shortboard,2,1,0,4,20460.0004592718,1023.0,20.0000004489461,73.7061212740714,37.3870735168457
default_shortboard,2,1,0,5,20459.9997187471,1023.0,19.9999997250705,43.0069448853592,37.3870735168457
default_shortboard,2,1,0,6,20460.0001576501,1023.0,20.0000001541057,40.931240616415,37.3870735168457
default_shortboard,2,1,0,7,20459.9996857167,1023.0,19.9999996927827,40.1484960054153,37.3870735168457
default_shortboard,2,1,0,8,20460.00063312,1023.0,20.0000006188857,40.0124912924157,37.3870735168457
default_shortboard,2,1,0,9,20459.9995055257,1023.0,19.999999516643,40.185497064158,37.3870735168457
default_shortboard,2,1,1,0,20459.9986937414,1023.0,19.9999987231099,20.6694831237726,18.2309627532959
default_shortboard,2,1,1,1,20460.0011592843,1023.0,20.0000011332203,22.211529488109,18.2309627532959
default_shortboard,2,1,1,2,20459.9995245476,1023.0,19.9999995352371,23.8658447600082,18.2309627532959
default_shortboard,2,1,1,3,20459.9996082747,1023.0,19.9999996170818,22.0434089311537,18.2309627532959
default_shortboard,2,1,1,4,20460.000177942,1023.0,20.0000001739414,21.8286046082135,18.2309627532959
default_shortboard,2,1,1,5,20460.0000027236,1023.0,20.0000000026624,21.2309442556489,18.2309627532959
default_shortboard,2,1,1,6,20459.9990993392,1023.0,19.9999991195887,20.8664887757333,18.2309627532959
default_shortboard,2,1,1,7,20460.0010806439,1023.0,20.0000010563479,20.5389543676352,18.2309627532959
default_shortboard,2,1,1,8,20460.0001216656,1023.0,20.0000001189302,20.2020629567063,18.2309627532959
default_shortboard,2,1,1,9,20460.0011408267,1023.0,20.0000011151776,22.1586641640564,18.2309627532959
default_shortboard,2,1,2,0,20460.0015006484,1023.0,20.0000014669095,15.3491513465926,12.5789756774902
default_shortboard,2,1,2,1,20460.0002142095,1023.0,20.0000002093934,15.6961289643693,12.5789756774902
default_shortboard,2,1,2,2,20460.0009672845,1023.0,20.0000009455372,16.1405335705896,12.5789756774902
default_shortboard,2,1,2,3,20459.9979159542,1023.0,19.9999979628096,15.4728372313876,12.5789756774902
default_shortboard,2,1,2,4,20459.9996244592,1023.0,19.9999996329024,15.3362265606108,12.5789756774902
default_shortboard,2,1,2,5,20460.0016084641,1023.0,20.0000015723012,15.0447878871206,12.5789756774902
default_shortboard,2,1,2,6,20460.0004979624,1023.0,20.0000004867668,14.5953899288347,12.5789756774902
default_shortboard,2,1,2,7,20459.9994462048,1023.0,19.9999994586558,14.0704771219681,12.5789756774902
default_shortboard,2,1,2,8,20460.0012758617,1023.0,20.0000012471766,13.6841896927675,12.5789756774902
default_shortboard,2,1,2,9,20460.0003464494,1023.0,20.0000003386602,19.7563065413971,12.5789756774902
default_shortboard,2,1,3,0,20460.0002379289,1023.0,20.0000002325796,8.9198859396768,6.39452409744263
default_shortboard,2,1,3,1,20460.0009867122,1023.0,20.000000964528,8.16305496206313,6.39452409744263
default_shortboard,2,1,3,2,20460.0006611831,1023.0,20.0000006463178,8.28363824073461,6.39452409744263
default_shortboard,2,1,3,3,20459.999657836,1023.0,19.9999996655288,8.0407409992082,6.39452409744263
default_shortboard,2,1,3,4,20460.0003856511,1023.0,20.0000003769806,7.76253581938622,6.39452409744263
default_shortboard,2,1,3,5,20459.9999899853,1023.0,19.9999999902104,7.60838079651416,6.39452409744263
default_shortboard,2,1,3,6,20459.9999852028,1023.0,19.9999999855355,6.89082251201107,6.39452409744263
default_shortboard,2,1,3,7,20460.0004920434,1023.0,20.0000004809809,6.20263857044516,6.39452409744263
default_shortboard,2,1,3,8,20460.000636584,1023.0,20.0000006222717,5.39212707660917,6.39452409744263
default_shortboard,2,1,3,9,20459.9996146498,1023.0,19.9999996233136,5.27514002670307,6.39452409744263
default_shortboard,2,1,4,0,20459.9999805465,1023.0,19.9999999809839,5.25697106152773,5.0129919052124
default_shortboard,2,1,4,1,20459.9990235054,1023.0,19.9999990454599,5.61639980146649,5.0129919052124
default_shortboard,2,1,4,2,20459.9996292587,1023.0,19.999999637594,5.97268445223117,5.0129919052124
default_shortboard,2,1,4,3,20459.9999972174,1023.0,19.9999999972799,5.84782071928229,5.0129919052124
default_shortboard,2,1,4,4,20459.9998835171,1023.0,19.999999886136,5.5012293149091,5.0129919052124
default_shortboard,2,1,4,5,20459.9995517619,1023.0,19.9999995618396,5.33627974786066,5.0129919052124
default_shortboard,2,1,4,6,20460.0013777807,1023.0,20.0000013468042,4.47128937689624,5.0129919052124
default_shortboard,2,1,4,7,20459.9986994429,1023.0,19.9999987286832,3.51299722480996,5.0129919052124
default_shortboard,2,1,4,8,20460.0003471489,1023.0,20.000000339344,2.95447691586991,5.0129919052124
default_shortboard,2,1,4,9,20459.9997585092,1023.0,19.9999997639386,2.48056521897802,5.0129919052124
default_shortboard,2,1,5,0,20459.9991557787,1023.0,19.9999991747592,4.11196522716874,4.53695249557495
default_shortboard,2,1,5,1,20460.0005701806,1023.0,20.0000005573613,4.55594625302142,4.53695249557495
default_shortboard,2,1,5,2,20459.9997469477,1023.0,19.9999997526371,5.03089930946569,4.53695249557495
default_shortboard,2,1,5,3,20460.000445328,1023.0,20.0000004353158,4.85736940418433,4.53695249557495
default_shortboard,2,1,5,4,20460.0014599445,1023.0,20.0000014271208,4.62388397950326,4.53695249557495
default_shortboard,2,1,5,5,20460.0005983821,1023.0,20.0000005849288,4.39515466489465,4.53695249557495
default_shortboard,2,1,5,6,20460.0007073516,1023.0,20.0000006914483,3.66524863059079,4.53695249557495
default_shortboard,2,1,5,7,20459.9991184859,1023.0,19.9999991383049,2.82585537525471,4.53695249557495
default_shortboard,2,1,5,8,20459.9998875748,1023.0,19.9999998901025,2.28084513775177,4.53695249557495
default_shortboard,2,1,5,9,20459.9996646865,1023.0,19.9999996722253,2.08573260929813,4.53695249557495
default_shortboard,2,1,6,0,20460.0002846099,1023.0,20.000000278211,2.58763919231327,4.04820442199707
default_shortboard,2,1,6,1,20459.9992120203,1023.0,19.9999992297364,3.1042220891048,4.04820442199707
default_shortboard,2,1,6,2,20460.0000141633,1023.0,20.0000000138449,3.93450534124601,4.04820442199707
default_shortboard,2,1,6,3,20459.9992429868,1023.0,19.9999992600067,3.86656585494398,4.04820442199707
default_shortboard,2,1,6,4,20459.9992736909,1023.0,19.9999992900204,3.79211925935065,4.04820442199707
default_shortboard,2,1,6,5,20459.9998103451,1023.0,19.9999998146091,3.70905223704751,4.04820442199707
default_shortboard,2,1,6,6,20459.9999748809,1023.0,19.9999999754456,3.07644320042943,4.04820442199707
default_shortboard,2,1,6,7,20460.0008934385,1023.0,20.0000008733515,2.47128041229077,4.04820442199707
default_shortboard,2,1,6,8,20459.9999854414,1023.0,19.9999999857687,2.11716028816461,4.04820442199707
default_shortboard,2,1,6,9,20460.0006607546,1023.0,20.0000006458989,2.19839864619592,4.04820442199707
default_shortboard,2,1,7,0,20460.0003113284,1023.0,20.0000003043288,1.66407200736064,3.55575680732727
default_shortboard,2,1,7,1,20460.0013095123,1023.0,20.0000012800707,2.41024430794354,3.55575680732727
default_shortboard,2,1,7,2,20459.9992001307,1023.0,19.9999992181141,3.1162356808844,3.55575680732727
default_shortboard,2,1,7,3,20460.0001803279,1023.0,20.0000001762736,3.22409458472926,3.55575680732727
default_shortboard,2,1,7,4,20460.0016426326,1023.0,20.0000016057015,3.22681234188492,3.55575680732727
default_shortboard,2,1,7,5,20460.0004596897,1023.0,20.0000004493545,3.16294370248772,3.55575680732727
default_shortboard,2,1,7,6,20459.9990029965,1023.0,19.999999025412,2.81749562825784,3.55575680732727
default_shortboard,2,1,7,7,20460.0006851624,1023.0,20.000000669758,2.23186260768324,3.55575680732727
default_shortboard,2,1,7,8,20459.9993929408,1023.0,19.9999994065892,2.15319871355116,3.55575680732727
default_shortboard,2,1,7,9,20460.0004412122,1023.0,20.0000004312925,3.09472593097366,3.55575680732727
default_shortboard,2,1,8,0,20459.9989849403,1023.0,19.9999990077618,1.05091106371495,3.05088496208191
default_shortboard,2,1,8,1,20460.0005079527,1023.0,20.0000004965324,1.79192010094372,3.05088496208191
default_shortboard,2,1,8,2,20459.9986260485,1023.0,19.9999986569389,2.42938469761846,3.05088496208191
default_shortboard,2,1,8,3,20460.00091658,1023.0,20.0000008959727,2.61519912068152,3.05088496208191
default_shortboard,2,1,8,4,20459.9996066634,1023.0,19.9999996155067,2.68890838271441,3.05088496208191
default_shortboard,2,1,8,5,20459.9993527446,1023.0,19.9999993672968,2.75973072415279,3.05088496208191
default_shortboard,2,1,8,6,20460.0003051711,1023.0,20.00000029831,2.61763738899328,3.05088496208191
default_shortboard,2,1,8,7,20460.0003149559,1023.0,20.0000003078748,2.44319436863724,3.05088496208191
default_shortboard,2,1,8,8,20460.0005305691,1023.0,20.0000005186404,2.64712521757009,3.05088496208191
default_shortboard,2,1,8,9,20460.0002100719,1023.0,20.0000002053489,2.79730976569609,3.05088496208191
default_shortboard,2,1,9,0,20460.0000538072,1023.0,20.0000000525975,0.313921264706953,2.31809878349304
default_shortboard,2,1,9,1,20459.9998554851,1023.0,19.9999998587342,0.978396870536021,2.31809878349304
default_shortboard,2,1,9,2,20460.0012039601,1023.0,20.0000011768916,1.66035873995479,2.31809878349304
default_shortboard,2,1,9,3,20459.9990191455,1023.0,19.999999041198,1.88699249218033,2.31809878349304
default_shortboard,2,1,9,4,20459.9999310733,1023.0,19.999999932623,2.07233804422597,2.31809878349304
default_shortboard,2,1,9,5,20459.9996633873,1023.0,19.9999996709553,2.47153596556698,2.31809878349304
default_shortboard,2,1,9,6,20459.9995496832,1023.0,19.9999995598076,2.56916302497895,2.31809878349304
default_shortboard,2,1,9,7,20460.0009199462,1023.0,20.0000008992631,3.14191011965031,2.31809878349304
default_shortboard,2,1,9,8,20460.0009451411,1023.0,20.0000009238915,2.67704513299975,2.31809878349304
default_shortboard,2,1,9,9,20460.0007862989,1023.0,20.0000007686206,1.81846555082917,2.31809878349304
default_shortboard,2,1,10,0,20459.9997356537,1023.0,19.999999741597,0.0851137589837501,2.32809042930603
default_shortboard,2,1,10,1,20459.9997182804,1023.0,19.9999997246143,0.912517271728907,2.32809042930603
default_shortboard,2,1,10,2,20459.9995862808,1023.0,19.9999995955825,1.57927310188055,2.32809042930603
default_shortboard,2,1,10,3,20459.9993999253,1023.0,19.9999994134168,1.89625944651441,2.32809042930603
default_shortboard,2,1,10,4,20460.0000882232,1023.0,20.0000000862397,2.10256431474892,2.32809042930603
default_shortboard,2,1,10,5,20460.0003131811,1023.0,20.0000003061399,2.38752242900386,2.32809042930603
default_shortboard,2,1,10,6,20460.0002939661,1023.0,20.0000002873569,2.6500256447525,2.32809042930603
default_shortboard,2,1,10,7,20459.9983554759,1023.0,19.9999983924495,2.91415468564609,2.32809042930603
default_shortboard,2,1,10,8,20459.9997517412,1023.0,19.9999997573228,2.73246314579355,2.32809042930603
default_shortboard,2,1,10,9,20460.0011159847,1023.0,20.0000010908941,1.82845734115879,2.32809042930603
default_shortboard,2,2,0,0,20460.0002518449,1023.0,20.0000002461827,34.4390821779061,29.1220073699951
default_shortboard,2,2,0,1,20460.0008266586,1023.0,20.0000008080729,33.0621248477544,29.1220073699951
default_shortboard,2,2,0,2,20459.9983735083,1023.0,19.9999984100765,31.796256681397,29.1220073699951
default_shortboard,2,2,0,3,20459.9999909745,1023.0,19.9999999911774,31.6334542678495,29.1220073699951
default_shortboard,2,2,0,4,20459.999313481,1023.0,19.9999993289159,31.2895392895575,29.1220073699951
default_shortboard,2,2,0,5,20459.9996334422,1023.0,19.9999996416835,30.7572782895549,29.1220073699951
default_shortboard,2,2,0,6,20460.0009927027,1023.0,20.0000009703838,30.8299633151235,29.1220073699951
default_shortboard,2,2,0,7,20459.9990499491,1023.0,19.999999071309,31.1918623822215,29.1220073699951
default_shortboard,2,2,0,8,20460.0012481716,1023.0,20.0000012201091,41.8897700899841,29.1220073699951
default_shortboard,2,2,0,9,,,,,29.1220073699951
default_shortboard,2,2,1,0,20460.0006530498,1023.0,20.0000006383673,13.9677270593056,9.03910732269287
default_shortboard,2,2,1,1,20459.9999084447,1023.0,19.9999999105031,12.6498562628015,9.03910732269287
default_shortboard,2,2,1,2,20459.999755924,1023.0,19.9999997614115,11.3175679960997,9.03910732269287
default_shortboard,2,2,1,3,20460.0013610177,1023.0,20.0000013304181,11.0303180007691,9.03910732269287
default_shortboard,2,2,1,4,20459.9993589509,1023.0,19.9999993733635,10.5815321520686,9.03910732269287
default_shortboard,2,2,1,5,20460.0010497491,1023.0,20.0000010261477,9.84177473007694,9.03910732269287
default_shortboard,2,2,1,6,20459.998656964,1023.0,19.9999986871594,8.9911761041139,9.03910732269287
default_shortboard,2,2,1,7,20460.0001777234,1023.0,20.0000001737277,8.2240088411651,9.03910732269287
default_shortboard,2,2,1,8,20459.9999311345,1023.0,19.9999999326828,7.62857496215501,9.03910732269287
default_shortboard,2,2,1,9,20460.0008703582,1023.0,20.0000008507901,7.86565815212751,9.03910732269287
default_shortboard,2,2,2,0,20459.9995461019,1023.0,19.9999995563068,9.42830378367375,6.49628019332886
default_shortboard,2,2,2,1,20460.0004894003,1023.0,20.0000004783971,8.94752474129927,6.49628019332886
default_shortboard,2,2,2,2,20460.0016452445,1023.0,20.0000016082547,8.14412311136273,6.49628019332886
default_shortboard,2,2,2,3,20459.9995456231,1023.0,19.9999995558388,7.66690338092626,6.49628019332886
default_shortboard,2,2,2,4,20460.0012379012,1023.0,20.0000012100696,7.24425234169111,6.49628019332886
default_shortboard,2,2,2,5,20459.9992008447,1023.0,19.999999218812,6.1907645856446,6.49628019332886
default_shortboard,2,2,2,6,20459.999447506,1023.0,19.9999994599277,5.40659844544684,6.49628019332886
default_shortboard,2,2,2,7,20459.9988701727,1023.0,19.9999988955745,4.65563756681959,6.49628019332886
default_shortboard,2,2,2,8,20460.0004527142,1023.0,20.0000004425359,4.02499644680245,6.49628019332886
default_shortboard,2,2,2,9,20459.9992735955,1023.0,19.9999992899272,4.08869303806673,6.49628019332886
default_shortboard,2,2,3,0,20460.0005209034,1023.0,20.000000509192,8.34483461998918,5.58017539978027
default_shortboard,2,2,3,1,20459.9994581327,1023.0,19.9999994703155,7.82503326558547,5.58017539978027
default_shortboard,2,2,3,2,20459.9988290894,1023.0,19.9999988554149,6.83498308139955,5.58017539978027
default_shortboard,2,2,3,3,20460.0000564056,1023.0,20.0000000551375,6.23754063893515,5.58017539978027
default_shortboard,2,2,3,4,20459.9986870164,1023.0,19.9999987165361,5.8819778739483,5.58017539978027
default_shortboard,2,2,3,5,20460.0008144325,1023.0,20.0000007961217,4.87887342247942,5.58017539978027
default_shortboard,2,2,3,6,20459.9991498141,1023.0,19.9999991689288,4.22342124556464,5.58017539978027
default_shortboard,2,2,3,7,20459.9996992073,1023.0,19.99999970597,3.64074600810579,5.58017539978027
default_shortboard,2,2,3,8,20460.000263033,1023.0,20.0000002571193,3.31321495191574,5.58017539978027
default_shortboard,2,2,3,9,20459.9986967328,1023.0,19.999998726034,3.80049527599709,5.58017539978027
default_shortboard,2,2,4,0,20460.0003430854,1023.0,20.0000003353718,6.66577397185375,4.46009111404419
default_shortboard,2,2,4,1,20460.0000147183,1023.0,20.0000000143874,6.19638594824165,4.46009111404419
default_shortboard,2,2,4,2,20460.0001262373,1023.0,20.0000001233991,5.5126993490984,4.46009111404419
default_shortboard,2,2,4,3,20459.9999907405,1023.0,19.9999999909487,4.7754875203233,4.46009111404419
default_shortboard,2,2,4,4,20460.000040565,1023.0,20.000000039653,4.44974474012564,4.46009111404419
default_shortboard,2,2,4,5,20460.0015414356,1023.0,20.0000015067797,3.74126774552385,4.46009111404419
default_shortboard,2,2,4,6,20459.9998907954,1023.0,19.9999998932507,3.2223478576477,4.46009111404419
default_shortboard,2,2,4,7,20459.9997386606,1023.0,19.9999997445362,2.79583489247733,4.46009111404419
default_shortboard,2,2,4,8,20460.0009370672,1023.0,20.0000009159992,2.73558034637715,4.46009111404419
default_shortboard,2,2,4,9,20459.999507673,1023.0,19.9999995187419,4.29069928501373,4.46009111404419
default_shortboard,2,2,5,0,20459.999754995,1023.0,19.9999997605035,5.37766423213376,3.76723742485046
default_shortboard,2,2,5,1,20459.999074972,1023.0,19.9999990957693,4.979168914207,3.76723742485046
default_shortboard,2,2,5,2,20459.9998402769,1023.0,19.999999843868,4.367519985062,3.76723742485046
default_shortboard,2,2,5,3,20460.0009836341,1023.0,20.0000009615191,3.76174252542841,3.76723742485046
default_shortboard,2,2,5,4,20460.0007689055,1023.0,20.0000007516183,3.52968416264291,3.76723742485046
default_shortboard,2,2,5,5,20460.0008529613,1023.0,20.0000008337842,3.16773384187372,3.76723742485046
default_shortboard,2,2,5,6,20460.0018544705,1023.0,20.0000018127766,2.75606234669093,3.76723742485046
default_shortboard,2,2,5,7,20460.001322818,1023.0,20.0000012930773,2.72601286263576,3.76723742485046
default_shortboard,2,2,5,8,20460.0001240688,1023.0,20.0000001212794,3.2359095625815,3.76723742485046
default_shortboard,2,2,5,9,20459.9992150523,1023.0,19.9999992327002,3.49618075636322,3.76723742485046
default_shortboard,2,2,6,0,20460.0004707176,1023.0,20.0000004601345,4.63260685315361,3.1201388835907
default_shortboard,2,2,6,1,20459.9999087211,1023.0,19.9999999107733,4.13054084983276,3.1201388835907
default_shortboard,2,2,6,2,20459.9995195398,1023.0,19.9999995303419,3.44700341481862,3.1201388835907
default_shortboard,2,2,6,3,20459.9993465522,1023.0,19.9999993612436,2.9675830034969,3.1201388835907
default_shortboard,2,2,6,4,20460.0005278577,1023.0,20.0000005159899,2.75287185652645,3.1201388835907
default_shortboard,2,2,6,5,20460.0016636873,1023.0,20.0000016262828,2.60209101361198,3.1201388835907
default_shortboard,2,2,6,6,20459.9998598729,1023.0,19.9999998630234,2.5437324633615,3.1201388835907
default_shortboard,2,2,6,7,20459.9993274423,1023.0,19.9999993425634,3.07281148020115,3.1201388835907
default_shortboard,2,2,6,8,20459.9992854523,1023.0,19.9999993015174,3.92292441431545,3.1201388835907
default_shortboard,2,2,6,9,20459.9996143695,1023.0,19.9999996230396,2.84908223926566,3.1201388835907
default_shortboard,2,2,7,0,20459.9993444225,1023.0,19.9999993591618,5.63733326621511,2.90451216697693
default_shortboard,2,2,7,1,20459.9997833638,1023.0,19.9999997882344,4.14594160204237,2.90451216697693
default_shortboard,2,2,7,2,20459.999354034,1023.0,19.9999993685572,3.05869394831905,2.90451216697693
default_shortboard,2,2,7,3,20459.9999349416,1023.0,19.9999999364043,2.57601292374418,2.90451216697693
default_shortboard,2,2,7,4,20459.9996139459,1023.0,19.9999996226255,2.54899677736706,2.90451216697693
default_shortboard,2,2,7,5,20460.0000324718,1023.0,20.0000000317418,2.85453475832347,2.90451216697693
default_shortboard,2,2,7,6,20460.0001401815,1023.0,20.0000001370299,3.86962745154725,2.90451216697693
default_shortboard,2,2,7,7,20459.9998040505,1023.0,19.999999808456,3.57266088989694,2.90451216697693
default_shortboard,2,2,7,8,20459.9995827096,1023.0,19.9999995920915,3.05581402538061,2.90451216697693
default_shortboard,2,2,7,9,20459.9991716002,1023.0,19.999999190225,2.63747441260926,2.90451216697693
default_shortboard,2,3,0,0,20459.9998300961,1023.0,19.999999833916,47.8407637974505,45.0
default_shortboard,2,3,0,1,20460.0010856157,1023.0,20.0000010612079,47.4872198371057,45.0
default_shortboard,2,3,0,2,20459.9991544819,1023.0,19.9999991734916,47.1948367514751,45.0
default_shortboard,2,3,0,3,20459.9996937637,1023.0,19.9999997006487,46.9362289002282,45.0
default_shortboard,2,3,0,4,20460.0007702158,1023.0,20.0000007528991,46.8738979421138,45.0
default_shortboard,2,3,0,5,20459.9999412379,1023.0,19.999999942559,46.7158098884569,45.0
default_shortboard,2,3,0,6,20460.0009423981,1023.0,20.0000009212102,46.7932777321115,45.0
default_shortboard,2,3,0,7,20459.9998733466,1023.0,19.9999998761942,43.8406827574297,45.0
default_shortboard,2,3,0,8,20460.000637986,1023.0,20.0000006236422,46.2500164052502,45.0
default_shortboard,2,3,0,9,20460.0001029688,1023.0,20.0000001006537,49.7783586279551,45.0
default_shortboard,2,3,1,0,20460.0017754106,1023.0,20.0000017354942,14.7963117408963,11.5090293884277
default_shortboard,2,3,1,1,20459.9994133787,1023.0,19.9999994265676,13.655316509853,11.5090293884277
default_shortboard,2,3,1,2,20460.0003174538,1023.0,20.0000003103165,12.6236461545311,11.5090293884277
default_shortboard,2,3,1,3,20460.0010197438,1023.0,20.000000996817,12.1023552667517,11.5090293884277
default_shortboard,2,3,1,4,20460.0000844969,1023.0,20.0000000825971,11.052682929666,11.5090293884277
default_shortboard,2,3,1,5,20459.999393887,1023.0,19.9999994075142,10.5614923972772,11.5090293884277
default_shortboard,2,3,1,6,20459.9996289248,1023.0,19.9999996372677,10.0089048982543,11.5090293884277
default_shortboard,2,3,1,7,20459.9992814804,1023.0,19.9999992976348,9.42289421511256,11.5090293884277
default_shortboard,2,3,1,8,20460.000316233,1023.0,20.0000003091231,9.0778532843489,11.5090293884277
default_shortboard,2,3,1,9,20459.9990420053,1023.0,19.9999990635438,10.0671024128616,11.5090293884277
default_shortboard,2,3,2,0,20459.9991976162,1023.0,19.9999992156561,12.1220164492782,8.55498600006104
default_shortboard,2,3,2,1,20459.999527096,1023.0,19.9999995377283,10.686379663848,8.55498600006104
default_shortboard,2,3,2,2,20460.0007486713,1023.0,20.000000731839,9.94866213139925,8.55498600006104
default_shortboard,2,3,2,3,20460.0003872999,1023.0,20.0000003785923,8.555059338371,8.55498600006104
default_shortboard,2,3,2,4,20460.0001991862,1023.0,20.0000001947079,7.92913580760279,8.55498600006104
default_shortboard,2,3,2,5,20460.0013098849,1023.0,20.0000012804349,7.10530594812304,8.55498600006104
default_shortboard,2,3,2,6,20459.9995487728,1023.0,19.9999995589177,6.63909362976326,8.55498600006104
default_shortboard,2,3,2,7,20460.0000501228,1023.0,20.0000000489959,6.18258773761828,8.55498600006104
default_shortboard,2,3,2,8,20460.0003161509,1023.0,20.0000003090429,5.99639709476832,8.55498600006104
default_shortboard,2,3,2,9,20459.998192087,1023.0,19.9999982327341,6.74248559396146,8.55498600006104
default_shortboard,2,3,3,0,20459.9996365851,1023.0,19.9999996447557,10.6723373706262,6.88848638534546
default_shortboard,2,3,3,1,20459.9991856759,1023.0,19.9999992039842,8.7238666535199,6.88848638534546
default_shortboard,2,3,3,2,20459.9994522264,1023.0,19.9999994645419,8.15451297922061,6.88848638534546
default_shortboard,2,3,3,3,20460.0000187367,1023.0,20.0000000183155,6.84934077934094,6.88848638534546
default_shortboard,2,3,3,4,20459.9998595343,1023.0,19.9999998626924,5.92620078306994,6.88848638534546
default_shortboard,2,3,3,5,20460.0001586032,1023.0,20.0000001550373,5.20095336696707,6.88848638534546
default_shortboard,2,3,3,6,20459.9996923457,1023.0,19.9999996992626,5.01676670959975,6.88848638534546
default_shortboard,2,3,3,7,20459.9997887685,1023.0,19.9999997935176,4.70468289958365,6.88848638534546
default_shortboard,2,3,3,8,20459.9996931895,1023.0,19.9999997000875,4.79916533510001,6.88848638534546
default_shortboard,2,3,3,9,20460.0003050638,1023.0,20.0000002982051,6.03858732681271,6.88848638534546
default_shortboard,2,3,4,0,20460.0003149271,1023.0,20.0000003078466,8.77457669786144,5.78945398330688
default_shortboard,2,3,4,1,20460.0002246594,1023.0,20.0000002196084,7.51466851491575,5.78945398330688
default_shortboard,2,3,4,2,20459.9992732413,1023.0,19.9999992895809,6.52926024605208,5.78945398330688
default_shortboard,2,3,4,3,20459.9997196788,1023.0,19.9999997259813,5.75805553260431,5.78945398330688
default_shortboard,2,3,4,4,20460.0005296728,1023.0,20.0000005177642,5.00400581029635,5.78945398330688
default_shortboard,2,3,4,5,20460.0002383179,1023.0,20.0000002329598,4.37197156828026,5.78945398330688
default_shortboard,2,3,4,6,20459.9990366389,1023.0,19.999999058298,4.12795589613865,5.78945398330688
default_shortboard,2,3,4,7,20460.0009516435,1023.0,20.0000009302478,4.19326731318461,5.78945398330688
default_shortboard,2,3,4,8,20460.0011689367,1023.0,20.0000011426556,4.88874142121896,5.78945398330688
default_shortboard,2,3,4,9,20459.9998793515,1023.0,19.9999998820641,5.603356771774,5.78945398330688
default_shortboard,2,3,5,0,20460.0005777078,1023.0,20.0000005647193,7.68275428448691,4.93659019470215
default_shortboard,2,3,5,1,20460.0002836448,1023.0,20.0000002772677,6.51501136121057,4.93659019470215
default_shortboard,2,3,5,2,20460.0001551015,1023.0,20.0000001516144,5.54833819446862,4.93659019470215
default_shortboard,2,3,5,3,20459.9992960042,1023.0,19.9999993118321,4.88069050502612,4.93659019470215
default_shortboard,2,3,5,4,20460.000564346,1023.0,20.0000005516579,3.99266057039215,4.93659019470215
default_shortboard,2,3,5,5,20459.998868697,1023.0,19.999998894132,3.59657360431125,4.93659019470215
default_shortboard,2,3,5,6,20459.99951809,1023.0,19.9999995289247,3.635733222784,4.93659019470215
default_shortboard,2,3,5,7,20460.0004488642,1023.0,20.0000004387724,4.23029427674919,4.93659019470215
default_shortboard,2,3,5,8,20459.9999082548,1023.0,19.9999999103175,5.46113952566768,4.93659019470215
default_shortboard,2,3,5,9,20460.0005684509,1023.0,20.0000005556705,4.74086191670442,4.93659019470215
default_shortboard,2,3,6,0,20460.0006083152,1023.0,20.0000005946385,6.99506924020801,4.55044555664063
default_shortboard,2,3,6,1,20459.9993555308,1023.0,19.9999993700203,5.21013257061292,4.55044555664063
default_shortboard,2,3,6,2,20459.9996394874,1023.0,19.9999996475927,4.37796375333327,4.55044555664063
default_shortboard,2,3,6,3,20459.9998955543,1023.0,19.9999998979025,3.7770963238344,4.55044555664063
default_shortboard,2,3,6,4,20459.9988733469,1023.0,19.9999988986773,3.62934479705367,4.55044555664063
default_shortboard,2,3,6,5,20460.0003344895,1023.0,20.0000003269692,4.23884935460114,4.55044555664063
default_shortboard,2,3,6,6,20459.9996763258,1023.0,19.9999996836029,5.17926221422422,4.55044555664063
default_shortboard,2,3,6,7,20459.9995276509,1023.0,19.9999995382706,4.83531352162605,4.55044555664063
default_shortboard,2,3,6,8,20459.9996903394,1023.0,19.9999996973015,5.03552804197247,4.55044555664063
default_shortboard,2,3,6,9,20459.9999521697,1023.0,19.9999999532451,4.4018761997113,4.55044555664063
default_shortboard,2,4,0,0,20459.9995652,1023.0,19.9999995749755,55.493666946682,45.0
default_shortboard,2,4,0,1,20460.0011337906,1023.0,20.0000011082997,52.6718603335262,45.0
default_shortboard,2,4,0,2,20459.9996909743,1023.0,19.9999996979221,43.5594404627422,45.0
default_shortboard,2,4,0,3,20460.0014602131,1023.0,20.0000014273833,45.8966582577375,45.0
default_shortboard,2,4,0,4,20460.0006030177,1023.0,20.0000005894601,45.3860884473852,45.0
default_shortboard,2,4,0,5,20459.9989280409,1023.0,19.9999989521417,45.0907260845154,45.0
default_shortboard,2,4,0,6,20459.9985574775,1023.0,19.9999985899096,45.066431098647,45.0
default_shortboard,2,4,0,7,20459.9990980365,1023.0,19.9999991183152,45.4236145834132,45.0
default_shortboard,2,4,0,8,20460.0006657661,1023.0,20.0000006507977,47.5704326721048,45.0
default_shortboard,2,4,0,9,20459.9998806263,1023.0,19.9999998833102,56.2754884912529,45.0
default_shortboard,2,4,1,0,,,,,45.0
default_shortboard,2,4,1,1,20460.0000535443,1023.0,20.0000000523405,48.1482971550016,45.0
default_shortboard,2,4,1,2,20460.0003565765,1023.0,20.0000003485597,46.9842250588026,45.0
default_shortboard,2,4,1,3,20459.9999927331,1023.0,19.9999999928965,46.1221661735272,45.0
default_shortboard,2,4,1,4,20459.9978775581,1023.0,19.9999979252767,45.6378238149786,45.0
default_shortboard,2,4,1,5,20459.9985445613,1023.0,19.9999985772838,45.6661306865136,45.0
default_shortboard,2,4,1,6,20459.9997254399,1023.0,19.9999997316128,45.9995679840585,45.0
default_shortboard,2,4,1,7,20460.0010739729,1023.0,20.0000010498269,46.8657010479196,45.0
default_shortboard,2,4,1,8,20460.000852662,1023.0,20.0000008334917,49.8793507905157,45.0
default_shortboard,2,4,1,9,20460.0010653489,1023.0,20.0000010413968,66.8150096614341,45.0
default_shortboard,2,4,2,0,20460.0003962997,1023.0,20.0000003873897,24.4350354786786,22.6166381835938
default_shortboard,2,4,2,1,20460.0015643315,1023.0,20.0000015291608,23.323516921515,22.6166381835938
default_shortboard,2,4,2,2,20459.9996372518,1023.0,19.9999996454074,22.3457218695578,22.6166381835938
default_shortboard,2,4,2,3,20460.0007714048,1023.0,20.0000007540614,21.8895494300711,22.6166381835938
default_shortboard,2,4,2,4,20459.9992685423,1023.0,19.9999992849876,21.3352275416214,22.6166381835938
default_shortboard,2,4,2,5,20459.9997645935,1023.0,19.9999997698861,20.8152775984883,22.6166381835938
default_shortboard,2,4,2,6,20460.0016505779,1023.0,20.0000016134682,20.3730533199613,22.6166381835938
default_shortboard,2,4,2,7,20459.9983154096,1023.0,19.9999983532841,20.0918800848102,22.6166381835938
default_shortboard,2,4,2,8,20460.0010554317,1023.0,20.0000010317026,20.1889605363675,22.6166381835938
default_shortboard,2,4,2,9,20459.9995576299,1023.0,19.9999995675756,21.9852292014063,22.6166381835938
default_shortboard,2,4,3,0,20459.9997045935,1023.0,19.9999997112351,16.0550167435042,14.2263803482056
default_shortboard,2,4,3,1,20460.0013923615,1023.0,20.0000013610571,14.776653599026,14.2263803482056
default_shortboard,2,4,3,2,20460.0004376716,1023.0,20.0000004278314,14.0579983015088,14.2263803482056
default_shortboard,2,4,3,3,20460.0000766653,1023.0,20.0000000749417,13.1624560518027,14.2263803482056
default_shortboard,2,4,3,4,20460.0007885126,1023.0,20.0000007707846,12.6432913664907,14.2263803482056
default_shortboard,2,4,3,5,20459.9995791076,1023.0,19.9999995885705,12.1318311884917,14.2263803482056
default_shortboard,2,4,3,6,20459.9998490801,1023.0,19.9999998524732,11.8034593305134,14.2263803482056
default_shortboard,2,4,3,7,20460.0003414533,1023.0,20.0000003337765,11.6727735215821,14.2263803482056
default_shortboard,2,4,3,8,20460.0007341239,1023.0,20.0000007176187,11.862923690996,14.2263803482056
default_shortboard,2,4,3,9,20460.0002046717,1023.0,20.0000002000701,13.2637329148466,14.2263803482056
default_shortboard,2,4,4,0,20459.9993110272,1023.0,19.9999993265173,13.313921765811,11.7775869369507
default_shortboard,2,4,4,1,20460.0012799294,1023.0,20.0000012511529,11.9961905437994,11.7775869369507
default_shortboard,2,4,4,2,20459.9997041323,1023.0,19.9999997107842,11.2940413085719,11.7775869369507
default_shortboard,2,4,4,3,20460.0002277272,1023.0,20.0000002226072,10.4075521332083,11.7775869369507
default_shortboard,2,4,4,4,20459.9998518788,1023.0,19.999999855209,9.9233070280992,11.7775869369507
default_shortboard,2,4,4,5,20460.0006419915,1023.0,20.0000006275577,9.58051991402165,11.7775869369507
default_shortboard,2,4,4,6,20460.0002881864,1023.0,20.0000002817071,9.45053816245475,11.7775869369507
default_shortboard,2,4,4,7,20460.0001372263,1023.0,20.000000134141,9.67459235948292,11.7775869369507
default_shortboard,2,4,4,8,20460.0000770883,1023.0,20.0000000753551,10.2528208137191,11.7775869369507
default_shortboard,2,4,4,9,20459.9997045922,1023.0,19.9999997112338,12.1077429040826,11.7775869369507
default_shortboard,2,4,5,0,20459.9986780992,1023.0,19.9999987078193,11.9005493055104,11.520411491394
default_shortboard,2,4,5,1,20459.9988417475,1023.0,19.9999988677884,10.9972211257973,11.520411491394
default_shortboard,2,4,5,2,20459.9991507792,1023.0,19.9999991698721,10.1031995881623,11.520411491394
default_shortboard,2,4,5,3,20459.9999215129,1023.0,19.9999999232776,9.74145355435981,11.520411491394
default_shortboard,2,4,5,4,20460.0001367188,1023.0,20.0000001336449,9.49537271721014,11.520411491394
default_shortboard,2,4,5,5,20459.9997353337,1023.0,19.9999997412842,9.50500376669878,11.520411491394
default_shortboard,2,4,5,6,20459.9996907111,1023.0,19.9999996976648,9.97593406632943,11.520411491394
default_shortboard,2,4,5,7,20459.9999798805,1023.0,19.9999999803329,10.7042367189731,11.520411491394
default_shortboard,2,4,5,8,20460.000452887,1023.0,20.0000004427048,11.2538679769557,11.520411491394
default_shortboard,2,4,5,9,20459.9991598339,1023.0,19.9999991787232,11.6877584765814,11.520411491394
default_shortboard,2,4,6,0,20459.9992391466,1023.0,19.9999992562527,10.9268911523628,10.6677808761597
default_shortboard,2,4,6,1,20460.0003271751,1023.0,20.0000003198192,10.0672042613339,10.6677808761597
default_shortboard,2,4,6,2,20459.9996889774,1023.0,19.9999996959701,9.17893841429717,10.6677808761597
default_shortboard,2,4,6,3,20460.0016038489,1023.0,20.0000015677898,8.83629178814036,10.6677808761597
default_shortboard,2,4,6,4,20459.9998589341,1023.0,19.9999998621057,8.67503236726094,10.6677808761597
default_shortboard,2,4,6,5,20460.0004758735,1023.0,20.0000004651744,8.92580116787928,10.6677808761597
default_shortboard,2,4,6,6,20460.0002845754,1023.0,20.0000002781773,9.46485469004432,10.6677808761597
default_shortboard,2,4,6,7,20460.0010389503,1023.0,20.0000010155917,11.1528628595161,10.6677808761597
default_shortboard,2,4,6,8,20459.9989875954,1023.0,19.9999990103572,10.4012371262285,10.6677808761597
default_shortboard,2,4,6,9,20460.0000166687,1023.0,20.0000000162939,10.8351274525146,10.6677808761597
default_shortboard,2,4,7,0,20460.0007045818,1023.0,20.0000006887408,14.0831927812694,14.0853042602539
default_shortboard,2,4,7,1,20460.0002501126,1023.0,20.0000002444894,12.7275827877189,14.0853042602539
default_shortboard,2,4,7,2,20460.0000996978,1023.0,20.0000000974563,12.4422361403706,14.0853042602539
default_shortboard,2,4,7,3,20459.9981894603,1023.0,19.9999982301665,12.101648468462,14.0853042602539
default_shortboard,2,4,7,4,20460.0007239545,1023.0,20.0000007076779,12.1576085577512,14.0853042602539
default_shortboard,2,4,7,5,20460.0002166137,1023.0,20.0000002117436,12.7354178771078,14.0853042602539
default_shortboard,2,4,7,6,20459.9982777647,1023.0,19.9999983164855,14.0070266953341,14.0853042602539
default_shortboard,2,4,7,7,20460.0010518461,1023.0,20.0000010281975,13.9724095142717,14.0853042602539
default_shortboard,2,4,7,8,20459.9991718927,1023.0,19.999999190511,13.8142465600074,14.0853042602539
default_shortboard,2,4,7,9,20459.9990794853,1023.0,19.9999991001811,14.3088797208317,14.0853042602539
default_shortboard,20,0,0,0,20460.0000536445,1023.0,20.0000000524384,23.0709612192387,19.4724006652832
default_shortboard,20,0,0,1,20460.0001076975,1023.0,20.0000001052761,23.014745551761,19.4724006652832
default_shortboard,20,0,0,2,20460.0000207338,1023.0,20.0000000202676,23.2838618914503,19.4724006652832
default_shortboard,20,0,0,3,20460.0003426229,1023.0,20.0000003349197,24.2938180677389,19.4724006652832
default_shortboard,20,0,0,4,20459.9990466097,1023.0,19.9999990680447,23.8408451604392,19.4724006652832
default_shortboard,20,0,0,5,20459.9984596003,1023.0,19.999998494233,21.4245099302527,19.4724006652832
default_shortboard,20,0,0,6,20459.9995024614,1023.0,19.9999995136475,21.9249387112512,19.4724006652832
default_shortboard,20,0,0,7,20459.9988592285,1023.0,19.9999988848764,21.5323949817662,19.4724006652832
default_shortboard,20,0,0,8,20460.0007937993,1023.0,20.0000007759524,21.1017982749074,19.4724006652832
default_shortboard,20,0,0,9,20460.0004664416,1023.0,20.0000004559546,21.0908776060552,19.4724006652832
default_shortboard,20,0,1,0,20460.0009054681,1023.0,20.0000008851106,17.6341844495882,14.2085542678833
default_shortboard,20,0,1,1,20459.9998722011,1023.0,19.9999998750744,17.5389269983903,14.2085542678833
default_shortboard,20,0,1,2,20460.0005225677,1023.0,20.0000005108189,17.7072048908531,14.2085542678833
default_shortboard,20,0,1,3,20460.0000597184,1023.0,20.0000000583757,18.0822429574521,14.2085542678833
default_shortboard,20,0,1,4,20459.9982135174,1023.0,19.9999982536827,17.1920317397376,14.2085542678833
default_shortboard,20,0,1,5,20460.0006169855,1023.0,20.0000006031139,16.019783326753,14.2085542678833
default_shortboard,20,0,1,6,20460.0011227491,1023.0,20.0000010975065,16.0671893337905,14.2085542678833
default_shortboard,20,0,1,7,20459.9999523713,1023.0,19.9999999534422,15.8799103776344,14.2085542678833
default_shortboard,20,0,1,8,20459.9989411271,1023.0,19.9999989649337,15.3042144243095,14.2085542678833
default_shortboard,20,0,1,9,20460.0001937481,1023.0,20.0000001893921,15.4271661179553,14.2085542678833
default_shortboard,20,0,2,0,20459.9996249253,1023.0,19.999999633358,13.2063210303801,10.2547369003296
default_shortboard,20,0,2,1,20460.0002657383,1023.0,20.0000002597637,13.079823069898,10.2547369003296
default_shortboard,20,0,2,2,20460.0006020282,1023.0,20.0000005884928,13.1384406086492,10.2547369003296
default_shortboard,20,0,2,3,20460.0003780448,1023.0,20.0000003695452,13.3057147348127,10.2547369003296
default_shortboard,20,0,2,4,20459.999732827,1023.0,19.9999997388339,12.746761980756,10.2547369003296
default_shortboard,20,0,2,5,20460.000051959,1023.0,20.0000000507908,11.6129325820922,10.2547369003296
default_shortboard,20,0,2,6,20459.9996071791,1023.0,19.9999996160109,11.6939586425209,10.2547369003296
default_shortboard,20,0,2,7,20460.001174648,1023.0,20.0000011482385,11.2042259235471,10.2547369003296
default_shortboard,20,0,2,8,20460.0002831025,1023.0,20.0000002767375,10.9265391880536,10.2547369003296
default_shortboard,20,0,2,9,20459.9998562405,1023.0,19.9999998594726,11.7130267408196,10.2547369003296
default_shortboard,20,0,3,0,20460.0002275588,1023.0,20.0000002224426,7.64875453684009,5.86848163604736
default_shortboard,20,0,3,1,20459.9998640983,1023.0,19.9999998671538,7.50637833855238,5.86848163604736
default_shortboard,20,0,3,2,20459.999664812,1023.0,19.999999672348,7.60314742314676,5.86848163604736
default_shortboard,20,0,3,3,20460.0002917048,1023.0,20.0000002851465,7.16924214334021,5.86848163604736
default_shortboard,20,0,3,4,20459.9998573998,1023.0,19.9999998606059,6.5477079674583,5.86848163604736
default_shortboard,20,0,3,5,20460.0005857957,1023.0,20.0000005726253,5.92424615657367,5.86848163604736
default_shortboard,20,0,3,6,20459.9999580794,1023.0,19.9999999590219,5.67680394079963,5.86848163604736
default_shortboard,20,0,3,7,20460.0005945313,1023.0,20.0000005811645,5.04453289031018,5.86848163604736
default_shortboard,20,0,3,8,20459.9999050808,1023.0,19.9999999072148,4.78937316768044,5.86848163604736
default_shortboard,20,0,3,9,20460.0011334123,1023.0,20.0000011079299,5.86282377581276,5.86848163604736
default_shortboard,20,0,4,0,20460.0013066385,1023.0,20.0000012772615,6.04189738081665,4.6907753944397
default_shortboard,20,0,4,1,20460.0014669723,1023.0,20.0000014339905,5.388626042666,4.6907753944397
default_shortboard,20,0,4,2,20459.9995649323,1023.0,19.9999995747139,5.19717329440067,4.6907753944397
default_shortboard,20,0,4,3,20459.9995713562,1023.0,19.9999995809934,5.0025474628924,4.6907753944397
default_shortboard,20,0,4,4,20460.001907758,1023.0,20.0000018648661,4.39918545728441,4.6907753944397
default_shortboard,20,0,4,5,20460.000260497,1023.0,20.0000002546402,3.85053387532666,4.6907753944397
default_shortboard,20,0,4,6,20459.9996524935,1023.0,19.9999996603065,3.43099892635716,4.6907753944397
default_shortboard,20,0,4,7,20459.9999503239,1023.0,19.9999999514408,2.96886302686777,4.6907753944397
default_shortboard,20,0,4,8,20460.0010519331,1023.0,20.0000010282826,2.53474521974698,4.6907753944397
default_shortboard,20,0,4,9,20460.0008442176,1023.0,20.0000008252372,3.18806034044774,4.6907753944397
default_shortboard,20,0,5,0,20459.9999623372,1023.0,19.999999963184,5.26760679768672,4.1527271270752
default_shortboard,20,0,5,1,20460.0002103343,1023.0,20.0000002056054,4.19862751066103,4.1527271270752
default_shortboard,20,0,5,2,20460.0002795586,1023.0,20.0000002732733,3.98361668784557,4.1527271270752
default_shortboard,20,0,5,3,20460.0012674926,1023.0,20.0000012389957,3.49962610684574,4.1527271270752
default_shortboard,20,0,5,4,20460.0004748573,1023.0,20.0000004641811,3.1792544744388,4.1527271270752
default_shortboard,20,0,5,5,20460.0001279367,1023.0,20.0000001250603,2.787862582227,4.1527271270752
default_shortboard,20,0,5,6,20459.9995572727,1023.0,19.9999995672265,2.53837605915651,4.1527271270752
default_shortboard,20,0,5,7,20460.0003823209,1023.0,20.0000003737252,2.23790859663058,4.1527271270752
default_shortboard,20,0,5,8,20460.0000428316,1023.0,20.0000000418686,0.923437970828811,4.1527271270752
default_shortboard,20,0,5,9,20459.9991744518,1023.0,19.9999991930125,2.59113540151169,4.1527271270752
default_shortboard,20,0,6,0,20459.9997787002,1023.0,19.9999997836757,4.79176778126566,3.67688798904419
default_shortboard,20,0,6,1,20460.0009408224,1023.0,20.00000091967,3.69396837212332,3.67688798904419
default_shortboard,20,0,6,2,20460.0000769377,1023.0,20.0000000752079,2.99777852740493,3.67688798904419
default_shortboard,20,0,6,3,20459.9996341583,1023.0,19.9999996423834,2.56663407322599,3.67688798904419
default_shortboard,20,0,6,4,20459.9996632006,1023.0,19.9999996707728,2.39850512436814,3.67688798904419
default_shortboard,20,0,6,5,20460.0002126681,1023.0,20.0000002078867,2.2709708897428,3.67688798904419
default_shortboard,20,0,6,6,20460.0007275954,1023.0,20.0000007112369,2.26017496300392,3.67688798904419
default_shortboard,20,0,6,7,20459.9992297758,1023.0,19.9999992470927,2.33460262182207,3.67688798904419
default_shortboard,20,0,6,8,20460.000362362,1023.0,20.0000003542151,1.58971224860452,3.67688798904419
default_shortboard,20,0,6,9,20459.9990291229,1023.0,19.999999050951,3.31707418901228,3.67688798904419
default_shortboard,20,0,7,0,20459.999153592,1023.0,19.9999991726217,4.22428840232012,3.3196918964386
default_shortboard,20,0,7,1,20459.9986711064,1023.0,19.9999987009838,3.05909914931308,3.3196918964386
default_shortboard,20,0,7,2,20460.0008386934,1023.0,20.0000008198371,2.38137064454743,3.3196918964386
default_shortboard,20,0,7,3,20460.0002095839,1023.0,20.0000002048719,2.05915389037046,3.3196918964386
default_shortboard,20,0,7,4,20459.9989942868,1023.0,19.9999990168981,1.93258321098173,3.3196918964386
default_shortboard,20,0,7,5,20460.0009865237,1023.0,20.0000009643438,2.04341602886708,3.3196918964386
default_shortboard,20,0,7,6,20460.0002943034,1023.0,20.0000002876866,2.27582041045535,3.3196918964386
default_shortboard,20,0,7,7,20460.0001648128,1023.0,20.0000001611074,2.76622824406419,3.3196918964386
default_shortboard,20,0,7,8,20459.9995048975,1023.0,19.9999995160288,2.5580226230556,3.3196918964386
default_shortboard,20,0,7,9,20460.0001732021,1023.0,20.000000169308,1.98615376792479,3.3196918964386
default_shortboard,20,0,8,0,20459.9999148481,1023.0,19.9999999167625,4.10161227914992,3.19701600074768
default_shortboard,20,0,8,1,20459.9996897665,1023.0,19.9999996967415,2.93642303522602,3.19701600074768
default_shortboard,20,0,8,2,20460.0000065883,1023.0,20.0000000064402,2.20033139834101,3.19701600074768
default_shortboard,20,0,8,3,20460.0000273306,1023.0,20.0000000267161,1.83428976781812,3.19701600074768
default_shortboard,20,0,8,4,20460.0011468004,1023.0,20.000001121017,1.79042800480058,3.19701600074768
default_shortboard,20,0,8,5,20460.0003410156,1023.0,20.0000003333486,1.98156419297459,3.19701600074768
default_shortboard,20,0,8,6,20459.9983626147,1023.0,19.9999983994278,2.27506628216847,3.19701600074768
default_shortboard,20,0,8,7,20459.9983792831,1023.0,19.9999984157215,2.79959312700544,3.19701600074768
default_shortboard,20,0,8,8,20460.0001855171,1023.0,20.0000001813461,2.72101974560488,3.19701600074768
default_shortboard,20,0,8,9,20460.0000911354,1023.0,20.0000000890864,2.22098572972749,3.19701600074768
default_shortboard,20,0,9,0,20460.0007449315,1023.0,20.0000007281833,3.87372223887252,2.96912574768066
default_shortboard,20,0,9,1,20460.0007611238,1023.0,20.0000007440115,2.70853266342621,2.96912574768066
default_shortboard,20,0,9,2,20460.0005818149,1023.0,20.000000568734,2.37190727230084,2.96912574768066
default_shortboard,20,0,9,3,20459.999981552,1023.0,19.9999999819667,1.55675236842824,2.96912574768066
default_shortboard,20,0,9,4,20460.0011435948,1023.0,20.0000011178834,1.5458697771363,2.96912574768066
default_shortboard,20,0,9,5,20459.9999316933,1023.0,19.999999933229,1.79292244003566,2.96912574768066
default_shortboard,20,0,9,6,20460.0001912103,1023.0,20.0000001869113,2.24550072547617,2.96912574768066
default_shortboard,20,0,9,7,20460.0008561277,1023.0,20.0000008368795,2.78077995079971,2.96912574768066
default_shortboard,20,0,9,8,20460.0003685985,1023.0,20.0000003603113,2.74790596871521,2.96912574768066
default_shortboard,20,0,9,9,20460.0002008566,1023.0,20.0000001963407,2.31988385255037,2.96912574768066
default_shortboard,20,1,0,0,20459.9991212872,1023.0,19.9999991410432,35.0369170157551,31.3283634185791
default_shortboard,20,1,0,1,20460.0001890103,1023.0,20.0000001847608,38.5254713708139,31.3283634185791
default_shortboard,20,1,0,2,20460.000673845,1023.0,20.000000658695,31.3283615807143,31.3283634185791
default_shortboard,20,1,0,3,,,,,31.3283634185791
default_shortboard,20,1,0,4,,,,,31.3283634185791
default_shortboard,20,1,0,5,20460.0006316524,1023.0,20.000000617451,35.7162701275088,31.3283634185791
default_shortboard,20,1,0,6,20459.9992681127,1023.0,19.9999992845676,33.8052768359886,31.3283634185791
default_shortboard,20,1,0,7,20459.9996121426,1023.0,19.9999996208628,33.2274575914181,31.3283634185791
default_shortboard,20,1,0,8,20460.0001321419,1023.0,20.000000129171,32.9566487784014,31.3283634185791
default_shortboard,20,1,0,9,20459.998971711,1023.0,19.9999989948299,33.1396830200207,31.3283634185791
default_shortboard,20,1,1,0,20459.9991274248,1023.0,19.9999991470428,19.5320942018137,15.8051042556763
default_shortboard,20,1,1,1,20459.9997726054,1023.0,19.9999997777179,20.1499970207062,15.8051042556763
default_shortboard,20,1,1,2,20460.000098367,1023.0,20.0000000961554,20.8177391228898,15.8051042556763
default_shortboard,20,1,1,3,20460.0006134576,1023.0,20.0000005996653,18.4855900565689,15.8051042556763
default_shortboard,20,1,1,4,20459.9994133479,1023.0,19.9999994265375,17.7876534822675,15.8051042556763
default_shortboard,20,1,1,5,20459.9999957386,1023.0,19.9999999958344,17.6595924383905,15.8051042556763
default_shortboard,20,1,1,6,20460.001261476,1023.0,20.0000012331144,17.1760193733557,15.8051042556763
default_shortboard,20,1,1,7,20460.0005538233,1023.0,20.0000005413718,16.4807023393284,15.8051042556763
default_shortboard,20,1,1,8,20459.9990596132,1023.0,19.9999990807558,16.5091400115194,15.8051042556763
default_shortboard,20,1,1,9,20460.0002179543,1023.0,20.0000002130541,17.8957621784767,15.8051042556763
default_shortboard,20,1,2,0,20460.0001922349,1023.0,20.0000001879129,17.3167551271628,13.5966329574585
default_shortboard,20,1,2,1,20460.0000065344,1023.0,20.0000000063875,17.5360249428643,13.5966329574585
default_shortboard,20,1,2,2,20460.0005558272,1023.0,20.0000005433306,17.9524459330665,13.5966329574585
default_shortboard,20,1,2,3,20460.0002012394,1023.0,20.000000196715,15.5452360993687,13.5966329574585
default_shortboard,20,1,2,4,20460.0011586921,1023.0,20.0000011326414,15.397246075506,13.5966329574585
default_shortboard,20,1,2,5,20459.9995620841,1023.0,19.9999995719297,15.0923738927586,13.5966329574585
default_shortboard,20,1,2,6,20459.9990071088,1023.0,19.9999990294319,14.2039546532664,13.5966329574585
default_shortboard,20,1,2,7,20459.9985394658,1023.0,19.9999985723028,14.002647847625,13.5966329574585
default_shortboard,20,1,2,8,20459.9998917907,1023.0,19.9999998942235,14.2539964728366,13.5966329574585
default_shortboard,20,1,2,9,20460.0006079286,1023.0,20.0000005942606,21.2290174287733,13.5966329574585
default_shortboard,20,1,3,0,20459.9983940469,1023.0,19.9999984301534,10.1493077979649,6.93264055252075
default_shortboard,20,1,3,1,20459.9995291348,1023.0,19.9999995397212,9.80385441782784,6.93264055252075
default_shortboard,20,1,3,2,20460.001180674,1023.0,20.000001154129,8.95142070785009,6.93264055252075
default_shortboard,20,1,3,3,20459.9997777786,1023.0,19.9999997827748,7.69404704040879,6.93264055252075
default_shortboard,20,1,3,4,20460.0014699706,1023.0,20.0000014369214,7.10246091613189,6.93264055252075
default_shortboard,20,1,3,5,20459.9996621113,1023.0,19.9999996697081,6.45456902786731,6.93264055252075
default_shortboard,20,1,3,6,20460.0003323727,1023.0,20.0000003249,5.80904182896764,6.93264055252075
default_shortboard,20,1,3,7,20460.0001347083,1023.0,20.0000001316796,5.25676228875216,6.93264055252075
default_shortboard,20,1,3,8,20459.9991980524,1023.0,19.9999992160825,5.05324888734781,6.93264055252075
default_shortboard,20,1,3,9,20460.0002344579,1023.0,20.0000002291866,6.73673572730842,6.93264055252075
default_shortboard,20,1,4,0,20460.0009387308,1023.0,20.0000009176254,7.56302896218702,5.03909540176392
default_shortboard,20,1,4,1,20459.99993769,1023.0,19.9999999390909,7.07748947178004,5.03909540176392
default_shortboard,20,1,4,2,20459.9994632746,1023.0,19.9999994753417,5.92839880339882,5.03909540176392
default_shortboard,20,1,4,3,20460.0007634724,1023.0,20.0000007463074,4.7652658937297,5.03909540176392
default_shortboard,20,1,4,4,20459.9998181,1023.0,19.9999998221897,3.97622382848547,5.03909540176392
default_shortboard,20,1,4,5,20459.9999838694,1023.0,19.999999984232,3.55649449722342,5.03909540176392
default_shortboard,20,1,4,6,20459.9998471582,1023.0,19.9999998505946,3.10455359276065,5.03909540176392
default_shortboard,20,1,4,7,20460.0006027816,1023.0,20.0000005892293,2.08991071171489,5.03909540176392
default_shortboard,20,1,4,8,20460.0016668012,1023.0,20.0000016293267,1.62342762016067,5.03909540176392
default_shortboard,20,1,4,9,20460.0000559492,1023.0,20.0000000546913,4.01002009673791,5.03909540176392
default_shortboard,20,1,5,0,20460.0008009679,1023.0,20.0000007829598,5.79071781358129,4.0545768737793
default_shortboard,20,1,5,1,20459.9992063671,1023.0,19.9999992242103,5.14012744746681,4.0545768737793
default_shortboard,20,1,5,2,20460.0006084807,1023.0,20.0000005948003,4.33564050672588,4.0545768737793
default_shortboard,20,1,5,3,20460.0000098823,1023.0,20.0000000096601,3.37697340919633,4.0545768737793
default_shortboard,20,1,5,4,20459.9994125241,1023.0,19.9999994257322,2.79230808095523,4.0545768737793
default_shortboard,20,1,5,5,20459.9994763593,1023.0,19.9999994881323,2.51539430513786,4.0545768737793
default_shortboard,20,1,5,6,20459.9983001409,1023.0,19.9999983383587,2.36177114365097,4.0545768737793
default_shortboard,20,1,5,7,20459.9986461335,1023.0,19.9999986765724,2.46836796192341,4.0545768737793
default_shortboard,20,1,5,8,20459.9992029921,1023.0,19.9999992209111,3.04315968498282,4.0545768737793
default_shortboard,20,1,5,9,20459.9998883112,1023.0,19.9999998908223,4.38284590704801,4.0545768737793
default_shortboard,20,1,6,0,20460.0002376534,1023.0,20.0000002323102,4.76931887680111,3.52409410476685
default_shortboard,20,1,6,1,20459.9995180279,1023.0,19.9999995288641,4.0847227584992,3.52409410476685
default_shortboard,20,1,6,2,20459.9992658547,1023.0,19.9999992823604,3.44807770797392,3.52409410476685
default_shortboard,20,1,6,3,20460.000575697,1023.0,20.0000005627536,2.52764705510259,3.52409410476685
default_shortboard,20,1,6,4,20459.9995227895,1023.0,19.9999995335186,2.18711451998891,3.52409410476685
default_shortboard,20,1,6,5,20460.0006098584,1023.0,20.000000596147,2.05533990494336,3.52409410476685
default_shortboard,20,1,6,6,20459.9994854861,1023.0,19.9999994970539,2.28733718411747,3.52409410476685
default_shortboard,20,1,6,7,20459.9996586302,1023.0,19.9999996663052,2.8841919835001,3.52409410476685
default_shortboard,20,1,6,8,20460.0009446333,1023.0,20.0000009233952,2.83657559772967,3.52409410476685
default_shortboard,20,1,6,9,20459.9997728067,1023.0,19.9999997779146,3.21547007185377,3.52409410476685
default_shortboard,20,1,7,0,20459.9996556448,1023.0,19.9999996633869,4.24287830319437,3.18399310112
default_shortboard,20,1,7,1,20460.0004712968,1023.0,20.0000004607007,3.60871728198908,3.18399310112
default_shortboard,20,1,7,2,20459.9995671246,1023.0,19.9999995768569,2.71284485118025,3.18399310112
default_shortboard,20,1,7,3,20460.0005334504,1023.0,20.0000005214569,2.13162121981484,3.18399310112
default_shortboard,20,1,7,4,20459.9998739649,1023.0,19.9999998767985,1.83736292095907,3.18399310112
default_shortboard,20,1,7,5,20460.0010764099,1023.0,20.0000010522091,1.79230171052894,3.18399310112
default_shortboard,20,1,7,6,20459.9993827471,1023.0,19.9999993966248,2.18970872335516,3.18399310112
default_shortboard,20,1,7,7,20459.9988212383,1023.0,19.9999988477403,3.00355757932492,3.18399310112
default_shortboard,20,1,7,8,20459.9996153581,1023.0,19.9999996240059,3.50903858168041,3.18399310112
default_shortboard,20,1,7,9,20460.0001416367,1023.0,20.0000001384523,4.44289712530125,3.18399310112
default_shortboard,20,1,8,0,20460.0005173034,1023.0,20.000000505673,4.26565471077765,3.12974739074707
default_shortboard,20,1,8,1,20460.0001584802,1023.0,20.0000001549171,3.60444360291952,3.12974739074707
default_shortboard,20,1,8,2,20460.0003456599,1023.0,20.0000003378884,2.68003402991881,3.12974739074707
default_shortboard,20,1,8,3,20459.9980279103,1023.0,19.9999980722486,2.08271851114895,3.12974739074707
default_shortboard,20,1,8,4,20459.9996746998,1023.0,19.9999996820135,1.78860566569271,3.12974739074707
default_shortboard,20,1,8,5,20459.9989982823,1023.0,19.9999990208038,1.77624555545174,3.12974739074707
default_shortboard,20,1,8,6,20459.998898771,1023.0,19.9999989235298,2.13307215171145,3.12974739074707
default_shortboard,20,1,8,7,20459.9998701783,1023.0,19.999999873097,2.9284458843084,3.12974739074707
default_shortboard,20,1,8,8,20459.9997898313,1023.0,19.9999997945565,3.57888380609477,3.12974739074707
default_shortboard,20,1,8,9,20460.0012249031,1023.0,20.0000011973637,4.74385947669301,3.12974739074707
default_shortboard,20,2,0,0,,,,,24.6772804260254
default_shortboard,20,2,0,1,20459.9993913905,1023.0,19.9999994050738,27.1888174967802,24.6772804260254
default_shortboard,20,2,0,2,20459.9995733417,1023.0,19.9999995829342,26.408787670238,24.6772804260254
default_shortboard,20,2,0,3,20460.0002918534,1023.0,20.0000002852917,25.7937578314442,24.6772804260254
default_shortboard,20,2,0,4,20460.0010243633,1023.0,20.0000010013326,25.5491891530198,24.6772804260254
default_shortboard,20,2,0,5,20459.9997239109,1023.0,19.9999997301182,25.4247175151184,24.6772804260254
default_shortboard,20,2,0,6,20459.9998773609,1023.0,19.9999998801182,25.7870278461586,24.6772804260254
default_shortboard,20,2,0,7,20459.9994122068,1023.0,19.9999994254221,28.0062753465916,24.6772804260254
default_shortboard,20,2,0,8,20460.0010068582,1023.0,20.0000009842211,28.7634993854926,24.6772804260254
default_shortboard,20,2,0,9,20460.0013837752,1023.0,20.000001352664,53.7299559682642,24.6772804260254
default_shortboard,20,2,1,0,20459.998323084,1023.0,19.9999983607859,11.6129557764202,10.2892723083496
default_shortboard,20,2,1,1,20460.0006429467,1023.0,20.0000006284914,14.4968720171096,10.2892723083496
default_shortboard,20,2,1,2,20460.0005137725,1023.0,20.0000005022214,11.8304669326322,10.2892723083496
default_shortboard,20,2,1,3,20459.9991784915,1023.0,19.9999991969614,11.1055654925395,10.2892723083496
default_shortboard,20,2,1,4,20459.9998908863,1023.0,19.9999998933395,10.2682321577345,10.2892723083496
default_shortboard,20,2,1,5,20460.0001216974,1023.0,20.0000001189612,9.92891866883048,10.2892723083496
default_shortboard,20,2,1,6,20460.0002195323,1023.0,20.0000002145966,9.33580855162469,10.2892723083496
default_shortboard,20,2,1,7,20460.0001988647,1023.0,20.0000001943936,8.94143603841817,10.2892723083496
default_shortboard,20,2,1,8,20459.9993630613,1023.0,19.9999993773815,8.85541008767374,10.2892723083496
default_shortboard,20,2,1,9,20459.9995239236,1023.0,19.9999995346272,11.7973126369745,10.2892723083496
default_shortboard,20,2,2,0,20459.9999502805,1023.0,19.9999999513983,11.24882081733,6.86877536773682
default_shortboard,20,2,2,1,20460.0002057186,1023.0,20.0000002010935,8.85638363141683,6.86877536773682
default_shortboard,20,2,2,2,20460.0001535141,1023.0,20.0000001500627,7.57003635989269,6.86877536773682
default_shortboard,20,2,2,3,20459.9987174203,1023.0,19.9999987462564,6.59581040943991,6.86877536773682
default_shortboard,20,2,2,4,20459.9987740762,1023.0,19.9999988016385,5.88663573268211,6.86877536773682
default_shortboard,20,2,2,5,20460.0002750332,1023.0,20.0000002688497,5.19022940817094,6.86877536773682
default_shortboard,20,2,2,6,20459.9996796073,1023.0,19.9999996868107,4.73613464747634,6.86877536773682
default_shortboard,20,2,2,7,20460.000950269,1023.0,20.0000009289042,3.38544833177327,6.86877536773682
default_shortboard,20,2,2,8,20460.0011659415,1023.0,20.0000011397278,2.95177610471494,6.86877536773682
default_shortboard,20,2,2,9,20460.0000132086,1023.0,20.0000000129116,6.53847820775116,6.86877536773682
default_shortboard,20,2,3,0,20459.9992640921,1023.0,19.9999992806374,8.78319964521098,5.3565526008606
default_shortboard,20,2,3,1,20459.9999710506,1023.0,19.9999999717015,7.34208716817,5.3565526008606
default_shortboard,20,2,3,2,20460.0018775275,1023.0,20.0000018353152,5.84917344011828,5.3565526008606
default_shortboard,20,2,3,3,20460.0002494243,1023.0,20.0000002438165,4.65702011433216,5.3565526008606
default_shortboard,20,2,3,4,20460.0000209913,1023.0,20.0000000205193,4.09345283211852,5.3565526008606
default_shortboard,20,2,3,5,20460.0006537624,1023.0,20.000000639064,3.59632983888554,5.3565526008606
default_shortboard,20,2,3,6,20460.0007919095,1023.0,20.000000774105,3.43073913035894,5.3565526008606
default_shortboard,20,2,3,7,20459.9992388692,1023.0,19.9999992559816,2.79437734396657,5.3565526008606
default_shortboard,20,2,3,8,20460.0007143947,1023.0,20.0000006983331,3.21705584312666,5.3565526008606
default_shortboard,20,2,3,9,20460.0004039295,1023.0,20.000000394848,6.45836417495313,5.3565526008606
default_shortboard,20,2,4,0,20460.0015027405,1023.0,20.0000014689545,7.22453753220897,4.20987606048584
default_shortboard,20,2,4,1,20460.0000619427,1023.0,20.0000000605501,6.16364188141759,4.20987606048584
default_shortboard,20,2,4,2,20459.9995831587,1023.0,19.9999995925305,4.3043294350582,4.20987606048584
default_shortboard,20,2,4,3,20460.0008857883,1023.0,20.0000008658732,3.31622481418565,4.20987606048584
default_shortboard,20,2,4,4,20459.9991645265,1023.0,19.9999991833103,2.84097470601376,4.20987606048584
default_shortboard,20,2,4,5,20459.999572102,1023.0,19.9999995817224,2.57907803018905,4.20987606048584
default_shortboard,20,2,4,6,20460.0009220187,1023.0,20.000000901289,2.73682129402522,4.20987606048584
default_shortboard,20,2,4,7,20459.9993009218,1023.0,19.9999993166391,2.84196453881909,4.20987606048584
default_shortboard,20,2,4,8,20460.0001488322,1023.0,20.000000145486,3.66040846725403,4.20987606048584
default_shortboard,20,2,4,9,20459.9998542655,1023.0,19.9999998575421,4.73234239382048,4.20987606048584
default_shortboard,20,2,5,0,20459.9999403693,1023.0,19.99999994171,5.79602117293263,3.31059813499451
default_shortboard,20,2,5,1,20459.9990066444,1023.0,19.999999028978,4.86802358850169,3.31059813499451
default_shortboard,20,2,5,2,20460.0005599219,1023.0,20.0000005473333,3.29404587163809,3.31059813499451
default_shortboard,20,2,5,3,20460.0005194451,1023.0,20.0000005077665,2.38409249452149,3.31059813499451
default_shortboard,20,2,5,4,20460.0003022662,1023.0,20.0000002954704,1.89752030166223,3.31059813499451
default_shortboard,20,2,5,5,20460.0011752931,1023.0,20.0000011488691,1.81301246083183,3.31059813499451
default_shortboard,20,2,5,6,20460.0000113653,1023.0,20.0000000111098,2.19669622519112,3.31059813499451
default_shortboard,20,2,5,7,20460.0004414755,1023.0,20.0000004315498,3.14924059929932,3.31059813499451
default_shortboard,20,2,5,8,20460.000925671,1023.0,20.0000009048592,3.96227778630053,3.31059813499451
default_shortboard,20,2,5,9,20460.0001751365,1023.0,20.0000001711989,5.65095209529911,3.31059813499451
default_shortboard,20,2,6,0,20459.9987841262,1023.0,19.9999988114626,8.25323500789873,4.2475962638855
default_shortboard,20,2,6,1,20459.9997831801,1023.0,19.9999997880548,5.32783202269618,4.2475962638855
default_shortboard,20,2,6,2,20459.9995069301,1023.0,19.9999995180157,4.07737285284959,4.2475962638855
default_shortboard,20,2,6,3,20460.0001158754,1023.0,20.0000001132702,3.17617520769884,4.2475962638855
default_shortboard,20,2,6,4,20460.0001571653,1023.0,20.0000001536318,2.72060495711802,4.2475962638855
default_shortboard,20,2,6,5,20459.9989769743,1023.0,19.9999989999749,2.53929477927232,4.2475962638855
default_shortboard,20,2,6,6,20459.9997284788,1023.0,19.9999997345834,2.92969775350946,4.2475962638855
default_shortboard,20,2,6,7,20460.0005419848,1023.0,20.0000005297994,3.18250206804722,4.2475962638855
default_shortboard,20,2,6,8,20459.9995558161,1023.0,19.9999995658026,4.46968395070739,4.2475962638855
default_shortboard,20,2,6,9,20459.9997003512,1023.0,19.9999997070882,8.90565124439383,4.2475962638855
default_shortboard,20,2,7,0,20459.9995876165,1023.0,19.999999596888,4.63025667521387,2.64375233650208
default_shortboard,20,2,7,1,20460.0015394045,1023.0,20.0000015047942,3.73046902037143,2.64375233650208
default_shortboard,20,2,7,2,20460.0000656689,1023.0,20.0000000641925,2.49126563026573,2.64375233650208
default_shortboard,20,2,7,3,20460.0003291167,1023.0,20.0000003217172,1.70449109160387,2.64375233650208
default_shortboard,20,2,7,4,20460.0008903575,1023.0,20.0000008703396,1.26104182848273,2.64375233650208
default_shortboard,20,2,7,5,20459.9997994785,1023.0,19.9999998039868,1.2433901767688,2.64375233650208
default_shortboard,20,2,7,6,20460.0000486286,1023.0,20.0000000475353,1.78904282429131,2.64375233650208
default_shortboard,20,2,7,7,20459.9989810259,1023.0,19.9999990039354,2.78712115317798,2.64375233650208
default_shortboard,20,2,7,8,20460.0004329416,1023.0,20.0000004232078,3.81882853319481,2.64375233650208
default_shortboard,20,2,7,9,20459.9996384346,1023.0,19.9999996465636,8.01094376152976,2.64375233650208
default_shortboard,20,2,8,0,20460.0001284292,1023.0,20.0000001255418,4.07087992915993,2.17168974876404
default_shortboard,20,2,8,1,20460.0003915912,1023.0,20.0000003827871,3.19412387791959,2.17168974876404
default_shortboard,20,2,8,2,20460.0004608344,1023.0,20.0000004504735,1.93657066043375,2.17168974876404
default_shortboard,20,2,8,3,20459.9997360788,1023.0,19.9999997420125,1.18911303982271,2.17168974876404
default_shortboard,20,2,8,4,20460.0000130072,1023.0,20.0000000127148,0.799356628220672,2.17168974876404
default_shortboard,20,2,8,5,20460.0008052947,1023.0,20.0000007871894,0.911968506911945,2.17168974876404
default_shortboard,20,2,8,6,20459.9988618224,1023.0,19.9999988874119,1.54799972462906,2.17168974876404
default_shortboard,20,2,8,7,20460.000181948,1023.0,20.0000001778573,2.76419640667186,2.17168974876404
default_shortboard,20,2,8,8,20459.9992649106,1023.0,19.9999992814375,4.14318501963721,2.17168974876404
default_shortboard,20,2,8,9,20460.0005466303,1023.0,20.0000005343404,6.7767148274826,2.17168974876404
default_shortboard,20,3,0,0,20460.0008773769,1023.0,20.0000008576509,40.7005084461084,38.871883392334
default_shortboard,20,3,0,1,20460.0010476474,1023.0,20.0000010240933,40.6978829221872,38.871883392334
default_shortboard,20,3,0,2,20460.0000760986,1023.0,20.0000000743877,40.5958524146954,38.871883392334
default_shortboard,20,3,0,3,20460.0004948789,1023.0,20.0000004837525,40.6031665263875,38.871883392334
default_shortboard,20,3,0,4,20459.9995456163,1023.0,19.9999995558321,40.7281064386714,38.871883392334
default_shortboard,20,3,0,5,20460.0004626822,1023.0,20.0000004522798,40.946927468491,38.871883392334
default_shortboard,20,3,0,6,20460.000023947,1023.0,20.0000000234086,41.1242550476255,38.871883392334
default_shortboard,20,3,0,7,20460.0001479726,1023.0,20.0000001446457,40.3829636451773,38.871883392334
default_shortboard,20,3,0,8,20459.9995108312,1023.0,19.9999995218292,41.4214434919651,38.871883392334
default_shortboard,20,3,0,9,20459.998728887,1023.0,19.9999987574653,50.5863145342731,38.871883392334
default_shortboard,20,3,1,0,20459.9992787098,1023.0,19.9999992949265,15.434826445826,13.3160619735718
default_shortboard,20,3,1,1,20460.0003254248,1023.0,20.0000003181083,14.3378331994284,13.3160619735718
default_shortboard,20,3,1,2,20460.0001505007,1023.0,20.000000147117,13.4253119266154,13.3160619735718
default_shortboard,20,3,1,3,20459.9995580018,1023.0,19.9999995679392,13.0781951057611,13.3160619735718
default_shortboard,20,3,1,4,20459.9992404702,1023.0,19.9999992575466,12.4968900414367,13.3160619735718
default_shortboard,20,3,1,5,20459.9997300373,1023.0,19.9999997361069,12.0987909419158,13.3160619735718
default_shortboard,20,3,1,6,20460.0005457813,1023.0,20.0000005335106,11.7430948045516,13.3160619735718
default_shortboard,20,3,1,7,20459.9996631555,1023.0,19.9999996707287,11.6509371910129,13.3160619735718
default_shortboard,20,3,1,8,20459.9997450521,1023.0,19.999999750784,12.1555876982585,13.3160619735718
default_shortboard,20,3,1,9,20459.9990686833,1023.0,19.999999089622,17.1675719964635,13.3160619735718
default_shortboard,20,3,2,0,20460.0002619293,1023.0,20.0000002560404,11.0994229732701,8.41281890869141
default_shortboard,20,3,2,1,20460.0001417009,1023.0,20.0000001385151,9.69348017425693,8.41281890869141
default_shortboard,20,3,2,2,20459.9996264916,1023.0,19.9999996348892,8.34267943388444,8.41281890869141
default_shortboard,20,3,2,3,20459.9994941509,1023.0,19.9999995055239,7.52006807667571,8.41281890869141
default_shortboard,20,3,2,4,20459.9988868237,1023.0,19.9999989118512,6.93685045292836,8.41281890869141
default_shortboard,20,3,2,5,20460.0003349433,1023.0,20.0000003274128,6.40419739794313,8.41281890869141
default_shortboard,20,3,2,6,20460.0008307943,1023.0,20.0000008121156,6.109283023997,8.41281890869141
default_shortboard,20,3,2,7,20460.0007506147,1023.0,20.0000007337387,6.16495247962214,8.41281890869141
default_shortboard,20,3,2,8,20460.0000811687,1023.0,20.0000000793438,6.61113002112998,8.41281890869141
default_shortboard,20,3,2,9,20459.9996889706,1023.0,19.9999996959634,9.24356329192046,8.41281890869141
default_shortboard,20,3,3,0,20460.0004909008,1023.0,20.0000004798639,9.5099819105114,6.98853540420532
default_shortboard,20,3,3,1,20459.9988311291,1023.0,19.9999988574087,7.7487318025515,6.98853540420532
default_shortboard,20,3,3,2,20460.0002991839,1023.0,20.0000002924574,6.50349903708804,6.98853540420532
default_shortboard,20,3,3,3,20459.9997931534,1023.0,19.999999797804,5.84058545010082,6.98853540420532
default_shortboard,20,3,3,4,20459.9999929136,1023.0,19.9999999930729,5.23918278103339,6.98853540420532
default_shortboard,20,3,3,5,20460.0005579775,1023.0,20.0000005454325,4.88910569384552,6.98853540420532
default_shortboard,20,3,3,6,20460.0003335305,1023.0,20.0000003260317,4.94535820929648,6.98853540420532
default_shortboard,20,3,3,7,20460.0010112172,1023.0,20.0000009884822,4.15174407168532,6.98853540420532
default_shortboard,20,3,3,8,20459.9996321487,1023.0,19.9999996404191,4.69940503627955,6.98853540420532
default_shortboard,20,3,3,9,20459.9994924298,1023.0,19.9999995038414,8.98736594412489,6.98853540420532
default_shortboard,20,3,4,0,20460.0009589978,1023.0,20.0000009374367,8.1446468385373,6.02436685562134
default_shortboard,20,3,4,1,20459.9992972032,1023.0,19.9999993130041,6.63537066635928,6.02436685562134
default_shortboard,20,3,4,2,20459.9998916008,1023.0,19.999999894038,5.78071241355264,6.02436685562134
default_shortboard,20,3,4,3,20459.999451823,1023.0,19.9999994641476,4.86783504550792,6.02436685562134
default_shortboard,20,3,4,4,20460.0000905535,1023.0,20.0000000885176,4.2919582878504,6.02436685562134
default_shortboard,20,3,4,5,20460.0000375283,1023.0,20.0000000366846,4.06486928366982,6.02436685562134
default_shortboard,20,3,4,6,20459.9993961908,1023.0,19.9999994097662,3.50478729006392,6.02436685562134
default_shortboard,20,3,4,7,20459.9987528055,1023.0,19.999998780846,3.98960727964565,6.02436685562134
default_shortboard,20,3,4,8,20460.0017014318,1023.0,20.0000016631787,4.99695815886997,6.02436685562134
default_shortboard,20,3,4,9,20460.0002577975,1023.0,20.0000002520015,9.0108991305819,6.02436685562134
default_shortboard,20,3,5,0,20460.0009552568,1023.0,20.0000009337799,8.04112343600939,7.02697944641113
default_shortboard,20,3,5,1,20459.9985909548,1023.0,19.9999986226342,7.04026913294276,7.02697944641113
default_shortboard,20,3,5,2,20460.0006207829,1023.0,20.0000006068259,6.14018193303466,7.02697944641113
default_shortboard,20,3,5,3,20460.0002314643,1023.0,20.0000002262603,5.38614834236363,7.02697944641113
default_shortboard,20,3,5,4,20460.000269903,1023.0,20.0000002638348,4.97218780133073,7.02697944641113
default_shortboard,20,3,5,5,20459.9987301414,1023.0,19.9999987586915,4.18278636378535,7.02697944641113
default_shortboard,20,3,5,6,20459.999283517,1023.0,19.9999992996256,4.46454882386471,7.02697944641113
default_shortboard,20,3,5,7,20460.0000876012,1023.0,20.0000000856316,5.0961017879631,7.02697944641113
default_shortboard,20,3,5,8,20459.9992249657,1023.0,19.9999992423907,6.40613351147839,7.02697944641113
default_shortboard,20,3,5,9,20459.9992782155,1023.0,19.9999992944433,10.9811275772579,7.02697944641113
default_shortboard,20,3,6,0,20460.0002675478,1023.0,20.0000002615325,10.8509719309309,9.42309093475342
default_shortboard,20,3,6,1,20460.0008442087,1023.0,20.0000008252284,8.31805178911711,9.42309093475342
default_shortboard,20,3,6,2,20460.0004745521,1023.0,20.0000004638828,7.59818934114196,9.42309093475342
default_shortboard,20,3,6,3,20459.9998222285,1023.0,19.9999998262254,7.19013789038997,9.42309093475342
default_shortboard,20,3,6,4,20460.0014702765,1023.0,20.0000014372204,7.12064057488902,9.42309093475342
default_shortboard,20,3,6,5,20459.9990929122,1023.0,19.9999991133062,7.40121328770026,9.42309093475342
default_shortboard,20,3,6,6,20460.0010959358,1023.0,20.000001071296,8.09444880789946,9.42309093475342
default_shortboard,20,3,6,7,20459.9998893407,1023.0,19.9999998918287,7.35547796999651,9.42309093475342
default_shortboard,20,3,6,8,20460.0003783418,1023.0,20.0000003698356,10.71119537641,9.42309093475342
default_shortboard,20,3,6,9,20460.0005731899,1023.0,20.0000005603029,14.2172063385131,9.42309093475342
default_shortboard,20,3,7,0,20459.9991143902,1023.0,19.9999991343013,4.5270243729212,2.26753616333008
default_shortboard,20,3,7,1,20459.9999857884,1023.0,19.9999999861079,3.50627745713576,2.26753616333008
default_shortboard,20,3,7,2,20459.9991507207,1023.0,19.9999991698149,2.11537343725299,2.26753616333008
default_shortboard,20,3,7,3,20460.0009012156,1023.0,20.0000008809536,1.32125053561558,2.26753616333008
default_shortboard,20,3,7,4,20459.9993756906,1023.0,19.9999993897268,0.865114979281487,2.26753616333008
default_shortboard,20,3,7,5,20459.9997268785,1023.0,19.9999997330191,0.94903041642237,2.26753616333008
default_shortboard,20,3,7,6,20460.0006055205,1023.0,20.0000005919066,1.55448244044481,2.26753616333008
default_shortboard,20,3,7,7,20460.0004677843,1023.0,20.0000004572671,2.76594641639876,2.26753616333008
default_shortboard,20,3,7,8,20459.9984708858,1023.0,19.9999985052647,4.14200368272413,2.26753616333008
default_shortboard,20,3,7,9,20459.9992612795,1023.0,19.9999992778881,6.92223540516179,2.26753616333008
default_shortboard,20,3,8,0,20460.0007576398,1023.0,20.0000007406059,5.21651873312774,2.12721920013428
default_shortboard,20,3,8,1,20459.9993749358,1023.0,19.999999388989,3.90091864087143,2.12721920013428
default_shortboard,20,3,8,2,20460.0002992604,1023.0,20.0000002925321,2.2020033463912,2.12721920013428
default_shortboard,20,3,8,3,20459.9991468761,1023.0,19.9999991660568,1.20064242288509,2.12721920013428
default_shortboard,20,3,8,4,20459.9999044109,1023.0,19.99999990656,0.696465857114485,2.12721920013428
default_shortboard,20,3,8,5,20460.0008915385,1023.0,20.0000008714942,0.721081462251357,2.12721920013428
default_shortboard,20,3,8,6,20459.9983669884,1023.0,19.9999984037032,1.27828378246279,2.12721920013428
default_shortboard,20,3,8,7,20459.998610789,1023.0,19.9999986420224,2.57878239323574,2.12721920013428
default_shortboard,20,3,8,8,20460.0015237732,1023.0,20.0000014895144,4.20239177892843,2.12721920013428
default_shortboard,20,3,8,9,20460.0006704157,1023.0,20.0000006553428,8.61362157903201,2.12721920013428
default_shortboard,20,4,0,0,,,,,45.0
default_shortboard,20,4,0,1,20460.000655027,1023.0,20.0000006403001,89.7161352316218,45.0
default_shortboard,20,4,0,2,20460.0012881358,1023.0,20.0000012591748,66.912729742998,45.0
default_shortboard,20,4,0,3,20459.9997980145,1023.0,19.9999998025557,60.0124031208283,45.0
default_shortboard,20,4,0,4,20460.0001546857,1023.0,20.0000001512079,59.3095141687631,45.0
default_shortboard,20,4,0,5,20460.0001023342,1023.0,20.0000001000335,61.2287814074071,45.0
default_shortboard,20,4,0,6,20460.0001152664,1023.0,20.0000001126749,64.6437232592854,45.0
default_shortboard,20,4,0,7,20460.0015719256,1023.0,20.0000015365842,74.2036119610179,45.0
default_shortboard,20,4,0,8,20460.0016027706,1023.0,20.0000015667357,88.301254503111,45.0
default_shortboard,20,4,0,9,20459.9989200714,1023.0,19.9999989443513,28.351224009554,45.0
default_shortboard,20,4,1,0,,,,,45.0
default_shortboard,20,4,1,1,20459.9994895082,1023.0,19.9999995009855,69.0272116633801,45.0
default_shortboard,20,4,1,2,20459.998848978,1023.0,19.9999988748563,80.7028488509398,45.0
default_shortboard,20,4,1,3,20459.999338934,1023.0,19.9999993537967,71.0579414917559,45.0
default_shortboard,20,4,1,4,20459.9998034559,1023.0,19.9999998078747,70.968051910746,45.0
default_shortboard,20,4,1,5,20460.0005888211,1023.0,20.0000005755827,73.729212727771,45.0
default_shortboard,20,4,1,6,20459.9983147796,1023.0,19.9999983526682,78.4689568063926,45.0
default_shortboard,20,4,1,7,20459.9997433471,1023.0,19.9999997491174,86.6548363330273,45.0
default_shortboard,20,4,1,8,20459.9993425209,1023.0,19.9999993573029,81.1066547849193,45.0
default_shortboard,20,4,1,9,20459.9999850029,1023.0,19.99999998534,27.7068900997636,45.0
default_shortboard,20,4,2,0,20460.0015307458,1023.0,20.0000014963302,19.043286251132,16.2030143737793
default_shortboard,20,4,2,1,20460.0005815105,1023.0,20.0000005684364,16.3155294267433,16.2030143737793
default_shortboard,20,4,2,2,20460.0007204697,1023.0,20.0000007042714,15.6979037090274,16.2030143737793
default_shortboard,20,4,2,3,20460.0006010299,1023.0,20.000000587517,15.1203320991958,16.2030143737793
default_shortboard,20,4,2,4,20460.0005277849,1023.0,20.0000005159187,14.6332404822232,16.2030143737793
default_shortboard,20,4,2,5,20460.0012947707,1023.0,20.0000012656605,14.3928243497345,16.2030143737793
default_shortboard,20,4,2,6,20459.9993135181,1023.0,19.9999993289522,14.2858321082907,16.2030143737793
default_shortboard,20,4,2,7,20460.000163307,1023.0,20.0000001596354,14.4608248599744,16.2030143737793
default_shortboard,20,4,2,8,20459.9996700406,1023.0,19.999999677459,15.5051001403548,16.2030143737793
default_shortboard,20,4,2,9,20460.0004626482,1023.0,20.0000004522465,25.553988146371,16.2030143737793
default_shortboard,20,4,3,0,20460.0006257957,1023.0,20.000000611726,12.0871297946738,11.305947303772
default_shortboard,20,4,3,1,20460.0000003762,1023.0,20.0000000003677,10.7700693276839,11.305947303772
default_shortboard,20,4,3,2,20460.0007583685,1023.0,20.0000007413181,10.3527931988406,11.305947303772
default_shortboard,20,4,3,3,20460.0005553125,1023.0,20.0000005428275,9.68232769777518,11.305947303772
default_shortboard,20,4,3,4,20460.0010199261,1023.0,20.0000009969952,9.21425737490846,11.305947303772
default_shortboard,20,4,3,5,20459.9997110146,1023.0,19.9999997175118,9.00550444233639,11.305947303772
default_shortboard,20,4,3,6,20459.9992642979,1023.0,19.9999992808386,9.05895768940078,11.305947303772
default_shortboard,20,4,3,7,20459.9982406847,1023.0,19.9999982802392,9.43876652734445,11.305947303772
default_shortboard,20,4,3,8,20460.0001941266,1023.0,20.000000189762,10.2878386339786,11.305947303772
default_shortboard,20,4,3,9,20459.9989747094,1023.0,19.9999989977609,15.2349006798954,11.305947303772
default_shortboard,20,4,4,0,20459.9989614722,1023.0,19.9999989848213,12.1775426955868,10.4950819015503
default_shortboard,20,4,4,1,20459.9992204615,1023.0,19.9999992379878,10.0393796118435,10.4950819015503
default_shortboard,20,4,4,2,20460.0000895952,1023.0,20.0000000875808,9.17212761368805,10.4950819015503
default_shortboard,20,4,4,3,20459.9988295431,1023.0,19.9999988558584,8.56069615477477,10.4950819015503
default_shortboard,20,4,4,4,20459.9996389147,1023.0,19.999999647033,8.22764037822655,10.4950819015503
default_shortboard,20,4,4,5,20460.0007998386,1023.0,20.0000007818559,8.19511524407315,10.4950819015503
default_shortboard,20,4,4,6,20460.0004845709,1023.0,20.0000004736764,8.5246094869367,10.4950819015503
default_shortboard,20,4,4,7,20460.0011737787,1023.0,20.0000011473887,7.0789936864498,10.4950819015503
default_shortboard,20,4,4,8,20460.0005762058,1023.0,20.000000563251,10.3533476837221,10.4950819015503
default_shortboard,20,4,4,9,20460.0015659655,1023.0,20.000001530758,14.4418910239847,10.4950819015503
default_shortboard,20,4,5,0,20460.0003129445,1023.0,20.0000003059086,9.91553293092044,8.51560211181641
default_shortboard,20,4,5,1,20460.0005046923,1023.0,20.0000004933454,7.92620044710815,8.51560211181641
default_shortboard,20,4,5,2,20460.0002996398,1023.0,20.000000292903,6.96640190742132,8.51560211181641
default_shortboard,20,4,5,3,20459.9997086252,1023.0,19.9999997151762,6.44329134655124,8.51560211181641
default_shortboard,20,4,5,4,20460.0013929015,1023.0,20.000001361585,6.21651086245515,8.51560211181641
default_shortboard,20,4,5,5,20460.0001167941,1023.0,20.0000001141682,6.37746213847791,8.51560211181641
default_shortboard,20,4,5,6,20459.9999188118,1023.0,19.9999999206372,6.9399677575604,8.51560211181641
default_shortboard,20,4,5,7,20460.0000720841,1023.0,20.0000000704635,7.97988742045102,8.51560211181641
default_shortboard,20,4,5,8,20460.001402267,1023.0,20.00000137074,9.51628728015267,8.51560211181641
default_shortboard,20,4,5,9,20459.9996411847,1023.0,19.9999996492519,12.5572621828503,8.51560211181641
default_shortboard,20,4,6,0,20460.0011253869,1023.0,20.0000011000849,16.7108303202542,13.7929286956787
default_shortboard,20,4,6,1,20459.999716792,1023.0,19.9999997231594,12.7192908594701,13.7929286956787
default_shortboard,20,4,6,2,20459.9994543144,1023.0,19.9999994665829,11.8320407587757,13.7929286956787
default_shortboard,20,4,6,3,20459.9990334907,1023.0,19.9999990552207,11.5915436961855,13.7929286956787
default_shortboard,20,4,6,4,20460.0001253143,1023.0,20.0000001224969,11.7008734142293,13.7929286956787
default_shortboard,20,4,6,5,20460.0008155114,1023.0,20.0000007971764,12.130101094287,13.7929286956787
default_shortboard,20,4,6,6,20459.9983442224,1023.0,19.9999983814491,12.8063932499087,13.7929286956787
default_shortboard,20,4,6,7,20459.9996725133,1023.0,19.9999996798762,13.7564399676768,13.7929286956787
default_shortboard,20,4,6,8,20460.0000505079,1023.0,20.0000000493723,15.1321409349652,13.7929286956787
default_shortboard,20,4,6,9,20460.00055077,1023.0,20.0000005383871,21.70008861155,13.7929286956787
default_shortboard,20,4,7,0,20460.0012874054,1023.0,20.0000012584608,14.9868345645095,12.728814125061
default_shortboard,20,4,7,1,20460.0009470274,1023.0,20.0000009257355,11.4090830905037,12.728814125061
default_shortboard,20,4,7,2,20459.9994089167,1023.0,19.9999994222059,10.5839888945164,12.728814125061
default_shortboard,20,4,7,3,20460.0002261469,1023.0,20.0000002210625,10.4779426508127,12.728814125061
default_shortboard,20,4,7,4,20459.998843966,1023.0,19.999998869957,8.705135385224,12.728814125061
default_shortboard,20,4,7,5,20459.9996505477,1023.0,19.9999996584044,9.17654202134093,12.728814125061
default_shortboard,20,4,7,6,20460.0001824369,1023.0,20.0000001783352,9.56833532731375,12.728814125061
default_shortboard,20,4,7,7,20459.9996722289,1023.0,19.9999996795982,13.2437546647334,12.728814125061
default_shortboard,20,4,7,8,20459.9995068185,1023.0,19.9999995179067,14.8668104159231,12.728814125061
default_shortboard,20,4,7,9,20459.9993859394,1023.0,19.9999993997453,19.7712262042004,12.728814125061
default_shortboard,20,4,8,0,20460.0006081088,1023.0,20.0000005944367,7.73351919527992,7.03740835189819
default_shortboard,20,4,8,1,20460.0012551924,1023.0,20.000001226972,5.78600548159844,7.03740835189819
default_shortboard,20,4,8,2,20459.9997125319,1023.0,19.999999718995,5.05241502934494,7.03740835189819
default_shortboard,20,4,8,3,20459.9998051231,1023.0,19.9999998095045,4.79353858763537,7.03740835189819
default_shortboard,20,4,8,4,20459.9991718656,1023.0,19.9999991904845,4.07091894449337,7.03740835189819
default_shortboard,20,4,8,5,20460.0008796929,1023.0,20.0000008599149,4.51341440100534,7.03740835189819
default_shortboard,20,4,8,6,20459.9991431421,1023.0,19.9999991624068,5.37397978991226,7.03740835189819
default_shortboard,20,4,8,7,20460.0012005946,1023.0,20.0000011736018,6.56273332307587,7.03740835189819
default_shortboard,20,4,8,8,20460.0007185354,1023.0,20.0000007023806,8.53051970955986,7.03740835189819
default_shortboard,20,4,8,9,20459.9992631302,1023.0,19.9999992796972,13.3839545548304,7.03740835189819
default_shortboard,20,4,9,0,20459.9994433395,1023.0,19.9999994558549,7.49947837309633,6.76097345352173
default_shortboard,20,4,9,1,20460.0003483387,1023.0,20.0000003405071,5.25430997928618,6.76097345352173
default_shortboard,20,4,9,2,20460.0010024263,1023.0,20.0000009798889,4.61644088935338,6.76097345352173
default_shortboard,20,4,9,3,20459.9998206536,1023.0,19.9999998246859,3.53735557116033,6.76097345352173
default_shortboard,20,4,9,4,20460.000254581,1023.0,20.0000002488572,3.79122642445691,6.76097345352173
default_shortboard,20,4,9,5,20460.0006724706,1023.0,20.0000006573515,4.41299952088267,6.76097345352173
default_shortboard,20,4,9,6,20460.0004411479,1023.0,20.0000004312296,5.48255229673789,6.76097345352173
default_shortboard,20,4,9,7,20460.0005867074,1023.0,20.0000005735166,6.79354483364862,6.76097345352173
default_shortboard,20,4,9,8,20459.999410596,1023.0,19.9999994238475,8.93618284104636,6.76097345352173
default_shortboard,20,4,9,9,20460.0000315538,1023.0,20.0000000308444,13.6596432917526,6.76097345352173
default_shortboard,20,4,10,0,20459.9985848655,1023.0,19.9999986166818,5.06035132775155,5.54511070251465
default_shortboard,20,4,10,1,20460.0001323134,1023.0,20.0000001293386,4.37870747114086,5.54511070251465
default_shortboard,20,4,10,2,20459.9986888663,1023.0,19.9999987183444,3.70054212343331,5.54511070251465
default_shortboard,20,4,10,3,20460.0013218901,1023.0,20.0000012921702,2.73400194035998,5.54511070251465
default_shortboard,20,4,10,4,20460.0006323925,1023.0,20.0000006181745,2.79816748497487,5.54511070251465
default_shortboard,20,4,10,5,20459.9990631577,1023.0,19.9999990842206,3.3365919518685,5.54511070251465
default_shortboard,20,4,10,6,20460.0012073165,1023.0,20.0000011801725,4.25857393775261,5.54511070251465
default_shortboard,20,4,10,7,20459.9987584394,1023.0,19.9999987863533,5.71166248316084,5.54511070251465
default_shortboard,20,4,10,8,20459.9989840694,1023.0,19.9999990069104,7.59858867840498,5.54511070251465
default_shortboard,20,4,10,9,20459.999200195,1023.0,19.9999992181769,12.5100207642678,5.54511070251465
default_shortboard,30,0,0,0,20460.0010677997,1023.0,20.0000010437925,24.0522696717807,20.2724113464355
default_shortboard,30,0,0,1,20459.9997126835,1023.0,19.9999997191432,24.0172853974763,20.2724113464355
default_shortboard,30,0,0,2,20459.999792119,1023.0,19.9999997967927,24.2673574381715,20.2724113464355
default_shortboard,30,0,0,3,20459.9998006454,1023.0,19.9999998051275,25.1390012582278,20.2724113464355
default_shortboard,30,0,0,4,20459.9989084594,1023.0,19.9999989330004,25.2430205031199,20.2724113464355
default_shortboard,30,0,0,5,20459.9998435191,1023.0,19.9999998470373,21.8129851436161,20.2724113464355
default_shortboard,30,0,0,6,20459.9996043526,1023.0,19.9999996132479,22.0133442493485,20.2724113464355
default_shortboard,30,0,0,7,20459.9995772324,1023.0,19.9999995867374,21.7663794326915,20.2724113464355
default_shortboard,30,0,0,8,20459.9996710479,1023.0,19.9999996784437,21.2766450565264,20.2724113464355
default_shortboard,30,0,0,9,20460.0004588364,1023.0,20.0000004485205,21.2349085831496,20.2724113464355
default_shortboard,30,0,1,0,20460.0009590519,1023.0,20.0000009374896,18.2446925700144,14.6075134277344
default_shortboard,30,0,1,1,20460.0008334897,1023.0,20.0000008147504,18.1462947165655,14.6075134277344
default_shortboard,30,0,1,2,20459.9990087094,1023.0,19.9999990309965,18.1610139302402,14.6075134277344
default_shortboard,30,0,1,3,20460.0004890483,1023.0,20.000000478053,18.53380442812,14.6075134277344
default_shortboard,30,0,1,4,20459.9995976996,1023.0,19.9999996067445,17.0499389885927,14.6075134277344
default_shortboard,30,0,1,5,20460.0005877424,1023.0,20.0000005745283,15.7273036130684,14.6075134277344
default_shortboard,30,0,1,6,20460.0004041254,1023.0,20.0000003950395,15.874042077674,14.6075134277344
default_shortboard,30,0,1,7,20459.9984289887,1023.0,19.9999984643096,15.6545990872635,14.6075134277344
default_shortboard,30,0,1,8,20460.0005715056,1023.0,20.0000005586565,15.2377690444517,14.6075134277344
default_shortboard,30,0,1,9,20459.9999576273,1023.0,19.9999999585799,15.2077475515832,14.6075134277344
default_shortboard,30,0,2,0,20459.999156338,1023.0,19.999999175306,14.7828151409304,11.3919200897217
default_shortboard,30,0,2,1,20460.0013514625,1023.0,20.0000013210777,14.6297051875293,11.3919200897217
default_shortboard,30,0,2,2,20460.0001885566,1023.0,20.0000001843173,14.6564086265102,11.3919200897217
default_shortboard,30,0,2,3,20460.0010332551,1023.0,20.0000010100245,14.8554559041952,11.3919200897217
default_shortboard,30,0,2,4,20460.0010274097,1023.0,20.0000010043106,13.4209509104622,11.3919200897217
default_shortboard,30,0,2,5,20460.0000571543,1023.0,20.0000000558693,12.2712291627241,11.3919200897217
default_shortboard,30,0,2,6,20460.0005551127,1023.0,20.0000005426321,12.2986183440706,11.3919200897217
default_shortboard,30,0,2,7,20460.0001490924,1023.0,20.0000001457404,12.0229285684853,11.3919200897217
default_shortboard,30,0,2,8,20459.9993189435,1023.0,19.9999993342557,11.6495158043799,11.3919200897217
default_shortboard,30,0,2,9,20460.0002419711,1023.0,20.0000002365309,12.1420775513519,11.3919200897217
default_shortboard,30,0,3,0,20460.0008076675,1023.0,20.0000007895088,9.07181121164439,5.87239217758179
default_shortboard,30,0,3,1,20459.9983331627,1023.0,19.9999983706381,7.90393134858224,5.87239217758179
default_shortboard,30,0,3,2,20460.0007509585,1023.0,20.0000007340748,7.31838520740692,5.87239217758179
default_shortboard,30,0,3,3,20460.0009319028,1023.0,20.0000009109509,6.8715711988209,5.87239217758179
default_shortboard,30,0,3,4,20459.9996920029,1023.0,19.9999996989275,6.30204509589727,5.87239217758179
default_shortboard,30,0,3,5,20459.9991834112,1023.0,19.9999992017705,5.33455692838005,5.87239217758179
default_shortboard,30,0,3,6,20459.9997723644,1023.0,19.9999997774823,4.98278512098743,5.87239217758179
default_shortboard,30,0,3,7,20459.9997268153,1023.0,19.9999997329572,4.83011717042174,5.87239217758179
default_shortboard,30,0,3,8,20460.000692247,1023.0,20.0000006766833,4.41793903755568,5.87239217758179
default_shortboard,30,0,3,9,20459.9996795821,1023.0,19.999999686786,5.29121814856198,5.87239217758179
default_shortboard,30,0,4,0,20459.9985822685,1023.0,19.9999986141432,7.30908483703189,4.42649412155151
default_shortboard,30,0,4,1,20459.9991161468,1023.0,19.9999991360184,5.91218830939506,4.42649412155151
default_shortboard,30,0,4,2,20460.0000127405,1023.0,20.0000000124541,4.70314989325913,4.42649412155151
default_shortboard,30,0,4,3,20460.0004184001,1023.0,20.0000004089932,4.12071065177233,4.42649412155151
default_shortboard,30,0,4,4,20459.9996330598,1023.0,19.9999996413096,3.45576999619835,4.42649412155151
default_shortboard,30,0,4,5,20460.0013907736,1023.0,20.000001359505,3.16886157186821,4.42649412155151
default_shortboard,30,0,4,6,20460.0002936947,1023.0,20.0000002870916,2.93709841066736,4.42649412155151
default_shortboard,30,0,4,7,20459.9988394889,1023.0,19.9999988655805,2.67550498021706,4.42649412155151
default_shortboard,30,0,4,8,20460.0003335435,1023.0,20.0000003260445,0.954122142654948,4.42649412155151
default_shortboard,30,0,4,9,20460.0003970271,1023.0,20.0000003881008,2.98409189564002,4.42649412155151
default_shortboard,30,0,5,0,20460.0006461598,1023.0,20.0000006316323,6.23825669650625,3.77907538414001
default_shortboard,30,0,5,1,20459.9999212712,1023.0,19.9999999230413,4.59713885443837,3.77907538414001
default_shortboard,30,0,5,2,20459.999905158,1023.0,19.9999999072903,3.16340385144161,3.77907538414001
default_shortboard,30,0,5,3,20460.0002639065,1023.0,20.0000002579731,2.76982408215639,3.77907538414001
default_shortboard,30,0,5,4,20460.0023303908,1023.0,20.0000022779968,2.44861533011464,3.77907538414001
default_shortboard,30,0,5,5,20459.9999259648,1023.0,19.9999999276293,2.32565446804858,3.77907538414001
default_shortboard,30,0,5,6,20459.9985024517,1023.0,19.9999985361209,2.44932923862451,3.77907538414001
default_shortboard,30,0,5,7,20460.0017434404,1023.0,20.0000017042428,2.60291662832843,3.77907538414001
default_shortboard,30,0,5,8,20460.0003628803,1023.0,20.0000003547217,1.59427048161874,3.77907538414001
default_shortboard,30,0,5,9,20459.9994892495,1023.0,19.9999995007327,3.47894955862607,3.77907538414001
default_shortboard,30,0,6,0,20460.0003495364,1023.0,20.0000003416778,5.48284245828185,3.19095993041992
default_shortboard,30,0,6,1,20460.0012018413,1023.0,20.0000011748204,3.68009380871019,3.19095993041992
default_shortboard,30,0,6,2,20459.999918,1023.0,19.9999999198436,2.74197485936613,3.19095993041992
default_shortboard,30,0,6,3,20460.0016398048,1023.0,20.0000016029373,1.64780506358497,3.19095993041992
default_shortboard,30,0,6,4,20460.0000718956,1023.0,20.0000000702792,1.51825408806242,3.19095993041992
default_shortboard,30,0,6,5,20460.0001916015,1023.0,20.0000001872937,1.83349897195695,3.19095993041992
default_shortboard,30,0,6,6,20460.0005123606,1023.0,20.0000005008413,2.33997663444262,3.19095993041992
default_shortboard,30,0,6,7,20460.000475144,1023.0,20.0000004644613,2.97857342167939,3.19095993041992
default_shortboard,30,0,6,8,20460.0002070884,1023.0,20.0000002024325,2.31299312045487,3.19095993041992
default_shortboard,30,0,6,9,20459.9989801348,1023.0,19.9999990030643,0.386295846464318,3.19095993041992
default_shortboard,30,1,0,0,20459.9997319767,1023.0,19.9999997380026,22.1155085458598,17.2879829406738
default_shortboard,30,1,0,1,20460.0003170406,1023.0,20.0000003099126,24.3679434206234,17.2879829406738
default_shortboard,30,1,0,2,20459.9993673048,1023.0,19.9999993815296,24.448426609262,17.2879829406738
default_shortboard,30,1,0,3,20460.0007171258,1023.0,20.0000007010027,18.4488767332528,17.2879829406738
default_shortboard,30,1,0,4,20459.9993815692,1023.0,19.9999993954733,18.7496103437685,17.2879829406738
default_shortboard,30,1,0,5,20460.0005817433,1023.0,20.000000568664,18.4972030218863,17.2879829406738
default_shortboard,30,1,0,6,20459.9993834132,1023.0,19.9999993972759,17.8907002579801,17.2879829406738
default_shortboard,30,1,0,7,20459.9999353365,1023.0,19.9999999367903,17.5569800908256,17.2879829406738
default_shortboard,30,1,0,8,20460.0015993521,1023.0,20.0000015633941,17.6184477509437,17.2879829406738
default_shortboard,30,1,0,9,20459.9995040837,1023.0,19.9999995152334,18.9657366416622,17.2879829406738
default_shortboard,30,1,1,0,20459.9997558007,1023.0,19.999999761291,16.7314427799215,12.852409362793
default_shortboard,30,1,1,1,20460.000473677,1023.0,20.0000004630274,16.9545766279158,12.852409362793
default_shortboard,30,1,1,2,20460.0005329198,1023.0,20.0000005209382,17.2195700683382,12.852409362793
default_shortboard,30,1,1,3,20460.0001008946,1023.0,20.0000000986262,13.8061362153116,12.852409362793
default_shortboard,30,1,1,4,20459.9989673697,1023.0,19.9999989905862,13.8713271300854,12.852409362793
default_shortboard,30,1,1,5,20459.9978727944,1023.0,19.9999979206201,13.4808948146444,12.852409362793
default_shortboard,30,1,1,6,20459.9996368954,1023.0,19.9999996450591,12.6850086649891,12.852409362793
default_shortboard,30,1,1,7,20459.9990893432,1023.0,19.9999991098174,12.6057044931927,12.852409362793
default_shortboard,30,1,1,8,20459.9990687302,1023.0,19.9999990896678,13.7259475941572,12.852409362793
default_shortboard,30,1,1,9,20459.9994811244,1023.0,19.9999994927902,18.6177623827927,12.852409362793
default_shortboard,30,1,2,0,20460.0005483696,1023.0,20.0000005360407,9.88965345025154,6.61878108978271
default_shortboard,30,1,2,1,20460.0001977191,1023.0,20.0000001932739,9.42526862244326,6.61878108978271
default_shortboard,30,1,2,2,20459.9992615946,1023.0,19.9999992781961,7.91150348932448,6.61878108978271
default_shortboard,30,1,2,3,20460.000527276,1023.0,20.0000005154214,6.38523825268058,6.61878108978271
default_shortboard,30,1,2,4,20460.000304545,1023.0,20.000000297698,6.24103853318221,6.61878108978271
default_shortboard,30,1,2,5,20460.0007536785,1023.0,20.0000007367336,5.73606688474833,6.61878108978271
default_shortboard,30,1,2,6,20459.9994405074,1023.0,19.9999994530864,5.24373940920688,6.61878108978271
default_shortboard,30,1,2,7,20460.000726519,1023.0,20.0000007101848,4.82876723859736,6.61878108978271
default_shortboard,30,1,2,8,20460.0006051296,1023.0,20.0000005915245,4.72605103813032,6.61878108978271
default_shortboard,30,1,2,9,20460.0001054416,1023.0,20.000000103071,6.91790802192073,6.61878108978271
default_shortboard,30,1,3,0,20459.9990435772,1023.0,19.9999990650803,7.96272463688961,5.02571201324463
default_shortboard,30,1,3,1,20459.9988150661,1023.0,19.9999988417068,6.71104429447126,5.02571201324463
default_shortboard,30,1,3,2,20459.9990051107,1023.0,19.9999990274787,5.07839734918784,5.02571201324463
default_shortboard,30,1,3,3,20459.9999859207,1023.0,19.9999999862373,4.26514046414546,5.02571201324463
default_shortboard,30,1,3,4,20460.0004510647,1023.0,20.0000004409235,3.72834855866727,5.02571201324463
default_shortboard,30,1,3,5,20459.998857963,1023.0,19.9999988836393,3.44862388902296,5.02571201324463
default_shortboard,30,1,3,6,20460.0013868624,1023.0,20.0000013556818,3.27685805101541,5.02571201324463
default_shortboard,30,1,3,7,20460.001642867,1023.0,20.0000016059306,2.1185978197582,5.02571201324463
default_shortboard,30,1,3,8,20459.9989807919,1023.0,19.9999990037066,1.53628794116595,5.02571201324463
default_shortboard,30,1,3,9,20460.0004859895,1023.0,20.000000475063,4.7990777677534,5.02571201324463
default_shortboard,30,1,4,0,20460.0001680716,1023.0,20.0000001642928,6.09666560144801,3.8047833442688
default_shortboard,30,1,4,1,20460.0007045619,1023.0,20.0000006887213,4.73101656317984,3.8047833442688
default_shortboard,30,1,4,2,20459.9988859779,1023.0,19.9999989110243,3.33960521300428,3.8047833442688
default_shortboard,30,1,4,3,20460.0017159528,1023.0,20.0000016773732,2.82255595885394,3.8047833442688
default_shortboard,30,1,4,4,20459.9998506463,1023.0,19.9999998540042,2.36272723723758,3.8047833442688
default_shortboard,30,1,4,5,20459.999521646,1023.0,19.9999995324008,2.36085203115698,3.8047833442688
default_shortboard,30,1,4,6,20459.9996388743,1023.0,19.9999996469934,2.59708198788766,3.8047833442688
default_shortboard,30,1,4,7,20459.9993722588,1023.0,19.9999993863722,2.11669987340251,3.8047833442688
default_shortboard,30,1,4,8,20459.9994729819,1023.0,19.9999994848308,2.32464340796238,3.8047833442688
default_shortboard,30,1,4,9,20460.0000583049,1023.0,20.000000056994,5.3095420450467,3.8047833442688
default_shortboard,30,1,5,0,20459.999379029,1023.0,19.9999993929902,5.60126635503473,3.30938386917114
default_shortboard,30,1,5,1,20459.9989776845,1023.0,19.9999990006691,4.06923615123894,3.30938386917114
default_shortboard,30,1,5,2,20460.0002971121,1023.0,20.0000002904321,2.73552770612935,3.30938386917114
default_shortboard,30,1,5,3,20460.000763336,1023.0,20.000000746174,2.16029151682208,3.30938386917114
default_shortboard,30,1,5,4,20460.0002689773,1023.0,20.0000002629299,1.85553832871714,3.30938386917114
default_shortboard,30,1,5,5,20459.9985883983,1023.0,19.9999986201352,2.04416831689234,3.30938386917114
default_shortboard,30,1,5,6,20460.0005747153,1023.0,20.0000005617941,2.66219498712554,3.30938386917114
default_shortboard,30,1,5,7,20460.0006121288,1023.0,20.0000005983664,3.24270791261435,3.30938386917114
default_shortboard,30,1,5,8,20459.999905662,1023.0,19.999999907783,3.60187739084886,3.30938386917114
default_shortboard,30,1,5,9,20460.0004154356,1023.0,20.0000004060954,2.02746316465413,3.30938386917114
default_shortboard,30,1,6,0,20459.9991187297,1023.0,19.9999991385432,5.02165449735939,2.72977256774902
default_shortboard,30,1,6,1,20460.001009473,1023.0,20.0000009867771,3.21978841048996,2.72977256774902
default_shortboard,30,1,6,2,20459.999974089,1023.0,19.9999999746715,2.06519972216488,2.72977256774902
default_shortboard,30,1,6,3,20459.999820037,1023.0,19.999999824083,1.44410549760352,2.72977256774902
default_shortboard,30,1,6,4,20460.0007728751,1023.0,20.0000007554986,1.31449019360752,2.72977256774902
default_shortboard,30,1,6,5,20460.0001254938,1023.0,20.0000001226724,1.68015246269656,2.72977256774902
default_shortboard,30,1,6,6,20460.000272098,1023.0,20.0000002659805,2.54322072569158,2.72977256774902
default_shortboard,30,1,6,7,20459.9990256762,1023.0,19.9999990475819,3.01382259165224,2.72977256774902
default_shortboard,30,1,6,8,20460.0020556635,1023.0,20.0000020094462,4.37467111730391,2.72977256774902
default_shortboard,30,1,6,9,20460.0007985744,1023.0,20.0000007806201,3.80833165393883,2.72977256774902
default_shortboard,30,1,7,0,20460.0001162068,1023.0,20.0000001135941,4.55659254966155,2.38669061660767
default_shortboard,30,1,7,1,20460.0004424241,1023.0,20.0000004324772,3.03843506875349,2.38669061660767
default_shortboard,30,1,7,2,20459.9993889728,1023.0,19.9999994027105,1.7687719327125,2.38669061660767
default_shortboard,30,1,7,3,20460.0014081167,1023.0,20.0000013764582,1.07831342241742,2.38669061660767
default_shortboard,30,1,7,4,20459.9997895116,1023.0,19.999999794244,0.972999178671227,2.38669061660767
default_shortboard,30,1,7,5,20460.0002568968,1023.0,20.000000251121,1.40452925357099,2.38669061660767
default_shortboard,30,1,7,6,20460.0002848383,1023.0,20.0000002784343,2.49930059137755,2.38669061660767
default_shortboard,30,1,7,7,20459.9988850801,1023.0,19.9999989101467,3.10829283351979,2.38669061660767
default_shortboard,30,1,7,8,20459.9997490761,1023.0,19.9999997547176,4.62746353524375,2.38669061660767
default_shortboard,30,1,7,9,20460.0002119267,1023.0,20.000000207162,4.85157550870472,2.38669061660767
default_shortboard,30,2,0,0,,,,,23.8444938659668
default_shortboard,30,2,0,1,20460.0003471755,1023.0,20.00000033937,25.5049348182445,23.8444938659668
default_shortboard,30,2,0,2,20460.0005656846,1023.0,20.0000005529664,25.0050069075736,23.8444938659668
default_shortboard,30,2,0,3,20460.0001922444,1023.0,20.0000001879222,24.4602158386285,23.8444938659668
default_shortboard,30,2,0,4,20459.9992220252,1023.0,19.9999992395163,24.2260120220447,23.8444938659668
default_shortboard,30,2,0,5,20460.0002547066,1023.0,20.00000024898,24.1775629730676,23.8444938659668
default_shortboard,30,2,0,6,20460.0005969495,1023.0,20.0000005835284,24.6003846184131,23.8444938659668
default_shortboard,30,2,0,7,20460.0010506865,1023.0,20.0000010270641,26.913243651495,23.8444938659668
default_shortboard,30,2,0,8,20460.000467263,1023.0,20.0000004567576,27.6368443080366,23.8444938659668
default_shortboard,30,2,0,9,20459.9998266771,1023.0,19.9999998305739,39.3952035584816,23.8444938659668
default_shortboard,30,2,1,0,20459.999892874,1023.0,19.9999998952825,20.4683756494322,9.92150783538818
default_shortboard,30,2,1,1,20459.9990363974,1023.0,19.999999058062,11.990081657225,9.92150783538818
default_shortboard,30,2,1,2,20459.9992621922,1023.0,19.9999992787803,10.8602271608015,9.92150783538818
default_shortboard,30,2,1,3,20459.9997528744,1023.0,19.9999997584305,10.1629530438089,9.92150783538818
default_shortboard,30,2,1,4,20460.0013284362,1023.0,20.0000012985691,9.72539491050873,9.92150783538818
default_shortboard,30,2,1,5,20460.0002462897,1023.0,20.0000002407524,9.00897143618145,9.92150783538818
default_shortboard,30,2,1,6,20459.9999986996,1023.0,19.9999999987288,8.58039582813747,9.92150783538818
default_shortboard,30,2,1,7,20459.9997658643,1023.0,19.9999997711283,8.37173344214593,9.92150783538818
default_shortboard,30,2,1,8,20460.0001566768,1023.0,20.0000001531542,8.59648399614631,9.92150783538818
default_shortboard,30,2,1,9,20459.9990242168,1023.0,19.9999990461552,11.8528044483284,9.92150783538818
default_shortboard,30,2,2,0,20459.9988591007,1023.0,19.9999988847514,10.9243755169966,6.96077108383179
default_shortboard,30,2,2,1,20460.0005419889,1023.0,20.0000005298034,9.03080949242155,6.96077108383179
default_shortboard,30,2,2,2,20460.0004704006,1023.0,20.0000004598247,7.07082343864246,6.96077108383179
default_shortboard,30,2,2,3,20459.9999011293,1023.0,19.9999999033522,6.36134668542216,6.96077108383179
default_shortboard,30,2,2,4,20459.9992934491,1023.0,19.9999993093344,5.88692534724026,6.96077108383179
default_shortboard,30,2,2,5,20460.0002201835,1023.0,20.0000002152332,5.34487695608224,6.96077108383179
default_shortboard,30,2,2,6,20459.998461843,1023.0,19.9999984964252,4.99154624638849,6.96077108383179
default_shortboard,30,2,2,7,20460.0003146891,1023.0,20.0000003076139,4.88621942328673,6.96077108383179
default_shortboard,30,2,2,8,20459.9999237434,1023.0,19.9999999254579,5.18987738380681,6.96077108383179
default_shortboard,30,2,2,9,20460.0005963618,1023.0,20.0000005829539,7.42111841151616,6.96077108383179
default_shortboard,30,2,3,0,20460.0002415412,1023.0,20.0000002361106,9.04104248662039,5.42422437667847
default_shortboard,30,2,3,1,20460.0009705835,1023.0,20.000000948762,6.85965546452729,5.42422437667847
default_shortboard,30,2,3,2,20460.001221042,1023.0,20.0000011935894,4.84884664081929,5.42422437667847
default_shortboard,30,2,3,3,20460.0016537492,1023.0,20.0000016165681,4.41858419681065,5.42422437667847
default_shortboard,30,2,3,4,20460.000858328,1023.0,20.0000008390303,3.94018345942632,5.42422437667847
default_shortboard,30,2,3,5,20460.0001371016,1023.0,20.0000001340191,3.7434789262573,5.42422437667847
default_shortboard,30,2,3,6,20459.9999314247,1023.0,19.9999999329665,2.97167667865054,5.42422437667847
default_shortboard,30,2,3,7,20459.9997536051,1023.0,19.9999997591448,3.08287185375545,5.42422437667847
default_shortboard,30,2,3,8,20460.0005968276,1023.0,20.0000005834091,3.25360799286935,5.42422437667847
default_shortboard,30,2,3,9,20460.0001207194,1023.0,20.0000001180053,7.17027318828122,5.42422437667847
default_shortboard,30,2,4,0,20459.9997434887,1023.0,19.9999997492559,7.25987450074685,4.04415035247803
default_shortboard,30,2,4,1,20460.000206729,1023.0,20.0000002020812,5.31997635139065,4.04415035247803
default_shortboard,30,2,4,2,20459.9989013118,1023.0,19.9999989260135,3.61819561312192,4.04415035247803
default_shortboard,30,2,4,3,20459.9994108105,1023.0,19.9999994240572,2.73655590768804,4.04415035247803
default_shortboard,30,2,4,4,20459.9997192093,1023.0,19.9999997255223,2.53608931636234,4.04415035247803
default_shortboard,30,2,4,5,20460.0010409717,1023.0,20.0000010175677,2.68754490938301,4.04415035247803
default_shortboard,30,2,4,6,20460.0003060632,1023.0,20.000000299182,3.27612480087402,4.04415035247803
default_shortboard,30,2,4,7,20460.0001188801,1023.0,20.0000001162074,3.26585534378468,4.04415035247803
default_shortboard,30,2,4,8,20459.999544569,1023.0,19.9999995548084,4.44655612640759,4.04415035247803
default_shortboard,30,2,4,9,20459.9995407308,1023.0,19.9999995510565,2.92235053408423,4.04415035247803
default_shortboard,30,2,5,0,20460.0005835784,1023.0,20.0000005704579,6.3053916992192,3.30688071250916
default_shortboard,30,2,5,1,20460.0009694193,1023.0,20.000000947624,4.37654075679488,3.30688071250916
default_shortboard,30,2,5,2,20460.0016718182,1023.0,20.0000016342309,2.93677301004157,3.30688071250916
default_shortboard,30,2,5,3,20460.0008283673,1023.0,20.0000008097432,2.01366997682525,3.30688071250916
default_shortboard,30,2,5,4,20459.9991787175,1023.0,19.9999991971823,1.79500270749054,3.30688071250916
default_shortboard,30,2,5,5,20459.9992863974,1023.0,19.9999993024412,2.15676923906765,3.30688071250916
default_shortboard,30,2,5,6,20460.0002183002,1023.0,20.0000002133922,2.95075730602569,3.30688071250916
default_shortboard,30,2,5,7,20459.9991507792,1023.0,19.9999991698721,3.21535122509827,3.30688071250916
default_shortboard,30,2,5,8,20460.0013842978,1023.0,20.0000013531748,4.90711193004924,3.30688071250916
default_shortboard,30,2,5,9,20460.0007160143,1023.0,20.0000006999162,4.32776050685961,3.30688071250916
default_shortboard,30,2,6,0,20459.9997346695,1023.0,19.9999997406349,6.01752366888577,2.90139532089233
default_shortboard,30,2,6,1,20459.9985932054,1023.0,19.9999986248342,4.00671874505712,2.90139532089233
default_shortboard,30,2,6,2,20460.0010265229,1023.0,20.0000010034437,2.24799148132682,2.90139532089233
default_shortboard,30,2,6,3,20460.0011440148,1023.0,20.000001118294,1.58911714681285,2.90139532089233
default_shortboard,30,2,6,4,20460.0009993214,1023.0,20.0000009768538,1.40772875445483,2.90139532089233
default_shortboard,30,2,6,5,20459.9997916486,1023.0,19.999999796333,1.86948252097948,2.90139532089233
default_shortboard,30,2,6,6,20459.9992464368,1023.0,19.999999263379,2.80347172997466,2.90139532089233
default_shortboard,30,2,6,7,20459.998546961,1023.0,19.9999985796295,3.44482430562982,2.90139532089233
default_shortboard,30,2,6,8,20460.001291675,1023.0,20.0000012626345,4.94515914506333,2.90139532089233
default_shortboard,30,2,6,9,20460.0009858665,1023.0,20.0000009637014,5.63054839732399,2.90139532089233
default_shortboard,30,2,7,0,20460.0007867656,1023.0,20.0000007690769,6.43835070569595,2.86405324935913
default_shortboard,30,2,7,1,20460.0003906008,1023.0,20.0000003818189,4.00481370682594,2.86405324935913
default_shortboard,30,2,7,2,20460.0008911103,1023.0,20.0000008710755,2.10921175939148,2.86405324935913
default_shortboard,30,2,7,3,20460.0016364273,1023.0,20.0000015996357,1.49281949942754,2.86405324935913
default_shortboard,30,2,7,4,20460.0001308226,1023.0,20.0000001278813,1.36752462802461,2.86405324935913
default_shortboard,30,2,7,5,20459.9996265113,1023.0,19.9999996349084,1.80762210999736,2.86405324935913
default_shortboard,30,2,7,6,20460.0009121868,1023.0,20.0000008916782,2.828516020918,2.86405324935913
default_shortboard,30,2,7,7,20460.0011527446,1023.0,20.0000011268275,3.55657989804813,2.86405324935913
default_shortboard,30,2,7,8,20459.9983686089,1023.0,19.9999984052873,5.2855545494757,2.86405324935913
default_shortboard,30,2,7,9,20459.9995362266,1023.0,19.9999995466536,6.59214358370166,2.86405324935913
default_shortboard,30,2,8,0,20459.9998376085,1023.0,19.9999998412595,4.90793188945187,1.94450449943542
default_shortboard,30,2,8,1,20459.9987153173,1023.0,19.9999987442007,2.87289038815767,1.94450449943542
default_shortboard,30,2,8,2,20459.9991600091,1023.0,19.9999991788946,1.289301889464,1.94450449943542
default_shortboard,30,2,8,3,20459.9999663284,1023.0,19.9999999670855,0.653613648545807,1.94450449943542
default_shortboard,30,2,8,4,20460.0002094723,1023.0,20.0000002047628,0.50172855089405,1.94450449943542
default_shortboard,30,2,8,5,20460.0000016715,1023.0,20.0000000016339,1.00382275984901,1.94450449943542
default_shortboard,30,2,8,6,20460.0003645293,1023.0,20.0000003563336,2.17982026804024,1.94450449943542
default_shortboard,30,2,8,7,20459.9996085638,1023.0,19.9999996173644,3.07895375869941,1.94450449943542
default_shortboard,30,2,8,8,20459.9989866277,1023.0,19.9999990094112,5.12629279080684,1.94450449943542
default_shortboard,30,2,8,9,20459.9989575513,1023.0,19.9999989809885,6.96649705249528,1.94450449943542
default_shortboard,30,2,9,0,20460.000543076,1023.0,20.000000530866,4.24358874166923,1.58013677597046
default_shortboard,30,2,9,1,20460.0009192692,1023.0,20.0000008986013,2.32893935313129,1.58013677597046
default_shortboard,30,2,9,2,20459.9989078792,1023.0,19.9999989324332,0.865228033309129,1.58013677597046
default_shortboard,30,2,9,3,20460.0007098618,1023.0,20.000000693902,0.284234052649621,1.58013677597046
default_shortboard,30,2,9,4,20459.9998028067,1023.0,19.9999998072401,0.163666268198131,1.58013677597046
default_shortboard,30,2,9,5,20460.0003960249,1023.0,20.0000003871212,0.716785363563071,1.58013677597046
default_shortboard,30,2,9,6,20459.9994291179,1023.0,19.9999994419529,1.97483346698516,1.58013677597046
default_shortboard,30,2,9,7,20460.0016324974,1023.0,20.0000015957942,2.96265967625093,1.58013677597046
default_shortboard,30,2,9,8,20459.9996098916,1023.0,19.9999996186624,4.95160953875684,1.58013677597046
default_shortboard,30,2,9,9,20459.9991622327,1023.0,19.9999991810681,6.93147221784957,1.58013677597046
default_shortboard,30,3,0,0,20459.9990258672,1023.0,19.9999990477686,33.710921342915,32.5491333007813
default_shortboard,30,3,0,1,20460.0008353139,1023.0,20.0000008165336,33.8667220374996,32.5491333007813
default_shortboard,30,3,0,2,20460.0002359494,1023.0,20.0000002306445,33.875188569127,32.5491333007813
default_shortboard,30,3,0,3,20459.9999015202,1023.0,19.9999999037343,33.9836006024328,32.5491333007813
default_shortboard,30,3,0,4,20460.0003313942,1023.0,20.0000003239435,34.1633922493955,32.5491333007813
default_shortboard,30,3,0,5,20460.0002443853,1023.0,20.0000002388908,34.7728542387842,32.5491333007813
default_shortboard,30,3,0,6,20460.0000805228,1023.0,20.0000000787125,35.1427314783869,32.5491333007813
default_shortboard,30,3,0,7,20460.0002284865,1023.0,20.0000002233495,34.5381551290928,32.5491333007813
default_shortboard,30,3,0,8,20459.9986624343,1023.0,19.9999986925067,36.1666637635416,32.5491333007813
default_shortboard,30,3,0,9,20460.0002502262,1023.0,20.0000002446004,46.2359322032449,32.5491333007813
default_shortboard,30,3,1,0,20460.0007962556,1023.0,20.0000007783534,14.7386049992159,13.3402795791626
default_shortboard,30,3,1,1,20459.9999085691,1023.0,19.9999999106247,13.6106031273012,13.3402795791626
default_shortboard,30,3,1,2,20460.0010498057,1023.0,20.000001026203,13.1765306371833,13.3402795791626
default_shortboard,30,3,1,3,20459.9997574355,1023.0,19.9999997628891,12.5137250519821,13.3402795791626
default_shortboard,30,3,1,4,20460.0000430034,1023.0,20.0000000420366,12.244062007901,13.3402795791626
default_shortboard,30,3,1,5,20459.9996633231,1023.0,19.9999996708926,11.90110555902,13.3402795791626
default_shortboard,30,3,1,6,20459.9998666602,1023.0,19.9999998696581,11.7326516528268,13.3402795791626
default_shortboard,30,3,1,7,20460.0002005281,1023.0,20.0000001960196,11.931814253712,13.3402795791626
default_shortboard,30,3,1,8,20459.9990722086,1023.0,19.999999093068,12.7701491115628,13.3402795791626
default_shortboard,30,3,1,9,20460.0001255525,1023.0,20.0000001227297,21.4730321287466,13.3402795791626
default_shortboard,30,3,2,0,20459.9996934809,1023.0,19.9999997003723,11.1300102038007,8.71342277526855
default_shortboard,30,3,2,1,20460.0003806869,1023.0,20.000000372128,9.34184272381864,8.71342277526855
default_shortboard,30,3,2,2,20459.9987990019,1023.0,19.9999988260038,8.2066889357769,8.71342277526855
default_shortboard,30,3,2,3,20460.0008087147,1023.0,20.0000007905325,7.58065862219811,8.71342277526855
default_shortboard,30,3,2,4,20460.0014949039,1023.0,20.0000014612942,7.03834071425193,8.71342277526855
default_shortboard,30,3,2,5,20460.0002425417,1023.0,20.0000002370887,6.69628844371558,8.71342277526855
default_shortboard,30,3,2,6,20459.9999096038,1023.0,19.9999999116362,6.60616228615363,8.71342277526855
default_shortboard,30,3,2,7,20459.9999030921,1023.0,19.9999999052709,4.62757924446228,8.71342277526855
default_shortboard,30,3,2,8,20460.0015153834,1023.0,20.0000014813132,7.43385951424697,8.71342277526855
default_shortboard,30,3,2,9,20460.0009554768,1023.0,20.0000009339949,11.2661986413062,8.71342277526855
default_shortboard,30,3,3,0,20460.0005514197,1023.0,20.0000005390222,8.45034228374648,6.83051681518555
default_shortboard,30,3,3,1,20459.9994462271,1023.0,19.9999994586775,6.9738929210088,6.83051681518555
default_shortboard,30,3,3,2,20459.9996379011,1023.0,19.9999996460421,5.9391477781768,6.83051681518555
default_shortboard,30,3,3,3,20459.9999059486,1023.0,19.9999999080631,5.4652518505922,6.83051681518555
default_shortboard,30,3,3,4,20460.0003357667,1023.0,20.0000003282176,5.04867852125138,6.83051681518555
default_shortboard,30,3,3,5,20460.0000902902,1023.0,20.0000000882603,4.13876593319276,6.83051681518555
default_shortboard,30,3,3,6,20459.9997362395,1023.0,19.9999997421696,4.14887436388812,6.83051681518555
default_shortboard,30,3,3,7,20459.9992432115,1023.0,19.9999992602263,4.5744725530209,6.83051681518555
default_shortboard,30,3,3,8,20459.9993174511,1023.0,19.9999993327968,4.44747312835179,6.83051681518555
default_shortboard,30,3,3,9,20460.0011482053,1023.0,20.0000011223903,9.52290668536414,6.83051681518555
default_shortboard,30,3,4,0,20460.0014202634,1023.0,20.0000013883318,7.59365279686651,6.15816259384155
default_shortboard,30,3,4,1,20459.9989295289,1023.0,19.9999989535962,6.2775799579168,6.15816259384155
default_shortboard,30,3,4,2,20459.9998694098,1023.0,19.9999998723458,5.24708069169319,6.15816259384155
default_shortboard,30,3,4,3,20459.9995262021,1023.0,19.9999995368544,4.77091267930294,6.15816259384155
default_shortboard,30,3,4,4,20460.0007901791,1023.0,20.0000007724135,4.4245743089146,6.15816259384155
default_shortboard,30,3,4,5,20460.0005159725,1023.0,20.000000504372,3.62054062842395,6.15816259384155
default_shortboard,30,3,4,6,20459.9985783644,1023.0,19.9999986103269,3.8801977320104,6.15816259384155
default_shortboard,30,3,4,7,20459.9997750155,1023.0,19.9999997800738,4.18070313115461,6.15816259384155
default_shortboard,30,3,4,8,20459.9981725051,1023.0,19.9999982135925,4.91217012907213,6.15816259384155
default_shortboard,30,3,4,9,20460.0009760829,1023.0,20.0000009541378,9.66698297220222,6.15816259384155
default_shortboard,30,3,5,0,20460.0005047398,1023.0,20.0000004933918,6.33001677896711,4.9575047492981
default_shortboard,30,3,5,1,20459.9991707317,1023.0,19.9999991893761,4.65800532371075,4.9575047492981
default_shortboard,30,3,5,2,20459.9997019813,1023.0,19.9999997086816,4.03998572232,4.9575047492981
default_shortboard,30,3,5,3,20459.9999076618,1023.0,19.9999999097379,3.43385543516221,4.9575047492981
default_shortboard,30,3,5,4,20460.0000906533,1023.0,20.0000000886152,3.30260528546314,4.9575047492981
default_shortboard,30,3,5,5,20459.9997461454,1023.0,19.9999997518528,3.67066230546576,4.9575047492981
default_shortboard,30,3,5,6,20459.9985932002,1023.0,19.9999986248291,3.493504026706,4.9575047492981
default_shortboard,30,3,5,7,20459.9995642116,1023.0,19.9999995740094,4.65886729001548,4.9575047492981
default_shortboard,30,3,5,8,20460.000004619,1023.0,20.0000000045151,6.21634877596548,4.9575047492981
default_shortboard,30,3,5,9,20460.0003265805,1023.0,20.000000319238,5.48782866797045,4.9575047492981
default_shortboard,30,3,6,0,20460.0014347973,1023.0,20.0000014025389,5.91287077591978,2.64143490791321
default_shortboard,30,3,6,1,20460.0011440746,1023.0,20.0000011183525,3.78212784307774,2.64143490791321
default_shortboard,30,3,6,2,20460.0009316013,1023.0,20.0000009106562,1.96751382222514,2.64143490791321
default_shortboard,30,3,6,3,20459.9996115465,1023.0,19.9999996202801,1.2936926006358,2.64143490791321
default_shortboard,30,3,6,4,20459.9999430501,1023.0,19.9999999443305,1.15134017570595,2.64143490791321
default_shortboard,30,3,6,5,20459.9983414244,1023.0,19.999998378714,1.65853954332182,2.64143490791321
default_shortboard,30,3,6,6,20460.0003392325,1023.0,20.0000003316056,2.69394236151498,2.64143490791321
default_shortboard,30,3,6,7,20460.0002718396,1023.0,20.0000002657279,3.41819323754039,2.64143490791321
default_shortboard,30,3,6,8,20460.0002057268,1023.0,20.0000002011014,5.22550370109859,2.64143490791321
default_shortboard,30,3,6,9,20460.0005491179,1023.0,20.0000005367722,6.44469420520874,2.64143490791321
default_shortboard,30,3,7,0,20460.000431315,1023.0,20.0000004216178,3.9351153716774,1.57156467437744
default_shortboard,30,3,7,1,20460.0011828814,1023.0,20.0000011562868,2.20442795727266,1.57156467437744
default_shortboard,30,3,7,2,20459.9995377832,1023.0,19.9999995481752,0.79204487429425,1.57156467437744
default_shortboard,30,3,7,3,20460.0010554481,1023.0,20.0000010317186,0.236751332608784,1.57156467437744
default_shortboard,30,3,7,4,20460.0009865341,1023.0,20.000000964354,0.177104569297745,1.57156467437744
default_shortboard,30,3,7,5,20460.0001492443,1023.0,20.0000001458889,0.731698064404146,1.57156467437744
default_shortboard,30,3,7,6,20460.0003749614,1023.0,20.0000003665312,1.46920472663946,1.57156467437744
default_shortboard,30,3,7,7,20460.0011274806,1023.0,20.0000011021315,2.9486959303759,1.57156467437744
default_shortboard,30,3,7,8,20459.9998191711,1023.0,19.9999998232366,4.89826804040635,1.57156467437744
default_shortboard,30,3,7,9,20459.9995118071,1023.0,19.9999995227831,6.75645927824093,1.57156467437744
default_shortboard,30,3,8,0,20459.9991274702,1023.0,19.9999991470872,4.32422417296046,1.7894788980484
default_shortboard,30,3,8,1,20459.9980886061,1023.0,19.9999981315797,2.45001264481466,1.7894788980484
default_shortboard,30,3,8,2,20460.000868527,1023.0,20.000000849,1.05189269434917,1.7894788980484
default_shortboard,30,3,8,3,20459.9991507262,1023.0,19.9999991698204,0.488218157902736,1.7894788980484
default_shortboard,30,3,8,4,20460.0005283606,1023.0,20.0000005164815,0.383793356942534,1.7894788980484
default_shortboard,30,3,8,5,20460.0001018175,1023.0,20.0000000995284,0.917017278668776,1.7894788980484
default_shortboard,30,3,8,6,20460.0000497899,1023.0,20.0000000486704,1.46784520608948,1.7894788980484
default_shortboard,30,3,8,7,20459.9985758985,1023.0,19.9999986079164,3.07231239403006,1.7894788980484
default_shortboard,30,3,8,8,20460.0005608067,1023.0,20.0000005481981,4.88080753255143,1.7894788980484
default_shortboard,30,3,8,9,20459.9992690724,1023.0,19.9999992855057,6.65172745108823,1.7894788980484
default_shortboard,30,3,9,0,20459.9995902543,1023.0,19.9999995994666,4.30481659666295,1.64136493206024
default_shortboard,30,3,9,1,20459.9995485668,1023.0,19.9999995587164,2.39016739370667,1.64136493206024
default_shortboard,30,3,9,2,20459.9991399883,1023.0,19.9999991593238,0.926456199760549,1.64136493206024
default_shortboard,30,3,9,3,20459.9997176259,1023.0,19.9999997239745,0.345462196078751,1.64136493206024
default_shortboard,30,3,9,4,20459.9986901596,1023.0,19.9999987196086,0.224894426190365,1.64136493206024
default_shortboard,30,3,9,5,20459.9998654522,1023.0,19.9999998684772,0.374233942655924,1.64136493206024
default_shortboard,30,3,9,6,20459.9997264314,1023.0,19.999999732582,1.41871208205025,1.64136493206024
default_shortboard,30,3,9,7,20460.0000872799,1023.0,20.0000000853176,3.02388776231424,1.64136493206024
default_shortboard,30,3,9,8,20459.9995860857,1023.0,19.9999995953917,5.01283802289878,1.64136493206024
default_shortboard,30,3,9,9,20460.0009525587,1023.0,20.0000009311425,6.99270035461831,1.64136493206024
default_shortboard,30,4,0,0,20460.0003052383,1023.0,20.0000002983757,48.5433813285592,45.0
default_shortboard,30,4,0,1,20459.9996955746,1023.0,19.999999702419,85.2278607069757,45.0
default_shortboard,30,4,0,2,20459.9990296085,1023.0,19.9999990514257,70.0706144059166,45.0
default_shortboard,30,4,0,3,20459.999367541,1023.0,19.9999993817605,65.5422004519291,45.0
default_shortboard,30,4,0,4,20459.9999523487,1023.0,19.9999999534201,65.1686523558125,45.0
default_shortboard,30,4,0,5,20460.0010800713,1023.0,20.0000010557882,68.6600660244313,45.0
default_shortboard,30,4,0,6,20460.0010510235,1023.0,20.0000010273934,72.633525695442,45.0
default_shortboard,30,4,0,7,20460.0003983751,1023.0,20.0000003894184,78.8603478106875,45.0
default_shortboard,30,4,0,8,20460.000977183,1023.0,20.0000009552131,81.7273707055241,45.0
default_shortboard,30,4,0,9,20460.0006437074,1023.0,20.000000629235,23.2337735501099,45.0
default_shortboard,30,4,1,0,,,,,45.0
default_shortboard,30,4,1,1,20460.000025711,1023.0,20.000000025133,82.6193695747043,45.0
default_shortboard,30,4,1,2,20460.001100532,1023.0,20.0000010757889,78.5089179992513,45.0
default_shortboard,30,4,1,3,20459.9996540094,1023.0,19.9999996617882,74.7348278523873,45.0
default_shortboard,30,4,1,4,20459.9995057874,1023.0,19.9999995168988,74.9149171770349,45.0
default_shortboard,30,4,1,5,20459.99990703,1023.0,19.9999999091203,76.8198632692847,45.0
default_shortboard,30,4,1,6,20460.0003007214,1023.0,20.0000002939603,83.9478571468199,45.0
default_shortboard,30,4,1,7,20459.9994669913,1023.0,19.9999994789749,87.4224741738851,45.0
default_shortboard,30,4,1,8,20460.0014103898,1023.0,20.0000013786801,23.6808355264309,45.0
default_shortboard,30,4,1,9,20459.9986836404,1023.0,19.999998713236,22.8085515139703,45.0
default_shortboard,30,4,2,0,20459.9985830504,1023.0,19.9999986149075,17.922092461437,14.9346866607666
default_shortboard,30,4,2,1,20460.0000327555,1023.0,20.0000000320191,15.3015224468984,14.9346866607666
default_shortboard,30,4,2,2,20459.9991920576,1023.0,19.9999992102225,14.2203833827845,14.9346866607666
default_shortboard,30,4,2,3,20459.9991784968,1023.0,19.9999991969665,13.6791792893117,14.9346866607666
default_shortboard,30,4,2,4,20460.0004379367,1023.0,20.0000004280907,13.3851199155032,14.9346866607666
default_shortboard,30,4,2,5,20459.9999138051,1023.0,19.999999915743,13.2516675381863,14.9346866607666
default_shortboard,30,4,2,6,20459.9998565703,1023.0,19.999999859795,13.3747416176649,14.9346866607666
default_shortboard,30,4,2,7,20460.0007212745,1023.0,20.0000007050582,13.7574576626222,14.9346866607666
default_shortboard,30,4,2,8,20460.0000700023,1023.0,20.0000000684285,15.1006181146507,14.9346866607666
default_shortboard,30,4,2,9,20459.999732722,1023.0,19.9999997387311,26.9288064698672,14.9346866607666
default_shortboard,30,4,3,0,20459.9988699541,1023.0,19.9999988953608,11.7907573582399,11.1666278839111
default_shortboard,30,4,3,1,20459.9994335202,1023.0,19.9999994462563,10.5514158132958,11.1666278839111
default_shortboard,30,4,3,2,20459.9979453512,1023.0,19.9999979915457,9.96798201708969,11.1666278839111
default_shortboard,30,4,3,3,20460.0018124444,1023.0,20.0000017716954,9.42300488455529,11.1666278839111
default_shortboard,30,4,3,4,20460.0007956475,1023.0,20.000000777759,9.15184252985629,11.1666278839111
default_shortboard,30,4,3,5,20459.9990519439,1023.0,19.999999073259,9.10791742828285,11.1666278839111
default_shortboard,30,4,3,6,20459.9992943814,1023.0,19.9999993102458,6.77355578905291,11.1666278839111
default_shortboard,30,4,3,7,20460.0018785184,1023.0,20.0000018362839,9.8319741319996,11.1666278839111
default_shortboard,30,4,3,8,20460.000490071,1023.0,20.0000004790528,10.7682552117495,11.1666278839111
default_shortboard,30,4,3,9,20460.0010379554,1023.0,20.0000010146192,17.0154048768391,11.1666278839111
default_shortboard,30,4,4,0,20459.9997023823,1023.0,19.9999997090736,10.3065928578416,10.0322704315186
default_shortboard,30,4,4,1,20460.0005054205,1023.0,20.0000004940572,9.2196486237761,10.0322704315186
default_shortboard,30,4,4,2,20460.0008912967,1023.0,20.0000008712577,8.43036798094042,10.0322704315186
default_shortboard,30,4,4,3,20460.001333436,1023.0,20.0000013034565,8.00503615323051,10.0322704315186
default_shortboard,30,4,4,4,20460.0001180751,1023.0,20.0000001154204,7.92467683650493,10.0322704315186
default_shortboard,30,4,4,5,20460.0010716673,1023.0,20.0000010475731,6.13751383806578,10.0322704315186
default_shortboard,30,4,4,6,20460.0007162928,1023.0,20.0000007001885,6.72651597634202,10.0322704315186
default_shortboard,30,4,4,7,20459.9998370895,1023.0,19.9999998407522,6.85458720589395,10.0322704315186
default_shortboard,30,4,4,8,20459.9999172335,1023.0,19.9999999190943,6.5656377703278,10.0322704315186
default_shortboard,30,4,4,9,20459.9997537641,1023.0,19.9999997593002,15.2187789344511,10.0322704315186
default_shortboard,30,4,5,0,20460.0000749018,1023.0,20.0000000732178,9.59030124634113,9.57476711273193
default_shortboard,30,4,5,1,20460.0009149984,1023.0,20.0000008944266,8.49337939317984,9.57476711273193
default_shortboard,30,4,5,2,20459.9994927069,1023.0,19.9999995041123,7.768499911853,9.57476711273193
default_shortboard,30,4,5,3,20460.0007258533,1023.0,20.0000007095341,7.47694224527533,9.57476711273193
default_shortboard,30,4,5,4,20460.001627706,1023.0,20.0000015911104,5.76188045895864,9.57476711273193
default_shortboard,30,4,5,5,20459.9988167213,1023.0,19.9999988433249,5.91835699667121,9.57476711273193
default_shortboard,30,4,5,6,20460.0001458225,1023.0,20.000000142544,6.79880138941589,9.57476711273193
default_shortboard,30,4,5,7,20460.0012836014,1023.0,20.0000012547423,7.21096192413811,9.57476711273193
default_shortboard,30,4,5,8,20459.9990657324,1023.0,19.9999990867374,7.351225304153,9.57476711273193
default_shortboard,30,4,5,9,20459.9996320022,1023.0,19.9999996402759,15.2459617220344,9.57476711273193
default_shortboard,30,4,6,0,20460.0010434588,1023.0,20.0000010199988,14.3077325378045,11.918683052063
default_shortboard,30,4,6,1,20459.9994192897,1023.0,19.9999994323458,10.8785600834396,11.918683052063
default_shortboard,30,4,6,2,20460.0002671729,1023.0,20.0000002611661,10.0162208128018,11.918683052063
default_shortboard,30,4,6,3,20460.0012721277,1023.0,20.0000012435266,7.47015289170237,11.918683052063
default_shortboard,30,4,6,4,20459.9992484157,1023.0,19.9999992653135,7.79641550123152,11.918683052063
default_shortboard,30,4,6,5,20459.9980722178,1023.0,19.99999811556,8.22605768429431,11.918683052063
default_shortboard,30,4,6,6,20460.0004694377,1023.0,20.0000004588834,8.69280658839787,11.918683052063
default_shortboard,30,4,6,7,20460.0007844736,1023.0,20.0000007668364,9.37762312441083,11.918683052063
default_shortboard,30,4,6,8,20459.9991810041,1023.0,19.9999991994175,8.68117442310113,11.918683052063
default_shortboard,30,4,6,9,20459.9994439782,1023.0,19.9999994564791,20.9153129639104,11.918683052063
default_shortboard,30,4,7,0,20459.9995518044,1023.0,19.9999995618811,6.8651524574708,6.86609268188477
default_shortboard,30,4,7,1,20460.0000377141,1023.0,20.0000000368662,5.66181374052881,6.86609268188477
default_shortboard,30,4,7,2,20460.0001776496,1023.0,20.0000001736556,5.08425829239047,6.86609268188477
default_shortboard,30,4,7,3,20459.9995374231,1023.0,19.9999995478232,3.84703730540063,6.86609268188477
default_shortboard,30,4,7,4,20460.0010133401,1023.0,20.0000009905572,3.91525515468908,6.86609268188477
default_shortboard,30,4,7,5,20460.0008731111,1023.0,20.000000853481,4.38117928108871,6.86609268188477
default_shortboard,30,4,7,6,20460.0010681121,1023.0,20.0000010440979,5.48290202766994,6.86609268188477
default_shortboard,30,4,7,7,20460.0004465108,1023.0,20.000000436472,6.55533295043961,6.86609268188477
default_shortboard,30,4,7,8,20460.0005950361,1023.0,20.000000581658,7.58012926794698,6.86609268188477
default_shortboard,30,4,7,9,20460.000278116,1023.0,20.0000002718632,13.3871928673035,6.86609268188477
default_shortboard,30,4,8,0,20459.9986421204,1023.0,19.9999986726494,10.0654287641881,8.61289405822754
default_shortboard,30,4,8,1,20459.9990105632,1023.0,19.9999990328086,6.9748024974617,8.61289405822754
default_shortboard,30,4,8,2,20460.000262715,1023.0,20.0000002568084,6.56073253564281,8.61289405822754
default_shortboard,30,4,8,3,20459.9988658401,1023.0,19.9999988913393,4.41372487820574,8.61289405822754
default_shortboard,30,4,8,4,20459.999734183,1023.0,19.9999997401593,5.46811622309389,8.61289405822754
default_shortboard,30,4,8,5,20459.9991239285,1023.0,19.9999991436251,6.27478241642518,8.61289405822754
default_shortboard,30,4,8,6,20460.0002953433,1023.0,20.0000002887032,7.21931224220295,8.61289405822754
default_shortboard,30,4,8,7,20460.000380927,1023.0,20.0000003723627,8.31424592722435,8.61289405822754
default_shortboard,30,4,8,8,20459.9998158877,1023.0,19.9999998200271,9.32128498255092,8.61289405822754
default_shortboard,30,4,8,9,20460.0010763839,1023.0,20.0000010521837,15.9724298215243,8.61289405822754
default_shortboard,30,4,9,0,20460.0007347444,1023.0,20.0000007182253,4.59005445012069,4.54296779632568
default_shortboard,30,4,9,1,20460.0001336683,1023.0,20.0000001306631,3.48767922700226,4.54296779632568
default_shortboard,30,4,9,2,20459.9998927698,1023.0,19.9999998951806,2.23070546710021,4.54296779632568
default_shortboard,30,4,9,3,20459.9994926995,1023.0,19.9999995041051,1.91117692599132,4.54296779632568
default_shortboard,30,4,9,4,20459.9997197798,1023.0,19.99999972608,2.11135941596068,4.54296779632568
default_shortboard,30,4,9,5,20460.0002995983,1023.0,20.0000002928625,2.87997104270752,4.54296779632568
default_shortboard,30,4,9,6,20459.9999311231,1023.0,19.9999999326717,3.91172420615778,4.54296779632568
default_shortboard,30,4,9,7,20459.9999458953,1023.0,19.9999999471117,6.01383207148029,4.54296779632568
default_shortboard,30,4,9,8,20460.0005209982,1023.0,20.0000005092846,7.87692046239118,4.54296779632568
default_shortboard,30,4,9,9,20460.0008576446,1023.0,20.0000008383622,8.77552777242451,4.54296779632568
default_shortboard,30,4,10,0,20459.999612812,1023.0,19.9999996215171,4.41064820163255,4.91723775863647
default_shortboard,30,4,10,1,20460.0009935392,1023.0,20.0000009712015,3.44569969733992,4.91723775863647
default_shortboard,30,4,10,2,20460.0006144911,1023.0,20.0000006006756,2.10289158627531,4.91723775863647
default_shortboard,30,4,10,3,20459.9996038689,1023.0,19.9999996127751,2.07549999596399,4.91723775863647
default_shortboard,30,4,10,4,20459.9997454487,1023.0,19.9999997511718,2.49210266812088,4.91723775863647
default_shortboard,30,4,10,5,20459.9998319925,1023.0,19.9999998357698,3.33972477460594,4.91723775863647
default_shortboard,30,4,10,6,20460.000014246,1023.0,20.0000000139257,4.85524925452147,4.91723775863647
default_shortboard,30,4,10,7,20460.0015390868,1023.0,20.0000015044837,6.57188808467323,4.91723775863647
default_shortboard,30,4,10,8,20460.0006071373,1023.0,20.0000005934871,8.33094991047785,4.91723775863647
default_shortboard,30,4,10,9,20459.9992742603,1023.0,19.999999290577,8.97612269234481,4.91723775863647
default_shortboard,45,0,0,0,20459.999841687,1023.0,19.9999998452463,9.64954804095123,5.84177589416504
default_shortboard,45,0,0,1,20459.9994586745,1023.0,19.9999994708451,8.89581289013841,5.84177589416504
default_shortboard,45,0,0,2,20460.0008570488,1023.0,20.0000008377799,7.34510303313165,5.84177589416504
default_shortboard,45,0,0,3,20460.0008874474,1023.0,20.000000867495,6.1767101609343,5.84177589416504
default_shortboard,45,0,0,4,20459.9999489799,1023.0,19.999999950127,5.77418600697946,5.84177589416504
default_shortboard,45,0,0,5,20459.9981357178,1023.0,19.9999981776323,4.64196185256353,5.84177589416504
default_shortboard,45,0,0,6,20460.0008907938,1023.0,20.0000008707661,4.61308232448504,5.84177589416504
default_shortboard,45,0,0,7,20460.0005239849,1023.0,20.0000005122042,4.55024526496039,5.84177589416504
default_shortboard,45,0,0,8,20459.9994901103,1023.0,19.9999995015741,4.18603574445297,5.84177589416504
default_shortboard,45,0,0,9,20459.9994913087,1023.0,19.9999995027455,4.67920851312037,5.84177589416504
default_shortboard,45,0,1,0,20460.0005993692,1023.0,20.0000005858936,7.85710785227052,4.21759366989136
default_shortboard,45,0,1,1,20459.9998777424,1023.0,19.9999998804911,5.85081940417623,4.21759366989136
default_shortboard,45,0,1,2,20460.0003395834,1023.0,20.0000003319486,4.61334445920052,4.21759366989136
default_shortboard,45,0,1,3,20459.9994118507,1023.0,19.999999425074,3.76627163098474,4.21759366989136
default_shortboard,45,0,1,4,20460.0009430479,1023.0,20.0000009218455,3.23190312546304,4.21759366989136
default_shortboard,45,0,1,5,20459.9994900485,1023.0,19.9999995015137,3.01811054193603,4.21759366989136
default_shortboard,45,0,1,6,20459.9992204603,1023.0,19.9999992379866,2.80484728728407,4.21759366989136
default_shortboard,45,0,1,7,20459.9999112614,1023.0,19.9999999132565,2.98614906831491,4.21759366989136
default_shortboard,45,0,1,8,20459.9987683896,1023.0,19.9999987960798,1.30291373053755,4.21759366989136
default_shortboard,45,0,1,9,20459.999122822,1023.0,19.9999991425435,3.31234941636173,4.21759366989136
default_shortboard,45,1,0,0,20460.0002644428,1023.0,20.0000002584974,17.1710878331736,13.1825504302979
default_shortboard,45,1,0,1,20460.0006953613,1023.0,20.0000006797275,17.3717243768939,13.1825504302979
default_shortboard,45,1,0,2,20459.9996822994,1023.0,19.9999996894422,15.850795793684,13.1825504302979
default_shortboard,45,1,0,3,20460.0002630849,1023.0,20.00000025717,13.2051835319691,13.1825504302979
default_shortboard,45,1,0,4,20460.0019449342,1023.0,20.0000019012065,13.2156195211182,13.1825504302979
default_shortboard,45,1,0,5,20459.9990067008,1023.0,19.999999029033,12.9708252054027,13.1825504302979
default_shortboard,45,1,0,6,20460.0015632586,1023.0,20.000001528112,12.5120023713828,13.1825504302979
default_shortboard,45,1,0,7,20459.9998211493,1023.0,19.9999998251704,12.786792911931,13.1825504302979
default_shortboard,45,1,0,8,20459.9993755475,1023.0,19.999999389587,13.0283945286756,13.1825504302979
default_shortboard,45,1,0,9,20460.0000506872,1023.0,20.0000000495476,18.4138645741358,13.1825504302979
default_shortboard,45,1,1,0,20459.9989976317,1023.0,19.9999990201679,11.2579427419247,7.54860019683838
default_shortboard,45,1,1,1,20460.0004013396,1023.0,20.0000003923163,10.1918079523327,7.54860019683838
default_shortboard,45,1,1,2,20459.9998288847,1023.0,19.9999998327319,7.95363552323142,7.54860019683838
default_shortboard,45,1,1,3,20460.0004993162,1023.0,20.0000004880902,6.69608596506285,7.54860019683838
default_shortboard,45,1,1,4,20460.0004923477,1023.0,20.0000004812783,6.52380532791717,7.54860019683838
default_shortboard,45,1,1,5,20460.0000963881,1023.0,20.000000094221,6.41781917958356,7.54860019683838
default_shortboard,45,1,1,6,20459.9992829811,1023.0,19.9999992991017,6.02004853162284,7.54860019683838
default_shortboard,45,1,1,7,20460.0007594738,1023.0,20.0000007423987,5.74361164350932,7.54860019683838
default_shortboard,45,1,1,8,20460.0002069294,1023.0,20.000000202277,3.19354581800959,7.54860019683838
default_shortboard,45,1,1,9,20460.0012093059,1023.0,20.0000011821172,8.25827203035516,7.54860019683838
default_shortboard,45,1,2,0,20459.9988526692,1023.0,19.9999988784646,8.1084411900183,4.65289115905762
default_shortboard,45,1,2,1,20460.0008467112,1023.0,20.0000008276747,5.77193741081953,4.65289115905762
default_shortboard,45,1,2,2,20460.000426651,1023.0,20.0000004170587,4.58516312243263,4.65289115905762
default_shortboard,45,1,2,3,20459.9999529982,1023.0,19.9999999540549,3.78092375179989,4.65289115905762
default_shortboard,45,1,2,4,20459.999501231,1023.0,19.9999995124447,3.17322015686074,4.65289115905762
default_shortboard,45,1,2,5,20460.0007142981,1023.0,20.0000006982386,3.31970477989306,4.65289115905762
default_shortboard,45,1,2,6,20459.9990014219,1023.0,19.9999990238728,3.47018993492689,4.65289115905762
default_shortboard,45,1,2,7,20460.0002398538,1023.0,20.0000002344612,2.2298899253385,4.65289115905762
default_shortboard,45,1,2,8,20459.9997623288,1023.0,19.9999997676723,1.89671765569419,4.65289115905762
default_shortboard,45,1,2,9,20460.0008041704,1023.0,20.0000007860903,5.3623630436921,4.65289115905762
default_shortboard,45,1,3,0,20460.0003462577,1023.0,20.0000003384728,7.07575440485082,3.87834739685059
default_shortboard,45,1,3,1,20459.9995640267,1023.0,19.9999995738286,4.57957302440637,3.87834739685059
default_shortboard,45,1,3,2,20459.9990845599,1023.0,19.9999991051416,3.19681805278691,3.87834739685059
default_shortboard,45,1,3,3,20460.0017568714,1023.0,20.0000017173719,2.78625103929287,3.87834739685059
default_shortboard,45,1,3,4,20460.000154854,1023.0,20.0000001513725,2.48353002743282,3.87834739685059
default_shortboard,45,1,3,5,20459.9994928901,1023.0,19.9999995042914,2.90735588979978,3.87834739685059
default_shortboard,45,1,3,6,20460.0011321483,1023.0,20.0000011066943,2.48685093715278,3.87834739685059
default_shortboard,45,1,3,7,20459.9992172338,1023.0,19.9999992348326,2.70112187918227,3.87834739685059
default_shortboard,45,1,3,8,20460.0018641604,1023.0,20.0000018222487,2.54072935216167,3.87834739685059
default_shortboard,45,1,3,9,20460.0003974794,1023.0,20.0000003885429,6.34785235907967,3.87834739685059
default_shortboard,45,1,4,0,20460.0004927813,1023.0,20.0000004817022,6.43094216980603,3.26260495185852
default_shortboard,45,1,4,1,20459.9994170562,1023.0,19.9999994301625,3.59623045095628,3.26260495185852
default_shortboard,45,1,4,2,20460.0001562657,1023.0,20.0000001527524,2.55723395422099,3.26260495185852
default_shortboard,45,1,4,3,20459.9999110257,1023.0,19.9999999130261,2.0796350685273,3.26260495185852
default_shortboard,45,1,4,4,20459.9998629167,1023.0,19.9999998659988,2.0326114882827,3.26260495185852
default_shortboard,45,1,4,5,20459.9996877147,1023.0,19.9999996947358,1.9037125646267,3.26260495185852
default_shortboard,45,1,4,6,20459.999614128,1023.0,19.9999996228035,3.13394569816752,3.26260495185852
default_shortboard,45,1,4,7,20460.0022176383,1023.0,20.0000021677794,4.20324151401054,3.26260495185852
default_shortboard,45,1,4,8,20459.9999344618,1023.0,19.9999999359353,3.87124329900423,3.26260495185852
default_shortboard,45,1,4,9,20459.9999511782,1023.0,19.9999999522758,-0.212722847889658,3.26260495185852
default_shortboard,45,1,5,0,20460.0010160825,1023.0,20.000000993238,5.90160283911306,2.73334050178528
default_shortboard,45,1,5,1,20460.0008532539,1023.0,20.0000008340702,3.08111818199442,2.73334050178528
default_shortboard,45,1,5,2,20460.0000324194,1023.0,20.0000000316905,1.98515423047302,2.73334050178528
default_shortboard,45,1,5,3,20460.00055548,1023.0,20.0000005429912,1.47231447533766,2.73334050178528
default_shortboard,45,1,5,4,20459.9999386721,1023.0,19.999999940051,1.61072233609855,2.73334050178528
default_shortboard,45,1,5,5,20459.9991732401,1023.0,19.999999191828,1.79017133281723,2.73334050178528
default_shortboard,45,1,5,6,20460.0001493765,1023.0,20.000000146018,3.10566241832445,2.73334050178528
default_shortboard,45,1,5,7,20460.0013025156,1023.0,20.0000012732313,3.69310195948056,2.73334050178528
default_shortboard,45,1,5,8,20459.9992227188,1023.0,19.9999992401943,4.61968696721438,2.73334050178528
default_shortboard,45,1,5,9,20460.0010352325,1023.0,20.0000010119575,1.30626036700998,2.73334050178528
default_shortboard,45,1,6,0,20459.9987794656,1023.0,19.9999988069067,5.4546939436128,2.28643178939819
default_shortboard,45,1,6,1,20460.0009493625,1023.0,20.0000009280181,2.63162485666973,2.28643178939819
default_shortboard,45,1,6,2,20460.0002183554,1023.0,20.0000002134462,1.44738943080195,2.28643178939819
default_shortboard,45,1,6,3,20460.0001261099,1023.0,20.0000001232746,1.01137073621842,2.28643178939819
default_shortboard,45,1,6,4,20459.9997678217,1023.0,19.9999997730417,1.21609314759275,2.28643178939819
default_shortboard,45,1,6,5,20460.0003654502,1023.0,20.0000003572338,1.55910066321747,2.28643178939819
default_shortboard,45,1,6,6,20460.0008351124,1023.0,20.0000008163367,3.13391781660763,2.28643178939819
default_shortboard,45,1,6,7,20459.9986159368,1023.0,19.9999986470545,3.87941184172049,2.28643178939819
default_shortboard,45,1,6,8,20460.0016500184,1023.0,20.0000016129212,5.15388758335984,2.28643178939819
default_shortboard,45,1,6,9,20459.9986083386,1023.0,19.9999986396272,2.86297385592786,2.28643178939819
default_shortboard,45,1,7,0,20459.9998433688,1023.0,19.9999998468904,4.84279910029489,1.67453718185425
default_shortboard,45,1,7,1,20459.9998263491,1023.0,19.9999998302532,2.04054434369463,1.67453718185425
default_shortboard,45,1,7,2,20459.9992680675,1023.0,19.9999992845235,0.749436151586571,1.67453718185425
default_shortboard,45,1,7,3,20460.000450427,1023.0,20.0000004403001,0.249696542330951,1.67453718185425
default_shortboard,45,1,7,4,20459.9998339101,1023.0,19.9999998376443,0.511922786717038,1.67453718185425
default_shortboard,45,1,7,5,20460.0003296889,1023.0,20.0000003222766,0.888520703824742,1.67453718185425
default_shortboard,45,1,7,6,20459.9989938104,1023.0,19.9999990164325,2.32163888742013,1.67453718185425
default_shortboard,45,1,7,7,20460.000583583,1023.0,20.0000005704623,4.23700671791798,1.67453718185425
default_shortboard,45,1,7,8,20460.0010910308,1023.0,20.0000010665013,5.78150544296739,1.67453718185425
default_shortboard,45,1,7,9,20459.9994086613,1023.0,19.9999994219564,3.25900132024791,1.67453718185425
default_shortboard,45,1,8,0,20459.9998905224,1023.0,19.9999998929838,4.68737123948338,1.51910901069641
default_shortboard,45,1,8,1,20459.9986432103,1023.0,19.9999986737148,1.91485978153802,1.51910901069641
default_shortboard,45,1,8,2,20459.9993276429,1023.0,19.9999993427594,0.606474946015948,1.51910901069641
default_shortboard,45,1,8,3,20460.000164101,1023.0,20.0000001604116,-0.0858465153404312,1.51910901069641
default_shortboard,45,1,8,4,20460.0000118273,1023.0,20.0000000115614,-0.261265721240461,1.51910901069641
default_shortboard,45,1,8,5,20460.0004154189,1023.0,20.0000004060791,0.406432016843687,1.51910901069641
default_shortboard,45,1,8,6,20460.0003390033,1023.0,20.0000003313815,2.02682923327274,1.51910901069641
default_shortboard,45,1,8,7,20459.9997396947,1023.0,19.9999997455471,4.18023847064096,1.51910901069641
default_shortboard,45,1,8,8,20460.0002773052,1023.0,20.0000002710706,5.69797606847897,1.51910901069641
default_shortboard,45,1,8,9,20460.0010149718,1023.0,20.0000009921523,2.90533037584928,1.51910901069641
default_shortboard,45,1,9,0,20460.0015587481,1023.0,20.000001523703,4.56576115146331,1.39749944210052
default_shortboard,45,1,9,1,20459.9994151839,1023.0,19.9999994283322,1.74487634493046,1.39749944210052
default_shortboard,45,1,9,2,20460.0009102182,1023.0,20.0000008897539,0.482178067762026,1.39749944210052
default_shortboard,45,1,9,3,20460.0004684675,1023.0,20.000000457935,0.0845348968172454,1.39749944210052
default_shortboard,45,1,9,4,20459.9994549423,1023.0,19.9999994671968,0.371356296878552,1.39749944210052
default_shortboard,45,1,9,5,20460.0011594441,1023.0,20.0000011333765,0.876582987646493,1.39749944210052
default_shortboard,45,1,9,6,20459.9999642762,1023.0,19.9999999650794,2.1874491617041,1.39749944210052
default_shortboard,45,1,9,7,20460.0000574303,1023.0,20.0000000561391,4.25412513189312,1.39749944210052
default_shortboard,45,1,9,8,20459.9993809462,1023.0,19.9999993948643,6.01157239735434,1.39749944210052
default_shortboard,45,1,9,9,20459.9988317522,1023.0,19.9999988580178,4.0622984182626,1.39749944210052
default_shortboard,45,2,0,0,,,,,27.691219329834
default_shortboard,45,2,0,1,20459.9986603739,1023.0,19.9999986904926,28.607751766841,27.691219329834
default_shortboard,45,2,0,2,20460.0009822232,1023.0,20.00000096014,27.9432344270609,27.691219329834
default_shortboard,45,2,0,3,20459.9992921136,1023.0,19.999999308029,27.5866636357491,27.691219329834
default_shortboard,45,2,0,4,20460.0009511415,1023.0,20.0000009297571,27.4089902698848,27.691219329834
default_shortboard,45,2,0,5,20460.0001623768,1023.0,20.0000001587261,27.5702126011459,27.691219329834
default_shortboard,45,2,0,6,20459.9987952135,1023.0,19.9999988223006,28.5216408240594,27.691219329834
default_shortboard,45,2,0,7,20460.0009183883,1023.0,20.0000008977402,37.7181245095169,27.691219329834
default_shortboard,45,2,0,8,20459.9991626754,1023.0,19.9999991815009,47.7856354991031,27.691219329834
default_shortboard,45,2,0,9,,,,,27.691219329834
default_shortboard,45,2,1,0,20460.0011593763,1023.0,20.0000011333102,19.9665509006711,10.4635887145996
default_shortboard,45,2,1,1,20460.0009916037,1023.0,20.0000009693096,11.3740240063088,10.4635887145996
default_shortboard,45,2,1,2,20459.9991844826,1023.0,19.9999992028178,10.4367870133439,10.4635887145996
default_shortboard,45,2,1,3,20459.9989924091,1023.0,19.9999990150627,9.92193047411763,10.4635887145996
default_shortboard,45,2,1,4,20459.9993880003,1023.0,19.9999994017598,9.64994197214082,10.4635887145996
default_shortboard,45,2,1,5,20459.999213465,1023.0,19.9999992311486,9.21019165450103,10.4635887145996
default_shortboard,45,2,1,6,20460.0002392037,1023.0,20.0000002338257,8.89332986895175,10.4635887145996
default_shortboard,45,2,1,7,20459.9997411527,1023.0,19.9999997469723,8.9113011289381,10.4635887145996
default_shortboard,45,2,1,8,20459.9996838417,1023.0,19.9999996909498,9.50703695421542,10.4635887145996
default_shortboard,45,2,1,9,20459.9994297007,1023.0,19.9999994425227,14.3094846670385,10.4635887145996
default_shortboard,45,2,2,0,20460.0000953404,1023.0,20.0000000931968,12.2864185376262,7.47836112976074
default_shortboard,45,2,2,1,20459.9979622616,1023.0,19.9999980080758,7.18682669612021,7.47836112976074
default_shortboard,45,2,2,2,20460.0004097381,1023.0,20.000000400526,6.75414369240797,7.47836112976074
default_shortboard,45,2,2,3,20460.0002600736,1023.0,20.0000002542264,6.36218641703001,7.47836112976074
default_shortboard,45,2,2,4,20459.9997790581,1023.0,19.9999997840255,6.01587742828249,7.47836112976074
default_shortboard,45,2,2,5,20460.0001537882,1023.0,20.0000001503306,4.8657724495521,7.47836112976074
default_shortboard,45,2,2,6,20459.9993361154,1023.0,19.9999993510415,4.37724903045862,7.47836112976074
default_shortboard,45,2,2,7,20459.9997527659,1023.0,19.9999997583245,4.07117865878602,7.47836112976074
default_shortboard,45,2,2,8,20459.9995685759,1023.0,19.9999995782756,2.29294877486251,7.47836112976074
default_shortboard,45,2,2,9,20460.0008400459,1023.0,20.0000008211593,9.93172075462355,7.47836112976074
default_shortboard,45,2,3,0,20459.99937295,1023.0,19.9999993870479,9.23448854803858,5.60917091369629
default_shortboard,45,2,3,1,20459.9991480982,1023.0,19.9999991672514,6.0640832652018,5.60917091369629
default_shortboard,45,2,3,2,20459.9994782495,1023.0,19.9999994899799,4.72875365816897,5.60917091369629
default_shortboard,45,2,3,3,20460.000820469,1023.0,20.0000008020225,4.27400710451614,5.60917091369629
default_shortboard,45,2,3,4,20460.0000253689,1023.0,20.0000000247985,4.19717915603658,5.60917091369629
default_shortboard,45,2,3,5,20459.9999660349,1023.0,19.9999999667985,4.30744274568527,5.60917091369629
default_shortboard,45,2,3,6,20459.9998613997,1023.0,19.9999998645159,3.31259569660644,5.60917091369629
default_shortboard,45,2,3,7,20460.0003903771,1023.0,20.0000003816003,3.53088396280585,5.60917091369629
default_shortboard,45,2,3,8,20459.9998316023,1023.0,19.9999998353883,2.60277188747253,5.60917091369629
default_shortboard,45,2,3,9,20460.0002294574,1023.0,20.0000002242986,7.36634675361044,5.60917091369629
default_shortboard,45,2,4,0,20459.9987635345,1023.0,19.9999987913338,7.96092348881307,4.42518615722656
default_shortboard,45,2,4,1,20459.9997840833,1023.0,19.9999997889378,4.62098261413407,4.42518615722656
default_shortboard,45,2,4,2,20459.9995361442,1023.0,19.999999546573,3.44239024186818,4.42518615722656
default_shortboard,45,2,4,3,20460.0005580201,1023.0,20.0000005454742,2.97373850568402,4.42518615722656
default_shortboard,45,2,4,4,20460.0015072223,1023.0,20.0000014733356,3.19878542880716,4.42518615722656
default_shortboard,45,2,4,5,20459.9995003463,1023.0,19.9999995115799,3.70164969827324,4.42518615722656
default_shortboard,45,2,4,6,20460.0008290215,1023.0,20.0000008103827,3.39731135162799,4.42518615722656
default_shortboard,45,2,4,7,20460.0004618867,1023.0,20.0000004515021,3.94397535927502,4.42518615722656
default_shortboard,45,2,4,8,20459.9987699612,1023.0,19.9999987976161,4.38819813635897,4.42518615722656
default_shortboard,45,2,4,9,20460.0001736831,1023.0,20.0000001697782,-1.09095672374644,4.42518615722656
default_shortboard,45,2,5,0,20459.9983076932,1023.0,19.9999983457411,9.44813884698323,4.93748188018799
default_shortboard,45,2,5,1,20459.9998649983,1023.0,19.9999998680335,4.52189102969857,4.93748188018799
default_shortboard,45,2,5,2,20460.000287265,1023.0,20.0000002808065,3.78173211074525,4.93748188018799
default_shortboard,45,2,5,3,20459.9988209168,1023.0,19.999998847426,3.54156317024003,4.93748188018799
default_shortboard,45,2,5,4,20459.9998465411,1023.0,19.9999998499913,3.65220744384186,4.93748188018799
default_shortboard,45,2,5,5,20459.9996864497,1023.0,19.9999996934993,4.09022757167185,4.93748188018799
default_shortboard,45,2,5,6,20459.9992853431,1023.0,19.9999993014106,3.42608590308255,4.93748188018799
default_shortboard,45,2,5,7,20459.9998170874,1023.0,19.9999998211998,4.356003611632,4.93748188018799
default_shortboard,45,2,5,8,20460.0001111573,1023.0,20.0000001086581,4.65901760923683,4.93748188018799
default_shortboard,45,2,5,9,20460.0000353694,1023.0,20.0000000345742,9.20377033141765,4.93748188018799
default_shortboard,45,2,6,0,20460.000198816,1023.0,20.000000194346,7.04983077174029,3.36137962341309
default_shortboard,45,2,6,1,20460.0016182788,1023.0,20.0000015818952,3.47693183004235,3.36137962341309
default_shortboard,45,2,6,2,20459.9992080935,1023.0,19.9999992258978,2.21915073397264,3.36137962341309
default_shortboard,45,2,6,3,20460.0001788931,1023.0,20.0000001748711,1.90774516335006,3.36137962341309
default_shortboard,45,2,6,4,20460.0008474704,1023.0,20.0000008284168,2.31257497251393,3.36137962341309
default_shortboard,45,2,6,5,20459.9983069224,1023.0,19.9999983449877,3.10513683574743,3.36137962341309
default_shortboard,45,2,6,6,20459.9998620227,1023.0,19.9999998651248,3.11888621131854,3.36137962341309
default_shortboard,45,2,6,7,20460.000019936,1023.0,20.0000000194878,5.27662562969104,3.36137962341309
default_shortboard,45,2,6,8,20459.9995919612,1023.0,19.9999996011351,5.54871214708638,3.36137962341309
default_shortboard,45,2,6,9,20460.0006252392,1023.0,20.000000611182,2.73822374117355,3.36137962341309
default_shortboard,45,2,7,0,20459.9997096741,1023.0,19.9999997162015,4.26686926379331,4.11602401733398
default_shortboard,45,2,7,1,20459.9998422059,1023.0,19.9999998457536,3.40267218340852,4.11602401733398
default_shortboard,45,2,7,2,20460.0002948131,1023.0,20.0000002881849,2.85027816480368,4.11602401733398
default_shortboard,45,2,7,3,20460.0002044237,1023.0,20.0000001998277,2.72584935703826,4.11602401733398
default_shortboard,45,2,7,4,20460.0007430949,1023.0,20.000000726388,3.07847824329387,4.11602401733398
default_shortboard,45,2,7,5,20460.0000884745,1023.0,20.0000000864854,3.89618717260164,4.11602401733398
default_shortboard,45,2,7,6,20460.0007630479,1023.0,20.0000007458924,4.60325245230291,4.11602401733398
default_shortboard,45,2,7,7,20459.9993176153,1023.0,19.9999993329573,5.76937586276221,4.11602401733398
default_shortboard,45,2,7,8,20459.9996122988,1023.0,19.9999996210154,6.45289380832638,4.11602401733398
default_shortboard,45,2,7,9,20459.9985964028,1023.0,19.9999986279598,2.87712437585018,4.11602401733398
default_shortboard,45,2,8,0,20460.0007422264,1023.0,20.000000725539,4.62416057046562,1.45589852333069
default_shortboard,45,2,8,1,20460.0007686734,1023.0,20.0000007513914,1.79967370495662,1.45589852333069
default_shortboard,45,2,8,2,20460.0005252585,1023.0,20.0000005134491,0.382177973209182,1.45589852333069
default_shortboard,45,2,8,3,20460.0000806333,1023.0,20.0000000788204,0.150707703731099,1.45589852333069
default_shortboard,45,2,8,4,20459.9997819626,1023.0,19.9999997868647,0.467011805106987,1.45589852333069
default_shortboard,45,2,8,5,20460.0001682292,1023.0,20.000000164447,0.937195569245668,1.45589852333069
default_shortboard,45,2,8,6,20459.9994260537,1023.0,19.9999994389577,2.67256972992942,1.45589852333069
default_shortboard,45,2,8,7,20459.9993215984,1023.0,19.9999993368509,4.25987840138021,1.45589852333069
default_shortboard,45,2,8,8,20460.0010418252,1023.0,20.0000010184019,6.00127602162265,1.45589852333069
default_shortboard,45,2,8,9,20459.9996108737,1023.0,19.9999996196224,4.02853604871447,1.45589852333069
default_shortboard,45,2,9,0,20459.9996725464,1023.0,19.9999996799085,5.60446536454529,2.10707521438599
default_shortboard,45,2,9,1,20460.0001560578,1023.0,20.0000001525491,1.95752953737442,2.10707521438599
default_shortboard,45,2,9,2,20460.0000251839,1023.0,20.0000000246177,1.17914835159658,2.10707521438599
default_shortboard,45,2,9,3,20459.9991540192,1023.0,19.9999991730393,0.726701085139832,2.10707521438599
default_shortboard,45,2,9,4,20460.0012569995,1023.0,20.0000012287385,0.667826377549085,2.10707521438599
default_shortboard,45,2,9,5,20460.0012922868,1023.0,20.0000012632325,1.32330457619948,2.10707521438599
default_shortboard,45,2,9,6,20460.0017112811,1023.0,20.0000016728066,3.24988929955595,2.10707521438599
default_shortboard,45,2,9,7,20460.0000764776,1023.0,20.0000000747582,4.83372939018157,2.10707521438599
default_shortboard,45,2,9,8,20460.0004022665,1023.0,20.0000003932224,6.1148885562424,2.10707521438599
default_shortboard,45,2,9,9,20460.0010129037,1023.0,20.0000009901307,4.8045289589306,2.10707521438599
default_shortboard,45,3,0,0,20460.0001414804,1023.0,20.0000001382995,29.3598981550337,29.0466537475586
default_shortboard,45,3,0,1,20460.0004744177,1023.0,20.0000004637514,29.5551714697833,29.0466537475586
default_shortboard,45,3,0,2,20460.0005879331,1023.0,20.0000005747147,30.0885106259772,29.0466537475586
default_shortboard,45,3,0,3,20459.9999084985,1023.0,19.9999999105557,30.3576790230791,29.0466537475586
default_shortboard,45,3,0,4,20460.0007541271,1023.0,20.0000007371721,31.3065175131066,29.0466537475586
default_shortboard,45,3,0,5,20459.9993012316,1023.0,19.9999993169419,31.3784690254378,29.0466537475586
default_shortboard,45,3,0,6,20459.9998851847,1023.0,19.9999998877661,31.9759924854959,29.0466537475586
default_shortboard,45,3,0,7,20459.9989089451,1023.0,19.9999989334752,31.3129108183741,29.0466537475586
default_shortboard,45,3,0,8,20460.0001810917,1023.0,20.0000001770202,33.3562556680901,29.0466537475586
default_shortboard,45,3,0,9,20459.9997658905,1023.0,19.999999771154,44.9431428141491,29.0466537475586
default_shortboard,45,3,1,0,20460.0015409018,1023.0,20.0000015062579,12.8707761846635,12.1887426376343
default_shortboard,45,3,1,1,20459.9996908834,1023.0,19.9999996978333,11.8395434149999,12.1887426376343
default_shortboard,45,3,1,2,20459.999700276,1023.0,19.9999997070147,11.2801755877395,12.1887426376343
default_shortboard,45,3,1,3,20460.0000139734,1023.0,20.0000000136592,11.004375315954,12.1887426376343
default_shortboard,45,3,1,4,20460.0008245635,1023.0,20.0000008060249,10.6880294093898,12.1887426376343
default_shortboard,45,3,1,5,20459.9996854555,1023.0,19.9999996925274,10.5918273243778,12.1887426376343
default_shortboard,45,3,1,6,20460.0003145338,1023.0,20.0000003074622,10.646233226955,12.1887426376343
default_shortboard,45,3,1,7,20460.000939429,1023.0,20.0000009183079,10.9725332790965,12.1887426376343
default_shortboard,45,3,1,8,20459.9994537916,1023.0,19.999999466072,12.2025841134889,12.1887426376343
default_shortboard,45,3,1,9,20459.9990989987,1023.0,19.9999991192558,20.2932337722748,12.1887426376343
default_shortboard,45,3,2,0,20459.9993414863,1023.0,19.9999993562916,9.58138303659566,8.70521926879883
default_shortboard,45,3,2,1,20459.9997774192,1023.0,19.9999997824234,8.51774992502886,8.70521926879883
default_shortboard,45,3,2,2,20459.999274282,1023.0,19.9999992905982,7.63730215081613,8.70521926879883
default_shortboard,45,3,2,3,20459.9992500777,1023.0,19.9999992669381,7.2819389045431,8.70521926879883
default_shortboard,45,3,2,4,20459.9984451894,1023.0,19.999998480146,6.99902890962313,8.70521926879883
default_shortboard,45,3,2,5,20460.0006436708,1023.0,20.0000006291993,5.42553637765132,8.70521926879883
default_shortboard,45,3,2,6,20459.999782618,1023.0,19.9999997875054,4.75226513658431,8.70521926879883
default_shortboard,45,3,2,7,20459.9992239064,1023.0,19.9999992413552,4.50063355087537,8.70521926879883
default_shortboard,45,3,2,8,20460.0005359865,1023.0,20.000000523936,8.29641186760811,8.70521926879883
default_shortboard,45,3,2,9,20459.9995997737,1023.0,19.9999996087719,13.3687403239889,8.70521926879883
default_shortboard,45,3,3,0,20459.9996553402,1023.0,19.9999996630891,7.36389784797825,6.77893400192261
default_shortboard,45,3,3,1,20460.0012225657,1023.0,20.0000011950789,6.201960971065,6.77893400192261
default_shortboard,45,3,3,2,20460.000168675,1023.0,20.0000001648827,5.67962800365156,6.77893400192261
default_shortboard,45,3,3,3,20460.0006161814,1023.0,20.0000006023278,5.29858614766515,6.77893400192261
default_shortboard,45,3,3,4,20460.0001770281,1023.0,20.000000173048,4.32497606178803,6.77893400192261
default_shortboard,45,3,3,5,20459.9994173533,1023.0,19.9999994304529,4.17635692482959,6.77893400192261
default_shortboard,45,3,3,6,20460.0017551737,1023.0,20.0000017157124,4.37741356592348,6.77893400192261
default_shortboard,45,3,3,7,20459.9994705378,1023.0,19.9999994824416,4.76986907279875,6.77893400192261
default_shortboard,45,3,3,8,20460.0007654065,1023.0,20.000000748198,3.82802485542476,6.77893400192261
default_shortboard,45,3,3,9,20459.9994027069,1023.0,19.9999994161358,10.3910303184639,6.77893400192261
default_shortboard,45,3,4,0,20460.0008332355,1023.0,20.0000008145019,6.35247070363575,6.02394390106201
default_shortboard,45,3,4,1,20460.0001424913,1023.0,20.0000001392877,5.42334787159315,6.02394390106201
default_shortboard,45,3,4,2,20460.0008818942,1023.0,20.0000008620667,4.87465635963405,6.02394390106201
default_shortboard,45,3,4,3,20460.0007747356,1023.0,20.0000007573173,4.57936305121368,6.02394390106201
default_shortboard,45,3,4,4,20460.0009972386,1023.0,20.0000009748178,4.62449567455707,6.02394390106201
default_shortboard,45,3,4,5,20459.9996622125,1023.0,19.9999996698069,3.76138157268204,6.02394390106201
default_shortboard,45,3,4,6,20460.0001708258,1023.0,20.0000001669851,4.1451061452315,6.02394390106201
default_shortboard,45,3,4,7,20459.998718974,1023.0,19.9999987477751,4.82273939164505,6.02394390106201
default_shortboard,45,3,4,8,20460.0000560856,1023.0,20.0000000548246,4.27665281848347,6.02394390106201
default_shortboard,45,3,4,9,20459.9994044473,1023.0,19.999999417837,10.1899255445452,6.02394390106201
default_shortboard,45,3,5,0,20459.9997740973,1023.0,19.9999997791763,5.48860417118711,5.06378936767578
default_shortboard,45,3,5,1,20460.0003228254,1023.0,20.0000003155673,4.28175587140308,5.06378936767578
default_shortboard,45,3,5,2,20460.000223338,1023.0,20.0000002183167,3.77104309429159,5.06378936767578
default_shortboard,45,3,5,3,20459.9999225332,1023.0,19.9999999242748,3.63856613613122,5.06378936767578
default_shortboard,45,3,5,4,20459.9999984389,1023.0,19.999999998474,3.92562128006667,5.06378936767578
default_shortboard,45,3,5,5,20460.0004590615,1023.0,20.0000004487405,4.58417703399126,5.06378936767578
default_shortboard,45,3,5,6,20459.9995429332,1023.0,19.9999995532093,4.97503474141465,5.06378936767578
default_shortboard,45,3,5,7,20459.9996015784,1023.0,19.9999996105361,5.42592935515386,5.06378936767578
default_shortboard,45,3,5,8,20459.9997377213,1023.0,19.9999997436181,6.15429456347778,5.06378936767578
default_shortboard,45,3,5,9,20460.0007251764,1023.0,20.0000007088724,0.93090572463483,5.06378936767578
default_shortboard,45,3,6,0,20460.000216331,1023.0,20.0000002114673,6.11258855068462,6.41036701202393
default_shortboard,45,3,6,1,20459.999150981,1023.0,19.9999991700694,5.25402143336117,6.41036701202393
default_shortboard,45,3,6,2,20460.0004997265,1023.0,20.0000004884912,4.81665941749206,6.41036701202393
default_shortboard,45,3,6,3,20460.0003925683,1023.0,20.0000003837422,3.69047402088364,6.41036701202393
default_shortboard,45,3,6,4,20460.0003276269,1023.0,20.0000003202609,3.80095727639044,6.41036701202393
default_shortboard,45,3,6,5,20460.0003760161,1023.0,20.0000003675621,4.47139327509364,6.41036701202393
default_shortboard,45,3,6,6,20460.0016423814,1023.0,20.0000016054559,5.74905506307362,6.41036701202393
default_shortboard,45,3,6,7,20459.9998107137,1023.0,19.9999998149694,6.54338385310748,6.41036701202393
default_shortboard,45,3,6,8,20460.0004592847,1023.0,20.0000004489586,7.37395020545917,6.41036701202393
default_shortboard,45,3,6,9,20459.9999761112,1023.0,19.9999999766483,2.02580936416544,6.41036701202393
default_shortboard,45,3,7,0,20459.9988645623,1023.0,19.9999988900902,4.57041648060629,1.4021543264389
default_shortboard,45,3,7,1,20460.0005948286,1023.0,20.0000005814551,1.73465105087053,1.4021543264389
default_shortboard,45,3,7,2,20460.0006456977,1023.0,20.0000006311805,0.319715509961749,1.4021543264389
default_shortboard,45,3,7,3,20460.0013876665,1023.0,20.0000013564678,0.0997332551534902,1.4021543264389
default_shortboard,45,3,7,4,20460.000419616,1023.0,20.0000004101818,-0.0253197264411014,1.4021543264389
default_shortboard,45,3,7,5,20459.9993538099,1023.0,19.9999993683381,0.879346689073402,1.4021543264389
default_shortboard,45,3,7,6,20459.9989247808,1023.0,19.9999989489548,2.62119226838149,1.4021543264389
default_shortboard,45,3,7,7,20460.0002872872,1023.0,20.0000002808282,4.30861239320582,1.4021543264389
default_shortboard,45,3,7,8,20459.9993535876,1023.0,19.9999993681209,6.07161974710469,1.4021543264389
default_shortboard,45,3,7,9,20460.0011395689,1023.0,20.0000011139481,4.21485769319598,1.4021543264389
default_shortboard,45,3,8,0,20460.0010164539,1023.0,20.0000009936011,4.51210496992596,1.34384310245514
default_shortboard,45,3,8,1,20460.0005649376,1023.0,20.0000005522361,1.26449673030439,1.34384310245514
default_shortboard,45,3,8,2,20459.9995562763,1023.0,19.9999995662525,0.277801841208416,1.34384310245514
default_shortboard,45,3,8,3,20460.0012855643,1023.0,20.0000012566611,0.0595987367982207,1.34384310245514
default_shortboard,45,3,8,4,20459.9997069915,1023.0,19.9999997135792,0.105050024211813,1.34384310245514
default_shortboard,45,3,8,5,20460.001348557,1023.0,20.0000013182376,0.887990357525852,1.34384310245514
default_shortboard,45,3,8,6,20459.9982634883,1023.0,19.9999983025301,2.6464415985453,1.34384310245514
default_shortboard,45,3,8,7,20459.9996706344,1023.0,19.9999996780395,4.26355370750545,1.34384310245514
default_shortboard,45,3,8,8,20459.9998151136,1023.0,19.9999998192704,6.08027143888472,1.34384310245514
default_shortboard,45,3,8,9,20460.0002875884,1023.0,20.0000002811226,4.89203589029502,1.34384310245514
default_shortboard,45,4,0,0,20459.9999150358,1023.0,19.999999916946,59.6885483784418,45.0
default_shortboard,45,4,0,1,20459.9991002302,1023.0,19.9999991204596,85.5890534863681,45.0
default_shortboard,45,4,0,2,20459.9995313075,1023.0,19.999999541845,70.6053771932264,45.0
default_shortboard,45,4,0,3,20459.9998627913,1023.0,19.9999998658762,64.7469732956549,45.0
default_shortboard,45,4,0,4,20460.0007337298,1023.0,20.0000007172335,65.3931483142389,45.0
default_shortboard,45,4,0,5,20459.9997248135,1023.0,19.9999997310005,67.968866488715,45.0
default_shortboard,45,4,0,6,20460.0009506161,1023.0,20.0000009292435,74.5992519210845,45.0
default_shortboard,45,4,0,7,20460.0004321938,1023.0,20.0000004224768,81.6067129859563,45.0
default_shortboard,45,4,0,8,20459.9993985584,1023.0,19.9999994120806,79.077441760955,45.0
default_shortboard,45,4,0,9,20460.0011150861,1023.0,20.0000010900158,18.2465443486006,45.0
default_shortboard,45,4,1,0,,,,,45.0
default_shortboard,45,4,1,1,20459.9998169048,1023.0,19.9999998210213,79.8790111964413,45.0
default_shortboard,45,4,1,2,20460.0000919704,1023.0,20.0000000899026,81.7366597646522,45.0
default_shortboard,45,4,1,3,20459.9984573184,1023.0,19.9999984920024,76.9693230182333,45.0
default_shortboard,45,4,1,4,20459.9985244335,1023.0,19.9999985576085,77.4862574482599,45.0
default_shortboard,45,4,1,5,20459.9985624022,1023.0,19.9999985947236,79.2530580474156,45.0
default_shortboard,45,4,1,6,20459.9982262392,1023.0,19.9999982661185,84.941920368601,45.0
default_shortboard,45,4,1,7,20460.0004926333,1023.0,20.0000004815575,87.8314930716049,45.0
default_shortboard,45,4,1,8,20459.9982399949,1023.0,19.9999982795649,17.701392806783,45.0
default_shortboard,45,4,1,9,20460.0011361024,1023.0,20.0000011105595,16.6535219710419,45.0
default_shortboard,45,4,2,0,20459.9995472869,1023.0,19.9999995574652,13.4260656263974,12.784405708313
default_shortboard,45,4,2,1,20459.9993519932,1023.0,19.9999993665623,12.4488372050673,12.784405708313
default_shortboard,45,4,2,2,20460.000210157,1023.0,20.0000002054321,11.8646565880875,12.784405708313
default_shortboard,45,4,2,3,20460.0006976257,1023.0,20.0000006819411,11.4532936204701,12.784405708313
default_shortboard,45,4,2,4,20459.9997379135,1023.0,19.9999997438059,11.2784222013224,12.784405708313
default_shortboard,45,4,2,5,20459.9987250917,1023.0,19.9999987537553,11.2818453186885,12.784405708313
default_shortboard,45,4,2,6,20460.0010947595,1023.0,20.0000010701462,11.4633369694171,12.784405708313
default_shortboard,45,4,2,7,20459.999769236,1023.0,19.9999997744242,12.1210333909096,12.784405708313
default_shortboard,45,4,2,8,20460.0007844068,1023.0,20.0000007667711,13.1487344121917,12.784405708313
default_shortboard,45,4,2,9,20459.9998621787,1023.0,19.9999998652773,25.2009294146489,12.784405708313
default_shortboard,45,4,3,0,20460.0001190607,1023.0,20.0000001163839,11.5576048727778,11.2564544677734
default_shortboard,45,4,3,1,20460.0001971287,1023.0,20.0000001926966,10.4839109514956,11.2564544677734
default_shortboard,45,4,3,2,20459.9990559903,1023.0,19.9999990772144,9.83292616774201,11.2564544677734
default_shortboard,45,4,3,3,20459.9986391308,1023.0,19.999998669727,9.53984662020719,11.2564544677734
default_shortboard,45,4,3,4,20460.0001746392,1023.0,20.0000001707128,9.53615037579144,11.2564544677734
default_shortboard,45,4,3,5,20460.0010408127,1023.0,20.0000010174122,7.00454590926208,11.2564544677734
default_shortboard,45,4,3,6,20460.0000322454,1023.0,20.0000000315204,6.56713045656998,11.2564544677734
default_shortboard,45,4,3,7,20459.9983543747,1023.0,19.9999983913731,5.12522039578168,11.2564544677734
default_shortboard,45,4,3,8,20460.000917639,1023.0,20.0000008970078,11.8078265188966,11.2564544677734
default_shortboard,45,4,3,9,20459.9988739986,1023.0,19.9999988993144,20.411668836664,11.2564544677734
default_shortboard,45,4,4,0,20459.9994622754,1023.0,19.999999474365,10.4234064495293,10.248345375061
default_shortboard,45,4,4,1,20459.9991301147,1023.0,19.9999991496723,9.07998038327276,10.248345375061
default_shortboard,45,4,4,2,20460.0006673052,1023.0,20.0000006523023,8.57271468279166,10.248345375061
default_shortboard,45,4,4,3,20460.0003630793,1023.0,20.0000003549163,8.43052084639794,10.248345375061
default_shortboard,45,4,4,4,20460.001377144,1023.0,20.0000013461818,6.15298658872215,10.248345375061
default_shortboard,45,4,4,5,20459.9991569344,1023.0,19.9999991758889,6.68038299191353,10.248345375061
default_shortboard,45,4,4,6,20460.0011500867,1023.0,20.0000011242294,6.69923295469426,10.248345375061
default_shortboard,45,4,4,7,20460.0002243548,1023.0,20.0000002193106,6.24592874905141,10.248345375061
default_shortboard,45,4,4,8,20460.0003018765,1023.0,20.0000002950895,4.80470606061494,10.248345375061
default_shortboard,45,4,4,9,20460.000855508,1023.0,20.0000008362737,18.1556427830406,10.248345375061
default_shortboard,45,4,5,0,20460.0001391444,1023.0,20.0000001360161,9.73068953520488,9.58771991729736
default_shortboard,45,4,5,1,20459.9994905465,1023.0,19.9999995020005,8.28614390880277,9.58771991729736
default_shortboard,45,4,5,2,20460.000096187,1023.0,20.0000000940244,7.84742982126,9.58771991729736
default_shortboard,45,4,5,3,20459.9997742543,1023.0,19.9999997793297,5.62744517424678,9.58771991729736
default_shortboard,45,4,5,4,20460.0006739952,1023.0,20.0000006588418,5.6461674990218,9.58771991729736
default_shortboard,45,4,5,5,20460.000381038,1023.0,20.0000003724711,6.46117214399398,9.58771991729736
default_shortboard,45,4,5,6,20460.0001316094,1023.0,20.0000001286505,6.78613818784461,9.58771991729736
default_shortboard,45,4,5,7,20459.9994299012,1023.0,19.9999994427187,6.78591804593544,9.58771991729736
default_shortboard,45,4,5,8,20459.9999945569,1023.0,19.9999999946792,5.94070459405798,9.58771991729736
default_shortboard,45,4,5,9,20460.0000166245,1023.0,20.0000000162507,16.7891297927134,9.58771991729736
default_shortboard,45,4,6,0,20460.0009240602,1023.0,20.0000009032846,15.0716247610705,12.0807056427002
default_shortboard,45,4,6,1,20459.999538096,1023.0,19.999999548481,11.3972696371223,12.0807056427002
default_shortboard,45,4,6,2,20459.9999325549,1023.0,19.9999999340712,6.70627709296172,12.0807056427002
default_shortboard,45,4,6,3,20459.9997052753,1023.0,19.9999997119015,7.26308434370669,12.0807056427002
default_shortboard,45,4,6,4,20460.0009815553,1023.0,20.0000009594871,7.70630228721182,12.0807056427002
default_shortboard,45,4,6,5,20459.999018826,1023.0,19.9999990408856,8.07810352251863,12.0807056427002
default_shortboard,45,4,6,6,20459.99952195,1023.0,19.9999995326979,8.23459391171814,12.0807056427002
default_shortboard,45,4,6,7,20459.9993691791,1023.0,19.9999993833618,8.44205905974882,12.0807056427002
default_shortboard,45,4,6,8,20460.0015564853,1023.0,20.000001521491,6.15633156359969,12.0807056427002
default_shortboard,45,4,6,9,20459.999487029,1023.0,19.999999498562,23.2306165394428,12.0807056427002
default_shortboard,45,4,7,0,20460.0009382106,1023.0,20.0000009171169,12.6283989878041,10.1686840057373
default_shortboard,45,4,7,1,20459.9991331073,1023.0,19.9999991525975,9.08194603442463,10.1686840057373
default_shortboard,45,4,7,2,20459.9990759651,1023.0,19.9999990967401,5.43396057833593,10.1686840057373
default_shortboard,45,4,7,3,20459.9986356103,1023.0,19.9999986662857,5.95934811911998,10.1686840057373
default_shortboard,45,4,7,4,20460.0020151234,1023.0,20.0000019698176,6.54697882328057,10.1686840057373
default_shortboard,45,4,7,5,20459.9991768806,1023.0,19.9999991953867,7.16775431553623,10.1686840057373
default_shortboard,45,4,7,6,20459.9990767127,1023.0,19.9999990974709,7.70776897317977,10.1686840057373
default_shortboard,45,4,7,7,20459.9985901078,1023.0,19.9999986218062,7.83376027397876,10.1686840057373
default_shortboard,45,4,7,8,20460.0003057434,1023.0,20.0000002988694,7.04994404960565,10.1686840057373
default_shortboard,45,4,7,9,20460.0006813509,1023.0,20.0000006660321,19.0035372289361,10.1686840057373
default_shortboard,45,4,8,0,20459.9994818292,1023.0,19.9999994934792,12.5256971279804,9.89459323883057
default_shortboard,45,4,8,1,20459.9996503273,1023.0,19.999999658189,8.80640735006966,9.89459323883057
default_shortboard,45,4,8,2,20460.0009051215,1023.0,20.0000008847718,4.97527653464962,9.89459323883057
default_shortboard,45,4,8,3,20460.0003930163,1023.0,20.0000003841802,5.71232189333783,9.89459323883057
default_shortboard,45,4,8,4,20460.000823342,1023.0,20.0000008048309,6.47327643309779,9.89459323883057
default_shortboard,45,4,8,5,20460.000380366,1023.0,20.0000003718143,7.30638067953172,9.89459323883057
default_shortboard,45,4,8,6,20459.9995817502,1023.0,19.9999995911537,7.93648369176205,9.89459323883057
default_shortboard,45,4,8,7,20459.9989961983,1023.0,19.9999990187667,8.25199573112771,9.89459323883057
default_shortboard,45,4,8,8,20460.0011879245,1023.0,20.0000011612165,7.58795381351035,9.89459323883057
default_shortboard,45,4,8,9,20460.0005108797,1023.0,20.0000004993936,18.6165469673005,9.89459323883057
default_shortboard,45,4,9,0,20459.9998367321,1023.0,19.9999998404029,2.92814220408522,3.64167666435242
default_shortboard,45,4,9,1,20459.9982679306,1023.0,19.9999983068725,2.39343660693379,3.64167666435242
default_shortboard,45,4,9,2,20460.0006223677,1023.0,20.0000006083751,2.06013243015856,3.64167666435242
default_shortboard,45,4,9,3,20459.999301167,1023.0,19.9999993168788,1.31502997660116,3.64167666435242
default_shortboard,45,4,9,4,20459.9996036002,1023.0,19.9999996125124,1.86078003507227,3.64167666435242
default_shortboard,45,4,9,5,20460.0000798435,1023.0,20.0000000780484,2.88470518772046,3.64167666435242
default_shortboard,45,4,9,6,20460.0003228603,1023.0,20.0000003156015,4.18069947298898,3.64167666435242
default_shortboard,45,4,9,7,20459.9999097092,1023.0,19.9999999117392,6.66376084074908,3.64167666435242
default_shortboard,45,4,9,8,20460.0004080613,1023.0,20.0000003988869,7.55585207442656,3.64167666435242
default_shortboard,45,4,9,9,20460.0002482261,1023.0,20.0000002426453,6.21737686481216,3.64167666435242
default_shortboard,5,0,0,0,20459.9996897537,1023.0,19.9999996967289,21.9588971403646,18.887752532959
default_shortboard,5,0,0,1,20460.0006975421,1023.0,20.0000006818593,21.9410759336063,18.887752532959
default_shortboard,5,0,0,2,20459.999066011,1023.0,19.9999990870097,22.2000661640297,18.887752532959
default_shortboard,5,0,0,3,20460.00017165,1023.0,20.0000001677909,23.0443749490034,18.887752532959
default_shortboard,5,0,0,4,20459.999377578,1023.0,19.9999993915718,22.8253133469358,18.887752532959
default_shortboard,5,0,0,5,20460.0005545986,1023.0,20.0000005421296,21.8694414281952,18.887752532959
default_shortboard,5,0,0,6,20459.9999218796,1023.0,19.999999923636,22.2982018830206,18.887752532959
default_shortboard,5,0,0,7,20460.0005579782,1023.0,20.0000005454332,21.6027657023414,18.887752532959
default_shortboard,5,0,0,8,20460.0009247006,1023.0,20.0000009039107,21.3466132200606,18.887752532959
default_shortboard,5,0,0,9,20459.9998403187,1023.0,19.9999998439088,21.4570307419758,18.887752532959
default_shortboard,5,0,1,0,20459.999130531,1023.0,19.9999991500792,16.6374447402046,13.6544551849365
default_shortboard,5,0,1,1,20459.9996240477,1023.0,19.9999996325002,16.4928747558007,13.6544551849365
default_shortboard,5,0,1,2,20460.0002143778,1023.0,20.000000209558,16.5211044721128,13.6544551849365
default_shortboard,5,0,1,3,20459.9994737692,1023.0,19.9999994856004,16.8885349161885,13.6544551849365
default_shortboard,5,0,1,4,20460.0002461442,1023.0,20.0000002406102,16.7771672431398,13.6544551849365
default_shortboard,5,0,1,5,20459.9998681695,1023.0,19.9999998711334,16.2403569493201,13.6544551849365
default_shortboard,5,0,1,6,20459.9998216175,1023.0,19.999999825628,16.3418581391478,13.6544551849365
default_shortboard,5,0,1,7,20459.998854078,1023.0,19.9999988798417,16.0391031589981,13.6544551849365
default_shortboard,5,0,1,8,20460.0004044167,1023.0,20.0000003953242,15.761021121436,13.6544551849365
default_shortboard,5,0,1,9,20460.0008092765,1023.0,20.0000007910816,15.9267007501004,13.6544551849365
default_shortboard,5,0,2,0,20460.0010366632,1023.0,20.000001013356,14.1535448877338,10.2595834732056
default_shortboard,5,0,2,1,20460.0002869269,1023.0,20.000000280476,12.3233240941577,10.2595834732056
default_shortboard,5,0,2,2,20460.0003420795,1023.0,20.0000003343885,12.6675187968111,10.2595834732056
default_shortboard,5,0,2,3,20459.9999501361,1023.0,19.9999999512572,12.9011205450673,10.2595834732056
default_shortboard,5,0,2,4,20459.9993224617,1023.0,19.9999993376947,12.9640870393818,10.2595834732056
default_shortboard,5,0,2,5,20460.0002826723,1023.0,20.000000276317,12.2801456531556,10.2595834732056
default_shortboard,5,0,2,6,20460.0000094096,1023.0,20.0000000091981,12.486237559491,10.2595834732056
default_shortboard,5,0,2,7,20460.0010593083,1023.0,20.000001035492,12.3100917657149,10.2595834732056
default_shortboard,5,0,2,8,20459.9999869824,1023.0,19.9999999872751,11.8205514097672,10.2595834732056
default_shortboard,5,0,2,9,20459.9999816936,1023.0,19.9999999821051,12.878881224625,10.2595834732056
default_shortboard,5,0,3,0,20459.9999137726,1023.0,19.9999999157112,6.02595434751646,5.87280178070068
default_shortboard,5,0,3,1,20459.9988014524,1023.0,19.9999988283992,6.6810111263523,5.87280178070068
default_shortboard,5,0,3,2,20459.9999266742,1023.0,19.9999999283228,7.20737596696121,5.87280178070068
default_shortboard,5,0,3,3,20460.0002537557,1023.0,20.0000002480505,7.29463111400322,5.87280178070068
default_shortboard,5,0,3,4,20459.9995284956,1023.0,19.9999995390964,7.12867411833949,5.87280178070068
default_shortboard,5,0,3,5,20460.0000401767,1023.0,20.0000000392734,7.02049962635775,5.87280178070068
default_shortboard,5,0,3,6,20460.0010508747,1023.0,20.000001027248,6.9600519372344,5.87280178070068
default_shortboard,5,0,3,7,20459.9993751723,1023.0,19.9999993892203,6.24276253277388,5.87280178070068
default_shortboard,5,0,3,8,20460.0009435284,1023.0,20.0000009223152,5.50112508331344,5.87280178070068
default_shortboard,5,0,3,9,20460.0008099172,1023.0,20.0000007917079,5.86736673881194,5.87280178070068
default_shortboard,5,0,4,0,20460.0005642353,1023.0,20.0000005515497,3.79395477164412,4.92561197280884
default_shortboard,5,0,4,1,20460.0001400194,1023.0,20.0000001368713,4.73559104809738,4.92561197280884
default_shortboard,5,0,4,2,20459.9995503958,1023.0,19.9999995605042,5.39995246564933,4.92561197280884
default_shortboard,5,0,4,3,20460.000440427,1023.0,20.0000004305249,5.51988545010759,4.92561197280884
default_shortboard,5,0,4,4,20460.0000574968,1023.0,20.0000000562041,5.50495232912637,4.92561197280884
default_shortboard,5,0,4,5,20460.0016710318,1023.0,20.0000016334622,5.34777231346092,4.92561197280884
default_shortboard,5,0,4,6,20459.9995440949,1023.0,19.999999554345,4.93573063366605,4.92561197280884
default_shortboard,5,0,4,7,20459.9999663337,1023.0,19.9999999670906,4.10484660413798,4.92561197280884
default_shortboard,5,0,4,8,20459.9993535345,1023.0,19.999999368069,3.5717987057818,4.92561197280884
default_shortboard,5,0,4,9,20460.0000801959,1023.0,20.0000000783928,3.32800365944735,4.92561197280884
default_shortboard,5,0,5,0,20459.9994726734,1023.0,19.9999994845292,2.71753811992426,4.46109342575073
default_shortboard,5,0,5,1,20460.0003446309,1023.0,20.0000003368826,3.86727139147946,4.46109342575073
default_shortboard,5,0,5,2,20459.9995826735,1023.0,19.9999995920562,4.35633287464908,4.46109342575073
default_shortboard,5,0,5,3,20459.9995360428,1023.0,19.9999995464739,4.53122311536972,4.46109342575073
default_shortboard,5,0,5,4,20459.9991464853,1023.0,19.9999991656748,4.46764655483144,4.46109342575073
default_shortboard,5,0,5,5,20459.9998790627,1023.0,19.9999998817818,4.34429818230669,4.46109342575073
default_shortboard,5,0,5,6,20460.0006454008,1023.0,20.0000006308903,3.53562853764281,4.46109342575073
default_shortboard,5,0,5,7,20460.0000183073,1023.0,20.0000000178957,2.99513746469072,4.46109342575073
default_shortboard,5,0,5,8,20459.9989860365,1023.0,19.9999990088333,2.32802885952165,4.46109342575073
default_shortboard,5,0,5,9,20459.9997780786,1023.0,19.999999783068,2.04439000695529,4.46109342575073
default_shortboard,5,0,6,0,20460.0021363788,1023.0,20.0000020883468,1.99891029808922,4.08676958084106
default_shortboard,5,0,6,1,20459.9996330427,1023.0,19.9999996412929,3.11876804239276,4.08676958084106
default_shortboard,5,0,6,2,20459.9999731477,1023.0,19.9999999737514,3.63587920256403,4.08676958084106
default_shortboard,5,0,6,3,20460.0002384127,1023.0,20.0000002330525,3.80766391976859,4.08676958084106
default_shortboard,5,0,6,4,20459.9999251414,1023.0,19.9999999268244,3.82253367438197,4.08676958084106
default_shortboard,5,0,6,5,20460.000840078,1023.0,20.0000008211906,3.62708568724105,4.08676958084106
default_shortboard,5,0,6,6,20460.0009874337,1023.0,20.0000009652333,3.02589479413111,4.08676958084106
default_shortboard,5,0,6,7,20459.9996303346,1023.0,19.9999996386458,2.33231435908011,4.08676958084106
default_shortboard,5,0,6,8,20459.9987837215,1023.0,19.999998811067,1.72193979883058,4.08676958084106
default_shortboard,5,0,6,9,20460.0000295743,1023.0,20.0000000289094,1.62522978768893,4.08676958084106
default_shortboard,5,0,7,0,20460.0015899436,1023.0,20.000001554197,1.67282358038543,3.67412257194519
default_shortboard,5,0,7,1,20459.9996073691,1023.0,19.9999996161966,2.48448815608193,3.67412257194519
default_shortboard,5,0,7,2,20460.0009446411,1023.0,20.0000009234029,2.97975630437005,3.67412257194519
default_shortboard,5,0,7,3,20459.9989375176,1023.0,19.9999989614053,3.1933825538059,3.67412257194519
default_shortboard,5,0,7,4,20459.9994587075,1023.0,19.9999994708773,3.29731809844014,3.67412257194519
default_shortboard,5,0,7,5,20459.999672307,1023.0,19.9999996796744,3.0308984375796,3.67412257194519
default_shortboard,5,0,7,6,20460.0006531986,1023.0,20.0000006385128,2.54971361398876,3.67412257194519
default_shortboard,5,0,7,7,20460.0007025222,1023.0,20.0000006867275,2.00338550626703,3.67412257194519
default_shortboard,5,0,7,8,20460.0005311406,1023.0,20.000000519199,1.6343454314794,3.67412257194519
default_shortboard,5,0,7,9,20459.9996559252,1023.0,19.999999663661,1.89212977187072,3.67412257194519
default_shortboard,5,0,8,0,20459.9991882425,1023.0,19.9999992064931,1.42797735514493,3.11838722229004
default_shortboard,5,0,8,1,20460.0003891394,1023.0,20.0000003803904,1.97804579621956,3.11838722229004
default_shortboard,5,0,8,2,20459.9997513536,1023.0,19.9999997569439,2.44257700598558,3.11838722229004
default_shortboard,5,0,8,3,20460.001061463,1023.0,20.0000010375982,2.61819203699896,3.11838722229004
default_shortboard,5,0,8,4,20460.0000006975,1023.0,20.0000000006818,2.81265844601841,3.11838722229004
default_shortboard,5,0,8,5,20459.9994119743,1023.0,19.9999994251949,2.64188781862126,3.11838722229004
default_shortboard,5,0,8,6,20460.0012553622,1023.0,20.000001227138,2.33549407678243,3.11838722229004
default_shortboard,5,0,8,7,20459.9984600239,1023.0,19.9999984946471,1.96927548197228,3.11838722229004
default_shortboard,5,0,8,8,20459.9998705827,1023.0,19.9999998734924,1.6673475182434,3.11838722229004
default_shortboard,5,0,8,9,20460.0004324755,1023.0,20.0000004227522,2.32289213473698,3.11838722229004
default_shortboard,5,0,9,0,20460.0003680778,1023.0,20.0000003598023,1.12579572961595,2.81620573997498
default_shortboard,5,0,9,1,20459.99946872,1023.0,19.9999994806648,1.81392411427795,2.81620573997498
default_shortboard,5,0,9,2,20459.9993377988,1023.0,19.999999352687,2.23709330900009,2.81620573997498
default_shortboard,5,0,9,3,20460.0011770399,1023.0,20.0000011505766,2.43188914491016,2.81620573997498
default_shortboard,5,0,9,4,20460.0002750842,1023.0,20.0000002688996,2.6608217870793,2.81620573997498
default_shortboard,5,0,9,5,20460.0008728207,1023.0,20.0000008531972,2.54341809703089,2.81620573997498
default_shortboard,5,0,9,6,20460.0003123848,1023.0,20.0000003053615,2.14501225350621,2.81620573997498
default_shortboard,5,0,9,7,20460.0009080674,1023.0,20.0000008876514,1.90226367731459,2.81620573997498
default_shortboard,5,0,9,8,20459.9991339998,1023.0,19.9999991534699,1.7403212855709,2.81620573997498
default_shortboard,5,0,9,9,20459.9991940533,1023.0,19.9999992121733,2.30524820306017,2.81620573997498
default_shortboard,5,0,10,0,20459.9999161642,1023.0,19.9999999180491,0.887467553262737,2.57787752151489
default_shortboard,5,0,10,1,20459.9995215626,1023.0,19.9999995323193,1.5596325647376,2.57787752151489
default_shortboard,5,0,10,2,20459.998616803,1023.0,19.9999986479013,2.05337807417282,2.57787752151489
default_shortboard,5,0,10,3,20460.0001271904,1023.0,20.0000001243308,2.20097318879572,2.57787752151489
default_shortboard,5,0,10,4,20459.9995983957,1023.0,19.9999996074249,2.51255653523111,2.57787752151489
default_shortboard,5,0,10,5,20459.9989981741,1023.0,19.9999990206981,2.45426102787328,2.57787752151489
default_shortboard,5,0,10,6,20460.0002064126,1023.0,20.0000002017718,2.2088853793247,2.57787752151489
default_shortboard,5,0,10,7,20459.9989595811,1023.0,19.9999989829727,1.85529685044554,2.57787752151489
default_shortboard,5,0,10,8,20459.9999056523,1023.0,19.9999999077735,1.82015892960067,2.57787752151489
default_shortboard,5,0,10,9,20460.0006334575,1023.0,20.0000006192155,2.51666365581231,2.57787752151489
default_shortboard,5,1,0,0,,,,,38.0362586975098
default_shortboard,5,1,0,1,,,,,38.0362586975098
default_shortboard,5,1,0,2,,,,,38.0362586975098
default_shortboard,5,1,0,3,,,,,38.0362586975098
default_shortboard,5,1,0,4,20460.0017335196,1023.0,20.000001694545,53.5737594765982,38.0362586975098
default_shortboard,5,1,0,5,20459.9990605442,1023.0,19.9999990816659,43.0235934562425,38.0362586975098
default_shortboard,5,1,0,6,20459.9997481391,1023.0,19.9999997538017,41.33250912522,38.0362586975098
default_shortboard,5,1,0,7,20460.0007970683,1023.0,20.0000007791479,40.7288665688667,38.0362586975098
default_shortboard,5,1,0,8,20459.9997273725,1023.0,19.999999733502,40.5375398896615,38.0362586975098
default_shortboard,5,1,0,9,20459.99979805,1023.0,19.9999998025904,40.7190556270967,38.0362586975098
default_shortboard,5,1,1,0,20460.0006886011,1023.0,20.0000006731194,21.585471760612,18.3467102050781
default_shortboard,5,1,1,1,20459.9992454444,1023.0,19.999999262409,22.3814357792655,18.3467102050781
default_shortboard,5,1,1,2,20459.9989994349,1023.0,19.9999990219305,24.3948486196464,18.3467102050781
default_shortboard,5,1,1,3,20459.9989644022,1023.0,19.9999989876855,22.9587865515533,18.3467102050781
default_shortboard,5,1,1,4,20459.9999645483,1023.0,19.9999999653454,21.7379714142968,18.3467102050781
default_shortboard,5,1,1,5,20459.9997422905,1023.0,19.9999997480846,21.3298153257971,18.3467102050781
default_shortboard,5,1,1,6,20460.0006507945,1023.0,20.0000006361628,20.7601040048351,18.3467102050781
default_shortboard,5,1,1,7,20460.000104988,1023.0,20.0000001026275,20.473286666794,18.3467102050781
default_shortboard,5,1,1,8,20459.9999037773,1023.0,19.9999999059406,20.1594538163956,18.3467102050781
default_shortboard,5,1,1,9,20459.9993819228,1023.0,19.9999993958189,21.7958116145223,18.3467102050781
default_shortboard,5,1,2,0,20460.0006930615,1023.0,20.0000006774794,15.8508389698389,12.7762718200684
default_shortboard,5,1,2,1,20459.9986872951,1023.0,19.9999987168085,16.1236253717433,12.7762718200684
default_shortboard,5,1,2,2,20460.0004309057,1023.0,20.0000004212177,16.5129179946614,12.7762718200684
default_shortboard,5,1,2,3,20459.9984860355,1023.0,19.9999985200738,15.7646692601167,12.7762718200684
default_shortboard,5,1,2,4,20459.9997022159,1023.0,19.9999997089109,15.3171805052943,12.7762718200684
default_shortboard,5,1,2,5,20460.001058386,1023.0,20.0000010345904,15.0877221979843,12.7762718200684
default_shortboard,5,1,2,6,20459.9998557834,1023.0,19.9999998590258,14.6170843122372,12.7762718200684
default_shortboard,5,1,2,7,20460.0010806998,1023.0,20.0000010564025,13.9524395803957,12.7762718200684
default_shortboard,5,1,2,8,20460.0004885875,1023.0,20.0000004776026,14.0073086936563,12.7762718200684
default_shortboard,5,1,2,9,20460.0000274637,1023.0,20.0000000268463,18.7681737244466,12.7762718200684
default_shortboard,5,1,3,0,20460.0003799301,1023.0,20.0000003713882,9.22150689674029,6.41061973571777
default_shortboard,5,1,3,1,20460.0013183328,1023.0,20.0000012886928,8.42514278398661,6.41061973571777
default_shortboard,5,1,3,2,20459.9996709307,1023.0,19.9999996783292,8.38221112430424,6.41061973571777
default_shortboard,5,1,3,3,20459.9991499804,1023.0,19.9999991690913,8.2099242902883,6.41061973571777
default_shortboard,5,1,3,4,20460.0001743331,1023.0,20.0000001704135,7.69386167493928,6.41061973571777
default_shortboard,5,1,3,5,20459.9988206038,1023.0,19.9999988471201,7.53016320293024,6.41061973571777
default_shortboard,5,1,3,6,20460.0006343525,1023.0,20.0000006200904,6.64151423291462,6.41061973571777
default_shortboard,5,1,3,7,20459.9982112153,1023.0,19.9999982514324,5.90210490133229,6.41061973571777
default_shortboard,5,1,3,8,20460.0005429509,1023.0,20.0000005307438,5.26494070600256,6.41061973571777
default_shortboard,5,1,3,9,20459.9998335125,1023.0,19.9999998372556,5.41148964274645,6.41061973571777
default_shortboard,5,1,4,0,20460.0001575936,1023.0,20.0000001540504,5.56089579828976,4.99432849884033
default_shortboard,5,1,4,1,20460.0001131973,1023.0,20.0000001106523,6.09544732745638,4.99432849884033
default_shortboard,5,1,4,2,20459.9994647117,1023.0,19.9999994767465,6.09475225364494,4.99432849884033
default_shortboard,5,1,4,3,20460.0001015102,1023.0,20.0000000992279,5.77356744464119,4.99432849884033
default_shortboard,5,1,4,4,20460.0008819811,1023.0,20.0000008621516,5.40536408476808,4.99432849884033
default_shortboard,5,1,4,5,20459.9993296713,1023.0,19.9999993447423,4.79424060621975,4.99432849884033
default_shortboard,5,1,4,6,20460.0011327386,1023.0,20.0000011072713,3.88588244887069,4.99432849884033
default_shortboard,5,1,4,7,20459.9995597394,1023.0,19.9999995696378,3.29617724745585,4.99432849884033
default_shortboard,5,1,4,8,20460.0007407778,1023.0,20.000000724123,2.61466528158807,4.99432849884033
default_shortboard,5,1,4,9,20460.0000674197,1023.0,20.0000000659039,2.50948026053017,4.99432849884033
default_shortboard,5,1,5,0,20460.0008994547,1023.0,20.0000008792324,3.89280954877614,4.35839128494263
default_shortboard,5,1,5,1,20460.0016186026,1023.0,20.0000015822117,4.7639767635412,4.35839128494263
default_shortboard,5,1,5,2,20459.9997804909,1023.0,19.9999997854261,4.77183233506747,4.35839128494263
default_shortboard,5,1,5,3,20460.0009929415,1023.0,20.0000009706173,4.69336098572054,4.35839128494263
default_shortboard,5,1,5,4,20460.0011963664,1023.0,20.0000011694686,4.29276031122007,4.35839128494263
default_shortboard,5,1,5,5,20459.9993376132,1023.0,19.9999993525055,3.83842657890825,4.35839128494263
default_shortboard,5,1,5,6,20459.9992592208,1023.0,19.9999992758757,3.11410239633295,4.35839128494263
default_shortboard,5,1,5,7,20459.9996098228,1023.0,19.9999996185951,2.48676688812963,4.35839128494263
default_shortboard,5,1,5,8,20460.0011470694,1023.0,20.00000112128,2.02268789247598,4.35839128494263
default_shortboard,5,1,5,9,20459.9994609222,1023.0,19.9999994730423,2.34101016286327,4.35839128494263
default_shortboard,5,1,6,0,20460.0005888951,1023.0,20.000000575655,2.85475997716057,3.8937451839447
default_shortboard,5,1,6,1,20460.0006438906,1023.0,20.000000629414,3.80620607211627,3.8937451839447
default_shortboard,5,1,6,2,20459.9995962208,1023.0,19.9999996052989,3.89230630648856,3.8937451839447
default_shortboard,5,1,6,3,20460.0003317505,1023.0,20.0000003242918,3.76797027060104,3.8937451839447
default_shortboard,5,1,6,4,20459.9992907395,1023.0,19.9999993066857,3.60799400861042,3.8937451839447
default_shortboard,5,1,6,5,20460.0011145212,1023.0,20.0000010894636,3.23121741752957,3.8937451839447
default_shortboard,5,1,6,6,20459.9998447441,1023.0,19.9999998482347,2.68747427485713,3.8937451839447
default_shortboard,5,1,6,7,20459.9998962265,1023.0,19.9999998985596,2.24867033881593,3.8937451839447
default_shortboard,5,1,6,8,20459.9999987284,1023.0,19.9999999987569,2.04196432738721,3.8937451839447
default_shortboard,5,1,6,9,20460.000686692,1023.0,20.0000006712532,2.76012221844034,3.8937451839447
default_shortboard,5,1,7,0,20460.0004154047,1023.0,20.0000004060652,2.19954950104284,3.5447781085968
default_shortboard,5,1,7,1,20460.0000712185,1023.0,20.0000000696173,2.970359498599,3.5447781085968
default_shortboard,5,1,7,2,20459.9984580627,1023.0,19.9999984927299,3.2895174779048,3.5447781085968
default_shortboard,5,1,7,3,20460.0011085981,1023.0,20.0000010836736,3.31816792078442,3.5447781085968
default_shortboard,5,1,7,4,20459.998606821,1023.0,19.9999986381437,3.21198283639284,3.5447781085968
default_shortboard,5,1,7,5,20459.9997333929,1023.0,19.999999739387,2.89088798337696,3.5447781085968
default_shortboard,5,1,7,6,20460.000384044,1023.0,20.0000003754095,2.45995427518685,3.5447781085968
default_shortboard,5,1,7,7,20460.0004252232,1023.0,20.0000004156629,2.22653490492371,3.5447781085968
default_shortboard,5,1,7,8,20459.9989982195,1023.0,19.9999990207424,2.17791172641054,3.5447781085968
default_shortboard,5,1,7,9,20459.9997770772,1023.0,19.9999997820891,3.35526256876639,3.5447781085968
default_shortboard,5,1,8,0,20459.9999203237,1023.0,19.999999922115,1.67670713433351,3.09082317352295
default_shortboard,5,1,8,1,20460.0005312335,1023.0,20.0000005192898,2.46971167377941,3.09082317352295
default_shortboard,5,1,8,2,20460.0014262459,1023.0,20.0000013941798,2.69977561224617,3.09082317352295
default_shortboard,5,1,8,3,20459.9999036892,1023.0,19.9999999058545,2.73197736016445,3.09082317352295
default_shortboard,5,1,8,4,20460.0006610927,1023.0,20.0000006462294,2.72073433832844,3.09082317352295
default_shortboard,5,1,8,5,20460.0007387128,1023.0,20.0000007221044,2.50277165818304,3.09082317352295
default_shortboard,5,1,8,6,20460.0002936734,1023.0,20.0000002870708,2.17495587295414,3.09082317352295
default_shortboard,5,1,8,7,20459.9991101403,1023.0,19.9999991301469,2.12759451267458,3.09082317352295
default_shortboard,5,1,8,8,20460.0009522286,1023.0,20.0000009308197,2.41425343346054,3.09082317352295
default_shortboard,5,1,8,9,20460.0002762759,1023.0,20.0000002700645,4.24407348313026,3.09082317352295
default_shortboard,5,1,9,0,20459.9999607562,1023.0,19.9999999616386,1.85980880901449,2.68392777442932
default_shortboard,5,1,9,1,20459.9993907085,1023.0,19.9999994044072,2.55465746512984,2.68392777442932
default_shortboard,5,1,9,2,20460.0001755948,1023.0,20.0000001716469,2.50174888365303,2.68392777442932
default_shortboard,5,1,9,3,20459.9983218723,1023.0,19.9999983596015,2.36891115338519,2.68392777442932
default_shortboard,5,1,9,4,20459.9993790472,1023.0,19.999999393008,2.29662931501126,2.68392777442932
default_shortboard,5,1,9,5,20459.9999116581,1023.0,19.9999999136442,2.15913100759581,2.68392777442932
default_shortboard,5,1,9,6,20460.0005910595,1023.0,20.0000005777708,1.97008664839852,2.68392777442932
default_shortboard,5,1,9,7,20460.0006539387,1023.0,20.0000006392363,2.24895155962417,2.68392777442932
default_shortboard,5,1,9,8,20459.9985265506,1023.0,19.999998559678,2.82641145436842,2.68392777442932
default_shortboard,5,1,9,9,20459.9992920926,1023.0,19.9999993080084,4.64812228928142,2.68392777442932
default_shortboard,5,1,10,0,20460.0010648305,1023.0,20.00000104089,0.750375278551697,2.42906594276428
default_shortboard,5,1,10,1,20460.0003181506,1023.0,20.0000003109976,1.51228554615473,2.42906594276428
default_shortboard,5,1,10,2,20459.9998627358,1023.0,19.9999998658219,1.85525527877578,2.42906594276428
default_shortboard,5,1,10,3,20459.9999547538,1023.0,19.999999955771,1.93673485479957,2.42906594276428
default_shortboard,5,1,10,4,20460.0003480604,1023.0,20.000000340235,2.10178578235256,2.42906594276428
default_shortboard,5,1,10,5,20459.9993391464,1023.0,19.9999993540043,2.12073696150452,2.42906594276428
default_shortboard,5,1,10,6,20460.0000482813,1023.0,20.0000000471958,2.00869756390889,2.42906594276428
default_shortboard,5,1,10,7,20459.999964057,1023.0,19.9999999648651,2.3352205057787,2.42906594276428
default_shortboard,5,1,10,8,20459.9997268561,1023.0,19.9999997329972,2.92055347239803,2.42906594276428
default_shortboard,5,1,10,9,20459.999136358,1023.0,19.9999991557752,4.12447274970747,2.42906594276428
default_shortboard,5,1,11,0,20460.0001625608,1023.0,20.000000158906,0.315032222667266,2.15898966789246
default_shortboard,5,1,11,1,20460.0002814225,1023.0,20.0000002750953,1.17649762662627,2.15898966789246
default_shortboard,5,1,11,2,20460.0003240549,1023.0,20.0000003167692,1.51352920884003,2.15898966789246
default_shortboard,5,1,11,3,20460.0009703963,1023.0,20.000000948579,1.64868530216933,2.15898966789246
default_shortboard,5,1,11,4,20459.9999766575,1023.0,19.9999999771823,1.85160288000814,2.15898966789246
default_shortboard,5,1,11,5,20459.9990172111,1023.0,19.999999039307,1.99392219885173,2.15898966789246
default_shortboard,5,1,11,6,20460.0006274275,1023.0,20.0000006133211,2.07511473187109,2.15898966789246
default_shortboard,5,1,11,7,20460.0003140752,1023.0,20.0000003070139,2.22146369697611,2.15898966789246
default_shortboard,5,1,11,8,20459.9985678506,1023.0,19.9999986000494,3.3462227000384,2.15898966789246
default_shortboard,5,1,11,9,20459.9994257608,1023.0,19.9999994386713,3.8543964965331,2.15898966789246
default_shortboard,5,2,0,0,,,,,27.2855606079102
default_shortboard,5,2,0,1,20460.0010036324,1023.0,20.0000009810678,30.9679598711309,27.2855606079102
default_shortboard,5,2,0,2,20459.9992159835,1023.0,19.9999992336105,30.0542188254688,27.2855606079102
default_shortboard,5,2,0,3,20460.0004300924,1023.0,20.0000004204227,29.696250253444,27.2855606079102
default_shortboard,5,2,0,4,20460.0002192242,1023.0,20.0000002142954,29.2991451101724,27.2855606079102
default_shortboard,5,2,0,5,20459.9996221666,1023.0,19.9999996306613,28.800012049063,27.2855606079102
default_shortboard,5,2,0,6,20459.9993800672,1023.0,19.9999993940051,28.7813405011415,27.2855606079102
default_shortboard,5,2,0,7,20460.0009207726,1023.0,20.000000900071,29.2431100246709,27.2855606079102
default_shortboard,5,2,0,8,20460.0009125751,1023.0,20.0000008920578,36.4380442388684,27.2855606079102
default_shortboard,5,2,0,9,,,,,27.2855606079102
default_shortboard,5,2,1,0,20460.0001061904,1023.0,20.000000103803,14.2432338103831,8.92521381378174
default_shortboard,5,2,1,1,20460.000056664,1023.0,20.0000000553901,12.5594560622139,8.92521381378174
default_shortboard,5,2,1,2,20460.0001806876,1023.0,20.0000001766253,11.0292516392649,8.92521381378174
default_shortboard,5,2,1,3,20460.0002350902,1023.0,20.0000002298046,10.7251435911604,8.92521381378174
default_shortboard,5,2,1,4,20459.9993820352,1023.0,19.9999993959288,10.2745397396211,8.92521381378174
default_shortboard,5,2,1,5,20459.9990511735,1023.0,19.9999990725059,9.33603942013764,8.92521381378174
default_shortboard,5,2,1,6,20460.0006208341,1023.0,20.000000606876,8.50257804749106,8.92521381378174
default_shortboard,5,2,1,7,20460.0007803213,1023.0,20.0000007627774,7.82864658978901,8.92521381378174
default_shortboard,5,2,1,8,20460.0007180968,1023.0,20.0000007019519,7.26733319300647,8.92521381378174
default_shortboard,5,2,1,9,20459.9997043707,1023.0,19.9999997110173,7.98457629630681,8.92521381378174
default_shortboard,5,2,2,0,20459.9998874858,1023.0,19.9999998900154,11.0468227258695,7.05268621444702
default_shortboard,5,2,2,1,20459.9998148566,1023.0,19.9999998190191,9.77996588783857,7.05268621444702
default_shortboard,5,2,2,2,20460.0001126191,1023.0,20.0000001100871,8.63944463151648,7.05268621444702
default_shortboard,5,2,2,3,20459.9999310382,1023.0,19.9999999325887,8.15933944696915,7.05268621444702
default_shortboard,5,2,2,4,20460.0004435845,1023.0,20.0000004336115,7.368090563977,7.05268621444702
default_shortboard,5,2,2,5,20460.000617429,1023.0,20.0000006035474,6.1661282986637,7.05268621444702
default_shortboard,5,2,2,6,20460.0008371315,1023.0,20.0000008183104,5.53449973970354,7.05268621444702
default_shortboard,5,2,2,7,20459.9991899938,1023.0,19.9999992082051,4.87822997247864,7.05268621444702
default_shortboard,5,2,2,8,20460.0004304139,1023.0,20.000000420737,4.46153329123436,7.05268621444702
default_shortboard,5,2,2,9,20460.0013730519,1023.0,20.0000013421817,5.02943404277346,7.05268621444702
default_shortboard,5,2,3,0,20459.998866656,1023.0,19.9999988921368,8.48051786622929,5.56494331359863
default_shortboard,5,2,3,1,20459.9993540018,1023.0,19.9999993685257,7.8724226915169,5.56494331359863
default_shortboard,5,2,3,2,20460.0002276805,1023.0,20.0000002225616,6.7580404900832,5.56494331359863
default_shortboard,5,2,3,3,20460.0009147248,1023.0,20.0000008941592,6.17570829683276,5.56494331359863
default_shortboard,5,2,3,4,20460.0003616926,1023.0,20.0000003535607,5.38044078532925,5.56494331359863
default_shortboard,5,2,3,5,20460.0001836477,1023.0,20.0000001795188,4.41081245685242,5.56494331359863
default_shortboard,5,2,3,6,20460.0009638007,1023.0,20.0000009421317,3.85838129528694,5.56494331359863
default_shortboard,5,2,3,7,20460.0009866674,1023.0,20.0000009644843,3.40937697142021,5.56494331359863
default_shortboard,5,2,3,8,20459.9996753613,1023.0,19.9999996826602,3.34257024538736,5.56494331359863
default_shortboard,5,2,3,9,20459.9986959024,1023.0,19.9999987252223,4.16810214889798,5.56494331359863
default_shortboard,5,2,4,0,20459.9987855043,1023.0,19.9999988128097,5.52273279748311,4.0717921257019
default_shortboard,5,2,4,1,20459.999577093,1023.0,19.9999995866012,5.41540807629772,4.0717921257019
default_shortboard,5,2,4,2,20459.9996212739,1023.0,19.9999996297887,4.89462807256943,4.0717921257019
default_shortboard,5,2,4,3,20460.0015010144,1023.0,20.0000014672672,4.37339605945381,4.0717921257019
default_shortboard,5,2,4,4,20460.0010836152,1023.0,20.0000010592524,3.8985838589807,4.0717921257019
default_shortboard,5,2,4,5,20459.9996641003,1023.0,19.9999996716523,3.24692365933369,4.0717921257019
default_shortboard,5,2,4,6,20460.0005182701,1023.0,20.0000005066178,2.61626391231721,4.0717921257019
default_shortboard,5,2,4,7,20459.9991716386,1023.0,19.9999991902625,2.41643821410681,4.0717921257019
default_shortboard,5,2,4,8,20460.0007136305,1023.0,20.000000697586,2.54641724883935,4.0717921257019
default_shortboard,5,2,4,9,20459.9988286979,1023.0,19.9999988550322,3.77060175729782,4.0717921257019
default_shortboard,5,2,5,0,20460.0003383658,1023.0,20.0000003307584,5.02439432251416,3.62557506561279
default_shortboard,5,2,5,1,20459.9997271891,1023.0,19.9999997333227,4.86430293572558,3.62557506561279
default_shortboard,5,2,5,2,20459.9999269816,1023.0,19.9999999286232,4.23971174107475,3.62557506561279
default_shortboard,5,2,5,3,20460.0004676131,1023.0,20.0000004570998,3.75467655038534,3.62557506561279
default_shortboard,5,2,5,4,20459.9996356883,1023.0,19.9999996438791,3.38189946246126,3.62557506561279
default_shortboard,5,2,5,5,20460.0005960019,1023.0,20.000000582602,2.78575262360315,3.62557506561279
default_shortboard,5,2,5,6,20459.9997896364,1023.0,19.9999997943659,2.33455009916238,3.62557506561279
default_shortboard,5,2,5,7,20459.9996437776,1023.0,19.9999996517865,2.25196440077619,3.62557506561279
default_shortboard,5,2,5,8,20459.9990906334,1023.0,19.9999991110786,2.64966647328988,3.62557506561279
default_shortboard,5,2,5,9,20459.9997304795,1023.0,19.9999997365391,4.5529529075422,3.62557506561279
default_shortboard,5,2,6,0,20459.9991503819,1023.0,19.9999991694838,4.75845714205246,3.08925271034241
default_shortboard,5,2,6,1,20459.9994794519,1023.0,19.9999994911554,4.23150268463649,3.08925271034241
default_shortboard,5,2,6,2,20459.9999557391,1023.0,19.9999999567342,3.62129975208892,3.08925271034241
default_shortboard,5,2,6,3,20459.9992493739,1023.0,19.9999992662501,2.98234644221614,3.08925271034241
default_shortboard,5,2,6,4,20460.0010173564,1023.0,20.0000009944833,2.73095807451651,3.08925271034241
default_shortboard,5,2,6,5,20459.9997720497,1023.0,19.9999997771747,2.32255671806142,3.08925271034241
default_shortboard,5,2,6,6,20460.0003815261,1023.0,20.0000003729483,2.16566735549609,3.08925271034241
default_shortboard,5,2,6,7,20459.9999321754,1023.0,19.9999999337003,2.41376596619914,3.08925271034241
default_shortboard,5,2,6,8,20459.9992644808,1023.0,19.9999992810174,3.43926110946171,3.08925271034241
default_shortboard,5,2,6,9,20460.0004141686,1023.0,20.0000004048569,4.54353637514569,3.08925271034241
default_shortboard,5,2,7,0,20459.9991235167,1023.0,19.9999991432225,5.42195425081979,2.91936087608337
default_shortboard,5,2,7,1,20460.0018618498,1023.0,20.00000181999,4.30125637404777,2.91936087608337
default_shortboard,5,2,7,2,20460.0001964116,1023.0,20.0000001919957,3.23493444095349,2.91936087608337
default_shortboard,5,2,7,3,20460.0007975895,1023.0,20.0000007796574,2.70907701584377,2.91936087608337
default_shortboard,5,2,7,4,20460.0001048208,1023.0,20.0000001024641,2.24824588223434,2.91936087608337
default_shortboard,5,2,7,5,20459.9994397208,1023.0,19.9999994523175,2.03108277810591,2.91936087608337
default_shortboard,5,2,7,6,20460.0017279565,1023.0,20.000001689107,2.36150296470479,2.91936087608337
default_shortboard,5,2,7,7,20459.9989411246,1023.0,19.9999989649312,3.27417155455477,2.91936087608337
default_shortboard,5,2,7,8,20459.9980346978,1023.0,19.9999980788834,4.27290962523659,2.91936087608337
default_shortboard,5,2,7,9,20459.9981552583,1023.0,19.9999981967334,4.42187397314606,2.91936087608337
default_shortboard,5,2,8,0,20460.0006880082,1023.0,20.0000006725398,6.1876684478241,2.99329805374146
default_shortboard,5,2,8,1,20459.9999906148,1023.0,19.9999999908258,4.66077204569127,2.99329805374146
default_shortboard,5,2,8,2,20460.0004268383,1023.0,20.0000004172418,3.36251938861314,2.99329805374146
default_shortboard,5,2,8,3,20460.0009160744,1023.0,20.0000008954784,2.83572790881734,2.99329805374146
default_shortboard,5,2,8,4,20459.9997869632,1023.0,19.9999997917529,2.16194139903705,2.99329805374146
default_shortboard,5,2,8,5,20460.0006836843,1023.0,20.0000006683131,1.9869588270162,2.99329805374146
default_shortboard,5,2,8,6,20459.9991344727,1023.0,19.9999991539323,2.22581281854105,2.99329805374146
default_shortboard,5,2,8,7,20459.9998921816,1023.0,19.9999998946057,3.179212833527,2.99329805374146
default_shortboard,5,2,8,8,20460.0004021036,1023.0,20.0000003930632,5.02123611770885,2.99329805374146
default_shortboard,5,2,8,9,20460.0007012647,1023.0,20.0000006854982,5.0065000864973,2.99329805374146
default_shortboard,5,2,9,0,20459.9999857712,1023.0,19.9999999860911,5.77153091837718,2.84125971794128
default_shortboard,5,2,9,1,20460.0000734659,1023.0,20.0000000718142,3.97735866874823,2.84125971794128
default_shortboard,5,2,9,2,20460.0009997603,1023.0,20.0000009772828,3.01510210176314,2.84125971794128
default_shortboard,5,2,9,3,20459.9999171712,1023.0,19.9999999190334,2.50336062569708,2.84125971794128
default_shortboard,5,2,9,4,20459.9989146786,1023.0,19.9999989390798,2.06866663477387,2.84125971794128
default_shortboard,5,2,9,5,20459.9993313958,1023.0,19.9999993464279,2.28600794553,2.84125971794128
default_shortboard,5,2,9,6,20459.9985090158,1023.0,19.9999985425374,2.72624402114831,2.84125971794128
default_shortboard,5,2,9,7,20459.9996192321,1023.0,19.9999996277928,3.85496516635065,2.84125971794128
default_shortboard,5,2,9,8,20459.9989266973,1023.0,19.9999989508282,4.83537193423117,2.84125971794128
default_shortboard,5,2,9,9,20460.000311289,1023.0,20.0000003042903,4.37712755745343,2.84125971794128
default_shortboard,5,3,0,0,20460.0000254656,1023.0,20.0000000248931,47.6914571685482,45.0
default_shortboard,5,3,0,1,20460.0006736678,1023.0,20.0000006585218,47.4142700740014,45.0
default_shortboard,5,3,0,2,20460.0004061394,1023.0,20.0000003970082,47.1919356197333,45.0
default_shortboard,5,3,0,3,20459.9998574447,1023.0,19.9999998606498,46.9465284883563,45.0
default_shortboard,5,3,0,4,20460.0007967833,1023.0,20.0000007788693,46.9095034064659,45.0
default_shortboard,5,3,0,5,20460.0009202577,1023.0,20.0000008995676,46.9354394422028,45.0
default_shortboard,5,3,0,6,20459.9993305923,1023.0,19.9999993456426,46.9661210564115,45.0
default_shortboard,5,3,0,7,20460.0005132314,1023.0,20.0000005016924,46.4648542291926,45.0
default_shortboard,5,3,0,8,20459.9984426858,1023.0,19.9999984776987,46.5998833544685,45.0
default_shortboard,5,3,0,9,20460.0003106725,1023.0,20.0000003036877,52.9436692128632,45.0
default_shortboard,5,3,1,0,20460.0003170551,1023.0,20.0000003099268,14.3793479564839,10.9190044403076
default_shortboard,5,3,1,1,20459.9996898996,1023.0,19.9999996968715,12.9912124473812,10.9190044403076
default_shortboard,5,3,1,2,20459.9992648846,1023.0,19.9999992814122,12.0196543823298,10.9190044403076
default_shortboard,5,3,1,3,20460.0000945789,1023.0,20.0000000924525,10.9903497395365,10.9190044403076
default_shortboard,5,3,1,4,20460.0001185613,1023.0,20.0000001158957,10.5391104901518,10.9190044403076
default_shortboard,5,3,1,5,20460.001362798,1023.0,20.0000013321583,9.87693829344035,10.9190044403076
default_shortboard,5,3,1,6,20460.0008773141,1023.0,20.0000008575896,9.31210009072998,10.9190044403076
default_shortboard,5,3,1,7,20459.9997975778,1023.0,19.9999998021288,8.77009913189346,10.9190044403076
default_shortboard,5,3,1,8,20460.0008819637,1023.0,20.0000008621347,8.53306713323909,10.9190044403076
default_shortboard,5,3,1,9,20460.0008639738,1023.0,20.0000008445492,9.96836335404103,10.9190044403076
default_shortboard,5,3,2,0,20460.0000960844,1023.0,20.0000000939242,12.1475092728856,8.98374366760254
default_shortboard,5,3,2,1,20460.0003009164,1023.0,20.0000002941509,10.7363283734777,8.98374366760254
default_shortboard,5,3,2,2,20459.9987885078,1023.0,19.9999988157457,9.85449551784864,8.98374366760254
default_shortboard,5,3,2,3,20459.9997769791,1023.0,19.9999997819933,8.72886771305789,8.98374366760254
default_shortboard,5,3,2,4,20460.0005163969,1023.0,20.0000005047868,7.79417140167852,8.98374366760254
default_shortboard,5,3,2,5,20460.0010162856,1023.0,20.0000009934366,7.32047329173755,8.98374366760254
default_shortboard,5,3,2,6,20460.0003376972,1023.0,20.0000003301048,6.76212897928497,8.98374366760254
default_shortboard,5,3,2,7,20460.0002101681,1023.0,20.0000002054429,6.45426044844693,8.98374366760254
default_shortboard,5,3,2,8,20459.9998754124,1023.0,19.9999998782135,6.51759045187402,8.98374366760254
default_shortboard,5,3,2,9,20460.0010306319,1023.0,20.0000010074603,7.75597579313841,8.98374366760254
default_shortboard,5,3,3,0,20460.0010660548,1023.0,20.0000010420868,9.72580487187253,6.67882299423218
default_shortboard,5,3,3,1,20459.9991511687,1023.0,19.9999991702529,8.51586334416877,6.67882299423218
default_shortboard,5,3,3,2,20459.9998104288,1023.0,19.999999814691,7.70956985993395,6.67882299423218
default_shortboard,5,3,3,3,20460.0002897849,1023.0,20.0000002832697,6.46668344450352,6.67882299423218
default_shortboard,5,3,3,4,20460.000603591,1023.0,20.0000005900206,5.60401097627873,6.67882299423218
default_shortboard,5,3,3,5,20459.999834956,1023.0,19.9999998386667,5.07036038482021,6.67882299423218
default_shortboard,5,3,3,6,20459.9991003176,1023.0,19.9999991205451,4.64106723268416,6.67882299423218
default_shortboard,5,3,3,7,20459.9990648233,1023.0,19.9999990858487,4.45564725638937,6.67882299423218
default_shortboard,5,3,3,8,20459.9999189451,1023.0,19.9999999207675,4.77240216092866,6.67882299423218
default_shortboard,5,3,3,9,20460.0001737383,1023.0,20.0000001698322,6.16348104297071,6.67882299423218
default_shortboard,5,3,4,0,20459.999163109,1023.0,19.9999991819247,9.74110617511296,5.67809343338013
default_shortboard,5,3,4,1,20460.0001647862,1023.0,20.0000001610813,7.45555460893257,5.67809343338013
default_shortboard,5,3,4,2,20460.0008941689,1023.0,20.0000008740654,6.74734641545679,5.67809343338013
default_shortboard,5,3,4,3,20460.0003000128,1023.0,20.0000002932676,5.61311681983985,5.67809343338013
default_shortboard,5,3,4,4,20460.000038612,1023.0,20.0000000377438,4.77455405852871,5.67809343338013
default_shortboard,5,3,4,5,20460.000545637,1023.0,20.0000005333695,4.12020798784991,5.67809343338013
default_shortboard,5,3,4,6,20460.0000406463,1023.0,20.0000000397325,3.81321147188447,5.67809343338013
default_shortboard,5,3,4,7,20459.999796534,1023.0,19.9999998011085,3.78654406924929,5.67809343338013
default_shortboard,5,3,4,8,20460.0000906381,1023.0,20.0000000886003,4.29719787090858,5.67809343338013
default_shortboard,5,3,4,9,20460.0004474143,1023.0,20.0000004373552,6.35467562146784,5.67809343338013
default_shortboard,5,3,5,0,20460.000194359,1023.0,20.0000001899892,8.31863291241538,4.83627700805664
default_shortboard,5,3,5,1,20460.0004882393,1023.0,20.0000004772622,6.37793556541447,4.83627700805664
default_shortboard,5,3,5,2,20460.000230916,1023.0,20.0000002257243,5.63769599645059,4.83627700805664
default_shortboard,5,3,5,3,20460.0008264037,1023.0,20.0000008078238,4.55665807702327,4.83627700805664
default_shortboard,5,3,5,4,20459.9992032671,1023.0,19.99999922118,3.83833935889254,4.83627700805664
default_shortboard,5,3,5,5,20459.9996868784,1023.0,19.9999996939183,3.35138033769551,4.83627700805664
default_shortboard,5,3,5,6,20460.000005607,1023.0,20.000000005481,3.19106500784762,4.83627700805664
default_shortboard,5,3,5,7,20459.9986790398,1023.0,19.9999987087388,3.55014360625987,4.83627700805664
default_shortboard,5,3,5,8,20460.0004475944,1023.0,20.0000004375312,4.60977249833906,4.83627700805664
default_shortboard,5,3,5,9,20460.0001382822,1023.0,20.0000001351732,6.42100533530139,4.83627700805664
default_shortboard,5,3,6,0,20460.0012461329,1023.0,20.0000012181163,6.38555155655871,4.10792541503906
default_shortboard,5,3,6,1,20460.001103096,1023.0,20.0000010782952,5.20255758027492,4.10792541503906
default_shortboard,5,3,6,2,20460.0001149959,1023.0,20.0000001124104,4.33443273297171,4.10792541503906
default_shortboard,5,3,6,3,20460.0003526803,1023.0,20.000000344751,3.35376336584671,4.10792541503906
default_shortboard,5,3,6,4,20459.9997255366,1023.0,19.9999997317073,2.87793644929162,4.10792541503906
default_shortboard,5,3,6,5,20460.0002614896,1023.0,20.0000002556106,2.81535058661383,4.10792541503906
default_shortboard,5,3,6,6,20459.998804742,1023.0,19.9999988316149,3.14057383209244,4.10792541503906
default_shortboard,5,3,6,7,20459.9995636854,1023.0,19.999999573495,4.22028159428437,4.10792541503906
default_shortboard,5,3,6,8,20460.0001756933,1023.0,20.0000001717432,5.45007499098188,4.10792541503906
default_shortboard,5,3,6,9,20460.001108311,1023.0,20.000001083393,5.70179384606333,4.10792541503906
default_shortboard,5,3,7,0,20459.999653844,1023.0,19.9999996616266,6.74987162804678,4.03143167495728
default_shortboard,5,3,7,1,20460.0006198571,1023.0,20.0000006059209,5.37344150755584,4.03143167495728
default_shortboard,5,3,7,2,20460.0015350096,1023.0,20.0000015004981,4.38357468577564,4.03143167495728
default_shortboard,5,3,7,3,20460.0003172933,1023.0,20.0000003101596,3.29859166548407,4.03143167495728
default_shortboard,5,3,7,4,20460.0011262904,1023.0,20.0000011009682,2.79780614404431,4.03143167495728
default_shortboard,5,3,7,5,20459.9997390377,1023.0,19.9999997449049,2.6736485852069,4.03143167495728
default_shortboard,5,3,7,6,20460.0007745088,1023.0,20.0000007570956,2.85002071129666,4.03143167495728
default_shortboard,5,3,7,7,20459.9996452827,1023.0,19.9999996532577,3.85589017848727,4.03143167495728
default_shortboard,5,3,7,8,20460.0011700523,1023.0,20.0000011437462,5.97333142234059,4.03143167495728
default_shortboard,5,3,7,9,20460.000942847,1023.0,20.0000009216491,5.62530024352517,4.03143167495728
default_shortboard,5,3,8,0,20459.999306047,1023.0,19.999999321649,6.79598012599521,4.62029504776001
default_shortboard,5,3,8,1,20460.0009280713,1023.0,20.0000009072056,5.42547944597067,4.62029504776001
default_shortboard,5,3,8,2,20459.998393869,1023.0,19.9999984299795,4.18804304307137,4.62029504776001
default_shortboard,5,3,8,3,20459.999762422,1023.0,19.9999997677635,3.37269928295197,4.62029504776001
default_shortboard,5,3,8,4,20459.9997659343,1023.0,19.9999997711968,3.14732738474332,4.62029504776001
default_shortboard,5,3,8,5,20459.9994721685,1023.0,19.9999994840357,3.34166716367419,4.62029504776001
default_shortboard,5,3,8,6,20459.9992337119,1023.0,19.9999992509402,4.18648140961259,4.62029504776001
default_shortboard,5,3,8,7,20459.9994426447,1023.0,19.9999994551756,5.60744261381702,4.62029504776001
default_shortboard,5,3,8,8,20459.9990033454,1023.0,19.9999990257531,5.96126885635771,4.62029504776001
default_shortboard,5,3,8,9,20459.998703566,1023.0,19.9999987327136,6.6880510512529,4.62029504776001
default_shortboard,5,4,0,0,20459.999891739,1023.0,19.999999894173,16.9949279319759,14.6190242767334
default_shortboard,5,4,0,1,20459.9996233691,1023.0,19.9999996318369,15.2944550696324,14.6190242767334
default_shortboard,5,4,0,2,20459.9996087496,1023.0,19.999999617546,14.7185745762037,14.6190242767334
default_shortboard,5,4,0,3,20459.9990554379,1023.0,19.9999990766744,14.0398709172374,14.6190242767334
default_shortboard,5,4,0,4,20460.000506469,1023.0,20.0000004950821,13.2893892205927,14.6190242767334
default_shortboard,5,4,0,5,20459.9998771612,1023.0,19.999999879923,12.7350238186272,14.6190242767334
default_shortboard,5,4,0,6,20460.0001901361,1023.0,20.0000001858612,12.2921790453436,14.6190242767334
default_shortboard,5,4,0,7,20460.0002929449,1023.0,20.0000002863587,12.0519272560259,14.6190242767334
default_shortboard,5,4,0,8,20460.000433853,1023.0,20.0000004240987,12.1339293676055,14.6190242767334
default_shortboard,5,4,0,9,20459.999290509,1023.0,19.9999993064604,14.439134400355,14.6190242767334
default_shortboard,5,4,1,0,20459.9999668886,1023.0,19.9999999676331,21.5689260196445,19.5323867797852
default_shortboard,5,4,1,1,20459.9997961809,1023.0,19.9999998007633,20.4055407775363,19.5323867797852
default_shortboard,5,4,1,2,20459.9989375311,1023.0,19.9999989614184,19.3630468601306,19.5323867797852
default_shortboard,5,4,1,3,20459.9999851878,1023.0,19.9999999855208,18.690963799683,19.5323867797852
default_shortboard,5,4,1,4,20460.0002632326,1023.0,20.0000002573143,18.140607337696,19.5323867797852
default_shortboard,5,4,1,5,20459.9983194983,1023.0,19.9999983572809,17.5811156912981,19.5323867797852
default_shortboard,5,4,1,6,20460.0011648256,1023.0,20.000001138637,17.2133099959649,19.5323867797852
default_shortboard,5,4,1,7,20459.9993552473,1023.0,19.9999993697432,17.0450922088829,19.5323867797852
default_shortboard,5,4,1,8,20460.0002657046,1023.0,20.0000002597308,17.2827331982,19.5323867797852
default_shortboard,5,4,1,9,20459.9987949784,1023.0,19.9999988220708,20.21083009723,19.5323867797852
default_shortboard,5,4,2,0,20460.0012958668,1023.0,20.000001266732,14.7305633507432,12.8122596740723
default_shortboard,5,4,2,1,20460.0005194332,1023.0,20.0000005077549,13.5386524503849,12.8122596740723
default_shortboard,5,4,2,2,20460.000713976,1023.0,20.0000006979237,12.0941112862044,12.8122596740723
default_shortboard,5,4,2,3,20460.0003409505,1023.0,20.0000003332849,11.6101066065368,12.8122596740723
default_shortboard,5,4,2,4,20460.0001879947,1023.0,20.0000001837681,11.0734343636413,12.8122596740723
default_shortboard,5,4,2,5,20459.9988677462,1023.0,19.9999988932025,10.5731751679623,12.8122596740723
default_shortboard,5,4,2,6,20460.0016027863,1023.0,20.000001566751,10.279822583021,12.8122596740723
default_shortboard,5,4,2,7,20460.0011740484,1023.0,20.0000011476524,10.2683355666893,12.8122596740723
default_shortboard,5,4,2,8,20460.0000420372,1023.0,20.0000000410921,10.6245308791288,12.8122596740723
default_shortboard,5,4,2,9,20459.9990102199,1023.0,19.999999032473,12.2871274736898,12.8122596740723
default_shortboard,5,4,3,0,20460.0006214181,1023.0,20.0000006074468,12.3802192293457,10.7180242538452
default_shortboard,5,4,3,1,20459.9985768297,1023.0,19.9999986088267,11.1917035397541,10.7180242538452
default_shortboard,5,4,3,2,20460.0003266244,1023.0,20.000000319281,9.77046878494719,10.7180242538452
default_shortboard,5,4,3,3,20459.9986337685,1023.0,19.9999986644854,9.26795882731746,10.7180242538452
default_shortboard,5,4,3,4,20459.9994515688,1023.0,19.9999994638992,8.81762039715152,10.7180242538452
default_shortboard,5,4,3,5,20460.0000874411,1023.0,20.0000000854752,8.41504975012016,10.7180242538452
default_shortboard,5,4,3,6,20460.0006210756,1023.0,20.000000607112,8.27858230592515,10.7180242538452
default_shortboard,5,4,3,7,20459.9993038576,1023.0,19.9999993195089,8.45860238836508,10.7180242538452
default_shortboard,5,4,3,8,20460.0003818169,1023.0,20.0000003732326,9.0690768025648,10.7180242538452
default_shortboard,5,4,3,9,20460.0012739948,1023.0,20.0000012453517,10.9540486219221,10.7180242538452
default_shortboard,5,4,4,0,20460.0009736093,1023.0,20.0000009517197,10.3330994348853,9.53379821777344
default_shortboard,5,4,4,1,20460.0017912142,1023.0,20.0000017509425,9.39577054245257,9.53379821777344
default_shortboard,5,4,4,2,20460.0007680076,1023.0,20.0000007507405,8.548741255848,9.53379821777344
default_shortboard,5,4,4,3,20460.0012239544,1023.0,20.0000011964363,7.86131484171048,9.53379821777344
default_shortboard,5,4,4,4,20460.0005638316,1023.0,20.0000005511551,7.43303049828803,9.53379821777344
default_shortboard,5,4,4,5,20460.000042367,1023.0,20.0000000414145,7.23536837052124,9.53379821777344
default_shortboard,5,4,4,6,20460.0007134578,1023.0,20.0000006974173,7.35724971930043,9.53379821777344
default_shortboard,5,4,4,7,20459.9993259526,1023.0,19.9999993411071,7.87055171077862,9.53379821777344
default_shortboard,5,4,4,8,20459.9981427108,1023.0,19.999998184468,8.94206540378809,9.53379821777344
default_shortboard,5,4,4,9,20459.9997970218,1023.0,19.9999998015854,11.4223864549524,9.53379821777344
default_shortboard,5,4,5,0,20460.0018300737,1023.0,20.0000017889284,28.5888276445446,28.8820285797119
default_shortboard,5,4,5,1,20460.0002051581,1023.0,20.0000002005455,27.065539073029,28.8820285797119
default_shortboard,5,4,5,2,20459.9993305105,1023.0,19.9999993455626,26.4893900258603,28.8820285797119
default_shortboard,5,4,5,3,20459.9993484333,1023.0,19.9999993630824,26.3010666647598,28.8820285797119
default_shortboard,5,4,5,4,20459.9997184217,1023.0,19.9999997247524,26.3462569319052,28.8820285797119
default_shortboard,5,4,5,5,20459.9980527872,1023.0,19.9999980965662,26.5764138866735,28.8820285797119
default_shortboard,5,4,5,6,20459.9987498797,1023.0,19.999998777986,27.0699165350412,28.8820285797119
default_shortboard,5,4,5,7,20459.9992731575,1023.0,19.999999289499,27.8212474366669,28.8820285797119
default_shortboard,5,4,5,8,20459.9991236073,1023.0,19.9999991433111,29.0886966688962,28.8820285797119
default_shortboard,5,4,5,9,20460.0012960153,1023.0,20.0000012668771,31.3693853060817,28.8820285797119
default_shortboard,5,4,6,0,20459.9985238044,1023.0,19.9999985569936,18.3573337324375,19.2627735137939
default_shortboard,5,4,6,1,20459.999739806,1023.0,19.9999997456559,17.1386050668049,19.2627735137939
default_shortboard,5,4,6,2,20459.9996195139,1023.0,19.9999996280683,16.8316800302572,19.2627735137939
default_shortboard,5,4,6,3,20460.0005667596,1023.0,20.0000005540172,16.9196449731593,19.2627735137939
default_shortboard,5,4,6,4,20460.0001997534,1023.0,20.0000001952624,17.2911701262619,19.2627735137939
default_shortboard,5,4,6,5,20459.9992934274,1023.0,19.9999993093132,18.107873534653,19.2627735137939
default_shortboard,5,4,6,6,20459.9999754195,1023.0,19.9999999759721,19.3345157850733,19.2627735137939
default_shortboard,5,4,6,7,20459.9992654401,1023.0,19.9999992819552,21.1889714580232,19.2627735137939
default_shortboard,5,4,6,8,20460.0011074546,1023.0,20.0000010825558,20.8475014305457,19.2627735137939
default_shortboard,5,4,6,9,20459.9993571383,1023.0,19.9999993715916,21.6703273157858,19.2627735137939
default_shortboard,60,0,0,0,20460.0012159513,1023.0,20.0000011886132,17.9684907975553,14.0815525054932
default_shortboard,60,0,0,1,20460.0005964415,1023.0,20.0000005830318,18.099342240313,14.0815525054932
default_shortboard,60,0,0,2,20459.9985006969,1023.0,19.9999985344055,14.5151427258216,14.0815525054932
default_shortboard,60,0,0,3,20459.9987449578,1023.0,19.9999987731748,13.0923345149796,14.0815525054932
default_shortboard,60,0,0,4,20459.9999612442,1023.0,19.9999999621155,13.2935793437497,14.0815525054932
default_shortboard,60,0,0,5,20460.0003611984,1023.0,20.0000003530776,12.9843315275385,14.0815525054932
default_shortboard,60,0,0,6,20460.0015603148,1023.0,20.0000015252344,12.7476315746811,14.0815525054932
default_shortboard,60,0,0,7,20459.9994117355,1023.0,19.9999994249614,13.0579209110221,14.0815525054932
default_shortboard,60,0,0,8,20460.0006726205,1023.0,20.0000006574981,13.8425258399504,14.0815525054932
default_shortboard,60,0,0,9,20460.0009364103,1023.0,20.0000009153571,18.2232760752633,14.0815525054932
default_shortboard,60,0,1,0,20459.9994043921,1023.0,19.9999994177831,11.5466436977609,7.81889152526855
default_shortboard,60,0,1,1,20459.99996247,1023.0,19.9999999633138,8.8937822329609,7.81889152526855
default_shortboard,60,0,1,2,20460.0004404455,1023.0,20.000000430543,7.77309114336287,7.81889152526855
default_shortboard,60,0,1,3,20460.0010178707,1023.0,20.000000994986,6.41990701335031,7.81889152526855
default_shortboard,60,0,1,4,20460.0002264122,1023.0,20.0000002213218,6.51361137877819,7.81889152526855
default_shortboard,60,0,1,5,20460.0015652136,1023.0,20.0000015300231,6.47446673361221,7.81889152526855
default_shortboard,60,0,1,6,20460.000594722,1023.0,20.0000005813509,6.28383417564375,7.81889152526855
default_shortboard,60,0,1,7,20460.001439869,1023.0,20.0000014074966,6.20716500495766,7.81889152526855
default_shortboard,60,0,1,8,20460.0001476603,1023.0,20.0000001443405,3.59371713484355,7.81889152526855
default_shortboard,60,0,1,9,20460.0009950896,1023.0,20.0000009727171,9.80937891964112,7.81889152526855
default_shortboard,60,0,2,0,20460.0015939672,1023.0,20.0000015581302,9.44275450247378,5.86367750167847
default_shortboard,60,0,2,1,20460.0006763623,1023.0,20.0000006611558,6.1007824991935,5.86367750167847
default_shortboard,60,0,2,2,20460.0009645849,1023.0,20.0000009428982,5.32775257512568,5.86367750167847
default_shortboard,60,0,2,3,20459.9988227857,1023.0,19.9999988492529,4.3451299490774,5.86367750167847
default_shortboard,60,0,2,4,20460.0001360747,1023.0,20.0000001330154,4.57159015002947,5.86367750167847
default_shortboard,60,0,2,5,20460.0000770461,1023.0,20.0000000753138,4.77932224891947,5.86367750167847
default_shortboard,60,0,2,6,20460.0000314814,1023.0,20.0000000307736,3.58789097171584,5.86367750167847
default_shortboard,60,0,2,7,20460.0009349286,1023.0,20.0000009139087,3.41437591333203,5.86367750167847
default_shortboard,60,0,2,8,20459.9988027637,1023.0,19.9999988296811,1.91966425617214,5.86367750167847
default_shortboard,60,0,2,9,20460.0002432175,1023.0,20.0000002377493,7.89205794893471,5.86367750167847
default_shortboard,60,0,3,0,20459.9989966605,1023.0,19.9999990192185,7.49209905570993,4.00299644470215
default_shortboard,60,0,3,1,20460.0013503059,1023.0,20.0000013199471,4.37385014858026,4.00299644470215
default_shortboard,60,0,3,2,20459.9999869647,1023.0,19.9999999872577,3.61754236001693,4.00299644470215
default_shortboard,60,0,3,3,20459.9999217107,1023.0,19.9999999234708,3.0966561153814,4.00299644470215
default_shortboard,60,0,3,4,20460.0004523783,1023.0,20.0000004422076,2.96613938309137,4.00299644470215
default_shortboard,60,0,3,5,20459.9994998372,1023.0,19.9999995110823,3.42419139691289,4.00299644470215
default_shortboard,60,0,3,6,20459.9997640412,1023.0,19.9999997693462,2.99321266292041,4.00299644470215
default_shortboard,60,0,3,7,20459.9989714004,1023.0,19.9999989945263,2.99867696876005,4.00299644470215
default_shortboard,60,0,3,8,20459.9996834615,1023.0,19.9999996905782,2.51569403514448,4.00299644470215
default_shortboard,60,0,3,9,20459.9991184024,1023.0,19.9999991382233,-4.45928391753397,4.00299644470215
default_shortboard,60,0,4,0,20460.0002840907,1023.0,20.0000002777035,6.67309192517386,3.2227988243103
default_shortboard,60,0,4,1,20460.0002879651,1023.0,20.0000002814908,3.7823081634009,3.2227988243103
default_shortboard,60,0,4,2,20460.00053653,1023.0,20.0000005244672,2.79706214149073,3.2227988243103
default_shortboard,60,0,4,3,20460.0006328959,1023.0,20.0000006186665,2.21773791676622,3.2227988243103
default_shortboard,60,0,4,4,20460.000245964,1023.0,20.000000240434,2.30913500427069,3.2227988243103
default_shortboard,60,0,4,5,20460.0003357947,1023.0,20.000000328245,2.0905717563428,3.2227988243103
default_shortboard,60,0,4,6,20459.9981585151,1023.0,19.999998199917,3.40658382900962,3.2227988243103
default_shortboard,60,0,4,7,20459.9999873252,1023.0,19.9999999876102,4.24193062732095,3.2227988243103
default_shortboard,60,0,4,8,20460.0007715281,1023.0,20.000000754182,3.25666790795802,3.2227988243103
default_shortboard,60,0,4,9,20459.999951746,1023.0,19.9999999528309,-3.52854974809846,3.2227988243103
default_shortboard,60,0,5,0,20459.9990369977,1023.0,19.9999990586488,5.0384706576657,2.49446654319763
default_shortboard,60,0,5,1,20459.9990705834,1023.0,19.9999990914794,3.05397606572069,2.49446654319763
default_shortboard,60,0,5,2,20459.9993375784,1023.0,19.9999993524715,1.88008898745244,2.49446654319763
default_shortboard,60,0,5,3,20460.0003742214,1023.0,20.0000003658078,1.41829842559809,2.49446654319763
default_shortboard,60,0,5,4,20460.0008024775,1023.0,20.0000007844354,1.70537494531604,2.49446654319763
default_shortboard,60,0,5,5,20460.0000229642,1023.0,20.0000000224479,1.81665599621106,2.49446654319763
default_shortboard,60,0,5,6,20460.0001252228,1023.0,20.0000001224075,3.46458250311726,2.49446654319763
default_shortboard,60,0,5,7,20460.0000492875,1023.0,20.0000000481794,4.35704803884075,2.49446654319763
default_shortboard,60,0,5,8,20459.9989452211,1023.0,19.9999989689356,4.17303827542446,2.49446654319763
default_shortboard,60,0,5,9,20459.9996330273,1023.0,19.9999996412779,-0.89825590244515,2.49446654319763
default_shortboard,60,1,0,0,,,,,21.8790416717529
default_shortboard,60,1,0,1,,,,,21.8790416717529
default_shortboard,60,1,0,2,20459.9987444622,1023.0,19.9999987726904,21.7222314060753,21.8790416717529
default_shortboard,60,1,0,3,20459.9994713148,1023.0,19.9999994832012,21.2687106066441,21.8790416717529
default_shortboard,60,1,0,4,20459.9989117347,1023.0,19.999998936202,20.9072089328,21.8790416717529
default_shortboard,60,1,0,5,20460.0005408987,1023.0,20.0000005287377,20.5828722321878,21.8790416717529
default_shortboard,60,1,0,6,20460.0004235057,1023.0,20.0000004139841,20.8969306118216,21.8790416717529
default_shortboard,60,1,0,7,20459.9989832808,1023.0,19.9999990061396,24.5217375206205,21.8790416717529
default_shortboard,60,1,0,8,20459.9993304626,1023.0,19.9999993455158,26.0242561350443,21.8790416717529
default_shortboard,60,1,0,9,20460.0000849062,1023.0,20.0000000829973,39.030863674762,21.8790416717529
default_shortboard,60,1,1,0,20459.9998589649,1023.0,19.9999998621358,14.8140352630579,10.4205284118652
default_shortboard,60,1,1,1,20460.000254165,1023.0,20.0000002484506,10.7468089689827,10.4205284118652
default_shortboard,60,1,1,2,20460.0000849844,1023.0,20.0000000830737,9.37870478710683,10.4205284118652
default_shortboard,60,1,1,3,20460.0008596375,1023.0,20.0000008403103,9.40224563452097,10.4205284118652
default_shortboard,60,1,1,4,20460.0013842579,1023.0,20.0000013531358,9.12489729665464,10.4205284118652
default_shortboard,60,1,1,5,20459.9991266856,1023.0,19.9999991463202,8.93035637062757,10.4205284118652
default_shortboard,60,1,1,6,20459.9997459823,1023.0,19.9999997516933,8.78200664421476,10.4205284118652
default_shortboard,60,1,1,7,20460.0001573433,1023.0,20.0000001538058,8.8639941007269,10.4205284118652
default_shortboard,60,1,1,8,20460.0002512274,1023.0,20.0000002455791,9.60632205036029,10.4205284118652
default_shortboard,60,1,1,9,20459.9997069727,1023.0,19.9999997135608,14.0020202668442,10.4205284118652
default_shortboard,60,1,2,0,20460.0008223092,1023.0,20.0000008038213,12.0067138498792,7.83325099945068
default_shortboard,60,1,2,1,20460.0006349977,1023.0,20.0000006207211,7.12603656138934,7.83325099945068
default_shortboard,60,1,2,2,20459.9996824681,1023.0,19.9999996896072,6.56304807721892,7.83325099945068
default_shortboard,60,1,2,3,20459.9987630005,1023.0,19.9999987908118,6.50816677554356,7.83325099945068
default_shortboard,60,1,2,4,20459.9997198924,1023.0,19.99999972619,6.46688482645311,7.83325099945068
default_shortboard,60,1,2,5,20460.0007473915,1023.0,20.000000730588,5.28750044612079,7.83325099945068
default_shortboard,60,1,2,6,20459.9997979096,1023.0,19.9999998024531,4.8559066161105,7.83325099945068
default_shortboard,60,1,2,7,20460.0000297001,1023.0,20.0000000290323,4.40730163027061,7.83325099945068
default_shortboard,60,1,2,8,20460.0002660369,1023.0,20.0000002600557,2.45008525836958,7.83325099945068
default_shortboard,60,1,2,9,20460.0009672337,1023.0,20.0000009454875,11.2779073407349,7.83325099945068
default_shortboard,60,1,3,0,20460.0002473265,1023.0,20.0000002417659,9.119242551462,5.56459283828735
default_shortboard,60,1,3,1,20459.9996592156,1023.0,19.9999996668774,5.16300222518309,5.56459283828735
default_shortboard,60,1,3,2,20460.0002125392,1023.0,20.0000002077607,4.37690493922794,5.56459283828735
default_shortboard,60,1,3,3,20460.0003038974,1023.0,20.0000002970649,4.16933487198099,5.56459283828735
default_shortboard,60,1,3,4,20459.9999393304,1023.0,19.9999999406945,4.4701069540378,5.56459283828735
default_shortboard,60,1,3,5,20460.0006796984,1023.0,20.0000006644168,4.90935292805315,5.56459283828735
default_shortboard,60,1,3,6,20460.0003609606,1023.0,20.0000003528452,3.71742644002954,5.56459283828735
default_shortboard,60,1,3,7,20460.0016226756,1023.0,20.0000015861932,3.96733681652659,5.56459283828735
default_shortboard,60,1,3,8,20459.9996885228,1023.0,19.9999996955257,2.47073983388288,5.56459283828735
default_shortboard,60,1,3,9,20459.9999387425,1023.0,19.9999999401197,8.00175416277595,5.56459283828735
default_shortboard,60,1,4,0,20460.0009042511,1023.0,20.0000008839209,8.26079978364361,4.73824977874756
default_shortboard,60,1,4,1,20460.001015199,1023.0,20.0000009923744,4.38470853358361,4.73824977874756
default_shortboard,60,1,4,2,20459.9993322482,1023.0,19.9999993472612,3.43748656323288,4.73824977874756
default_shortboard,60,1,4,3,20460.0003025927,1023.0,20.0000002957895,3.38239491271073,4.73824977874756
default_shortboard,60,1,4,4,20460.0005064607,1023.0,20.000000495074,3.90142302996996,4.73824977874756
default_shortboard,60,1,4,5,20459.9991436254,1023.0,19.9999991628791,3.3664334559578,4.73824977874756
default_shortboard,60,1,4,6,20460.0000742871,1023.0,20.0000000726169,3.68020055647351,4.73824977874756
default_shortboard,60,1,4,7,20459.9991324228,1023.0,19.9999991519284,4.33162888145448,4.73824977874756
default_shortboard,60,1,4,8,20459.9992139302,1023.0,19.9999992316033,3.87286920171434,4.73824977874756
default_shortboard,60,1,4,9,20459.9993758531,1023.0,19.9999993898857,8.39483882662567,4.73824977874756
default_shortboard,60,1,5,0,20460.0009765022,1023.0,20.0000009545476,6.20974794234569,3.97340750694275
default_shortboard,60,1,5,1,20460.001385722,1023.0,20.000001354567,3.76885617317713,3.97340750694275
default_shortboard,60,1,5,2,20460.0010091994,1023.0,20.0000009865097,2.73971171666042,3.97340750694275
default_shortboard,60,1,5,3,20459.9998277386,1023.0,19.9999998316116,2.68056174199088,3.97340750694275
default_shortboard,60,1,5,4,20460.0006905765,1023.0,20.0000006750503,3.38165942800178,3.97340750694275
default_shortboard,60,1,5,5,20459.9996498057,1023.0,19.9999996576791,3.11817186216503,3.97340750694275
default_shortboard,60,1,5,6,20459.9996201829,1023.0,19.9999996287223,3.8806685561545,3.97340750694275
default_shortboard,60,1,5,7,20459.9991582561,1023.0,19.9999991771809,4.79586126072239,3.97340750694275
default_shortboard,60,1,5,8,20459.999883421,1023.0,19.999999886042,4.74751655897004,3.97340750694275
default_shortboard,60,1,5,9,20459.9992275847,1023.0,19.9999992449508,-3.22572021551865,3.97340750694275
default_shortboard,60,1,6,0,20460.0000898472,1023.0,20.0000000878272,5.2046192483623,2.83698534965515
default_shortboard,60,1,6,1,20459.9999537684,1023.0,19.9999999548079,2.57180127222046,2.83698534965515
default_shortboard,60,1,6,2,20460.0000795891,1023.0,20.0000000777997,1.86661496099497,2.83698534965515
default_shortboard,60,1,6,3,20460.001494168,1023.0,20.0000014605748,1.76490051127927,2.83698534965515
default_shortboard,60,1,6,4,20459.9991523189,1023.0,19.9999991713772,1.72087263110535,2.83698534965515
default_shortboard,60,1,6,5,20459.9999692998,1023.0,19.99999996999,3.09108760437991,2.83698534965515
default_shortboard,60,1,6,6,20459.9991995801,1023.0,19.9999992175759,4.06256784050635,2.83698534965515
default_shortboard,60,1,6,7,20459.9993104293,1023.0,19.9999993259329,5.38152433592643,2.83698534965515
default_shortboard,60,1,6,8,20460.0005293249,1023.0,20.0000005174242,4.67169725205025,2.83698534965515
default_shortboard,60,1,6,9,20459.9999345277,1023.0,19.9999999359997,-0.696069069618838,2.83698534965515
default_shortboard,60,1,7,0,20460.0000573449,1023.0,20.0000000560556,4.09219567924682,2.14484715461731
default_shortboard,60,1,7,1,20459.9999472839,1023.0,19.9999999484691,2.02172016203063,2.14484715461731
default_shortboard,60,1,7,2,20460.0017178103,1023.0,20.000001679189,1.27046740524797,2.14484715461731
default_shortboard,60,1,7,3,20459.9998224439,1023.0,19.9999998264359,1.21017535286916,2.14484715461731
default_shortboard,60,1,7,4,20459.9991810285,1023.0,19.9999991994414,1.20691916107031,2.14484715461731
default_shortboard,60,1,7,5,20459.9996664702,1023.0,19.9999996739689,2.09351979315659,2.14484715461731
default_shortboard,60,1,7,6,20460.000173472,1023.0,20.0000001695718,3.84470698273879,2.14484715461731
default_shortboard,60,1,7,7,20459.9991652114,1023.0,19.9999991839798,5.35401220668731,2.14484715461731
default_shortboard,60,1,7,8,20459.998304168,1023.0,19.9999983422953,5.03084073205711,2.14484715461731
default_shortboard,60,1,7,9,20459.9994202534,1023.0,19.9999994332878,-0.470246351030149,2.14484715461731
default_shortboard,60,1,8,0,20459.9999011015,1023.0,19.9999999033251,3.62102865858706,1.71053814888
default_shortboard,60,1,8,1,20459.999721327,1023.0,19.9999997275924,1.56806599080631,1.71053814888
default_shortboard,60,1,8,2,20459.9999072043,1023.0,19.9999999092906,0.802243733761501,1.71053814888
default_shortboard,60,1,8,3,20460.0013582185,1023.0,20.0000013276818,0.330057453068784,1.71053814888
default_shortboard,60,1,8,4,20459.9999375453,1023.0,19.9999999389495,0.859997530246696,1.71053814888
default_shortboard,60,1,8,5,20460.0002951711,1023.0,20.0000002885348,1.94207113069514,1.71053814888
default_shortboard,60,1,8,6,20459.9995718745,1023.0,19.9999995815,3.77517843917379,1.71053814888
default_shortboard,60,1,8,7,20460.0009633332,1023.0,20.0000009416747,5.32158627112862,1.71053814888
default_shortboard,60,1,8,8,20460.000936214,1023.0,20.0000009151652,5.88031261491736,1.71053814888
default_shortboard,60,1,8,9,20460.0005350938,1023.0,20.0000005230634,1.97542971194712,1.71053814888
default_shortboard,60,1,9,0,20459.9998292039,1023.0,19.9999998330439,3.30441933205249,1.35707068443298
default_shortboard,60,1,9,1,20459.9998319256,1023.0,19.9999998357044,1.36050547251016,1.35707068443298
default_shortboard,60,1,9,2,20459.9997647501,1023.0,19.9999997700392,0.288967357067318,1.35707068443298
default_shortboard,60,1,9,3,20459.9996248477,1023.0,19.9999996332822,0.152794103161667,1.35707068443298
default_shortboard,60,1,9,4,20459.9985638142,1023.0,19.9999985961038,0.651674399930747,1.35707068443298
default_shortboard,60,1,9,5,20460.0007807349,1023.0,20.0000007631817,1.63763585035269,1.35707068443298
default_shortboard,60,1,9,6,20460.0008890663,1023.0,20.0000008690775,3.46099489738166,1.35707068443298
default_shortboard,60,1,9,7,20460.0000768316,1023.0,20.0000000751042,4.80705297645136,1.35707068443298
default_shortboard,60,1,9,8,20459.9994651951,1023.0,19.999999477219,5.99020319476132,1.35707068443298
default_shortboard,60,1,9,9,20460.0002573217,1023.0,20.0000002515363,2.54934014629948,1.35707068443298
default_shortboard,60,2,0,0,20460.0004304135,1023.0,20.0000004207365,26.8558690974733,27.5005912780762
default_shortboard,60,2,0,1,20459.9998125405,1023.0,19.9999998167551,27.4670617666788,27.5005912780762
default_shortboard,60,2,0,2,20459.9997552202,1023.0,19.9999997607236,27.8504915639223,27.5005912780762
default_shortboard,60,2,0,3,20459.9986636658,1023.0,19.9999986937104,28.4183482013368,27.5005912780762
default_shortboard,60,2,0,4,20459.999470244,1023.0,19.9999994821544,29.4407486511429,27.5005912780762
default_shortboard,60,2,0,5,20460.0008099518,1023.0,20.0000007917417,29.713769684795,27.5005912780762
default_shortboard,60,2,0,6,20459.998777639,1023.0,19.9999988051212,30.7675259181117,27.5005912780762
default_shortboard,60,2,0,7,20459.9998483527,1023.0,19.9999998517621,30.2353865571456,27.5005912780762
default_shortboard,60,2,0,8,20459.999242737,1023.0,19.9999992597624,33.2627441874576,27.5005912780762
default_shortboard,60,2,0,9,20460.0000423967,1023.0,20.0000000414435,56.1407686207361,27.5005912780762
default_shortboard,60,2,1,0,20460.0002221377,1023.0,20.0000002171434,11.0284773018449,11.0590934753418
default_shortboard,60,2,1,1,20460.0013383646,1023.0,20.0000013082743,10.2271637116593,11.0590934753418
default_shortboard,60,2,1,2,20460.0010485041,1023.0,20.0000010249307,9.77607855343984,11.0590934753418
default_shortboard,60,2,1,3,20459.9992079158,1023.0,19.9999992257242,9.61620259635308,11.0590934753418
default_shortboard,60,2,1,4,20459.9983288594,1023.0,19.9999983664315,9.43648340652976,11.0590934753418
default_shortboard,60,2,1,5,20459.9999950289,1023.0,19.9999999951407,9.38447461531023,11.0590934753418
default_shortboard,60,2,1,6,20460.000500304,1023.0,20.0000004890557,9.65584141277441,11.0590934753418
default_shortboard,60,2,1,7,20460.0002786288,1023.0,20.0000002723644,10.1178536232623,11.0590934753418
default_shortboard,60,2,1,8,20459.9995739962,1023.0,19.999999583574,11.5322207390624,11.0590934753418
default_shortboard,60,2,1,9,20459.9997014251,1023.0,19.9999997081379,18.2336810138727,11.0590934753418
default_shortboard,60,2,2,0,20459.9997582147,1023.0,19.9999997636508,8.9531278319795,9.0499153137207
default_shortboard,60,2,2,1,20460.0003233011,1023.0,20.0000003160323,8.04096205908049,9.0499153137207
default_shortboard,60,2,2,2,20459.999134734,1023.0,19.9999991541877,7.73697991418569,9.0499153137207
default_shortboard,60,2,2,3,20460.0000695646,1023.0,20.0000000680006,7.49437051900184,9.0499153137207
default_shortboard,60,2,2,4,20459.9998263855,1023.0,19.9999998302888,7.49628271270712,9.0499153137207
default_shortboard,60,2,2,5,20460.0000239075,1023.0,20.00000002337,5.71297159994052,9.0499153137207
default_shortboard,60,2,2,6,20459.9992062032,1023.0,19.99999922405,4.92041134619036,9.0499153137207
default_shortboard,60,2,2,7,20460.000656983,1023.0,20.0000006422121,4.65639306900637,9.0499153137207
default_shortboard,60,2,2,8,20459.9998210296,1023.0,19.9999998250534,9.43735065508022,9.0499153137207
default_shortboard,60,2,2,9,20459.9996298848,1023.0,19.9999996382061,16.0231804588239,9.0499153137207
default_shortboard,60,2,3,0,20460.0003807762,1023.0,20.0000003722153,6.78164485691638,7.15297508239746
default_shortboard,60,2,3,1,20459.9987002768,1023.0,19.9999987294984,6.03061904599998,7.15297508239746
default_shortboard,60,2,3,2,20460.0000614797,1023.0,20.0000000600975,5.84683597798258,7.15297508239746
default_shortboard,60,2,3,3,20459.9997088027,1023.0,19.9999997153497,5.78643884887504,7.15297508239746
default_shortboard,60,2,3,4,20459.9998369955,1023.0,19.9999998406603,4.77001308579534,7.15297508239746
default_shortboard,60,2,3,5,20460.0003439572,1023.0,20.000000336224,4.79248857912873,7.15297508239746
default_shortboard,60,2,3,6,20459.9995965188,1023.0,19.9999996055903,5.1549363082061,7.15297508239746
default_shortboard,60,2,3,7,20459.9997541819,1023.0,19.9999997597086,5.22682595911187,7.15297508239746
default_shortboard,60,2,3,8,20460.0012015019,1023.0,20.0000011744886,2.50322859091165,7.15297508239746
default_shortboard,60,2,3,9,20459.9999126425,1023.0,19.9999999146066,11.0779026784888,7.15297508239746
default_shortboard,60,2,4,0,20460.0010337294,1023.0,20.0000010104882,5.42027573859129,6.00939130783081
default_shortboard,60,2,4,1,20460.0006281136,1023.0,20.0000006139917,4.87260895294128,6.00939130783081
default_shortboard,60,2,4,2,20460.0006264384,1023.0,20.0000006123543,4.64860129510725,6.00939130783081
default_shortboard,60,2,4,3,20460.0008520083,1023.0,20.0000008328527,4.79196993519958,6.00939130783081
default_shortboard,60,2,4,4,20460.000048891,1023.0,20.0000000477918,4.02094058964164,6.00939130783081
default_shortboard,60,2,4,5,20460.000488952,1023.0,20.000000477959,4.22188269582491,6.00939130783081
default_shortboard,60,2,4,6,20460.0009598494,1023.0,20.0000009382692,5.06222573519461,6.00939130783081
default_shortboard,60,2,4,7,20459.9996945421,1023.0,19.9999997014096,5.0096612986104,6.00939130783081
default_shortboard,60,2,4,8,20460.0004346583,1023.0,20.0000004248859,3.59213749474068,6.00939130783081
default_shortboard,60,2,4,9,20459.9992166137,1023.0,19.9999992342265,10.2199646447519,6.00939130783081
default_shortboard,60,2,5,0,20459.9997239053,1023.0,19.9999997301127,4.56108401063488,4.74320220947266
default_shortboard,60,2,5,1,20459.9990284346,1023.0,19.9999990502782,3.41997044837884,4.74320220947266
default_shortboard,60,2,5,2,20460.0000494079,1023.0,20.000000048297,3.39416279974559,4.74320220947266
default_shortboard,60,2,5,3,20460.0000323583,1023.0,20.0000000316308,3.65129855241791,4.74320220947266
default_shortboard,60,2,5,4,20460.000304084,1023.0,20.0000002972473,3.19660178047674,4.74320220947266
default_shortboard,60,2,5,5,20459.9997535297,1023.0,19.999999759071,3.86580738787375,4.74320220947266
default_shortboard,60,2,5,6,20460.0005340606,1023.0,20.0000005220534,4.43729181522093,4.74320220947266
default_shortboard,60,2,5,7,20459.9996701212,1023.0,19.9999996775379,5.59990860740797,4.74320220947266
default_shortboard,60,2,5,8,20459.9988345166,1023.0,19.99999886072,5.61095132059056,4.74320220947266
default_shortboard,60,2,5,9,20459.9988158922,1023.0,19.9999988425144,-3.21116188554261,4.74320220947266
default_shortboard,60,2,6,0,20460.0012772652,1023.0,20.0000012485485,3.85867815736003,4.22827434539795
default_shortboard,60,2,6,1,20460.0003954423,1023.0,20.0000003865516,2.82591743866963,4.22827434539795
default_shortboard,60,2,6,2,20459.9997259633,1023.0,19.9999997321244,2.87504402028276,4.22827434539795
default_shortboard,60,2,6,3,20460.0007737325,1023.0,20.0000007563367,3.21203289810022,4.22827434539795
default_shortboard,60,2,6,4,20460.000005053,1023.0,20.0000000049394,2.85415503446087,4.22827434539795
default_shortboard,60,2,6,5,20459.9985550225,1023.0,19.9999985875098,3.73864474877842,4.22827434539795
default_shortboard,60,2,6,6,20460.0001397255,1023.0,20.000000136584,5.42049680735278,4.22827434539795
default_shortboard,60,2,6,7,20460.000510179,1023.0,20.0000004987087,5.60396037901683,4.22827434539795
default_shortboard,60,2,6,8,20459.9998117435,1023.0,19.999999815976,5.77648696127215,4.22827434539795
default_shortboard,60,2,6,9,20459.999440637,1023.0,19.9999994532131,-0.985658542068377,4.22827434539795
default_shortboard,60,2,7,0,20460.001000055,1023.0,20.0000009775708,3.70741967877151,4.30746269226074
default_shortboard,60,2,7,1,20459.9998705381,1023.0,19.9999998734488,3.06417216999291,4.30746269226074
default_shortboard,60,2,7,2,20460.00018837,1023.0,20.0000001841349,2.978147161822,4.30746269226074
default_shortboard,60,2,7,3,20459.9992499734,1023.0,19.9999992668362,2.41847048026591,4.30746269226074
default_shortboard,60,2,7,4,20459.9993087455,1023.0,19.9999993242869,3.05019528514157,4.30746269226074
default_shortboard,60,2,7,5,20459.9996787169,1023.0,19.9999996859402,3.94214698561045,4.30746269226074
default_shortboard,60,2,7,6,20459.9993861949,1023.0,19.999999399995,4.84586871192527,4.30746269226074
default_shortboard,60,2,7,7,20460.0016080667,1023.0,20.0000015719127,6.27745881959149,4.30746269226074
default_shortboard,60,2,7,8,20460.0005762337,1023.0,20.0000005632783,6.06993545405574,4.30746269226074
default_shortboard,60,2,7,9,20460.0005286121,1023.0,20.0000005167274,0.789524201682124,4.30746269226074
default_shortboard,60,2,8,0,20459.9990908302,1023.0,19.999999111271,2.91152846437603,3.52865529060364
default_shortboard,60,2,8,1,20459.9993397989,1023.0,19.9999993546422,2.27052891461203,3.52865529060364
default_shortboard,60,2,8,2,20459.9982224168,1023.0,19.999998262382,2.20437967709796,3.52865529060364
default_shortboard,60,2,8,3,20460.0000735842,1023.0,20.0000000719298,1.75118348484496,3.52865529060364
default_shortboard,60,2,8,4,20459.9998320677,1023.0,19.9999998358433,2.88727282107182,3.52865529060364
default_shortboard,60,2,8,5,20460.0002415203,1023.0,20.0000002360902,3.87454206448985,3.52865529060364
default_shortboard,60,2,8,6,20460.0011892925,1023.0,20.0000011625537,5.41806026996797,3.52865529060364
default_shortboard,60,2,8,7,20459.9990810782,1023.0,19.9999991017383,6.48546793901862,3.52865529060364
default_shortboard,60,2,8,8,20460.0000691159,1023.0,20.000000067562,5.95148789661827,3.52865529060364
default_shortboard,60,2,8,9,20459.9992547219,1023.0,19.9999992714779,1.07215547813385,3.52865529060364
default_shortboard,60,2,9,0,20459.9998543023,1023.0,19.999999857578,2.05211629997654,2.88868880271912
default_shortboard,60,2,9,1,20460.0002372758,1023.0,20.0000002319412,1.61830336477722,2.88868880271912
default_shortboard,60,2,9,2,20459.9995270873,1023.0,19.9999995377198,1.58917318511059,2.88868880271912
default_shortboard,60,2,9,3,20460.00062534,1023.0,20.0000006112806,1.51116659673848,2.88868880271912
default_shortboard,60,2,9,4,20460.0005961352,1023.0,20.0000005827323,2.38522853356183,2.88868880271912
default_shortboard,60,2,9,5,20460.0004090515,1023.0,20.0000003998548,3.89266852836985,2.88868880271912
default_shortboard,60,2,9,6,20459.9991832808,1023.0,19.999999201643,5.20816457564895,2.88868880271912
default_shortboard,60,2,9,7,20459.9995038267,1023.0,19.9999995149821,6.4460788423453,2.88868880271912
default_shortboard,60,2,9,8,20459.9985866044,1023.0,19.9999986183816,6.23112926847189,2.88868880271912
default_shortboard,60,2,9,9,20459.9998069048,1023.0,19.9999998112461,2.9542295564035,2.88868880271912
default_shortboard,60,3,0,0,20460.0006959169,1023.0,20.0000006802706,24.9468668546632,24.9468688964844
default_shortboard,60,3,0,1,20459.999728153,1023.0,19.9999997342649,35.1573002044121,24.9468688964844
default_shortboard,60,3,0,2,20459.9994268318,1023.0,19.9999994397182,31.5085156825701,24.9468688964844
default_shortboard,60,3,0,3,20460.0005974232,1023.0,20.0000005839914,27.2514585861243,24.9468688964844
default_shortboard,60,3,0,4,20459.9996934575,1023.0,19.9999997003495,27.3502223237414,24.9468688964844
default_shortboard,60,3,0,5,20460.0001623123,1023.0,20.000000158663,27.8566594768584,24.9468688964844
default_shortboard,60,3,0,6,20460.0000802568,1023.0,20.0000000784524,29.1536464844002,24.9468688964844
default_shortboard,60,3,0,7,20460.0011654775,1023.0,20.0000011392742,32.3422003928703,24.9468688964844
default_shortboard,60,3,0,8,20459.9994861918,1023.0,19.9999994977437,41.3220821603444,24.9468688964844
default_shortboard,60,3,0,9,20460.00146848,1023.0,20.0000014354643,68.9685768709858,24.9468688964844
default_shortboard,60,3,1,0,20459.9999812873,1023.0,19.999999981708,84.9565357892319,26.4567775726318
default_shortboard,60,3,1,1,20460.0003194511,1023.0,20.0000003122689,52.3763916323713,26.4567775726318
default_shortboard,60,3,1,2,20459.9994030473,1023.0,19.9999994164685,29.7925258824237,26.4567775726318
default_shortboard,60,3,1,3,20459.9994841444,1023.0,19.9999994957423,29.4374100272355,26.4567775726318
default_shortboard,60,3,1,4,20460.0009317025,1023.0,20.0000009107551,29.5397758902035,26.4567775726318
default_shortboard,60,3,1,5,20459.9990270056,1023.0,19.9999990488813,30.5892472850423,26.4567775726318
default_shortboard,60,3,1,6,20459.9999606857,1023.0,19.9999999615696,32.0432207754063,26.4567775726318
default_shortboard,60,3,1,7,20459.9996714983,1023.0,19.9999996788839,35.2016125895483,26.4567775726318
default_shortboard,60,3,1,8,20460.0000739248,1023.0,20.0000000722627,46.8723771867523,26.4567775726318
default_shortboard,60,3,1,9,20459.9997784993,1023.0,19.9999997834793,76.0745591174824,26.4567775726318
default_shortboard,60,3,2,0,20459.9994829633,1023.0,19.9999994945878,10.6202986997741,11.3771848678589
default_shortboard,60,3,2,1,20459.9999138388,1023.0,19.9999999157759,10.3243471016379,11.3771848678589
default_shortboard,60,3,2,2,20459.9994568317,1023.0,19.9999994690437,10.0389935425712,11.3771848678589
default_shortboard,60,3,2,3,20460.0007205762,1023.0,20.0000007043756,9.82795670691058,11.3771848678589
default_shortboard,60,3,2,4,20460.000453542,1023.0,20.0000004433451,9.91999774883887,11.3771848678589
default_shortboard,60,3,2,5,20459.9996854853,1023.0,19.9999996925565,10.1582620226024,11.3771848678589
default_shortboard,60,3,2,6,20460.0000684618,1023.0,20.0000000669226,10.5229214587587,11.3771848678589
default_shortboard,60,3,2,7,20460.0001798161,1023.0,20.0000001757733,11.294988361784,11.3771848678589
default_shortboard,60,3,2,8,20459.9994112103,1023.0,19.999999424448,12.5743018676624,11.3771848678589
default_shortboard,60,3,2,9,20460.0010155458,1023.0,20.0000009927134,28.3773883975989,11.3771848678589
default_shortboard,60,3,3,0,20460.0000555933,1023.0,20.0000000543434,10.0900841851791,10.4172487258911
default_shortboard,60,3,3,1,20460.0011066929,1023.0,20.0000010818113,9.1044414618641,10.4172487258911
default_shortboard,60,3,3,2,20459.9996702288,1023.0,19.999999677643,8.80687814278965,10.4172487258911
default_shortboard,60,3,3,3,20460.0011496125,1023.0,20.0000011237659,8.82411583947334,10.4172487258911
default_shortboard,60,3,3,4,20459.9991476583,1023.0,19.9999991668214,9.0493794896307,10.4172487258911
default_shortboard,60,3,3,5,20460.0004231924,1023.0,20.0000004136778,9.44750421455035,10.4172487258911
default_shortboard,60,3,3,6,20459.9993668703,1023.0,19.9999993811049,10.0605323287809,10.4172487258911
default_shortboard,60,3,3,7,20459.9998150823,1023.0,19.9999998192398,4.47622618320732,10.4172487258911
default_shortboard,60,3,3,8,20459.9996499384,1023.0,19.9999996578088,1.23216436398972,10.4172487258911
default_shortboard,60,3,3,9,20460.0004418737,1023.0,20.0000004319391,20.1295490466734,10.4172487258911
default_shortboard,60,3,4,0,20459.9992362124,1023.0,19.9999992533846,10.6631920385523,10.5603637695313
default_shortboard,60,3,4,1,20460.0007779323,1023.0,20.0000007604421,9.20212742062512,10.5603637695313
default_shortboard,60,3,4,2,20459.9990199483,1023.0,19.9999990419827,8.9962265571235,10.5603637695313
default_shortboard,60,3,4,3,20459.9996205,1023.0,19.9999996290322,6.4926440495353,10.5603637695313
default_shortboard,60,3,4,4,20459.9995298782,1023.0,19.9999995404479,6.94080738082384,10.5603637695313
default_shortboard,60,3,4,5,20460.0004561108,1023.0,20.0000004458561,6.95088680892469,10.5603637695313
default_shortboard,60,3,4,6,20460.0017301371,1023.0,20.0000016912387,6.73492145391013,10.5603637695313
default_shortboard,60,3,4,7,20460.0000668978,1023.0,20.0000000653938,5.56014142079592,10.5603637695313
default_shortboard,60,3,4,8,20459.9991954034,1023.0,19.9999992134931,2.90906912541289,10.5603637695313
default_shortboard,60,3,4,9,20460.0004988908,1023.0,20.0000004876743,21.419630485916,10.5603637695313
default_shortboard,60,3,5,0,20459.9999935654,1023.0,19.9999999937101,9.58226339563609,9.35967254638672
default_shortboard,60,3,5,1,20459.999461538,1023.0,19.9999994736442,7.95462482811861,9.35967254638672
default_shortboard,60,3,5,2,20460.0010259312,1023.0,20.0000010028653,7.83667196173054,9.35967254638672
default_shortboard,60,3,5,3,20459.9997874185,1023.0,19.9999997921979,5.39045534443058,9.35967254638672
default_shortboard,60,3,5,4,20460.0010860461,1023.0,20.0000010616286,6.18167085384196,9.35967254638672
default_shortboard,60,3,5,5,20460.000009305,1023.0,20.0000000090958,6.50033282472209,9.35967254638672
default_shortboard,60,3,5,6,20459.99896119,1023.0,19.9999989845455,6.64286309683821,9.35967254638672
default_shortboard,60,3,5,7,20460.0001604375,1023.0,20.0000001568304,6.14325937910669,9.35967254638672
default_shortboard,60,3,5,8,20460.0004699719,1023.0,20.0000004594056,4.28076675754117,9.35967254638672
default_shortboard,60,3,5,9,20459.9989774491,1023.0,19.999999000439,17.6931093318816,9.35967254638672
default_shortboard,60,3,6,0,20460.0000135583,1023.0,20.0000000132535,10.6859811564736,9.00057315826416
default_shortboard,60,3,6,1,20460.000604583,1023.0,20.0000005909902,7.63642386961424,9.00057315826416
default_shortboard,60,3,6,2,20460.0009013195,1023.0,20.0000008810553,4.84617835005721,9.00057315826416
default_shortboard,60,3,6,3,20459.9998690291,1023.0,19.9999998719737,5.59283137413701,9.00057315826416
default_shortboard,60,3,6,4,20459.9995983592,1023.0,19.9999996073893,6.03180836566793,9.00057315826416
default_shortboard,60,3,6,5,20459.9992167392,1023.0,19.9999992343491,6.47814678116893,9.00057315826416
default_shortboard,60,3,6,6,20460.0000725195,1023.0,20.0000000708891,6.77660158358261,9.00057315826416
default_shortboard,60,3,6,7,20460.0001141682,1023.0,20.0000001116014,6.44194680045492,9.00057315826416
default_shortboard,60,3,6,8,20459.9992592858,1023.0,19.9999992759392,4.98362384675407,9.00057315826416
default_shortboard,60,3,6,9,20459.9994237281,1023.0,19.9999994366843,17.5157906093599,9.00057315826416
default_shortboard,60,3,7,0,20459.9981497247,1023.0,19.9999981913243,10.9724636307752,9.09168815612793
default_shortboard,60,3,7,1,20460.0002808405,1023.0,20.0000002745264,8.03698955210503,9.09168815612793
default_shortboard,60,3,7,2,20459.9997830636,1023.0,19.999999787941,4.95798679586659,9.09168815612793
default_shortboard,60,3,7,3,20459.9999412361,1023.0,19.9999999425573,5.48944136656462,9.09168815612793
default_shortboard,60,3,7,4,20460.0014089461,1023.0,20.0000013772689,6.08069163475834,9.09168815612793
default_shortboard,60,3,7,5,20459.9997676199,1023.0,19.9999997728445,6.6403060617298,9.09168815612793
default_shortboard,60,3,7,6,20459.9996960762,1023.0,19.9999997029093,7.66885812175974,9.09168815612793
default_shortboard,60,3,7,7,20459.9994720089,1023.0,19.9999994838797,6.74291494535282,9.09168815612793
default_shortboard,60,3,7,8,20460.0007405317,1023.0,20.0000007238824,5.00832194176135,9.09168815612793
default_shortboard,60,3,7,9,20460.0000963533,1023.0,20.000000094187,17.6022923357012,9.09168815612793
default_shortboard,60,3,8,0,20459.9991686403,1023.0,19.9999991873317,6.95618268448553,6.59614324569702
default_shortboard,60,3,8,1,20460.0004167525,1023.0,20.0000004073827,2.63724496821164,6.59614324569702
default_shortboard,60,3,8,2,20459.9999548446,1023.0,19.9999999558599,3.19263549969642,6.59614324569702
default_shortboard,60,3,8,3,20459.9994807376,1023.0,19.9999994924121,4.02408037013909,6.59614324569702
default_shortboard,60,3,8,4,20459.999947626,1023.0,19.9999999488035,5.05930612036575,6.59614324569702
default_shortboard,60,3,8,5,20459.9989773022,1023.0,19.9999990002954,6.08884899108209,6.59614324569702
default_shortboard,60,3,8,6,20459.9998190047,1023.0,19.999999823074,6.97146470960175,6.59614324569702
default_shortboard,60,3,8,7,20459.9988644179,1023.0,19.999998889949,8.18925787059247,6.59614324569702
default_shortboard,60,3,8,8,20459.9993693612,1023.0,19.9999993835398,7.70681695302758,6.59614324569702
default_shortboard,60,3,8,9,20460.0001572047,1023.0,20.0000001536703,0.794484624315342,6.59614324569702
default_shortboard,60,3,9,0,20460.0001185805,1023.0,20.0000001159144,8.28473255451095,6.54494047164917
default_shortboard,60,3,9,1,20460.0006601741,1023.0,20.0000006453315,1.68795137168757,6.54494047164917
default_shortboard,60,3,9,2,20459.9998454648,1023.0,19.9999998489392,2.91772255136592,6.54494047164917
default_shortboard,60,3,9,3,20460.0000571358,1023.0,20.0000000558512,3.98902051147632,6.54494047164917
default_shortboard,60,3,9,4,20460.00054329,1023.0,20.0000005310752,5.19527597881687,6.54494047164917
default_shortboard,60,3,9,5,20460.0003596824,1023.0,20.0000003515957,6.42424886505521,6.54494047164917
default_shortboard,60,3,9,6,20459.9998685777,1023.0,19.9999998715324,7.373392841892,6.54494047164917
default_shortboard,60,3,9,7,20459.9998035661,1023.0,19.9999998079825,8.59373558191992,6.54494047164917
default_shortboard,60,3,9,8,20460.0007198421,1023.0,20.000000703658,8.26164839673538,6.54494047164917
default_shortboard,60,3,9,9,20459.999425882,1023.0,19.9999994387899,2.31418824468279,6.54494047164917
default_shortboard,60,3,10,0,20460.0001586805,1023.0,20.000000155113,6.325844012696,5.09882736206055
default_shortboard,60,3,10,1,20459.9997447697,1023.0,19.999999750508,0.814912839473155,5.09882736206055
default_shortboard,60,3,10,2,20459.9999544816,1023.0,19.999999955505,1.84344279845198,5.09882736206055
default_shortboard,60,3,10,3,20459.9992324028,1023.0,19.9999992496606,3.06592436600251,5.09882736206055
default_shortboard,60,3,10,4,20459.9994766661,1023.0,19.9999994884322,4.41568433920142,5.09882736206055
default_shortboard,60,3,10,5,20460.0009479904,1023.0,20.0000009266768,5.70834539317098,5.09882736206055
default_shortboard,60,3,10,6,20460.0005597001,1023.0,20.0000005471164,6.86012734277159,5.09882736206055
default_shortboard,60,3,10,7,20459.9991664194,1023.0,19.9999991851607,7.71885441017529,5.09882736206055
default_shortboard,60,3,10,8,20459.9987510448,1023.0,19.9999987791249,7.78499912817215,5.09882736206055
default_shortboard,60,3,10,9,20460.000066692,1023.0,20.0000000651926,3.07037268764015,5.09882736206055
default_shortboard,75,0,0,0,20459.9997663409,1023.0,19.9999997715942,17.2387258185897,13.5932741165161
default_shortboard,75,0,0,1,20459.9994082162,1023.0,19.9999994215212,14.4397381197963,13.5932741165161
default_shortboard,75,0,0,2,20460.0001620765,1023.0,20.0000001584325,13.2660335010497,13.5932741165161
default_shortboard,75,0,0,3,20459.9996097034,1023.0,19.9999996184784,11.9835170249947,13.5932741165161
default_shortboard,75,0,0,4,20460.0000480193,1023.0,20.0000000469397,12.1137216718175,13.5932741165161
default_shortboard,75,0,0,5,20460.001666874,1023.0,20.0000016293978,12.0214861080695,13.5932741165161
default_shortboard,75,0,0,6,20459.9990558837,1023.0,19.9999990771102,11.8518027841874,13.5932741165161
default_shortboard,75,0,0,7,20459.9999512653,1023.0,19.999999952361,12.2799999085092,13.5932741165161
default_shortboard,75,0,0,8,20460.0005575751,1023.0,20.0000005450392,12.8063502435454,13.5932741165161
default_shortboard,75,0,0,9,20460.0004919897,1023.0,20.0000004809284,15.9970753791316,13.5932741165161
default_shortboard,75,0,1,0,20459.9998508296,1023.0,19.9999998541834,11.558601447657,8.16302013397217
default_shortboard,75,0,1,1,20460.0020522908,1023.0,20.0000020061494,8.95782627060848,8.16302013397217
default_shortboard,75,0,1,2,20460.0008307509,1023.0,20.0000008120733,7.87648564986987,8.16302013397217
default_shortboard,75,0,1,3,20460.0003730381,1023.0,20.0000003646511,7.53651938212421,8.16302013397217
default_shortboard,75,0,1,4,20459.9995421968,1023.0,19.9999995524895,6.6410999499584,8.16302013397217
default_shortboard,75,0,1,5,20460.0006292024,1023.0,20.0000006150562,6.69132625071795,8.16302013397217
default_shortboard,75,0,1,6,20460.0008321647,1023.0,20.0000008134552,6.77604274845709,8.16302013397217
default_shortboard,75,0,1,7,20459.9992909737,1023.0,19.9999993069147,6.71168312677536,8.16302013397217
default_shortboard,75,0,1,8,20460.0003687852,1023.0,20.0000003604938,6.90027481378564,8.16302013397217
default_shortboard,75,0,1,9,20459.9999809422,1023.0,19.9999999813707,9.98971461072714,8.16302013397217
default_shortboard,75,0,2,0,20459.9999717725,1023.0,19.9999999724071,6.69315361426526,5.61803245544434
default_shortboard,75,0,2,1,20459.9995010556,1023.0,19.9999995122733,5.63600842853628,5.61803245544434
default_shortboard,75,0,2,2,20460.0017981223,1023.0,20.0000017576953,5.08161932384217,5.61803245544434
default_shortboard,75,0,2,3,20460.0006508898,1023.0,20.0000006362559,4.41539415845118,5.61803245544434
default_shortboard,75,0,2,4,20460.0014051662,1023.0,20.000001373574,4.42275733263714,5.61803245544434
default_shortboard,75,0,2,5,20459.999815681,1023.0,19.999999819825,4.9657991920729,5.61803245544434
default_shortboard,75,0,2,6,20459.9999901563,1023.0,19.9999999903776,3.99349627778324,5.61803245544434
default_shortboard,75,0,2,7,20460.0003241098,1023.0,20.0000003168229,3.49613063332114,5.61803245544434
default_shortboard,75,0,2,8,20459.9988603068,1023.0,19.9999988859304,2.40984684159227,5.61803245544434
default_shortboard,75,0,2,9,20460.0001445315,1023.0,20.000000141282,7.7235593480585,5.61803245544434
default_shortboard,75,0,3,0,20459.9994347016,1023.0,19.9999994474111,4.77402189708727,3.69890093803406
default_shortboard,75,0,3,1,20459.9992564269,1023.0,19.9999992731446,4.41592393128828,3.69890093803406
default_shortboard,75,0,3,2,20459.9999924796,1023.0,19.9999999926487,4.09081141034387,3.69890093803406
default_shortboard,75,0,3,3,20460.0008613567,1023.0,20.0000008419909,3.2356039721443,3.69890093803406
default_shortboard,75,0,3,4,20460.0001949604,1023.0,20.0000001905771,3.08349213554459,3.69890093803406
default_shortboard,75,0,3,5,20460.0002082304,1023.0,20.0000002035487,3.34525363402489,3.69890093803406
default_shortboard,75,0,3,6,20459.9998358173,1023.0,19.9999998395086,4.01696138091501,3.69890093803406
default_shortboard,75,0,3,7,20459.9998146522,1023.0,19.9999998188194,3.38532647746595,3.69890093803406
default_shortboard,75,0,3,8,20460.0002966508,1023.0,20.0000002899813,2.90546236256082,3.69890093803406
default_shortboard,75,0,3,9,20460.0009434071,1023.0,20.0000009221966,-4.03303111456547,3.69890093803406
default_shortboard,75,0,4,0,20459.9997857339,1023.0,19.9999997905513,4.38549215925354,3.11365365982056
default_shortboard,75,0,4,1,20460.0007343176,1023.0,20.000000717808,3.63212714593135,3.11365365982056
default_shortboard,75,0,4,2,20459.9994231587,1023.0,19.9999994361278,3.10642178364114,3.11365365982056
default_shortboard,75,0,4,3,20460.0017162324,1023.0,20.0000016776466,2.61373973411709,3.11365365982056
default_shortboard,75,0,4,4,20460.0017383573,1023.0,20.000001699274,2.53946293529248,3.11365365982056
default_shortboard,75,0,4,5,20460.000509187,1023.0,20.000000497739,3.0372861912205,3.11365365982056
default_shortboard,75,0,4,6,20459.9990762583,1023.0,19.9999990970267,3.08296566852723,3.11365365982056
default_shortboard,75,0,4,7,20460.0000875061,1023.0,20.0000000855387,4.19061779141403,3.11365365982056
default_shortboard,75,0,4,8,20459.9996336407,1023.0,19.9999996418775,3.41525102694629,3.11365365982056
default_shortboard,75,0,4,9,20459.9998902163,1023.0,19.9999998926845,-3.00325371749647,3.11365365982056
default_shortboard,75,0,5,0,20460.0002087919,1023.0,20.0000002040977,4.21528440440116,2.94344544410706
default_shortboard,75,0,5,1,20460.0010755079,1023.0,20.0000010513274,3.46191909638995,2.94344544410706
default_shortboard,75,0,5,2,20459.9995568445,1023.0,19.9999995668079,2.94929369142298,2.94344544410706
default_shortboard,75,0,5,3,20459.9983100737,1023.0,19.9999983480681,2.3222359814595,2.94344544410706
default_shortboard,75,0,5,4,20460.0001266235,1023.0,20.0000001237767,2.52624280961368,2.94344544410706
default_shortboard,75,0,5,5,20459.9998143589,1023.0,19.9999998185327,2.37287730721167,2.94344544410706
default_shortboard,75,0,5,6,20459.9982290291,1023.0,19.9999982688456,3.77965269777485,2.94344544410706
default_shortboard,75,0,5,7,20459.9994133908,1023.0,19.9999994265795,4.32562881288581,2.94344544410706
default_shortboard,75,0,5,8,20459.9991215247,1023.0,19.9999991412754,3.49168419176501,2.94344544410706
default_shortboard,75,0,5,9,20460.0013490425,1023.0,20.0000013187122,-3.00938461018326,2.94344544410706
default_shortboard,75,1,0,0,,,,,22.3972873687744
default_shortboard,75,1,0,1,20459.9997979955,1023.0,19.9999998025371,20.6738535296845,22.3972873687744
default_shortboard,75,1,0,2,20459.9998589366,1023.0,19.9999998621081,21.3019245870743,22.3972873687744
default_shortboard,75,1,0,3,20459.9988353181,1023.0,19.9999988615035,21.1165109761747,22.3972873687744
default_shortboard,75,1,0,4,20459.9997282975,1023.0,19.9999997344061,20.6692354564876,22.3972873687744
default_shortboard,75,1,0,5,20459.9997649402,1023.0,19.999999770225,20.714875080753,22.3972873687744
default_shortboard,75,1,0,6,20459.9997922482,1023.0,19.9999997969191,22.7003226744039,22.3972873687744
default_shortboard,75,1,0,7,20460.0005943362,1023.0,20.0000005809738,26.0715062145436,22.3972873687744
default_shortboard,75,1,0,8,20460.0006234932,1023.0,20.0000006094753,36.7782905315205,22.3972873687744
default_shortboard,75,1,0,9,,,,,22.3972873687744
default_shortboard,75,1,1,0,20460.0006963261,1023.0,20.0000006806707,14.5540839183804,10.8297328948975
default_shortboard,75,1,1,1,20459.9987041671,1023.0,19.9999987333012,10.278600635761,10.8297328948975
default_shortboard,75,1,1,2,20460.0004632314,1023.0,20.0000004528166,9.15562870781389,10.8297328948975
default_shortboard,75,1,1,3,20459.9997744002,1023.0,19.9999997794724,9.29403780147244,10.8297328948975
default_shortboard,75,1,1,4,20459.9996445113,1023.0,19.9999996525037,9.31369788748167,10.8297328948975
default_shortboard,75,1,1,5,20459.9995348156,1023.0,19.9999995452743,9.2353259803027,10.8297328948975
default_shortboard,75,1,1,6,20459.9995332961,1023.0,19.999999543789,9.26213549371645,10.8297328948975
default_shortboard,75,1,1,7,20459.9990199381,1023.0,19.9999990419727,9.46175630739823,10.8297328948975
default_shortboard,75,1,1,8,20459.9997333432,1023.0,19.9999997393384,10.300542644898,10.8297328948975
default_shortboard,75,1,1,9,20459.9982488706,1023.0,19.9999982882411,16.4146609198911,10.8297328948975
default_shortboard,75,1,2,0,20460.0000061939,1023.0,20.0000000060546,7.50695473785226,6.93417644500732
default_shortboard,75,1,2,1,20460.0008984079,1023.0,20.0000008782091,6.2705774709663,6.93417644500732
default_shortboard,75,1,2,2,20459.9989838049,1023.0,19.9999990066519,5.39364527558509,6.93417644500732
default_shortboard,75,1,2,3,20459.9993077258,1023.0,19.9999993232901,5.47705267030291,6.93417644500732
default_shortboard,75,1,2,4,20459.9996755319,1023.0,19.9999996828269,5.80930143718295,6.93417644500732
default_shortboard,75,1,2,5,20459.9986647184,1023.0,19.9999986947394,4.94685914270522,6.93417644500732
default_shortboard,75,1,2,6,20459.9995013959,1023.0,19.999999512606,4.72309068724044,6.93417644500732
default_shortboard,75,1,2,7,20459.9996347767,1023.0,19.9999996429879,4.30995508625843,6.93417644500732
default_shortboard,75,1,2,8,20460.0007925325,1023.0,20.0000007747141,2.64325800739468,6.93417644500732
default_shortboard,75,1,2,9,20460.0004906493,1023.0,20.0000004796181,9.77025986834308,6.93417644500732
default_shortboard,75,1,3,0,20460.0001473237,1023.0,20.0000001440115,6.10632281714791,5.36172580718994
default_shortboard,75,1,3,1,20460.0014813911,1023.0,20.0000014480851,4.8270745811133,5.36172580718994
default_shortboard,75,1,3,2,20459.9996806567,1023.0,19.9999996878365,4.29467237509554,5.36172580718994
default_shortboard,75,1,3,3,20459.9999169434,1023.0,19.9999999188107,4.0202466424145,5.36172580718994
default_shortboard,75,1,3,4,20460.0004106969,1023.0,20.0000004014632,4.61277040178514,5.36172580718994
default_shortboard,75,1,3,5,20459.9991726649,1023.0,19.9999991912658,5.25802220586484,5.36172580718994
default_shortboard,75,1,3,6,20460.0019359677,1023.0,20.0000018924415,3.99998209735533,5.36172580718994
default_shortboard,75,1,3,7,20459.9998845229,1023.0,19.9999998871192,4.13656624969537,5.36172580718994
default_shortboard,75,1,3,8,20459.9994358737,1023.0,19.9999994485569,2.30771353885995,5.36172580718994
default_shortboard,75,1,3,9,20460.0019959547,1023.0,20.0000019510799,8.04275794362192,5.36172580718994
default_shortboard,75,1,4,0,20460.0002469964,1023.0,20.0000002414432,5.1860548992609,3.91421627998352
default_shortboard,75,1,4,1,20459.9995001608,1023.0,19.9999995113987,3.76967365182729,3.91421627998352
default_shortboard,75,1,4,2,20459.9996715108,1023.0,19.9999996788962,3.18118478158641,3.91421627998352
default_shortboard,75,1,4,3,20459.9987973271,1023.0,19.9999988243667,3.02243015046954,3.91421627998352
default_shortboard,75,1,4,4,20460.0000092819,1023.0,20.0000000090732,3.45486147638477,3.91421627998352
default_shortboard,75,1,4,5,20460.0007021497,1023.0,20.0000006863634,4.35074391925315,3.91421627998352
default_shortboard,75,1,4,6,20459.998950265,1023.0,19.999998973866,3.79715093610438,3.91421627998352
default_shortboard,75,1,4,7,20459.999788468,1023.0,19.9999997932238,4.21159986242507,3.91421627998352
default_shortboard,75,1,4,8,20460.0011020343,1023.0,20.0000010772574,3.38085634105928,3.91421627998352
default_shortboard,75,1,4,9,20460.0014331021,1023.0,20.0000014008818,-6.76719705836838,3.91421627998352
default_shortboard,75,1,5,0,20460.0000161727,1023.0,20.0000000158091,4.48432654073194,3.38985371589661
default_shortboard,75,1,5,1,20460.0004583865,1023.0,20.0000004480806,3.10893550176715,3.38985371589661
default_shortboard,75,1,5,2,20459.9999415647,1023.0,19.9999999428785,2.71626531737184,3.38985371589661
default_shortboard,75,1,5,3,20459.9991040845,1023.0,19.9999991242273,2.73338964753376,3.38985371589661
default_shortboard,75,1,5,4,20460.0001185501,1023.0,20.0000001158848,2.46177554059972,3.38985371589661
default_shortboard,75,1,5,5,20460.0014057857,1023.0,20.0000013741796,3.72358100795972,3.38985371589661
default_shortboard,75,1,5,6,20460.0002663522,1023.0,20.0000002603639,4.39959975176405,3.38985371589661
default_shortboard,75,1,5,7,20460.0002168475,1023.0,20.0000002119721,3.90952443920951,3.38985371589661
default_shortboard,75,1,5,8,20460.0002808313,1023.0,20.0000002745174,3.36932601836082,3.38985371589661
default_shortboard,75,1,5,9,20459.9993657346,1023.0,19.9999993799947,-5.88388712965767,3.38985371589661
default_shortboard,75,1,6,0,20460.0006163591,1023.0,20.0000006025016,3.66066800021695,2.5661952495575
default_shortboard,75,1,6,1,20460.0003057898,1023.0,20.0000002989148,2.57967091096438,2.5661952495575
default_shortboard,75,1,6,2,20460.0007080807,1023.0,20.000000692161,1.98803914408367,2.5661952495575
default_shortboard,75,1,6,3,20459.9997533359,1023.0,19.9999997588816,2.01121286910905,2.5661952495575
default_shortboard,75,1,6,4,20460.0011056239,1023.0,20.0000010807663,1.87114279642493,2.5661952495575
default_shortboard,75,1,6,5,20460.001293466,1023.0,20.0000012643852,2.71214555743947,2.5661952495575
default_shortboard,75,1,6,6,20459.9997258154,1023.0,19.9999997319798,4.27010785684374,2.5661952495575
default_shortboard,75,1,6,7,20459.9991795149,1023.0,19.9999991979618,5.26629372814207,2.5661952495575
default_shortboard,75,1,6,8,20460.0004357554,1023.0,20.0000004259583,3.79460714246865,2.5661952495575
default_shortboard,75,1,6,9,20460.000616534,1023.0,20.0000006026725,-3.79724434832103,2.5661952495575
default_shortboard,75,1,7,0,20460.0000066552,1023.0,20.0000000065055,3.41740013398047,2.32292699813843
default_shortboard,75,1,7,1,20460.0003461143,1023.0,20.0000003383326,2.09066164184133,2.32292699813843
default_shortboard,75,1,7,2,20459.9995374405,1023.0,19.9999995478401,1.64198465532666,2.32292699813843
default_shortboard,75,1,7,3,20460.0016838878,1023.0,20.0000016460291,1.27430706421088,2.32292699813843
default_shortboard,75,1,7,4,20460.0000115084,1023.0,20.0000000112497,1.89131824717719,2.32292699813843
default_shortboard,75,1,7,5,20460.0002079551,1023.0,20.0000002032797,3.25580272260862,2.32292699813843
default_shortboard,75,1,7,6,20459.9998634519,1023.0,19.9999998665219,4.39475490795066,2.32292699813843
default_shortboard,75,1,7,7,20460.00035779,1023.0,20.0000003497459,5.47274835538231,2.32292699813843
default_shortboard,75,1,7,8,20460.0005234647,1023.0,20.0000005116957,4.06780884810574,2.32292699813843
default_shortboard,75,1,7,9,20460.0006216534,1023.0,20.0000006076769,-3.57045478884613,2.32292699813843
default_shortboard,75,1,8,0,20460.0004154909,1023.0,20.0000004061494,2.94694661185983,1.85247385501862
default_shortboard,75,1,8,1,20460.0002141226,1023.0,20.0000002093085,1.61661665777321,1.85247385501862
default_shortboard,75,1,8,2,20459.9993091663,1023.0,19.9999993246983,0.935916474990166,1.85247385501862
default_shortboard,75,1,8,3,20460.0016271785,1023.0,20.0000015905948,1.06257544730303,1.85247385501862
default_shortboard,75,1,8,4,20460.0004444453,1023.0,20.0000004344529,1.66320342296389,1.85247385501862
default_shortboard,75,1,8,5,20460.0008742387,1023.0,20.0000008545833,2.63522670592918,1.85247385501862
default_shortboard,75,1,8,6,20460.0003181732,1023.0,20.0000003110197,4.32927472943212,1.85247385501862
default_shortboard,75,1,8,7,20460.0005187504,1023.0,20.0000005070874,5.49776880467827,1.85247385501862
default_shortboard,75,1,8,8,20460.0000183971,1023.0,20.0000000179835,5.16738779960996,1.85247385501862
default_shortboard,75,1,8,9,20459.9995760074,1023.0,19.99999958554,-1.42568910928374,1.85247385501862
default_shortboard,75,1,9,0,20460.0007345027,1023.0,20.000000717989,2.84461874371253,1.75014615058899
default_shortboard,75,1,9,1,20460.0007700138,1023.0,20.0000007527017,1.51670646462312,1.75014615058899
default_shortboard,75,1,9,2,20459.9990439527,1023.0,19.9999990654474,0.836164631185674,1.75014615058899
default_shortboard,75,1,9,3,20459.9997402436,1023.0,19.9999997460837,0.966706551567774,1.75014615058899
default_shortboard,75,1,9,4,20459.9991049926,1023.0,19.999999125115,1.56495064630262,1.75014615058899
default_shortboard,75,1,9,5,20459.9986369333,1023.0,19.999998667579,2.98126521500897,1.75014615058899
default_shortboard,75,1,9,6,20459.9999892837,1023.0,19.9999999895246,4.28400908482051,1.75014615058899
default_shortboard,75,1,9,7,20460.0001235645,1023.0,20.0000001207864,5.46010847400661,1.75014615058899
default_shortboard,75,1,9,8,20459.9984184804,1023.0,19.9999984540375,5.1566694029113,1.75014615058899
default_shortboard,75,1,9,9,20460.0005958248,1023.0,20.0000005824289,-1.30566513196967,1.75014615058899
default_shortboard,75,2,0,0,20460.0014333754,1023.0,20.000001401149,26.189451370369,27.5899848937988
default_shortboard,75,2,0,1,20460.0006311165,1023.0,20.0000006169271,27.0593266287502,27.5899848937988
default_shortboard,75,2,0,2,20459.9995879777,1023.0,19.9999995972412,27.3541152180021,27.5899848937988
default_shortboard,75,2,0,3,20459.9990547028,1023.0,19.9999990759558,27.9686686971516,27.5899848937988
default_shortboard,75,2,0,4,20460.0000356177,1023.0,20.000000034817,29.194588917496,27.5899848937988
default_shortboard,75,2,0,5,20459.9996537901,1023.0,19.9999996615739,29.7835408965903,27.5899848937988
default_shortboard,75,2,0,6,20459.999789831,1023.0,19.9999997945562,30.7553457789473,27.5899848937988
default_shortboard,75,2,0,7,20459.9998240967,1023.0,19.9999998280515,30.2952508601307,27.5899848937988
default_shortboard,75,2,0,8,20459.9992007353,1023.0,19.9999992187051,33.4622279449837,27.5899848937988
default_shortboard,75,2,0,9,20460.0010419095,1023.0,20.0000010184844,56.3755200796095,27.5899848937988
default_shortboard,75,2,1,0,20459.9997585735,1023.0,19.9999997640015,9.83972018817517,10.9406900405884
default_shortboard,75,2,1,1,20459.9992113469,1023.0,19.9999992290781,9.77857377108851,10.9406900405884
default_shortboard,75,2,1,2,20460.0000259781,1023.0,20.0000000253941,9.3379593200521,10.9406900405884
default_shortboard,75,2,1,3,20460.0001865445,1023.0,20.0000001823504,9.28035254917756,10.9406900405884
default_shortboard,75,2,1,4,20460.0003558626,1023.0,20.0000003478618,9.33699282272183,10.9406900405884
default_shortboard,75,2,1,5,20460.0011777717,1023.0,20.000001151292,9.46104617837996,10.9406900405884
default_shortboard,75,2,1,6,20460.0001070536,1023.0,20.0000001046468,9.87281706660314,10.9406900405884
default_shortboard,75,2,1,7,20460.000236478,1023.0,20.0000002311613,6.16739803635558,10.9406900405884
default_shortboard,75,2,1,8,20459.9988849304,1023.0,19.9999989100004,11.8762633795077,10.9406900405884
default_shortboard,75,2,1,9,20459.9997977121,1023.0,19.9999998022602,21.5007362472028,10.9406900405884
default_shortboard,75,2,2,0,20459.9995125889,1023.0,19.9999995235473,7.7147227074298,8.85956001281738
default_shortboard,75,2,2,1,20459.9988327355,1023.0,19.9999988589789,7.39457522518538,8.85956001281738
default_shortboard,75,2,2,2,20459.999017493,1023.0,19.9999990395826,7.39350555378966,8.85956001281738
default_shortboard,75,2,2,3,20460.000069073,1023.0,20.00000006752,7.4524281620537,8.85956001281738
default_shortboard,75,2,2,4,20460.0000427618,1023.0,20.0000000418004,6.30346297440816,8.85956001281738
default_shortboard,75,2,2,5,20460.0010620256,1023.0,20.0000010381482,6.1300530192262,8.85956001281738
default_shortboard,75,2,2,6,20459.9993002215,1023.0,19.9999993159546,6.08016120604307,8.85956001281738
default_shortboard,75,2,2,7,20459.9987183589,1023.0,19.9999987471739,5.25426008729329,8.85956001281738
default_shortboard,75,2,2,8,20460.0003277252,1023.0,20.000000320357,2.7700318379636,8.85956001281738
default_shortboard,75,2,2,9,20459.9997259409,1023.0,19.9999997321025,15.3790198884782,8.85956001281738
default_shortboard,75,2,3,0,20460.0002627488,1023.0,20.0000002568414,6.19874650938034,7.36078643798828
default_shortboard,75,2,3,1,20460.0006589231,1023.0,20.0000006441086,5.84437368333654,7.36078643798828
default_shortboard,75,2,3,2,20460.0005486081,1023.0,20.0000005362738,5.93617298718336,7.36078643798828
default_shortboard,75,2,3,3,20459.999477266,1023.0,19.9999994890186,6.20903726082378,7.36078643798828
default_shortboard,75,2,3,4,20459.9992827417,1023.0,19.9999992988678,5.22463044628761,7.36078643798828
default_shortboard,75,2,3,5,20460.0008051707,1023.0,20.0000007870681,5.34431320028251,7.36078643798828
default_shortboard,75,2,3,6,20460.0004329726,1023.0,20.0000004232381,5.60455613824513,7.36078643798828
default_shortboard,75,2,3,7,20459.9993429315,1023.0,19.9999993577043,4.96971198872838,7.36078643798828
default_shortboard,75,2,3,8,20460.0003723676,1023.0,20.0000003639957,2.97041808917151,7.36078643798828
default_shortboard,75,2,3,9,20460.0011578962,1023.0,20.0000011318633,12.4347944182126,7.36078643798828
default_shortboard,75,2,4,0,20459.9990027325,1023.0,19.999999025154,4.62391724247769,5.70859336853027
default_shortboard,75,2,4,1,20460.0006856749,1023.0,20.000000670259,4.0712926996462,5.70859336853027
default_shortboard,75,2,4,2,20460.0009360994,1023.0,20.0000009150532,4.33688864934367,5.70859336853027
default_shortboard,75,2,4,3,20459.9997398099,1023.0,19.9999997456598,4.83482471414637,5.70859336853027
default_shortboard,75,2,4,4,20460.0000882228,1023.0,20.0000000862393,4.30123499350079,5.70859336853027
default_shortboard,75,2,4,5,20460.0011185473,1023.0,20.0000010933991,4.5359948110671,5.70859336853027
default_shortboard,75,2,4,6,20460.0007995663,1023.0,20.0000007815897,5.32556418305375,5.70859336853027
default_shortboard,75,2,4,7,20460.0006629186,1023.0,20.0000006480143,4.94844708579207,5.70859336853027
default_shortboard,75,2,4,8,20460.0003945902,1023.0,20.0000003857186,3.80155667451863,5.70859336853027
default_shortboard,75,2,4,9,20459.999189974,1023.0,19.9999992081857,9.45955590989536,5.70859336853027
default_shortboard,75,2,5,0,20459.9989837582,1023.0,19.9999990066062,4.2910095384242,4.72290277481079
default_shortboard,75,2,5,1,20459.9994987762,1023.0,19.9999995100452,3.0700399062857,4.72290277481079
default_shortboard,75,2,5,2,20459.9991709387,1023.0,19.9999991895784,3.28679409682104,4.72290277481079
default_shortboard,75,2,5,3,20460.0002184364,1023.0,20.0000002135254,3.97534011870932,4.72290277481079
default_shortboard,75,2,5,4,20460.0008094028,1023.0,20.0000007912051,3.65156660627376,4.72290277481079
default_shortboard,75,2,5,5,20460.0017198171,1023.0,20.0000016811506,4.334208886902,4.72290277481079
default_shortboard,75,2,5,6,20460.0005386283,1023.0,20.0000005265184,5.71386131894264,4.72290277481079
default_shortboard,75,2,5,7,20459.9995275378,1023.0,19.9999995381601,5.17416001741869,4.72290277481079
default_shortboard,75,2,5,8,20459.9999014122,1023.0,19.9999999036287,4.36568059493849,4.72290277481079
default_shortboard,75,2,5,9,20459.9989387681,1023.0,19.9999989626277,-7.19418875915381,4.72290277481079
default_shortboard,75,2,6,0,20459.9987155496,1023.0,19.9999987444278,3.65043556349748,4.86385583877563
default_shortboard,75,2,6,1,20459.9996036267,1023.0,19.9999996125383,3.3477964226437,4.86385583877563
default_shortboard,75,2,6,2,20459.9998529774,1023.0,19.9999998562828,3.63170193265402,4.86385583877563
default_shortboard,75,2,6,3,20460.000310072,1023.0,20.0000003031007,4.26402172109486,4.86385583877563
default_shortboard,75,2,6,4,20459.9996207452,1023.0,19.999999629272,3.8028411473305,4.86385583877563
default_shortboard,75,2,6,5,20460.0014838251,1023.0,20.0000014504644,5.36062500178263,4.86385583877563
default_shortboard,75,2,6,6,20460.0009366752,1023.0,20.000000915616,5.45592172847694,4.86385583877563
default_shortboard,75,2,6,7,20460.0001241793,1023.0,20.0000001213874,5.41593741632106,4.86385583877563
default_shortboard,75,2,6,8,20459.998947007,1023.0,19.9999989706813,4.58042911492974,4.86385583877563
default_shortboard,75,2,6,9,20459.9992587606,1023.0,19.9999992754258,-7.91884558995785,4.86385583877563
default_shortboard,75,2,7,0,20459.999185224,1023.0,19.9999992035425,3.24552807661144,4.44038391113281
default_shortboard,75,2,7,1,20459.9996263836,1023.0,19.9999996347836,2.96046511420611,4.44038391113281
default_shortboard,75,2,7,2,20460.0005721097,1023.0,20.000000559247,3.31702499450164,4.44038391113281
default_shortboard,75,2,7,3,20460.0008836945,1023.0,20.0000008638265,2.9716009220064,4.44038391113281
default_shortboard,75,2,7,4,20459.9994852685,1023.0,19.9999994968412,3.78918342700171,4.44038391113281
default_shortboard,75,2,7,5,20459.9999255844,1023.0,19.9999999272575,4.53172226210772,4.44038391113281
default_shortboard,75,2,7,6,20460.0012767435,1023.0,20.0000012480386,5.08899250957858,4.44038391113281
default_shortboard,75,2,7,7,20459.9989924921,1023.0,19.9999990151438,5.97077480989972,4.44038391113281
default_shortboard,75,2,7,8,20459.9991949377,1023.0,19.9999992130379,5.45032374697541,4.44038391113281
default_shortboard,75,2,7,9,20459.9998471698,1023.0,19.9999998506059,-3.39232726709474,4.44038391113281
default_shortboard,75,2,8,0,20459.9988891108,1023.0,19.9999989140868,1.7222614490755,3.16469502449036
default_shortboard,75,2,8,1,20459.9993002969,1023.0,19.9999993160282,1.57200122094328,3.16469502449036
default_shortboard,75,2,8,2,20459.9987094332,1023.0,19.9999987384489,2.08172659245003,3.16469502449036
default_shortboard,75,2,8,3,20459.9999170601,1023.0,19.9999999189248,2.36056744530138,3.16469502449036
default_shortboard,75,2,8,4,20459.9981023795,1023.0,19.9999981450435,3.28136480792993,3.16469502449036
default_shortboard,75,2,8,5,20460.0014315602,1023.0,20.0000013993746,4.34855183552162,3.16469502449036
default_shortboard,75,2,8,6,20459.9994385245,1023.0,19.9999994511481,5.71334230864769,3.16469502449036
default_shortboard,75,2,8,7,20460.0001314146,1023.0,20.00000012846,6.26838650944698,3.16469502449036
default_shortboard,75,2,8,8,20459.9983937545,1023.0,19.9999984298675,4.66894937910029,3.16469502449036
default_shortboard,75,2,8,9,20460.0001738912,1023.0,20.0000001699816,-3.16117998354889,3.16469502449036
default_shortboard,75,2,9,0,20460.0000014045,1023.0,20.0000000013729,1.57486718732089,1.74029982089996
default_shortboard,75,2,9,1,20459.99895672,1023.0,19.9999989801759,0.502054776723271,1.74029982089996
default_shortboard,75,2,9,2,20459.9998168929,1023.0,19.9999998210096,0.620989936678873,1.74029982089996
default_shortboard,75,2,9,3,20460.0011277312,1023.0,20.0000011023766,1.40623907009237,1.74029982089996
default_shortboard,75,2,9,4,20459.9995260018,1023.0,19.9999995366587,2.15080597489413,1.74029982089996
default_shortboard,75,2,9,5,20459.9984918304,1023.0,19.9999985257384,3.41277016037064,1.74029982089996
default_shortboard,75,2,9,6,20460.0002225035,1023.0,20.000000217501,4.55869554535317,1.74029982089996
default_shortboard,75,2,9,7,20459.9996443444,1023.0,19.9999996523405,5.76530221656942,1.74029982089996
default_shortboard,75,2,9,8,20459.9986536429,1023.0,19.9999986839129,5.684963378769,1.74029982089996
default_shortboard,75,2,9,9,20460.0013691487,1023.0,20.0000013383662,1.04238806852456,1.74029982089996
default_shortboard,75,3,0,0,20459.99847097,1023.0,19.999998505347,26.0664236122642,19.0193901062012
default_shortboard,75,3,0,1,20459.9995831326,1023.0,19.999999592505,21.4462196541921,19.0193901062012
default_shortboard,75,3,0,2,20460.0001975838,1023.0,20.0000001931416,21.2226601104447,19.0193901062012
default_shortboard,75,3,0,3,20460.0007387411,1023.0,20.000000722132,19.4930269435304,19.0193901062012
default_shortboard,75,3,0,4,20459.9998172668,1023.0,19.9999998213752,19.8007659349353,19.0193901062012
default_shortboard,75,3,0,5,20460.0000290936,1023.0,20.0000000284395,20.427334248228,19.0193901062012
default_shortboard,75,3,0,6,20459.9997938503,1023.0,19.9999997984851,21.6028569222915,19.0193901062012
default_shortboard,75,3,0,7,20459.9992818353,1023.0,19.9999992979817,23.5545222820357,19.0193901062012
default_shortboard,75,3,0,8,20459.9999582924,1023.0,19.9999999592301,30.3067768820801,19.0193901062012
default_shortboard,75,3,0,9,20459.9999967427,1023.0,19.9999999968159,60.7407785615919,19.0193901062012
default_shortboard,75,3,1,0,20459.9989224279,1023.0,19.9999989466548,79.2098008301382,24.8835163116455
default_shortboard,75,3,1,1,20460.0005931716,1023.0,20.0000005798354,51.3059481553893,24.8835163116455
default_shortboard,75,3,1,2,20459.9999212764,1023.0,19.9999999230463,28.2490951055476,24.8835163116455
default_shortboard,75,3,1,3,20460.0004164489,1023.0,20.0000004070859,27.9813017683228,24.8835163116455
default_shortboard,75,3,1,4,20460.0007545512,1023.0,20.0000007375867,28.3057183822641,24.8835163116455
default_shortboard,75,3,1,5,20459.9993781934,1023.0,19.9999993921734,29.537481457685,24.8835163116455
default_shortboard,75,3,1,6,20459.9996606637,1023.0,19.999999668293,31.1790636262477,24.8835163116455
default_shortboard,75,3,1,7,20459.9994067347,1023.0,19.999999420073,34.3709963291562,24.8835163116455
default_shortboard,75,3,1,8,20460.0007638231,1023.0,20.0000007466502,46.6549595911292,24.8835163116455
default_shortboard,75,3,1,9,20460.0011558499,1023.0,20.000001129863,76.1430395900253,24.8835163116455
default_shortboard,75,3,2,0,20459.9990760258,1023.0,19.9999990967995,10.6271717318583,11.9241991043091
default_shortboard,75,3,2,1,20460.0000849592,1023.0,20.000000083049,10.327893672965,11.9241991043091
default_shortboard,75,3,2,2,20459.9989161144,1023.0,19.9999989404833,10.3619368531175,11.9241991043091
default_shortboard,75,3,2,3,20459.9994860633,1023.0,19.9999994976181,10.4118215070068,11.9241991043091
default_shortboard,75,3,2,4,20460.0002149595,1023.0,20.0000002101266,10.7501479626149,11.9241991043091
default_shortboard,75,3,2,5,20459.9993173259,1023.0,19.9999993326744,7.82181334925665,11.9241991043091
default_shortboard,75,3,2,6,20459.9992516272,1023.0,19.9999992684528,6.78579496395202,11.9241991043091
default_shortboard,75,3,2,7,20459.9996489276,1023.0,19.9999996568208,12.6078850610568,11.9241991043091
default_shortboard,75,3,2,8,20459.9996351082,1023.0,19.999999643312,14.1532282245311,11.9241991043091
default_shortboard,75,3,2,9,20459.9997620822,1023.0,19.9999997674313,29.6853423119576,11.9241991043091
default_shortboard,75,3,3,0,20460.0002096225,1023.0,20.0000002049096,9.85785373729833,10.6639099121094
default_shortboard,75,3,3,1,20459.9998631808,1023.0,19.9999998662569,9.09695968036379,10.6639099121094
default_shortboard,75,3,3,2,20460.0005933911,1023.0,20.0000005800499,9.0509981679371,10.6639099121094
default_shortboard,75,3,3,3,20459.9989139553,1023.0,19.9999989383727,9.37578498014716,10.6639099121094
default_shortboard,75,3,3,4,20460.0000035206,1023.0,20.0000000034415,6.78049152769716,10.6639099121094
default_shortboard,75,3,3,5,20460.0005563332,1023.0,20.0000005438252,7.23001855373775,10.6639099121094
default_shortboard,75,3,3,6,20459.9999196631,1023.0,19.9999999214693,6.75180439700971,10.6639099121094
default_shortboard,75,3,3,7,20460.0004037006,1023.0,20.0000003946243,5.82721855690245,10.6639099121094
default_shortboard,75,3,3,8,20459.9994143342,1023.0,19.9999994275017,0.912854846248778,10.6639099121094
default_shortboard,75,3,3,9,20459.9999891933,1023.0,19.9999999894363,23.7253306617186,10.6639099121094
default_shortboard,75,3,4,0,20460.000371305,1023.0,20.000000362957,10.3551101798243,10.437352180481
default_shortboard,75,3,4,1,20459.9997693587,1023.0,19.9999997745442,8.99680553041154,10.437352180481
default_shortboard,75,3,4,2,20460.0005072767,1023.0,20.0000004958717,9.09744107174699,10.437352180481
default_shortboard,75,3,4,3,20460.0001946162,1023.0,20.0000001902406,6.52050045589123,10.437352180481
default_shortboard,75,3,4,4,20459.9989558588,1023.0,19.9999989793341,7.18228371314053,10.437352180481
default_shortboard,75,3,4,5,20460.0002897299,1023.0,20.0000002832159,7.17624434831991,10.437352180481
default_shortboard,75,3,4,6,20460.0002161196,1023.0,20.0000002112606,6.77283697804408,10.437352180481
default_shortboard,75,3,4,7,20460.0015854335,1023.0,20.0000015497883,5.12467584580645,10.437352180481
default_shortboard,75,3,4,8,20459.9996301701,1023.0,19.999999638485,1.8739750746992,10.437352180481
default_shortboard,75,3,4,9,20460.0005161768,1023.0,20.0000005045717,21.4266404555615,10.437352180481
default_shortboard,75,3,5,0,20459.9994525162,1023.0,19.9999994648252,9.4174232233184,9.13535118103027
default_shortboard,75,3,5,1,20460.0002863742,1023.0,20.0000002799357,7.7998233942565,9.13535118103027
default_shortboard,75,3,5,2,20459.9996585922,1023.0,19.999999666268,8.0164929919792,9.13535118103027
default_shortboard,75,3,5,3,20460.0020865912,1023.0,20.0000020396786,5.46324023117839,9.13535118103027
default_shortboard,75,3,5,4,20459.9993466148,1023.0,19.9999993613047,6.40656495505469,9.13535118103027
default_shortboard,75,3,5,5,20459.9988397233,1023.0,19.9999988658097,6.71563347586518,9.13535118103027
default_shortboard,75,3,5,6,20459.9994711611,1023.0,19.9999994830509,6.64703859088869,9.13535118103027
default_shortboard,75,3,5,7,20459.9989812255,1023.0,19.9999990041305,5.63271473892039,9.13535118103027
default_shortboard,75,3,5,8,20459.9987948621,1023.0,19.9999988219571,3.06617758802502,9.13535118103027
default_shortboard,75,3,5,9,20460.0000503603,1023.0,20.0000000492281,16.6012946642075,9.13535118103027
default_shortboard,75,3,6,0,20459.9997433194,1023.0,19.9999997490903,9.32472360283395,8.29716396331787
default_shortboard,75,3,6,1,20460.0002765791,1023.0,20.0000002703608,7.07472148454673,8.29716396331787
default_shortboard,75,3,6,2,20459.9992141456,1023.0,19.9999992318139,4.93914297138232,8.29716396331787
default_shortboard,75,3,6,3,20460.000005956,1023.0,20.0000000058221,5.49721262995775,8.29716396331787
default_shortboard,75,3,6,4,20460.0003827023,1023.0,20.000000374098,6.06974476924888,8.29716396331787
default_shortboard,75,3,6,5,20460.0003094508,1023.0,20.0000003024934,6.54756855353395,8.29716396331787
default_shortboard,75,3,6,6,20459.9992724972,1023.0,19.9999992888536,6.67477692735581,8.29716396331787
default_shortboard,75,3,6,7,20460.0006894505,1023.0,20.0000006739497,6.75873062290081,8.29716396331787
default_shortboard,75,3,6,8,20459.9998358705,1023.0,19.9999998395606,3.78027774452203,8.29716396331787
default_shortboard,75,3,6,9,20460.000257071,1023.0,20.0000002512913,14.5330800555687,8.29716396331787
default_shortboard,75,3,7,0,20460.0000725951,1023.0,20.0000000709629,12.5980715616075,9.38944625854492
default_shortboard,75,3,7,1,20459.9999971231,1023.0,19.9999999971878,9.19708574736475,9.38944625854492
default_shortboard,75,3,7,2,20459.9992787261,1023.0,19.9999992949424,5.1167618517315,9.38944625854492
default_shortboard,75,3,7,3,20460.0009894069,1023.0,20.0000009671621,5.8708895131285,9.38944625854492
default_shortboard,75,3,7,4,20459.998621398,1023.0,19.999998652393,6.5075877195719,9.38944625854492
default_shortboard,75,3,7,5,20460.0003784156,1023.0,20.0000003699078,7.57020637331609,9.38944625854492
default_shortboard,75,3,7,6,20460.0015660341,1023.0,20.0000015308251,7.59719208158477,9.38944625854492
default_shortboard,75,3,7,7,20459.9999510313,1023.0,19.9999999521323,5.86423552700625,9.38944625854492
default_shortboard,75,3,7,8,20460.001061313,1023.0,20.0000010374516,2.69368839335619,9.38944625854492
default_shortboard,75,3,7,9,20460.0005541792,1023.0,20.0000005417196,19.1975309192725,9.38944625854492
default_shortboard,75,3,8,0,20460.0006794344,1023.0,20.0000006641588,7.05738872388659,6.38227939605713
default_shortboard,75,3,8,1,20459.9999692319,1023.0,19.9999999699236,2.46136773503551,6.38227939605713
default_shortboard,75,3,8,2,20459.9990203157,1023.0,19.9999990423418,3.44614845867199,6.38227939605713
default_shortboard,75,3,8,3,20460.0003739038,1023.0,20.0000003654973,4.53698002028347,6.38227939605713
default_shortboard,75,3,8,4,20459.9987940792,1023.0,19.9999988211918,5.61808674094688,6.38227939605713
default_shortboard,75,3,8,5,20460.0006894943,1023.0,20.0000006739925,6.51593930745905,6.38227939605713
default_shortboard,75,3,8,6,20459.9996411763,1023.0,19.9999996492437,7.09485805862209,6.38227939605713
default_shortboard,75,3,8,7,20460.0003903132,1023.0,20.0000003815379,7.00806158476313,6.38227939605713
default_shortboard,75,3,8,8,20460.0011861962,1023.0,20.0000011595271,6.37298145619696,6.38227939605713
default_shortboard,75,3,8,9,20459.9987320434,1023.0,19.9999987605507,-2.71794536330381,6.38227939605713
default_shortboard,75,3,9,0,20459.9997423999,1023.0,19.9999997481915,6.78134785426341,5.35054063796997
default_shortboard,75,3,9,1,20460.0015836584,1023.0,20.0000015480532,1.26321266703167,5.35054063796997
default_shortboard,75,3,9,2,20460.0019990145,1023.0,20.0000019540709,2.65581568072685,5.35054063796997
default_shortboard,75,3,9,3,20459.9992185419,1023.0,19.9999992361113,3.94974999766023,5.35054063796997
default_shortboard,75,3,9,4,20459.99986403,1023.0,19.999999867087,5.22697523017549,5.35054063796997
default_shortboard,75,3,9,5,20460.0010996933,1023.0,20.000001074969,6.32507201155756,5.35054063796997
default_shortboard,75,3,9,6,20460.0008352089,1023.0,20.000000816431,7.02106745177315,5.35054063796997
default_shortboard,75,3,9,7,20460.0015888678,1023.0,20.0000015531455,7.17252966518975,5.35054063796997
default_shortboard,75,3,9,8,20460.0009377182,1023.0,20.0000009166356,6.16899422380149,5.35054063796997
default_shortboard,75,3,9,9,20459.999204305,1023.0,19.9999992221946,0.195277229141403,5.35054063796997
default_shortboard,90,0,0,0,20460.0000149863,1023.0,20.0000000146494,23.557381075289,26.4028759002686
default_shortboard,90,0,0,1,20460.0012680191,1023.0,20.0000012395104,24.3407522218757,26.4028759002686
default_shortboard,90,0,0,2,20459.9992050373,1023.0,19.9999992229104,24.3431763116396,26.4028759002686
default_shortboard,90,0,0,3,20459.9996346524,1023.0,19.9999996428665,24.1653449103869,26.4028759002686
default_shortboard,90,0,0,4,20459.9997203392,1023.0,19.9999997266268,24.3283029932763,26.4028759002686
default_shortboard,90,0,0,5,20459.9991408041,1023.0,19.9999991601213,26.2638050781204,26.4028759002686
default_shortboard,90,0,0,6,20460.0010446686,1023.0,20.0000010211814,27.175024099343,26.4028759002686
default_shortboard,90,0,0,7,20460.0001745142,1023.0,20.0000001705906,29.4765144585772,26.4028759002686
default_shortboard,90,0,0,8,20460.0005987963,1023.0,20.0000005853337,38.2082577059122,26.4028759002686
default_shortboard,90,0,0,9,,,,,26.4028759002686
default_shortboard,90,0,1,0,20459.9995825959,1023.0,19.9999995919804,10.2880154861983,11.0455436706543
default_shortboard,90,0,1,1,20459.9997834792,1023.0,19.9999997883472,10.0530414640008,11.0455436706543
default_shortboard,90,0,1,2,20459.9999898166,1023.0,19.9999999900455,8.86751701031115,11.0455436706543
default_shortboard,90,0,1,3,20460.0002622262,1023.0,20.0000002563306,9.26228427500862,11.0455436706543
default_shortboard,90,0,1,4,20460.0003061484,1023.0,20.0000002992653,9.40100111776153,11.0455436706543
default_shortboard,90,0,1,5,20460.000227452,1023.0,20.0000002223382,9.50152433688221,11.0455436706543
default_shortboard,90,0,1,6,20459.9987640639,1023.0,19.9999987918514,9.65821497613262,11.0455436706543
default_shortboard,90,0,1,7,20460.0000762246,1023.0,20.0000000745109,9.9013324665827,11.0455436706543
default_shortboard,90,0,1,8,20460.0007312435,1023.0,20.0000007148031,10.7704905125232,11.0455436706543
default_shortboard,90,0,1,9,20460.0000013224,1023.0,20.0000000012927,15.3977628098064,11.0455436706543
default_shortboard,90,0,2,0,20460.0001465029,1023.0,20.0000001432091,10.161082927955,10.9080581665039
default_shortboard,90,0,2,1,20459.9996163438,1023.0,19.9999996249695,9.99216717526916,10.9080581665039
default_shortboard,90,0,2,2,20460.000013959,1023.0,20.0000000136452,9.63858649723568,10.9080581665039
default_shortboard,90,0,2,3,20459.9986448242,1023.0,19.9999986752925,9.28723210693465,10.9080581665039
default_shortboard,90,0,2,4,20459.9997300318,1023.0,19.9999997361015,9.68462255096814,10.9080581665039
default_shortboard,90,0,2,5,20460.0004780274,1023.0,20.0000004672799,9.86689702779615,10.9080581665039
default_shortboard,90,0,2,6,20459.9996930432,1023.0,19.9999996999444,8.55457974676783,10.9080581665039
default_shortboard,90,0,2,7,20459.9991886023,1023.0,19.9999992068449,7.89784711542006,10.9080581665039
default_shortboard,90,0,2,8,20460.0001503678,1023.0,20.0000001469871,7.04561051447387,10.9080581665039
default_shortboard,90,0,2,9,20460.0003601479,1023.0,20.0000003520508,15.6182978396944,10.9080581665039
default_shortboard,90,0,3,0,20459.9995351682,1023.0,19.999999545619,45.0000012536465,45.0
default_shortboard,90,0,3,1,20459.9994994179,1023.0,19.9999995106724,45.0000034795291,45.0
default_shortboard,90,0,3,2,20459.9998377318,1023.0,19.9999998413801,45.000002343964,45.0
default_shortboard,90,0,3,3,20460.0000578556,1023.0,20.0000000565548,44.9999985480351,45.0
default_shortboard,90,0,3,4,20460.0001217223,1023.0,20.0000001189856,45.0000024231759,45.0
default_shortboard,90,0,3,5,20460.0003547863,1023.0,20.0000003468096,44.9999993548067,45.0
default_shortboard,90,0,3,6,20460.0003275746,1023.0,20.0000003202098,45.0000022978642,45.0
default_shortboard,90,0,3,7,20459.9991324874,1023.0,19.9999991519916,44.9999982932665,45.0
default_shortboard,90,0,3,8,20459.9994051633,1023.0,19.9999994185369,45.000000847949,45.0
default_shortboard,90,0,3,9,20460.0010596196,1023.0,20.0000010357963,45.0000011173857,45.0
default_shortboard,90,0,4,0,20459.9998050506,1023.0,19.9999998094336,45.0000021318548,45.0
default_shortboard,90,0,4,1,20460.0018742264,1023.0,20.0000018320884,45.0000064319521,45.0
default_shortboard,90,0,4,2,20459.9990639466,1023.0,19.9999990849918,45.0000064208844,45.0
default_shortboard,90,0,4,3,20460.000193316,1023.0,20.0000001889697,45.0000022151623,45.0
default_shortboard,90,0,4,4,20459.9996313693,1023.0,19.9999996396572,45.0000018868882,45.0
default_shortboard,90,0,4,5,20460.0000979441,1023.0,20.000000095742,45.0000073619745,45.0
default_shortboard,90,0,4,6,20460.0001621799,1023.0,20.0000001585336,45.0000020616624,45.0
default_shortboard,90,0,4,7,20460.0005075106,1023.0,20.0000004961003,45.0000013320048,45.0
default_shortboard,90,0,4,8,20459.999402633,1023.0,19.9999994160635,45.0000021233669,45.0
default_shortboard,90,0,4,9,20460.0002311409,1023.0,20.0000002259442,45.0000069857727,45.0
default_shortboard,90,1,0,0,20460.0019253507,1023.0,20.0000018820633,26.7848722560182,28.8424472808838
default_shortboard,90,1,0,1,20459.9987825262,1023.0,19.9999988098985,27.3399079907026,28.8424472808838
default_shortboard,90,1,0,2,20459.9995381072,1023.0,19.9999995484919,27.9160814364616,28.8424472808838
default_shortboard,90,1,0,3,20459.9999794191,1023.0,19.9999999798818,28.6229599395963,28.8424472808838
default_shortboard,90,1,0,4,20460.0010313133,1023.0,20.0000010081264,29.9609662795483,28.8424472808838
default_shortboard,90,1,0,5,20459.9998763288,1023.0,19.9999998791092,30.5951837886833,28.8424472808838
default_shortboard,90,1,0,6,20459.9986731913,1023.0,19.9999987030218,30.4765101666686,28.8424472808838
default_shortboard,90,1,0,7,20459.9985238915,1023.0,19.9999985570787,31.3170172449132,28.8424472808838
default_shortboard,90,1,0,8,20460.0000573009,1023.0,20.0000000560127,34.4154356814977,28.8424472808838
default_shortboard,90,1,0,9,20460.0002547475,1023.0,20.0000002490201,55.9646990540037,28.8424472808838
default_shortboard,90,1,1,0,20460.0008064942,1023.0,20.0000007883619,9.81425985989727,11.8849000930786
default_shortboard,90,1,1,1,20459.9996293687,1023.0,19.9999996377016,9.9267957778205,11.8849000930786
default_shortboard,90,1,1,2,20459.9995087531,1023.0,19.9999995197977,10.0063098019293,11.8849000930786
default_shortboard,90,1,1,3,20459.9999535522,1023.0,19.9999999545965,10.0668809771464,11.8849000930786
default_shortboard,90,1,1,4,20459.9992982538,1023.0,19.9999993140311,10.3091381276547,11.8849000930786
default_shortboard,90,1,1,5,20459.9994392471,1023.0,19.9999994518545,10.6153087273028,11.8849000930786
default_shortboard,90,1,1,6,20460.0006158058,1023.0,20.0000006019607,11.1609863980883,11.8849000930786
default_shortboard,90,1,1,7,20460.0003773455,1023.0,20.0000003688617,7.56157965221107,11.8849000930786
default_shortboard,90,1,1,8,20459.9991066084,1023.0,19.9999991266944,13.6153282457333,11.8849000930786
default_shortboard,90,1,1,9,20459.9991473331,1023.0,19.9999991665035,20.5934735448399,11.8849000930786
default_shortboard,90,1,2,0,20459.9998802479,1023.0,19.9999998829403,6.58002015766824,8.9401273727417
default_shortboard,90,1,2,1,20459.9996777311,1023.0,19.9999996849767,7.02720463654025,8.9401273727417
default_shortboard,90,1,2,2,20459.999088263,1023.0,19.9999991087615,7.37023859514232,8.9401273727417
default_shortboard,90,1,2,3,20460.0004864542,1023.0,20.0000004755173,7.72043396465315,8.9401273727417
default_shortboard,90,1,2,4,20460.000785896,1023.0,20.0000007682268,6.67320475286774,8.9401273727417
default_shortboard,90,1,2,5,20459.9983768616,1023.0,19.9999984133544,6.72019507010448,8.9401273727417
default_shortboard,90,1,2,6,20460.001104882,1023.0,20.000001080041,6.67581308325526,8.9401273727417
default_shortboard,90,1,2,7,20459.9991273118,1023.0,19.9999991469323,5.70763118549387,8.9401273727417
default_shortboard,90,1,2,8,20459.9995818141,1023.0,19.9999995912161,3.49457137586822,8.9401273727417
default_shortboard,90,1,2,9,20460.0005350033,1023.0,20.0000005229749,17.7776780366839,8.9401273727417
default_shortboard,90,1,3,0,20460.0002539006,1023.0,20.0000002481922,4.69743092369502,7.17878818511963
default_shortboard,90,1,3,1,20460.0002500239,1023.0,20.0000002444026,5.38650311933542,7.17878818511963
default_shortboard,90,1,3,2,20460.0005422481,1023.0,20.0000005300568,5.75878346797833,7.17878818511963
default_shortboard,90,1,3,3,20459.9997712259,1023.0,19.9999997763694,6.40729162608499,7.17878818511963
default_shortboard,90,1,3,4,20460.0010465461,1023.0,20.0000010230167,5.65555545551736,7.17878818511963
default_shortboard,90,1,3,5,20459.9991698081,1023.0,19.9999991884732,5.78782051195727,7.17878818511963
default_shortboard,90,1,3,6,20460.0001542505,1023.0,20.0000001507825,6.09686114522703,7.17878818511963
default_shortboard,90,1,3,7,20459.9995745704,1023.0,19.9999995841352,5.83304446450486,7.17878818511963
default_shortboard,90,1,3,8,20459.9999113409,1023.0,19.9999999133342,2.23095501445932,7.17878818511963
default_shortboard,90,1,3,9,20459.9997204112,1023.0,19.9999997266972,12.9126282668976,7.17878818511963
default_shortboard,90,1,4,0,20460.001089351,1023.0,20.0000010648593,3.99868142771352,5.44952297210693
default_shortboard,90,1,4,1,20460.0004090791,1023.0,20.0000003998818,3.40200673425112,5.44952297210693
default_shortboard,90,1,4,2,20460.0009377094,1023.0,20.000000916627,4.25423173174569,5.44952297210693
default_shortboard,90,1,4,3,20459.9993931744,1023.0,19.9999994068176,5.07682761075796,5.44952297210693
default_shortboard,90,1,4,4,20459.9995986206,1023.0,19.9999996076447,4.64909503696618,5.44952297210693
default_shortboard,90,1,4,5,20459.9998422657,1023.0,19.9999998458121,5.03627215439137,5.44952297210693
default_shortboard,90,1,4,6,20459.9997752405,1023.0,19.9999997802937,5.75982141773072,5.44952297210693
default_shortboard,90,1,4,7,20460.0004548691,1023.0,20.0000004446423,5.13037066448791,5.44952297210693
default_shortboard,90,1,4,8,20460.0002157121,1023.0,20.0000002108622,3.52182322855318,5.44952297210693
default_shortboard,90,1,4,9,20459.9993204198,1023.0,19.9999993356987,8.95386880716208,5.44952297210693
default_shortboard,90,1,5,0,20459.9994402891,1023.0,19.9999994528731,3.47146053932217,4.88041925430298
default_shortboard,90,1,5,1,20459.999144237,1023.0,19.999999163477,2.90721626292834,4.88041925430298
default_shortboard,90,1,5,2,20460.0000757486,1023.0,20.0000000740455,3.7626033992382,4.88041925430298
default_shortboard,90,1,5,3,20460.0012427094,1023.0,20.0000012147697,4.68667178792354,4.88041925430298
default_shortboard,90,1,5,4,20459.9991989922,1023.0,19.9999992170011,4.2973290657936,4.88041925430298
default_shortboard,90,1,5,5,20460.0001521513,1023.0,20.0000001487305,4.81740211618354,4.88041925430298
default_shortboard,90,1,5,6,20459.9989841172,1023.0,19.9999990069572,5.65031861019236,4.88041925430298
default_shortboard,90,1,5,7,20460.000737362,1023.0,20.0000007207839,5.14692748981767,4.88041925430298
default_shortboard,90,1,5,8,20460.0014576708,1023.0,20.0000014248982,3.46986795835956,4.88041925430298
default_shortboard,90,1,5,9,20459.9997243374,1023.0,19.9999997305351,8.47364551484578,4.88041925430298
default_shortboard,90,1,6,0,20460.0001267427,1023.0,20.0000001238931,3.01134668271397,4.73140382766724
default_shortboard,90,1,6,1,20459.9998717853,1023.0,19.9999998746679,2.82744965664581,4.73140382766724
default_shortboard,90,1,6,2,20459.9995369888,1023.0,19.9999995473986,3.670436392489,4.73140382766724
default_shortboard,90,1,6,3,20459.9999888655,1023.0,19.9999999891158,4.61090277241984,4.73140382766724
default_shortboard,90,1,6,4,20460.0008688401,1023.0,20.0000008493061,4.33952093619844,4.73140382766724
default_shortboard,90,1,6,5,20460.0005145195,1023.0,20.0000005029517,4.88523802711298,4.73140382766724
default_shortboard,90,1,6,6,20459.9997186353,1023.0,19.9999997249612,5.58640282807938,4.73140382766724
default_shortboard,90,1,6,7,20460.0003550185,1023.0,20.0000003470367,5.16099443056761,4.73140382766724
default_shortboard,90,1,6,8,20459.9991187753,1023.0,19.9999991385878,3.73760875359901,4.73140382766724
default_shortboard,90,1,6,9,20459.9999194164,1023.0,19.9999999212282,-10.7519149233118,4.73140382766724
default_shortboard,90,1,7,0,20459.9998927911,1023.0,19.9999998952015,2.28246659828508,4.09083366394043
default_shortboard,90,1,7,1,20460.0001285516,1023.0,20.0000001256614,2.21182962553376,4.09083366394043
default_shortboard,90,1,7,2,20460.0001899755,1023.0,20.0000001857043,3.16445113558109,4.09083366394043
default_shortboard,90,1,7,3,20460.0005358673,1023.0,20.0000005238195,3.15699681509664,4.09083366394043
default_shortboard,90,1,7,4,20459.999776133,1023.0,19.9999997811661,4.06263941824306,4.09083366394043
default_shortboard,90,1,7,5,20460.0010485355,1023.0,20.0000010249614,5.18207514426076,4.09083366394043
default_shortboard,90,1,7,6,20460.0003251337,1023.0,20.0000003178238,6.0616684280818,4.09083366394043
default_shortboard,90,1,7,7,20459.9990787767,1023.0,19.9999990994884,5.13060262032904,4.09083366394043
default_shortboard,90,1,7,8,20460.0002388182,1023.0,20.0000002334488,3.71892323867347,4.09083366394043
default_shortboard,90,1,7,9,20460.000127856,1023.0,20.0000001249814,-9.92058485407617,4.09083366394043
default_shortboard,90,1,8,0,20459.9992965071,1023.0,19.9999993123237,1.47030491977123,3.4796416759491
default_shortboard,90,1,8,1,20459.9998218434,1023.0,19.9999998258488,1.90787500514674,3.4796416759491
default_shortboard,90,1,8,2,20460.0000560496,1023.0,20.0000000547894,1.94820297914799,3.4796416759491
default_shortboard,90,1,8,3,20460.0002891145,1023.0,20.0000002826144,3.20588575359055,3.4796416759491
default_shortboard,90,1,8,4,20459.9992402106,1023.0,19.9999992572928,4.19565616030208,3.4796416759491
default_shortboard,90,1,8,5,20460.0007875487,1023.0,20.0000007698424,5.00944219541926,3.4796416759491
default_shortboard,90,1,8,6,20459.9991502585,1023.0,19.9999991693632,6.0243101988176,3.4796416759491
default_shortboard,90,1,8,7,20459.9991774473,1023.0,19.9999991959407,5.91752133800607,3.4796416759491
default_shortboard,90,1,8,8,20459.9988584103,1023.0,19.9999988840765,3.10868685530365,3.4796416759491
default_shortboard,90,1,8,9,20459.9992235458,1023.0,19.9999992410027,-6.47982557445913,3.4796416759491
default_shortboard,90,1,9,0,20460.0007908153,1023.0,20.0000007730355,0.575856702516429,2.54352688789368
default_shortboard,90,1,9,1,20459.9991772745,1023.0,19.9999991957718,0.391150414012966,2.54352688789368
default_shortboard,90,1,9,2,20460.0001928176,1023.0,20.0000001884825,2.05194823226409,2.54352688789368
default_shortboard,90,1,9,3,20459.999775779,1023.0,19.9999997808201,2.03264905219792,2.54352688789368
default_shortboard,90,1,9,4,20459.9993321119,1023.0,19.999999347128,3.64700452635705,2.54352688789368
default_shortboard,90,1,9,5,20459.9996002962,1023.0,19.9999996092827,4.6036654663163,2.54352688789368
default_shortboard,90,1,9,6,20459.9995053776,1023.0,19.9999995164981,5.71079606271503,2.54352688789368
default_shortboard,90,1,9,7,20460.0004458446,1023.0,20.0000004358208,5.73130201631228,2.54352688789368
default_shortboard,90,1,9,8,20460.0003453996,1023.0,20.000000337634,4.49458905085618,2.54352688789368
default_shortboard,90,1,9,9,20460.0013730174,1023.0,20.000001342148,-1.83081243279364,2.54352688789368
default_shortboard,90,2,0,0,20459.9997916162,1023.0,19.9999997963012,26.6692260975772,19.7483539581299
default_shortboard,90,2,0,1,20459.9993124645,1023.0,19.9999993279223,21.8832943680867,19.7483539581299
default_shortboard,90,2,0,2,20460.0011583675,1023.0,20.0000011323241,21.8615943432584,19.7483539581299
default_shortboard,90,2,0,3,20459.9998847043,1023.0,19.9999998872964,20.2212455088862,19.7483539581299
default_shortboard,90,2,0,4,20459.9998883496,1023.0,19.9999998908598,20.7094919171611,19.7483539581299
default_shortboard,90,2,0,5,20459.9992655575,1023.0,19.9999992820699,21.6347897024934,19.7483539581299
default_shortboard,90,2,0,6,20460.0010164759,1023.0,20.0000009936226,23.0092322740391,19.7483539581299
default_shortboard,90,2,0,7,20460.0006845513,1023.0,20.0000006691606,25.0976237120152,19.7483539581299
default_shortboard,90,2,0,8,20460.0006799154,1023.0,20.0000006646289,31.437780943452,19.7483539581299
default_shortboard,90,2,0,9,20460.0013837538,1023.0,20.000001352643,60.4442003726015,19.7483539581299
default_shortboard,90,2,1,0,20460.0003444152,1023.0,20.0000003366717,25.5069339757878,18.8973999023438
default_shortboard,90,2,1,1,20459.9990598531,1023.0,19.9999990809904,21.0772939366157,18.8973999023438
default_shortboard,90,2,1,2,20460.0003719393,1023.0,20.000000363577,20.7275687576231,18.8973999023438
default_shortboard,90,2,1,3,20459.9999190318,1023.0,19.9999999208522,19.4600885260289,18.8973999023438
default_shortboard,90,2,1,4,20460.0008261081,1023.0,20.0000008075348,19.6973413897518,18.8973999023438
default_shortboard,90,2,1,5,20459.9998985568,1023.0,19.9999999008375,20.5402788992219,18.8973999023438
default_shortboard,90,2,1,6,20460.0001288053,1023.0,20.0000001259094,21.9359057301405,18.8973999023438
default_shortboard,90,2,1,7,20459.9997056673,1023.0,19.9999997122848,24.3609926116392,18.8973999023438
default_shortboard,90,2,1,8,20460.0001110562,1023.0,20.0000001085593,30.2706869151173,18.8973999023438
default_shortboard,90,2,1,9,20460.0006488282,1023.0,20.0000006342407,61.1553800974953,18.8973999023438
default_shortboard,90,2,2,0,20460.0007364598,1023.0,20.000000719902,9.89057987070867,12.1652488708496
default_shortboard,90,2,2,1,20459.9993575852,1023.0,19.9999993720285,10.233865232731,12.1652488708496
default_shortboard,90,2,2,2,20460.0009941118,1023.0,20.0000009717613,10.529828219099,12.1652488708496
default_shortboard,90,2,2,3,20459.9998740792,1023.0,19.9999998769102,10.8236467086074,12.1652488708496
default_shortboard,90,2,2,4,20459.9995857768,1023.0,19.9999995950898,11.3443309143322,12.1652488708496
default_shortboard,90,2,2,5,20460.0013411177,1023.0,20.0000013109654,8.40448551375924,12.1652488708496
default_shortboard,90,2,2,6,20459.9996745497,1023.0,19.9999996818668,7.4700952385907,12.1652488708496
default_shortboard,90,2,2,7,20460.0010048826,1023.0,20.0000009822899,13.6263134687309,12.1652488708496
default_shortboard,90,2,2,8,20459.9993076023,1023.0,19.9999993231694,15.3805573063869,12.1652488708496
default_shortboard,90,2,2,9,20459.9986723954,1023.0,19.9999987022438,29.4184629037601,12.1652488708496
default_shortboard,90,2,3,0,20459.9999754946,1023.0,19.9999999760456,9.59761680359631,11.0419807434082
default_shortboard,90,2,3,1,20460.0000425484,1023.0,20.0000000415918,9.53684088254697,11.0419807434082
default_shortboard,90,2,3,2,20460.0001242713,1023.0,20.0000001214774,9.56425590208372,11.0419807434082
default_shortboard,90,2,3,3,20459.9993924853,1023.0,19.999999406144,10.0364897866648,11.0419807434082
default_shortboard,90,2,3,4,20460.0003679834,1023.0,20.00000035971,10.6325729212095,11.0419807434082
default_shortboard,90,2,3,5,20460.0016033014,1023.0,20.0000015672545,7.23987880904632,11.0419807434082
default_shortboard,90,2,3,6,20460.0000269396,1023.0,20.0000000263339,6.0063362637551,11.0419807434082
default_shortboard,90,2,3,7,20460.0006621451,1023.0,20.0000006472582,12.8706147896157,11.0419807434082
default_shortboard,90,2,3,8,20459.9994014138,1023.0,19.9999994148717,14.0503777280077,11.0419807434082
default_shortboard,90,2,3,9,20459.9996855197,1023.0,19.9999996925901,31.042442613221,11.0419807434082
default_shortboard,90,2,4,0,20460.0007655536,1023.0,20.0000007483417,9.6301120955624,10.0373783111572
default_shortboard,90,2,4,1,20459.9991016996,1023.0,19.999999121896,8.65941851527278,10.0373783111572
default_shortboard,90,2,4,2,20460.0004613276,1023.0,20.0000004509556,9.10546427312998,10.0373783111572
default_shortboard,90,2,4,3,20459.9995718837,1023.0,19.999999581509,6.65369018937334,10.0373783111572
default_shortboard,90,2,4,4,20459.9989613455,1023.0,19.9999989846975,7.4180665411626,10.0373783111572
default_shortboard,90,2,4,5,20460.0012477745,1023.0,20.0000012197209,7.42179547658254,10.0373783111572
default_shortboard,90,2,4,6,20459.9989194592,1023.0,19.9999989437528,7.02849132410595,10.0373783111572
default_shortboard,90,2,4,7,20459.9983213638,1023.0,19.9999983591044,5.14815068239136,10.0373783111572
default_shortboard,90,2,4,8,20459.9999898948,1023.0,19.999999990122,1.23451315978215,10.0373783111572
default_shortboard,90,2,4,9,20459.9992933261,1023.0,19.9999993092141,20.7527114211886,10.0373783111572
default_shortboard,90,2,5,0,20459.999910394,1023.0,19.9999999124086,11.2170844431144,10.4606924057007
default_shortboard,90,2,5,1,20459.9997627621,1023.0,19.9999997680959,9.41215351756006,10.4606924057007
default_shortboard,90,2,5,2,20460.0001528936,1023.0,20.0000001494561,7.05125689358561,10.4606924057007
default_shortboard,90,2,5,3,20460.0007869534,1023.0,20.0000007692604,7.33066872671163,10.4606924057007
default_shortboard,90,2,5,4,20460.0009687229,1023.0,20.0000009469432,7.60294791265308,10.4606924057007
default_shortboard,90,2,5,5,20460.0019027159,1023.0,20.0000018599374,7.55586249780035,10.4606924057007
default_shortboard,90,2,5,6,20459.9994359047,1023.0,19.9999994485872,6.93310417709499,10.4606924057007
default_shortboard,90,2,5,7,20459.9992682267,1023.0,19.9999992846791,5.66092972100694,10.4606924057007
default_shortboard,90,2,5,8,20460.0000771407,1023.0,20.0000000754064,-0.358291251189459,10.4606924057007
default_shortboard,90,2,5,9,20459.99975818,1023.0,19.9999997636168,25.6015912170295,10.4606924057007
default_shortboard,90,2,6,0,20460.0010984386,1023.0,20.0000010737425,9.13213713139358,7.93907117843628
default_shortboard,90,2,6,1,20459.9993016229,1023.0,19.9999993173245,7.04643002701105,7.93907117843628
default_shortboard,90,2,6,2,20459.9992372312,1023.0,19.9999992543805,5.13961970827619,7.93907117843628
default_shortboard,90,2,6,3,20460.0002931753,1023.0,20.0000002865838,5.76801808824681,7.93907117843628
default_shortboard,90,2,6,4,20460.0009742151,1023.0,20.0000009523119,6.39515577791222,7.93907117843628
default_shortboard,90,2,6,5,20459.9996889242,1023.0,19.9999996959181,6.79919344701886,7.93907117843628
default_shortboard,90,2,6,6,20459.9998182168,1023.0,19.9999998223038,7.36505652896573,7.93907117843628
default_shortboard,90,2,6,7,20460.0009960792,1023.0,20.0000009736845,6.33187989912408,7.93907117843628
default_shortboard,90,2,6,8,20460.00040835,1023.0,20.0000003991691,2.48008443587212,7.93907117843628
default_shortboard,90,2,6,9,20460.0005809686,1023.0,20.0000005679067,12.5789392127776,7.93907117843628
default_shortboard,90,2,7,0,20459.9996305949,1023.0,19.9999996389002,12.372203287697,9.04482078552246
default_shortboard,90,2,7,1,20460.0003535191,1023.0,20.0000003455709,4.27146805212845,9.04482078552246
default_shortboard,90,2,7,2,20460.0000832942,1023.0,20.0000000814215,5.57309045263678,9.04482078552246
default_shortboard,90,2,7,3,20460.0019356846,1023.0,20.0000018921648,6.42058681129379,9.04482078552246
default_shortboard,90,2,7,4,20459.9994141193,1023.0,19.9999994272916,6.98264419072031,9.04482078552246
default_shortboard,90,2,7,5,20459.9996821759,1023.0,19.9999996893215,8.0582901770437,9.04482078552246
default_shortboard,90,2,7,6,20460.001099197,1023.0,20.0000010744838,7.85789073218804,9.04482078552246
default_shortboard,90,2,7,7,20459.9997876517,1023.0,19.9999997924259,6.45698943481595,9.04482078552246
default_shortboard,90,2,7,8,20459.9994080327,1023.0,19.9999994213419,2.16550534505051,9.04482078552246
default_shortboard,90,2,7,9,20460.0011445296,1023.0,20.0000011187973,14.7396089289308,9.04482078552246
default_shortboard,90,2,8,0,20460.0001198296,1023.0,20.0000001171354,8.25594800867548,6.79264640808105
default_shortboard,90,2,8,1,20459.9995881443,1023.0,19.999999597404,3.17067260599894,6.79264640808105
default_shortboard,90,2,8,2,20459.9997333582,1023.0,19.9999997393531,4.31977735316755,6.79264640808105
default_shortboard,90,2,8,3,20459.9999264483,1023.0,19.9999999281019,5.36182364034039,6.79264640808105
default_shortboard,90,2,8,4,20460.0003481446,1023.0,20.0000003403173,6.28247163747023,6.79264640808105
default_shortboard,90,2,8,5,20459.9999532805,1023.0,19.9999999543308,6.84806051050146,6.79264640808105
default_shortboard,90,2,8,6,20460.0007133555,1023.0,20.0000006973172,6.88237156498987,6.79264640808105
default_shortboard,90,2,8,7,20459.9999030559,1023.0,19.9999999052355,6.84627524171175,6.79264640808105
default_shortboard,90,2,8,8,20459.9989458552,1023.0,19.9999989695555,4.19243854542271,6.79264640808105
default_shortboard,90,2,8,9,20459.998630914,1023.0,19.999998661695,-8.00372536778338,6.79264640808105
default_shortboard,90,2,9,0,20460.0009722893,1023.0,20.0000009504294,9.56928310825375,6.927001953125
default_shortboard,90,2,9,1,20459.998389739,1023.0,19.9999984259423,2.8313923891079,6.927001953125
default_shortboard,90,2,9,2,20459.9990930276,1023.0,19.999999113419,4.41812560456127,6.927001953125
default_shortboard,90,2,9,3,20460.0001037887,1023.0,20.0000001014552,5.48848413505707,6.927001953125
default_shortboard,90,2,9,4,20459.9999374054,1023.0,19.9999999388127,6.46679889254924,6.927001953125
default_shortboard,90,2,9,5,20459.9993539462,1023.0,19.9999993684714,6.94208608269469,6.927001953125
default_shortboard,90,2,9,6,20459.9999678779,1023.0,19.9999999686001,6.97050768913211,6.927001953125
default_shortboard,90,2,9,7,20459.9991558078,1023.0,19.9999991747877,7.08464694926891,6.927001953125
default_shortboard,90,2,9,8,20460.0005415073,1023.0,20.0000005293326,4.60361330516101,6.927001953125
default_shortboard,90,2,9,9,20460.0005013162,1023.0,20.0000004900451,-6.57094377946553,6.927001953125
