"board","drift_deg","roll_case","element_index","boundary_layer_mm","Cl0_Savitsky","Cl0_theorique","Cv_Savitsky","delta_plan_horizontal_deg","deviation_rail_deg","Fx_friction_n","Fx_planing","Fx_rail_n","Fx_rocker","Fz_planing_n","lamda_Savitsky","laminar_boundary_layer_mm","laminar_turbulent_transition_mm","largeur_B_element_mm","longueur_calcul_largeur_element_mm","longueur_element_mm","longueur_mouillee_element_mm","masse_flux_devie_kg_sec_planing","portance_globale_verticale_n","pression_dynamique_B","section_frontale_flux_devie_m2_planing","surface_contact_m2","surface_coupe_partie_immergee_m2","surface_max_element_m2","trainee_globale_horizontale_n","volume_deplacement_litres","volume_litres","inclinaison_roulis_rad_ligne_attack","inclinaison_roulis_rad_ligne_surface","index_dernier_element_on_attack","index_L1_max","index_L1_min","index_L2_max","index_L2_min","index_nose","index_point_contact","index_point_decrochage","index_point_roulis_avant_dans_tab_index_axe_roulis","index_premier_element_on_attack","index_tail","point_attack_on_outline","incidence_deg_stored","pos_x","pos_y","attack_index_1","attack_index_2","rho_v_kg_m2_s","rho_kgm3","scan_speed_ms","incidence_deg_derived","incidence_deg_residual","n_sub_elements"
"default_shortboard_Copy_3","0","0","0","0","0","0","0","-2.36787271499634","0","4.14662456512451","583.164978027344","0","0","995.524841308594","0","0","0","NaN","0","0","0","99.5524826049805","992.592651367188","0","0.00485621858388186","0.00783770065754652","0","0","9696.9765625","50.9988784790039","0.145345270633698","0","0","8","199","1","384","201","200","-1","0","200","0","0","0","45","0.0166666675359011","0","13","384","20500.0003367646","1025","20.0000003285508","NaN","NaN","10"
"default_shortboard_Copy_3","0","0","1","0","0","0","0","-2.36787271499634","0","13.8261489868164","70.6658706665039","0.00456885946914554","0.00456885946914554","516.395629882813","0","0","0","225.251602172852","100.021476745605","0","100.021476745605","102.972145080566","512.805297851563","0","0.00502303102985024","0.0225299969315529","0","0","84.0222702026367","50.9988784790039","0.631405174732208","0","0","8","199","1","383","201","200","-1","0","200","0","0","0","12.3785543441772","0.0333333350718021","0","17","383","20500.0017855029","1025","20.000001741954","12.8822765344411","0.50372219026382","10"
"default_shortboard_Copy_3","0","0","2","0","0","0","0","-2.09352803230286","0","28.7801113128662","46.8995018005371","0.03085707873106","0.03085707873106","517.885375976563","0","0","0","302.838531494141","150.044662475586","0","150.044662475586","148.855392456055","512.801025390625","0","0.00726123852655292","0.0454393066465855","0","0","75.2580184936523","50.9988784790039","1.44940137863159","0","0","9","199","1","382","201","200","-1","0","200","0","0","0","8.0963773727417","0.0500000007450581","0","20","382","20500.0003665656","1025","20.0000003576249","9.19533566385403","1.09895829111233","10"
"default_shortboard_Copy_3","0","0","3","0","0","0","0","-1.34668576717377","0","64.5436019897461","30.6946239471436","0.221456125378609","0.221456125378609","520.261474609375","0","0","0","347.994110107422","300.057678222656","0","300.057678222656","225.311157226563","512.780090332031","0","0.0109907872974873","0.104418307542801","0","0","95.0238800048828","50.9988784790039","3.71842622756958","0","0","9","199","1","379","201","200","-1","0","200","0","0","0","5.67694139480591","0.100000001490116","0","33","368","20500.0016038954","1025","20.000001564776","6.04199006873297","0.36504867392706","10"
"default_shortboard_Copy_3","0","0","4","0","0","0","0","-0.733210623264313","0","112.408973693848","23.1578636169434","0.797395050525665","0.797395050525665","522.333740234375","0","0","0","402.614440917969","450.029235839844","0","450.029235839844","302.160186767578","512.735046386719","0","0.0147395208477974","0.181188270449638","0","0","135.948348999023","50.9988784790039","7.1696572303772","0","0","9","199","1","369","201","200","-1","0","200","0","0","0","4.85202407836914","0.150000005960464","0","50","351","20500.0006369089","1025","20.0000006213745","4.6661220345854","-0.185902043783737","10"
"default_shortboard_Copy_3","0","0","5","0","0","0","0","-0.134175941348076","0","167.939117431641","19.1302852630615","1.25986385345459","1.25986385345459","524.053039550781","0","0","0","428.792205810547","650.001647949219","0","650.001647949219","372.860961914063","512.715454101563","0","0.0181883405894041","0.278715640306473","0","0","187.93098449707","50.9988784790039","11.8899202346802","0","0","9","199","1","359","201","200","-1","0","200","0","0","0","4.5309009552002","0.200000002980232","0","76","338","20499.9988911181","1025","19.999998918164","3.7416494621456","-0.789251493054596","10"
"default_shortboard_Copy_3","0","0","6","0","0","0","0","0.214494645595551","0","222.442718505859","16.6667823791504","1.05970430374146","1.05970430374146","525.451721191406","0","0","0","447.152435302734","850.00537109375","0","850.00537109375","433.516143798828","512.737182617188","0","0.0211471300572157","0.380081981420517","0","0","239.78450012207","50.9988784790039","16.8786792755127","0","0","9","199","1","349","201","200","-1","0","200","0","0","0","4.33902406692505","0.25","0","93","317","20499.9989419797","1025","19.999998967785","3.18948909692888","-1.14953496999617","10"
"default_shortboard_Copy_3","0","0","7","0","0","0","0","0.312780231237411","0","278.974182128906","14.7622871398926","0.49684140086174","0.49684140086174","526.767028808594","0","0","0","462.006927490234","1050.01428222656","0","1050.01428222656","493.094146728516","512.78271484375","0","0.0240533743053675","0.485113859176636","0","0","293.860534667969","50.9988784790039","22.1571750640869","0","0","9","199","1","339","201","200","-1","0","200","0","0","0","3.99330115318298","0.300000011920929","0","110","295","20499.9988969732","1025","19.9999989238763","2.84205879787735","-1.15124235530563","10"
"default_shortboard_Copy_3","0","0","8","0","0","0","0","0.160567373037338","0","327.731414794922","13.4106636047363","2.77245330810547","2.77245330810547","527.838745117188","0","0","0","465.31640625","1250.00439453125","0","1250.00439453125","543.212890625","512.724853515625","0","0.0264981873333454","0.581647574901581","0","0","343.548736572266","50.9988784790039","26.8143653869629","0","0","9","199","1","329","201","200","-1","0","200","0","0","0","3.53299140930176","0.349999994039536","0","128","276","20500.0018979192","1025","20.0000018516285","2.61113444608786","-0.921856963213898","10"
"default_shortboard_Copy_3","0","0","9","0","0","0","0","-0.242073908448219","0","375.157257080078","12.2738924026489","21.4327430725098","21.4327430725098","528.8212890625","0","0","0","470.431884765625","1450.01171875","0","1450.01171875","591.34130859375","512.154418945313","0","0.0288459174335003","0.682131767272949","0","0","408.496185302734","50.9988784790039","30.8950653076172","0","0","8","199","1","319","201","200","-1","0","200","1","0","0","2.81386256217957","0.400000005960464","0","149","255","20500.0000418428","1025","20.0000000408222","2.42364077733069","-0.390221784848873","10"
"default_shortboard_Copy_3","0","0","10","0","0","0","0","-1.0974143743515","0","416.818359375","11.6809539794922","196.163711547852","196.163711547852","529.249145507813","0","0","0","453.464508056641","1700.29333496094","0","1700.29333496094","620.488220214844","505.18798828125","0","0.0302677154541016","0.77102267742157","0","0","624.158081054688","50.9988784790039","33.6666030883789","0","0","7","199","1","309","201","200","-1","0","200","2","0","0","1.82214057445526","0.449999988079071","0","170","231","20500.0017644464","1025","20.0000017214111","2.24981460350934","0.427674029054075","10"
"default_shortboard_Copy_3","0","0","11","0","0","0","0","-1.54890024662018","0","433.613891601563","11.858250617981","561.586669921875","561.586669921875","528.811218261719","0","0","0","445.918914794922","1800.62133789063","0","1800.62133789063","611.389465332031","490.259033203125","0","0.0298238806426525","0.802931129932404","0","0","1006.23168945313","50.9988784790039","34.1722450256348","0","0","6","199","1","306","201","200","-1","0","200","3","0","0","1.20085501670837","0.466666668653488","0","181","220","20499.9970546306","1025","19.9999971264689","2.12867035408157","0.927815337373195","10"
"default_shortboard_Copy_3","0","1","0","0","0","0","0","-3.69895124435425","0","3.04591536521912","208.396347045898","0.000299066741717979","0.000299066741717979","527.785034179688","0","0","0","137.681854248047","51.038631439209","0","51.038631439209","57.1189651489258","512.806396484375","0","0.00278629106469452","0.00702709332108498","0","0","210.908920288086","50.9988784790039","0.117692679166794","0.225100338459015","0","9","207","0","391","220","207","-1","0","219","4","6","0","29.2479019165039","0.0166666675359011","0.0269985105842352","16","391","20499.9993980127","1025","19.9999994126953","23.3599890911153","-5.88791282538859","10"
"default_shortboard_Copy_3","0","1","1","0","0","0","0","-3.69895124435425","0","8.10232067108154","95.1410369873047","0.00290459184907377","0.00290459184907377","525.15771484375","0","0","0","287.309387207031","51.038631439209","0","51.038631439209","84.0222473144531","512.805847167969","0","0.00409864634275436","0.0146638778969646","0","0","102.793327331543","50.9988784790039","0.341383695602417","0.192817553877831","0","9","207","0","390","220","207","-1","0","219","0","6","0","16.3176288604736","0.0333333350718021","0.0269985105842352","20","389","20499.9993383154","1025","19.999999354454","16.2307416976122","-0.0868871628614514","10"
"default_shortboard_Copy_3","0","1","2","0","0","0","0","-2.89946341514587","0","16.0326347351074","66.4781112670898","0.0135764488950372","0.0135764488950372","524.750244140625","0","0","0","272.179931640625","98.9742279052734","0","98.9742279052734","112.596572875977","512.80322265625","0","0.00549251632764935","0.0269387979060411","0","0","82.0602340698242","50.9988784790039","0.748790442943573","0.176859930157661","0","9","207","0","389","220","207","-1","0","219","0","6","0","11.3887157440186","0.0500000007450581","0.0269985105842352","22","384","20499.9978441875","1025","19.9999978967683","11.7644516987538","0.375735954735278","10"
"default_shortboard_Copy_3","0","1","3","0","0","0","0","-1.52301847934723","0","54.7065277099609","34.3921318054199","0.181734070181847","0.181734070181847","522.362426757813","0","0","0","288.594299316406","290.567596435547","0","290.567596435547","205.779968261719","512.783813476563","0","0.0100380489602685","0.0838561579585075","0","0","88.836784362793","50.9988784790039","3.00743436813354","0.101972959935665","0","9","207","0","386","220","207","-1","0","219","0","6","0","6.25371789932251","0.100000001490116","0.0269985105842352","25","360","20499.9964710487","1025","19.9999965571207","6.87511084216235","0.621392942839837","10"
"default_shortboard_Copy_3","0","1","4","0","0","0","0","-0.469244241714478","0","118.876129150391","23.2315902709961","0.875194013118744","0.875194013118744","523.176147460938","0","0","0","362.135681152344","529.973693847656","0","529.973693847656","308.155456542969","512.733032226563","0","0.0150319719687104","0.191922381520271","0","0","142.568923950195","50.9988784790039","7.76110363006592","0.0539886839687824","0","9","207","0","376","220","207","-1","0","219","0","6","0","4.92507982254028","0.150000005960464","0.0269985105842352","35","328","20500.0020745385","1025","20.00000202394","4.4921887116212","-0.432891110919082","10"
"default_shortboard_Copy_3","0","1","5","0","0","0","0","0.0679904744029045","0","166.842468261719","19.4650897979736","0.97117418050766","0.97117418050766","524.626098632813","0","0","0","382.333435058594","721.538330078125","0","721.538330078125","370.832244873047","512.733093261719","0","0.0180893782526255","0.275868207216263","0","0","186.879364013672","50.9988784790039","11.8385372161865","0.050661213696003","0","9","207","0","366","220","207","-1","0","219","0","6","0","4.56572723388672","0.200000002980232","0.0269985105842352","44","304","20499.9994855669","1025","19.999999498114","3.75972694953496","-0.80600028435176","10"
"default_shortboard_Copy_3","0","1","6","0","0","0","0","0.357742607593536","0","223.777648925781","16.1868133544922","1.95066213607788","1.95066213607788","526.67919921875","0","0","0","410.471099853516","913.134155273438","0","913.134155273438","443.09521484375","512.703491210938","0","0.0216143969446421","0.374815195798874","0","0","241.529602050781","50.9988784790039","16.9983177185059","0.0629295259714127","0","9","207","0","356","220","207","-1","0","219","0","6","0","4.16162824630737","0.25","0.0269985105842352","58","283","20500.0035845824","1025","20.0000034971536","3.30589900400752","-0.855729242299851","10"
"default_shortboard_Copy_3","0","1","7","0","0","0","0","0.405625939369202","0","260.394897460938","14.6334028244019","8.00126266479492","8.00126266479492","528.283508300781","0","0","0","406.195648193359","1104.72192382813","0","1104.72192382813","486.899078369141","512.413146972656","0","0.0237511731684208","0.44873321056366","0","0","282.644744873047","50.9988784790039","20.4825668334961","0.0802249312400818","0","8","207","0","346","220","207","-1","0","219","0","6","0","3.85963749885559","0.300000011920929","0.0269985105842352","67","267","20500.0011964257","1025","20.0000011672446","3.03404801023842","-0.825589488617167","10"
"default_shortboard_Copy_3","0","1","8","0","0","0","0","0.284072250127792","0","285.892761230469","13.9515895843506","13.8608865737915","13.8608865737915","532.022399902344","0","0","0","400.463104248047","1248.39294433594","0","1248.39294433594","515.979248046875","512.142883300781","0","0.0251697208732367","0.499935328960419","0","0","313.318695068359","50.9988784790039","22.8375225067139","0.13678303360939","0","8","207","0","336","220","207","-1","0","219","0","6","0","3.51092314720154","0.349999994039536","0.0269985105842352","67","251","20499.9988138734","1025","19.9999988428033","2.88583074726456","-0.625092399936981","10"
"default_shortboard_Copy_3","0","1","9","0","0","0","0","-0.217833310365677","0","335.778198242188","14.2943344116211","305.684234619141","305.684234619141","536.311340332031","0","0","0","401.802154541016","1487.85852050781","0","1487.85852050781","537.740051269531","494.870239257813","0","0.0262312218546867","0.59782475233078","0","0","654.838928222656","50.9988784790039","26.884859085083","0.186241015791893","0","6","207","0","326","220","207","-1","0","219","0","6","0","2.56877946853638","0.400000005960464","0.0269985105842352","77","232","20500.0001238392","1025","20.0000001208187","2.51481886053572","-0.0539606080006565","10"
"default_shortboard_Copy_3","0","2","0","0","0","0","0","-2.26776361465454","0","5.26040363311768","183.873672485352","0.00193676888011396","0.00193676888011396","624.138549804688","0","0","0","81.7889785766602","115.80126953125","0","115.80126953125","75.4357986450195","512.80322265625","0","0.00367979519069195","0.00947126746177673","0","0","188.527191162109","50.9988784790039","0.206426188349724","0.600868046283722","0","8","216","0","398","236","216","-1","0","235","0","15","0","24.6610012054443","0.0500000007450581","0.0539970211684704","12","392","20499.9992488263","1025","19.9999992671476","22.8625610603632","-1.79844014508112","10"
"default_shortboard_Copy_3","0","2","1","0","0","0","0","-1.18445777893066","0","34.3540992736816","47.0852012634277","0.0819494128227234","0.0819494128227234","540.651062011719","0","0","0","179.087265014648","296.246185302734","0","296.246185302734","165.484649658203","512.793395996094","0","0.00807242188602686","0.0530539155006409","0","0","81.0606536865234","50.9988784790039","1.75649511814117","0.289783596992493","0","9","216","0","395","236","216","-1","0","235","0","15","0","8.64408111572266","0.100000001490116","0.0539970211684704","23","360","20500.0001232161","1025","20.0000001202108","8.75183575961137","0.107754643888716","10"
"default_shortboard_Copy_3","0","2","2","0","0","0","0","-0.37531453371048","0","69.125","33.4737548828125","0.38653627038002","0.38653627038002","541.209594726563","0","0","0","232.729064941406","476.649658203125","0","476.649658203125","236.142303466797","512.765441894531","0","0.0115191377699375","0.110930234193802","0","0","102.544998168945","50.9988784790039","4.20486783981323","0.280625522136688","0","9","216","0","385","236","216","-1","0","235","0","15","0","6.75352954864502","0.150000005960464","0.0539970211684704","24","322","20499.9981928402","1025","19.9999982369173","5.96041225894575","-0.793117289699274","10"
"default_shortboard_Copy_3","0","2","3","0","0","0","0","0.322034358978271","0","114.651573181152","25.5631771087646","1.34249472618103","1.34249472618103","539.640319824219","0","0","0","261.613677978516","702.210083007813","0","702.210083007813","309.334106445313","512.70703125","0","0.0150894690304995","0.183707758784294","0","0","141.132415771484","50.9988784790039","7.73597002029419","0.256716072559357","0","9","216","0","375","236","216","-1","0","235","0","15","0","5.43167734146118","0.200000002980232","0.0539970211684704","30","295","20499.9994247693","1025","19.9999994387993","4.7114939681443","-0.720183373316886","10"
"default_shortboard_Copy_3","0","2","4","0","0","0","0","0.71508002281189","0","182.496276855469","18.3792266845703","26.0876159667969","26.0876159667969","532.745727539063","0","0","0","302.184814453125","1018.05877685547","0","1018.05877685547","402.772796630859","511.214599609375","0","0.0196474529802799","0.307641923427582","0","0","226.518646240234","50.9988784790039","13.5914545059204","0.177311345934868","0","8","216","0","365","236","216","-1","0","235","0","15","0","4.24271774291992","0.25","0.0539970211684704","35","273","20500.000536208","1025","20.0000005231297","3.6616688920113","-0.581048850908627","10"
"default_shortboard_Copy_3","0","2","5","0","0","0","0","0.675976872444153","0","204.920181274414","17.3310203552246","107.160041809082","107.160041809082","543.510070800781","0","0","0","299.826110839844","1153.39611816406","0","1153.39611816406","437.949157714844","505.998443603516","0","0.0213633738458157","0.345818281173706","0","0","328.785095214844","50.9988784790039","15.4114685058594","0.262419015169144","0","8","216","0","355","236","216","-1","0","235","0","15","0","3.81207466125488","0.300000011920929","0.0539970211684704","35","261","20499.9997133235","1025","19.9999997203156","3.54177654224611","-0.270298119008777","10"
"default_shortboard_Copy_3","0","2","6","0","0","0","0","0.222050428390503","0","224.148345947266","16.6897563934326","144.03352355957","144.03352355957","548.128845214844","0","0","0","275.804748535156","1424.00231933594","0","1424.00231933594","463.459991455078","503.347595214844","0","0.0226078033447266","0.392746597528458","0","0","384.142974853516","50.9988784790039","17.1192493438721","0.2901311814785","0","6","216","0","345","236","216","-1","0","235","0","15","0","3.35117697715759","0.349999994039536","0.0539970211684704","34","245","20500.0010124019","1025","20.0000009877092","3.29996016311708","-0.051216814040516","10"
"default_shortboard_Copy_3","0","2","7","0","0","0","0","-0.194661021232605","0","232.358428955078","16.8773059844971","148.097686767578","148.097686767578","559.270446777344","0","0","0","263.812103271484","1559.33728027344","0","1559.33728027344","477.293823242188","503.613098144531","0","0.0232826247811317","0.411372005939484","0","0","396.615570068359","50.9988784790039","17.918758392334","0.350618422031403","0","6","216","0","342","236","216","-1","0","235","0","15","0","3.20766925811768","0.366666674613953","0.0539970211684704","34","241","20500.0006540923","1025","20.0000006381389","3.24453099121925","0.0368617331015697","10"
"default_shortboard_Copy_3","0","3","0","0","0","0","0","-3.562584400177","0","2.87275242805481","459.632934570313","2.47740793228149","0.00105983624234796","723.890014648438","0","0","0","29.6163482666016","192.549011230469","0","192.549011230469","72.6060638427734","326.724578857422","0","0.00354175944812596","0.00570259848609567","0","0","9912.890625","50.9988784790039","0.111745499074459","1.0998420715332","0","9","220","0","399","251","220","-1","0","250","0","19","0","45","0.100000001490116","0.0809955298900604","9","384","20499.9986323722","1025","19.999998665729","38.3949104751257","-6.60508952487429","10"
"default_shortboard_Copy_3","0","3","1","0","0","0","0","0.315734326839447","0","27.6521587371826","64.0182723999023","0.0634944066405296","0.0634944066405296","616.403381347656","0","0","0","105.117576599121","387.099822998047","0","387.099822998047","159.288665771484","512.79345703125","0","0.00777017837390304","0.0406909957528114","0","0","91.1977005004883","50.9988784790039","1.31383240222931","0.574921786785126","0","9","220","0","389","251","220","-1","0","250","0","19","0","11.5478000640869","0.150000005960464","0.0809955298900604","14","346","20500.0011719772","1025","20.0000011433924","11.0085642718221","-0.539235792264789","10"
"default_shortboard_Copy_3","0","3","2","0","0","0","0","1.14668929576874","0","60.9584617614746","40.0691719055176","0.655960083007813","0.655960083007813","595.8095703125","0","0","0","152.381500244141","620.625915527344","0","620.625915527344","237.081039428711","512.737915039063","0","0.0115649290382862","0.0945719033479691","0","0","101.199768066406","50.9988784790039","3.61020135879517","0.512312054634094","0","9","220","0","379","251","220","-1","0","250","0","19","0","8.06953144073486","0.200000002980232","0.0809955298900604","16","308","20499.999493628","1025","19.9999995059785","7.02411890828855","-1.04541253244632","10"
"default_shortboard_Copy_3","0","3","3","0","0","0","0","1.43991768360138","0","78.0766220092773","35.7834129333496","4.3980655670166","4.3980655670166","610.57861328125","0","0","0","161.775421142578","776.349304199219","0","776.349304199219","276.652648925781","512.39501953125","0","0.0134952524676919","0.125594243407249","0","0","117.757057189941","50.9988784790039","4.96774673461914","0.551716983318329","0","8","220","0","369","251","220","-1","0","250","0","19","0","7.23705148696899","0.25","0.0809955298900604","16","290","20499.9980243495","1025","19.9999980725361","6.16840967532686","-1.06864181164213","10"
"default_shortboard_Copy_3","0","3","4","0","0","0","0","1.45761477947235","0","113.126106262207","28.3190402984619","13.0550346374512","13.0550346374512","608.771728515625","0","0","0","168.445281982422","1126.64514160156","0","1126.64514160156","341.190155029297","511.833831787109","0","0.0166434217244387","0.189778059720993","0","0","153.99967956543","50.9988784790039","7.81785869598389","0.542604267597198","0","7","220","0","359","251","220","-1","0","250","0","19","0","5.76731014251709","0.300000011920929","0.0809955298900604","21","270","20500.0005815093","1025","20.0000005673261","5.03126895517072","-0.736041187346367","10"
"default_shortboard_Copy_3","0","3","5","0","0","0","0","0.72257786989212","0","138.136444091797","27.1468505859375","105.893844604492","105.893844604492","645.377746582031","0","0","0","162.860656738281","1437.73571777344","0","1437.73571777344","394.71728515625","505.444915771484","0","0.0192545037716627","0.234150588512421","0","0","270.322082519531","50.9988784790039","9.82461261749268","0.629074454307556","0","6","220","0","349","251","220","-1","0","250","0","19","0","4.92428064346313","0.349999994039536","0.0809955298900604","22","257","20499.9978102351","1025","19.999997863644","4.71683175721147","-0.207448886251665","10"
"default_shortboard_Copy_3","0","3","6","0","0","0","0","0.577950119972229","0","131.908096313477","31.7872180938721","68.4775390625","68.4775390625","707.547485351563","0","0","0","152.430374145508","1476.61279296875","0","1476.61279296875","404.686676025391","508.157073974609","0","0.0197408106178045","0.225080639123917","0","0","231.376327514648","50.9988784790039","9.36634063720703","0.742685675621033","0","6","220","0","346","251","220","-1","0","250","0","19","0","5.29273319244385","0.366666674613953","0.0809955298900604","18","255","20500.0029563324","1025","20.0000028842267","5.03161998383398","-0.261113208609866","10"
"default_shortboard_Copy_3","0","4","0","0","0","0","0","0.0304559040814638","0","3.2956268787384","435.444000244141","0.0142520824447274","0.0142520824447274","722.104797363281","0","0","0","12.45361328125","408.011016845703","0","408.011016845703","72.3808898925781","199.507766723633","0","0.00353077496401966","0.00508121121674776","0","0","437.770751953125","50.9988784790039","0.115359738469124","1.28992867469788","0","9","236","0","395","287","236","-1","0","286","0","35","0","45","0.200000002980232","0.107994042336941","16","374","20500.0008865405","1025","20.0000008649176","44.0167582212386","-0.983241778761411","10"
"default_shortboard_Copy_3","0","4","1","0","0","0","0","1.83352291584015","0","18.2027969360352","228.716598510742","0.0637048706412315","0.0637048706412315","1202.56066894531","0","0","0","43.929817199707","582.092834472656","0","582.092834472656","185.794204711914","512.81298828125","0","0.00906313117593527","0.0255712307989597","0","0","245.862731933594","50.9988784790039","0.817708909511566","1.12776875495911","0","9","236","0","385","287","236","-1","0","286","0","35","0","21.6589336395264","0.25","0.107994042336941","18","342","20500.0017218377","1025","20.0000016798417","20.7583215191449","-0.900612120381464","10"
"default_shortboard_Copy_3","0","4","2","0","0","0","0","2.3034291267395","0","42.8524932861328","90.1727828979492","2.37278604507446","2.37278604507446","932.818115234375","0","0","0","71.4451675415039","930.37158203125","0","930.37158203125","254.837036132813","512.558532714844","0","0.0124310757964849","0.066470555961132","0","0","134.600433349609","50.9988784790039","2.40027761459351","0.983060956001282","0","8","236","0","375","287","236","-1","0","286","0","35","0","12.1571941375732","0.300000011920929","0.107994042336941","20","312","20499.9985765408","1025","19.9999986112593","10.7787087956448","-1.37848534192843","10"
"default_shortboard_Copy_3","0","4","3","0","0","0","0","2.05894923210144","0","51.1155204772949","123.814826965332","4.70664596557617","4.70664596557617","1240.88684082031","0","0","0","71.1924819946289","1133.42687988281","0","1133.42687988281","327.552581787109","512.431030273438","0","0.0159781742841005","0.0806914716959","0","0","178.578842163086","50.9988784790039","3.00704097747803","1.14111638069153","0","7","236","0","365","287","236","-1","0","286","0","35","0","12.4906005859375","0.349999994039536","0.107994042336941","19","298","20500.0005609557","1025","20.0000005472739","11.4209434771362","-1.06965710880129","10"
"default_shortboard_Copy_3","0","4","4","0","0","0","0","1.76757884025574","0","54.6415901184082","121.320213317871","7.34035968780518","7.34035968780518","1258.05639648438","0","0","0","69.9185485839844","1249.37707519531","0","1249.37707519531","342.454895019531","512.239318847656","0","0.0167051181197166","0.0873546376824379","0","0","182.199127197266","50.9988784790039","3.27236986160278","1.14728593826294","0","6","236","0","362","287","236","-1","0","286","0","35","0","12.0272703170776","0.366666674613953","0.107994042336941","19","294","20499.9984175712","1025","19.999998456167","11.0247693457024","-1.00250097137527","10"
"default_shortboard_Copy_3","0","4","5","0","0","0","0","1.67620885372162","0","52.9059219360352","181.494537353516","19.286994934082","19.286994934082","1620.36193847656","0","0","0","64.8390274047852","1278.35461425781","0","1278.35461425781","384.870147705078","511.436157226563","0","0.018774151802063","0.082887277007103","0","0","251.940567016602","50.9988784790039","3.17300629615784","1.24640476703644","0","6","236","0","359","287","236","-1","0","286","0","35","0","13.702052116394","0.38333335518837","0.107994042336941","18","292","20500.0019048949","1025","20.0000018584341","13.0912306647056","-0.610821451688487","10"
"default_shortboard_Copy_3","10","0","0","0","0","0","0","-3.33206367492676","0","3.51308584213257","520.479736328125","0","0","888.514404296875","0","0","0","NaN","0","0","0","88.8514404296875","879.705810546875","0","0.00433421647176147","0.00783770065754652","0","0","9589.4140625","50.9988784790039","0.133269473910332","-0.119553349912167","0","9","140","3","386","202","202","-1","0","141","0","1","0","45","0.0166666675359011","0","15","386","20500.0006364651","1025","20.0000006209415","NaN","NaN","10"
"default_shortboard_Copy_3","10","0","1","0","0","0","0","0","0","13.3507852554321","71.369384765625","0.00546439038589597","0.00546439038589597","516.296447753906","0","0","0","319.399108886719","70.538688659668","0","70.538688659668","102.20679473877","512.804992675781","0","0.00498569756746292","0.0225299969315529","0","0","84.2607421875","50.9988784790039","0.618482768535614","-0.00180662015918642","0","9","142","3","385","202","202","-1","0","143","0","1","0","12.5136632919312","0.0333333350718021","0","19","385","20499.9989180611","1025","19.9999989444498","12.7849038033319","0.271240511400769","10"
"default_shortboard_Copy_3","10","0","2","0","0","0","0","-2.56667757034302","0","23.241491317749","53.102840423584","0.0180640555918217","0.0180640555918217","517.620544433594","0","0","0","267.300506591797","142.340835571289","0","142.340835571289","133.27978515625","512.802917480469","0","0.00650145346298814","0.0380477793514729","0","0","75.9041900634766","50.9988784790039","1.14146757125854","-0.0300214216113091","0","9","144","4","385","203","203","-1","0","145","0","2","0","9.12307071685791","0.0500000007450581","0","22","385","20499.9983334485","1025","19.9999983740961","9.83875764637804","0.715686929520134","10"
"default_shortboard_Copy_3","10","0","3","0","0","0","0","-1.32020080089569","0","69.5895690917969","29.6234931945801","0.329641759395599","0.329641759395599","520.532470703125","0","0","0","327.187622070313","332.022857666016","0","332.022857666016","234.291015625","512.767883300781","0","0.0114288292825222","0.108633764088154","0","0","99.1095123291016","50.9988784790039","4.02325868606567","-0.0109052360057831","0","9","151","6","384","205","205","-1","0","152","0","4","0","5.45363521575928","0.100000001490116","0","38","371","20500.001341633","1025","20.0000013089103","6.03898481734416","0.585349601584885","10"
"default_shortboard_Copy_3","10","0","4","0","0","0","0","-0.557262122631073","0","121.013389587402","22.2516536712646","1.39392650127411","1.39392650127411","522.672790527344","0","0","0","395.464263916016","494.780090332031","0","494.780090332031","315.060211181641","512.698852539063","0","0.0153687922284007","0.19566784799099","0","0","144.246612548828","50.9988784790039","7.88146018981934","-0.0135927982628345","0","9","158","8","376","207","207","-1","0","159","0","6","0","4.76518297195435","0.150000005960464","0","60","355","20499.9980804885","1025","19.9999981273058","4.50495522474073","-0.260227747213619","10"
"default_shortboard_Copy_3","10","0","5","0","0","0","0","0.0540923848748207","0","179.544784545898","18.5090847015381","3.29192423820496","3.29192423820496","524.393005371094","0","0","0","423.078369140625","708.447448730469","0","708.447448730469","385.350463867188","512.6298828125","0","0.01879758015275","0.299728780984879","0","0","200.947219848633","50.9988784790039","12.8499088287354","-0.00821427162736654","0","9","165","10","368","209","209","-1","0","166","0","8","0","4.51596164703369","0.200000002980232","0","76","330","20500.0037630276","1025","20.0000036712464","3.59568155362329","-0.920280093410399","10"
"default_shortboard_Copy_3","10","0","6","0","0","0","0","0.404127538204193","0","239.443572998047","15.6787748336792","5.53203678131104","5.53203678131104","526.088134765625","0","0","0","452.603729248047","887.421264648438","0","887.421264648438","454.950531005859","512.540832519531","0","0.022192707285285","0.401650160551071","0","0","260.264251708984","50.9988784790039","18.1292400360107","-0.00164285663049668","0","9","171","12","360","211","211","-1","0","172","0","10","0","4.22344017028809","0.25","0","93","309","20500.0014264829","1025","20.0000013916906","3.16742389262417","-1.05601627766391","10"
"default_shortboard_Copy_3","10","0","7","0","0","0","0","0.56428724527359","0","279.071044921875","14.1485366821289","7.66104888916016","7.66104888916016","527.192443847656","0","0","0","463.875823974609","1034.80493164063","0","1034.80493164063","500.520263671875","512.42138671875","0","0.0244156215339899","0.480020999908447","0","0","300.492279052734","50.9988784790039","21.7715682983398","-0.00425776978954673","0","9","179","16","354","215","215","-1","0","180","1","14","0","4.00365924835205","0.300000011920929","0","114","301","20500.0009102812","1025","20.0000008880792","2.91553075768312","-1.08812849066893","10"
"default_shortboard_Copy_3","10","0","8","0","0","0","0","0.609565377235413","0","295.915924072266","13.62730884552","3.86190414428711","3.86190414428711","527.658813476563","0","0","0","474.412567138672","1085.5068359375","0","1085.5068359375","518.653137207031","512.643005371094","0","0.0253001525998116","0.514978051185608","0","0","313.025390625","50.9988784790039","23.4075870513916","-0.0130458753556013","0","9","181","17","352","216","216","-1","0","182","1","15","0","3.90531468391418","0.316666692495346","0","119","293","20500.0003522071","1025","20.0000003436167","2.81599502893741","-1.08931965497677","10"
"default_shortboard_Copy_3","10","1","0","0","0","0","0","-3.5069854259491","0","2.81237459182739","253.205001831055","0.000160450072144158","0.000160450072144158","520.304260253906","0","0","0","196.472427368164","32.8970794677734","0","32.8970794677734","56.5111236572266","512.806274414063","0","0.00275663984939456","0.00646336935460567","0","0","255.44758605957","50.9988784790039","0.110792495310307","0.150247558951378","0","9","161","1","392","208","208","-1","0","162","4","7","0","30.876184463501","0.0166666675359011","0.0269985105842352","16","392","20500.0024466882","1025","20.0000023870128","25.2457724052866","-5.63041205821436","10"
"default_shortboard_Copy_3","10","1","1","0","0","0","0","-2.79875111579895","0","8.08720970153809","93.3937835693359","0.0119371134787798","0.0119371134787798","519.946838378906","0","0","0","201.271240234375","72.8563003540039","0","72.8563003540039","83.9675903320313","512.802612304688","0","0.00409598043188453","0.0146638778969646","0","0","101.052101135254","50.9988784790039","0.340253114700317","0.132205724716187","0","9","163","1","391","208","208","-1","0","164","0","7","0","16.1549663543701","0.0333333350718021","0.0269985105842352","21","390","20499.9979195209","1025","19.9999979702643","16.2198931516729","0.0649267973027641","10"
"default_shortboard_Copy_3","10","1","2","0","0","0","0","-2.23981976509094","0","15.5745401382446","68.3001403808594","0.0115054221823812","0.0115054221823812","520.492126464844","0","0","0","225.99560546875","113.293670654297","0","113.293670654297","110.418647766113","512.803283691406","0","0.00538627523928881","0.0256038717925549","0","0","83.4279708862305","50.9988784790039","0.720609307289124","0.123938970267773","0","9","165","2","391","209","209","-1","0","166","0","8","0","11.5129146575928","0.0500000007450581","0.0269985105842352","24","387","20500.0009952504","1025","20.000000970976","12.1440103149568","0.631095657364012","10"
"default_shortboard_Copy_3","10","1","3","0","0","0","0","-1.17932617664337","0","62.4295806884766","32.5951385498047","0.329393804073334","0.329393804073334","520.962646484375","0","0","0","344.976348876953","277.677124023438","0","277.677124023438","217.913208007813","512.774597167969","0","0.0106299128383398","0.0957920327782631","0","0","94.9111862182617","50.9988784790039","3.46207475662231","0.0578522942960262","0","9","171","4","390","211","211","-1","0","172","0","10","0","6.00870084762573","0.100000001490116","0.0269985105842352","30","362","20499.9995128696","1025","19.9999995247508","6.37115665590712","0.36245580828139","10"
"default_shortboard_Copy_3","10","1","4","0","0","0","0","-0.135396346449852","0","130.61083984375","23.5485343933105","2.313716173172","2.313716173172","523.399597167969","0","0","0","409.372375488281","502.166320800781","0","502.166320800781","314.54052734375","512.674499511719","0","0.0153434416279197","0.205573037266731","0","0","156.050201416016","50.9988784790039","8.45422172546387","0.0486696101725101","0","9","180","9","385","216","216","-1","0","181","0","15","0","4.83098268508911","0.150000005960464","0.0269985105842352","38","322","20499.9983036007","1025","19.9999983449763","4.28039011880511","-0.550592566284001","10"
"default_shortboard_Copy_3","10","1","5","0","0","0","0","0.250700563192368","0","191.341201782227","18.9080352783203","3.73983764648438","3.73983764648438","525.172546386719","0","0","0","453.032043457031","681.972534179688","0","681.972534179688","390.175506591797","512.587524414063","0","0.0190329514443874","0.308955430984497","0","0","213.578247070313","50.9988784790039","13.4854640960693","0.0409630909562111","0","9","184","9","375","216","216","-1","0","185","0","15","0","4.34307241439819","0.200000002980232","0.0269985105842352","51","298","20500.0001041275","1025","20.0000001015878","3.53189713605307","-0.811175278345125","10"
"default_shortboard_Copy_3","10","1","6","0","0","0","0","0.585352718830109","0","228.555999755859","16.6217384338379","9.1413631439209","9.1413631439209","526.531005859375","0","0","0","475.161590576172","792.637268066406","0","792.637268066406","437.690368652344","512.188659667969","0","0.021350746974349","0.376630783081055","0","0","253.90022277832","50.9988784790039","16.8728141784668","0.0482129231095314","0","9","188","10","366","217","217","-1","0","189","0","16","0","4.03146028518677","0.25","0.0269985105842352","61","285","20500.0026077865","1025","20.0000025441819","3.24977111984743","-0.781689165339333","10"
"default_shortboard_Copy_3","10","1","7","0","0","0","0","0.786758661270142","0","255.144592285156","15.5963706970215","8.12757587432861","8.12757587432861","527.570861816406","0","0","0","470.781066894531","904.047729492188","0","904.047729492188","468.119262695313","512.288391113281","0","0.0228350851684809","0.425608545541763","0","0","278.457183837891","50.9988784790039","19.3666381835938","0.0593442022800446","0","9","192","11","357","218","218","-1","0","193","0","17","0","3.78059506416321","0.300000011920929","0.0269985105842352","68","276","20500.0007331461","1025","20.0000007152645","3.07555502502299","-0.705040039140218","10"
"default_shortboard_Copy_3","10","1","8","0","0","0","0","0.790628969669342","0","270.603759765625","14.7942066192627","9.00266456604004","9.00266456604004","528.37255859375","0","0","0","479.847686767578","951.105224609375","0","951.105224609375","487.864318847656","512.274475097656","0","0.0237982608377934","0.456385672092438","0","0","293.993957519531","50.9988784790039","20.8939514160156","0.0696139112114906","0","9","193","11","354","218","218","-1","0","194","0","17","0","3.69777488708496","0.316666692495346","0.0269985105842352","72","270","20499.9988096984","1025","19.9999988387302","2.98904801832787","-0.708726868757089","10"
"default_shortboard_Copy_3","10","2","0","0","0","0","0","-1.94121193885803","0","5.08329343795776","153.357681274414","0.00274510029703379","0.00274510029703379","575.377075195313","0","0","0","115.47142791748","74.1063766479492","0","74.1063766479492","71.9993362426758","512.804748535156","0","0.00351216248236597","0.00855716969817877","0","0","157.912368774414","50.9988784790039","0.202453628182411","0.462897270917892","0","8","185","1","399","217","217","-1","0","186","0","16","0","24.0901565551758","0.0500000007450581","0.0539970211684704","12","393","20500.0015244663","1025","20.0000014872842","24.2321694083369","0.14201285316107","10"
"default_shortboard_Copy_3","10","2","1","0","0","0","0","-0.857316434383392","0","40.491283416748","41.9863700866699","0.314857125282288","0.314857125282288","527.348815917969","0","0","0","253.241653442383","243.705322265625","0","243.705322265625","175.933380126953","512.765380859375","0","0.00858211610466242","0.061716340482235","0","0","82.3364791870117","50.9988784790039","2.0972843170166","0.181735455989838","0","9","188","1","396","217","217","-1","0","189","0","16","0","8.15640354156494","0.100000001490116","0.0539970211684704","26","359","20499.9999978296","1025","19.9999999978826","7.99330807204154","-0.163095469523399","10"
"default_shortboard_Copy_3","10","2","2","0","0","0","0","-0.046705137938261","0","81.8038177490234","30.7047538757324","1.60674786567688","1.60674786567688","528.511474609375","0","0","0","313.352783203125","398.742797851563","0","398.742797851563","248.835678100586","512.663940429688","0","0.0121383247897029","0.124947167932987","0","0","113.670722961426","50.9988784790039","4.85253763198853","0.170570537447929","0","9","193","2","387","218","218","-1","0","194","0","17","0","6.42633485794067","0.150000005960464","0.0539970211684704","26","316","20500.0016403974","1025","20.0000016003877","5.57494356602909","-0.851391291911584","10"
"default_shortboard_Copy_3","10","2","3","0","0","0","0","0.554795920848846","0","113.039077758789","26.153169631958","4.27073860168457","4.27073860168457","529.577880859375","0","0","0","340.718383789063","514.836181640625","0","514.836181640625","295.381530761719","512.4482421875","0","0.0144088556990027","0.17541415989399","0","0","143.017028808594","50.9988784790039","7.24854230880737","0.167819112539291","0","9","196","3","378","219","219","-1","0","197","0","18","0","5.63226366043091","0.200000002980232","0.0539970211684704","28","295","20499.9992318726","1025","19.9999992506074","4.7116941910742","-0.920569469356712","10"
"default_shortboard_Copy_3","10","2","4","0","0","0","0","1.08000087738037","0","173.256683349609","21.1780776977539","3.53958415985107","3.53958415985107","528.097534179688","0","0","0","364.410949707031","753.697082519531","0","753.697082519531","366.953308105469","512.564819335938","0","0.0179001595824957","0.27465546131134","0","0","197.547027587891","50.9988784790039","12.0611782073975","0.122630454599857","0","9","200","4","369","220","220","-1","0","201","0","19","0","4.26645755767822","0.25","0.0539970211684704","37","277","20500.0020482671","1025","20.0000019983093","3.73679445658165","-0.529663101096571","10"
"default_shortboard_Copy_3","10","2","5","0","0","0","0","1.32717454433441","0","171.41455078125","21.7007026672363","5.89863204956055","5.89863204956055","530.885131835938","0","0","0","343.09130859375","793.902465820313","0","793.902465820313","365.850646972656","512.356994628906","0","0.0178463738411665","0.272381037473679","0","0","198.576049804688","50.9988784790039","11.982307434082","0.16155980527401","0","9","203","5","360","221","221","-1","0","204","0","20","0","4.2382230758667","0.300000011920929","0.0539970211684704","36","269","20499.9990602429","1025","19.9999990831638","3.75670392760155","-0.481519148265146","10"
"default_shortboard_Copy_3","10","2","6","0","0","0","0","1.42674946784973","0","179.033706665039","21.9506607055664","8.65756702423096","8.65756702423096","532.833740234375","0","0","0","338.413146972656","855.226379394531","0","855.226379394531","372.701049804688","512.111633300781","0","0.0181805416941643","0.289419859647751","0","0","209.194274902344","50.9988784790039","12.7455825805664","0.182080984115601","0","9","207","8","353","224","224","-1","0","208","0","23","0","3.97297239303589","0.349999994039536","0.0539970211684704","37","264","20499.9969788755","1025","19.9999970525615","3.60153112013928","-0.37144127289661","10"
"default_shortboard_Copy_3","10","3","0","0","0","0","0","-2.08162045478821","0","2.80441451072693","450.625732421875","0.0157216396182775","0.0157216396182775","798.150085449219","0","0","0","36.5202178955078","165.618103027344","0","165.618103027344","80.0301971435547","512.794860839844","0","0.00390391214750707","0.00604840926826","0","0","452.65478515625","50.9988784790039","0.122972972691059","0.87100487947464","0","9","200","0","399","220","220","-1","0","201","0","19","0","41.6877059936523","0.100000001490116","0.0809955298900604","9","383","20499.9995183446","1025","19.9999995300923","40.1990068816137","-1.48869911203862","10"
"default_shortboard_Copy_3","10","3","1","0","0","0","0","0.766453921794891","0","30.910306930542","51.3662719726563","0.889130532741547","0.889130532741547","549.371887207031","0","0","0","128.247177124023","338.851867675781","0","338.851867675781","156.54736328125","512.675842285156","0","0.00763645768165588","0.0434567928314209","0","0","82.6682586669922","50.9988784790039","1.43595480918884","0.340106040239334","0","9","204","2","391","222","222","-1","0","205","0","21","0","10.5731048583984","0.150000005960464","0.0809955298900604","16","345","20499.9974867018","1025","19.9999975480017","10.1208678436284","-0.452237014770061","10"
"default_shortboard_Copy_3","10","3","2","0","0","0","0","1.37043619155884","0","67.0418701171875","34.0924797058105","1.85776031017303","1.85776031017303","540.006225585938","0","0","0","198.720321655273","491.734588623047","0","491.734588623047","229.228790283203","512.601867675781","0","0.0111818918958306","0.0977176576852798","0","0","102.522911071777","50.9988784790039","3.72974848747253","0.271942794322968","0","9","208","5","384","225","225","-1","0","209","0","24","0","7.62373685836792","0.200000002980232","0.0809955298900604","21","311","20500.0005740241","1025","20.0000005600235","6.57078516911064","-1.05295168925728","10"
"default_shortboard_Copy_3","10","3","3","0","0","0","0","1.70148098468781","0","86.7705841064453","29.7574710845947","3.13999032974243","3.13999032974243","539.730041503906","0","0","0","214.976058959961","608.130737304688","0","608.130737304688","262.96484375","512.471801757813","0","0.0128275528550148","0.130733549594879","0","0","119.202484130859","50.9988784790039","5.19123697280884","0.263710051774979","0","9","214","9","378","229","229","-1","0","215","0","28","0","6.70350646972656","0.25","0.0809955298900604","26","299","20500.0007968937","1025","20.0000007774573","5.6309118436295","-1.07259462609706","10"
"default_shortboard_Copy_3","10","3","4","0","0","0","0","1.86891269683838","0","113.125686645508","25.9051189422607","2.9891505241394","2.9891505241394","538.634521484375","0","0","0","229.203536987305","763.046203613281","0","763.046203613281","302.241088867188","512.530456542969","0","0.0147434677928686","0.174892887473106","0","0","141.572723388672","50.9988784790039","7.25351476669312","0.248457595705986","0","9","220","13","372","233","233","-1","0","221","0","32","0","5.67555046081543","0.300000011920929","0.0809955298900604","34","289","20499.9999398636","1025","19.9999999413303","4.83577245301196","-0.839778007803473","10"
"default_shortboard_Copy_3","10","3","5","0","0","0","0","1.95719051361084","0","115.779815673828","26.482494354248","4.86335325241089","4.86335325241089","542.900146484375","0","0","0","213.559860229492","840.971252441406","0","840.971252441406","305.589691162109","512.343139648438","0","0.0149068143218756","0.179597705602646","0","0","146.666061401367","50.9988784790039","7.49679374694824","0.277956396341324","0","9","227","18","367","238","238","-1","0","228","0","37","0","5.40832471847534","0.349999994039536","0.0809955298900604","34","284","20499.999836562","1025","19.9999998405483","4.76109247379155","-0.647232244683791","10"
"default_shortboard_Copy_3","10","3","6","0","0","0","0","2.04125118255615","0","104.496566772461","29.154857635498","6.46109342575073","6.46109342575073","554.433288574219","0","0","0","181.047378540039","878.767822265625","0","878.767822265625","292.575073242188","512.124450683594","0","0.0142719550058246","0.159098610281944","0","0","139.627075195313","50.9988784790039","6.66213512420654","0.346592217683792","0","9","234","23","362","243","243","-1","0","235","0","42","0","5.70820903778076","0.400000005960464","0.0809955298900604","34","284","20499.9996932995","1025","19.99999970078","5.14664130455536","-0.561567733225397","10"
"default_shortboard_Copy_3","10","3","7","0","0","0","0","2.07998776435852","0","95.7165985107422","32.3000793457031","7.32536602020264","7.32536602020264","567.171997070313","0","0","0","157.71174621582","916.856384277344","0","916.856384277344","281.509521484375","511.964263916016","0","0.0137321706861258","0.14459902048111","0","0","134.830841064453","50.9988784790039","6.00013446807861","0.406689643859863","0","9","241","28","357","248","248","-1","0","242","0","47","0","5.88240480422974","0.449999988079071","0.0809955298900604","35","286","20500.0016325749","1025","20.000001592756","5.44943456353444","-0.432970240695298","10"
"default_shortboard_Copy_3","10","3","8","0","0","0","0","1.56799232959747","0","127.294151306152","29.6829814910889","16.1777496337891","16.1777496337891","553.579284667969","0","0","0","178.617309570313","1109.37414550781","0","1109.37414550781","311.824554443359","510.945098876953","0","0.0152109516784549","0.198153436183929","0","0","172.595001220703","50.9988784790039","8.43091106414795","0.340402871370316","0","9","250","34","353","254","254","-1","0","251","0","53","0","4.46881580352783","0.5","0.0809955298900604","47","286","20500.002960698","1025","20.0000028884859","4.40255594217173","-0.0662598613561043","10"
"default_shortboard_Copy_3","10","3","9","0","0","0","0","-0.161639362573624","0","211.765426635742","24.2685470581055","60.5815277099609","60.5815277099609","535.720703125","0","0","0","237.722885131836","1464.30847167969","0","1464.30847167969","377.372711181641","506.566833496094","0","0.0184084251523018","0.348099648952484","0","0","295.855224609375","50.9988784790039","15.7490358352661","0.212731868028641","0","8","260","40","349","264","260","-1","0","263","0","59","0","2.55484223365784","0.550000011920929","0.0809955298900604","66","279","20499.9997587764","1025","19.9999997646599","3.03136569552709","0.47652346186925","10"
"default_shortboard_Copy_3","10","4","0","0","0","0","0","-0.211379364132881","0","4.61256790161133","670.576721191406","0.398444592952728","0.398444592952728","1068.44213867188","0","0","0","18.1163291931152","384.838684082031","0","384.838684082031","108.052467346191","506.757995605469","0","0.00527085177600384","0.00697186402976513","0","0","674.065063476563","50.9988784790039","0.170859590172768","1.07481718063354","0","9","230","4","396","240","240","-1","0","231","0","39","0","45","0.216666668653488","0.107994042336941","20","371","20500.0011265945","1025","20.0000010991166","49.1143608792641","4.11436087926407","10"
"default_shortboard_Copy_3","10","4","1","0","0","0","0","2.04498219490051","0","26.3829479217529","61.5157890319824","1.98487150669098","1.98487150669098","590.6806640625","0","0","0","71.1320037841797","520.848266601563","0","520.848266601563","151.317230224609","512.4814453125","0","0.00738132791593671","0.0370489805936813","0","0","89.3282089233398","50.9988784790039","1.20837795734406","0.503602027893066","0","9","233","6","395","242","242","-1","0","234","0","41","0","12.7166614532471","0.233333334326744","0.107994042336941","26","344","20500.0010767584","1025","20.000001050496","11.4920289795157","-1.22463247373135","10"
"default_shortboard_Copy_3","10","4","2","0","0","0","0","1.87678575515747","0","18.0451526641846","83.3915939331055","1.75168597698212","1.75168597698212","628.374206542969","0","0","0","50.6008491516113","491.314636230469","0","491.314636230469","130.014694213867","512.462890625","0","0.00634218053892255","0.0248609390109777","0","0","102.575538635254","50.9988784790039","0.77768212556839","0.606051564216614","0","9","235","7","392","243","243","-1","0","236","0","42","0","15.5577430725098","0.25","0.107994042336941","25","350","20499.9989224455","1025","19.9999989487273","14.7798808771756","-0.777862195334125","10"
"default_shortboard_Copy_3","10","4","3","0","0","0","0","2.38075184822083","0","37.214729309082","50.6442337036133","3.03896760940552","3.03896760940552","588.010498046875","0","0","0","84.9775695800781","620.779541015625","0","620.779541015625","179.671615600586","512.358276367188","0","0.00876446813344955","0.0527523308992386","0","0","90.3446273803711","50.9988784790039","1.82361960411072","0.49230220913887","0","9","242","13","388","249","249","-1","0","243","0","48","0","11.0244750976563","0.300000011920929","0.107994042336941","32","331","20500.0021524261","1025","20.0000020999279","9.5636804792682","-1.46079461838805","10"
"default_shortboard_Copy_3","10","4","4","0","0","0","0","2.45464730262756","0","50.8873519897461","42.4116821289063","2.83621883392334","2.83621883392334","581.680236816406","0","0","0","95.6030197143555","776.110656738281","0","776.110656738281","209.979415893555","512.415954589844","0","0.010242898017168","0.0741985216736794","0","0","95.6075744628906","50.9988784790039","2.70153856277466","0.468348473310471","0","9","250","18","383","254","254","-1","0","251","0","53","0","9.30818653106689","0.349999994039536","0.107994042336941","37","320","20500.0006386483","1025","20.0000006230715","7.93486165380877","-1.37332487725812","10"
"default_shortboard_Copy_3","10","4","5","0","0","0","0","2.26731514930725","0","13.7668895721436","188.982238769531","4.75754547119141","4.75754547119141","943.201904296875","0","0","0","29.0654258728027","644.533508300781","0","644.533508300781","141.666107177734","511.894348144531","0","0.00691054202616215","0.0187336411327124","0","0","206.313552856445","50.9988784790039","0.570915818214417","0.992621839046478","0","9","260","24","379","264","260","-1","0","263","0","59","0","22.0036392211914","0.400000005960464","0.107994042336941","24","337","20499.999369284","1025","19.9999993846673","21.6468125050421","-0.356826716149349","10"
"default_shortboard_Copy_3","10","4","6","0","0","0","0","2.47422647476196","0","22.9401226043701","113.20499420166","4.09132242202759","4.09132242202759","833.687744140625","0","0","0","40.1319046020508","803.156188964844","0","803.156188964844","169.923828125","512.151245117188","0","0.00828896649181843","0.0322321876883507","0","0","139.350128173828","50.9988784790039","1.07263803482056","0.902833342552185","0","9","267","31","376","276","267","-1","0","275","0","66","0","15.6603736877441","0.449999988079071","0.107994042336941","31","327","20500.0018147886","1025","20.0000017705255","14.9018653446282","-0.758508343115901","10"
"default_shortboard_Copy_3","10","4","7","0","0","0","0","1.74506556987762","0","45.2725296020508","57.3370552062988","4.27512454986572","4.27512454986572","667.9208984375","0","0","0","64.3097534179688","1038.49279785156","0","1038.49279785156","212.567810058594","512.169189453125","0","0.010369161143899","0.0667852163314819","0","0","106.247375488281","50.9988784790039","2.4381206035614","0.682848632335663","0","9","274","38","373","286","274","-1","0","285","0","73","0","9.54785823822021","0.5","0.107994042336941","50","319","20500.0006373384","1025","20.0000006217936","8.93195260333717","-0.615905634883049","10"
"default_shortboard_Copy_3","10","4","8","0","0","0","0","0.144203066825867","0","86.9243316650391","38.6542701721191","14.023720741272","14.023720741272","589.628234863281","0","0","0","99.6547317504883","1320.74182128906","0","1320.74182128906","268.359130859375","510.954162597656","0","0.0130906905978918","0.131618171930313","0","0","138.970031738281","50.9988784790039","5.31245040893555","0.490397721529007","0","9","281","45","370","297","281","-1","0","296","0","80","0","5.82833242416382","0.550000011920929","0.107994042336941","63","314","20499.9979834977","1025","19.9999980326807","5.70805264341813","-0.120279780745685","10"
"default_shortboard_Copy_3","15","0","0","0","0","0","0","0","0","7.52390384674072","97.4830093383789","0.000917686440516263","0.000917686440516263","515.745300292969","0","0","0","261.958648681641","52.3327903747559","0","52.3327903747559","80.0165939331055","512.806213378906","0","0.00390324858017266","0.0137090273201466","0","0","104.552055358887","50.9988784790039","0.33056378364563","-0.037616278976202","0","9","105","3","386","202","202","-1","0","106","0","1","0","16.9918193817139","0.0166666675359011","0","18","386","20499.999497743","1025","19.9999995099931","16.542175149977","-0.449644231736876","10"
"default_shortboard_Copy_3","15","0","1","0","0","0","0","-3.63823676109314","0","13.4462623596191","71.6612091064453","0.00241566798649728","0.00241566798649728","516.443237304688","0","0","0","281.497528076172","80.0362167358398","0","80.0362167358398","102.022087097168","512.805847167969","0","0.00497668702155352","0.0225299969315529","0","0","84.6393432617188","50.9988784790039","0.615585029125214","-0.0212247166782618","0","9","109","4","386","203","203","-1","0","110","0","2","0","12.5863285064697","0.0333333350718021","0","20","386","20500.0006340204","1025","20.0000006185564","12.761406075399","0.175077568929243","10"
"default_shortboard_Copy_3","15","0","2","0","0","0","0","-2.53893089294434","0","22.5148067474365","54.0353050231934","0.0179355125874281","0.0179355125874281","517.859985351563","0","0","0","276.429138183594","137.640258789063","0","137.640258789063","131.169952392578","512.802917480469","0","0.00639853440225124","0.0380477793514729","0","0","76.1066665649414","50.9988784790039","1.11990451812744","-0.0453791134059429","0","9","113","5","386","204","204","-1","0","114","0","3","0","9.38584518432617","0.0500000007450581","0","23","386","20499.9995540272","1025","19.9999995649046","9.68149643276111","0.295651248434936","10"
"default_shortboard_Copy_3","15","0","3","0","0","0","0","-1.25794541835785","0","67.5554885864258","30.2958641052246","0.157428994774818","0.157428994774818","520.478210449219","0","0","0","334.430450439453","324.832183837891","0","324.832183837891","230.188659667969","512.787414550781","0","0.011228715069592","0.108633771538734","0","0","97.5764541625977","50.9988784790039","3.88394403457642","-0.0204401519149542","0","9","124","8","386","207","207","-1","0","125","0","6","0","5.60401964187622","0.100000001490116","0","40","373","20500.0000660212","1025","20.0000000644109","5.93286140845643","0.328841766580212","10"
"default_shortboard_Copy_3","15","0","4","0","0","0","0","-0.477243930101395","0","124.648139953613","22.2779159545898","1.96979928016663","1.96979928016663","522.783569335938","0","0","0","396.041046142578","505.865814208984","0","505.865814208984","317.545867919922","512.666015625","0","0.0154900411143899","0.200343623757362","0","0","148.482131958008","50.9988784790039","8.06277275085449","-0.0166644677519798","0","9","135","11","379","210","210","-1","0","136","0","9","0","4.72140121459961","0.150000005960464","0","60","353","20500.0016187774","1025","20.0000015792951","4.43438426344444","-0.287016951155167","10"
"default_shortboard_Copy_3","15","0","5","0","0","0","0","0.208017081022263","0","194.016082763672","18.1354122161865","6.77764415740967","6.77764415740967","524.773559570313","0","0","0","452.143402099609","703.014770507813","0","703.014770507813","397.692169189453","512.489196777344","0","0.0193996168673038","0.317863494157791","0","0","218.527053833008","50.9988784790039","13.6834154129028","-0.00854614563286304","0","9","147","16","374","215","215","-1","0","148","1","14","0","4.34285831451416","0.200000002980232","0","81","328","20500.0012067106","1025","20.0000011772787","3.49900947140877","-0.84384884310539","10"
"default_shortboard_Copy_3","15","0","6","0","0","0","0","0.772452890872955","0","253.390533447266","15.4952383041382","6.12219047546387","6.12219047546387","526.565612792969","0","0","0","478.237945556641","885.641357421875","0","885.641357421875","466.042816162109","512.486389160156","0","0.0227337963879108","0.423547297716141","0","0","274.609985351563","50.9988784790039","18.8556728363037","-0.00419687619432807","0","9","155","18","366","217","217","-1","0","156","1","16","0","4.04397583007813","0.25","0","96","304","20499.9995693608","1025","19.9999995798642","3.0768153269075","-0.967160503170622","10"
"default_shortboard_Copy_3","15","0","7","0","0","0","0","0.977158665657043","0","297.339569091797","13.8588199615479","5.8882942199707","5.8882942199707","527.859252929688","0","0","0","502.69873046875","1000.23254394531","0","1000.23254394531","515.177490234375","512.532531738281","0","0.0251306090503931","0.502815663814545","0","0","316.695831298828","50.9988784790039","22.8927536010742","-0.0169648639857769","0","9","162","19","357","218","218","-1","0","163","1","17","0","3.80483412742615","0.300000011920929","0","111","290","20500.0001870753","1025","20.0000001825125","2.8648233820555","-0.940010745370647","10"
"default_shortboard_Copy_3","15","0","8","0","0","0","0","1.01252686977386","0","313.722717285156","13.4066038131714","6.64801216125488","6.64801216125488","528.254028320313","0","0","0","490.260162353516","1084.26403808594","0","1084.26403808594","532.040405273438","512.48779296875","0","0.0259531885385513","0.531571447849274","0","0","333.38671875","50.9988784790039","24.1295967102051","-0.016864001750946","0","9","164","19","354","218","218","-1","0","165","2","17","0","3.68193006515503","0.316666692495346","0","120","288","20500.0015502194","1025","20.0000015124091","2.79849404604596","-0.883436019109072","10"
"default_shortboard_Copy_3","15","0","9","0","0","0","0","1.00140500068665","0","320.730895996094","13.222617149353","6.87827157974243","6.87827157974243","528.379211425781","0","0","0","484.312622070313","1133.8408203125","0","1133.8408203125","539.264587402344","512.479370117188","0","0.0263055879622698","0.54913341999054","0","0","340.442230224609","50.9988784790039","24.9461307525635","-0.0132478149607778","0","9","166","19","351","218","218","-1","0","167","2","17","0","3.63679790496826","0.333333373069763","0","128","289","20500.0012991845","1025","20.0000012674971","2.74573747378166","-0.891060431186598","10"
"default_shortboard_Copy_3","15","1","0","0","0","0","0","-4.14521026611328","0","3.15228271484375","183.015563964844","0.000321808591252193","0.000321808591252193","516.937194824219","0","0","0","346.072601318359","20.3052577972412","0","20.3052577972412","56.6381378173828","512.806335449219","0","0.00276283593848348","0.00702709332108498","0","0","185.661026000977","50.9988784790039","0.119579032063484","0.0969073623418808","0","9","128","1","392","208","208","-1","0","129","4","7","0","30.7609958648682","0.0166666675359011","0.0269985105842352","17","392","20500.0003903495","1025","20.0000003808288","23.1518339540351","-7.6091619108331","10"
"default_shortboard_Copy_3","15","1","1","0","0","0","0","-2.256756067276","0","11.4312305450439","77.2018203735352","0.00349561311304569","0.00349561311304569","519.289428710938","0","0","0","246.414215087891","83.5475311279297","0","83.5475311279297","97.1627349853516","512.805603027344","0","0.00473964540287852","0.0205872990190983","0","0","88.1904296875","50.9988784790039","0.528346359729767","0.113618947565556","0","9","131","2","392","209","209","-1","0","132","0","8","0","13.8196144104004","0.0333333350718021","0.0269985105842352","23","390","20500.0008917","1025","20.0000008699512","13.310131244373","-0.509483166027394","10"
"default_shortboard_Copy_3","15","1","2","0","0","0","0","-2.12577342987061","0","14.744930267334","68.6785659790039","0.00938796158879995","0.00938796158879995","519.296875","0","0","0","300.794616699219","85.1207809448242","0","85.1207809448242","107.98787689209","512.804077148438","0","0.00526770111173391","0.0256038717925549","0","0","82.9785842895508","50.9988784790039","0.686574041843414","0.105678670108318","0","9","135","3","392","210","210","-1","0","136","0","9","0","12.1102905273438","0.0500000007450581","0.0269985105842352","25","388","20500.0007786214","1025","20.0000007596306","11.872730693464","-0.237559833879747","10"
"default_shortboard_Copy_3","15","1","3","0","0","0","0","-0.947399020195007","0","61.0105438232422","33.9020347595215","0.59619402885437","0.59619402885437","521.057434082031","0","0","0","358.940246582031","261.539337158203","0","261.539337158203","212.895446777344","512.748352050781","0","0.0103851435706019","0.0938769951462746","0","0","95.0587997436523","50.9988784790039","3.36084270477295","0.0637955740094185","0","9","147","8","394","215","215","-1","0","148","0","14","0","6.21722888946533","0.100000001490116","0.0269985105842352","33","362","20500.0003447236","1025","20.0000003363157","6.35134599313241","0.134117103667077","10"
"default_shortboard_Copy_3","15","1","4","0","0","0","0","0.160034462809563","0","143.460830688477","23.1990356445313","6.75873994827271","6.75873994827271","523.667236328125","0","0","0","439.716461181641","505.457855224609","0","505.457855224609","326.303161621094","512.411560058594","0","0.0159172266721725","0.222258150577545","0","0","172.985260009766","50.9988784790039","9.35645580291748","0.0417190305888653","0","9","155","10","386","217","217","-1","0","156","0","16","0","4.64913749694824","0.150000005960464","0.0269985105842352","38","314","20500.000932421","1025","20.000000909679","4.10680703431651","-0.542330462631736","10"
"default_shortboard_Copy_3","15","1","5","0","0","0","0","0.557570934295654","0","201.767730712891","19.0071144104004","8.58286666870117","8.58286666870117","525.393493652344","0","0","0","496.806427001953","646.860168457031","0","646.860168457031","395.988586425781","512.250854492188","0","0.0193165168166161","0.321364283561707","0","0","228.928955078125","50.9988784790039","14.2310047149658","0.0368358604609966","0","9","162","11","377","218","218","-1","0","163","0","17","0","4.08368301391602","0.200000002980232","0.0269985105842352","50","292","20499.9995695472","1025","19.9999995800461","3.44600335012556","-0.637679663790453","10"
"default_shortboard_Copy_3","15","1","6","0","0","0","0","0.900855004787445","0","230.831146240234","17.4882869720459","6.60666179656982","6.60666179656982","526.412536621094","0","0","0","490.268585205078","761.196166992188","0","761.196166992188","430.52880859375","512.365356445313","0","0.0210014060139656","0.373190581798553","0","0","254.503875732422","50.9988784790039","16.7886962890625","0.042617492377758","0","9","169","12","368","219","219","-1","0","170","0","18","0","3.86931490898132","0.25","0.0269985105842352","58","283","20499.9993004018","1025","19.9999993174652","3.22604068289131","-0.643274226090018","10"
"default_shortboard_Copy_3","15","1","7","0","0","0","0","1.07043933868408","0","252.086135864258","16.8029289245605","7.08068227767944","7.08068227767944","527.086853027344","0","0","0","489.648864746094","838.257629394531","0","838.257629394531","452.807281494141","512.352661132813","0","0.0220881570130587","0.410451889038086","0","0","275.549530029297","50.9988784790039","18.6175270080566","0.0473214834928513","0","9","176","13","359","220","220","-1","0","177","0","19","0","3.65088725090027","0.300000011920929","0.0269985105842352","64","277","20500.0028398222","1025","20.0000027705582","3.08481899806785","-0.566068252832417","10"
"default_shortboard_Copy_3","15","1","8","0","0","0","0","1.07361543178558","0","255.417922973633","16.9463939666748","7.9822564125061","7.9822564125061","527.220031738281","0","0","0","491.928100585938","847.302429199219","0","847.302429199219","454.487945556641","512.282653808594","0","0.0221701432019472","0.416811883449554","0","0","279.922515869141","50.9988784790039","18.9301986694336","0.0506497137248516","0","9","178","13","356","220","220","-1","0","179","0","19","0","3.5774667263031","0.316666692495346","0.0269985105842352","63","274","20500.0004473008","1025","20.000000436391","3.04899029121969","-0.52847643508341","10"
"default_shortboard_Copy_3","15","2","0","0","0","0","0","-1.82374310493469","0","5.63080453872681","143.589111328125","0.0030707293190062","0.0030707293190062","551.514465332031","0","0","0","185.448211669922","56.2412643432617","0","56.2412643432617","73.226203918457","512.804626464844","0","0.00357201020233333","0.010429841466248","0","0","148.712356567383","50.9988784790039","0.226260766386986","0.366104513406754","0","9","155","1","399","217","217","-1","0","156","1","16","0","21.8348426818848","0.0500000007450581","0.0539970211684704","13","391","20499.9985360131","1025","19.9999985717201","20.0280293066796","-1.8068133752052","10"
"default_shortboard_Copy_3","15","2","1","0","0","0","0","-0.504253387451172","0","39.0689239501953","44.2541961669922","0.935499966144562","0.935499966144562","526.227111816406","0","0","0","263.708709716797","224.067108154297","0","224.067108154297","171.159042358398","512.681945800781","0","0.00834922026842833","0.0590884499251842","0","0","83.7974624633789","50.9988784790039","1.97006821632385","0.17112772166729","0","9","163","2","397","218","218","-1","0","164","0","17","0","8.43882942199707","0.100000001490116","0.0539970211684704","25","357","20500.003216542","1025","20.0000031380898","8.1231007285008","-0.315728693496274","10"
"default_shortboard_Copy_3","15","2","2","0","0","0","0","0.263205051422119","0","85.2878875732422","30.5947933197021","3.87831354141235","3.87831354141235","526.3427734375","0","0","0","350.913177490234","366.502380371094","0","366.502380371094","250.100555419922","512.453857421875","0","0.0122000267729163","0.128610506653786","0","0","119.305099487305","50.9988784790039","5.00231409072876","0.142742529511452","0","9","169","3","388","219","219","-1","0","170","0","18","0","6.48478698730469","0.150000005960464","0.0539970211684704","27","315","20500.0005389445","1025","20.0000005257995","5.44327693132273","-1.04151005598196","10"
"default_shortboard_Copy_3","15","2","3","0","0","0","0","0.790828227996826","0","127.607322692871","25.7259159088135","11.802661895752","11.802661895752","526.612487792969","0","0","0","386.481842041016","509.225738525391","0","509.225738525391","305.112670898438","511.761291503906","0","0.0148835461586714","0.196806505322456","0","0","164.650604248047","50.9988784790039","8.20109176635742","0.122856467962265","0","9","176","4","379","220","220","-1","0","177","0","19","0","5.34112071990967","0.200000002980232","0.0539970211684704","33","292","20499.9982964862","1025","19.9999983380353","4.33715006611222","-1.00397065379744","10"
"default_shortboard_Copy_3","15","2","4","0","0","0","0","1.26849484443665","0","165.68505859375","22.866584777832","5.84492778778076","5.84492778778076","526.867126464844","0","0","0","383.297729492188","671.322204589844","0","671.322204589844","348.771514892578","512.394897460938","0","0.0170132461935282","0.257316291332245","0","0","193.949844360352","50.9988784790039","11.177864074707","0.106499955058098","0","9","184","7","372","223","223","-1","0","185","0","22","0","4.43580341339111","0.25","0.0539970211684704","39","281","20499.998114719","1025","19.9999981607015","3.79104985033852","-0.644753563052592","10"
"default_shortboard_Copy_3","15","2","5","0","0","0","0","1.4321094751358","0","190.911666870117","21.6582050323486","6.45171403884888","6.45171403884888","527.1943359375","0","0","0","399.805114746094","747.575622558594","0","747.575622558594","374.821685791016","512.339111328125","0","0.018283985555172","0.298884570598602","0","0","218.576370239258","50.9988784790039","13.2278699874878","0.0997953712940216","0","9","193","11","366","227","227","-1","0","194","0","26","0","3.8908748626709","0.300000011920929","0.0539970211684704","44","276","20499.9990106091","1025","19.9999990347405","3.50720597007","-0.383668892600901","10"
"default_shortboard_Copy_3","15","2","6","0","0","0","0","1.6611168384552","0","153.73014831543","24.7288417816162","6.85267448425293","6.85267448425293","530.28466796875","0","0","0","328.534545898438","725.672668457031","0","725.672668457031","336.657897949219","512.2353515625","0","0.0164223350584507","0.238408535718918","0","0","184.850891113281","50.9988784790039","10.3417749404907","0.161319315433502","0","9","204","17","362","233","233","-1","0","205","0","32","0","4.55622482299805","0.349999994039536","0.0539970211684704","39","278","20500.0017811705","1025","20.0000017377274","3.94984249120687","-0.606382331791179","10"
"default_shortboard_Copy_3","15","3","0","0","0","0","0","-2.13529181480408","0","2.58695483207703","273.375946044922","0.0591988526284695","0.0591988526284695","667.87109375","0","0","0","42.0936889648438","143.689208984375","0","143.689208984375","70.2107925415039","512.775939941406","0","0.00342491664923728","0.00604840926826","0","0","275.507934570313","50.9988784790039","0.121216095983982","0.692614674568176","0","9","176","0","399","220","220","-1","0","177","0","19","0","33.7983665466309","0.100000001490116","0.0809955298900604","9","383","20500.0003597576","1025","20.000000350983","34.4891975532923","0.690831006661462","10"
"default_shortboard_Copy_3","15","3","1","0","0","0","0","0.674184441566467","0","23.8190078735352","57.8335113525391","1.48333048820496","1.48333048820496","544.666259765625","0","0","0","124.59009552002","272.258911132813","0","272.258911132813","137.577301025391","512.536010742188","0","0.00671108765527606","0.0339207649230957","0","0","82.6265487670898","50.9988784790039","1.06031453609467","0.318350791931152","0","9","184","3","392","223","223","-1","0","185","0","22","0","11.8641576766968","0.150000005960464","0.0809955298900604","16","352","20500.0006097717","1025","20.0000005948992","11.4110275617998","-0.453130114897","10"
"default_shortboard_Copy_3","15","3","2","0","0","0","0","1.41186499595642","0","70.6516418457031","32.5378952026367","5.07210826873779","5.07210826873779","531.654296875","0","0","0","220.661666870117","455.872619628906","0","455.872619628906","232.1064453125","512.228515625","0","0.0113222664222121","0.100593611598015","0","0","107.771484375","50.9988784790039","3.87424683570862","0.205462381243706","0","9","193","7","386","227","227","-1","0","194","0","26","0","7.45407390594482","0.200000002980232","0.0809955298900604","24","314","20499.9985565745","1025","19.99999859178","6.46259390811495","-0.991479997829876","10"
"default_shortboard_Copy_3","15","3","3","0","0","0","0","1.77384436130524","0","91.9920654296875","29.199893951416","6.07054853439331","6.07054853439331","532.994689941406","0","0","0","231.815078735352","580.874267578125","0","580.874267578125","264.709594726563","512.105041503906","0","0.0129126626998186","0.13465541601181","0","0","126.767578125","50.9988784790039","5.39134979248047","0.208959147334099","0","9","204","13","382","233","233","-1","0","205","0","32","0","6.70637130737305","0.25","0.0809955298900604","30","301","20500.0007264405","1025","20.0000007087224","5.50278418911087","-1.20358711826218","10"
"default_shortboard_Copy_3","15","3","4","0","0","0","0","1.96286237239838","0","112.186988830566","26.3733978271484","12.2008686065674","12.2008686065674","531.952270507813","0","0","0","251.57487487793","667.041137695313","0","667.041137695313","293.285614013672","511.405700683594","0","0.0143066169694066","0.167810782790184","0","0","150.232574462891","50.9988784790039","6.91661405563354","0.191831335425377","0","9","214","19","378","239","239","-1","0","215","0","38","0","5.79017210006714","0.300000011920929","0.0809955298900604","40","298","20499.9976333214","1025","19.9999976910453","4.8906569963519","-0.899515103715237","10"
"default_shortboard_Copy_3","15","3","5","0","0","0","0","2.15872597694397","0","92.5233688354492","29.9690208435059","10.8426113128662","10.8426113128662","538.598327636719","0","0","0","197.970352172852","681.912719726563","0","681.912719726563","266.866516113281","511.323760986328","0","0.0130178797990084","0.134998500347137","0","0","132.766662597656","50.9988784790039","5.42958688735962","0.253823965787888","0","9","224","25","374","245","245","-1","0","225","0","44","0","6.30289697647095","0.349999994039536","0.0809955298900604","36","296","20499.9984815968","1025","19.999998518631","5.5336197420933","-0.76927723437765","10"
"default_shortboard_Copy_3","15","3","6","0","0","0","0","2.35924959182739","0","43.4289016723633","45.903377532959","4.61767721176147","4.61767721176147","566.674926757813","0","0","0","104.035469055176","593.078369140625","0","593.078369140625","188.289779663086","512.026062011719","0","0.00918486714363098","0.0617011860013008","0","0","93.3734359741211","50.9988784790039","2.20911717414856","0.41454741358757","0","9","232","31","370","251","251","-1","0","233","0","50","0","9.66232776641846","0.400000005960464","0.0809955298900604","31","310","20500.0003504298","1025","20.0000003418827","8.56089448575114","-1.10143328066732","10"
"default_shortboard_Copy_3","15","3","7","0","0","0","0","1.04574251174927","0","224.817657470703","23.4508895874023","18.2944927215576","18.2944927215576","528.032958984375","0","0","0","319.516448974609","1127.56909179688","0","1127.56909179688","385.157073974609","511.314758300781","0","0.0187881495803595","0.360276877880096","0","0","266.071624755859","50.9988784790039","16.2019290924072","0.113196611404419","0","9","242","38","367","258","258","-1","0","243","0","57","0","2.93373084068298","0.449999988079071","0.0809955298900604","75","290","20500.0004032989","1025","20.0000003934624","2.98928485095483","0.0555540102718455","10"
"default_shortboard_Copy_3","15","3","8","0","0","0","0","0.61418879032135","0","218.757064819336","25.2352828979492","18.2118816375732","18.2118816375732","528.817993164063","0","0","0","292.521270751953","1201.58374023438","0","1201.58374023438","370.846954345703","511.314422607422","0","0.0180900972336531","0.351488798856735","0","0","261.713195800781","50.9988784790039","15.843391418457","0.133082151412964","0","9","251","45","364","265","265","-1","0","252","0","64","0","2.81255269050598","0.5","0.0809955298900604","80","292","20499.9978472098","1025","19.9999978997168","2.95014903846641","0.13759634796043","10"
"default_shortboard_Copy_3","15","4","0","0","0","0","0","0","0","0.593224346637726","260.282165527344","1.11306893825531","0.0149714723229408","112.266418457031","0","0","0","1.57192862033844","291.715362548828","0","291.715362548828","19.652099609375","63.5384063720703","0","0.000958638906013221","0.00045855570351705","0","0","261.458343505859","50.9988784790039","0.00601370073854923","0.962389469146729","0","9","210","1","400","237","237","-1","0","211","1","36","0","45","0.183333337306976","0.107994042336941","11","391","20500.002123953","1025","20.0000020721493","NaN","NaN","10"
"default_shortboard_Copy_3","15","4","1","0","0","0","0","0","0","0.530404150485992","315.658233642578","0.713165640830994","1.06631878225016E-05","35.1012649536133","0","0","0","0.801867961883545","310.090637207031","0","310.090637207031","17.9924774169922","19.0159912109375","0","0.000877681828569621","0.000248651747824624","0","0","316.411163330078","50.9988784790039","0.00345121626742184","0.982202351093292","0","9","214","3","398","239","239","-1","0","215","1","38","0","45","0.200000002980232","0.107994042336941","9","390","20499.9999217427","1025","19.9999999236514","NaN","NaN","10"
"default_shortboard_Copy_3","15","4","2","0","0","0","0","1.45700192451477","0","16.6901969909668","77.6147689819336","4.12868928909302","4.12868928909302","581.679016113281","0","0","0","53.8878746032715","435.739196777344","0","435.739196777344","120.81462097168","511.920501708984","0","0.0058933962136507","0.0234810579568148","0","0","97.8006591796875","50.9988784790039","0.70935720205307","0.478261440992355","0","9","224","9","394","245","245","-1","0","225","0","44","0","15.2003145217896","0.25","0.107994042336941","27","354","20499.9997610614","1025","19.9999997668892","14.5358135392641","-0.664500982525421","10"
"default_shortboard_Copy_3","15","4","3","0","0","0","0","2.35924959182739","0","37.9500541687012","46.5676651000977","8.43408298492432","8.43408298492432","554.565673828125","0","0","0","88.9466781616211","593.078369140625","0","593.078369140625","174.409545898438","511.468139648438","0","0.00850778445601463","0.0527523495256901","0","0","92.3384094238281","50.9988784790039","1.82914841175079","0.362987786531448","0","9","232","15","390","251","251","-1","0","233","0","50","0","10.5965967178345","0.300000011920929","0.107994042336941","34","333","20499.9958332439","1025","19.9999959348721","9.28107358562709","-1.31552313220739","10"
"default_shortboard_Copy_3","15","4","4","0","0","0","0","2.42793488502502","0","44.4123191833496","43.3554611206055","3.85994005203247","3.85994005203247","556.839111328125","0","0","0","91.1895446777344","688.915649414063","0","688.915649414063","189.422698974609","512.158569335938","0","0.00924013182520866","0.0628219097852707","0","0","91.0782012939453","50.9988784790039","2.24319863319397","0.371628224849701","0","9","242","22","387","258","258","-1","0","243","0","57","0","9.77375507354736","0.349999994039536","0.107994042336941","40","327","20499.9996274763","1025","19.9999996365622","8.45800982362098","-1.31574524992638","10"
"default_shortboard_Copy_3","15","4","5","0","0","0","0","2.38344883918762","0","27.1914520263672","63.0366058349609","17.0755062103271","6.65849637985229","595.78271484375","0","0","0","55.347526550293","681.998107910156","0","681.998107910156","153.184692382813","509.915069580078","0","0.00747242430225015","0.0377469100058079","0","0","106.439064025879","50.9988784790039","1.25512671470642","0.518774926662445","0","9","251","29","384","265","265","-1","0","252","0","64","0","12.8567342758179","0.400000005960464","0.107994042336941","43","336","20499.9992220309","1025","19.9999992410057","11.4177624010794","-1.43897187473847","10"
"default_shortboard_Copy_3","15","4","6","0","0","0","0","2.16279125213623","0","32.6383438110352","57.4156799316406","5.91050577163696","5.91050577163696","594.001342773438","0","0","0","55.6923561096191","815.084167480469","0","815.084167480469","167.286712646484","511.748596191406","0","0.00816032756119967","0.0453939586877823","0","0","95.3108520507813","50.9988784790039","1.56827878952026","0.512117326259613","0","9","262","37","382","273","273","-1","0","263","0","72","0","11.1144914627075","0.449999988079071","0.107994042336941","47","331","20499.9997110277","1025","19.9999997180758","10.3561782028086","-0.758313259898888","10"
"default_shortboard_Copy_3","15","4","7","0","0","0","0","1.73203432559967","0","31.2508544921875","63.599552154541","4.77949905395508","4.77949905395508","619.094116210938","0","0","0","47.7570762634277","913.255004882813","0","913.255004882813","166.796859741211","511.999572753906","0","0.00813643261790276","0.043614387512207","0","0","98.9806747436523","50.9988784790039","1.50385057926178","0.580845952033997","0","9","273","45","380","281","281","-1","0","274","0","80","0","10.9762535095215","0.5","0.107994042336941","45","330","20499.9989029841","1025","19.9999989297406","10.7517393368863","-0.224514172635178","10"
"default_shortboard_Copy_3","15","4","8","0","0","0","0","0.549202978610992","0","56.5582046508789","44.7469635009766","7.64172077178955","7.64172077178955","571.274353027344","0","0","0","74.1320724487305","1099.33679199219","0","1099.33679199219","210.944091796875","511.626098632813","0","0.0102899549528956","0.0814961120486259","0","0","108.341430664063","50.9988784790039","3.04522275924683","0.430473655462265","0","9","284","54","379","290","290","-1","0","285","0","89","0","7.52542114257813","0.550000011920929","0.107994042336941","67","328","20500.001483244","1025","20.0000014470674","7.25370609233489","-0.271715050243235","10"
"default_shortboard_Copy_3","15","4","9","0","0","0","0","-1.26068699359894","0","79.025260925293","40.7806015014648","8.03641319274902","8.03641319274902","561.304016113281","0","0","0","89.7045822143555","1307.806640625","0","1307.806640625","240.172576904297","511.905181884766","0","0.0117157362401485","0.117316246032715","0","0","127.313125610352","50.9988784790039","4.62037038803101","0.386125981807709","0","9","301","65","380","305","301","-1","0","304","0","100","0","6.06697130203247","0.600000023841858","0.107994042336941","81","331","20499.9986327152","1025","19.9999986660636","5.73137165014287","-0.335599651889601","10"
"default_shortboard_Copy_3","2","0","0","0","0","0","0","-2.61236429214478","0","4.56870460510254","665.557861328125","0","0","1136.17834472656","0","0","0","NaN","0","0","0","113.617828369141","1111.08374023438","0","0.00554233277216554","0.0087480153888464","0","0","10309.349609375","50.9988784790039","0.162783429026604","-0.196777671575546","0","9","189","2","385","201","201","-1","0","190","0","0","0","45","0.0166666675359011","0","15","385","20500.0011799629","1025","20.0000011511833","NaN","NaN","10"
"default_shortboard_Copy_3","2","0","1","0","0","0","0","-2.61236429214478","0","20.4432773590088","57.3166427612305","0.0110302651301026","0.0110302651301026","518.783020019531","0","0","0","341.719055175781","96.014518737793","0","96.014518737793","124.58731842041","512.80419921875","0","0.0060774302110076","0.032809991389513","0","0","77.3014373779297","50.9988784790039","0.968784868717194","-0.0794891566038132","0","9","189","2","384","201","201","-1","0","190","1","0","0","10.0265274047852","0.0333333350718021","0","18","382","20499.999851048","1025","19.999999854681","10.6746055370514","0.648078132266249","10"
"default_shortboard_Copy_3","2","0","2","0","0","0","0","-2.29199361801147","0","28.2835845947266","47.3010902404785","0.0337680950760841","0.0337680950760841","518.052001953125","0","0","0","315.471740722656","144.036056518555","0","144.036056518555","147.760009765625","512.800476074219","0","0.00720780529081821","0.0454393066465855","0","0","75.1664733886719","50.9988784790039","1.44488871097565","-0.0288554094731808","0","9","189","2","383","201","201","-1","0","190","0","0","0","8.16249561309814","0.0500000007450581","0","21","383","20500.0001808944","1025","20.0000001764823","9.12708951822081","0.964593905122669","10"
"default_shortboard_Copy_3","2","0","3","0","0","0","0","-1.21719932556152","0","70.2943801879883","29.3326988220215","0.330037593841553","0.330037593841553","520.56103515625","0","0","0","323.505432128906","335.861297607422","0","335.861297607422","235.815292358398","512.768737792969","0","0.0115031842142344","0.108652956783772","0","0","99.523796081543","50.9988784790039","4.03102540969849","-0.00380377261899412","0","9","190","3","381","202","202","-1","0","191","0","1","0","5.42377233505249","0.100000001490116","0","36","369","20500.0013880152","1025","20.0000013541611","6.07734417021034","0.65357183515785","10"
"default_shortboard_Copy_3","2","0","4","0","0","0","0","-0.643641889095306","0","117.653091430664","22.6433334350586","0.97448194026947","0.97448194026947","522.52392578125","0","0","0","390.657318115234","482.249298095703","0","482.249298095703","309.590972900391","512.720947265625","0","0.0151019990444183","0.188394203782082","0","0","140.856475830078","50.9988784790039","7.52773666381836","-0.00386572373099625","0","9","191","3","371","202","202","-1","0","192","0","1","0","4.80457353591919","0.150000005960464","0","54","352","20499.9995027026","1025","19.9999995148318","4.59785979627416","-0.20671373964503","10"
"default_shortboard_Copy_3","2","0","5","0","0","0","0","-0.0852199271321297","0","168.675842285156","19.0842227935791","1.34454321861267","1.34454321861267","524.081970214844","0","0","0","413.117736816406","675.41650390625","0","675.41650390625","373.792877197266","512.713928222656","0","0.0182337984442711","0.279026538133621","0","0","188.706436157227","50.9988784790039","11.8976545333862","-0.00140137621201575","0","9","192","4","362","203","203","-1","0","193","0","2","0","4.53134870529175","0.200000002980232","0","71","333","20500.0004985088","1025","20.00000048635","3.74682885004644","-0.784519855245309","10"
"default_shortboard_Copy_3","2","0","6","0","0","0","0","0.238705322146416","0","222.18180847168","16.7072200775146","1.39556705951691","1.39556705951691","525.440551757813","0","0","0","435.704956054688","872.408630371094","0","872.408630371094","432.997589111328","512.72314453125","0","0.021121833473444","0.380112767219543","0","0","239.899520874023","50.9988784790039","16.8208408355713","-0.00142141676042229","0","9","193","4","352","203","203","-1","0","194","0","2","0","4.34934902191162","0.25","0","90","314","20500.0001375698","1025","20.0000001342144","3.18541150130544","-1.16393752060618","10"
"default_shortboard_Copy_3","2","0","7","0","0","0","0","0.320453464984894","0","276.608245849609","14.8878860473633","0.562615811824799","0.562615811824799","526.671020507813","0","0","0","452.587768554688","1071.91625976563","0","1071.91625976563","489.147003173828","512.782287597656","0","0.023860827088356","0.485136181116104","0","0","291.685821533203","50.9988784790039","22.0716533660889","-0.00354508496820927","0","9","194","4","342","203","203","-1","0","195","0","2","0","4.03104305267334","0.300000011920929","0","108","293","20500.0020059041","1025","20.0000019569796","2.81915987982334","-1.21188317285","10"
"default_shortboard_Copy_3","2","0","8","0","0","0","0","0.237652778625488","0","323.547729492188","13.3930597305298","4.08841943740845","4.08841943740845","527.8388671875","0","0","0","473.304931640625","1218.18640136719","0","1218.18640136719","541.393920898438","512.672180175781","0","0.0264094658195972","0.576573610305786","0","0","340.661224365234","50.9988784790039","26.3503227233887","-0.00302346935495734","0","9","195","5","333","204","204","-1","0","196","0","3","0","3.5778980255127","0.349999994039536","0","128","278","20499.9951379817","1025","19.9999952565675","2.62530308683811","-0.952594938674589","10"
"default_shortboard_Copy_3","2","0","9","0","0","0","0","-0.230968162417412","0","384.869812011719","11.9481773376465","85.2962036132813","85.2962036132813","529.1337890625","0","0","0","475.691986083984","1461.7177734375","0","1461.7177734375","601.633666992188","509.173858642578","0","0.0293479841202497","0.695327401161194","0","0","481.678192138672","50.9988784790039","31.2086143493652","-0.0164438914507627","0","8","195","5","323","204","204","-1","0","196","1","3","0","2.58323693275452","0.400000005960464","0","156","256","20499.9997453681","1025","19.9999997515787","2.41902622336449","-0.164210709390025","10"
"default_shortboard_Copy_3","2","0","10","0","0","0","0","-0.557184994220734","0","401.076354980469","11.8596935272217","92.6696014404297","92.6696014404297","529.544982910156","0","0","0","467.532592773438","1567.40295410156","0","1567.40295410156","611.108154296875","509.316864013672","0","0.0298101548105478","0.732811987400055","0","0","505.184204101563","50.9988784790039","32.5123977661133","-0.0382174253463745","0","8","196","5","320","204","204","-1","0","197","2","3","0","2.24129772186279","0.416666686534882","0","166","248","20499.9993519203","1025","19.9999993677271","2.33138587822219","0.0900881563593954","10"
"default_shortboard_Copy_3","2","1","0","0","0","0","0","-4.06003570556641","0","2.59562397003174","307.196075439453","0.000252217083470896","0.000252217083470896","532.314025878906","0","0","0","143.424179077148","41.1206970214844","0","41.1206970214844","56.8974685668945","512.806213378906","0","0.00277548655867577","0.00589770218357444","0","0","309.151580810547","50.9988784790039","0.101909294724464","0.260058760643005","0","9","203","0","391","207","207","-1","0","204","4","6","0","34.2092704772949","0.0166666675359011","0.0269985105842352","14","391","20499.9978793056","1025","19.9999979310299","28.0735580386748","-6.1357124386201","10"
"default_shortboard_Copy_3","2","1","1","0","0","0","0","-3.40898871421814","0","8.35316848754883","93.0520401000977","0.00236973166465759","0.00236973166465759","523.687377929688","0","0","0","285.908630371094","51.2886848449707","0","51.2886848449707","85.0322036743164","512.805725097656","0","0.00414791237562895","0.0146638778969646","0","0","100.957313537598","50.9988784790039","0.356976181268692","0.177421197295189","0","9","204","1","391","208","208","-1","0","205","0","7","0","16.024845123291","0.0333333350718021","0.0269985105842352","21","390","20499.9999937132","1025","19.9999999938666","16.4313311268205","0.406486003529483","10"
"default_shortboard_Copy_3","2","1","2","0","0","0","0","-2.73915719985962","0","16.4011611938477","65.3489074707031","0.0118664726614952","0.0118664726614952","523.641296386719","0","0","0","266.721130371094","100.999862670898","0","100.999862670898","113.694305419922","512.803466796875","0","0.00554606411606073","0.0269387979060411","0","0","81.2990798950195","50.9988784790039","0.767209768295288","0.164033949375153","0","9","204","1","390","208","208","-1","0","205","0","7","0","11.2550439834595","0.0500000007450581","0.0269985105842352","23","385","20499.9983845619","1025","19.9999984239629","11.8808106456556","0.625766662196167","10"
"default_shortboard_Copy_3","2","1","3","0","0","0","0","-1.37995803356171","0","59.0657615661621","32.9725608825684","0.175559118390083","0.175559118390083","521.424987792969","0","0","0","307.200042724609","300.461608886719","0","300.461608886719","213.930038452148","512.7861328125","0","0.0104356119409204","0.0923018231987953","0","0","91.775146484375","50.9988784790039","3.30666375160217","0.0767850875854492","0","9","205","1","387","208","208","-1","0","206","0","7","0","6.03940105438232","0.100000001490116","0.0269985105842352","27","361","20499.9993927794","1025","19.9999994075896","6.49172161541436","0.452320561032041","10"
"default_shortboard_Copy_3","2","1","4","0","0","0","0","-0.35856357216835","0","123.181198120117","23.0531024932861","0.859920263290405","0.859920263290405","523.132995605469","0","0","0","362.111206054688","550.362915039063","0","550.362915039063","311.989013671875","512.740234375","0","0.0152189778164029","0.199292585253716","0","0","146.680297851563","50.9988784790039","8.14211463928223","0.0472035333514214","0","9","206","1","377","208","208","-1","0","207","0","7","0","4.83602046966553","0.150000005960464","0.0269985105842352","37","327","20499.9979259852","1025","19.999997976571","4.37965600792143","-0.456364461744101","10"
"default_shortboard_Copy_3","2","1","5","0","0","0","0","0.142559722065926","0","178.154693603516","18.9494228363037","1.1441662311554","1.1441662311554","524.914794921875","0","0","0","392.032043457031","750.931762695313","0","750.931762695313","382.775177001953","512.727783203125","0","0.0186719596385956","0.294389307498932","0","0","197.849319458008","50.9988784790039","12.8185720443726","0.048491295427084","0","9","207","2","368","209","209","-1","0","208","0","8","0","4.45833110809326","0.200000002980232","0.0269985105842352","47","300","20500.0002362229","1025","20.0000002304613","3.63648756597822","-0.821843542115039","10"
"default_shortboard_Copy_3","2","1","6","0","0","0","0","0.341340243816376","0","220.407241821289","16.4605522155762","1.68618845939636","1.68618845939636","526.336242675781","0","0","0","416.102172851563","900.427124023438","0","900.427124023438","436.979522705078","512.711547851563","0","0.0213160738348961","0.374669671058655","0","0","238.165634155273","50.9988784790039","16.7702312469482","0.0540682449936867","0","9","209","2","358","212","209","-1","0","211","0","8","0","4.22647714614868","0.25","0.0269985105842352","59","284","20500.0004264251","1025","20.0000004160245","3.26148858148156","-0.964988564667125","10"
"default_shortboard_Copy_3","2","1","7","0","0","0","0","0.396657258272171","0","255.52116394043","14.8933429718018","9.69972896575928","9.69972896575928","528.672546386719","0","0","0","419.621856689453","1048.75732421875","0","1048.75732421875","480.003112792969","512.242858886719","0","0.0234147869050503","0.440081477165222","0","0","279.718200683594","50.9988784790039","19.9823799133301","0.0904809981584549","0","9","210","3","349","214","210","-1","0","213","0","9","0","3.85417413711548","0.300000011920929","0.0269985105842352","67","270","20499.9991987729","1025","19.999999218315","3.04989473142488","-0.8042794056906","10"
"default_shortboard_Copy_3","2","1","8","0","0","0","0","0.252390682697296","0","294.855743408203","13.7561330795288","68.7836532592773","68.7836532592773","531.753723144531","0","0","0","412.966583251953","1244.18981933594","0","1244.18981933594","523.283447265625","508.653228759766","0","0.0255260206758976","0.513808846473694","0","0","376.895629882813","50.9988784790039","23.4243717193604","0.129265695810318","0","8","210","3","339","215","210","-1","0","214","0","9","0","3.33774900436401","0.349999994039536","0.0269985105842352","70","250","20500.0009170926","1025","20.0000008947245","2.8476263587501","-0.49012264561391","10"
"default_shortboard_Copy_3","2","1","9","0","0","0","0","0.0960496515035629","0","317.106719970703","13.7659168243408","119.14111328125","119.14111328125","535.997375488281","0","0","0","419.713470458984","1339.23864746094","0","1339.23864746094","539.691589355469","506.136108398438","0","0.0263264179229736","0.562096476554871","0","0","449.450378417969","50.9988784790039","25.4622821807861","0.178964480757713","0","8","210","3","329","216","210","-1","0","215","0","9","0","3.0014271736145","0.400000005960464","0.0269985105842352","77","242","20500.0008331749","1025","20.0000008128535","2.6844939512972","-0.316933222317304","10"
"default_shortboard_Copy_3","2","1","10","0","0","0","0","-0.265346378087997","0","376.389923095703","12.4787454605103","85.807861328125","85.807861328125","532.431823730469","0","0","0","458.364807128906","1487.51782226563","0","1487.51782226563","588.023315429688","508.865173339844","0","0.028684064745903","0.681825816631317","0","0","474.2236328125","50.9988784790039","30.7934837341309","0.119715310633183","0","8","210","3","326","216","210","-1","0","215","0","9","0","2.62541556358337","0.416666686534882","0.0269985105842352","131","242","20499.9995864838","1025","19.9999995965696","2.41111581626386","-0.214299747319514","10"
"default_shortboard_Copy_3","2","1","11","0","0","0","0","-0.725862205028534","0","397.5244140625","12.3926448822021","111.440383911133","111.440383911133","534.828857421875","0","0","0","445.579315185547","1630.88842773438","0","1630.88842773438","603.029113769531","508.254455566406","0","0.0294160544872284","0.726690173149109","0","0","520.901794433594","50.9988784790039","32.3005905151367","0.150449648499489","0","7","211","4","324","218","211","-1","0","217","1","10","0","2.21658682823181","0.433333367109299","0.0269985105842352","144","235","20499.9998905818","1025","19.9999998932506","2.31993842059592","0.103351592364109","10"
"default_shortboard_Copy_3","2","2","0","0","0","0","0","-2.5477237701416","0","5.25135517120361","171.216644287109","0.00274213124066591","0.00274213124066591","611.743286132813","0","0","0","135.676986694336","69.8074798583984","0","69.8074798583984","74.7031478881836","512.804138183594","0","0.00364405615255237","0.00947126746177673","0","0","175.881408691406","50.9988784790039","0.208222702145576","0.570585072040558","0","8","216","0","398","227","216","-1","0","226","0","15","0","24.6853103637695","0.0500000007450581","0.0539970211684704","12","392","20499.9991111169","1025","19.999999132797","22.6281264010146","-2.05718396275495","10"
"default_shortboard_Copy_3","2","2","1","0","0","0","0","-1.31405854225159","0","40.0718688964844","42.3729209899902","0.112424030900002","0.112424030900002","533.527893066406","0","0","0","237.390686035156","259.977935791016","0","259.977935791016","177.531723022461","512.790771484375","0","0.0086600836366415","0.061716340482235","0","0","82.1030349731445","50.9988784790039","2.10584616661072","0.23733651638031","0","9","216","0","395","228","216","-1","0","227","0","15","0","7.99351358413696","0.100000001490116","0.0539970211684704","25","358","20500.0009782019","1025","20.0000009543433","8.06640750436538","0.0728939202284167","10"
"default_shortboard_Copy_3","2","2","2","0","0","0","0","-0.102494813501835","0","73.4701461791992","32.4224128723145","0.437736183404922","0.437736183404922","537.619812011719","0","0","0","242.447738647461","471.612945556641","0","471.612945556641","241.594085693359","512.763488769531","0","0.0117850778624415","0.114341489970684","0","0","105.891662597656","50.9988784790039","4.38793897628784","0.254592210054398","0","9","217","1","386","229","217","-1","0","228","0","16","0","6.67666339874268","0.150000005960464","0.0539970211684704","25","321","20499.999110172","1025","19.9999991318751","5.91593211763141","-0.760731281111264","10"
"default_shortboard_Copy_3","2","2","3","0","0","0","0","0.5274698138237","0","121.440826416016","24.8266792297363","1.03785133361816","1.03785133361816","534.81640625","0","0","0","281.935729980469","702.636840820313","0","702.636840820313","314.763061523438","512.729187011719","0","0.0153542952612042","0.198098421096802","0","0","146.884826660156","50.9988784790039","8.29668045043945","0.217330157756805","0","9","217","1","376","230","217","-1","0","229","0","16","0","5.2628116607666","0.200000002980232","0.0539970211684704","32","292","20500.0005645815","1025","20.0000005508112","4.44536358438681","-0.817448076379793","10"
"default_shortboard_Copy_3","2","2","4","0","0","0","0","0.76947695016861","0","178.174057006836","19.2497024536133","20.802131652832","20.802131652832","532.160095214844","0","0","0","332.541351318359","889.302490234375","0","889.302490234375","390.634796142578","511.347412109375","0","0.0190553572028875","0.295729845762253","0","0","217.773513793945","50.9988784790039","12.9294061660767","0.173101484775543","0","9","217","1","366","230","217","-1","0","229","0","16","0","4.24524593353271","0.25","0.0539970211684704","36","278","20499.998608443","1025","19.9999986423834","3.69441383538344","-0.550832098149277","10"
"default_shortboard_Copy_3","2","2","5","0","0","0","0","0.794000685214996","0","201.229690551758","17.5403518676758","16.6991634368896","16.6991634368896","538.15625","0","0","0","318.713500976563","1070.7626953125","0","1070.7626953125","428.659118652344","511.794006347656","0","0.0209102034568787","0.341266572475433","0","0","235.042449951172","50.9988784790039","15.1268424987793","0.222381249070168","0","8","217","1","356","231","217","-1","0","230","0","16","0","3.88949060440063","0.300000011920929","0.0539970211684704","35","259","20499.9975029574","1025","19.9999975638609","3.51284767335145","-0.376642931049184","10"
"default_shortboard_Copy_3","2","2","6","0","0","0","0","0.585421144962311","0","224.030944824219","16.332239151001","37.1750106811523","37.1750106811523","543.122314453125","0","0","0","309.074523925781","1256.40771484375","0","1256.40771484375","461.265502929688","510.630950927734","0","0.0225007571280003","0.388323605060577","0","0","277.081756591797","50.9988784790039","17.2321891784668","0.255746245384216","0","7","217","1","346","231","217","-1","0","230","0","16","0","3.44502663612366","0.349999994039536","0.0539970211684704","35","247","20499.9991913909","1025","19.999999211113","3.32176786464051","-0.123258771483151","10"
"default_shortboard_Copy_3","2","2","7","0","0","0","0","-0.210508063435555","0","224.611129760742","18.1388034820557","142.83235168457","142.83235168457","579.598999023438","0","0","0","252.403411865234","1575.18078613281","0","1575.18078613281","478.559173583984","504.42333984375","0","0.023344349116087","0.3975810110569","0","0","384.877502441406","50.9988784790039","17.2978000640869","0.438337683677673","0","6","218","2","337","233","218","-1","0","232","0","17","0","3.04968571662903","0.400000005960464","0.0539970211684704","33","237","20500.0007155565","1025","20.0000006981039","3.36611255783063","0.316426841201602","10"
"default_shortboard_Copy_3","2","3","0","0","0","0","0","-2.43447184562683","0","2.7749502658844","472.143493652344","0.00470725493505597","0.00470725493505597","735.0068359375","0","0","0","30.0282802581787","189.907592773438","0","189.907592773438","73.7399749755859","360.082824707031","0","0.00359707232564688","0.00570259848609567","0","0","9872.869140625","50.9988784790039","0.111664474010468","1.05725502967834","0","9","220","0","399","240","220","-1","0","239","0","19","0","45","0.100000001490116","0.0809955298900604","9","384","20499.9978593216","1025","19.9999979115333","39.1075284862222","-5.89247151377785","10"
"default_shortboard_Copy_3","2","3","1","0","0","0","0","0.428555518388748","0","34.736270904541","53.2008819580078","0.183076322078705","0.183076322078705","588.927978515625","0","0","0","126.022491455078","399.545257568359","0","399.545257568359","173.862045288086","512.781372070313","0","0.00848107412457466","0.0503516867756844","0","0","87.6106033325195","50.9988784790039","1.7170205116272","0.496039509773254","0","9","220","0","389","240","220","-1","0","239","0","19","0","10.3181829452515","0.150000005960464","0.0809955298900604","14","336","20500.0030343215","1025","20.0000029603136","9.6969400236607","-0.621242921590769","10"
"default_shortboard_Copy_3","2","3","2","0","0","0","0","1.16228854656219","0","73.4070053100586","34.198787689209","0.759224951267242","0.759224951267242","562.314086914063","0","0","0","173.041213989258","645.079345703125","0","645.079345703125","250.683090209961","512.738342285156","0","0.0122284442186356","0.11162531375885","0","0","107.910438537598","50.9988784790039","4.42715167999268","0.389874190092087","0","9","220","0","379","241","220","-1","0","240","0","19","0","7.24545001983643","0.200000002980232","0.0809955298900604","20","305","20499.9986693264","1025","19.9999987017818","6.28931949979614","-0.956130520040281","10"
"default_shortboard_Copy_3","2","3","3","0","0","0","0","1.40425407886505","0","101.847579956055","28.5085182189941","11.1007804870605","11.1007804870605","565.921264648438","0","0","0","200.665664672852","810.833801269531","0","810.833801269531","301.47216796875","511.772827148438","0","0.0147059606388211","0.162706509232521","0","0","140.961776733398","50.9988784790039","6.66164398193359","0.399954676628113","0","9","220","0","369","241","220","-1","0","240","0","19","0","6.00718355178833","0.25","0.0809955298900604","23","286","20499.9982913674","1025","19.9999983330414","5.18566193761854","-0.821521614169795","10"
"default_shortboard_Copy_3","2","3","4","0","0","0","0","1.45688140392303","0","114.675888061523","27.0080699920654","8.98269939422607","8.98269939422607","582.686340332031","0","0","0","195.737274169922","935.137268066406","0","935.137268066406","331.698883056641","512.047241210938","0","0.0161804351955652","0.183041214942932","0","0","150.187759399414","50.9988784790039","7.81500434875488","0.461976319551468","0","8","220","0","359","241","220","-1","0","240","0","19","0","5.76702690124512","0.300000011920929","0.0809955298900604","20","271","20499.9976235221","1025","19.999997681485","5.07143852229436","-0.695588378950752","10"
"default_shortboard_Copy_3","2","3","5","0","0","0","0","1.30946695804596","0","134.087875366211","25.5262184143066","24.2010841369629","24.2010841369629","605.512634277344","0","0","0","184.013748168945","1236.63061523438","0","1236.63061523438","371.877593994141","511.018676757813","0","0.0181403700262308","0.2275570333004","0","0","183.283447265625","50.9988784790039","9.57685279846191","0.531189382076263","0","7","222","2","351","244","222","-1","0","243","0","21","0","5.04903984069824","0.349999994039536","0.0809955298900604","23","259","20500.0004661652","1025","20.0000004547953","4.572351085741","-0.476688754957237","10"
"default_shortboard_Copy_3","2","3","6","0","0","0","0","0.0542603619396687","0","149.534072875977","28.1067523956299","91.5234298706055","91.5234298706055","679.923950195313","0","0","0","159.074600219727","1586.29443359375","0","1586.29443359375","422.503234863281","506.750091552734","0","0.0206099133938551","0.252339154481888","0","0","268.341918945313","50.9988784790039","10.7524127960205","0.695687115192413","0","6","222","2","341","245","222","-1","0","244","0","21","0","4.53997850418091","0.400000005960464","0.0809955298900604","19","248","20500.000499238","1025","20.0000004870615","4.68487705517719","0.144898550996281","10"
"default_shortboard_Copy_3","2","4","0","0","0","0","0","-1.41195905208588","0","2.26124501228333","350.878021240234","0.0175992455333471","0.0175992455333471","542.939514160156","0","0","0","10.0059967041016","375.822021484375","0","375.822021484375","54.7941780090332","182.837112426758","0","0.00267288694158196","0.00376047356985509","0","0","352.442504882813","50.9988784790039","0.0785040482878685","1.22623634338379","0","9","236","0","399","269","236","-1","0","268","0","35","0","45","0.183333337306976","0.107994042336941","16","380","20499.9983937229","1025","19.9999984329004","45.2987884207601","0.29878842076009","10"
"default_shortboard_Copy_3","2","4","1","0","0","0","0","-1.50878500938416","0","1.40616953372955","250.89013671875","0.0147973522543907","0.0147973522543907","368.101623535156","0","0","0","6.2915940284729","385.249816894531","0","385.249816894531","37.5932464599609","112.825408935547","0","0.00183381675742567","0.00242383545264602","0","0","251.848678588867","50.9988784790039","0.0480685085058212","1.25836062431335","0","9","237","1","396","271","237","-1","0","270","1","36","0","45","0.200000002980232","0.107994042336941","15","379","20500.0015992518","1025","20.0000015602457","49.1633055942568","4.16330559425677","10"
"default_shortboard_Copy_3","2","4","2","0","0","0","0","1.90745544433594","0","17.9422302246094","158.375061035156","0.157912105321884","0.157912105321884","947.701110839844","0","0","0","45.1962356567383","565.782043457031","0","565.782043457031","161.46403503418","512.790405273438","0","0.00787629466503859","0.0255712196230888","0","0","175.594085693359","50.9988784790039","0.794658124446869","0.995257616043091","0","9","239","3","388","274","239","-1","0","273","0","38","0","19.3492069244385","0.25","0.107994042336941","21","345","20499.9992891186","1025","19.9999993064572","17.9395887743134","-1.40961815012503","10"
"default_shortboard_Copy_3","2","4","3","0","0","0","0","2.3489465713501","0","36.6273498535156","81.7153930664063","0.491415232419968","0.491415232419968","819.034484863281","0","0","0","72.2113494873047","763.470581054688","0","763.470581054688","217.244598388672","512.752319335938","0","0.0105972988530993","0.0551312416791916","0","0","118.143013000488","50.9988784790039","1.93186259269714","0.887284636497498","0","9","240","4","379","276","240","-1","0","275","0","39","0","12.6490840911865","0.300000011920929","0.107994042336941","23","320","20499.9973483937","1025","19.999997413067","11.0823393392546","-1.56674475193194","10"
"default_shortboard_Copy_3","2","4","4","0","0","0","0","2.31967568397522","0","50.1711959838867","69.7011947631836","4.75370025634766","4.75370025634766","833.90869140625","0","0","0","80.1129302978516","986.823364257813","0","986.823364257813","260.906921386719","512.274658203125","0","0.0127271683886647","0.0790573060512543","0","0","123.88436126709","50.9988784790039","2.89793944358826","0.900819897651672","0","8","242","6","371","280","242","-1","0","279","0","41","0","10.6873426437378","0.349999994039536","0.107994042336941","25","305","20499.9975971947","1025","19.9999976557997","9.26416709694977","-1.42317554678803","10"
"default_shortboard_Copy_3","2","4","5","0","0","0","0","1.76740789413452","0","58.968620300293","88.0603179931641","10.0934429168701","10.0934429168701","1041.92370605469","0","0","0","75.6694488525391","1232.55834960938","0","1232.55834960938","321.554840087891","511.917999267578","0","0.0156856011599302","0.0932670086622238","0","0","156.159637451172","50.9988784790039","3.55877137184143","1.0509147644043","0","7","244","8","363","283","244","-1","0","282","0","43","0","10.5295028686523","0.400000005960464","0.107994042336941","26","294","20500.0010397638","1025","20.0000010144038","9.68198935337776","-0.847513515274585","10"
"default_shortboard_Copy_3","2","4","6","0","0","0","0","1.22383749485016","0","64.7793731689453","83.8975219726563","42.7043228149414","42.7043228149414","1043.8876953125","0","0","0","74.8683395385742","1374.44702148438","0","1374.44702148438","338.823577880859","509.101593017578","0","0.0165279787033796","0.102902561426163","0","0","189.933197021484","50.9988784790039","3.96539998054504","1.05179965496063","0","6","244","8","360","284","244","-1","0","283","0","43","0","9.73453998565674","0.416666686534882","0.107994042336941","26","289","20500.0008749755","1025","20.0000008536347","9.24275446917801","-0.491785516478728","10"
"default_shortboard_Copy_3","2","4","7","0","0","0","0","0.768675267696381","0","60.520565032959","155.137283325195","36.7618942260742","36.7618942260742","1534.07897949219","0","0","0","66.7687606811523","1464.87927246094","0","1464.87927246094","400.780487060547","510.155517578125","0","0.0195502694696188","0.0978081747889519","0","0","250.425033569336","50.9988784790039","3.6972234249115","1.22723829746246","0","6","245","9","358","285","245","-1","0","284","0","44","0","12.0194082260132","0.433333367109299","0.107994042336941","26","287","20499.9981040344","1025","19.9999981502775","11.530164096549","-0.489244129464161","10"
"default_shortboard_Copy_3","20","0","0","0","0","0","0","0","0","7.61992597579956","97.9682006835938","0.000793295912444592","0.000793295912444592","516.384826660156","0","0","0","231.118438720703","59.3160247802734","0","59.3160247802734","79.9548110961914","512.806213378906","0","0.00390023435465991","0.0137090273201466","0","0","105.12476348877","50.9988784790039","0.329886913299561","-0.0612525083124638","0","9","78","3","386","202","202","-1","0","79","0","1","0","17.1656303405762","0.0166666675359011","0","18","386","20500.0017500649","1025","20.0000017073804","16.5290339688593","-0.636596371716855","10"
"default_shortboard_Copy_3","20","0","1","0","0","0","0","-2.77698040008545","0","13.6248683929443","71.5439682006836","0.0112276757135987","0.0112276757135987","516.791625976563","0","0","0","282.650543212891","79.7097320556641","0","79.7097320556641","102.44066619873","512.803588867188","0","0.00499710580334067","0.0225299969315529","0","0","84.7068634033203","50.9988784790039","0.628690123558044","-0.0411210283637047","0","9","84","5","387","204","204","-1","0","85","0","3","0","12.607720375061","0.0333333350718021","0","21","387","20499.9994457285","1025","19.9999994592473","12.8146525239591","0.206932148898053","10"
"default_shortboard_Copy_3","20","0","2","0","0","0","0","-2.50725769996643","0","23.3733177185059","53.2752227783203","0.0293859411031008","0.0293859411031008","518.302673339844","0","0","0","258.015716552734","147.463027954102","0","147.463027954102","133.337371826172","512.800842285156","0","0.0065042614005506","0.0380477793514729","0","0","76.2148818969727","50.9988784790039","1.14897787570953","-0.0586216486990452","0","9","88","6","387","205","205","-1","0","89","0","4","0","9.22178363800049","0.0500000007450581","0","24","387","20500.0020163526","1025","20.0000019671733","9.8430488814295","0.621265243429015","10"
"default_shortboard_Copy_3","20","0","3","0","0","0","0","-1.22947609424591","0","67.8943939208984","30.4771003723145","0.196471571922302","0.196471571922302","520.513732910156","0","0","0","351.674835205078","308.740295410156","0","308.740295410156","230.294326782227","512.781555175781","0","0.0112338699400425","0.108576186001301","0","0","98.136848449707","50.9988784790039","3.89320135116577","-0.0254733115434647","0","9","103","10","388","209","209","-1","0","104","0","8","0","5.53993844985962","0.100000001490116","0","41","374","20499.9993778952","1025","19.9999993930685","5.93875397895422","0.398815529094605","10"
"default_shortboard_Copy_3","20","0","4","0","0","0","0","-0.266557723283768","0","133.046188354492","22.4923038482666","3.21325063705444","3.21325063705444","522.89453125","0","0","0","408.568878173828","525.206115722656","0","525.206115722656","321.734649658203","512.632995605469","0","0.015694372355938","0.214582875370979","0","0","158.338150024414","50.9988784790039","8.60640621185303","-0.0135769937187433","0","9","118","16","384","215","215","-1","0","119","1","14","0","4.64330768585205","0.150000005960464","0","64","351","20500.0010425058","1025","20.0000010170789","4.19429995360519","-0.449007732246863","10"
"default_shortboard_Copy_3","20","0","5","0","0","0","0","0.497810661792755","0","206.283920288086","18.1771125793457","10.0000886917114","10.0000886917114","525.153503417969","0","0","0","486.624450683594","695.605529785156","0","695.605529785156","406.661712646484","512.291564941406","0","0.0198371578007936","0.338498651981354","0","0","234.048645019531","50.9988784790039","14.7001819610596","-0.00810707174241543","0","9","129","18","376","217","217","-1","0","130","1","16","0","4.21819400787354","0.200000002980232","0","80","319","20499.9988773702","1025","19.9999989047514","3.35964994261559","-0.858544065257948","10"
"default_shortboard_Copy_3","20","0","6","0","0","0","0","1.00048041343689","0","263.525512695313","15.9437417984009","27.6514892578125","27.6514892578125","526.788513183594","0","0","0","500.732849121094","867.896911621094","0","867.896911621094","468.417572021484","511.038482666016","0","0.0228496380150318","0.434584468603134","0","0","306.668609619141","50.9988784790039","19.3985500335693","-0.0118757085874677","0","9","138","19","367","218","218","-1","0","139","1","17","0","3.85059928894043","0.25","0","98","302","20499.9996811036","1025","19.9999996888815","3.01389440461477","-0.836704884325659","10"
"default_shortboard_Copy_3","20","0","7","0","0","0","0","1.33222055435181","0","300.170166015625","14.6577558517456","12.7106828689575","12.7106828689575","527.849670410156","0","0","0","518.758239746094","965.892822265625","0","965.892822265625","505.525238037109","512.130126953125","0","0.0246597696095705","0.501064896583557","0","0","327.127563476563","50.9988784790039","22.6294345855713","-0.0184265282005072","0","9","148","21","359","220","220","-1","0","149","2","19","0","3.60527014732361","0.300000011920929","0","108","288","20499.9984201358","1025","19.9999984586691","2.82093560930744","-0.784334538016165","10"
"default_shortboard_Copy_3","20","0","8","0","0","0","0","1.35260355472565","0","314.870239257813","14.3885850906372","13.5541400909424","13.5541400909424","528.171936035156","0","0","0","519.015014648438","1016.36779785156","0","1016.36779785156","517.85693359375","512.06298828125","0","0.0252613145858049","0.527510166168213","0","0","342.399963378906","50.9988784790039","23.8828754425049","-0.0199193563312292","0","9","151","21","356","220","220","-1","0","152","2","19","0","3.51977133750916","0.316666692495346","0","116","286","20499.9993897684","1025","19.9999994046521","2.74482013933404","-0.774951198175112","10"
"default_shortboard_Copy_3","20","0","9","0","0","0","0","1.37779474258423","0","329.537689208984","14.0769824981689","13.5693988800049","13.5693988800049","528.410339355469","0","0","0","510.52294921875","1092.43920898438","0","1092.43920898438","530.693725585938","512.05517578125","0","0.0258875004947186","0.5577152967453","0","0","356.772186279297","50.9988784790039","25.097074508667","-0.0139742083847523","0","9","153","21","353","220","220","-1","0","154","3","19","0","3.41652393341064","0.333333373069763","0","128","286","20499.9986651553","1025","19.9999986977125","2.66045721109574","-0.756066722314906","10"
"default_shortboard_Copy_3","20","1","0","0","0","0","0","-3.23059010505676","0","3.46476793289185","158.432525634766","0.0314776450395584","0.0314776450395584","514.584289550781","0","0","0","220.396392822266","33.5714988708496","0","33.5714988708496","59.8010330200195","512.790283203125","0","0.00291712395846844","0.0073990379460156","0","0","161.469421386719","50.9988784790039","0.127711251378059","0.0158355906605721","0","9","100","1","392","208","208","-1","0","101","0","7","0","27.1730804443359","0.0166666675359011","0.0269985105842352","18","392","20499.997213494","1025","19.9999972814576","23.2196576739601","-3.9534227703758","10"
"default_shortboard_Copy_3","20","1","1","0","0","0","0","-1.88798272609711","0","10.42223072052","80.9854888916016","0.0179219357669353","0.0179219357669353","518.399353027344","0","0","0","231.678634643555","82.8983840942383","0","82.8983840942383","93.4761657714844","512.801208496094","0","0.00455981306731701","0.0192057844251394","0","0","90.9861297607422","50.9988784790039","0.471015810966492","0.100680969655514","0","9","105","3","393","210","210","-1","0","106","0","9","0","14.6176671981812","0.0333333350718021","0.0269985105842352","21","391","20499.9995375876","1025","19.9999995488659","13.7342419973999","-0.883425200781268","10"
"default_shortboard_Copy_3","20","1","2","0","0","0","0","-1.62824356555939","0","16.6206035614014","64.0768814086914","0.00707699591293931","0.00707699591293931","518.772094726563","0","0","0","257.639984130859","109.155914306641","0","109.155914306641","114.255973815918","512.804870605469","0","0.00557346176356077","0.0281229261308908","0","0","80.2537384033203","50.9988784790039","0.783895432949066","0.0912297070026398","0","9","109","4","393","211","211","-1","0","110","0","10","0","11.5109767913818","0.0500000007450581","0.0269985105842352","26","387","20500.0013748945","1025","20.0000013413605","11.4306750057253","-0.0803017856565305","10"
"default_shortboard_Copy_3","20","1","3","0","0","0","0","-0.720114529132843","0","64.2245864868164","33.591423034668","1.35023164749146","1.35023164749146","521.411499023438","0","0","0","394.215209960938","242.504241943359","0","242.504241943359","217.338958740234","512.676025390625","0","0.0106019005179405","0.0955988541245461","0","0","98.7114410400391","50.9988784790039","3.52458643913269","0.069357618689537","0","9","124","9","395","216","216","-1","0","125","0","15","0","6.31414222717285","0.100000001490116","0.0269985105842352","33","355","20499.9998229047","1025","19.9999998272241","6.36719129611534","0.0530490689424914","10"
"default_shortboard_Copy_3","20","1","4","0","0","0","0","0.280726701021194","0","125.329650878906","25.5673599243164","8.58279800415039","8.58279800415039","523.319519042969","0","0","0","470.200042724609","408.890716552734","0","408.890716552734","300.541320800781","512.217468261719","0","0.0146605521440506","0.192260429263115","0","0","159.025619506836","50.9988784790039","7.85654973983765","0.0510858781635761","0","9","134","11","387","218","218","-1","0","135","0","17","0","4.96620035171509","0.150000005960464","0.0269985105842352","36","314","20500.0001260351","1025","20.0000001229611","4.37325519392402","-0.592945157791067","10"
"default_shortboard_Copy_3","20","1","5","0","0","0","0","0.706688284873962","0","193.280212402344","19.6852130889893","18.4904384613037","18.4904384613037","525.055603027344","0","0","0","508.256958007813","603.079711914063","0","603.079711914063","384.701354980469","511.404357910156","0","0.0187659207731485","0.306519478559494","0","0","230.985534667969","50.9988784790039","13.34352684021","0.0253872703760862","0","9","143","12","378","219","219","-1","0","144","0","18","0","4.07099342346191","0.200000002980232","0.0269985105842352","49","296","20499.9988879269","1025","19.9999989150506","3.50999208648562","-0.561001336976291","10"
"default_shortboard_Copy_3","20","1","6","0","0","0","0","0.976139903068542","0","242.28108215332","16.8351364135742","10.3577404022217","10.3577404022217","526.793151855469","0","0","0","545.663513183594","711.940002441406","0","711.940002441406","442.092437744141","512.196960449219","0","0.0215654857456684","0.388479709625244","0","0","269.047973632813","50.9988784790039","17.4796180725098","0.0387468822300434","0","9","152","13","369","220","220","-1","0","153","0","19","0","3.7673077583313","0.25","0.0269985105842352","58","278","20499.9990706418","1025","19.999999093309","3.18226890772763","-0.585038850603672","10"
"default_shortboard_Copy_3","20","1","7","0","0","0","0","1.27974319458008","0","258.21337890625","16.2455596923828","11.1789541244507","11.1789541244507","527.341979980469","0","0","0","518.033508300781","804.914306640625","0","804.914306640625","457.974090576172","512.080810546875","0","0.0223402008414268","0.416972577571869","0","0","285.205963134766","50.9988784790039","18.9137954711914","0.0440793745219707","0","9","163","17","363","224","224","-1","0","164","0","23","0","3.60122656822205","0.300000011920929","0.0269985105842352","65","276","20499.9988060502","1025","19.9999988351709","3.07121485703906","-0.530011711182982","10"
"default_shortboard_Copy_3","20","1","8","0","0","0","0","1.32915461063385","0","258.273468017578","16.5635414123535","12.6471309661865","12.6471309661865","527.388671875","0","0","0","506.99169921875","823.05859375","0","823.05859375","454.588134765625","511.947875976563","0","0.0221750289201736","0.417283892631531","0","0","287.043975830078","50.9988784790039","18.9189205169678","0.0486271381378174","0","9","167","19","362","226","226","-1","0","168","0","25","0","3.50213694572449","0.316666692495346","0.0269985105842352","64","275","20500.0018896059","1025","20.0000018435179","3.04621003708112","-0.455926908643365","10"
"default_shortboard_Copy_3","20","2","0","0","0","0","0","-1.17556369304657","0","5.68288993835449","144.601577758789","0.00233661313541234","0.00233661313541234","541.31982421875","0","0","0","154.028518676758","67.7136993408203","0","67.7136993408203","73.3725204467773","512.805236816406","0","0.0035791473928839","0.010429841466248","0","0","149.786544799805","50.9988784790039","0.227104917168617","0.313245415687561","0","9","129","1","399","217","217","-1","0","130","1","16","0","21.4459171295166","0.0500000007450581","0.0539970211684704","13","391","20499.9996906128","1025","19.9999996981588","20.0697685196196","-1.37614860989699","10"
"default_shortboard_Copy_3","20","2","1","0","0","0","0","-0.475100100040436","0","31.9792442321777","47.179271697998","0.852939486503601","0.852939486503601","524.317810058594","0","0","0","271.713592529297","182.337646484375","0","182.337646484375","155.974456787109","512.663452148438","0","0.00760851055383682","0.0495436117053032","0","0","79.5464019775391","50.9988784790039","1.55533814430237","0.154895067214966","0","9","138","2","397","218","218","-1","0","139","0","17","0","9.33555221557617","0.100000001490116","0.0539970211684704","25","365","20499.998742652","1025","19.999998773319","8.83398422673982","-0.501567988836348","10"
"default_shortboard_Copy_3","20","2","2","0","0","0","0","0.500697314739227","0","85.6093597412109","30.8502655029297","7.82214069366455","7.82214069366455","525.121826171875","0","0","0","382.731994628906","331.462036132813","0","331.462036132813","247.994216918945","512.0546875","0","0.0120972795411944","0.126861125230789","0","0","123.8017578125","50.9988784790039","4.93835592269897","0.125243619084358","0","9","148","4","389","220","220","-1","0","149","0","19","0","6.68407726287842","0.150000005960464","0.0539970211684704","27","314","20499.9988695359","1025","19.9999988971082","5.47195077503606","-1.21212648784236","10"
"default_shortboard_Copy_3","20","2","3","0","0","0","0","1.01184248924255","0","114.209922790527","26.9191951751709","13.4330806732178","13.4330806732178","525.892944335938","0","0","0","389.541717529297","439.744720458984","0","439.744720458984","288.047027587891","511.434661865234","0","0.0140510741621256","0.171298906207085","0","0","154.048110961914","50.9988784790039","7.02440929412842","0.117758683860302","0","9","157","6","381","222","222","-1","0","158","0","21","0","5.89064264297485","0.200000002980232","0.0539970211684704","30","297","20500.0005169936","1025","20.000000504384","4.70506655629853","-1.18557608667632","10"
"default_shortboard_Copy_3","20","2","4","0","0","0","0","1.35273504257202","0","168.204330444336","21.7756328582764","12.8441934585571","12.8441934585571","527.127685546875","0","0","0","419.381225585938","613.432983398438","0","613.432983398438","356.982666015625","511.933990478516","0","0.0174137894064188","0.257262289524078","0","0","202.361190795898","50.9988784790039","11.1855344772339","0.10418277233839","0","9","169","11","376","227","227","-1","0","170","0","26","0","4.63825416564941","0.25","0.0539970211684704","42","280","20499.9990343308","1025","19.9999990578837","3.88125351823841","-0.757000647411001","10"
"default_shortboard_Copy_3","20","2","5","0","0","0","0","1.4909485578537","0","211.521514892578","19.8521556854248","11.4883556365967","11.4883556365967","527.159851074219","0","0","0","438.304870605469","762.745178222656","0","762.745178222656","397.428588867188","511.998321533203","0","0.019386762753129","0.334314942359924","0","0","242.405532836914","50.9988784790039","14.9074783325195","0.0822854042053223","0","9","182","17","372","233","233","-1","0","183","0","32","0","3.75002431869507","0.300000011920929","0.0539970211684704","51","277","20499.9975461629","1025","19.9999976060126","3.32441985597301","-0.425604462722059","10"
"default_shortboard_Copy_3","20","2","6","0","0","0","0","1.60899829864502","0","182.364074707031","21.6226596832275","11.9259719848633","11.9259719848633","528.2763671875","0","0","0","372.763946533203","755.631408691406","0","755.631408691406","368.042297363281","511.887756347656","0","0.0179532822221518","0.281672149896622","0","0","215.441314697266","50.9988784790039","12.4259214401245","0.118927709758282","0","9","195","23","368","239","239","-1","0","196","0","38","0","4.09506416320801","0.349999994039536","0.0539970211684704","49","279","20500.0006577722","1025","20.000000641729","3.65440843567519","-0.440655727532821","10"
"default_shortboard_Copy_3","20","3","0","0","0","0","0","-2.35478663444519","0","2.43817377090454","224.014724731445","0.0748757272958755","0.0748757272958755","612.056213378906","0","0","0","50.0100364685059","120.943901062012","0","120.943901062012","66.6869735717773","512.768371582031","0","0.00325302267447114","0.00604840926826","0","0","226.104064941406","50.9988784790039","0.120608121156693","0.574086785316467","0","9","152","0","399","220","220","-1","0","153","0","19","0","30.9129009246826","0.100000001490116","0.0809955298900604","9","383","20500.0026883056","1025","20.0000026227371","32.5361170604228","1.62321613574018","10"
"default_shortboard_Copy_3","20","3","1","0","0","0","0","0.782161176204681","0","22.4977760314941","57.8586578369141","2.59887337684631","2.59887337684631","536.739624023438","0","0","0","132.114410400391","244.653244018555","0","244.653244018555","133.597518920898","512.304260253906","0","0.00651695253327489","0.0323222167789936","0","0","82.4343643188477","50.9988784790039","0.996619701385498","0.270836770534515","0","9","163","4","393","224","224","-1","0","164","0","23","0","12.0966930389404","0.150000005960464","0.0809955298900604","17","355","20499.9987707081","1025","19.9999988006909","11.6319737665503","-0.464719272390104","10"
"default_shortboard_Copy_3","20","3","2","0","0","0","0","1.47101128101349","0","63.607837677002","34.0005302429199","10.048228263855","10.048228263855","527.925109863281","0","0","0","237.556777954102","384.053253173828","0","384.053253173828","218.372085571289","511.582550048828","0","0.0106522971764207","0.09123445302248","0","0","107.120292663574","50.9988784790039","3.37895798683167","0.171789959073067","0","9","175","9","388","229","229","-1","0","176","0","28","0","7.76756000518799","0.200000002980232","0.0809955298900604","26","322","20499.9993855471","1025","19.9999994005337","6.70499934032273","-1.06256066486526","10"
"default_shortboard_Copy_3","20","3","3","0","0","0","0","1.81459701061249","0","92.283203125","28.9037666320801","12.434289932251","12.434289932251","529.229309082031","0","0","0","265.820220947266","506.565673828125","0","506.565673828125","262.828247070313","511.290679931641","0","0.0128208892419934","0.13465541601181","0","0","133.066818237305","50.9988784790039","5.34140014648438","0.171019822359085","0","9","188","16","385","236","236","-1","0","189","0","35","0","6.77888345718384","0.25","0.0809955298900604","33","304","20500.0013734966","1025","20.0000013399966","5.4635557492838","-1.31532770790004","10"
"default_shortboard_Copy_3","20","3","4","0","0","0","0","1.93455696105957","0","112.736953735352","26.5152835845947","22.6102027893066","22.6102027893066","529.249816894531","0","0","0","263.52392578125","630.576843261719","0","630.576843261719","290.667083740234","509.852416992188","0","0.0141788823530078","0.166172087192535","0","0","161.202880859375","50.9988784790039","6.7991042137146","0.161909952759743","0","9","202","23","382","243","243","-1","0","203","0","42","0","6.01371192932129","0.300000011920929","0.0809955298900604","42","301","20499.9996828787","1025","19.9999996906134","4.89480012494131","-1.11891180437998","10"
"default_shortboard_Copy_3","20","3","5","0","0","0","0","2.08566331863403","0","93.8763427734375","30.3263454437256","22.0976486206055","22.0976486206055","533.603088378906","0","0","0","205.520324707031","656.861938476563","0","656.861938476563","263.75830078125","509.46728515625","0","0.0128662586212158","0.134998485445976","0","0","145.55583190918","50.9988784790039","5.39298391342163","0.213497892022133","0","9","214","30","379","250","250","-1","0","215","0","49","0","6.69185018539429","0.349999994039536","0.0809955298900604","41","301","20499.9999258779","1025","19.9999999276857","5.46897213866529","-1.222878046729","10"
"default_shortboard_Copy_3","20","3","6","0","0","0","0","1.4521621465683","0","185.092041015625","24.7273368835449","12.0289134979248","12.0289134979248","527.32568359375","0","0","0","316.977294921875","899.696594238281","0","899.696594238281","355.613067626953","511.8056640625","0","0.017346978187561","0.285183399915695","0","0","221.361145019531","50.9988784790039","12.5948877334595","0.10929362475872","0","9","227","37","376","257","257","-1","0","228","0","56","0","3.74857568740845","0.400000005960464","0.0809955298900604","67","296","20500.0008521341","1025","20.0000008313504","3.48730884210686","-0.261266845301588","10"
"default_shortboard_Copy_3","20","3","7","0","0","0","0","1.07954597473145","0","200.873779296875","25.3273868560791","13.6212530136108","13.6212530136108","527.051330566406","0","0","0","315.116882324219","989.6630859375","0","989.6630859375","361.24267578125","511.598083496094","0","0.0176215916872025","0.311859548091888","0","0","239.320571899414","50.9988784790039","13.7877082824707","0.101958006620407","0","9","240","45","374","265","265","-1","0","241","0","64","0","3.33682990074158","0.449999988079071","0.0809955298900604","79","300","20500.0026214204","1025","20.0000025574833","3.2392174069742","-0.0976124937673815","10"
"default_shortboard_Copy_3","20","3","8","0","0","0","0","0.2809719145298","0","222.729522705078","24.1369743347168","17.4051322937012","17.4051322937012","527.690368652344","0","0","0","309.542083740234","1132.03747558594","0","1132.03747558594","373.200744628906","511.291381835938","0","0.0182049162685871","0.350413262844086","0","0","263.767822265625","50.9988784790039","15.6605453491211","0.109674535691738","0","9","252","53","372","273","273","-1","0","253","0","72","0","2.77944469451904","0.5","0.0809955298900604","87","299","20499.9978644708","1025","19.9999979165569","2.97801151033835","0.19856681581931","10"
"default_shortboard_Copy_3","20","4","0","0","0","0","0","-16.7412281036377","0","0.74182391166687","312.877532958984","1.32951772212982","0.0391336232423782","146.709289550781","0","0","0","2.1375687122345","270.52685546875","0","270.52685546875","24.4013137817383","95.2316589355469","0","0.00119030801579356","0.000578269769903272","0","0","314.321502685547","50.9988784790039","0.00796246528625488","0.85674113035202","0","9","190","1","400","237","237","-1","0","191","1","36","0","45","0.183333337306976","0.107994042336941","12","391","20499.9995446307","1025","19.9999995557373","NaN","NaN","10"
"default_shortboard_Copy_3","20","4","1","0","0","0","0","0","0","0.669532358646393","377.788543701172","0.842319071292877","0.00891563389450312","56.9726219177246","0","0","0","1.22781801223755","281.8076171875","0","281.8076171875","22.3814964294434","35.9858551025391","0","0.0010917802574113","0.000346008484484628","0","0","378.732269287109","50.9988784790039","0.00456086685881019","0.872380435466766","0","9","194","3","398","239","239","-1","0","195","1","38","0","45","0.200000002980232","0.107994042336941","11","391","20500.0010556261","1025","20.0000010298791","NaN","NaN","10"
"default_shortboard_Copy_3","20","4","2","0","0","0","0","1.42827117443085","0","16.230884552002","74.980712890625","7.81386470794678","7.81386470794678","555.715759277344","0","0","0","56.2124252319336","405.802703857422","0","405.802703857422","116.928146362305","511.061096191406","0","0.00570381199941039","0.0228111539036036","0","0","98.3173828125","50.9988784790039","0.685222387313843","0.378557622432709","0","9","207","10","395","246","246","-1","0","208","0","45","0","14.6222982406616","0.25","0.107994042336941","28","356","20500.0000656389","1025","20.0000000640379","14.480167183148","-0.142131057513591","10"
"default_shortboard_Copy_3","20","4","3","0","0","0","0","2.26004648208618","0","36.292106628418","46.3082885742188","10.2756309509277","10.2756309509277","540.546447753906","0","0","0","93.20068359375","529.157897949219","0","529.157897949219","167.9150390625","511.096313476563","0","0.00819097831845284","0.0493178777396679","0","0","92.240104675293","50.9988784790039","1.72383272647858","0.287504315376282","0","9","220","17","392","253","253","-1","0","221","0","52","0","10.602276802063","0.300000011920929","0.107994042336941","36","338","20499.997989766","1025","19.9999980387961","9.56029200801868","-1.04198479404431","10"
"default_shortboard_Copy_3","20","4","4","0","0","0","0","2.30337190628052","0","44.1660842895508","43.0511474609375","8.39085388183594","8.39085388183594","542.413940429688","0","0","0","100.03759765625","627.983215332031","0","627.983215332031","184.706192016602","511.303680419922","0","0.00901005975902081","0.0628219321370125","0","0","94.9784545898438","50.9988784790039","2.20743370056152","0.295894622802734","0","9","233","25","390","261","261","-1","0","234","0","60","0","9.78174781799316","0.349999994039536","0.107994042336941","43","330","20499.9963326187","1025","19.999996422067","8.24592297400619","-1.53582484398697","10"
"default_shortboard_Copy_3","20","4","5","0","0","0","0","1.61907076835632","0","14.3331308364868","92.2970275878906","24.6883964538574","24.6883964538574","594.436340332031","0","0","0","31.8164443969727","608.781982421875","0","608.781982421875","113.499374389648","507.246551513672","0","0.00553655484691262","0.0193692781031132","0","0","129.939697265625","50.9988784790039","0.596542477607727","0.519370198249817","0","9","246","33","388","269","269","-1","0","247","0","68","0","15.7465658187866","0.400000005960464","0.107994042336941","33","345","20500.0000050464","1025","20.0000000049233","16.6091906575904","0.86262483880374","10"
"default_shortboard_Copy_3","20","4","6","0","0","0","0","1.75483238697052","0","50.0873146057129","42.1092185974121","9.96966171264648","9.96966171264648","544.821472167969","0","0","0","85.5679321289063","822.153381347656","0","822.153381347656","195.505294799805","511.134185791016","0","0.00953684281557798","0.0703499615192413","0","0","101.521621704102","50.9988784790039","2.56222820281982","0.308070302009583","0","9","258","41","386","277","277","-1","0","259","0","76","0","8.75711345672607","0.449999988079071","0.107994042336941","57","330","20500.0017909969","1025","20.0000017473141","7.79116892979502","-0.965944526931056","10"
"default_shortboard_Copy_3","20","4","7","0","0","0","0","1.35168898105621","0","34.9663124084473","54.6051902770996","10.4373207092285","10.4373207092285","563.468322753906","0","0","0","55.3967514038086","867.955810546875","0","867.955810546875","165.223251342773","510.859619140625","0","0.00805967021733522","0.0480819307267666","0","0","99.2742156982422","50.9988784790039","1.68984937667847","0.404377847909927","0","9","269","50","385","286","286","-1","0","270","0","85","0","10.3699283599854","0.5","0.107994042336941","56","337","20500.001474924","1025","20.0000014389503","9.64968317778809","-0.720245182197262","10"
"default_shortboard_Copy_3","20","4","8","0","0","0","0","-0.234027728438377","0","87.3457412719727","36.6212005615234","14.0346584320068","14.0346584320068","539.0126953125","0","0","0","114.123779296875","1105.40063476563","0","1105.40063476563","246.92399597168","510.881103515625","0","0.0120450733229518","0.126152500510216","0","0","137.371002197266","50.9988784790039","5.009437084198","0.260784685611725","0","9","283","60","385","296","296","-1","0","284","0","95","0","6.27092742919922","0.550000011920929","0.107994042336941","78","331","20499.9994064933","1025","19.999999420969","5.47896234080418","-0.791965088395034","10"
"default_shortboard_Copy_3","20","4","9","0","0","0","0","-1.56687772274017","0","96.8276214599609","37.4376373291016","12.9920864105225","12.9920864105225","537.354248046875","0","0","0","114.655876159668","1224.79711914063","0","1224.79711914063","251.64079284668","511.444946289063","0","0.0122751612216234","0.140430182218552","0","0","146.709167480469","50.9988784790039","5.67922973632813","0.248268559575081","0","9","296","70","385","306","306","-1","0","297","0","105","0","5.47059488296509","0.600000023841858","0.107994042336941","88","336","20499.9990064","1025","19.9999990306341","5.01468863236865","-0.455906250596438","10"
"default_shortboard_Copy_3","20","4","10","0","0","0","0","-1.67547821998596","0","70.4451446533203","42.8127822875977","11.5040550231934","11.5040550231934","546.368835449219","0","0","0","84.3161468505859","1206.61987304688","0","1206.61987304688","219.70378112793","511.261901855469","0","0.0107172569260001","0.101737543940544","0","0","124.156677246094","50.9988784790039","3.90565943717957","0.313214421272278","0","9","301","74","386","310","310","-1","0","302","0","109","0","6.58116817474365","0.616666674613953","0.107994042336941","89","341","20500.0013198272","1025","20.0000012876363","6.04688297516727","-0.534285199576383","10"
"default_shortboard_Copy_3","30","0","0","0","0","0","0","-7.01906204223633","0","7.31633234024048","102.542556762695","0.00170813000295311","0.00170813000295311","519.530944824219","0","0","0","247.462631225586","55.3983764648438","0","55.3983764648438","78.3948669433594","512.805908203125","0","0.00382413971237838","0.0137090273201466","0","0","109.387191772461","50.9988784790039","0.330496102571487","-0.126677498221397","0","9","45","4","387","203","203","-1","0","46","0","2","0","17.9764080047607","0.0166666675359011","0","19","387","20500.0007425468","1025","20.0000007244359","16.1975750667949","-1.77883293796581","10"
"default_shortboard_Copy_3","30","0","1","0","0","0","0","-3.8675971031189","0","13.2786931991577","73.4529495239258","0.0286059323698282","0.0286059323698282","518.20703125","0","0","0","233.603942871094","96.4452743530273","0","96.4452743530273","101.052291870117","512.799011230469","0","0.00492938049137592","0.0225299969315529","0","0","86.2823715209961","50.9988784790039","0.620772421360016","-0.0856404677033424","0","9","52","6","388","205","205","-1","0","53","0","4","0","13.151198387146","0.0333333350718021","0","22","388","20499.9983358783","1025","19.9999983764666","12.638084812243","-0.513113574902977","10"
"default_shortboard_Copy_3","30","0","2","0","0","0","0","-1.78459918498993","0","20.2217597961426","58.2453193664551","0.0151789980009198","0.0151789980009198","518.548706054688","0","0","0","264.5703125","124.489418029785","0","124.489418029785","123.816802978516","512.80322265625","0","0.00603984389454126","0.0329362079501152","0","0","78.0143966674805","50.9988784790039","0.982236683368683","-0.0748843103647232","0","9","59","9","390","208","208","-1","0","60","0","7","0","10.2546224594116","0.0500000007450581","0","26","390","20500.0005199505","1025","20.0000005072688","10.5667023931061","0.312079933694511","10"
"default_shortboard_Copy_3","30","0","3","0","0","0","0","-0.87234503030777","0","73.7444381713867","30.2817134857178","0.612194418907166","0.612194418907166","521.10693359375","0","0","0","344.483551025391","346.289978027344","0","346.289978027344","237.612640380859","512.753540039063","0","0.0115908598527312","0.119291208684444","0","0","104.206405639648","50.9988784790039","4.23025989532471","-0.0456027239561081","0","9","79","16","394","215","215","-1","0","80","1","14","0","5.45396184921265","0.100000001490116","0","49","377","20500.0011560721","1025","20.0000011278752","5.5759081321337","0.12194628292105","10"
"default_shortboard_Copy_3","30","0","4","0","0","0","0","0.117137715220451","0","149.936981201172","22.9849548339844","10.5713548660278","10.5713548660278","523.427001953125","0","0","0","443.884613037109","549.950866699219","0","549.950866699219","332.708038330078","512.260070800781","0","0.016229659318924","0.244114711880684","0","0","183.063339233398","50.9988784790039","9.80092525482178","-0.0236429423093796","0","9","92","18","386","217","217","-1","0","93","2","16","0","4.43195295333862","0.150000005960464","0","68","343","20500.0013735431","1025","20.0000013400421","3.81204931886093","-0.619903634477689","10"
"default_shortboard_Copy_3","30","0","5","0","0","0","0","0.84112811088562","0","227.040084838867","18.9504241943359","45.9532508850098","45.9532508850098","525.740844726563","0","0","0","554.728332519531","652.714965820313","0","652.714965820313","416.002136230469","509.747985839844","0","0.0202927831560373","0.362079471349716","0","0","291.427764892578","50.9988784790039","15.8362064361572","-0.0106321973726153","0","9","105","20","378","219","219","-1","0","106","2","18","0","3.88058352470398","0.200000002980232","0","78","308","20500.0040177684","1025","20.0000039197741","3.21283149130457","-0.667752033399406","10"
"default_shortboard_Copy_3","30","0","6","0","0","0","0","1.42948794364929","0","288.390777587891","17.2331504821777","11.9164752960205","11.9164752960205","527.089111328125","0","0","0","547.376220703125","860.008972167969","0","860.008972167969","468.403656005859","512.346862792969","0","0.0228489581495523","0.470748454332352","0","0","317.122009277344","50.9988784790039","21.1578483581543","-0.00207063043490052","0","9","116","21","369","220","220","-1","0","117","2","19","0","3.58441114425659","0.25","0","103","294","20500.0006100951","1025","20.0000005952147","2.7820875853649","-0.802323558891691","10"
"default_shortboard_Copy_3","30","1","0","0","0","0","0","-1.5016268491745","0","9.88840293884277","84.7517852783203","0.000472532061394304","0.000472532061394304","516.894470214844","0","0","0","347.692352294922","49.9462051391602","0","49.9462051391602","90.7812728881836","512.806396484375","0","0.00442835548892617","0.017365911975503","0","0","94.2051620483398","50.9988784790039","0.421301156282425","0.0684782564640045","0","9","70","4","394","211","211","-1","0","71","0","10","0","15.3741855621338","0.0333333350718021","0.0269985105842352","20","392","20499.9966952059","1025","19.9999967758107","14.7737473391928","-0.600438222940957","10"
"default_shortboard_Copy_3","30","1","1","0","0","0","0","-1.07134127616882","0","17.2601337432861","63.044361114502","0.0193087756633759","0.0193087756633759","517.518676757813","0","0","0","322.541168212891","90.4442367553711","0","90.4442367553711","116.002319335938","512.802307128906","0","0.00565865030512214","0.0291719902306795","0","0","79.8734664916992","50.9988784790039","0.805296301841736","0.0567650459706783","0","9","78","8","397","215","215","-1","0","79","0","14","0","11.5918054580688","0.0500000007450581","0.0269985105842352","30","390","20499.9978936556","1025","19.9999979450299","11.1848793734773","-0.406926084591504","10"
"default_shortboard_Copy_3","30","1","2","0","0","0","0","-0.180097997188568","0","60.1917381286621","35.0583229064941","2.27225399017334","2.27225399017334","520.474853515625","0","0","0","434.024749755859","208.988143920898","0","208.988143920898","209.344497680664","512.528198242188","0","0.0102119268849492","0.0907060280442238","0","0","97.0546722412109","50.9988784790039","3.25279927253723","0.0455318428575993","0","9","92","10","396","217","217","-1","0","93","0","16","0","6.64882040023804","0.100000001490116","0.0269985105842352","34","359","20499.9996611027","1025","19.9999996693685","6.46421682757751","-0.184603572660525","10"
"default_shortboard_Copy_3","30","1","3","0","0","0","0","0.464998215436935","0","134.44255065918","25.8309097290039","25.0233478546143","25.0233478546143","523.106140136719","0","0","0","542.756103515625","370.931793212891","0","370.931793212891","303.880004882813","510.876373291016","0","0.0148234143853188","0.201325491070747","0","0","184.778656005859","50.9988784790039","8.31864452362061","0.0326130986213684","0","9","104","12","388","219","219","-1","0","105","0","18","0","5.09184598922729","0.150000005960464","0.0269985105842352","37","311","20500.0006735141","1025","20.0000006570869","4.22245754705406","-0.869388442173234","10"
"default_shortboard_Copy_3","30","1","4","0","0","0","0","0.748086154460907","0","208.196960449219","20.1418781280518","37.705997467041","37.705997467041","525.259887695313","0","0","0","597.341979980469","537.236389160156","0","537.236389160156","390.893188476563","509.608306884766","0","0.0190679579973221","0.320913851261139","0","0","265.477203369141","50.9988784790039","14.104208946228","0.0110001238062978","0","9","116","13","379","220","220","-1","0","117","0","19","0","3.91826987266541","0.200000002980232","0.0269985105842352","51","293","20500.0025976279","1025","20.0000025342711","3.4063889487125","-0.511880923952903","10"
"default_shortboard_Copy_3","30","1","5","0","0","0","0","1.24102461338043","0","251.490310668945","17.951696395874","19.8461475372314","19.8461475372314","526.71044921875","0","0","0","618.246398925781","633.079833984375","0","633.079833984375","435.616607666016","511.653442382813","0","0.0212495904415846","0.391399323940277","0","0","288.834503173828","50.9988784790039","17.5020217895508","0.0267074219882488","0","9","131","19","375","226","226","-1","0","132","1","25","0","3.47706198692322","0.25","0.0269985105842352","61","280","20500.0001700518","1025","20.0000001659042","3.1121942990172","-0.364867687906017","10"
"default_shortboard_Copy_3","30","1","6","0","0","0","0","1.42078590393066","0","269.902679443359","17.5956535339355","27.311544418335","27.311544418335","527.181091308594","0","0","0","587.368286132813","721.823425292969","0","721.823425292969","448.166351318359","510.926635742188","0","0.0218617711216211","0.423976242542267","0","0","314.323425292969","50.9988784790039","19.0931377410889","0.0333335027098656","0","9","147","26","372","233","233","-1","0","148","1","32","0","3.20542097091675","0.300000011920929","0.0269985105842352","71","280","20500.0019817757","1025","20.0000019334397","2.95569181429542","-0.249729156621329","10"
"default_shortboard_Copy_3","30","1","7","0","0","0","0","1.42138516902924","0","274.957397460938","17.6605796813965","25.2954692840576","25.2954692840576","527.280944824219","0","0","0","597.030883789063","722.054870605469","0","722.054870605469","449.257934570313","510.920654296875","0","0.0219150222837925","0.431089073419571","0","0","317.420379638672","50.9988784790039","19.4278564453125","0.0363270528614521","0","9","153","29","372","236","236","-1","0","154","1","35","0","3.09368491172791","0.316666692495346","0.0269985105842352","73","280","20499.9989848318","1025","19.999999009592","2.91396806690162","-0.17971684482629","10"
"default_shortboard_Copy_3","30","2","0","0","0","0","0","-0.873230874538422","0","5.86620712280273","121.086318969727","0.021234430372715","0.021234430372715","528.123168945313","0","0","0","372.053009033203","28.0332145690918","0","28.0332145690918","73.6717071533203","512.795043945313","0","0.00359374191612005","0.010429841466248","0","0","126.510406494141","50.9988784790039","0.24300080537796","0.223309814929962","0","9","91","1","399","217","217","-1","0","92","1","16","0","21.1295108795166","0.0500000007450581","0.0539970211684704","13","391","20499.9994080986","1025","19.9999994225353","20.1551472579203","-0.974363621596311","10"
"default_shortboard_Copy_3","30","2","1","0","0","0","0","0.177816286683083","0","36.5339622497559","45.0485534667969","3.15038251876831","3.15038251876831","521.451416015625","0","0","0","307.511291503906","180.28385925293","0","180.28385925293","165.131759643555","512.29052734375","0","0.00805520731955767","0.0554393231868744","0","0","84.2392578125","50.9988784790039","1.82252311706543","0.108344115316868","0","9","104","3","398","219","219","-1","0","105","0","18","0","9.03312587738037","0.100000001490116","0.0539970211684704","26","361","20500.0011908598","1025","20.0000011618144","8.35452005516483","-0.678605822215543","10"
"default_shortboard_Copy_3","30","2","2","0","0","0","0","0.526694655418396","0","69.4287567138672","33.0107498168945","14.6979351043701","14.6979351043701","522.420288085938","0","0","0","397.154937744141","258.777587890625","0","258.777587890625","225.644226074219","511.097076416016","0","0.0110070370137691","0.102774791419506","0","0","116.589141845703","50.9988784790039","3.80904674530029","0.0873160660266876","0","9","115","4","389","220","220","-1","0","116","0","19","0","7.10482025146484","0.150000005960464","0.0539970211684704","27","328","20499.997028442","1025","19.999997100919","6.14808949525529","-0.956730756209556","10"
"default_shortboard_Copy_3","30","2","3","0","0","0","0","1.22272765636444","0","137.29670715332","25.1163940429688","50.5647811889648","50.5647811889648","524.322937011719","0","0","0","478.715118408203","423.599548339844","0","423.599548339844","312.483612060547","507.159149169922","0","0.0152431018650532","0.202783510088921","0","0","212.198822021484","50.9988784790039","8.51677513122559","0.0654641315340996","0","9","131","10","385","226","226","-1","0","132","0","25","0","5.30014848709106","0.200000002980232","0.0539970211684704","40","297","20500.0015631305","1025","20.0000015250053","4.31095207090088","-0.989196416190189","10"
"default_shortboard_Copy_3","30","2","4","0","0","0","0","1.47375726699829","0","193.314865112305","20.6834888458252","29.7307205200195","29.7307205200195","525.956909179688","0","0","0","527.550720214844","554.714904785156","0","554.714904785156","377.600463867188","511.057342529297","0","0.0184195339679718","0.29264023900032","0","0","243.241668701172","50.9988784790039","12.8286542892456","0.0568102672696114","0","9","147","17","382","233","233","-1","0","148","0","32","0","4.11940050125122","0.25","0.0539970211684704","50","284","20500.0009513686","1025","20.0000009281645","3.60873003953204","-0.510670461719177","10"
"default_shortboard_Copy_3","30","2","5","0","0","0","0","1.51575303077698","0","207.049530029297","20.0261611938477","21.51584815979","21.51584815979","526.407592773438","0","0","0","510.962799072266","616.911804199219","0","616.911804199219","389.736236572266","511.190460205078","0","0.0190115217119455","0.315218985080719","0","0","248.094467163086","50.9988784790039","13.9127168655396","0.0596497058868408","0","9","163","24","379","240","240","-1","0","164","0","39","0","3.7690315246582","0.300000011920929","0.0539970211684704","57","284","20500.0021816971","1025","20.000002128485","3.45772775769061","-0.311303766967595","10"
"default_shortboard_Copy_3","30","2","6","0","0","0","0","1.47575783729553","0","197.576583862305","20.6982040405273","22.8229579925537","22.8229579925537","526.702880859375","0","0","0","451.578674316406","656.125061035156","0","656.125061035156","378.493591308594","510.853210449219","0","0.0184631031006575","0.296292096376419","0","0","240.572814941406","50.9988784790039","13.0376081466675","0.0763304531574249","0","9","179","32","377","248","248","-1","0","180","0","47","0","3.77834272384644","0.349999994039536","0.0539970211684704","59","286","20499.9987946293","1025","19.9999988240285","3.57263575193475","-0.205706971911685","10"
"default_shortboard_Copy_3","30","2","7","0","0","0","0","1.14326512813568","0","254.322601318359","19.7856121063232","26.9582328796387","26.9582328796387","526.951599121094","0","0","0","483.122100830078","817.396057128906","0","817.396057128906","414.721282958984","510.390869140625","0","0.0202303063124418","0.394902110099792","0","0","300.520874023438","50.9988784790039","17.860746383667","0.0566637776792049","0","9","195","40","375","256","256","-1","0","196","0","55","0","2.8656530380249","0.400000005960464","0.0539970211684704","75","288","20500.0001756734","1025","20.0000001713887","2.93647149312239","0.0708184550974869","10"
"default_shortboard_Copy_3","30","2","8","0","0","0","0","0.890679538249969","0","323.8037109375","18.0535430908203","22.7767448425293","22.7767448425293","527.543273925781","0","0","0","537.095581054688","963.282165527344","0","963.282165527344","464.443267822266","510.962860107422","0","0.0226557683199644","0.517374634742737","0","0","364.138214111328","50.9988784790039","23.4974594116211","0.0350304618477821","0","9","201","43","375","259","259","-1","0","202","1","58","0","2.62338948249817","0.416666686534882","0.0539970211684704","119","298","20500.0007619691","1025","20.0000007433845","2.50977750928164","-0.113611973216529","10"
"default_shortboard_Copy_3","30","3","0","0","0","0","0","-2.80290961265564","0","2.57918906211853","188.607727050781","0.224870920181274","0.224870920181274","559.372985839844","0","0","0","75.0865783691406","75.9469680786133","0","75.9469680786133","63.1340637207031","512.688720703125","0","0.00307971029542387","0.00570259848609567","0","0","190.987747192383","50.9988784790039","0.110478147864342","0.405355453491211","0","9","114","0","399","220","220","-1","0","115","0","19","0","28.5481739044189","0.100000001490116","0.0809955298900604","9","384","20500.0008651833","1025","20.0000008440813","32.687308382204","4.13913447778506","10"
"default_shortboard_Copy_3","30","3","1","0","0","0","0","0.894273519515991","0","21.3235054016113","59.0591621398926","6.63111305236816","6.63111305236816","527.1328125","0","0","0","167.311798095703","183.302322387695","0","183.302322387695","129.439041137695","511.400756835938","0","0.0063141006976366","0.0306686423718929","0","0","86.399284362793","50.9988784790039","0.935011982917786","0.196089953184128","0","9","129","5","394","225","225","-1","0","130","0","24","0","12.1999635696411","0.150000005960464","0.0809955298900604","17","356","20499.9963314087","1025","19.9999964208865","11.8810962567498","-0.318867312891323","10"
"default_shortboard_Copy_3","30","3","2","0","0","0","0","1.60968887805939","0","58.5330467224121","36.0707778930664","27.7879295349121","27.7879295349121","524.078430175781","0","0","0","276.873626708984","308.220733642578","0","308.220733642578","205.901184082031","508.890075683594","0","0.0100439609959722","0.0853381901979446","0","0","121.64037322998","50.9988784790039","3.08464527130127","0.127963826060295","0","9","145","12","391","232","232","-1","0","146","0","31","0","8.40401077270508","0.200000002980232","0.0809955298900604","29","329","20499.99837361","1025","19.999998413278","6.75914881664263","-1.64486195606245","10"
"default_shortboard_Copy_3","30","3","3","0","0","0","0","1.76123893260956","0","97.4172515869141","28.0757369995117","30.7503910064697","30.7503910064697","525.259765625","0","0","0","313.939270019531","444.425720214844","0","444.425720214844","266.7978515625","508.952667236328","0","0.0130145298317075","0.139522686600685","0","0","155.517517089844","50.9988784790039","5.57076454162598","0.114524975419044","0","9","162","20","389","240","240","-1","0","163","0","39","0","6.90213489532471","0.25","0.0809955298900604","39","310","20499.9992325882","1025","19.9999992513056","5.35227109205937","-1.54986380326534","10"
"default_shortboard_Copy_3","30","3","4","0","0","0","0","1.78734159469604","0","113.687339782715","26.3380641937256","58.7432403564453","58.7432403564453","525.792236328125","0","0","0","306.866241455078","533.978332519531","0","533.978332519531","288.533172607422","504.475280761719","0","0.0140747893601656","0.16385991871357","0","0","197.671020507813","50.9988784790039","6.71045970916748","0.111528731882572","0","9","179","28","387","248","248","-1","0","180","0","47","0","6.18260717391968","0.300000011920929","0.0809955298900604","47","307","20499.9993409512","1025","19.9999993570256","4.92750728699363","-1.25509988692605","10"
"default_shortboard_Copy_3","30","3","5","0","0","0","0","1.64328753948212","0","137.117935180664","22.6658134460449","36.8466033935547","36.8466033935547","527.366027832031","0","0","0","316.305450439453","622.0771484375","0","622.0771484375","322.912933349609","509.778015136719","0","0.0157518498599529","0.196766406297684","0","0","196.053436279297","50.9988784790039","8.33161354064941","0.119696818292141","0","9","195","36","385","256","256","-1","0","196","0","55","0","5.39933824539185","0.349999994039536","0.0809955298900604","53","298","20500.0007123338","1025","20.0000006949598","4.59164426675369","-0.807693978638151","10"
"default_shortboard_Copy_3","30","3","6","0","0","0","0","1.11786913871765","0","186.677688598633","21.9022483825684","24.3388996124268","24.3388996124268","526.828186035156","0","0","0","370.478454589844","756.6220703125","0","756.6220703125","365.233306884766","510.576446533203","0","0.0178162585943937","0.280312180519104","0","0","232.370361328125","50.9988784790039","12.2667264938354","0.0885148867964745","0","9","210","44","383","264","264","-1","0","211","0","63","0","3.99420833587646","0.400000005960464","0.0809955298900604","72","300","20500.0003199153","1025","20.0000003121125","3.6440977299743","-0.350110605902162","10"
"default_shortboard_Copy_3","30","3","7","0","0","0","0","0.317529201507568","0","259.44189453125","20.6581516265869","26.2201728820801","26.2201728820801","526.794006347656","0","0","0","437.803802490234","921.660766601563","0","921.660766601563","408.199829101563","510.370178222656","0","0.0199121851474047","0.403506606817245","0","0","305.765930175781","50.9988784790039","18.262788772583","0.0582239888608456","0","9","227","53","382","273","273","-1","0","228","0","72","0","2.74159979820251","0.449999988079071","0.0809955298900604","92","303","20500.0016863929","1025","20.0000016452613","2.82857271786146","0.0869729196589417","10"
"default_shortboard_Copy_3","30","3","8","0","0","0","0","-0.389624178409576","0","257.591125488281","23.425386428833","20.8472423553467","20.8472423553467","526.225219726563","0","0","0","392.860900878906","1009.84783935547","0","1009.84783935547","380.474334716797","510.804077148438","0","0.0185597222298384","0.396729737520218","0","0","301.318664550781","50.9988784790039","17.9604034423828","0.0661126896739006","0","9","243","62","381","282","282","-1","0","244","0","81","0","2.35825133323669","0.5","0.0809955298900604","99","306","20500.0015627987","1025","20.0000015246817","2.68137709035457","0.323125757117878","10"
"default_shortboard_Copy_3","30","4","0","0","0","0","0","-21.7258739471436","0","1.05968487262726","545.199340820313","1.29058253765106","0.116391249001026","124.916938781738","0","0","0","2.69569396972656","208.361633300781","0","208.361633300781","34.3955383300781","96.0095596313477","0","0.00167783116921782","0.000561679189559072","0","0","546.724060058594","50.9988784790039","0.00818737410008907","0.679408013820648","0","9","156","1","400","237","237","-1","0","157","0","36","0","45","0.183333337306976","0.107994042336941","11","389","20499.9996192184","1025","19.9999996285057","NaN","NaN","10"
"default_shortboard_Copy_3","30","4","1","0","0","0","0","0","0","0.89746481180191","446.558227539063","3.18142414093018","0.0715310648083687","83.6267700195313","0","0","0","1.77904367446899","219.0390625","0","219.0390625","28.1313858032227","63.0247383117676","0","0.00137226260267198","0.000389680062653497","0","0","449.732086181641","50.9988784790039","0.00553857954218984","0.687560260295868","0","9","161","3","398","239","239","-1","0","162","1","38","0","45","0.200000002980232","0.107994042336941","11","390","20500.0017842409","1025","20.0000017407228","NaN","NaN","10"
"default_shortboard_Copy_3","30","4","2","0","0","0","0","1.17831718921661","0","18.0950584411621","66.5177688598633","17.8253574371338","17.8253574371338","530.035766601563","0","0","0","79.8960113525391","330.557250976563","0","330.557250976563","121.969505310059","508.868041992188","0","0.00594973191618919","0.0264102071523666","0","0","101.514747619629","50.9988784790039","0.796641945838928","0.226201310753822","0","9","177","11","396","247","247","-1","0","178","0","46","0","12.9797801971436","0.25","0.107994042336941","30","357","20500.0001728112","1025","20.0000001685963","13.0194344180552","0.0396542209116717","10"
"default_shortboard_Copy_3","30","4","3","0","0","0","0","2.06077980995178","0","36.1387329101563","46.4373817443848","32.1295623779297","32.1295623779297","527.822265625","0","0","0","111.301582336426","443.101348876953","0","443.101348876953","164.724044799805","506.834442138672","0","0.00803531985729933","0.0493178814649582","0","0","113.635208129883","50.9988784790039","1.69749128818512","0.190573558211327","0","9","193","19","394","255","255","-1","0","194","0","54","0","10.4449625015259","0.300000011920929","0.107994042336941","38","340","20499.9984723904","1025","19.9999985096492","9.37695492720926","-1.06800757431662","10"
"default_shortboard_Copy_3","30","4","4","0","0","0","0","1.99736285209656","0","47.5653648376465","42.3616485595703","23.9862480163574","23.9862480163574","529.555480957031","0","0","0","121.834030151367","539.124816894531","0","539.124816894531","186.700714111328","508.380279541016","0","0.00910735223442316","0.0656837522983551","0","0","112.94507598877","50.9988784790039","2.35379433631897","0.199455752968788","0","9","210","28","393","264","264","-1","0","211","0","63","0","9.84017372131348","0.349999994039536","0.107994042336941","46","331","20499.9992649514","1025","19.9999992828794","7.96999969902015","-1.87017402229332","10"
"default_shortboard_Copy_3","30","4","5","0","0","0","0","1.71467745304108","0","54.7456436157227","40.565788269043","26.0341720581055","26.0341720581055","531.608947753906","0","0","0","119.119361877441","627.346374511719","0","627.346374511719","199.384353637695","508.008728027344","0","0.00972606521099806","0.0747290998697281","0","0","120.345802307129","50.9988784790039","2.74650883674622","0.213694021105766","0","9","225","36","391","272","272","-1","0","226","0","71","0","9.52646923065186","0.400000005960464","0.107994042336941","53","327","20500.0017285752","1025","20.0000016864148","7.47831667583787","-2.04815255481399","10"
"default_shortboard_Copy_3","30","4","6","0","0","0","0","1.2310733795166","0","23.7463397979736","64.5917739868164","55.6782417297363","55.6782417297363","540.478820800781","0","0","0","50.5903625488281","637.122436523438","0","637.122436523438","134.707702636719","501.251800537109","0","0.00657110754400492","0.032232254743576","0","0","142.144882202148","50.9988784790039","1.0640310049057","0.295481234788895","0","9","242","46","391","282","282","-1","0","243","0","81","0","12.1423349380493","0.449999988079071","0.107994042336941","46","342","20499.9996932964","1025","19.999999700777","11.763208500369","-0.379126437680302","10"
"default_shortboard_Copy_3","30","4","7","0","0","0","0","0.385285973548889","0","81.6852951049805","35.2963943481445","54.3645133972168","54.3645133972168","529.133422851563","0","0","0","138.054779052734","823.996154785156","0","823.996154785156","238.392150878906","502.597534179688","0","0.0116288838908076","0.113756604492664","0","0","169.778442382813","50.9988784790039","4.44498157501221","0.177082642912865","0","9","258","55","390","291","291","-1","0","259","0","90","0","6.9737663269043","0.5","0.107994042336941","73","331","20500.0026758673","1025","20.0000026106022","5.86736842197184","-1.10639790493246","10"
"default_shortboard_Copy_3","30","4","8","0","0","0","0","-0.374185711145401","0","47.6933937072754","46.3769760131836","35.0264587402344","35.0264587402344","536.722778320313","0","0","0","74.4296264648438","880.343566894531","0","880.343566894531","185.208068847656","506.322448730469","0","0.00903454050421715","0.0655236393213272","0","0","127.869041442871","50.9988784790039","2.36811137199402","0.258291244506836","0","9","274","65","390","301","301","-1","0","275","0","100","0","9.04483032226563","0.550000011920929","0.107994042336941","71","340","20499.9987283476","1025","19.9999987593635","7.92531365369891","-1.11951666856672","10"
"default_shortboard_Copy_3","30","4","9","0","0","0","0","-2.21357250213623","0","115.253776550293","30.5487174987793","34.0880012512207","34.0880012512207","528.456115722656","0","0","0","154.281158447266","1066.58117675781","0","1066.58117675781","272.859313964844","509.127014160156","0","0.0133102107793093","0.164553374052048","0","0","179.208297729492","50.9988784790039","6.75233364105225","0.157651826739311","0","9","291","76","391","312","312","-1","0","292","0","111","0","5.04467058181763","0.600000023841858","0.107994042336941","95","338","20499.9994732618","1025","19.9999994861091","4.63954589437064","-0.405124687446983","10"
"default_shortboard_Copy_3","30","4","10","0","0","0","0","-2.77590465545654","0","118.89372253418","30.633602142334","36.0159606933594","36.0159606933594","528.379699707031","0","0","0","153.95393371582","1116.67858886719","0","1116.67858886719","274.6591796875","508.940979003906","0","0.0133980084210634","0.17191706597805","0","0","184.849395751953","50.9988784790039","7.0740270614624","0.156177580356598","0","9","297","80","392","316","316","-1","0","298","0","115","0","4.798508644104","0.616666674613953","0.107994042336941","99","340","20500.000526623","1025","20.0000005137786","4.4697630398336","-0.328745604270408","10"
"default_shortboard_Copy_3","45","0","0","0","0","0","0","-0.647491157054901","0","81.9017181396484","29.9825000762939","1.47139191627502","1.47139191627502","521.759338378906","0","0","0","376.265472412109","351.043548583984","0","351.043548583984","247.319473266602","512.696350097656","0","0.0120643647387624","0.132085561752319","0","0","112.919738769531","50.9988784790039","4.68742084503174","-0.0578239671885967","0","9","59","18","396","217","217","-1","0","60","3","16","0","5.38220405578613","0.100000001490116","0","51","373","20499.9996785552","1025","19.9999996863953","5.24055684400738","-0.141647211778754","10"
"default_shortboard_Copy_3","45","0","1","0","0","0","0","0.230531185865402","0","175.24169921875","22.1994209289551","36.8150367736816","36.8150367736816","524.625610351563","0","0","0","522.601440429688","519.250732421875","0","519.250732421875","357.338226318359","510.526519775391","0","0.0174311306327581","0.271361172199249","0","0","233.761856079102","50.9988784790039","11.3858127593994","-0.0419980920851231","0","9","73","20","388","219","219","-1","0","74","2","18","0","4.17468500137329","0.150000005960464","0","70","334","20500.0027735905","1025","20.0000027059419","3.68298195256892","-0.491703048804368","10"
"default_shortboard_Copy_3","45","1","0","0","0","0","0","-0.330644279718399","0","17.870189666748","61.9586639404297","0.111829608678818","0.111829608678818","516.755249023438","0","0","0","463.166290283203","65.4843673706055","0","65.4843673706055","117.868011474609","512.777954101563","0","0.00574965868145227","0.0303301513195038","0","0","79.4888076782227","50.9988784790039","0.851265788078308","0.00547711458057165","0","9","53","9","398","216","216","-1","0","54","0","15","0","11.9560232162476","0.0500000007450581","0.0269985105842352","31","390","20500.00147919","1025","20.0000014431122","10.9276368213215","-1.02838639492607","10"
"default_shortboard_Copy_3","45","1","1","0","0","0","0","0.535629630088806","0","63.9227676391602","35.146053314209","7.81184577941895","7.81184577941895","520.170166015625","0","0","0","584.130737304688","161.389770507813","0","161.389770507813","211.711059570313","511.776245117188","0","0.0103273689746857","0.0942727327346802","0","0","106.356971740723","50.9988784790039","3.45232534408569","0.0236428268253803","0","9","67","11","397","218","218","-1","0","68","0","17","0","7.04417753219604","0.100000001490116","0.0269985105842352","34","352","20499.9995729073","1025","19.9999995833242","6.28924844606686","-0.754929086129187","10"
"default_shortboard_Copy_3","45","1","2","0","0","0","0","0.394018024206161","0","156.343368530273","23.9297847747803","66.0504302978516","66.0504302978516","523.715759277344","0","0","0","676.611572265625","349.0615234375","0","349.0615234375","331.076934814453","507.363037109375","0","0.0161500964313745","0.236179053783417","0","0","245.642868041992","50.9988784790039","9.87398624420166","0.00682073645293713","0","9","80","13","389","220","220","-1","0","81","1","19","0","4.65479373931885","0.150000005960464","0.0269985105842352","42","313","20499.9973976177","1025","19.9999974610904","3.92098686570174","-0.733806873617111","10"
"default_shortboard_Copy_3","45","1","3","0","0","0","0","0.974005699157715","0","212.021667480469","20.7618198394775","45.6811065673828","45.6811065673828","525.202453613281","0","0","0","766.080993652344","417.0400390625","0","417.0400390625","379.485198974609","512.670043945313","0","0.018511475995183","0.319486439228058","0","0","277.988311767578","50.9988784790039","13.9337186813354","0.00243859901092947","0","9","97","19","385","226","226","-1","0","98","1","25","0","3.83148074150085","0.200000002980232","0.0269985105842352","50","291","20499.9968167508","1025","19.999996894391","3.32165514754782","-0.509825593953037","10"
"default_shortboard_Copy_3","45","1","4","0","0","0","0","1.22807884216309","0","228.850479125977","19.9474105834961","36.7955474853516","36.7955474853516","525.896362304688","0","0","0","724.551635742188","484.863067626953","0","484.863067626953","400.606781005859","511.309417724609","0","0.0195417981594801","0.351308315992355","0","0","285.106384277344","50.9988784790039","15.472677230835","0.00703358976170421","0","9","117","28","384","235","235","-1","0","118","1","34","0","3.56443166732788","0.25","0.0269985105842352","61","292","20499.9958415555","1025","19.999995942981","3.1887680632669","-0.375663604060978","10"
"default_shortboard_Copy_3","45","1","5","0","0","0","0","1.27682828903198","0","256.432281494141","19.0827980041504","61.5640869140625","61.5640869140625","526.64404296875","0","0","0","722.444641113281","546.040222167969","0","546.040222167969","425.055969238281","509.303283691406","0","0.0207344405353069","0.394483864307404","0","0","336.524871826172","50.9988784790039","17.5447387695313","0.0120456544682384","0","9","135","36","382","243","243","-1","0","136","1","42","0","3.18757653236389","0.300000011920929","0.0269985105842352","73","291","20499.997022562","1025","19.9999970951825","3.01290831268084","-0.174668219683051","10"
"default_shortboard_Copy_3","45","1","6","0","0","0","0","1.27450096607208","0","268.035949707031","18.9838790893555","52.2687683105469","52.2687683105469","526.840148925781","0","0","0","716.013732910156","583.6689453125","0","583.6689453125","431.53759765625","509.760406494141","0","0.021050613373518","0.417914986610413","0","0","338.748107910156","50.9988784790039","18.6417446136475","0.0139710670337081","0","9","141","39","382","246","246","-1","0","142","1","45","0","3.01993465423584","0.316666692495346","0.0269985105842352","80","291","20500.0011163157","1025","20.0000010890885","2.88724253854445","-0.132692115691394","10"
"default_shortboard_Copy_3","45","2","0","0","0","0","0","-0.0794584304094315","0","4.57001543045044","144.534210205078","0.00361812929622829","0.00361812929622829","518.2197265625","0","0","0","1691.99584960938","5.30070877075195","0","5.30070877075195","66.216552734375","512.804138183594","0","0.00323007581755519","0.00896877702325583","0","0","148.64372253418","50.9988784790039","0.186250254511833","0.115488052368164","0","8","60","1","399","217","217","-1","0","61","1","16","0","24.2366046905518","0.0500000007450581","0.0539970211684704","13","394","20499.9995277181","1025","19.9999995392372","21.109207640422","-3.12739705012975","10"
"default_shortboard_Copy_3","45","2","1","0","0","0","0","0.485044777393341","0","32.1337738037109","49.3612747192383","4.96660423278809","4.96660423278809","518.848999023438","0","0","0","495.330261230469","100.021362304688","0","100.021362304688","154.315155029297","511.857940673828","0","0.0075275688432157","0.0495436079800129","0","0","85.9340286254883","50.9988784790039","1.56848812103271","0.0588955767452717","0","9","74","3","398","219","219","-1","0","75","0","18","0","9.63685607910156","0.100000001490116","0.0539970211684704","26","366","20499.9991688385","1025","19.9999991891108","8.73926751019038","-0.897588568911184","10"
"default_shortboard_Copy_3","45","2","2","0","0","0","0","1.11447834968567","0","88.6869201660156","30.9183864593506","34.064567565918","34.064567565918","521.627258300781","0","0","0","606.571838378906","214.699371337891","0","214.699371337891","248.097961425781","508.6552734375","0","0.0121023412793875","0.130230590701103","0","0","152.920394897461","50.9988784790039","5.04890108108521","0.0398179963231087","0","9","89","7","392","223","223","-1","0","90","0","22","0","6.9344916343689","0.150000005960464","0.0539970211684704","32","321","20499.997124386","1025","19.9999971945229","5.33219588751757","-1.60229574685132","10"
"default_shortboard_Copy_3","45","2","3","0","0","0","0","1.35712385177612","0","104.417640686035","26.6486492156982","41.8271675109863","41.8271675109863","522.445983886719","0","0","0","564.550720214844","269.104339599609","0","269.104339599609","277.247985839844","508.005004882813","0","0.013524292036891","0.151923030614853","0","0","172.163421630859","50.9988784790039","6.04076766967773","0.0295749623328447","0","9","108","15","390","231","231","-1","0","109","0","30","0","5.89909267425537","0.200000002980232","0.0539970211684704","43","323","20499.9999322389","1025","19.9999999338916","5.10726963800467","-0.791823036250703","10"
"default_shortboard_Copy_3","45","2","4","0","0","0","0","1.39551901817322","0","169.401321411133","21.9803123474121","80.4982452392578","80.4982452392578","524.740600585938","0","0","0","669.502197265625","375.573547363281","0","375.573547363281","344.819732666016","511.763793945313","0","0.0168204735964537","0.251447319984436","0","0","271.345397949219","50.9988784790039","10.7449064254761","0.0354847647249699","0","9","126","23","388","239","239","-1","0","127","0","38","0","4.65601539611816","0.25","0.0539970211684704","54","294","20500.0014231891","1025","20.0000013884772","3.83564394182307","-0.820371454295095","10"
"default_shortboard_Copy_3","45","2","5","0","0","0","0","1.32587552070618","0","143.616134643555","25.2526702880859","106.744384765625","106.744384765625","524.077087402344","0","0","0","528.705444335938","399.518768310547","0","399.518768310547","318.646087646484","498.694091796875","0","0.0155437085777521","0.211227729916573","0","0","274.137542724609","50.9988784790039","8.74449062347412","0.0434921085834503","0","9","145","32","387","248","248","-1","0","146","0","47","0","4.94721937179565","0.300000011920929","0.0539970211684704","55","304","20500.0039760502","1025","20.0000038790734","4.22006410697853","-0.72715526481712","10"
"default_shortboard_Copy_3","45","2","6","0","0","0","0","1.04606235027313","0","179.152908325195","22.3333263397217","52.9863815307617","52.9863815307617","525.573425292969","0","0","0","555.309814453125","477.237060546875","0","477.237060546875","356.630981445313","508.820861816406","0","0.0173966344445944","0.265014410018921","0","0","253.857147216797","50.9988784790039","11.3691892623901","0.0542966537177563","0","9","164","41","386","257","257","-1","0","165","0","56","0","4.32815837860107","0.349999994039536","0.0539970211684704","64","295","20499.9985819744","1025","19.9999986165604","3.76383658573183","-0.564321792869248","10"
"default_shortboard_Copy_3","45","2","7","0","0","0","0","0.568441867828369","0","256.448547363281","20.1771831512451","60.1447982788086","60.1447982788086","526.524658203125","0","0","0","623.264526367188","626.89501953125","0","626.89501953125","409.611267089844","508.383544921875","0","0.019981037825346","0.390721440315247","0","0","336.155731201172","50.9988784790039","17.4260196685791","0.0300310682505369","0","9","182","50","385","266","266","-1","0","183","0","65","0","2.74362397193909","0.400000005960464","0.0539970211684704","85","299","20499.9995831173","1025","19.9999995932852","2.9313179019853","0.187693930046215","10"
"default_shortboard_Copy_3","45","2","8","0","0","0","0","0.0556382238864899","0","223.617660522461","22.0748462677002","68.3365325927734","68.3365325927734","525.83544921875","0","0","0","532.121337890625","632.791076660156","0","632.791076660156","374.624237060547","507.089172363281","0","0.0182743538171053","0.336721658706665","0","0","313.330139160156","50.9988784790039","14.7837295532227","0.0451270677149296","0","9","201","59","384","275","275","-1","0","202","0","74","0","2.93703103065491","0.449999988079071","0.0539970211684704","89","304","20499.9991140529","1025","19.9999991356613","3.11105053443303","0.174019503778124","10"
"default_shortboard_Copy_3","45","3","0","0","0","0","0","-3.47126340866089","0","3.00869941711426","156.163879394531","0.537869572639465","0.537869572639465","526.755859375","0","0","0","527.720458984375","11.461389541626","0","11.461389541626","63.8580627441406","512.526977539063","0","0.0031150272116065","0.00604840926826","0","0","159.265045166016","50.9988784790039","0.11869490146637","0.21891513466835","0","9","81","0","399","220","220","-1","0","82","0","19","0","24.9590873718262","0.100000001490116","0.0809955298900604","9","383","20500.0015750127","1025","20.0000015365977","30.9985180011665","6.03943062934034","10"
"default_shortboard_Copy_3","45","3","1","0","0","0","0","1.33040499687195","0","25.7712955474854","52.7251129150391","12.3751487731934","12.3751487731934","519.982421875","0","0","0","325.536315917969","111.563613891602","0","111.563613891602","140.88720703125","510.187683105469","0","0.00687254685908556","0.0363180078566074","0","0","90.1314926147461","50.9988784790039","1.16189587116241","0.0985747501254082","0","9","99","7","396","227","227","-1","0","100","0","26","0","11.2139148712158","0.150000005960464","0.0809955298900604","21","358","20499.9994790863","1025","19.9999994917915","10.9079962690817","-0.305918602134085","10"
"default_shortboard_Copy_3","45","3","2","0","0","0","0","1.66710603237152","0","57.1104049682617","35.0073547363281","52.993034362793","52.993034362793","520.909606933594","0","0","0","370.348999023438","211.521499633789","0","211.521499633789","205.681442260742","504.642456054688","0","0.0100332414731383","0.078336775302887","0","0","143.986785888672","50.9988784790039","2.86888694763184","0.064251147210598","0","9","118","15","394","235","235","-1","0","119","0","34","0","8.08267402648926","0.200000002980232","0.0809955298900604","32","337","20499.9992087708","1025","19.9999992280691","7.35855901125134","-0.724115015237916","10"
"default_shortboard_Copy_3","45","3","3","0","0","0","0","1.62101805210114","0","87.6495361328125","28.544490814209","59.1075744628906","59.1075744628906","522.361022949219","0","0","0","404.376129150391","302.958862304688","0","302.958862304688","252.788177490234","504.975372314453","0","0.0123311318457127","0.122509337961674","0","0","174.261459350586","50.9988784790039","4.80739402770996","0.0569788068532944","0","9","137","24","393","244","244","-1","0","138","0","43","0","6.77925109863281","0.25","0.0809955298900604","42","321","20499.997944481","1025","19.9999979946157","5.77686838715683","-1.00238271147598","10"
"default_shortboard_Copy_3","45","3","4","0","0","0","0","1.46365773677826","0","114.992370605469","25.262149810791","121.223098754883","121.223098754883","523.62451171875","0","0","0","431.707061767578","374.246948242188","0","374.246948242188","290.840118408203","495.405487060547","0","0.0141873238608241","0.16156505048275","0","0","259.6650390625","50.9988784790039","6.58175039291382","0.057077419012785","0","9","155","32","391","252","252","-1","0","156","0","51","0","5.83550500869751","0.300000011920929","0.0809955298900604","51","312","20499.9985382239","1025","19.999998573877","5.03773611119927","-0.797768897498242","10"
"default_shortboard_Copy_3","45","3","5","0","0","0","0","1.11732089519501","0","142.819076538086","22.3610019683838","77.8165283203125","77.8165283203125","525.068237304688","0","0","0","445.010345458984","449.772644042969","0","449.772644042969","323.339752197266","508.623168945313","0","0.0157726723700762","0.200153484940529","0","0","242.363021850586","50.9988784790039","8.49969005584717","0.0678014680743217","0","9","173","41","390","261","261","-1","0","174","0","60","0","5.35983991622925","0.349999994039536","0.0809955298900604","59","304","20499.9980098936","1025","19.9999980584328","4.51975906064073","-0.840080855588518","10"
"default_shortboard_Copy_3","45","3","6","0","0","0","0","1.2136048078537","0","48.4655227661133","45.1836090087891","75.3192291259766","75.3192291259766","523.44189453125","0","0","0","167.453765869141","402.362945556641","0","402.362945556641","184.771118164063","498.708312988281","0","0.0090132262557745","0.0673771873116493","0","0","166.842834472656","50.9988784790039","2.41599535942078","0.131558358669281","0","9","192","51","390","271","271","-1","0","193","0","70","0","10.0709056854248","0.400000005960464","0.0809955298900604","51","326","20499.9977722389","1025","19.9999978265746","7.68765498304315","-2.38325070238165","10"
"default_shortboard_Copy_3","45","3","7","0","0","0","0","-0.339738398790359","0","253.411331176758","21.3100299835205","61.2447128295898","61.2447128295898","526.06201171875","0","0","0","546.794616699219","702.253601074219","0","702.253601074219","392.5400390625","507.960021972656","0","0.0191482938826084","0.383988469839096","0","0","335.320037841797","50.9988784790039","17.1048240661621","0.0327392406761646","0","9","211","60","389","280","280","-1","0","212","0","79","0","2.62168145179749","0.449999988079071","0.0809955298900604","98","311","20500.0007556301","1025","20.0000007372001","2.85834515022648","0.236663698428994","10"
"default_shortboard_Copy_3","45","3","8","0","0","0","0","-1.06712889671326","0","229.821044921875","22.7049560546875","58.8044891357422","58.8044891357422","525.624877929688","0","0","0","476.914825439453","725.692565917969","0","725.692565917969","367.499481201172","507.492462158203","0","0.0179268028587103","0.346093535423279","0","0","310.633911132813","50.9988784790039","15.2145366668701","0.046278141438961","0","9","229","70","389","290","290","-1","0","230","0","89","0","2.669588804245","0.5","0.0809955298900604","101","316","20500.0012605489","1025","20.0000012298038","2.96911056346824","0.299521759223242","10"
"default_shortboard_Copy_3","45","4","0","0","0","0","0","-29.7503910064697","0","1.34621596336365","734.898742675781","1.50497925281525","0.263646513223648","121.678802490234","0","0","0","6.05664396286011","104.977684020996","0","104.977684020996","43.9630165100098","108.599380493164","0","0.00214453716762364","0.000635812466498464","0","0","736.623962402344","50.9988784790039","0.00927154347300529","0.436504334211349","0","9","122","1","400","237","237","-1","0","123","0","36","0","45","0.183333337306976","0.107994042336941","12","390","20500.002132733","1025","20.0000020807151","NaN","NaN","10"
"default_shortboard_Copy_3","45","4","1","0","0","0","0","0","0","1.18769133090973","642.415588378906","3.58036518096924","0.182529136538506","50.3441543579102","0","0","0","3.67650842666626","118.877243041992","0","118.877243041992","36.5007286071777","43.3748779296875","0","0.00178052333649248","0.000437053153291345","0","0","646.0615234375","50.9988784790039","0.00625032838433981","0.447782933712006","0","9","128","4","399","240","240","-1","0","129","1","39","0","45","0.200000002980232","0.107994042336941","12","390","20500.0001174272","1025","20.0000001145631","NaN","NaN","10"
"default_shortboard_Copy_3","45","4","2","0","0","0","0","1.45201992988586","0","20.8979148864746","62.4484252929688","37.2106018066406","37.2106018066406","520.122192382813","0","0","0","136.878448486328","220.632659912109","0","220.632659912109","129.634979248047","504.733764648438","0","0.00632365792989731","0.0301998537033796","0","0","119.158668518066","50.9988784790039","0.933347702026367","0.113546326756477","0","9","146","12","397","248","248","-1","0","147","0","47","0","11.6219882965088","0.25","0.107994042336941","32","358","20499.9986851205","1025","19.9999987171908","12.0868206051015","0.464832308592664","10"
"default_shortboard_Copy_3","45","4","3","0","0","0","0","1.60885977745056","0","35.3084335327148","51.7157135009766","73.5818328857422","73.5818328857422","521.000732421875","0","0","0","167.109405517578","295.123260498047","0","295.123260498047","158.949417114258","499.867553710938","0","0.00775362970307469","0.0493178702890873","0","0","158.742691040039","50.9988784790039","1.67336297035217","0.109635204076767","0","9","165","21","396","257","257","-1","0","166","0","56","0","10.7037239074707","0.300000011920929","0.107994042336941","40","342","20500.0010577274","1025","20.0000010319292","9.04542324556091","-1.65830066190979","10"
"default_shortboard_Copy_3","45","4","4","0","0","0","0","1.4356449842453","0","46.1113967895508","46.3918609619141","59.0059013366699","59.0059013366699","522.290100097656","0","0","0","173.043807983398","370.789855957031","0","370.789855957031","180.324966430664","501.457855224609","0","0.00879633985459805","0.0641628876328468","0","0","149.605621337891","50.9988784790039","2.28344821929932","0.11791205406189","0","9","183","30","395","266","266","-1","0","184","0","65","0","10.3143129348755","0.349999994039536","0.107994042336941","48","334","20499.9999330863","1025","19.9999999347183","7.8797167561916","-2.43459617868389","10"
"default_shortboard_Copy_3","45","4","5","0","0","0","0","0.977304339408875","0","54.4838638305664","41.5520820617676","75.0267181396484","75.0267181396484","523.210571289063","0","0","0","171.720245361328","435.179321289063","0","435.179321289063","196.846496582031","499.014770507813","0","0.00960227008908987","0.0747290998697281","0","0","169.02897644043","50.9988784790039","2.73453617095947","0.121447846293449","0","9","202","40","395","276","276","-1","0","203","0","75","0","9.52041816711426","0.400000005960464","0.107994042336941","57","331","20499.9958088753","1025","19.9999959110979","7.38259752552457","-2.13782064158968","10"
"default_shortboard_Copy_3","45","4","6","0","0","0","0","0.384264767169952","0","23.239049911499","74.1968307495117","126.827140808105","126.827140808105","524.14111328125","0","0","0","70.2457122802734","458.85009765625","0","458.85009765625","127.561622619629","486.013031005859","0","0.00622251769527793","0.0322322510182858","0","0","220.399429321289","50.9988784790039","1.05392754077911","0.169522643089294","0","9","220","49","394","285","285","-1","0","221","0","84","0","12.2091369628906","0.449999988079071","0.107994042336941","49","345","20500.0015856012","1025","20.000001546928","11.1309800574125","-1.07815690547808","10"
"default_shortboard_Copy_3","45","4","7","0","0","0","0","-0.255891919136047","0","44.2718315124512","48.5222549438477","88.3515243530273","88.3515243530273","525.369567871094","0","0","0","107.615585327148","562.805053710938","0","562.805053710938","176.829299926758","495.355041503906","0","0.00862581934779882","0.0605665929615498","0","0","178.526992797852","50.9988784790039","2.16324830055237","0.160977393388748","0","9","239","59","394","295","295","-1","0","240","0","94","0","10.1251792907715","0.5","0.107994042336941","65","337","20500.0003822109","1025","20.0000003728887","8.18783368550736","-1.93734560526413","10"
"default_shortboard_Copy_3","45","4","8","0","0","0","0","-1.09711968898773","0","40.3718795776367","53.5414505004883","95.5794067382813","95.5794067382813","526.354736328125","0","0","0","88.1781845092773","631.464721679688","0","631.464721679688","168.147003173828","493.972229003906","0","0.00820229295641184","0.0556814149022102","0","0","186.612899780273","50.9988784790039","1.9539977312088","0.176089659333229","0","9","257","69","394","305","305","-1","0","258","0","104","0","10.4149990081787","0.550000011920929","0.107994042336941","69","345","20499.9997034226","1025","19.9999997106562","8.47092770905103","-1.94407129912768","10"
"default_shortboard_Copy_3","45","4","9","0","0","0","0","-2.95169043540955","0","127.387855529785","26.9386291503906","90.0663681030273","90.0663681030273","524.873168945313","0","0","0","223.125045776367","805.464904785156","0","805.464904785156","291.224212646484","503.410064697266","0","0.0142060602083802","0.179719388484955","0","0","243.413757324219","50.9988784790039","7.39719724655151","0.0901180803775787","0","9","276","80","395","316","316","-1","0","277","0","115","0","4.36499500274658","0.600000023841858","0.107994042336941","99","338","20499.9984777405","1025","19.9999985148688","4.5337194336494","0.168724430902821","10"
"default_shortboard_Copy_3","45","4","10","0","0","0","0","-3.36329245567322","0","143.035171508789","27.5740432739258","76.0697174072266","76.0697174072266","524.717346191406","0","0","0","237.595016479492","842.204040527344","0","842.204040527344","294.766998291016","504.8173828125","0","0.0143788773566484","0.200103491544724","0","0","245.761108398438","50.9988784790039","8.40138626098633","0.0845047309994698","0","9","282","83","395","319","319","-1","0","283","0","118","0","3.8784875869751","0.616666674613953","0.107994042336941","103","339","20500.0008679205","1025","20.0000008467517","4.12066602830819","0.242178441333093","10"
"default_shortboard_Copy_3","5","0","0","0","0","0","0","0","0","7.66190624237061","95.5377960205078","0.000839395041111857","0.000839395041111857","515.466674804688","0","0","0","312.240509033203","43.9053421020508","0","43.9053421020508","80.9783096313477","512.806091308594","0","0.00395016185939312","0.0137090273201466","0","0","102.749198913574","50.9988784790039","0.333414703607559","-0.0165815055370331","0","9","175","2","385","201","201","-1","0","176","0","0","0","16.629508972168","0.0166666675359011","0","17","385","20499.9978516801","1025","19.9999979040782","16.7468209387467","0.117311966578772","10"
"default_shortboard_Copy_3","5","0","1","0","0","0","0","-2.56556153297424","0","20.0145149230957","57.3710861206055","0.0121490126475692","0.0121490126475692","518.127502441406","0","0","0","373.474700927734","87.8506469726563","0","87.8506469726563","124.236763000488","512.803833007813","0","0.00606032926589251","0.032809991389513","0","0","76.9372100830078","50.9988784790039","0.969526886940002","-0.0641573891043663","0","9","177","3","385","202","202","-1","0","178","0","1","0","9.98518371582031","0.0333333350718021","0","19","383","20500.0021532975","1025","20.0000021007781","10.6442168088782","0.659033093057905","10"
"default_shortboard_Copy_3","5","0","2","0","0","0","0","-2.44355225563049","0","22.8700542449951","53.2041091918945","0.0149294408038259","0.0149294408038259","517.410034179688","0","0","0","288.155059814453","132.039245605469","0","132.039245605469","132.497100830078","512.803466796875","0","0.0064632729627192","0.0380477756261826","0","0","75.6318359375","50.9988784790039","1.13520896434784","-0.0149154234677553","0","9","177","3","384","202","202","-1","0","178","0","1","0","9.21150398254395","0.0500000007450581","0","21","384","20500.0007881973","1025","20.000000768973","9.78040909819789","0.56890511565395","10"
"default_shortboard_Copy_3","5","0","3","0","0","0","0","-1.35010981559753","0","68.2677917480469","29.7804183959961","0.324278205633163","0.324278205633163","520.459045410156","0","0","0","348.284729003906","311.965911865234","0","311.965911865234","232.370315551758","512.769226074219","0","0.0113351373001933","0.108652956783772","0","0","97.9392242431641","50.9988784790039","3.96250438690186","-0.00807983055710793","0","9","180","4","382","203","203","-1","0","181","0","2","0","5.49021577835083","0.100000001490116","0","37","370","20500.0000792046","1025","20.0000000772728","5.98823427942925","0.498018501078421","10"
"default_shortboard_Copy_3","5","0","4","0","0","0","0","-0.602728545665741","0","117.503929138184","22.6388320922852","0.96116828918457","0.96116828918457","522.526306152344","0","0","0","380.065460205078","495.688812255859","0","495.688812255859","309.543975830078","512.726196289063","0","0.0150997051969171","0.188394203782082","0","0","140.689987182617","50.9988784790039","7.53937005996704","-0.00685712089762092","0","9","183","5","373","204","204","-1","0","184","0","3","0","4.79866790771484","0.150000005960464","0","55","353","20500.0012777255","1025","20.0000012465615","4.59716043454246","-0.201507473172386","10"
"default_shortboard_Copy_3","5","0","5","0","0","0","0","-0.0810732468962669","0","169.868438720703","18.949836730957","1.85821604728699","1.85821604728699","524.145202636719","0","0","0","410.464630126953","679.70654296875","0","679.70654296875","375.899261474609","512.685974121094","0","0.0183365475386381","0.278995484113693","0","0","190.277404785156","50.9988784790039","11.9554290771484","-0.00418500369414687","0","9","185","6","364","205","205","-1","0","186","0","4","0","4.52232313156128","0.200000002980232","0","72","334","20500.0020141484","1025","20.0000019650228","3.7683928256766","-0.753930305884682","10"
"default_shortboard_Copy_3","5","0","6","0","0","0","0","0.277181267738342","0","221.564376831055","16.5551490783691","2.30472135543823","2.30472135543823","525.504760742188","0","0","0","433.731506347656","870.10498046875","0","870.10498046875","434.283355712891","512.695861816406","0","0.021184554323554","0.377391934394836","0","0","240.037796020508","50.9988784790039","16.904655456543","-0.00236768159084022","0","9","187","7","355","206","206","-1","0","188","0","5","0","4.30157136917114","0.25","0","90","315","20499.9996261443","1025","19.9999996352627","3.21793807740279","-1.08363329176835","10"
"default_shortboard_Copy_3","5","0","7","0","0","0","0","0.371516495943069","0","278.0791015625","14.465648651123","2.08214998245239","2.08214998245239","526.952514648438","0","0","0","471.415222167969","1017.91149902344","0","1017.91149902344","497.024444580078","512.718383789063","0","0.024245098233223","0.479858994483948","0","0","294.250640869141","50.9988784790039","21.8765182495117","-0.000338575977366418","0","9","189","8","346","207","207","-1","0","190","0","6","0","4.00722789764404","0.300000011920929","0","109","296","20499.9971457739","1025","19.9999972153892","2.89612905562503","-1.11109884201902","10"
"default_shortboard_Copy_3","5","0","8","0","0","0","0","0.297437280416489","0","323.051422119141","13.1538505554199","2.81034231185913","2.81034231185913","528.007141113281","0","0","0","474.838592529297","1209.36401367188","0","1209.36401367188","544.644897460938","512.701171875","0","0.0265680383890867","0.574252724647522","0","0","338.646057128906","50.9988784790039","26.2301692962646","-0.00662758247926831","0","9","191","9","337","208","208","-1","0","192","1","7","0","3.60509562492371","0.349999994039536","0","128","279","20500.0041585554","1025","20.0000040571272","2.65175946427014","-0.953336160653567","10"
"default_shortboard_Copy_3","5","0","9","0","0","0","0","0.189574629068375","0","344.089141845703","12.6257076263428","4.96097660064697","4.96097660064697","528.498107910156","0","0","0","471.716461181641","1302.48107910156","0","1302.48107910156","565.8935546875","512.592407226563","0","0.0276045631617308","0.614401757717133","0","0","361.305511474609","50.9988784790039","28.0408096313477","-0.0113441245630383","0","9","191","9","334","208","208","-1","0","192","1","7","0","3.32048988342285","0.366666674613953","0","136","271","20500.0003576227","1025","20.0000003489002","2.57511885050597","-0.745371032916883","10"
"default_shortboard_Copy_3","5","0","10","0","0","0","0","0.110614866018295","0","365.245330810547","12.2141256332397","12.0671329498291","12.0671329498291","529.06689453125","0","0","0","482.4521484375","1349.35009765625","0","1349.35009765625","585.240295410156","512.262023925781","0","0.0285483095794916","0.65099686384201","0","0","389.151184082031","50.9988784790039","29.6156330108643","-0.0284800380468369","0","9","192","10","332","209","209","-1","0","193","1","8","0","3.01353240013123","0.38333335518837","0","142","262","20499.9982146256","1025","19.9999982581713","2.51341057339142","-0.500121826739807","10"
"default_shortboard_Copy_3","5","1","0","0","0","0","0","-3.4361264705658","0","2.84675931930542","219.018798828125","0.00025349753559567","0.00025349753559567","525.190795898438","0","0","0","143.466995239258","45.0512619018555","0","45.0512619018555","55.8211708068848","512.806274414063","0","0.00272298394702375","0.00646336935460567","0","0","221.32861328125","50.9988784790039","0.113334894180298","0.202829539775848","0","9","190","1","392","208","208","-1","0","191","4","7","0","31.0830135345459","0.0166666675359011","0.0269985105842352","16","392","20499.9999606674","1025","19.9999999616267","24.9163618405127","-6.16665169403315","10"
"default_shortboard_Copy_3","5","1","1","0","0","0","0","-3.4361264705658","0","8.31526851654053","93.223014831543","0.0111660268157721","0.0111660268157721","522.256958007813","0","0","0","325.4931640625","45.0512619018555","0","45.0512619018555","84.5575637817383","512.802917480469","0","0.00412475969642401","0.0146638778969646","0","0","101.098281860352","50.9988784790039","0.35907056927681","0.161413356661797","0","9","190","1","391","208","208","-1","0","191","0","7","0","16.1490306854248","0.0333333350718021","0.0269985105842352","21","390","20499.9975768397","1025","19.9999976359412","16.3370380446671","0.188007359242263","10"
"default_shortboard_Copy_3","5","1","2","0","0","0","0","-2.74845361709595","0","15.9067792892456","65.76513671875","0.00971424765884876","0.00971424765884876","522.435180664063","0","0","0","293.164825439453","91.8895950317383","0","91.8895950317383","112.370674133301","512.804077148438","0","0.00548149598762393","0.0269387979060411","0","0","81.2231521606445","50.9988784790039","0.742272257804871","0.15029077231884","0","9","191","1","390","208","208","-1","0","192","0","7","0","11.4337930679321","0.0500000007450581","0.0269985105842352","23","385","20500.0011651947","1025","20.0000011367753","11.7405114619403","0.306718394008213","10"
"default_shortboard_Copy_3","5","1","3","0","0","0","0","-1.38761651515961","0","61.5470085144043","32.4313697814941","0.227072149515152","0.227072149515152","521.255859375","0","0","0","340.078186035156","281.676513671875","0","281.676513671875","218.194885253906","512.781127929688","0","0.0106436535716057","0.0957920327782631","0","0","93.7690963745117","50.9988784790039","3.45298504829407","0.069426067173481","0","9","193","2","388","209","209","-1","0","194","0","8","0","5.93570566177368","0.100000001490116","0.0269985105842352","28","360","20499.9987819962","1025","19.9999988117036","6.37942667073734","0.443721008963658","10"
"default_shortboard_Copy_3","5","1","4","0","0","0","0","-0.398699134588242","0","127.039054870605","23.2042007446289","1.09162831306458","1.09162831306458","523.293151855469","0","0","0","391.884033203125","519.625854492188","0","519.625854492188","313.991119384766","512.731567382813","0","0.0153166400268674","0.203633069992065","0","0","150.918075561523","50.9988784790039","8.33640003204346","0.0491919293999672","0","9","195","3","379","210","210","-1","0","196","0","9","0","4.8318920135498","0.150000005960464","0.0269985105842352","36","323","20499.9999238726","1025","19.9999999257294","4.31368251854865","-0.518209495001156","10"
"default_shortboard_Copy_3","5","1","5","0","0","0","0","0.125767588615417","0","182.419464111328","18.8504543304443","2.82122945785522","2.82122945785522","524.980529785156","0","0","0","420.715484619141","711.129699707031","0","711.129699707031","385.940368652344","512.646728515625","0","0.0188263580203056","0.299183279275894","0","0","203.687698364258","50.9988784790039","13.0379266738892","0.0443031452596188","0","9","197","4","370","211","211","-1","0","198","0","10","0","4.39776849746704","0.200000002980232","0.0269985105842352","48","299","20500.0015529333","1025","20.0000015150569","3.60776847212502","-0.79000002534202","10"
"default_shortboard_Copy_3","5","1","6","0","0","0","0","0.366915136575699","0","228.256729125977","16.1440353393555","2.82654905319214","2.82654905319214","526.68115234375","0","0","0","442.454742431641","858.838256835938","0","858.838256835938","444.694793701172","512.644104003906","0","0.0216924268752337","0.379997074604034","0","0","246.833892822266","50.9988784790039","17.1575317382813","0.055546011775732","0","9","201","7","363","214","214","-1","0","202","0","13","0","4.07569789886475","0.25","0.0269985105842352","61","284","20500.0019711433","1025","20.0000019230666","3.27255308022277","-0.803144818641978","10"
"default_shortboard_Copy_3","5","1","7","0","0","0","0","0.5169478058815","0","258.91162109375","14.8221836090088","6.96484518051147","6.96484518051147","528.349609375","0","0","0","434.600158691406","1014.21832275391","0","1014.21832275391","481.758911132813","512.391418457031","0","0.0235004331916571","0.440779447555542","0","0","280.302917480469","50.9988784790039","20.0259685516357","0.0791803598403931","0","9","204","9","355","216","216","-1","0","205","0","15","0","3.79942750930786","0.300000011920929","0.0269985105842352","69","272","20500.0013065224","1025","20.000001274656","3.0562095844507","-0.743217924857166","10"
"default_shortboard_Copy_3","5","1","8","0","0","0","0","0.503768920898438","0","279.748748779297","14.7662315368652","23.8804054260254","23.8804054260254","530.578369140625","0","0","0","446.673767089844","1066.83764648438","0","1066.83764648438","500.867919921875","511.047210693359","0","0.0244325790554285","0.476528406143188","0","0","317.947479248047","50.9988784790039","21.7367668151855","0.115918956696987","0","9","205","9","345","216","216","-1","0","206","0","15","0","3.42414283752441","0.349999994039536","0.0269985105842352","69","261","20500.0020172079","1025","20.0000019680077","2.93895968843085","-0.485183149093561","10"
"default_shortboard_Copy_3","5","1","9","0","0","0","0","0.602316379547119","0","274.263031005859","15.5934734344482","116.712989807129","116.712989807129","531.1376953125","0","0","0","412.962646484375","1136.58813476563","0","1136.58813476563","491.515930175781","502.917236328125","0","0.0239763893187046","0.469368427991867","0","0","405.755310058594","50.9988784790039","21.5354862213135","0.129013299942017","0","8","208","10","336","217","217","-1","0","209","0","16","0","3.10761332511902","0.400000005960464","0.0269985105842352","53","250","20499.997878844","1025","19.9999979305795","2.92807085081398","-0.179542474305038","10"
"default_shortboard_Copy_3","5","2","0","0","0","0","0","-2.4041907787323","0","5.64049530029297","149.256561279297","0.00312312878668308","0.00312312878668308","582.312561035156","0","0","0","161.38818359375","64.5145263671875","0","64.5145263671875","74.279411315918","512.804626464844","0","0.00362338591367006","0.0104118827730417","0","0","154.339477539063","50.9988784790039","0.231099709868431","0.485686898231506","0","8","206","0","398","216","216","-1","0","207","1","15","0","23.386833190918","0.0500000007450581","0.0539970211684704","13","392","20500.0000236469","1025","20.0000000230701","20.3653336453052","-3.02149954561276","10"
"default_shortboard_Copy_3","5","2","1","0","0","0","0","-0.817007184028625","0","37.0205535888672","45.3127365112305","0.146762311458588","0.146762311458588","534.035583496094","0","0","0","205.986221313477","280.904266357422","0","280.904266357422","169.367172241211","512.786926269531","0","0.00826181285083294","0.0578624084591866","0","0","82.0234375","50.9988784790039","1.9000780582428","0.24308355152607","0","9","208","1","396","217","217","-1","0","209","0","16","0","8.52595520019531","0.100000001490116","0.0539970211684704","24","357","20500.0010650369","1025","20.0000010390604","8.20896324533914","-0.316991954856176","10"
"default_shortboard_Copy_3","5","2","2","0","0","0","0","-0.245401650667191","0","74.8089904785156","32.000373840332","0.605980455875397","0.605980455875397","532.893493652344","0","0","0","272.806915283203","425.465606689453","0","425.465606689453","240.966430664063","512.753112792969","0","0.0117544597014785","0.116069965064526","0","0","106.978096008301","50.9988784790039","4.4633584022522","0.216899961233139","0","9","209","1","386","217","217","-1","0","210","0","16","0","6.57850503921509","0.150000005960464","0.0539970211684704","25","320","20500.0005771217","1025","20.0000005630455","5.8123346391672","-0.766170400047891","10"
"default_shortboard_Copy_3","5","2","3","0","0","0","0","0.560024321079254","0","123.907775878906","24.8172187805176","2.00727128982544","2.00727128982544","532.344848632813","0","0","0","304.239959716797","638.927978515625","0","638.927978515625","314.229461669922","512.661682128906","0","0.0153282647952437","0.194387421011925","0","0","150.304397583008","50.9988784790039","8.22248554229736","0.193433612585068","0","9","211","2","377","218","218","-1","0","212","0","17","0","5.304443359375","0.200000002980232","0.0539970211684704","31","291","20500.002176856","1025","20.000002123762","4.52270819460989","-0.781735164765109","10"
"default_shortboard_Copy_3","5","2","4","0","0","0","0","0.784038722515106","0","171.595626831055","20.4374389648438","4.67108345031738","4.67108345031738","531.392578125","0","0","0","350.407836914063","783.816528320313","0","783.816528320313","376.026702880859","512.486633300781","0","0.0183427650481462","0.27465546131134","0","0","196.283386230469","50.9988784790039","12.2182893753052","0.166668981313705","0","9","212","2","367","218","218","-1","0","213","0","17","0","4.35804653167725","0.25","0.0539970211684704","35","275","20500.001057303","1025","20.0000010315152","3.82932807863156","-0.528718453045685","10"
"default_shortboard_Copy_3","5","2","5","0","0","0","0","1.06282913684845","0","206.751541137695","18.0944213867188","16.3559703826904","16.3559703826904","532.245361328125","0","0","0","339.523132324219","998.752136230469","0","998.752136230469","419.273132324219","511.555938720703","0","0.0204523485153913","0.339099436998367","0","0","240.752624511719","50.9988784790039","15.3292598724365","0.164634838700294","0","9","215","3","358","219","219","-1","0","216","0","18","0","3.79814267158508","0.300000011920929","0.0539970211684704","38","266","20499.999401472","1025","19.9999994160702","3.45782004497491","-0.34032262661017","10"
"default_shortboard_Copy_3","5","2","6","0","0","0","0","0.985003888607025","0","215.657104492188","17.9511375427246","32.5503234863281","32.5503234863281","537.545043945313","0","0","0","328.490081787109","1096.76647949219","0","1096.76647949219","433.522064208984","510.317565917969","0","0.0211474169045687","0.360276907682419","0","0","265.659332275391","50.9988784790039","16.340539932251","0.215203568339348","0","8","217","3","348","219","219","-1","0","218","0","18","0","3.45982694625854","0.349999994039536","0.0539970211684704","36","251","20500.000835342","1025","20.0000008149679","3.36506325942531","-0.0947636868332378","10"
"default_shortboard_Copy_3","5","2","7","0","0","0","0","1.0220193862915","0","198.685775756836","19.0795211791992","58.4002952575684","58.4002952575684","544.79296875","0","0","0","293.753509521484","1155.36572265625","0","1155.36572265625","420.056091308594","508.308135986328","0","0.0204905401915312","0.339392721652985","0","0","275.580261230469","50.9988784790039","14.9264326095581","0.274260014295578","0","7","220","4","339","224","220","-1","0","223","0","19","0","3.34423828125","0.400000005960464","0.0539970211684704","29","244","20500.0008483039","1025","20.0000008276135","3.4612876067369","0.117049325486903","10"
"default_shortboard_Copy_3","5","2","8","0","0","0","0","0.847439885139465","0","209.099639892578","18.7273750305176","65.2527008056641","65.2527008056641","554.406005859375","0","0","0","289.064117431641","1244.32592773438","0","1244.32592773438","438.190063476563","508.128540039063","0","0.0213751252740622","0.359689950942993","0","0","292.491882324219","50.9988784790039","15.8500070571899","0.329298436641693","0","7","220","4","336","225","220","-1","0","224","0","19","0","3.12741351127625","0.416666686534882","0.0539970211684704","29","240","20499.9997828452","1025","19.9999997881416","3.40689631965593","0.279482808379684","10"
"default_shortboard_Copy_3","5","2","9","0","0","0","0","1.11821401119232","0","169.104751586914","22.0122776031494","55.7492523193359","55.7492523193359","573.861511230469","0","0","0","262.487487792969","1102.95434570313","0","1102.95434570313","399.494873046875","508.383178710938","0","0.0194875542074442","0.289511740207672","0","0","246.238021850586","50.9988784790039","12.4290132522583","0.423112630844116","0","7","220","4","333","226","220","-1","0","225","0","19","0","3.7759907245636","0.433333367109299","0.0539970211684704","22","243","20500.0006052206","1025","20.0000005904591","3.85960027102487","0.0836095464612723","10"
"default_shortboard_Copy_3","5","3","0","0","0","0","0","-2.17946529388428","0","2.68769884109497","489.860900878906","0.00606369273737073","0.00606369273737073","754.9873046875","0","0","0","30.7676830291748","185.343765258789","0","185.343765258789","75.854606628418","410.592254638672","0","0.00370022491551936","0.00570259848609567","0","0","491.687774658203","50.9988784790039","0.110494025051594","0.994086444377899","0","9","220","0","399","224","220","-1","0","223","0","19","0","45","0.100000001490116","0.0809955298900604","9","384","20499.9988812224","1025","19.9999989085096","40.4561948146073","-4.54380518539275","10"
"default_shortboard_Copy_3","5","3","1","0","0","0","0","0.192635551095009","0","32.7487297058105","52.4526138305664","0.398525685071945","0.398525685071945","569.812622070313","0","0","0","146.914978027344","322.083465576172","0","322.083465576172","165.149047851563","512.752075195313","0","0.00805605109781027","0.0473188832402229","0","0","85.0988159179688","50.9988784790039","1.57599258422852","0.430112451314926","0","9","220","0","389","227","220","-1","0","226","0","19","0","10.5413932800293","0.150000005960464","0.0809955298900604","14","339","20500.0000430052","1025","20.0000000419563","9.8023682682873","-0.739025011741994","10"
"default_shortboard_Copy_3","5","3","2","0","0","0","0","1.19721734523773","0","57.7246322631836","38.6925582885742","0.492953658103943","0.492953658103943","565.515686035156","0","0","0","173.223693847656","499.635650634766","0","499.635650634766","220.584396362305","512.75","0","0.0107602141797543","0.0865487307310104","0","0","96.435417175293","50.9988784790039","3.22079038619995","0.40648153424263","0","9","222","2","381","230","222","-1","0","229","0","21","0","8.32352542877197","0.200000002980232","0.0809955298900604","16","309","20500.0005276235","1025","20.0000005147547","7.14180572124758","-1.18171970752439","10"
"default_shortboard_Copy_3","5","3","3","0","0","0","0","1.67296576499939","0","96.2399826049805","28.9406757354736","1.28002202510834","1.28002202510834","554.328918457031","0","0","0","205.990707397461","729.539489746094","0","729.539489746094","286.673431396484","512.691284179688","0","0.0139840692281723","0.150278359651566","0","0","126.016998291016","50.9988784790039","6.11326169967651","0.347508758306503","0","9","224","4","373","234","224","-1","0","233","0","23","0","6.31444120407104","0.25","0.0809955298900604","24","289","20500.0008737766","1025","20.000000852465","5.33935174087921","-0.97508946319183","10"
"default_shortboard_Copy_3","5","3","4","0","0","0","0","1.73578035831451","0","117.003082275391","26.3296604156494","6.06692981719971","6.06692981719971","556.539978027344","0","0","0","206.599044799805","910.75732421875","0","910.75732421875","318.516784667969","512.229309082031","0","0.0155374044552445","0.188161581754684","0","0","148.937973022461","50.9988784790039","7.83769607543945","0.354679524898529","0","9","226","6","365","237","226","-1","0","236","0","25","0","5.46987867355347","0.300000011920929","0.0809955298900604","28","279","20499.9995710645","1025","19.9999995815263","4.7365803262176","-0.733298347335865","10"
"default_shortboard_Copy_3","5","3","5","0","0","0","0","1.60741007328033","0","136.641632080078","24.1880226135254","19.5858268737793","19.5858268737793","557.358764648438","0","0","0","207.937713623047","1079.34008789063","0","1079.34008789063","347.753204345703","510.921325683594","0","0.0169635713100433","0.224435523152351","0","0","179.889984130859","50.9988784790039","9.47774314880371","0.355538845062256","0","8","228","8","357","241","228","-1","0","240","0","27","0","4.78638076782227","0.349999994039536","0.0809955298900604","30","268","20499.9995572757","1025","19.9999995680739","4.33473673970891","-0.451644028113359","10"
"default_shortboard_Copy_3","5","3","6","0","0","0","0","1.7491751909256","0","112.905281066895","30.2458992004395","31.327938079834","31.327938079834","611.492309570313","0","0","0","175.691452026367","1048.75598144531","0","1048.75598144531","332.118316650391","509.739318847656","0","0.0162008926272392","0.184257462620735","0","0","173.810501098633","50.9988784790039","7.61742782592773","0.550311625003815","0","8","231","11","350","245","231","-1","0","244","0","30","0","5.39206314086914","0.400000005960464","0.0809955298900604","23","266","20500.0010982103","1025","20.0000010714246","5.04426233162954","-0.347800809239597","10"
"default_shortboard_Copy_3","5","3","7","0","0","0","0","0.558911025524139","0","165.684799194336","22.3140621185303","54.8378944396973","54.8378944396973","578.252136230469","0","0","0","195.406997680664","1445.06579589844","0","1445.06579589844","397.930633544922","508.440246582031","0","0.0194112509489059","0.28237596154213","0","0","242.204803466797","50.9988784790039","12.0956115722656","0.440203249454498","0","7","232","12","348","247","232","-1","0","246","0","31","0","3.83785557746887","0.416666686534882","0.0809955298900604","33","255","20499.9994380759","1025","19.9999994517814","3.94176803391064","0.103912456441766","10"
"default_shortboard_Copy_3","5","3","8","0","0","0","0","1.02653539180756","0","141.013458251953","26.301248550415","133.625900268555","133.625900268555","598.850952148438","0","0","0","176.543746948242","1329.18603515625","0","1329.18603515625","368.931091308594","500.459655761719","0","0.0179966390132904","0.234659478068352","0","0","299.748077392578","50.9988784790039","9.91921806335449","0.511875450611115","0","7","233","13","346","248","233","-1","0","247","0","32","0","4.25027275085449","0.433333367109299","0.0809955298900604","27","258","20499.9995296978","1025","19.9999995411686","4.39847962661805","0.148206875763558","10"
"default_shortboard_Copy_3","5","4","0","0","0","0","0","-0.616598010063171","0","4.57753705978394","608.555969238281","2.65457606315613","0.145275264978409","1014.41857910156","0","0","0","17.5830364227295","396.511108398438","0","396.511108398438","101.826843261719","376.435302734375","0","0.0049671633169055","0.00697186961770058","0","0","613.698059082031","50.9988784790039","0.167677119374275","1.18860685825348","0","9","239","3","395","257","239","-1","0","256","0","38","0","45","0.216666668653488","0.107994042336941","19","370","20499.999046771","1025","19.9999990700205","45.4352501553911","0.43525015539111","10"
"default_shortboard_Copy_3","5","4","1","0","0","0","0","2.10385203361511","0","27.3633136749268","70.8927688598633","0.476782649755478","0.476782649755478","659.242248535156","0","0","0","65.8832321166992","590.606018066406","0","590.606018066406","163.804382324219","512.7373046875","0","0.0079904580488801","0.0389110371470451","0","0","98.1439666748047","50.9988784790039","1.27783799171448","0.668887257575989","0","9","240","4","393","258","240","-1","0","257","0","39","0","13.1579427719116","0.233333334326744","0.107994042336941","24","340","20499.999039126","1025","19.999999062562","11.8501048467495","-1.30783792516209","10"
"default_shortboard_Copy_3","5","4","2","0","0","0","0","1.84599435329437","0","18.5673561096191","107.95556640625","0.521797597408295","0.521797597408295","751.203857421875","0","0","0","50.1271858215332","524.57080078125","0","524.57080078125","144.743347167969","512.720458984375","0","0.00706065073609352","0.0262952595949173","0","0","126.344467163086","50.9988784790039","0.804389715194702","0.81316214799881","0","9","241","5","390","260","241","-1","0","259","0","40","0","16.9415149688721","0.25","0.107994042336941","23","346","20500.0010024645","1025","20.0000009780141","15.5758734961824","-1.36564147268965","10"
"default_shortboard_Copy_3","5","4","3","0","0","0","0","2.37106966972351","0","36.8589248657227","61.3836517333984","0.706494390964508","0.706494390964508","673.030944824219","0","0","0","78.2099380493164","689.589599609375","0","689.589599609375","194.251174926758","512.715759277344","0","0.00947566702961922","0.0539327599108219","0","0","98.3657684326172","50.9988784790039","1.89304459095001","0.693049311637878","0","9","244","8","383","264","244","-1","0","263","0","43","0","11.7147645950317","0.300000011920929","0.107994042336941","27","325","20500.0000864914","1025","20.0000000843819","10.1190522306157","-1.59571236441607","10"
"default_shortboard_Copy_3","5","4","4","0","0","0","0","2.42745780944824","0","50.590087890625","50.8621826171875","1.37686371803284","1.37686371803284","669.420166015625","0","0","0","85.654899597168","885.095703125","0","885.095703125","230.136108398438","512.634216308594","0","0.0112261502072215","0.0758127868175507","0","0","102.264511108398","50.9988784790039","2.82289838790894","0.684769928455353","0","9","248","12","377","269","248","-1","0","268","0","47","0","9.87108421325684","0.349999994039536","0.107994042336941","31","313","20500.0025966512","1025","20.0000025333183","8.5155180845304","-1.35556612872643","10"
"default_shortboard_Copy_3","5","4","5","0","0","0","0","2.2036874294281","0","59.2363929748535","49.9308090209961","14.4739284515381","14.4739284515381","693.455322265625","0","0","0","88.501953125","1033.41394042969","0","1033.41394042969","255.195159912109","510.866668701172","0","0.0124485436826944","0.091459147632122","0","0","122.857345581055","50.9988784790039","3.44137763977051","0.725693821907043","0","8","252","16","371","275","252","-1","0","274","0","51","0","8.76994895935059","0.400000005960464","0.107994042336941","34","303","20500.0011581173","1025","20.0000011298705","7.82283503795593","-0.947113921394653","10"
"default_shortboard_Copy_3","5","4","6","0","0","0","0","2.59266972541809","0","24.7723751068115","445.614166259766","3.05453395843506","3.05453395843506","2070.40087890625","0","0","0","44.6744346618652","830.270935058594","0","830.270935058594","294.641937255859","512.518127441406","0","0.0143727790564299","0.0370918847620487","0","0","471.308044433594","50.9988784790039","1.24499320983887","1.31932902336121","0","8","256","20","365","282","256","-1","0","281","0","55","0","23.3526515960693","0.449999988079071","0.107994042336941","20","311","20499.9976760964","1025","19.999997732777","22.7984846178306","-0.554166978238751","10"
"default_shortboard_Copy_3","5","4","7","0","0","0","0","1.41096150875092","0","41.1103248596191","289.975219726563","17.2813835144043","17.2813835144043","1962.14086914063","0","0","0","52.5655746459961","1258.66662597656","0","1258.66662597656","371.276824951172","511.467559814453","0","0.018111065030098","0.066162534058094","0","0","345.996337890625","50.9988784790039","2.33891224861145","1.30480825901031","0","6","260","24","359","288","260","-1","0","287","0","59","0","16.1418037414551","0.5","0.107994042336941","28","297","20499.9995491245","1025","19.9999995601214","15.8866999173724","-0.255103824082703","10"
"default_shortboard_Copy_3","60","0","0","0","0","0","0","0.743297636508942","0","17.4770088195801","63.0586166381836","0.0686494559049606","0.0686494559049606","517.515075683594","0","0","0","670.444885253906","45.2388458251953","0","45.2388458251953","116.591262817383","512.790283203125","0","0.00568737834692001","0.0303301531821489","0","0","80.1524200439453","50.9988784790039","0.827194333076477","0.0560348182916641","0","9","41","10","399","217","217","-1","0","42","0","16","0","12.8220882415771","0.0500000007450581","0.0269985105842352","32","391","20500.0011790182","1025","20.0000011502616","10.8078358036595","-2.0142524379176","10"
"default_shortboard_Copy_3","60","0","1","0","0","0","0","0.773537874221802","0","64.4454650878906","34.6945266723633","9.07834243774414","9.07834243774414","520.137145996094","0","0","0","740.913879394531","129.028305053711","0","129.028305053711","214.200454711914","511.489715576172","0","0.0104488022625446","0.0955988615751266","0","0","107.668495178223","50.9988784790039","3.47209525108337","0.0152695626020432","0","9","54","12","398","219","219","-1","0","55","0","18","0","7.09518623352051","0.100000001490116","0.0269985105842352","36","358","20500.0007971965","1025","20.0000007777527","6.27487275301632","-0.820313480504185","10"
"default_shortboard_Copy_3","60","0","2","0","0","0","0","1.19373214244843","0","108.770729064941","28.1558723449707","45.6753616333008","45.6753616333008","522.14990234375","0","0","0","884.293579101563","182.71240234375","0","182.71240234375","275.089202880859","508.001800537109","0","0.0134189836680889","0.161571398377419","0","0","181.858016967773","50.9988784790039","6.37124919891357","0.0112793315201998","0","9","69","16","392","223","223","-1","0","70","0","22","0","5.82267665863037","0.150000005960464","0.0269985105842352","40","326","20500.0028083376","1025","20.0000027398416","4.76407186280163","-1.05860479582874","10"
"default_shortboard_Copy_3","60","0","3","0","0","0","0","0.925140023231506","0","179.475769042969","20.306339263916","79.4844055175781","79.4844055175781","524.4033203125","0","0","0","928.579223632813","294.074981689453","0","294.074981689453","344.848541259766","515.649108886719","0","0.0168218780308962","0.27307191491127","0","0","278.606811523438","50.9988784790039","11.5106658935547","0.0234077479690313","0","9","89","25","391","232","232","-1","0","90","1","31","0","4.17404365539551","0.200000002980232","0.0269985105842352","55","312","20500.002474539","1025","20.0000024141844","3.53179213185437","-0.642251523541139","10"
"default_shortboard_Copy_3","60","0","4","0","0","0","0","1.02007627487183","0","233.627548217773","18.9828281402588","52.6882934570313","52.6882934570313","526.111450195313","0","0","0","932.153869628906","387.133514404297","0","387.133514404297","403.515502929688","511.920593261719","0","0.0196836832910776","0.360868006944656","0","0","304.790710449219","50.9988784790039","15.5481472015381","0.0222160704433918","0","9","109","34","390","241","241","-1","0","110","2","40","0","3.35735082626343","0.25","0.0269985105842352","79","308","20499.999769484","1025","19.9999997751064","3.12677198069205","-0.230578845571373","10"
"default_shortboard_Copy_3","60","0","5","0","0","0","0","0.995479822158813","0","277.687805175781","18.022928237915","78.5109100341797","78.5109100341797","527.107666015625","0","0","0","972.424926757813","435.219970703125","0","435.219970703125","439.073760986328","510.158081054688","0","0.0214182324707508","0.423218756914139","0","0","373.668090820313","50.9988784790039","18.8054542541504","0.00886424537748098","0","9","128","43","389","250","250","-1","0","129","2","49","0","2.88712191581726","0.300000011920929","0.0269985105842352","93","302","20499.9997822386","1025","19.9999997875499","2.90086100344849","0.0137390876312273","10"
"default_shortboard_Copy_3","60","1","0","0","0","0","0","0.971899092197418","0","7.67158365249634","104.653839111328","0.023840457201004","0.023840457201004","515.715087890625","0","0","0","4202.7568359375","3.88364362716675","0","3.88364362716675","79.7520065307617","512.794799804688","0","0.00389034184627235","0.0163220092654228","0","0","111.883575439453","50.9988784790039","0.326743423938751","0.0352036617696285","0","9","45","2","400","218","218","-1","0","46","2","17","0","19.7042102813721","0.0500000007450581","0.0539970211684704","23","395","20499.9996612582","1025","19.9999996695202","13.7891432519881","-5.91506702938402","10"
"default_shortboard_Copy_3","60","1","1","0","0","0","0","1.07503962516785","0","35.6186447143555","43.5869369506836","5.68838882446289","5.68838882446289","518.329467773438","0","0","0","1028.88208007813","52.5552024841309","0","52.5552024841309","164.260559082031","511.670043945313","0","0.00801271013915539","0.0540731064975262","0","0","84.3395156860352","50.9988784790039","1.79295992851257","0.0074420403689146","0","9","59","4","399","220","220","-1","0","60","0","19","0","9.69469547271729","0.100000001490116","0.0539970211684704","29","368","20500.0001534245","1025","20.0000001496824","8.52163811714798","-1.17305735556931","10"
"default_shortboard_Copy_3","60","1","2","0","0","0","0","1.34378337860107","0","73.4816513061523","33.876091003418","38.900749206543","38.900749206543","520.500061035156","0","0","0","886.904113769531","122.888595581055","0","122.888595581055","226.224273681641","507.703491210938","0","0.011035330593586","0.108990401029587","0","0","145.384628295898","50.9988784790039","4.0156831741333","0.00637400289997458","0","9","76","10","395","226","226","-1","0","77","0","25","0","7.62524461746216","0.150000005960464","0.0539970211684704","35","336","20499.9996840265","1025","19.9999996917332","5.81118331221711","-1.81406130524505","10"
"default_shortboard_Copy_3","60","1","3","0","0","0","0","1.33070003986359","0","121.158012390137","26.3955135345459","118.870475769043","118.870475769043","522.778137207031","0","0","0","965.0166015625","185.625076293945","0","185.625076293945","292.968841552734","498.413330078125","0","0.014291163533926","0.179131284356117","0","0","265.019165039063","50.9988784790039","7.18795013427734","0.00314993504434824","0","9","94","18","393","234","234","-1","0","95","0","33","0","5.80968809127808","0.200000002980232","0.0539970211684704","48","315","20499.9992377983","1025","19.9999992563886","4.57594270421021","-1.23374538706786","10"
"default_shortboard_Copy_3","60","1","4","0","0","0","0","1.13677275180817","0","146.270233154297","24.3056106567383","152.503082275391","152.503082275391","523.773315429688","0","0","0","945.5537109375","230.956466674805","0","230.956466674805","322.431823730469","493.730560302734","0","0.0157283823937178","0.218381747603416","0","0","321.335388183594","50.9988784790039","8.98779296875","0.00697385193780065","0","9","115","28","393","244","244","-1","0","116","0","43","0","4.96666431427002","0.25","0.0539970211684704","58","309","20499.9990246457","1025","19.9999990484348","4.13015681979869","-0.836507494471334","10"
"default_shortboard_Copy_3","60","1","5","0","0","0","0","0.832694947719574","0","180.948867797852","19.9982032775879","88.3409042358398","88.3409042358398","524.773071289063","0","0","0","916.7099609375","287.114349365234","0","287.114349365234","350.447814941406","512.047119140625","0","0.0170950144529343","0.263200581073761","0","0","288.625854492188","50.9988784790039","11.405101776123","0.0124278264120221","0","9","134","37","392","253","253","-1","0","135","0","52","0","4.25141429901123","0.300000011920929","0.0539970211684704","68","304","20500.0010913272","1025","20.0000010647094","3.72401206940757","-0.527402229603657","10"
"default_shortboard_Copy_3","60","1","6","0","0","0","0","0.44283452630043","0","204.162261962891","20.2347393035889","90.6845321655273","90.6845321655273","525.26904296875","0","0","0","871.621948242188","344.449920654297","0","344.449920654297","367.090179443359","509.7841796875","0","0.0179068371653557","0.300230115652084","0","0","314.421508789063","50.9988784790039","13.2162656784058","0.0135627724230289","0","9","153","46","391","262","262","-1","0","154","0","61","0","3.63029432296753","0.349999994039536","0.0539970211684704","78","306","20500.0009802718","1025","20.0000009563628","3.41936213242311","-0.21093219054442","10"
"default_shortboard_Copy_3","60","1","7","0","0","0","0","-0.0206560213118792","0","274.931701660156","19.6070537567139","222.951049804688","98.8019256591797","526.476806640625","0","0","0","904.814758300781","451.070892333984","0","451.070892333984","414.364196777344","506.901916503906","0","0.0202128868550062","0.408135622739792","0","0","516.8564453125","50.9988784790039","18.4954395294189","0.00662718387320638","0","9","173","56","391","272","272","-1","0","174","1","71","0","2.6377100944519","0.400000005960464","0.0539970211684704","96","310","20500.0008039285","1025","20.0000007843205","2.83873068556245","0.201020591110546","10"
"default_shortboard_Copy_3","60","1","8","0","0","0","0","-0.639981806278229","0","281.228240966797","20.6674976348877","92.9855804443359","92.9855804443359","526.331420898438","0","0","0","874.395812988281","479.096282958984","0","479.096282958984","407.907440185547","509.350067138672","0","0.0198979247361422","0.418919771909714","0","0","394.274993896484","50.9988784790039","19.0552082061768","0.0123743480071425","0","9","192","65","390","281","281","-1","0","193","1","80","0","2.34042191505432","0.449999988079071","0.0539970211684704","103","314","20499.9991503955","1025","19.9999991711175","2.72246923640341","0.382047321349089","10"
"default_shortboard_Copy_3","60","1","9","0","0","0","0","-0.98736160993576","0","273.361022949219","21.005744934082","89.1465682983398","89.1465682983398","526.163391113281","0","0","0","841.083374023438","479.746368408203","0","479.746368408203","400.019073486328","508.054107666016","0","0.019513126462698","0.403506696224213","0","0","382.87255859375","50.9988784790039","18.3041667938232","0.0155693143606186","0","9","199","69","391","285","285","-1","0","200","0","84","0","2.25507378578186","0.466666668653488","0.0539970211684704","104","315","20499.9990263487","1025","19.9999990500963","2.77184004574967","0.51676625996781","10"
"default_shortboard_Copy_3","60","2","0","0","0","0","0","-0.727551519870758","0","3.51268410682678","128.127349853516","0.478022456169128","0.478022456169128","516.029174804688","0","0","0","206.471313476563","37.548469543457","0","37.548469543457","69.206428527832","512.554504394531","0","0.0033759237267077","0.00775268208235502","0","0","131.724945068359","50.9988784790039","0.164296090602875","0.0832530707120895","0","9","62","0","399","220","220","-1","0","63","0","19","0","22.3739013671875","0.100000001490116","0.0809955298900604","10","383","20499.9976688822","1025","19.9999977257388","25.8140828006436","3.44018143345611","10"
"default_shortboard_Copy_3","60","2","1","0","0","0","0","1.62790775299072","0","32.9136199951172","46.2771415710449","23.4032249450684","23.4032249450684","518.360534667969","0","0","0","1102.77209472656","41.556022644043","0","41.556022644043","157.739395141602","507.671630859375","0","0.007694604806602","0.0458268225193024","0","0","101.545417785645","50.9988784790039","1.5289089679718","0.0320269949734211","0","9","81","8","397","228","228","-1","0","82","0","27","0","10.2033634185791","0.150000005960464","0.0809955298900604","25","358","20499.9995589456","1025","19.999999569703","9.66609985869048","-0.537263559888624","10"
"default_shortboard_Copy_3","60","2","2","0","0","0","0","1.56951022148132","0","57.5197257995605","35.2307357788086","66.2496337890625","66.2496337890625","519.943786621094","0","0","0","764.487121582031","103.663536071777","0","103.663536071777","206.230911254883","501.606018066406","0","0.0100600449368358","0.0792494416236877","0","0","157.53303527832","50.9988784790039","2.9046003818512","0.0210264511406422","0","9","101","17","396","237","237","-1","0","102","0","36","0","7.99083280563354","0.200000002980232","0.0809955298900604","38","345","20499.9990109139","1025","19.999999035038","7.29289053592299","-0.697942269710553","10"
"default_shortboard_Copy_3","60","2","3","0","0","0","0","1.28804886341095","0","93.2040481567383","28.3728199005127","83.7577743530273","83.7577743530273","521.862915039063","0","0","0","755.132263183594","169.291320800781","0","169.291320800781","259.483062744141","501.240173339844","0","0.0126577112823725","0.127837330102921","0","0","203.929672241211","50.9988784790039","5.08001232147217","0.0231289453804493","0","9","120","26","395","246","246","-1","0","121","0","45","0","7.16600465774536","0.25","0.0809955298900604","45","322","20499.9985349251","1025","19.9999985706586","5.68240634662532","-1.48359831112004","10"
"default_shortboard_Copy_3","60","2","4","0","0","0","0","0.859471917152405","0","121.055381774902","25.0287837982178","186.431091308594","186.431091308594","523.191650390625","0","0","0","742.536010742188","225.99690246582","0","225.99690246582","296.981689453125","485.816223144531","0","0.0144869117066264","0.167810827493668","0","0","329.883636474609","50.9988784790039","6.93252849578857","0.0265832729637623","0","9","140","36","395","256","256","-1","0","141","0","55","0","6.05619096755981","0.300000011920929","0.0809955298900604","57","315","20499.9999632277","1025","19.9999999641246","4.95244157246409","-1.10374939509572","10"
"default_shortboard_Copy_3","60","2","5","0","0","0","0","0.366251766681671","0","150.185333251953","20.6085910797119","158.452331542969","158.452331542969","524.097045898438","0","0","0","745.896545410156","281.687255859375","0","281.687255859375","319.553039550781","511.289184570313","0","0.0155879538506269","0.210109546780586","0","0","328.292022705078","50.9988784790039","8.96118831634521","0.0303943641483784","0","9","159","45","394","265","265","-1","0","160","0","64","0","5.3399658203125","0.349999994039536","0.0809955298900604","68","312","20499.9990770391","1025","19.9999990995504","4.25466289533382","-1.08530292497868","10"
"default_shortboard_Copy_3","60","2","6","0","0","0","0","-0.311318188905716","0","176.719635009766","21.2589149475098","98.6493377685547","98.6493377685547","524.898864746094","0","0","0","726.010681152344","341.721740722656","0","341.721740722656","347.13330078125","507.781707763672","0","0.0169333331286907","0.248093634843826","0","0","295.891510009766","50.9988784790039","10.8441762924194","0.0276938322931528","0","9","179","55","394","275","275","-1","0","180","0","74","0","4.21687126159668","0.400000005960464","0.0809955298900604","80","314","20499.9983253793","1025","19.9999983662237","3.91369737895853","-0.303173882638146","10"
"default_shortboard_Copy_3","60","2","7","0","0","0","0","-0.798075556755066","0","165.99609375","22.5578422546387","109.117202758789","109.117202758789","524.712829589844","0","0","0","632.1953125","368.82421875","0","368.82421875","335.851654052734","505.900512695313","0","0.016383009031415","0.233168929815292","0","0","296.852203369141","50.9988784790039","10.0941801071167","0.0366715118288994","0","9","198","64","393","284","284","-1","0","199","0","83","0","4.37282419204712","0.449999988079071","0.0809955298900604","83","318","20499.9981022245","1025","19.9999981485117","4.02905862798852","-0.343765564058601","10"
"default_shortboard_Copy_3","60","2","8","0","0","0","0","-1.62636339664459","0","179.167129516602","22.8205013275146","140.412567138672","140.412567138672","525.00634765625","0","0","0","584.413696289063","430.875457763672","0","430.875457763672","344.598266601563","503.387023925781","0","0.0168096721172333","0.251809507608414","0","0","341.507690429688","50.9988784790039","10.9510822296143","0.0390431731939316","0","9","218","74","393","294","294","-1","0","219","0","93","0","3.86247968673706","0.5","0.0809955298900604","93","323","20499.9992979209","1025","19.9999993150448","3.82765527333908","-0.0348244133979758","10"
"default_shortboard_Copy_3","60","2","9","0","0","0","0","-2.45535492897034","0","171.839172363281","24.325138092041","123.102127075195","123.102127075195","524.582641601563","0","0","0","509.832275390625","477.081390380859","0","477.081390380859","328.979461669922","503.705871582031","0","0.016047777608037","0.243231490254402","0","0","318.380645751953","50.9988784790039","10.3643283843994","0.0433423146605492","0","9","237","84","393","304","304","-1","0","238","0","103","0","3.40493226051331","0.550000011920929","0.0809955298900604","98","327","20500.00129022","1025","20.0000012587512","3.7829736287063","0.378041368192999","10"
"default_shortboard_Copy_3","60","3","0","0","0","0","0","-3.7103316783905","0","3.95428395271301","190.893966674805","5.92525291442871","5.92525291442871","516.379333496094","0","0","0","1033.45935058594","6.61599493026733","0","6.61599493026733","71.543571472168","510.274200439453","0","0.00348993018269539","0.00683736149221659","0","0","199.655731201172","50.9988784790039","0.144524827599525","0.0869851335883141","0","9","100","1","400","237","237","-1","0","101","0","36","0","17.9848041534424","0.183333337306976","0.107994042336941","19","381","20500.0007813659","1025","20.0000007623082","30.6918483742942","12.7070442208518","10"
"default_shortboard_Copy_3","60","3","1","0","0","0","0","-9.28920364379883","0","2.51981043815613","498.037048339844","3.84076738357544","3.84076738357544","519.731567382813","0","0","0","224.702484130859","11.4554586410522","0","11.4554586410522","67.1187057495117","510.358795166016","0","0.00327408290468156","0.00257406989112496","0","0","502.673400878906","50.9988784790039","0.0504536516964436","0.142451867461205","0","9","107","4","399","240","240","-1","0","108","1","39","0","26.9067726135254","0.200000002980232","0.107994042336941","18","381","20500.0018947412","1025","20.000001848528","NaN","NaN","10"
"default_shortboard_Copy_3","60","3","2","0","0","0","0","0.927912771701813","0","22.536714553833","67.8551330566406","53.621883392334","53.621883392334","517.333618164063","0","0","0","421.925628662109","79.3173446655273","0","79.3173446655273","132.966232299805","500.897399902344","0","0.00648615788668394","0.0334660224616528","0","0","142.048675537109","50.9988784790039","1.03204429149628","0.0446185730397701","0","9","126","13","398","249","249","-1","0","127","0","48","0","10.7031278610229","0.25","0.107994042336941","38","363","20499.999325145","1025","19.9999993416049","11.1754047529579","0.472276891934957","10"
"default_shortboard_Copy_3","60","3","3","0","0","0","0","0.974295735359192","0","40.1852760314941","49.8736877441406","130.070999145508","130.070999145508","518.687744140625","0","0","0","417.121887207031","134.56916809082","0","134.56916809082","168.360397338867","486.975769042969","0","0.00821270234882832","0.0561317466199398","0","0","216.623413085938","50.9988784790039","1.93141603469849","0.045200988650322","0","9","147","23","398","259","259","-1","0","148","0","58","0","10.2109603881836","0.300000011920929","0.107994042336941","45","346","20499.999901115","1025","19.9999999035268","8.41321455855919","-1.7977458296244","10"
"default_shortboard_Copy_3","60","3","4","0","0","0","0","0.741206109523773","0","44.5765380859375","52.6341018676758","96.5481491088867","96.5481491088867","519.188354492188","0","0","0","326.324035644531","188.46418762207","0","188.46418762207","173.292724609375","495.031219482422","0","0.0084533030167222","0.061500396579504","0","0","190.739288330078","50.9988784790039","2.17932677268982","0.0566966682672501","0","9","166","32","397","268","268","-1","0","167","0","67","0","10.4540176391602","0.349999994039536","0.107994042336941","50","338","20500.0015102463","1025","20.0000014734111","7.90038491826388","-2.55363272089628","10"
"default_shortboard_Copy_3","60","3","5","0","0","0","0","0.167980685830116","0","53.8073120117188","43.3138580322266","124.769180297852","124.769180297852","520.063720703125","0","0","0","321.774719238281","232.240463256836","0","232.240463256836","194.522567749023","491.239379882813","0","0.00948890671133995","0.0747291147708893","0","0","218.966339111328","50.9988784790039","2.72247052192688","0.0611778907477856","0","9","185","42","397","278","278","-1","0","186","0","77","0","9.39117240905762","0.400000005960464","0.107994042336941","59","333","20499.9979098282","1025","19.999997960808","7.29496145810786","-2.09621095094976","10"
"default_shortboard_Copy_3","60","3","6","0","0","0","0","-0.371788591146469","0","57.5810699462891","42.1261749267578","126.399368286133","126.399368286133","520.513488769531","0","0","0","275.937744140625","289.970001220703","0","289.970001220703","200.303970336914","490.357818603516","0","0.00977092422544956","0.080013670027256","0","0","223.089553833008","50.9988784790039","2.93159914016724","0.0670337975025177","0","9","204","51","396","287","287","-1","0","205","0","86","0","8.93197917938232","0.449999988079071","0.107994042336941","67","334","20500.0024271192","1025","20.0000023679212","7.01422079751383","-1.9177583818685","10"
"default_shortboard_Copy_3","60","3","7","0","0","0","0","-1.04742610454559","0","48.4891624450684","46.4834442138672","156.503051757813","156.503051757813","520.556762695313","0","0","0","208.368438720703","322.733489990234","0","322.733489990234","184.051162719727","485.980316162109","0","0.00897810701280832","0.0672474727034569","0","0","248.0361328125","50.9988784790039","2.41496348381042","0.0842926502227783","0","9","224","61","396","297","297","-1","0","225","0","96","0","9.5117073059082","0.5","0.107994042336941","70","338","20499.9965423843","1025","19.9999966267164","7.6723805388752","-1.83932676703301","10"
"default_shortboard_Copy_3","60","3","8","0","0","0","0","-2.24042510986328","0","80.6731262207031","31.5799083709717","141.158706665039","141.158706665039","522.487487792969","0","0","0","263.001068115234","421.369659423828","0","421.369659423828","234.965301513672","498.523376464844","0","0.0114617217332125","0.110820673406124","0","0","252.06852722168","50.9988784790039","4.28058958053589","0.0780268758535385","0","9","244","72","397","308","308","-1","0","245","0","107","0","6.9624981880188","0.550000011920929","0.107994042336941","86","335","20500.0005219823","1025","20.0000005092511","5.93648045339122","-1.02601773462758","10"
"default_shortboard_Copy_3","60","3","9","0","0","0","0","-3.0781307220459","0","81.7537994384766","32.0995674133301","176.092315673828","176.092315673828","522.725646972656","0","0","0","238.51530456543","471.831634521484","0","471.831634521484","234.475540161133","494.727783203125","0","0.0114378314465284","0.112539060413837","0","0","288.406433105469","50.9988784790039","4.35014820098877","0.0849185213446617","0","9","263","82","397","318","318","-1","0","264","0","117","0","6.30549383163452","0.600000023841858","0.107994042336941","90","339","20499.999607207","1025","19.9999996167873","5.8332896660386","-0.472204165595924","10"
"default_shortboard_Copy_3","60","3","10","0","0","0","0","-3.32965755462646","0","72.6891632080078","33.880054473877","180.571228027344","180.571228027344","522.831481933594","0","0","0","204.810195922852","487.517883300781","0","487.517883300781","221.647201538086","493.722137451172","0","0.010812059044838","0.099848635494709","0","0","285.504821777344","50.9988784790039","3.79114389419556","0.0967926904559135","0","9","269","85","397","321","321","-1","0","270","0","120","0","6.77246809005737","0.616666674613953","0.107994042336941","85","341","20499.9991785938","1025","19.9999991986281","6.21643378257103","-0.556034307486338","10"
"default_shortboard_Copy_3","75","0","0","0","0","0","0","0.577146112918854","0","20.2121925354004","59.0717124938965","0.141648679971695","0.141648679971695","523.197570800781","0","0","0","788.647827148438","45.9352684020996","0","45.9352684020996","125.51180267334","512.775817871094","0","0.00612252671271563","0.036226749420166","0","0","78.9636077880859","50.9988784790039","0.962031483650208","0.154064998030663","0","9","36","10","399","217","217","-1","0","37","0","16","0","12.4419775009155","0.0500000007450581","0.0269985105842352","33","391","20500.0008268922","1025","20.0000008067241","9.73001264945701","-2.71196485145851","10"
"default_shortboard_Copy_3","75","0","1","0","0","0","0","0.665935575962067","0","58.2285003662109","34.7734794616699","6.43331527709961","6.43331527709961","521.275207519531","0","0","0","890.812927246094","101.605529785156","0","101.605529785156","208.661758422852","511.814331054688","0","0.0101786218583584","0.0905115157365799","0","0","98.9126510620117","50.9988784790039","3.15404629707336","0.0749512016773224","0","9","46","13","399","220","220","-1","0","47","1","19","0","7.41967391967773","0.100000001490116","0.0269985105842352","38","369","20500.0010145288","1025","20.0000009897842","6.45694988751613","-0.962724032161602","10"
"default_shortboard_Copy_3","75","0","2","0","0","0","0","0.635585308074951","0","134.328826904297","22.6634426116943","51.4876174926758","51.4876174926758","524.162658691406","0","0","0","1141.77966308594","170.603317260742","0","170.603317260742","318.660705566406","507.814208984375","0","0.0155444256961346","0.19479139149189","0","0","207.776458740234","50.9988784790039","8.01469993591309","0.0557001382112503","0","9","64","20","396","227","227","-1","0","65","1","26","0","4.96830892562866","0.150000005960464","0.0269985105842352","47","335","20499.9986358871","1025","19.9999986691581","4.5770911095046","-0.391217816124057","10"
"default_shortboard_Copy_3","75","0","3","0","0","0","0","0.651906847953796","0","190.006118774414","17.9726638793945","60.8465576171875","60.8465576171875","525.640014648438","0","0","0","1236.54675292969","223.632354736328","0","223.632354736328","370.605499267578","512.266357421875","0","0.0180783160030842","0.276531845331192","0","0","268.271331787109","50.9988784790039","11.9192953109741","0.0507413595914841","0","9","83","29","395","236","236","-1","0","84","2","35","0","3.94455075263977","0.200000002980232","0.0269985105842352","65","323","20500.0011729163","1025","20.0000011443086","3.74839430852899","-0.196156444110782","10"
"default_shortboard_Copy_3","75","0","4","0","0","0","0","0.662794470787048","0","236.996490478516","16.4163513183594","70.798942565918","70.798942565918","526.981506347656","0","0","0","1201.84069824219","294.442291259766","0","294.442291259766","419.076782226563","511.171905517578","0","0.0204427689313889","0.353872716426849","0","0","323.648162841797","50.9988784790039","15.4490222930908","0.0476177595555782","0","9","104","39","395","246","246","-1","0","105","3","45","0","3.29018878936768","0.25","0.0269985105842352","91","323","20500.0009359344","1025","20.0000009131067","3.31174667824659","0.0215578888789145","10"
"default_shortboard_Copy_3","75","0","5","0","0","0","0","0.657499849796295","0","246.75341796875","16.4613399505615","189.809417724609","56.7758598327637","527.159362792969","0","0","0","1222.82763671875","303.805206298828","0","303.805206298828","425.051849365234","507.281433105469","0","0.0207342337816954","0.371501415967941","0","0","452.394317626953","50.9988784790039","16.2056045532227","0.0473272688686848","0","9","110","42","395","249","249","-1","0","111","3","48","0","3.26826238632202","0.266666680574417","0.0269985105842352","97","323","20500.0027413832","1025","20.0000026745202","3.19945416883718","-0.068808217484841","10"
"default_shortboard_Copy_3","75","1","0","0","0","0","0","1.28524816036224","0","8.12300682067871","100.911361694336","0.0273358859121799","0.0273358859121799","519.599426269531","0","0","0","560.889526367188","30.5578136444092","0","30.5578136444092","81.9802780151367","512.797241210938","0","0.00399903813377023","0.017139557749033","0","0","108.595321655273","50.9988784790039","0.352919429540634","0.126194909214973","0","8","37","2","400","218","218","-1","0","38","1","17","0","20.1593647003174","0.0500000007450581","0.0539970211684704","23","394","20499.9990679876","1025","19.9999990907197","13.4927388422145","-6.66662585810286","10"
"default_shortboard_Copy_3","75","1","1","0","0","0","0","1.39244210720062","0","36.197437286377","44.174186706543","6.33153676986694","6.33153676986694","518.858825683594","0","0","0","4875.021484375","11.5950746536255","0","11.5950746536255","164.44987487793","511.379974365234","0","0.00802194513380527","0.0565262399613857","0","0","86.0858535766602","50.9988784790039","1.80436754226685","0.0425435751676559","0","9","48","4","399","220","220","-1","0","49","0","19","0","9.88268566131592","0.100000001490116","0.0539970211684704","30","368","20499.99995449","1025","19.9999999556","8.15869886676877","-1.72398679454715","10"
"default_shortboard_Copy_3","75","1","2","0","0","0","0","1.54807436466217","0","94.0118713378906","27.6565265655518","48.441162109375","48.441162109375","521.977111816406","0","0","0","2043.77221679688","64.6417007446289","0","64.6417007446289","262.072113037109","506.567260742188","0","0.0127840070053935","0.13211290538311","0","0","169.195678710938","50.9988784790039","5.27757406234741","0.0322611518204212","0","9","66","12","397","228","228","-1","0","67","0","27","0","6.71210765838623","0.150000005960464","0.0539970211684704","43","334","20499.9976084605","1025","19.9999976667908","5.5529590011384","-1.15914865724783","10"
"default_shortboard_Copy_3","75","1","3","0","0","0","0","1.30181884765625","0","132.85205078125","23.0420722961426","130.202514648438","130.202514648438","523.62255859375","0","0","0","1893.82666015625","99.2528762817383","0","99.2528762817383","313.905944824219","497.502197265625","0","0.015312485396862","0.187967747449875","0","0","284.66259765625","50.9988784790039","7.90743494033813","0.0284998789429665","0","9","87","22","397","238","238","-1","0","88","0","37","0","5.28644752502441","0.200000002980232","0.0539970211684704","54","323","20499.9996204762","1025","19.9999996297329","4.67268511826039","-0.613762406764025","10"
"default_shortboard_Copy_3","75","1","4","0","0","0","0","0.926893889904022","0","164.531860351563","16.5429916381836","144.483444213867","144.483444213867","524.076843261719","0","0","0","1945.51354980469","121.026184082031","0","121.026184082031","327.124542236328","521.526672363281","0","0.0159572958946228","0.235458076000214","0","0","324.227783203125","50.9988784790039","10.1385736465454","0.0241117719560862","0","9","106","31","396","247","247","-1","0","107","0","46","0","4.51292657852173","0.25","0.0539970211684704","64","318","20499.9985208371","1025","19.9999985569143","3.88598697199752","-0.626939606524205","10"
"default_shortboard_Copy_3","75","1","5","0","0","0","0","0.383572369813919","0","220.290740966797","16.7109851837158","77.1270141601563","77.1270141601563","525.818054199219","0","0","0","1739.29418945313","183.033386230469","0","183.033386230469","386.473083496094","513.065246582031","0","0.0188523475080729","0.318348914384842","0","0","313.469970703125","50.9988784790039","14.1780261993408","0.0257138386368752","0","9","126","41","396","257","257","-1","0","127","1","56","0","3.46675968170166","0.300000011920929","0.0539970211684704","77","317","20499.9978560018","1025","19.9999979082944","3.39499292650593","-0.0717667551957262","10"
"default_shortboard_Copy_3","75","1","6","0","0","0","0","-0.0101506924256682","0","239.360427856445","17.1931438446045","105.106597900391","105.106597900391","526.239379882813","0","0","0","1782.89135742188","194.180847167969","0","194.180847167969","402.090454101563","511.860260009766","0","0.0196141675114632","0.346203356981277","0","0","360.964630126953","50.9988784790039","15.5501270294189","0.0180519111454487","0","9","146","50","395","266","266","-1","0","147","1","65","0","3.09441518783569","0.349999994039536","0.0539970211684704","86","317","20500.0010256141","1025","20.0000010005992","3.24783417841127","0.153418990575575","10"
"default_shortboard_Copy_3","75","1","7","0","0","0","0","-0.627671539783478","0","257.145538330078","17.9324645996094","293.788513183594","123.456069946289","526.353820800781","0","0","0","1733.75146484375","217.539215087891","0","217.539215087891","407.299774169922","506.331329345703","0","0.0198682826012373","0.377158939838409","0","0","568.041381835938","50.9988784790039","16.9974498748779","0.0111680375412107","0","9","166","60","395","276","276","-1","0","167","1","75","0","2.81435799598694","0.400000005960464","0.0539970211684704","98","320","20499.9990358783","1025","19.9999990593934","3.01967103254164","0.205313036554704","10"
"default_shortboard_Copy_3","75","1","8","0","0","0","0","-1.36436545848846","0","274.868255615234","18.847713470459","164.889938354492","132.852294921875","526.476928710938","0","0","0","1775.53857421875","226.904479980469","0","226.904479980469","412.087615966797","510.234405517578","0","0.0201018359512091","0.402877658605576","0","0","457.849792480469","50.9988784790039","18.2082042694092","0.00431820563971996","0","9","186","70","395","286","286","-1","0","187","1","85","0","2.43577647209167","0.449999988079071","0.0539970211684704","108","323","20499.9989536782","1025","19.9999989791983","2.85999675505196","0.424220282960286","10"
"default_shortboard_Copy_3","75","1","9","0","0","0","0","-1.66746544837952","0","281.345947265625","19.3541126251221","150.884643554688","118.777015686035","526.472106933594","0","0","0","1748.45922851563","235.208374023438","0","235.208374023438","411.699584960938","510.250244140625","0","0.0200829096138477","0.41125226020813","0","0","450.875671386719","50.9988784790039","18.5964508056641","0.000205493968678638","0","9","193","74","396","290","290","-1","0","194","1","89","0","2.28147196769714","0.466666668653488","0.0539970211684704","110","323","20499.9969066763","1025","19.9999969821232","2.7990698697757","0.51759790207856","10"
"default_shortboard_Copy_3","75","2","0","0","0","0","0","-1.00349175930023","0","3.50394082069397","146.821441650391","0.457763850688934","0.457763850688934","514.330444335938","0","0","0","81.8143692016602","94.7594223022461","0","94.7594223022461","68.9698715209961","512.54443359375","0","0.00336438394151628","0.00775268208235502","0","0","150.348907470703","50.9988784790039","0.160271272063255","0.0165611673146486","0","9","49","0","399","220","220","-1","0","50","0","19","0","22.1882457733154","0.100000001490116","0.0809955298900604","10","383","20500.0002139804","1025","20.0000002087614","25.7193808160581","3.53113504274267","10"
"default_shortboard_Copy_3","75","2","1","0","0","0","0","1.66619038581848","0","33.8158760070801","48.9728775024414","21.6269340515137","21.6269340515137","518.164306640625","0","0","0","1090.04614257813","43.6315765380859","0","43.6315765380859","157.543563842773","508.165283203125","0","0.00768505223095417","0.0475604310631752","0","0","103.412078857422","50.9988784790039","1.58538091182709","0.015650786459446","0","9","69","9","398","229","229","-1","0","70","0","28","0","10.3429412841797","0.150000005960464","0.0809955298900604","27","360","20499.9991032218","1025","19.9999991250945","9.29890711579058","-1.04403416838911","10"
"default_shortboard_Copy_3","75","2","2","0","0","0","0","1.32817482948303","0","60.3090324401855","36.4218978881836","80.5962524414063","80.5962524414063","519.942932128906","0","0","0","9530.1201171875","8.75229740142822","0","8.75229740142822","208.058166503906","497.826049804688","0","0.0101491780951619","0.0834104418754578","0","0","175.355926513672","50.9988784790039","3.07512998580933","0.0168909747153521","0","9","89","19","398","239","239","-1","0","90","0","38","0","8.54240322113037","0.200000002980232","0.0809955298900604","40","344","20500.0015324479","1025","20.0000014950712","6.98892826443725","-1.55347495669312","10"
"default_shortboard_Copy_3","75","2","3","0","0","0","0","0.870724260807037","0","88.6137313842773","29.6483058929443","119.985580444336","119.985580444336","521.442687988281","0","0","0","5056.9111328125","24.1771945953369","0","24.1771945953369","251.646438598633","498.375427246094","0","0.0122754368931055","0.122261926531792","0","0","236.536346435547","50.9988784790039","4.78533363342285","0.0123486937955022","0","9","110","29","398","249","249","-1","0","111","0","48","0","7.26119375228882","0.25","0.0809955298900604","48","328","20499.998557279","1025","19.9999985924674","5.76236470283092","-1.4988290494579","10"
"default_shortboard_Copy_3","75","2","4","0","0","0","0","0.294889509677887","0","132.169052124023","23.3799591064453","205.67578125","205.67578125","523.511901855469","0","0","0","2724.04541015625","67.6012420654297","0","67.6012420654297","312.260314941406","484.691101074219","0","0.015232210047543","0.184148862957954","0","0","358.686798095703","50.9988784790039","7.74756526947021","0.00890978239476681","0","9","129","38","397","258","258","-1","0","130","0","57","0","5.4872407913208","0.300000011920929","0.0809955298900604","63","320","20500.0005886719","1025","20.000000574314","4.7447466384725","-0.742494152848305","10"
"default_shortboard_Copy_3","75","2","5","0","0","0","0","-0.371349543333054","0","156.467651367188","17.1813945770264","187.8388671875","187.8388671875","523.750305175781","0","0","0","2156.1630859375","101.691360473633","0","101.691360473633","315.651153564453","516.932495117188","0","0.0153976166620851","0.219263136386871","0","0","360.012664794922","50.9988784790039","9.42461967468262","0.00516240764409304","0","9","149","48","397","268","268","-1","0","150","0","67","0","4.9020471572876","0.349999994039536","0.0809955298900604","75","321","20500.000778803","1025","20.0000007598078","4.02687426931673","-0.875172887970863","10"
"default_shortboard_Copy_3","75","2","6","0","0","0","0","-0.963199496269226","0","159.92399597168","17.6175918579102","160.071166992188","160.071166992188","523.687927246094","0","0","0","2035.16369628906","109.77806854248","0","109.77806854248","313.337554931641","516.61474609375","0","0.0152847580611706","0.223416328430176","0","0","336.262023925781","50.9988784790039","9.5952091217041","0.000722318305633962","0","9","169","58","397","278","278","-1","0","170","0","77","0","4.59018754959106","0.400000005960464","0.0809955298900604","83","325","20500.0009602798","1025","20.0000009368583","3.92288551260437","-0.667302036986696","10"
"default_shortboard_Copy_3","75","2","7","0","0","0","0","-1.66205382347107","0","163.868423461914","19.8041172027588","130.268432617188","130.268432617188","523.717895507813","0","0","0","1739.89489746094","132.712539672852","0","132.712539672852","313.637786865234","510.140716552734","0","0.0152994031086564","0.230905875563622","0","0","312.902587890625","50.9988784790039","9.88856220245361","0.00884598772972822","0","9","189","68","397","288","288","-1","0","190","0","87","0","4.39163589477539","0.449999988079071","0.0809955298900604","91","328","20500.0015123321","1025","20.0000014754459","3.79909739555127","-0.59253849922412","10"
"default_shortboard_Copy_3","75","2","8","0","0","0","0","-2.43024945259094","0","179.394989013672","22.5387802124023","178.001663208008","178.001663208008","524.310791015625","0","0","0","1473.66772460938","170.872680664063","0","170.872680664063","331.165649414063","507.251647949219","0","0.0161544196307659","0.251809537410736","0","0","379.017181396484","50.9988784790039","10.8796634674072","0.0175746642053127","0","9","209","78","397","298","298","-1","0","210","0","97","0","3.59219360351563","0.5","0.0809955298900604","97","327","20500.0029083905","1025","20.0000028374542","3.67824064345199","0.0860470399363678","10"
"default_shortboard_Copy_3","75","2","9","0","0","0","0","-3.13600206375122","0","234.490783691406","21.8783473968506","110.28002166748","110.28002166748","525.586608886719","0","0","0","1501.43298339844","223.459243774414","0","223.459243774414","374.223815917969","507.072235107422","0","0.0182548221200705","0.335509091615677","0","0","365.924499511719","50.9988784790039","14.9750289916992","0.0175668299198151","0","9","229","88","397","308","308","-1","0","230","0","107","0","2.41124534606934","0.550000011920929","0.0809955298900604","116","331","20499.9979433667","1025","19.9999979935285","3.11896479667709","0.707719450607752","10"
"default_shortboard_Copy_3","75","3","0","0","0","0","0","-4.85463905334473","0","4.11117219924927","193.970092773438","7.20104503631592","7.20104503631592","514.465026855469","0","0","0","65.6611862182617","104.13094329834","0","104.13094329834","72.6166839599609","509.74755859375","0","0.00354227726347744","0.00683736149221659","0","0","204.025863647461","50.9988784790039","0.151588708162308","0.0039523271843791","0","9","85","1","400","237","237","-1","0","86","0","36","0","17.3330154418945","0.183333337306976","0.107994042336941","19","381","20500.0000165637","1025","20.0000000161597","31.203325655785","13.8703102138905","10"
"default_shortboard_Copy_3","75","3","1","0","0","0","0","-11.7384948730469","0","2.64185857772827","486.123504638672","4.89118480682373","4.89118480682373","514.575927734375","0","0","0","24.2548656463623","106.125923156738","0","106.125923156738","67.5654678344727","509.790649414063","0","0.00329587631858885","0.00257406989112496","0","0","491.771301269531","50.9988784790039","0.0503110662102699","0.0160810854285955","0","9","92","4","399","240","240","-1","0","93","1","39","0","24.2051982879639","0.200000002980232","0.107994042336941","18","381","20500.0010022831","1025","20.0000009778372","NaN","NaN","10"
"default_shortboard_Copy_3","75","3","2","0","0","0","0","0.251169294118881","0","22.5780658721924","73.4125823974609","67.7919082641602","67.7919082641602","516.679931640625","0","0","0","517.292846679688","64.6945495605469","0","64.6945495605469","130.536651611328","496.914428710938","0","0.00636764103546739","0.0334660261869431","0","0","161.160705566406","50.9988784790039","1.03633773326874","0.00451180385425687","0","9","112","14","399","250","250","-1","0","113","0","49","0","11.1676502227783","0.25","0.107994042336941","39","364","20500.0016307839","1025","20.0000015910087","10.9686460416883","-0.199004181090006","10"
"default_shortboard_Copy_3","75","3","3","0","0","0","0","0.416142612695694","0","39.0108451843262","59.3474388122559","132.893585205078","132.893585205078","517.874877929688","0","0","0","2326.08374023438","23.6230354309082","0","23.6230354309082","159.284576416016","493.981842041016","0","0.00776997953653336","0.0549491569399834","0","0","227.781143188477","50.9988784790039","1.87024092674255","8.84042456164025E-05","0","9","132","24","399","260","260","-1","0","133","0","59","0","10.516432762146","0.300000011920929","0.107994042336941","44","345","20499.9994745265","1025","19.9999994873429","8.12904379945563","-2.38738896269037","10"
"default_shortboard_Copy_3","75","3","4","0","0","0","0","-0.0201898608356714","0","44.2341995239258","52.4650268554688","124.547409057617","124.547409057617","518.306884765625","0","0","0","6900.0791015625","8.91299915313721","0","8.91299915313721","172.360153198242","491.157104492188","0","0.00840781163424253","0.0615004003047943","0","0","217.713424682617","50.9988784790039","2.16633892059326","0.00548633839935064","0","9","151","33","398","269","269","-1","0","152","0","68","0","10.1429529190063","0.349999994039536","0.107994042336941","51","339","20500.0017479305","1025","20.000001705298","7.85759912485586","-2.28535379415049","10"
"default_shortboard_Copy_3","75","3","5","0","0","0","0","-0.508662462234497","0","60.4363288879395","38.6058654785156","151.67448425293","151.67448425293","519.615539550781","0","0","0","2849.69287109375","29.6688194274902","0","29.6688194274902","207.371704101563","488.895050048828","0","0.0101156923919916","0.0845470204949379","0","0","247.799407958984","50.9988784790039","3.10366702079773","0.0127349747344851","0","9","172","43","398","279","279","-1","0","173","0","78","0","8.90317344665527","0.400000005960464","0.107994042336941","61","334","20500.0009950613","1025","20.0000009707915","6.87165851934249","-2.03151492731278","10"
"default_shortboard_Copy_3","75","3","6","0","0","0","0","-1.19794249534607","0","62.5467910766602","36.6174125671387","181.758514404297","181.758514404297","519.896362304688","0","0","0","1696.74450683594","51.4271545410156","0","51.4271545410156","211.972244262695","485.960876464844","0","0.0103401094675064","0.0872587487101555","0","0","278.001037597656","50.9988784790039","3.22827100753784","0.0228209942579269","0","9","191","53","398","289","289","-1","0","192","0","88","0","8.25710010528564","0.449999988079071","0.107994042336941","69","332","20500.0000172932","1025","20.0000000168714","6.80550719546551","-1.45159290982013","10"
"default_shortboard_Copy_3","75","3","7","0","0","0","0","-1.85171163082123","0","57.9495277404785","40.0135116577148","281.249603271484","281.249603271484","519.661804199219","0","0","0","1055.03112792969","76.3728637695313","0","76.3728637695313","200.74690246582","463.897277832031","0","0.00979253184050322","0.0805757492780685","0","0","373.428649902344","50.9988784790039","2.96449041366577","0.0351132154464722","0","9","211","63","398","299","299","-1","0","212","0","98","0","8.47366809844971","0.5","0.107994042336941","74","335","20499.9999729901","1025","19.9999999736488","6.9805268720206","-1.49314122642911","10"
"default_shortboard_Copy_3","75","3","8","0","0","0","0","-2.72707748413086","0","82.2104949951172","29.7660369873047","241.931549072266","241.931549072266","521.362670898438","0","0","0","870.027954101563","130.675262451172","0","130.675262451172","232.625030517578","494.457733154297","0","0.0113475630059838","0.113691128790379","0","0","352.150451660156","50.9988784790039","4.38671922683716","0.0451948828995228","0","9","231","73","398","309","309","-1","0","232","0","108","0","6.67169570922852","0.550000011920929","0.107994042336941","84","332","20499.9990213678","1025","19.9999990452369","5.72825547200385","-0.943440237224666","10"
"default_shortboard_Copy_3","75","3","9","0","0","0","0","-3.37885284423828","0","81.7319869995117","31.1850891113281","291.720428466797","291.720428466797","521.768005371094","0","0","0","709.285278320313","159.146179199219","0","159.146179199219","235.200881958008","484.177795410156","0","0.0114732151851058","0.112880036234856","0","0","402.515441894531","50.9988784790039","4.33170080184937","0.0581935495138168","0","9","251","83","398","319","319","-1","0","252","0","118","0","6.15334892272949","0.600000023841858","0.107994042336941","83","337","20499.9974430305","1025","19.9999975053956","5.83366155514056","-0.319687367588929","10"
"default_shortboard_Copy_3","90","0","0","0","0","0","0","1.79325532913208","0","6.54174470901489","110.937126159668","0.0206781290471554","0.0206781290471554","521.929443359375","0","0","0","296.088531494141","53.7256278991699","0","53.7256278991699","75.7745513916016","512.798889160156","0","0.00369631918147206","0.0159075427800417","0","0","117.040557861328","50.9988784790039","0.279997944831848","0.161152973771095","0","8","35","2","400","218","218","-1","0","36","0","17","0","23.0308227539063","0.0500000007450581","0.0539970211684704","22","394","20500.0022106923","1025","20.000002156773","13.4362127130013","-9.59461004090498","10"
"default_shortboard_Copy_3","90","0","1","0","0","0","0","1.90149772167206","0","37.3680038452148","42.3363876342773","4.82058095932007","4.82058095932007","521.261901855469","0","0","0","3201.15209960938","17.6172904968262","0","17.6172904968262","168.497894287109","511.731628417969","0","0.0082194097340107","0.0563956275582314","0","0","83.9479064941406","50.9988784790039","1.89820575714111","0.102358654141426","0","9","39","4","399","220","220","-1","0","40","0","19","0","10.1610469818115","0.100000001490116","0.0539970211684704","32","370","20499.999360038","1025","19.9999993756468","8.38045280137027","-1.78059418044125","10"
"default_shortboard_Copy_3","90","0","2","0","0","0","0","1.55750966072083","0","58.8338203430176","33.9873580932617","20.3636226654053","20.3636226654053","522.162963867188","0","0","0","5049.1572265625","20.6181182861328","0","20.6181182861328","210.879852294922","509.46826171875","0","0.0102868219837546","0.104104116559029","0","0","112.419128417969","50.9988784790039","3.32550430297852","0.0931360349059105","0","9","59","14","399","230","230","-1","0","60","0","29","0","8.45702362060547","0.150000005960464","0.0539970211684704","46","358","20500.0001582561","1025","20.0000001543962","5.67081160332985","-2.78621201727562","10"
"default_shortboard_Copy_3","90","0","3","0","0","0","0","1.55750966072083","0","50.0372276306152","6276.4267578125","0","0","10714.5283203125","0","0","0","NaN","0","0","0","1071.45275878906","8258.2392578125","0","0.0522659905254841","0.155917808413506","0","0","15714.478515625","50.9988784790039","3.18276166915894","0.686758816242218","0","9","80","25","400","241","241","-1","0","81","0","40","0","45","0.200000002980232","0.0539970211684704","67","376","20499.999101072","1025","19.9999991229971","NaN","NaN","10"
"default_shortboard_Copy_3","90","0","4","0","0","0","0","1.55750966072083","0","55.2085571289063","6976.5048828125","0","0","11909.63671875","0","0","0","NaN","0","0","0","1190.96374511719","8895.361328125","0","0.0580957978963852","0.210621520876884","0","0","16419.587890625","50.9988784790039","3.73795032501221","0.723700106143951","0","9","100","35","400","251","251","-1","0","101","0","50","0","45","0.25","0.0539970211684704","88","375","20499.9980763031","1025","19.9999981232225","NaN","NaN","10"
"default_shortboard_Copy_3","90","1","0","0","0","0","0","0.608783483505249","0","3.3886616230011","146.006011962891","0.263449847698212","0.263449847698212","518.437194824219","0","0","0","57.7411575317383","134.266143798828","0","134.266143798828","69.0134887695313","512.635864257813","0","0.00336651178076863","0.00775268208235502","0","0","149.255447387695","50.9988784790039","0.166984096169472","0.12775069475174","0","9","39","0","399","220","220","-1","0","40","0","19","0","23.1804447174072","0.100000001490116","0.0809955298900604","10","383","20499.9991872223","1025","19.9999992070461","25.7368363258589","2.55639160845169","10"
"default_shortboard_Copy_3","90","1","1","0","0","0","0","1.59424030780792","0","32.0118293762207","48.5491180419922","20.1685562133789","20.1685562133789","519.392272949219","0","0","0","381.428741455078","121.287887573242","0","121.287887573242","154.435699462891","507.836059570313","0","0.00753344921395183","0.046262688934803","0","0","99.6153411865234","50.9988784790039","1.52284693717957","0.0731576830148697","0","9","59","10","399","230","230","-1","0","60","0","29","0","10.928074836731","0.150000005960464","0.0809955298900604","31","366","20499.9987491624","1025","19.9999987796706","9.37182048998366","-1.55625434674729","10"
"default_shortboard_Copy_3","90","1","2","0","0","0","0","0.989070415496826","0","65.692512512207","36.1372604370117","77.3684463500977","77.3684463500977","521.031921386719","0","0","0","931.625427246094","99.5297164916992","0","99.5297164916992","215.919769287109","502.377136230469","0","0.0105326706543565","0.0927244126796722","0","0","177.567672729492","50.9988784790039","3.43654775619507","0.0580728873610497","0","9","79","20","399","240","240","-1","0","80","0","39","0","8.40113735198975","0.200000002980232","0.0809955298900604","43","344","20500.0019817198","1025","20.0000019333851","6.52237001802868","-1.87876733396106","10"
"default_shortboard_Copy_3","90","1","3","0","0","0","0","0.361133724451065","0","92.504768371582","28.5310592651367","92.029541015625","92.029541015625","522.306701660156","0","0","0","1396.03894042969","94.8737869262695","0","94.8737869262695","259.710327148438","499.859893798828","0","0.0126687968149781","0.132447496056557","0","0","211.490173339844","50.9988784790039","5.22817277908325","0.0507934018969536","0","9","99","30","399","250","250","-1","0","100","0","49","0","6.93427419662476","0.25","0.0809955298900604","55","336","20499.9994033676","1025","19.9999994179197","5.48881646483833","-1.44545773178642","10"
"default_shortboard_Copy_3","90","1","4","0","0","0","0","-0.311919718980789","0","134.107162475586","22.8808689117432","197.970687866211","197.970687866211","523.924438476563","0","0","0","2602.61303710938","74.943229675293","0","74.943229675293","315.967102050781","487.019500732422","0","0.0154130291193724","0.195048227906227","0","0","352.713073730469","50.9988784790039","8.06484222412109","0.0373116582632065","0","9","119","40","399","260","260","-1","0","120","0","59","0","5.29354667663574","0.300000011920929","0.0809955298900604","68","325","20500.0003311255","1025","20.0000003230493","4.5323313192269","-0.761215357408838","10"
"default_shortboard_Copy_3","90","1","5","0","0","0","0","-0.933123290538788","0","132.390594482422","23.7270565032959","211.347152709961","211.347152709961","523.615234375","0","0","0","1826.57592773438","103.904647827148","0","103.904647827148","309.703796386719","486.051208496094","0","0.0151075031608343","0.189789727330208","0","0","365.178771972656","50.9988784790039","7.83320713043213","0.0281270071864128","0","9","139","50","399","270","270","-1","0","140","0","69","0","5.22408580780029","0.349999994039536","0.0809955298900604","74","327","20499.9987813748","1025","19.9999988110973","4.56564701937578","-0.658438788424516","10"
"default_shortboard_Copy_3","90","1","6","0","0","0","0","-1.59421718120575","0","149.573425292969","13.998893737793","181.68798828125","181.68798828125","523.153869628906","0","0","0","2033.36218261719","106.501762390137","0","106.501762390137","292.083801269531","525.234069824219","0","0.014247989282012","0.216556668281555","0","0","343.050048828125","50.9988784790039","9.07402038574219","0.0263162180781364","0","9","159","60","399","280","280","-1","0","160","0","79","0","4.55387401580811","0.400000005960464","0.0809955298900604","87","334","20500.00147307","1025","20.0000014371415","3.77240663961705","-0.781467376191058","10"
"default_shortboard_Copy_3","90","1","7","0","0","0","0","-2.23986768722534","0","151.394027709961","13.1347627639771","186.492401123047","186.492401123047","522.816345214844","0","0","0","2031.52014160156","107.803672790527","0","107.803672790527","283.463012695313","523.072204589844","0","0.013827464543283","0.219005331397057","0","0","348.741760253906","50.9988784790039","9.21011543273926","0.0173244327306747","0","9","179","70","399","290","290","-1","0","180","0","89","0","4.31613874435425","0.449999988079071","0.0809955298900604","94","336","20499.9992448371","1025","19.9999992632557","3.61992406732604","-0.696214677028207","10"
"default_shortboard_Copy_3","90","1","8","0","0","0","0","-2.88391065597534","0","181.730590820313","19.9917545318604","185.489837646484","185.489837646484","523.544860839844","0","0","0","2747.82592773438","94.4465179443359","0","94.4465179443359","310.911712646484","515.037658691406","0","0.0151664242148399","0.259522587060928","0","0","386.082794189453","50.9988784790039","11.2214403152466","0.00054390705190599","0","9","199","80","399","300","300","-1","0","200","0","99","0","3.27849173545837","0.5","0.0809955298900604","102","330","20500.0010709357","1025","20.0000010448154","3.35025739258195","0.0717656571235761","10"
"default_shortboard_Copy_3","90","1","9","0","0","0","0","0.270347237586975","0","228.208236694336","20.3803215026855","138.536834716797","138.536834716797","524.820739746094","0","0","0","1324.60961914063","252.609176635742","0","252.609176635742","353.234100341797","512.002075195313","0","0.0172309335321188","0.334608525037766","0","0","386.271362304688","50.9988784790039","14.8161926269531","0.00397090008482337","0","9","220","91","400","311","311","-1","0","221","0","110","0","2.61464619636536","0.550000011920929","0.0809955298900604","120","336","20499.9978488317","1025","19.9999979012992","2.95179738442448","0.337151188059126","10"
"default_shortboard_Copy_3","90","2","0","0","0","0","0","-5.77089834213257","0","3.14056277275085","314.076293945313","5.91580629348755","5.91580629348755","516.125427246094","0","0","0","18.2890129089355","205.613800048828","0","205.613800048828","65.6987991333008","509.73193359375","0","0.00320481951348484","0.00376047356985509","0","0","321.485412597656","50.9988784790039","0.0760144516825676","0.0812995508313179","0","9","73","1","400","237","237","-1","0","74","0","36","0","18.9819259643555","0.183333337306976","0.107994042336941","17","381","20499.999721314","1025","19.9999997281112","58.4559608083782","39.4740348440227","10"
"default_shortboard_Copy_3","90","2","1","0","0","0","0","-8.47326755523682","0","2.60957002639771","488.854705810547","4.91270017623901","4.91270017623901","516.747619628906","0","0","0","12.0852603912354","212.99250793457","0","212.99250793457","67.4705505371094","509.751708984375","0","0.00329124624840915","0.00257406989112496","0","0","494.455352783203","50.9988784790039","0.050938319414854","0.093384824693203","0","9","79","4","399","240","240","-1","0","80","1","39","0","24.6618976593018","0.200000002980232","0.107994042336941","18","381","20500.0007427952","1025","20.0000007246782","NaN","NaN","10"
"default_shortboard_Copy_3","90","2","2","0","0","0","0","0.0880787447094917","0","25.8620624542236","65.6383285522461","68.7947845458984","68.7947845458984","517.856506347656","0","0","0","201.449203491211","190.198303222656","0","190.198303222656","138.336227416992","496.181335449219","0","0.00674810819327831","0.0383152961730957","0","0","157.605331420898","50.9988784790039","1.19576013088226","0.0552736856043339","0","9","99","14","399","250","250","-1","0","100","0","49","0","10.6973114013672","0.25","0.107994042336941","40","363","20500.0014011018","1025","20.0000013669286","10.1438693268248","-0.553442074542387","10"
"default_shortboard_Copy_3","90","2","3","0","0","0","0","-0.423106282949448","0","31.809907913208","59.9022941589355","149.248199462891","149.248199462891","518.0830078125","0","0","0","229.135482788086","200.43798828125","0","200.43798828125","149.991775512695","482.203552246094","0","0.00731667224317789","0.045927457511425","0","0","236.323791503906","50.9988784790039","1.51490008831024","0.0494048930704594","0","9","119","24","399","260","260","-1","0","120","0","59","0","9.99727058410645","0.300000011920929","0.107994042336941","44","353","20499.9992520573","1025","19.9999992702998","9.16680970703898","-0.830460877067464","10"
"default_shortboard_Copy_3","90","2","4","0","0","0","0","-0.775336980819702","0","44.055103302002","49.7870254516602","131.865203857422","131.865203857422","518.751647949219","0","0","0","322.016510009766","195.089157104492","0","195.089157104492","173.294738769531","490.607513427734","0","0.00845340173691511","0.0628219321370125","0","0","222.224136352539","50.9988784790039","2.19838428497314","0.0394969284534454","0","9","139","34","399","270","270","-1","0","140","0","69","0","9.82766056060791","0.349999994039536","0.107994042336941","52","339","20500.0003741419","1025","20.0000003650165","7.73325390173531","-2.0944066588726","10"
"default_shortboard_Copy_3","90","2","5","0","0","0","0","-1.26380455493927","0","60.021110534668","39.05126953125","161.085296630859","161.085296630859","519.730651855469","0","0","0","453.203094482422","186.554412841797","0","186.554412841797","205.567077636719","488.842895507813","0","0.0100276628509164","0.0845470353960991","0","0","257.199890136719","50.9988784790039","3.0899498462677","0.0267422553151846","0","9","159","44","399","280","280","-1","0","160","0","79","0","8.49300479888916","0.400000005960464","0.107994042336941","62","335","20499.9989222746","1025","19.9999989485606","6.81157373420304","-1.68143106468612","10"
"default_shortboard_Copy_3","90","2","6","0","0","0","0","-1.86933147907257","0","68.8149185180664","33.7309722900391","310.19921875","310.19921875","520.17236328125","0","0","0","556.315246582031","175.23698425293","0","175.23698425293","220.950286865234","468.255187988281","0","0.0107780639082193","0.0974870026111603","0","0","408.269836425781","50.9988784790039","3.63992357254028","0.00921019166707993","0","9","179","54","399","290","290","-1","0","180","0","89","0","7.45373773574829","0.449999988079071","0.107994042336941","70","328","20499.9978425381","1025","19.9999978951591","6.34753928003249","-1.1061984557158","10"
"default_shortboard_Copy_3","90","2","7","0","0","0","0","-2.37036299705505","0","59.2638244628906","37.3781051635742","290.098571777344","290.098571777344","519.482482910156","0","0","0","438.89599609375","188.745697021484","0","188.745697021484","203.945266723633","470.852691650391","0","0.0099485507234931","0.0828397274017334","0","0","382.464202880859","50.9988784790039","3.07462596893311","0.00176253914833069","0","9","199","64","399","300","300","-1","0","200","0","99","0","8.09294319152832","0.5","0.107994042336941","72","332","20499.9976772521","1025","19.9999977339044","6.89752490138895","-1.19541829013937","10"
"default_shortboard_Copy_3","90","2","8","0","0","0","0","-2.84429669380188","0","60.3260803222656","24.0927085876465","273.373779296875","273.373779296875","519.055908203125","0","0","0","455.462768554688","186.547790527344","0","186.547790527344","176.910293579102","506.371856689453","0","0.00862977001816034","0.0849655717611313","0","0","354.713989257813","50.9988784790039","3.11611151695251","0.0145044922828674","0","9","219","74","399","310","310","-1","0","220","0","109","0","7.82183599472046","0.550000011920929","0.107994042336941","75","336","20500.0009509888","1025","20.0000009277939","5.82946101941925","-1.99237497530121","10"
"default_shortboard_Copy_3","90","2","9","0","0","0","0","-3.2300910949707","0","82.4753875732422","27.5026912689209","335.439971923828","335.439971923828","520.666015625","0","0","0","731.289428710938","158.644302368164","0","158.644302368164","223.781173706055","491.012176513672","0","0.0109161539003253","0.116014905273914","0","0","443.101837158203","50.9988784790039","4.44102096557617","0.0219548400491476","0","9","227","78","400","314","314","-1","0","228","0","113","0","6.30317497253418","0.566666662693024","0.107994042336941","83","333","20500.0017175817","1025","20.0000016756895","5.39910074192514","-0.904074230609041","10"
