"board","drift_deg","roll_case","n_elements","rho_v_kg_m2_s","rho_kgm3","n_rho_refused","scan_speed_ms","board_speed_setting_ms","roll_rad","roll_min_rad","roll_max_rad","turn_radius_m","yaw_rate_rad_s","drag_total_n","drag_friction_n","drag_planing_n","drag_rail_n","lift_total_n","contact_area_m2","volume_litres","total_mass_kg"
"2003_Taylor_Knox_channel_island_Copy_1","0","0","12","20500.0000778896","1025","0","20.0000000759899","10","0","0","0","100000","0.000200000000759899","2963.99185180664","2294.05033040047","487.366923332214","187.549778394503","6091.43203735352","4.01314608892426","119.060026362538","2.10402965545654"
"2003_Taylor_Knox_channel_island_Copy_1","0","1","9","20500.0006517849","1025","0","20.0000006358877","10","0.140111655410793","0.053567249327898","0.36172679066658","100000","0.000200000006358877","1731.75588226318","1381.04835939407","313.903007507324","40.5445218752138","4572.35125732422","2.30943769216537","68.4036364406347","2.10402965545654"
"2003_Taylor_Knox_channel_island_Copy_1","0","2","9","20500.0001062931","1025","0","20.0000001037006","10","0.31997234457069","0.199218541383743","0.496266037225723","100000","0.000200000001037006","1462.40021514893","1031.20611190796","342.337509155273","92.9520938096102","4568.7756652832","1.70096022635698","48.8307433724403","2.10402965545654"
"2003_Taylor_Knox_channel_island_Copy_1","0","3","8","20500.0003642531","1025","0","20.0000003553689","10","0.692451111972332","0.514085948467255","1.09018635749817","100000","0.000200000003553689","1378.40426635742","542.579632043839","813.822231292725","26.6699665733613","3900.27447509766","0.86881988029927","23.6917581781745","2.10402965545654"
"2003_Taylor_Knox_channel_island_Copy_1","0","4","6","20500.0000820811","1025","0","20.0000000800791","10","1.15471581617991","1.01212513446808","1.30905699729919","100000","0.000200000000800791","10865.871673584","211.812221288681","1184.76496124268","7.82209109701216","2760.24766540527","0.330999167636037","8.00354319810867","2.10402965545654"
"2003_Taylor_Knox_channel_island_Copy_1","10","0","9","20499.9994245298","1025","0","19.9999994385656","10","-0.0183532292333742","-0.0390263870358467","-0.00601657759398222","100000","0.000199999994385656","1568.97348022461","1125.49704456329","437.348932266235","9.91410116117913","4573.8313293457","1.84616072522476","53.5981200039387","2.10402965545654"
"2003_Taylor_Knox_channel_island_Copy_1","10","1","9","20500.0009248802","1025","0","20.0000009023221","10","0.118887499388721","0.0463330186903477","0.347945153713226","100000","0.000200000009023221","10607.2720489502","1049.02127492428","589.06408405304","10.6417578359251","4507.07482910156","1.67395456461236","48.5864135064185","2.10402965545654"
"2003_Taylor_Knox_channel_island_Copy_1","10","2","8","20499.9999427055","1025","0","19.9999999441029","10","0.195719971321523","0.112048551440239","0.335992932319641","100000","0.000199999999441029","1110.90670776367","795.211015701294","307.38889503479","11.8514010887593","4065.23196411133","1.23029216192663","34.6390911638737","2.10402965545654"
"2003_Taylor_Knox_channel_island_Copy_1","10","3","11","20499.9994814847","1025","0","19.9999994941314","10","0.432914178479802","0.264063805341721","0.887744963169098","100000","0.000199999994941314","1616.87546539307","720.933924913406","877.495742797852","24.2541552037001","5578.27996826172","1.08115947246552","28.8012868836522","2.10402965545654"
"2003_Taylor_Knox_channel_island_Copy_1","10","4","9","20499.9998130411","1025","0","19.999999817601","10","0.706537952025731","0.483857274055481","1.0317417383194","100000","0.00019999999817601","10515.2470016479","304.191986441612","1059.08306503296","15.4318657964468","4032.07612609863","0.446962670888752","11.1482397392392","2.10402965545654"
"2003_Taylor_Knox_channel_island_Copy_1","15","0","8","20500.0010114324","1025","0","20.0000009867634","10","-0.0242490300188365","-0.0600756444036961","-0.000268623727606609","100000","0.000200000009867634","1319.88871765137","870.286436080933","445.075173377991","7.94440697983373","4065.65844726563","1.40124876005575","39.6622179970145","2.10402965545654"
"2003_Taylor_Knox_channel_island_Copy_1","15","1","8","20500.0004142627","1025","0","20.0000004041587","10","0.110980280209333","0.0386321805417538","0.311678856611252","100000","0.000200000004041587","1378.08921051025","808.686851382256","561.373022079468","11.4077887654421","3926.89520263672","1.26658243592829","36.1501052007079","2.10402965545654"
"2003_Taylor_Knox_channel_island_Copy_1","15","2","9","20499.9999806974","1025","0","19.9999999811682","10","0.162509050634172","0.089577741920948","0.316166996955872","100000","0.000199999999811682","1281.22058868408","929.690972328186","339.863618850708","15.677435118705","4573.13104248047","1.41354249697179","39.6778826713562","2.10402965545654"
"2003_Taylor_Knox_channel_island_Copy_1","15","3","12","20499.9996494245","1025","0","19.9999996579751","10","0.282172232866287","0.112612083554268","0.734991729259491","100000","0.000199999996579751","1987.65702056885","1212.90363383293","730.296226501465","50.2752959728241","6094.53073120117","1.86061700666323","53.6160584762692","2.10402965545654"
"2003_Taylor_Knox_channel_island_Copy_1","15","4","10","20499.9997856716","1025","0","19.9999997908991","10","0.534831786155701","0.304497212171555","0.930805444717407","100000","0.000199999997908991","10412.3938674927","382.984309673309","1009.29273223877","19.5524807497859","4578.42999267578","0.555668188724667","14.1483395956457","2.10402965545654"
"2003_Taylor_Knox_channel_island_Copy_1","2","0","12","20500.000004065","1025","0","20.0000000039659","10","-0.0209164391077744","-0.0773685872554779","-0.00329052493907511","100000","0.000200000000039659","2800.01151275635","2250.85619664192","489.445578575134","64.5740267355577","6096.69692993164","3.89906412968412","117.42756588757","2.10402965545654"
"2003_Taylor_Knox_channel_island_Copy_1","2","1","11","20500.0000424235","1025","0","20.0000000413887","10","0.16531939432025","0.0493196360766888","0.464219182729721","100000","0.000200000000413887","2431.7098236084","1684.11502414942","566.952447891235","185.377309434916","5360.10049438477","2.82565933663864","84.8618530035019","2.10402965545654"
"2003_Taylor_Knox_channel_island_Copy_1","2","2","9","20499.9987858703","1025","0","19.9999988154832","10","0.294994162188636","0.170356750488281","0.459534049034119","100000","0.000199999988154832","1469.7266998291","1057.40307331085","335.629398345947","80.7548893555067","4569.52435302734","1.7305493094027","49.9430631697178","2.10402965545654"
"2003_Taylor_Knox_channel_island_Copy_1","2","3","8","20500.0003547369","1025","0","20.0000003460847","10","0.602916780859232","0.445372432470322","1.04702961444855","100000","0.000200000003460847","1406.08055114746","576.657840490341","775.505247116089","58.453595638508","3921.984375","0.922668966464698","25.2905039414763","2.10402965545654"
"2003_Taylor_Knox_channel_island_Copy_1","2","4","6","20500.0001045305","1025","0","20.000000101981","10","1.04159037272135","0.841970920562744","1.23682045936584","100000","0.00020000000101981","10710.322303772","224.360849618912","978.63883972168","17.3369807694107","2803.203125","0.34948627371341","8.54439923167229","2.10402965545654"
"2003_Taylor_Knox_channel_island_Copy_1","20","0","9","20499.9999246062","1025","0","19.9999999264451","10","-0.0351421632803977","-0.099655419588089","-0.00411832379177213","100000","0.000199999999264451","1645.5838470459","1174.60231423378","460.004963874817","14.8289988557808","4573.53384399414","1.90244475705549","54.9257057309151","2.10402965545654"
"2003_Taylor_Knox_channel_island_Copy_1","20","1","8","20500.0001603021","1025","0","20.0000001563923","10","0.0634988455567509","0.0293710958212614","0.169012233614922","100000","0.000200000001563923","1377.03234863281","1015.97084999084","341.639097213745","22.9022512708325","4064.47793579102","1.57945289649069","45.3474804759026","2.10402965545654"
"2003_Taylor_Knox_channel_island_Copy_1","20","2","9","20500.0002072315","1025","0","20.000000202177","10","0.14603827893734","0.082956962287426","0.24829725921154","100000","0.00020000000202177","1174.61386871338","812.42160320282","340.131502151489","26.2061349786818","4571.71551513672","1.20446497015655","32.8316633701324","2.10402965545654"
"2003_Taylor_Knox_channel_island_Copy_1","20","3","11","20499.9998004462","1025","0","19.9999998053133","10","0.206547946415164","0.0813574641942978","0.510894298553467","100000","0.000199999998053133","1678.51644134521","1122.11375451088","520.722965240479","40.9063993543386","5586.34506225586","1.6848490620032","48.165003336966","2.10402965545654"
"2003_Taylor_Knox_channel_island_Copy_1","20","4","10","20499.999527726","1025","0","19.9999995392449","10","0.427545344829559","0.219872638583183","0.830785691738129","100000","0.000199999995392449","10369.2732696533","385.202286958694","1041.21495819092","30.7934318184853","4660.55682373047","0.548490506131202","13.9367025084794","2.10402965545654"
"2003_Taylor_Knox_channel_island_Copy_1","30","0","7","20499.9992795535","1025","0","19.9999992971254","10","-0.0781100210068481","-0.210360169410706","-0.011410241946578","100000","0.000199999992971254","1157.10391235352","696.412480115891","448.146869659424","15.6751156244427","3556.95617675781","1.08844267530367","30.266185387969","2.10402965545654"
"2003_Taylor_Knox_channel_island_Copy_1","30","1","7","20500.0007283854","1025","0","20.0000007106199","10","0.0357042932882905","0.0129806874319911","0.0660623088479042","100000","0.000200000007106199","1159.94535827637","822.398224830627","306.936826705933","33.7575056515634","3555.12802124023","1.24200414540246","35.2767788171768","2.10402965545654"
"2003_Taylor_Knox_channel_island_Copy_1","30","2","11","20499.9996853125","1025","0","19.9999996929878","10","0.080589765005491","0.0258279927074909","0.202985808253288","100000","0.000199999996929878","2063.32151794434","1598.80375671387","384.320901870728","85.4848737195134","5582.19821166992","2.43002115935087","71.0927502214909","2.10402965545654"
"2003_Taylor_Knox_channel_island_Copy_1","30","3","11","20499.9999946578","1025","0","19.9999999947881","10","0.141651464118199","0.051471896469593","0.43141970038414","100000","0.000199999999947881","1816.20592498779","1180.09658527374","551.533046722412","90.240455634892","5579.77697753906","1.73316013114527","49.4137834012508","2.10402965545654"
"2003_Taylor_Knox_channel_island_Copy_1","30","4","10","20500.000026081","1025","0","20.0000000254449","10","0.301967918872833","0.142354980111122","0.651216804981232","100000","0.000200000000254449","10191.7445602417","348.346425056458","1093.31374359131","87.5370672047138","4957.70651245117","0.490978765301406","12.2653440311551","2.10402965545654"
"2003_Taylor_Knox_channel_island_Copy_1","45","0","5","20499.9989020876","1025","0","19.999998928866","10","-0.122185275703669","-0.284325212240219","-0.0487191006541252","100000","0.00019999998928866","577.843139648438","335.807353973389","235.447748184204","8.85425391793251","2540.65914916992","0.503327438607812","11.983864441514","2.10402965545654"
"2003_Taylor_Knox_channel_island_Copy_1","45","1","8","20500.000279339","1025","0","20.0000002725258","10","0.011087663093349","0.000514350249432027","0.0506196320056915","100000","0.000200000002725258","1422.00811767578","1056.91997337341","287.384382247925","81.4472824241966","4060.36822509766","1.57446018606424","44.5472389608622","2.10402965545654"
"2003_Taylor_Knox_channel_island_Copy_1","45","2","10","20499.9998885654","1025","0","19.9999998912834","10","0.0506658662110567","0.0204450991004705","0.181928679347038","100000","0.000199999998912834","1971.59002685547","1364.89249575138","431.71174621582","180.683583154809","4858.58065795898","1.99789918737952","57.3775244848803","2.10402965545654"
"2003_Taylor_Knox_channel_island_Copy_1","45","3","11","20500.0005367104","1025","0","20.0000005236199","10","0.0846303911371665","0.03369215503335","0.203157484531403","100000","0.000200000005236199","1731.59973144531","1059.59829139709","492.468196868896","186.285387665033","5565.71615600586","1.53579964023083","43.238409101963","2.10402965545654"
"2003_Taylor_Knox_channel_island_Copy_1","45","4","10","20500.0001491203","1025","0","20.0000001454833","10","0.158715756237507","0.0877295956015587","0.417695879936218","100000","0.000200000001454833","1725.35089874268","480.88765501976","1042.82945632935","210.590054154396","5036.37457275391","0.675053604412824","17.4409450218081","2.10402965545654"
"2003_Taylor_Knox_channel_island_Copy_1","5","0","8","20500.0006867285","1025","0","20.0000006699791","10","-0.0122176999138901","-0.0335168018937111","-0.0012917568674311","100000","0.000200000006699791","1402.24208831787","1134.11551189423","266.691051483154","4.71673565567471","4065.87771606445","1.88563917856663","55.1537472456694","2.10402965545654"
"2003_Taylor_Knox_channel_island_Copy_1","5","1","11","20499.9985801144","1025","0","19.9999986147457","10","0.141648674214428","0.0517256297171116","0.41531902551651","100000","0.000199999986147457","11204.7297668457","1618.09494018555","623.486450195313","53.5040338644467","5492.78414916992","2.67421260522678","80.0860650017858","2.10402965545654"
"2003_Taylor_Knox_channel_island_Copy_1","5","2","10","20499.9994589237","1025","0","19.9999994721207","10","0.280656933784485","0.15751650929451","0.459564417600632","100000","0.000199999994721207","1651.18396759033","1144.05847263336","354.068359375","157.9754988309","5070.14041137695","1.83974527195096","53.0260484516621","2.10402965545654"
"2003_Taylor_Knox_channel_island_Copy_1","5","3","9","20500.0007207626","1025","0","20.0000007031831","10","0.456589208708869","0.332286506891251","0.983980417251587","100000","0.000200000007031831","1689.15870666504","815.711946487427","718.947978973389","159.491510691121","4459.02990722656","1.298883180134","36.7845904678106","2.10402965545654"
"2003_Taylor_Knox_channel_island_Copy_1","5","4","9","20499.9993849433","1025","0","19.9999993999447","10","1.01348657078213","0.658277630805969","1.35427725315094","100000","0.000199999993999447","2635.51194000244","269.577826499939","2355.29864883423","21.428154297173","4221.12561035156","0.407430417370051","9.71323730796576","2.10402965545654"
"2003_Taylor_Knox_channel_island_Copy_1","60","0","2","20499.9989483914","1025","0","19.9999989740403","10","-0.396847262978554","-0.467989712953568","-0.32570481300354","100000","0.000199999989740403","178.192306518555","34.7058067321777","143.987674713135","0.512959375977516","1016.42517089844","0.0533490069210529","0.879757434129715","2.10402965545654"
"2003_Taylor_Knox_channel_island_Copy_1","60","1","7","20500.0003821322","1025","0","20.0000003728119","10","0.0522450251238687","0.028778862208128","0.131159886717796","100000","0.000200000003728119","1186.9841003418","814.676640033722","305.042675018311","70.5193716678768","3553.81991577148","1.20524669717997","33.2249509394169","2.10402965545654"
"2003_Taylor_Knox_channel_island_Copy_1","60","2","10","20499.9992783686","1025","0","19.9999992959694","10","0.00577764607151039","0.000345401058439165","0.0129829244688153","100000","0.000199999992959694","2204.60192871094","1549.17542254925","417.534208297729","243.299538600142","4865.96075439453","2.25326229410712","65.3625359926373","2.10402965545654"
"2003_Taylor_Knox_channel_island_Copy_1","60","3","11","20499.9990301924","1025","0","19.9999990538463","10","0.0300979109650308","0.0163316801190376","0.0488521419465542","100000","0.000199999990538463","1832.59477233887","1108.19821929932","407.945653915405","324.027366518974","5552.47903442383","1.57064006105065","43.5378359556198","2.10402965545654"
"2003_Taylor_Knox_channel_island_Copy_1","60","4","10","20500.0004004765","1025","0","20.0000003907088","10","0.0779862739145756","0.0364528708159924","0.177780956029892","100000","0.000200000003907088","1612.71076965332","397.396016120911","916.089073181152","309.552938103676","5031.20617675781","0.562414391431957","13.9218942373991","2.10402965545654"
"2003_Taylor_Knox_channel_island_Copy_1","75","0","5","20499.9991813359","1025","0","19.9999992013033","10","0.0937981069087982","0.0574904978275299","0.18649734556675","100000","0.000199999992013033","789.963348388672","568.035776138306","157.19207572937","67.2252821326256","2535.49725341797","0.844684233888984","22.2270428836346","2.10402965545654"
"2003_Taylor_Knox_channel_island_Copy_1","75","1","10","20500.0000639401","1025","0","20.0000000623806","10","0.0403118434362113","0.00712874624878168","0.192541599273682","100000","0.000200000000623806","2505.57913208008","1542.14711105824","403.726165771484","565.723318614997","4825.47729492188","2.24487749265973","64.4870091117918","2.10402965545654"
"2003_Taylor_Knox_channel_island_Copy_1","75","2","11","20500.0002889912","1025","0","20.0000002819427","10","0.0152972742534158","0.00144234555773437","0.0312418658286333","100000","0.000200000002819427","1949.13302612305","1131.40873384476","424.470607757568","401.03829228878","5550.41604614258","1.60689989104867","44.3731802850962","2.10402965545654"
"2003_Taylor_Knox_channel_island_Copy_1","75","3","11","20499.9991926134","1025","0","19.9999992123057","10","0.0189814874267375","0.00174635392613709","0.0429637022316456","100000","0.000199999992123057","1971.46507263184","469.313945055008","966.020315170288","549.631337881088","5511.61755371094","0.668972736690193","16.6531580910087","2.10402965545654"
"2003_Taylor_Knox_channel_island_Copy_1","90","0","4","20499.9995247026","1025","0","19.9999995362952","10","0.333903424441814","0.203841954469681","0.521643102169037","100000","0.000199999995362952","435.02318572998","90.9421401023865","343.877349853516","2.23679708875716","2032.70922851563","0.132084389682859","2.49995502829552","2.10402965545654"
"2003_Taylor_Knox_channel_island_Copy_1","90","1","10","20499.9996835599","1025","0","19.999999691278","10","0.131395584717393","0.0181649327278137","0.397024929523468","100000","0.00019999999691278","54462.2669754028","1535.1731082201","33689.7631721497","351.830737027922","58350.9464111328","2.27116553264204","64.5769099900499","2.10402965545654"
"2003_Taylor_Knox_channel_island_Copy_1","90","2","11","20499.9997656501","1025","0","19.9999997713659","10","0.0471167595718395","0.00408907001838088","0.116589114069939","100000","0.000199999997713659","1974.27856445313","1171.6748008728","397.141288757324","412.75599116087","5566.00268554688","1.67741678003222","46.361723959446","2.10402965545654"
"2003_Taylor_Knox_channel_island_Copy_1","90","3","10","20499.9999824102","1025","0","19.9999999828392","10","0.0477851839037612","0.00235734856687486","0.131049185991287","100000","0.000199999999828392","1891.10914611816","432.477228879929","870.057373046875","602.455282211304","4997.30978393555","0.625929871574044","15.6036520376801","2.10402965545654"
"Bettsy_TowIn","0","0","12","20460.0003373207","1023","0","20.0000003297368","2","-0.0191086735988695","-0.0796809494495392","-0.000374980241758749","100000","0.000200000003297368","2276.68357849121","1807.46383929253","473.070190191269","0","5937.14120483398","3.27948222402483","126.556786358356","1.81511306762695"
"Bettsy_TowIn","0","1","10","20459.9998026005","1023","0","19.9999998070386","2","0.242297059297562","0.137586668133736","0.724200546741486","100000","0.000199999998070386","1747.05557250977","1226.2861905098","524.418188095093","0","4955.92584228516","2.14110108045861","82.6630861461163","1.81511306762695"
"Bettsy_TowIn","0","2","9","20459.9997588442","1023","0","19.9999997642661","2","0.522567898035049","0.265738934278488","1.03579127788544","100000","0.000199999997642661","1359.09552764893","667.613211035728","695.360709190369","0","4097.32692718506","1.12296699685976","41.5600373968482","1.81511306762695"
"Bettsy_TowIn","0","3","8","20459.9987463114","1023","0","19.9999987744979","2","0.916462570428848","0.670865058898926","1.23684298992157","100000","0.000199999987744979","1563.51162719727","321.994879722595","1246.79495620728","0","3407.59930419922","0.52052858332172","17.9743174538016","1.81511306762695"
"Bettsy_TowIn","0","4","7","20460.0008058622","1023","0","20.0000007877441","2","1.36839498792376","1.29413247108459","1.42061829566956","100000","0.000200000007877441","2989.15357971191","144.243422865868","2854.98960876465","0","2292.54769134521","0.234689723467454","7.4280699826777","1.81511306762695"
"Bettsy_TowIn","10","0","9","20459.9992221668","1023","0","19.9999992396547","2","-0.0376623917836696","-0.192622125148773","-0.00379805616103113","100000","0.000199999992396547","1290.80039215088","782.978992462158","450.125098228455","61.076244354248","4322.50622558594","1.30211146152578","47.3554510548711","1.81511306762695"
"Bettsy_TowIn","10","1","10","20459.9999292007","1023","0","19.9999999307925","2","0.212441135942936","0.114999063313007","0.534197390079498","100000","0.000199999999307925","1681.860206604","847.310316205025","554.375778198242","284.395750045776","4643.66288757324","1.36994515242986","50.596750639379","1.81511306762695"
"Bettsy_TowIn","10","2","11","20460.0001112224","1023","0","20.0000001087218","2","0.358392905105244","0.173157975077629","0.813868463039398","100000","0.000200000001087218","1903.54528808594","726.230953931808","663.241933822632","520.186248779297","5234.68890380859","1.12367072026245","41.0450610890985","1.81511306762695"
"Bettsy_TowIn","10","3","13","20460.0000602691","1023","0","20.000000058914","2","0.536565358822162","0.336331605911255","1.00223612785339","100000","0.00020000000058914","2398.99747467041","607.152373790741","1113.3202457428","688.49348449707","6341.58026123047","0.914355839602649","31.7082769572735","1.81511306762695"
"Bettsy_TowIn","10","4","10","20460.0002635366","1023","0","20.0000002576115","2","0.888544601202011","0.447111010551453","1.15707385540009","100000","0.000200000002576115","2999.25590515137","246.222407341003","2588.98184394836","173.335632324219","4706.42300415039","0.36426843656227","11.9339343607426","1.81511306762695"
"Bettsy_TowIn","15","0","7","20459.9998288734","1023","0","19.9999998327208","2","-0.0324780365252601","-0.122966170310974","-0.00138991116546094","100000","0.000199999998327208","869.43913269043","394.491941571236","477.78098487854","0","3385.09292602539","0.630970353959128","20.9721151776612","1.81511306762695"
"Bettsy_TowIn","15","1","9","20460.0002467629","1023","0","20.0000002412149","2","0.181279848847124","0.081397257745266","0.405687928199768","100000","0.000200000002412149","1775.97079467773","643.852180838585","573.479523658752","563.195129394531","4165.44522094727","1.0085749803111","36.3113064970821","1.81511306762695"
"Bettsy_TowIn","15","2","11","20460.0003515232","1023","0","20.00000034362","2","0.24592216651548","0.123309336602688","0.725470721721649","100000","0.0002000000034362","2988.35405731201","956.285875797272","611.498023986816","1428.65126800537","5173.33795166016","1.47584518860094","55.1153861694038","1.81511306762695"
"Bettsy_TowIn","15","3","10","20460.0009545324","1023","0","20.0000009330717","2","0.283128975331783","0.1468625664711","0.637916326522827","100000","0.000200000009330717","3094.13787841797","885.674190998077","443.302802085876","1773.64140319824","4724.46636962891","1.36280168686062","50.9181355684996","1.81511306762695"
"Bettsy_TowIn","15","4","10","20459.9996190305","1023","0","19.9999996275958","2","0.706675511598587","0.295735388994217","1.04409086704254","100000","0.000199999996275958","2931.31002807617","248.601907253265","2303.74326515198","387.819725036621","4853.41427612305","0.359842999372631","11.8513783365488","1.81511306762695"
"Bettsy_TowIn","2","0","10","20460.0002199484","1023","0","20.0000002150034","2","-0.0331592339323834","-0.124769002199173","-0.00103185535408556","100000","0.000200000002150034","1604.04953765869","1146.92167615891","460.518714427948","0","4821.3525390625","2.01019385899417","78.4626431614161","1.81511306762695"
"Bettsy_TowIn","2","1","11","20460.0003112381","1023","0","20.0000003042405","2","0.270987284454432","0.134395629167557","0.682338535785675","100000","0.000200000003042405","1801.31987762451","1195.36575722694","609.791853904724","0","5122.9708404541","2.05884603247978","79.2753371484578","1.81511306762695"
"Bettsy_TowIn","2","2","11","20460.0002682215","1023","0","20.0000002621911","2","0.421343755992976","0.213854387402534","0.983445286750793","100000","0.000200000002621911","1570.04772186279","1040.71223735809","533.416158676147","0","5138.69300842285","1.7675821648445","67.5660890229046","1.81511306762695"
"Bettsy_TowIn","2","3","10","20460.0012489436","1023","0","20.0000012208637","2","0.792988789081573","0.568804562091827","1.19649231433868","100000","0.000200000012208637","1560.35087585449","475.234369277954","1090.55737304688","0","4391.03843688965","0.761161068920046","26.8984430171549","1.81511306762695"
"Bettsy_TowIn","2","4","8","20460.0005676117","1023","0","20.0000005548502","2","1.31641061604023","1.09393727779388","1.45618343353271","100000","0.000200000005548502","6016.09309387207","160.197855949402","5872.68022155762","0","3297.6396484375","0.248064588755369","7.63649588823318","1.81511306762695"
"Bettsy_TowIn","20","0","4","20459.9991428686","1023","0","19.9999991621394","2","-0.066129975952208","-0.167768493294716","-0.00776325538754463","100000","0.000199999991621394","389.661308288574","153.494888782501","237.873737335205","0","2000.19546508789","0.23747421707958","7.36603654921055","1.81511306762695"
"Bettsy_TowIn","20","1","8","20460.001273566","1023","0","20.0000012449325","2","0.121274325996637","0.0752270072698593","0.274778008460999","100000","0.000200000012449325","1903.46109771729","660.111544847488","373.195261001587","874.785223007202","3875.806640625","1.02616454474628","37.0424847751856","1.81511306762695"
"Bettsy_TowIn","20","2","11","20460.0007954193","1023","0","20.0000007775359","2","0.210681424222209","0.109655402600765","0.627454936504364","100000","0.000200000007775359","3906.42192077637","969.485831260681","627.851641654968","2318.44750976563","5106.85369873047","1.4677348358091","54.7408654242754","1.81511306762695"
"Bettsy_TowIn","20","3","10","20460.0005503856","1023","0","20.0000005380113","2","0.235372433811426","0.114572830498219","0.504141747951508","100000","0.000200000005380113","3833.34896087646","876.829053401947","420.497522354126","2546.61225891113","4617.49740600586","1.3172219004482","49.2788791656494","1.81511306762695"
"Bettsy_TowIn","20","4","10","20459.9992365995","1023","0","19.999999253763","2","0.517045287787914","0.211278572678566","0.937147319316864","100000","0.00019999999253763","3684.86991119385","321.247992992401","1756.13568305969","1621.56397247314","4704.58834838867","0.458579043392092","15.3865104094148","1.81511306762695"
"Bettsy_TowIn","30","0","3","20459.9992991517","1023","0","19.9999993149088","2","-0.127878611286481","-0.184426471590996","-0.0994392931461334","100000","0.000199999993149088","249.174156188965","52.243257522583","198.276203155518","0","1507.36486816406","0.0772410305216908","2.23958864808083","1.81511306762695"
"Bettsy_TowIn","30","1","10","20459.9995572583","1023","0","19.9999995672124","2","0.0656882382929325","0.0458406321704388","0.0947228074073792","100000","0.000199999995672124","3662.38426971436","1176.13453245163","383.397922515869","2110.26953125","4770.90875244141","1.81284213345498","68.7732122465968","1.81511306762695"
"Bettsy_TowIn","30","2","11","20460.0004275006","1023","0","20.0000004178891","2","0.138911547985944","0.0832450166344643","0.410687386989594","100000","0.000200000004178891","4909.82511138916","1005.23530101776","538.690279960632","3376.83456420898","5077.42492675781","1.47805156256072","55.2164402902126","1.81511306762695"
"Bettsy_TowIn","30","3","10","20460.0009536467","1023","0","20.000000932206","2","0.151086385548115","0.11124849319458","0.297840029001236","100000","0.00020000000932206","4683.28200531006","795.428915023804","367.827898025513","3531.7878112793","4502.96926879883","1.13719201553613","41.372610270977","1.81511306762695"
"Bettsy_TowIn","30","4","10","20460.0000518397","1023","0","20.0000000506742","2","0.318755158782005","0.129504337906837","0.592655301094055","100000","0.000200000000506742","4525.08435058594","416.494479179382","1272.72003555298","2848.31497192383","4614.70880126953","0.59053377667442","20.5164806768298","1.81511306762695"
"Bettsy_TowIn","45","0","2","20460.0003318634","1023","0","20.0000003244022","2","-0.290380001068115","-0.304121136665344","-0.276638865470886","100000","0.000200000003244022","185.765640258789","25.6237812042236","161.093284606934","0","1007.00076293945","0.0379012068733573","1.07518017292023","1.81511306762695"
"Bettsy_TowIn","45","1","6","20460.0003183171","1023","0","20.0000003111604","2","0.0143271817360073","0.00468711787834764","0.0189326703548431","100000","0.000200000003111604","1073.58902740479","267.962432384491","331.872509002686","477.679359436035","2931.53109741211","0.380736995488405","12.2167086750269","1.81511306762695"
"Bettsy_TowIn","45","2","12","20460.0001676293","1023","0","20.0000001638605","2","0.0595186200613777","0.030480369925499","0.152264401316643","100000","0.000200000001638605","6422.31111907959","1300.62006807327","449.305067062378","4685.19610595703","5472.88375854492","1.87420962797478","71.0121882781386","1.81511306762695"
"Bettsy_TowIn","45","3","10","20459.9986705214","1023","0","19.9999987004119","2","0.0770781666040421","0.0510044023394585","0.145750045776367","100000","0.000199999987004119","5859.60050964355","978.55727148056","356.283205986023","4537.7013092041","4458.06607055664","1.38295167218894","51.6660132408142","1.81511306762695"
"Bettsy_TowIn","45","4","12","20459.9999635855","1023","0","19.9999999644042","2","0.191671412438154","0.0707140490412712","0.311635166406631","100000","0.000199999999644042","8518.05534362793","699.127733230591","1878.85602664948","5965.486328125","5108.56851196289","0.990683459211141","36.2619832903147","1.81511306762695"
"Bettsy_TowIn","5","0","10","20460.000697758","1023","0","20.0000006820704","2","-0.0362706631422043","-0.173900857567787","-0.000596878118813038","100000","0.000200000006820704","1469.16937255859","1047.91453528404","424.610253334045","0","4747.19976806641","1.79902244359255","69.0735160559416","1.81511306762695"
"Bettsy_TowIn","5","1","9","20459.999882412","1023","0","19.9999998850557","2","0.212601123584641","0.131825357675552","0.578410387039185","100000","0.000199999998850557","1295.80655670166","846.325616598129","452.935820579529","0","4465.52011108398","1.39514248957857","51.8405739888549","1.81511306762695"
"Bettsy_TowIn","5","2","12","20459.9992327194","1023","0","19.9999992499701","2","0.404724714656671","0.144627377390862","0.926756501197815","100000","0.000199999992499701","1655.70275878906","1051.39199638367","608.937253952026","0","5683.20516967773","1.74078932940029","66.3136751614511","1.81511306762695"
"Bettsy_TowIn","5","3","10","20459.9997234976","1023","0","19.9999997297142","2","0.686284318566322","0.43376761674881","1.12495565414429","100000","0.000199999997297142","1537.08248138428","460.371343374252","1081.95836257935","0","4490.5871887207","0.716544370865449","24.994017187506","1.81511306762695"
"Bettsy_TowIn","5","4","9","20460.0001620393","1023","0","20.0000001583962","2","1.20647532410092","0.818656384944916","1.38498079776764","100000","0.000200000001583962","4119.12893676758","201.438231468201","3930.98489379883","0","4018.46272277832","0.307936885394156","9.7230366691947","1.81511306762695"
"Bettsy_TowIn","60","0","4","20459.9999978292","1023","0","19.999999997878","2","0.0982402823865414","0.0718841701745987","0.113861061632633","100000","0.00019999999997878","403.744567871094","106.740053892136","298.74160194397","0","2005.81127929688","0.154267362784594","4.54780867695808","1.81511306762695"
"Bettsy_TowIn","60","1","12","20459.9993045315","1023","0","19.9999993201677","2","0.0214791083126329","0.00266843684948981","0.0387010052800179","100000","0.000199999993201677","7027.21349334717","1643.13092374802","358.600088119507","5036.63653564453","5532.85513305664","2.36368785705417","91.1287336945534","1.81511306762695"
"Bettsy_TowIn","60","2","12","20460.0000164057","1023","0","20.0000000160369","2","0.0413879019906744","0.00242697540670633","0.0715652257204056","100000","0.000200000000160369","7943.48118591309","1151.15837693214","526.031726837158","6283.07995605469","5341.5305480957","1.61179755814373","59.7465623617172","1.81511306762695"
"Bettsy_TowIn","60","3","11","20459.9992806642","1023","0","19.999999296837","2","0.100693777034228","0.0251872092485428","0.145453900098801","100000","0.00019999999296837","8274.25537109375","319.859815597534","1385.35732460022","6597.4282989502","4758.03005981445","0.439395943190902","14.0551223382354","1.81511306762695"
"Bettsy_TowIn","75","0","3","20460.0011385645","1023","0","20.0000011129662","2","0.127566516399384","0.102816633880138","0.173951342701912","100000","0.000200000011129662","247.382843017578","102.292540550232","146.385036468506","0","1499.49472045898","0.144296370446682","4.31210747361183","1.81511306762695"
"Bettsy_TowIn","75","1","9","20459.9998011424","1023","0","19.9999998056133","2","0.0463338888043331","0.00639756442978978","0.115985110402107","100000","0.000199999998056133","4249.85133361816","979.261501789093","350.61949634552","2927.49577331543","4311.47476196289","1.39737137546763","52.5889131128788","1.81511306762695"
"Bettsy_TowIn","75","2","8","20460.0010350201","1023","0","20.0000010117499","2","0.0292084554675967","0.0130869504064322","0.0408260673284531","100000","0.000200000010117499","4170.86991119385","538.744448184967","460.460997581482","3182.92105102539","3856.14401245117","0.750824213493615","26.8185721188784","1.81511306762695"
"Bettsy_TowIn","75","3","10","20460.0006185085","1023","0","20.0000006046027","2","0.0360115744173527","0.00492503121495247","0.0761836320161819","100000","0.000200000006046027","7759.80883789063","300.356926202774","1474.142993927","6011.38421630859","4370.96411132813","0.414596195332706","13.1373758986592","1.81511306762695"
"Bettsy_TowIn","90","0","2","20460.0010617897","1023","0","20.0000010379176","2","0.321303874254227","0.26090207695961","0.381705671548843","100000","0.000200000010379176","265.439727783203","16.902450799942","249.530975341797","0","1009.71591186523","0.0239662127569318","0.64569291472435","1.81511306762695"
"Bettsy_TowIn","90","1","10","20459.9998569224","1023","0","19.9999998601392","2","0.0689520219748374","0.000201774935703725","0.212646707892418","100000","0.000199999998601392","4701.12400817871","1131.5622792244","340.122700691223","3238.97123718262","4825.67276000977","1.63436789531261","61.6023228168488","1.81511306762695"
"Bettsy_TowIn","90","2","8","20460.0004525982","1023","0","20.0000004424225","2","0.0678324512555264","0.00167180690914392","0.15105764567852","100000","0.000200000004424225","3561.54872131348","469.397322654724","476.305001139641","2628.22778320313","3928.89923095703","0.663049541879445","23.3013898730278","1.81511306762695"
"Bettsy_TowIn","90","3","10","20460.0000109472","1023","0","20.0000000107011","2","0.0397147611016408","0.00159135297872126","0.0835363492369652","100000","0.000200000000107011","7854.92486572266","287.126366615295","1470.22029876709","6126.44041442871","4295.99960327148","0.402202772907913","12.6530813500285","1.81511306762695"
"Bruce Iron Brewer Gun","0","0","13","20459.9998583961","1023","0","19.9999998615798","12.9639520645142","-0.0493199762933308","-0.352856516838074","-2.28853550652275E-05","312.130096435547","0.0640758455848223","222402.423660278","3555.12053179741","214066.668993115","-5540.61657714844","390092.131378174","6.76412717089988","515.870434619486","4.46283006668091"
"Bruce Iron Brewer Gun","0","1","11","20459.9993984798","1023","0","19.9999994120037","12.9639520645142","0.657601158049974","0.0995177775621414","1.3621039390564","312.130096435547","0.0640758441444738","312303.742980957","2653.00677585602","308563.287138939","-2382.0859375","190497.59185791","4.9255563179031","372.85260361433","4.46283006668091"
"Bruce Iron Brewer Gun","0","2","8","20459.9993292659","1023","0","19.999999344346","12.9639520645142","0.7292655184865","0.160991191864014","1.41442310810089","312.130096435547","0.0640758439277125","128751.358421326","1275.25930595398","127598.970730782","-164.386535644531","58249.3908081055","2.26036207564175","163.160476922989","4.46283006668091"
"Bruce Iron Brewer Gun","0","3","8","20460.0001289278","1023","0","20.0000001260291","12.9639520645142","0.729930715635419","0.160887941718102","1.22666788101196","312.130096435547","0.0640758464320631","1732.7438583374","553.215934753418","1184.49075460434","0","3801.04364013672","0.932408943772316","62.4699399918318","4.46283006668091"
"Bruce Iron Brewer Gun","0","4","8","20459.9998600022","1023","0","19.9999998631498","12.9639520645142","1.2813266813755","1.07220029830933","1.46893846988678","312.130096435547","0.0640758455898523","4514.82929992676","264.031512618065","4263.15509796143","0","3049.04337310791","0.436673156335019","27.6506389528513","4.46283006668091"
"Bruce Iron Brewer Gun","10","0","8","20460.0006132062","1023","0","20.0000005994195","12.9639520645142","-0.130020273776609","-0.443884044885635","-0.00054534652736038","312.130096435547","0.0640758479487076","102556.520500183","1489.12945556641","100975.0756464","406.796752929688","178701.781005859","2.62193779088557","190.144330441952","4.46283006668091"
"Bruce Iron Brewer Gun","10","1","10","20459.9994564516","1023","0","19.9999994686721","12.9639520645142","0.510852045565844","0.073997862637043","1.19083535671234","312.130096435547","0.0640758443260277","232990.012893677","2128.21353578568","229902.210582733","1103.74301147461","201652.999694824","3.72041618265212","280.154572844505","4.46283006668091"
"Bruce Iron Brewer Gun","10","2","10","20460.0013645508","1023","0","20.0000013338718","12.9639520645142","0.712952379882336","0.144019886851311","1.25162613391876","312.130096435547","0.0640758503017401","240928.953605652","1976.97433757782","237776.77347374","1138.9783782959","162306.069793701","3.38595602102578","254.238642394543","4.46283006668091"
"Bruce Iron Brewer Gun","10","3","13","20459.9990410049","1023","0","19.9999990625659","12.9639520645142","0.531801909208298","0.150058627128601","1.27803635597229","312.130096435547","0.0640758430249476","63133.2430801392","1191.15112686157","59808.7742462158","2426.69792175293","37782.4603271484","1.87241154443473","130.224624633789","4.46283006668091"
"Bruce Iron Brewer Gun","10","4","10","20459.9995880142","1023","0","19.9999995972768","12.9639520645142","0.953501778841019","0.548040628433228","1.1748548746109","312.130096435547","0.0640758447380504","4107.74951171875","200.992647171021","3645.36017608643","273.22444152832","4935.52529907227","0.287788425572217","16.8830090016127","4.46283006668091"
"Bruce Iron Brewer Gun","15","0","7","20460.0000293153","1023","0","20.0000000286562","12.9639520645142","-0.0751253074434187","-0.345643788576126","-0.00195350730791688","312.130096435547","0.0640758461201005","45260.67527771","1062.83267974854","43907.6398453712","488.900672912598","82830.7874755859","1.81437643244863","122.775532156229","4.46283006668091"
"Bruce Iron Brewer Gun","15","1","10","20459.9992031262","1023","0","19.9999992210422","12.9639520645142","0.456431743502617","0.0563198737800121","1.08568453788757","312.130096435547","0.064075843532673","225546.930747986","2176.22955274582","221995.369116783","2152.72666931152","222094.52935791","3.69303011987358","276.951455652714","4.46283006668091"
"Bruce Iron Brewer Gun","15","2","10","20460.0004363859","1023","0","20.0000004265747","12.9639520645142","0.538798230886459","0.107667654752731","1.14951837062836","312.130096435547","0.0640758473949485","178651.024581909","1754.80439567566","174685.179618835","3164.28318023682","157696.599060059","2.8527138531208","209.513229370117","4.46283006668091"
"Bruce Iron Brewer Gun","15","3","11","20459.9993197598","1023","0","19.9999993350536","12.9639520645142","0.452774011953311","0.0990260317921638","1.16197264194489","312.130096435547","0.0640758438979417","64155.5042877197","1266.3004488945","60691.4442930222","2680.55477905273","49091.439453125","1.97067835088819","139.391334742308","4.46283006668091"
"Bruce Iron Brewer Gun","15","4","12","20460.0008559998","1023","0","20.0000008367545","12.9639520645142","0.650615151971579","0.119178637862206","1.15611982345581","312.130096435547","0.0640758487090795","8861.9501953125","620.19662976265","6056.9859752655","2250.75103759766","8963.61578369141","0.948596662841737","67.5774898082018","4.46283006668091"
"Bruce Iron Brewer Gun","2","0","11","20460.0000128877","1023","0","20.0000000125979","12.9639520645142","-0.130034091681327","-0.509014904499054","-0.00157082208897918","312.130096435547","0.064075846068653","221313.525444031","2468.58456063271","218320.756551221","-1063.14173698425","366448.879394531","4.58507492416538","349.580868750811","4.46283006668091"
"Bruce Iron Brewer Gun","2","1","11","20460.0005789704","1023","0","20.0000005659535","12.9639520645142","0.642834275960922","0.0956789031624794","1.32682037353516","312.130096435547","0.0640758478414893","311814.210746765","2624.34918880463","309619.693579674","-193.215118408203","201837.793823242","4.82578698638827","366.219747394323","4.46283006668091"
"Bruce Iron Brewer Gun","2","2","9","20459.9999825026","1023","0","19.999999982896","12.9639520645142","0.656695415576299","0.13901399075985","1.39036786556244","312.130096435547","0.0640758459734943","145354.457901001","1618.24795150757","143722.679347515","-392.369659423828","58283.0232543945","2.8849160708487","211.805937588215","4.46283006668091"
"Bruce Iron Brewer Gun","2","3","10","20460.0002154558","1023","0","20.0000002106117","12.9639520645142","1.04316888451576","0.478499948978424","1.45282602310181","312.130096435547","0.0640758467030481","126038.595703125","1061.86465120316","125176.545183182","-29.2768783569336","38398.0101928711","1.85176525451243","133.619541734457","4.46283006668091"
"Bruce Iron Brewer Gun","2","4","9","20460.0007779136","1023","0","20.0000007604239","12.9639520645142","1.29004801644219","1.0141453742981","1.38984310626984","312.130096435547","0.064075848464532","6206.72503662109","248.624994277954","5976.61743164063","0","4527.61019897461","0.391069658100605","23.2886428833008","4.46283006668091"
"Bruce Iron Brewer Gun","20","0","4","20459.9998542169","1023","0","19.9999998574945","12.9639520645142","-0.0521145374514163","-0.0875779986381531","-0.0156508926302195","312.130096435547","0.0640758455717339","410.43293762207","269.151365280151","142.840507507324","0","2085.59197998047","0.428974006325006","22.4015756845474","4.46283006668091"
"Bruce Iron Brewer Gun","20","1","10","20460.0001734146","1023","0","20.0000001695158","12.9639520645142","0.401650728657842","0.0265779681503773","0.990374207496643","312.130096435547","0.0640758465713852","225142.695716858","2249.85680294037","220804.867921829","3250.89402770996","251112.349304199","3.7453542239964","280.311400383711","4.46283006668091"
"Bruce Iron Brewer Gun","20","2","10","20459.9991074015","1023","0","19.9999991274697","12.9639520645142","0.478021909296513","0.0740382447838783","1.05220246315002","312.130096435547","0.064075843232886","203017.209838867","2017.28240394592","198029.224786282","4120.18286132813","184572.706298828","3.23582650348544","240.438287615776","4.46283006668091"
"Bruce Iron Brewer Gun","20","3","12","20460.0001468767","1023","0","20.0000001435745","12.9639520645142","0.452512667824825","0.131352454423904","1.0528347492218","312.130096435547","0.0640758464882747","67971.815071106","1172.33520746231","62469.7658319473","5068.1893119812","60376.3236999512","1.75005235616118","122.012237876654","4.46283006668091"
"Bruce Iron Brewer Gun","20","4","11","20459.9996017721","1023","0","19.9999996107254","12.9639520645142","0.46782251921567","0.0668220520019531","0.910431206226349","312.130096435547","0.0640758447811371","5379.623046875","560.351080656052","2407.8245010376","2425.82098388672","5159.23377990723","0.85486761527136","61.5202106460929","4.46283006668091"
"Bruce Iron Brewer Gun","30","0","4","20460.0015134338","1023","0","20.0000014794074","12.9639520645142","-0.100461257621646","-0.143366411328316","-0.066011555492878","312.130096435547","0.064075850768006","323.292121887207","153.607757568359","171.392332077026","0","2093.24395751953","0.236277554184198","9.91397088766098","4.46283006668091"
"Bruce Iron Brewer Gun","30","1","10","20459.9999345009","1023","0","19.9999999359735","12.9639520645142","0.304134972393513","0.0160250961780548","0.791880071163177","312.130096435547","0.0640758458231642","222495.474357605","2260.59531879425","217025.771378994","4841.90203857422","295540.421813965","3.61233712173998","269.657118886709","4.46283006668091"
"Bruce Iron Brewer Gun","30","2","12","20459.9997521287","1023","0","19.9999997577016","12.9639520645142","0.395992742851377","0.0430372655391693","0.856771349906921","312.130096435547","0.064075845252018","277135.22252655","2681.06901073456","269682.710699081","6468.28852844238","321764.098297119","4.21525808004662","318.786786526442","4.46283006668091"
"Bruce Iron Brewer Gun","30","3","12","20460.0003622096","1023","0","20.0000003540661","12.9639520645142","0.158019153711696","0.0406039766967297","0.338383167982101","312.130096435547","0.0640758471626461","11936.0983581543","1334.46209383011","458.86590385437","10163.2365570068","5359.60562133789","1.95189585350454","137.815700054169","4.46283006668091"
"Bruce Iron Brewer Gun","30","4","10","20460.0002462197","1023","0","20.000000240684","12.9639520645142","0.30538657605648","0.0426565557718277","0.634137630462646","312.130096435547","0.0640758467993934","6170.83605957031","513.475543022156","2885.20171642303","2786.61447143555","5702.95462036133","0.763204261194915","55.6629875898361","4.46283006668091"
"Bruce Iron Brewer Gun","45","0","4","20460.000058351","1023","0","20.0000000570391","12.9639520645142","-0.201678052544594","-0.275234907865524","-0.140017688274384","312.130096435547","0.0640758462110333","335.22534942627","153.43018245697","183.54736328125","0","2093.89678955078","0.232865883037448","9.66733032464981","4.46283006668091"
"Bruce Iron Brewer Gun","45","1","4","20460.000730348","1023","0","20.0000007139277","12.9639520645142","0.0199351490009576","0.0154354823753238","0.0249625351279974","312.130096435547","0.0640758483155679","564.483283996582","171.753420352936","227.665254592896","167.099822998047","2076.85803222656","0.24661585688591","12.0507621467113","4.46283006668091"
"Bruce Iron Brewer Gun","45","2","11","20460.0003417017","1023","0","20.0000003340192","12.9639520645142","0.303256529462735","0.00085303740343079","0.610776364803314","312.130096435547","0.0640758470984201","281481.928443909","2699.1848487854","271728.500546455","10071.4578857422","413064.905731201","4.07371120713651","306.061341583729","4.46283006668091"
"Bruce Iron Brewer Gun","45","3","11","20460.0003769654","1023","0","20.0000003684901","12.9639520645142","0.113994154571132","0.0221545491367579","0.485613435506821","312.130096435547","0.0640758472088577","16500.1398010254","846.02592420578","8203.09116125107","7615.11791992188","17080.775390625","1.18346758093685","81.2587746083736","4.46283006668091"
"Bruce Iron Brewer Gun","45","4","12","20460.0001109554","1023","0","20.0000001084608","12.9639520645142","0.226759834215045","0.0418837368488312","0.607357382774353","312.130096435547","0.0640758463757777","23791.7320861816","846.53314447403","10884.8928232193","12367.9041748047","16843.7016906738","1.15314329601824","79.8768871873617","4.46283006668091"
"Bruce Iron Brewer Gun","5","0","11","20460.0017742631","1023","0","20.0000017343725","12.9639520645142","-0.200369301738895","-0.660534799098969","-0.000662021106109023","312.130096435547","0.0640758515848611","267637.432876587","2503.19556033611","265026.519299507","-254.610466003418","424169.17489624","4.60452093207277","350.721810426563","4.46283006668091"
"Bruce Iron Brewer Gun","5","1","10","20460.0006453015","1023","0","20.0000006307933","12.9639520645142","0.555182484537363","0.0842566043138504","1.29028630256653","312.130096435547","0.0640758480492225","236358.488098145","2156.05734157562","233724.636769295","-607.596118927002","176933.1171875","3.87797425407916","291.495461136103","4.46283006668091"
"Bruce Iron Brewer Gun","5","2","11","20460.0000571772","1023","0","20.0000000558917","12.9639520645142","0.613499976694584","0.031259648501873","1.36868178844452","312.130096435547","0.0640758462073572","187610.589630127","2383.69639015198","184394.018272877","-1486.85932159424","101856.351806641","4.27142820507288","320.062233388424","4.46283006668091"
"Bruce Iron Brewer Gun","5","3","10","20459.9998948365","1023","0","19.9999998972009","12.9639520645142","0.823573651909828","0.120977014303207","1.39342761039734","312.130096435547","0.064075845698945","92898.9779815674","1090.45759773254","91892.7717866898","-70.6997117996216","40459.5770263672","1.85230355523527","134.183403387666","4.46283006668091"
"Bruce Iron Brewer Gun","5","4","9","20459.9998831332","1023","0","19.9999998857607","12.9639520645142","1.10516928964191","0.726924180984497","1.26628589630127","312.130096435547","0.0640758456622929","3001.91191864014","253.547329902649","2759.07994842529","0","4649.88427734375","0.381529317237437","22.4507499933243","4.46283006668091"
"Bruce Iron Brewer Gun","60","0","4","20459.9995633647","1023","0","19.9999995731816","12.9639520645142","0.102470971643925","0.0811527743935585","0.112751297652721","312.130096435547","0.0640758446608543","385.165618896484","184.098925590515","202.805044174194","0","2091.86962890625","0.271058388985693","12.4131438732147","4.46283006668091"
"Bruce Iron Brewer Gun","60","1","12","20459.9994870724","1023","0","19.9999994986045","12.9639520645142","0.183594331300507","0.0302946884185076","0.386053293943405","312.130096435547","0.0640758444219248","281795.550682068","2811.70387458801","272109.305491924","9472.35062408447","459909.862304688","4.15373476594687","308.65652936697","4.46283006668091"
"Bruce Iron Brewer Gun","60","2","11","20459.9995698974","1023","0","19.9999995795674","12.9639520645142","0.0838387499097735","0.000610527116805315","0.407058119773865","312.130096435547","0.0640758446813131","80868.2162628174","1651.71114253998","71950.4495310187","8391.0619354248","122159.975891113","2.3483502692543","167.698436677456","4.46283006668091"
"Bruce Iron Brewer Gun","60","3","11","20460.0002276256","1023","0","20.0000002225079","12.9639520645142","0.0959176697175611","0.0158709697425365","0.330781787633896","312.130096435547","0.0640758467411609","25142.7661743164","713.255566120148","13407.5513701439","11496.4570617676","25843.9294433594","0.934811641462147","60.9849654436111","4.46283006668091"
"Bruce Iron Brewer Gun","75","0","3","20460.0003217179","1023","0","20.0000003144848","12.9639520645142","0.175856267412504","0.148764818906784","0.202347248792648","312.130096435547","0.0640758470358357","287.414505004883","64.2254099845886","222.666110992432","1.93762636184692","1577.70098876953","0.0949145834892988","3.54142779111862","4.46283006668091"
"Bruce Iron Brewer Gun","75","1","11","20460.000769107","1023","0","20.0000007518152","12.9639520645142","0.102619391950694","0.0371665582060814","0.199615389108658","312.130096435547","0.0640758484369516","197978.220085144","2410.66887283325","190106.434892654","7212.65548706055","336816.298797607","3.52998904511333","256.830943465233","4.46283006668091"
"Bruce Iron Brewer Gun","75","2","11","20459.9996583801","1023","0","19.9999996660607","12.9639520645142","0.0786272009665316","0.0248803459107876","0.172178745269775","312.130096435547","0.0640758449584196","106177.310432434","1790.94648742676","95378.2302885056","10577.2454299927","173945.862976074","2.5278807724826","183.755534172058","4.46283006668091"
"Bruce Iron Brewer Gun","75","3","10","20460.0006067029","1023","0","20.0000005930625","12.9639520645142","0.111437425017357","0.0382121242582798","0.229594469070435","312.130096435547","0.0640758479283408","55057.4808044434","720.281885147095","43449.9102592468","12944.6343994141","83393.6675109863","0.950427264906466","62.900957018137","4.46283006668091"
"Bruce Iron Brewer Gun","90","0","3","20460.0002707354","1023","0","20.0000002646485","12.9639520645142","0.27104164659977","0.212257847189903","0.354603379964828","312.130096435547","0.0640758468761707","307.263168334961","64.5149869918823","244.198253631592","0","1578.56512451172","0.0945848263800144","3.56169418990612","4.46283006668091"
"Bruce Iron Brewer Gun","90","1","12","20459.9995098895","1023","0","19.9999995209086","12.9639520645142","0.0902269735233858","0.00204968312755227","0.220600813627243","312.130096435547","0.0640758444933824","288707.789375305","2865.21246480942","282713.525845051","4708.30853271484","495639.323150635","4.25198633503169","313.677257508039","4.46283006668091"
"Bruce Iron Brewer Gun","90","2","10","20459.9994669561","1023","0","19.9999994789404","12.9639520645142","0.0924220914021134","0.0122667700052261","0.176743358373642","312.130096435547","0.0640758443589253","144952.784080505","1373.25614213943","138985.385789871","6351.91729736328","247140.041931152","1.93039430072531","137.863995194435","4.46283006668091"
"Bruce Iron Brewer Gun","90","3","10","20459.9998089413","1023","0","19.9999998132368","12.9639520645142","0.0631408233195543","0.0188868623226881","0.0986859053373337","312.130096435547","0.0640758454299414","68513.3435668945","758.268674850464","57854.765914917","12468.8261795044","111954.198425293","1.01841865573078","68.6004289388657","4.46283006668091"
"DanielThomson_ModernPlaningHull","0","0","11","20460.000257502","1023","0","20.0000002517126","20","-0.00480139008802573","-0.0293625667691231","-0.000189635771675967","30.0614910125732","0.665303003212569","6189.07395935059","3219.16265296936","97.7099996432662","-2682.34464454651","5616.94683837891","5.98440153896809","322.734051704407","2.87812948226929"
"DanielThomson_ModernPlaningHull","0","1","11","20460.0000333938","1023","0","20.000000032643","20","0.179538701068271","0.0524222627282143","1.1590256690979","30.0614910125732","0.665302995925184","63059.7357559204","2012.07558393478","60979.748547554","-145.744596481323","48109.7321777344","3.58825477282517","193.503209408373","2.87812948226929"
"DanielThomson_ModernPlaningHull","0","2","11","20459.9997650685","1023","0","19.9999997703504","20","0.205340720035813","0.145300596952438","0.300928980112076","30.0614910125732","0.665302987199983","1834.04182434082","1349.96201276779","487.636814117432","0","5454.92388916016","2.32059024088085","122.862683966756","2.87812948226929"
"DanielThomson_ModernPlaningHull","0","3","10","20460.0003676712","1023","0","20.0000003594049","20","0.757662770152092","0.294837385416031","1.47365319728851","30.0614910125732","0.665303006794969","10880.3359375","572.387292385101","10332.1976251602","0","5940.4248046875","0.940810815896839","45.141582429409","2.87812948226929"
"DanielThomson_ModernPlaningHull","0","4","6","20460.0001541877","1023","0","20.0000001507211","20","1.33791949351629","1.11000049114227","1.49086105823517","30.0614910125732","0.665302999853072","4369.18809509277","115.703364610672","4264.79376220703","0","1988.92747497559","0.181974563281983","7.05085771530867","2.87812948226929"
"DanielThomson_ModernPlaningHull","10","0","9","20459.9993524363","1023","0","19.9999993669954","20","-0.0310299895289871","-0.131850138306618","-0.00552280060946941","30.0614910125732","0.665302973782318","60568.5701065063","2164.35417938232","58122.870661974","432.645244598389","108226.85824585","3.83677552640438","210.671997189522","2.87812948226929"
"DanielThomson_ModernPlaningHull","10","1","12","20460.0009594805","1023","0","20.0000009379086","20","0.335941859831413","0.0306219905614853","1.02897882461548","30.0614910125732","0.665303026038982","225919.981590271","2409.70230436325","223766.080509186","219.469612121582","236123.216522217","4.21188824879937","230.345071747899","2.87812948226929"
"DanielThomson_ModernPlaningHull","10","2","11","20459.9998330342","1023","0","19.999999836788","20","0.48791572519324","0.0612068101763725","1.20195245742798","30.0614910125732","0.66530298941004","175621.72555542","1830.37876987457","174034.666128159","101.880195617676","132620.833251953","3.1266919830814","167.669610232115","2.87812948226929"
"DanielThomson_ModernPlaningHull","10","3","12","20459.9996976279","1023","0","19.9999997044261","20","0.391940109664574","0.013498323969543","1.25175595283508","30.0614910125732","0.665302985007","29554.725982666","1082.02368116379","28346.5245537758","166.195220947266","20693.091217041","1.76575865736231","89.1886928081512","2.87812948226929"
"DanielThomson_ModernPlaningHull","10","4","11","20460.000502185","1023","0","20.0000004908944","20","0.745343032208356","0.454566925764084","0.959481298923492","30.0614910125732","0.665303011168986","1504.12590789795","259.32318687439","1251.76049804688","0","5625.20330810547","0.368202143348753","14.0185731649399","2.87812948226929"
"DanielThomson_ModernPlaningHull","15","0","8","20459.9999598049","1023","0","19.9999999607086","20","-0.0256287526972301","-0.0668315142393112","-0.000363049417501315","30.0614910125732","0.665302993532277","2656.04776000977","1815.80443191528","84.4063544869423","404.306083679199","4088.6067199707","3.16969040036201","171.720528364182","2.87812948226929"
"DanielThomson_ModernPlaningHull","15","1","12","20459.9999154543","1023","0","19.9999999173552","20","0.306314864215286","0.0035177303943783","0.948342680931091","30.0614910125732","0.665302992090118","226370.994903564","2484.23844051361","223252.05252552","875.50959777832","256104.719024658","4.27645281772129","233.373922079802","2.87812948226929"
"DanielThomson_ModernPlaningHull","15","2","11","20459.999557227","1023","0","19.9999995671818","20","0.433184727349065","0.0572545826435089","1.08478236198425","30.0614910125732","0.665302980441549","181683.801071167","1841.57084083557","179056.304317474","1075.24306094646","166781.882080078","3.09614203311503","165.875285595655","2.87812948226929"
"DanielThomson_ModernPlaningHull","15","3","12","20459.9993034785","1023","0","19.9999993191383","20","0.340855789836496","0.0260097179561853","1.13204991817474","30.0614910125732","0.665302972190345","30419.1092300415","1058.18891048431","28558.7768440247","917.447479248047","25796.1330566406","1.66623647371307","83.5947583764791","2.87812948226929"
"DanielThomson_ModernPlaningHull","15","4","11","20459.9988432613","1023","0","19.9999988692681","20","0.507677614688873","0.159256801009178","1.05809104442596","30.0614910125732","0.665302957225345","3757.65037536621","627.299648284912","2078.13525772095","1061.96913909912","5234.97909545898","0.956451188307256","45.8064129054546","2.87812948226929"
"DanielThomson_ModernPlaningHull","2","0","10","20460.0008419609","1023","0","20.0000008230311","20","-0.00605730582610704","-0.0122086713090539","-0.000717818911653012","30.0614910125732","0.665303022217565","3639.04193115234","2700.50012969971","95.7006172537804","-617.180572509766","5047.62261962891","4.91796593368053","269.747678518295","2.87812948226929"
"DanielThomson_ModernPlaningHull","2","1","11","20460.0000847512","1023","0","20.0000000828457","20","0.243894165212458","0.0376295633614063","1.09583580493927","30.0614910125732","0.665302997595185","118762.750244141","1974.85418045521","116990.185581684","29.4240646362305","104544.482391357","3.48806988494471","188.111247804016","2.87812948226929"
"DanielThomson_ModernPlaningHull","2","2","10","20460.0004636627","1023","0","20.0000004532382","20","0.18961627855897","0.0952437594532967","0.281574875116348","30.0614910125732","0.665303009916347","1613.31446075439","1139.00411701202","477.683359622955","0","4963.05151367188","1.94564619101584","101.734017375857","2.87812948226929"
"DanielThomson_ModernPlaningHull","2","3","9","20460.0005590044","1023","0","20.0000005464363","20","0.551154454549154","0.194074362516403","1.0945063829422","30.0614910125732","0.665303013016597","1368.68665313721","558.518521308899","814.929889678955","0","4581.42068481445","0.907358537893742","44.8084595054388","2.87812948226929"
"DanielThomson_ModernPlaningHull","2","4","7","20460.000982324","1023","0","20.0000009602385","20","1.20781535761697","0.689954936504364","1.47811365127563","30.0614910125732","0.665303026781788","6756.39295196533","129.230592250824","6642.67975616455","1.42467653751373","3006.5034942627","0.189331413246691","7.09183904528618","2.87812948226929"
"DanielThomson_ModernPlaningHull","20","0","5","20460.0005654078","1023","0","20.0000005526958","20","-0.0429394695907831","-0.0793096870183945","-0.0237848404794931","30.0614910125732","0.66530301322482","922.005500793457","667.879959106445","92.657112121582","163.159942626953","2497.99505615234","1.11814545467496","55.0538316965103","2.87812948226929"
"DanielThomson_ModernPlaningHull","20","1","11","20459.9992363155","1023","0","19.9999992534853","20","0.246231403455816","0.00578574696555734","0.909448862075806","30.0614910125732","0.665302970006387","163422.109558105","2019.47026574612","160341.167324066","1697.41255187988","195259.505065918","3.39621495339088","182.676010064781","2.87812948226929"
"DanielThomson_ModernPlaningHull","20","2","11","20460.0007430286","1023","0","20.0000007263232","20","0.391033581034704","0.0547474399209023","0.983588755130768","30.0614910125732","0.665303019000559","173017.208961487","1769.03651189804","169621.81687355","2462.79595947266","180233.634796143","2.89424530789256","154.013493478298","2.87812948226929"
"DanielThomson_ModernPlaningHull","20","3","13","20460.0003128093","1023","0","20.0000003057764","20","0.235475259474837","0.0283150281757116","1.02824723720551","30.0614910125732","0.665303005011009","31362.6613235474","1498.79909157753","28184.9252586365","1887.94758605957","30737.743560791","2.34590819664299","120.278478726745","2.87812948226929"
"DanielThomson_ModernPlaningHull","20","4","12","20460.0000181281","1023","0","20.0000000177205","20","0.495954503615697","0.133015379309654","1.00332176685333","30.0614910125732","0.665302995428786","12446.0810699463","574.596067428589","9896.91486549377","2087.008644104","12644.4085998535","0.840496247867122","38.8770397938788","2.87812948226929"
"DanielThomson_ModernPlaningHull","30","0","4","20459.9998753804","1023","0","19.9999998781822","20","-0.0766606880351901","-0.124907307326794","-0.050025749951601","30.0614910125732","0.665302990787025","717.890579223633","480.138528823853","85.2450504302979","153.950000762939","1999.12683105469","0.782398223876953","37.7966140508652","2.87812948226929"
"DanielThomson_ModernPlaningHull","30","1","12","20460.0009872561","1023","0","20.0000009650597","20","0.251745146544029","0.00184953771531582","0.692363560199738","30.0614910125732","0.665303026942167","225085.298408508","2497.38842833042","220134.26302433","3903.57894897461","312833.381561279","4.10872887913138","223.288285709918","2.87812948226929"
"DanielThomson_ModernPlaningHull","30","2","11","20460.0006300205","1023","0","20.0000006158558","20","0.254574954171072","0.0177493747323751","0.797436833381653","30.0614910125732","0.665303015325846","140907.993583679","1771.00278759003","135285.78368783","4985.90231323242","168733.808776855","2.81400037463754","150.384253919125","2.87812948226929"
"DanielThomson_ModernPlaningHull","30","3","13","20459.999462042","1023","0","19.9999994741369","20","0.13501977490691","0.0249015428125858","0.387706220149994","30.0614910125732","0.665302977346394","6244.45804595947","1157.82689118385","612.97421336174","4493.11100769043","6102.94326782227","1.72811560565606","84.888565570116","2.87812948226929"
"DanielThomson_ModernPlaningHull","30","4","11","20460.000058505","1023","0","20.0000000571897","20","0.29550677402453","0.0762903988361359","0.720333278179169","30.0614910125732","0.665302996741734","4879.01843261719","350.80602478981","2242.89956665039","2301.18865966797","4936.64442443848","0.503570372471586","22.6709798537195","2.87812948226929"
"DanielThomson_ModernPlaningHull","45","0","4","20460.0004676369","1023","0","20.000000457123","20","-0.13542540371418","-0.217936143279076","-0.102636642754078","30.0614910125732","0.665303010045577","522.251670837402","362.187877655029","97.6998424530029","63.8818283081055","2008.67608642578","0.583862610161304","25.4571455717087","2.87812948226929"
"DanielThomson_ModernPlaningHull","45","1","7","20460.000011902","1023","0","20.0000000116344","20","0.131340593897871","0.0150901582092047","0.518191397190094","30.0614910125732","0.665302995226332","1927.85926818848","626.193786382675","378.397141456604","926.813095092773","3285.41845703125","0.965319360606372","46.5185159929097","2.87812948226929"
"DanielThomson_ModernPlaningHull","45","2","12","20460.0001775499","1023","0","20.000000173558","20","0.0621916476714735","0.00460960203781724","0.469519793987274","30.0614910125732","0.665303000612745","48457.7429885864","1956.61998653412","40745.5788083076","6143.70404434204","67557.0651855469","2.99811472557485","157.803937405348","2.87812948226929"
"DanielThomson_ModernPlaningHull","45","3","13","20459.999552511","1023","0","19.9999995625719","20","0.0503993875060517","0.00307901715859771","0.130313783884048","30.0614910125732","0.665302980288198","8300.03598022461","1397.4608809948","578.663759708405","6336.65026855469","5924.25012207031","2.08771645091474","104.659715801477","2.87812948226929"
"DanielThomson_ModernPlaningHull","45","4","11","20459.9994781921","1023","0","19.9999994899239","20","0.154274489053271","0.0576173327863216","0.467109709978104","30.0614910125732","0.665302977871551","6699.53477478027","297.46649312973","3199.28094291687","3220.79508972168","4897.57949829102","0.40203324961476","16.2093843482435","2.87812948226929"
"DanielThomson_ModernPlaningHull","5","0","9","20459.9994775615","1023","0","19.9999994893074","20","-0.00953873805701733","-0.0248135812580585","-0.00236179889179766","30.0614910125732","0.665302977851044","2232.53440856934","2136.07949829102","98.3775866031647","0","4525.26889038086","3.80979077517986","209.195338010788","2.87812948226929"
"DanielThomson_ModernPlaningHull","5","1","12","20459.9990707617","1023","0","19.9999990916536","20","0.366361541518321","0.0207299683243036","1.11411881446838","30.0614910125732","0.665302964623032","225887.459358215","2418.43494844437","223802.179804325","-133.686599731445","215437.865264893","4.28619204531424","233.175081133842","2.87812948226929"
"DanielThomson_ModernPlaningHull","5","2","11","20460.0000262602","1023","0","20.0000000256698","20","0.467071810229258","0.0791482850909233","1.2893134355545","30.0614910125732","0.665302995693219","134774.564033508","1624.76176834106","133407.201601028","0","79439.0580444336","2.78043674025685","147.693755567074","2.87812948226929"
"DanielThomson_ModernPlaningHull","5","3","9","20460.0002494647","1023","0","20.000000243856","20","0.45690483517117","0.130222380161285","0.824490070343018","30.0614910125732","0.665303002951217","994.389892578125","577.695261001587","420.721775531769","0","4580.89733886719","0.92538308352232","44.309932410717","2.87812948226929"
"DanielThomson_ModernPlaningHull","5","4","9","20460.0000214781","1023","0","20.0000000209952","20","0.947892917527093","0.480265974998474","1.33110511302948","30.0614910125732","0.66530299553772","2614.66402435303","257.987478256226","2365.70425415039","0","4440.79251098633","0.38221931271255","15.4596661329269","2.87812948226929"
"DanielThomson_ModernPlaningHull","60","0","2","20459.9997231599","1023","0","19.9999997293841","20","-0.190390758216381","-0.210166618227959","-0.170614898204803","30.0614910125732","0.665302985837233","157.403411865234","80.272834777832","77.9800643920898","0","1015.02075195313","0.124404072761536","4.45145678520203","2.87812948226929"
"DanielThomson_ModernPlaningHull","60","1","8","20459.9997776777","1023","0","19.9999997826762","20","0.174689836334437","0.0462104007601738","0.673144698143005","30.0614910125732","0.665302987610001","3507.63996124268","891.344598293304","449.582455635071","2173.0205078125","3932.56088256836","1.41230905707926","69.1923675015569","2.87812948226929"
"DanielThomson_ModernPlaningHull","60","2","11","20459.9986627426","1023","0","19.999998692808","20","0.0455817682668567","0.00651463866233826","0.142853707075119","30.0614910125732","0.665302951355374","7626.16790008545","2019.55529308319","261.662939786911","5296.42360687256","5282.05352783203","3.10944838542491","165.540910303593","2.87812948226929"
"DanielThomson_ModernPlaningHull","60","3","11","20460.0003954995","1023","0","20.0000003866075","20","0.015583688181571","0.00274045788682997","0.0366934202611446","30.0614910125732","0.665303007699869","7075.40045928955","1205.35974264145","386.852876663208","5497.77496337891","5011.89520263672","1.76590151339769","87.5411810576916","2.87812948226929"
"DanielThomson_ModernPlaningHull","60","4","11","20460.0004785502","1023","0","20.000000467791","20","0.0418732272334058","0.00299144349992275","0.0845739096403122","30.0614910125732","0.665303010400448","10666.6332092285","662.893075227737","933.073208808899","9103.21957397461","4364.013671875","0.896403059130535","39.4082897417247","2.87812948226929"
"DanielThomson_ModernPlaningHull","75","0","5","20460.0001099928","1023","0","20.0000001075198","20","0.130796782672405","0.0723147466778755","0.267184495925903","30.0614910125732","0.665302998415974","2100.09266662598","645.589729309082","100.84140253067","1357.23858642578","2417.39587402344","1.01108227297664","48.910861492157","2.87812948226929"
"DanielThomson_ModernPlaningHull","75","1","12","20460.0009036683","1023","0","20.0000008833513","20","0.0813300954983257","1.86733677765005E-06","0.276356846094131","30.0614910125732","0.665303024224123","9205.79727935791","2255.91791677475","259.860918998718","6569.29108047485","5798.38259887695","3.48778500314802","184.642572641373","2.87812948226929"
"DanielThomson_ModernPlaningHull","75","2","12","20459.9991889341","1023","0","19.9999992071692","20","0.049491069240806","0.00404090480878949","0.135555505752563","30.0614910125732","0.665302968465676","8091.46203613281","1480.65468168259","383.857474803925","6244.59631347656","5606.40051269531","2.16122728027403","109.642921611667","2.87812948226929"
"DanielThomson_ModernPlaningHull","75","3","11","20459.999512534","1023","0","19.9999995234936","20","0.0371267487379638","0.0122553259134293","0.0520927086472511","30.0614910125732","0.665302978988255","10885.2938079834","639.820009231567","658.479585647583","9617.69131469727","4450.75054931641","0.868590565398335","37.4423866271973","2.87812948226929"
"DanielThomson_ModernPlaningHull","90","0","11","20460.0009097521","1023","0","20.0000008892982","20","0.119379134298387","0.00273418566212058","0.387401700019836","30.0614910125732","0.665303024421949","69743.7592544556","2335.43738937378","62218.7048077583","5343.4695892334","108234.330413818","3.57422328926623","190.376750230789","2.87812948226929"
"DanielThomson_ModernPlaningHull","90","1","12","20459.9992215344","1023","0","19.9999992390365","20","0.087022024517258","0.0199993252754211","0.250074207782745","30.0614910125732","0.665302969525747","8165.32925415039","1421.85788440704","352.950251579285","6412.09553527832","5653.88735961914","2.06805979274213","104.984562501311","2.87812948226929"
"DanielThomson_ModernPlaningHull","90","2","10","20460.0000477478","1023","0","20.0000000466743","20","0.0553673118876759","0.000784638861659914","0.111556425690651","30.0614910125732","0.665302996391938","8628.28060913086","527.702363967896","553.950665473938","7577.05981445313","4210.84558105469","0.719897115603089","30.24335283041","2.87812948226929"
"default_evolutive","0","0","13","20459.9994676294","1023","0","19.9999994795986","20","-0.0141649786338138","-0.0557319112122059","-0.000498319684993476","87.3053283691406","0.229081086494921","3539.66301727295","3249.04570865631","246.817584276199","-10.2102184295654","6499.05169677734","5.89975409023464","240.689825624228","2.55681419372559"
"default_evolutive","0","1","10","20460.0010716693","1023","0","20.0000010475751","20","0.0926720475777984","0.0265519879758358","0.18421171605587","87.3053283691406","0.229081104454609","2025.69738769531","1693.51950550079","312.231019496918","23.0274524688721","5003.14807128906","2.94434464490041","120.967640906572","2.55681419372559"
"default_evolutive","0","2","10","20459.9991281108","1023","0","19.9999991477134","20","0.286750736832619","0.152238190174103","0.747286915779114","87.3053283691406","0.22908108269349","1991.53765106201","1437.97333419323","557.04276227951","0","4839.96527099609","2.48676298814826","100.135212942958","2.55681419372559"
"default_evolutive","0","3","8","20460.0007116482","1023","0","20.0000006956483","20","0.610813096165657","0.394650280475616","1.1001912355423","87.3053283691406","0.229081100423621","1173.14752960205","636.121378302574","539.907991409302","0","3271.84519958496","1.06303120101802","40.0443032123148","2.55681419372559"
"default_evolutive","0","4","5","20460.0000533943","1023","0","20.0000000521939","20","1.05851640701294","0.910731971263885","1.25845170021057","87.3053283691406","0.229081093053459","778.511863708496","173.916886806488","608.000793457031","0","2134.22018432617","0.274333215551451","8.83548516780138","2.55681419372559"
"default_evolutive","10","0","9","20459.9998899933","1023","0","19.9999998924666","20","-0.0168250499344948","-0.0482617579400539","-0.00134811014868319","87.3053283691406","0.229081091223934","1780.53704071045","1373.4712677002","241.544515609741","168.431537628174","4494.12423706055","2.33584177307785","94.7415297925472","2.55681419372559"
"default_evolutive","10","1","12","20459.9992549352","1023","0","19.9999992716864","20","0.24461837609609","0.0193241611123085","0.950711131095886","87.3053283691406","0.229081084113484","191235.104232788","2521.74141383171","188787.90701437","288.114433288574","230482.331481934","4.37323427898809","181.866458460689","2.55681419372559"
"default_evolutive","10","2","10","20459.9997933536","1023","0","19.9999997979996","20","0.184134807437658","0.0604121834039688","0.487495630979538","87.3053283691406","0.229081090141903","1851.56259155273","1300.92222642899","554.353717803955","0","5006.71694946289","2.10745526850224","84.5982906967402","2.55681419372559"
"default_evolutive","10","3","11","20459.9993972446","1023","0","19.9999994107963","20","0.379545656117526","0.16068260371685","0.889064192771912","87.3053283691406","0.229081085706856","1567.07804870605","861.261656105518","709.923595428467","0","4910.25198364258","1.33641546417493","49.2773776873946","2.55681419372559"
"default_evolutive","10","4","10","20460.0001349404","1023","0","20.0000001319065","20","0.625508925318718","0.29410919547081","0.967258214950562","87.3053283691406","0.229081093966492","1359.81839752197","347.263628005981","1018.34247970581","0","5067.95596313477","0.511652348563075","16.3643158823252","2.55681419372559"
"default_evolutive","15","0","8","20460.0003790628","1023","0","20.0000003705404","20","-0.0349492615205236","-0.0895148515701294","-0.0050129690207541","87.3053283691406","0.229081096699817","1473.7982635498","1064.27514076233","244.763701915741","167.51053237915","3998.72265625","1.78070255182683","70.9064138531685","2.55681419372559"
"default_evolutive","15","1","10","20459.9987002154","1023","0","19.9999987294383","20","0.125117586855777","0.00111211114563048","0.838477969169617","87.3053283691406","0.229081077902544","60202.0800094604","1726.26838541031","58199.2918126583","392.728057861328","70081.146484375","2.90514326491393","119.232346139848","2.55681419372559"
"default_evolutive","15","2","10","20460.0006319091","1023","0","20.000000617702","20","0.140005197748542","0.0392606742680073","0.34744855761528","87.3053283691406","0.229081099530819","2266.2692565918","1350.42581415176","422.846998214722","497.052192687988","4965.90466308594","2.1600541099906","86.7012421935797","2.55681419372559"
"default_evolutive","15","3","10","20460.0002250684","1023","0","20.0000002200082","20","0.311667828634381","0.050468448549509","0.794082880020142","87.3053283691406","0.229081094975613","1674.38449859619","869.122361302376","712.521738052368","96.5955200195313","4472.25093078613","1.35166859452147","51.5739071518183","2.55681419372559"
"default_evolutive","15","4","9","20460.0004598013","1023","0","20.0000004494637","20","0.502583568294843","0.239276453852654","0.92889016866684","87.3053283691406","0.229081097603809","1197.94504547119","323.799812734127","665.0276927948","214.07874417305","4106.10955810547","0.467526288586669","15.426630275324","2.55681419372559"
"default_evolutive","2","0","13","20460.0000237071","1023","0","20.0000000231741","20","-0.0292473557548454","-0.203722089529037","-0.00237221014685929","87.3053283691406","0.229081092721064","3593.06814575195","3240.11629962921","248.643201470375","38.3779430389404","6504.03713989258","5.89301521889865","240.172447413206","2.55681419372559"
"default_evolutive","2","1","11","20459.999369331","1023","0","19.9999993835103","20","0.102349327538501","0.0252241957932711","0.263917356729507","87.3053283691406","0.22908108539432","2527.60953521729","2067.24796187878","414.5291056633","48.9989051818848","5338.28588867188","3.62012826488353","149.620145663619","2.55681419372559"
"default_evolutive","2","2","8","20460.0003297112","1023","0","20.0000003222983","20","0.206673654727638","0.115977376699448","0.493793427944183","87.3053283691406","0.22908109614725","1425.63513183594","1176.9181470871","251.368813037872","0","3995.4345703125","1.99814279563725","80.5247400403023","2.55681419372559"
"default_evolutive","2","3","8","20460.0000790557","1023","0","20.0000000772783","20","0.549475818872452","0.321308732032776","1.05303800106049","87.3053283691406","0.229081093340777","1187.38064575195","625.224268436432","565.058161735535","0","3317.94198608398","1.03515060071368","38.8055826406926","2.55681419372559"
"default_evolutive","2","4","7","20460.000396411","1023","0","20.0000003874985","20","0.902188420295715","0.747010111808777","1.2105165719986","87.3053283691406","0.229081096894056","915.695510864258","316.603065133095","602.988224029541","0","3155.98854827881","0.502276976825669","16.7605493701994","2.55681419372559"
"default_evolutive","20","0","9","20459.9996307392","1023","0","19.9999996390412","20","-0.0378834881509344","-0.107560329139233","-0.0037901964969933","87.3053283691406","0.229081088321186","2033.0040435791","1417.02328968048","288.119366645813","330.876914978027","4486.26696777344","2.39044567756355","96.282739251852","2.55681419372559"
"default_evolutive","20","1","10","20460.0000203339","1023","0","20.0000000198768","20","0.0990722043206915","0.00388832739554346","0.696941614151001","87.3053283691406","0.229081092683297","60752.9670181274","1724.53866100311","58424.0124745369","773.099876403809","80561.8687438965","2.84969166107476","117.130115330219","2.55681419372559"
"default_evolutive","20","2","11","20460.0005589881","1023","0","20.0000005464204","20","0.167505822737109","0.0197567548602819","0.708681643009186","87.3053283691406","0.229081098714356","58964.7758483887","1887.7043364048","56113.4067964554","1130.54650115967","77279.4328918457","3.06749744713306","125.938988931477","2.55681419372559"
"default_evolutive","20","3","11","20460.0003509578","1023","0","20.0000003430672","20","0.241423792121085","0.037761103361845","0.704659163951874","87.3053283691406","0.229081096385138","2629.08604431152","1099.87006026506","756.037053108215","778.719284057617","4930.99540710449","1.69265796069521","65.4468262158334","2.55681419372559"
"default_evolutive","20","4","11","20460.0001765853","1023","0","20.0000001726151","20","0.275543300265616","0.0766742452979088","0.444008022546768","87.3053283691406","0.22908109443277","2423.76696777344","703.116640090942","556.765653610229","1170.97961425781","5412.99160766602","1.04824190493673","38.0730737447739","2.55681419372559"
"default_evolutive","30","0","9","20460.0002085446","1023","0","20.000000203856","20","-0.0556524878160821","-0.190468847751617","-0.0197154134511948","87.3053283691406","0.229081094790605","1976.8618850708","1444.39950370789","282.181327819824","253.309785842896","4492.06997680664","2.4030143795535","95.8269528150558","2.55681419372559"
"default_evolutive","30","1","10","20459.9996665887","1023","0","19.9999996740848","20","0.114849459985271","0.00258602993562818","0.520245790481567","87.3053283691406","0.229081088722576","111829.694839478","2087.40283870697","108647.463188171","1462.48175048828","165569.904846191","3.38057095371187","139.219863176346","2.55681419372559"
"default_evolutive","30","2","10","20460.0000961896","1023","0","20.0000000940269","20","0.0775181259959936","0.0239252578467131","0.228378102183342","87.3053283691406","0.229081093532617","4503.52501678467","1392.14951729774","480.869799613953","2641.2010345459","4638.42993164063","2.14675397006795","85.6653514504433","2.55681419372559"
"default_evolutive","30","3","11","20459.9996121645","1023","0","19.9999996208841","20","0.171940081160177","0.0339534021914005","0.54313862323761","87.3053283691406","0.229081088113213","4580.61601257324","1128.50096714497","868.453861236572","2595.53282928467","4832.8828125","1.69307642814238","65.267767213285","2.55681419372559"
"default_evolutive","30","4","10","20459.9999555868","1023","0","19.9999999565853","20","0.161748658446595","0.00555142341181636","0.265807092189789","87.3053283691406","0.229081091958353","2714.86135101318","850.786014556885","483.628782272339","1360.86596679688","4883.16622924805","1.2897582128644","49.6501699090004","2.55681419372559"
"default_evolutive","45","0","5","20459.9999910201","1023","0","19.999999991222","20","-0.145825759321451","-0.332391202449799","-0.047462560236454","87.3053283691406","0.229081092355084","711.476844787598","357.255336761475","262.671268463135","93.6240882873535","2515.55590820313","0.557453251443803","20.1686205118895","2.55681419372559"
"default_evolutive","45","1","9","20460.0011231562","1023","0","20.0000010979044","20","0.0116208659666073","0.00171362957917154","0.0222425740212202","87.3053283691406","0.229081105031085","4616.4966583252","1745.2211894989","203.577050685883","2650.83975028992","4271.75256347656","2.7656922172755","111.644905030727","2.55681419372559"
"default_evolutive","45","2","10","20460.0000265474","1023","0","20.0000000259505","20","0.0293412938248366","0.00508756190538406","0.0917659774422646","87.3053283691406","0.229081092752866","5960.79777526855","1406.22934269905","455.262991905212","4111.09594726563","4524.97106933594","2.11650541750714","84.0696091130376","2.55681419372559"
"default_evolutive","45","3","9","20460.0000625141","1023","0","20.0000000611086","20","0.104738243855536","0.00792323891073465","0.32451069355011","87.3053283691406","0.229081093155568","5414.91635894775","1011.78626763821","788.055865764618","3627.07885742188","3810.0466003418","1.52221070660744","59.2973541505635","2.55681419372559"
"default_evolutive","45","4","11","20459.9994519494","1023","0","19.9999994642712","20","0.118687867779623","0.0433209389448166","0.432593107223511","87.3053283691406","0.22908108631936","3882.05438995361","556.696252822876","1232.93951034546","2107.9548034668","4955.43405151367","0.788145474740304","27.0353915486485","2.55681419372559"
"default_evolutive","5","0","13","20460.0001603204","1023","0","20.0000001567159","20","-0.0385816737454241","-0.294669181108475","-0.00139160442631692","87.3053283691406","0.22908109425066","3653.60697174072","3261.77078723907","244.951702654362","132.409108161926","6553.84582519531","5.93430125527084","240.082432329655","2.55681419372559"
"default_evolutive","5","1","12","20459.9994177228","1023","0","19.9999994308141","20","0.0823297744306425","0.0208175629377365","0.183253392577171","87.3053283691406","0.22908108593614","2767.06823730469","2446.64069414139","323.845022439957","0","6003.09689331055","4.28623997373506","177.246756419539","2.55681419372559"
"default_evolutive","5","2","11","20460.0001324081","1023","0","20.0000001294312","20","0.243098509582606","0.102240525186062","0.716808140277863","87.3053283691406","0.229081093938139","2220.83000183105","1568.92045426369","655.985377311707","0","5501.82220458984","2.65293163061142","106.897048011422","2.55681419372559"
"default_evolutive","5","3","9","20460.0002383733","1023","0","20.000000233014","20","0.468640820847617","0.261141777038574","0.993398010730743","87.3053283691406","0.229081095124582","1386.33936309814","761.757359087467","627.852146148682","0","3872.84931945801","1.22984346200246","46.7398997526616","2.55681419372559"
"default_evolutive","5","4","8","20459.9995614567","1023","0","19.9999995713164","20","0.958302803337574","0.573787331581116","1.27818274497986","87.3053283691406","0.229081087545462","2178.19314575195","201.122750759125","1985.0881729126","0","4004.56652832031","0.297733755316585","8.94902817904949","2.55681419372559"
"default_evolutive","60","0","7","20460.0001081623","1023","0","20.0000001057305","20","0.0380111201001065","0.0279120095074177","0.0678128302097321","87.3053283691406","0.22908109366667","3930.52276611328","1234.23451042175","129.738484382629","2571.36701965332","3318.62393188477","1.89217230305076","74.8562281131744","2.55681419372559"
"default_evolutive","60","1","10","20459.9994311752","1023","0","19.999999443964","20","0.0102343095932156","0.00176880042999983","0.0200009681284428","87.3053283691406","0.229081086086761","6902.43355560303","1861.59359264374","226.636504173279","4823.57333755493","4602.86099243164","2.81382812932134","114.028112441301","2.55681419372559"
"default_evolutive","60","2","11","20459.9998692852","1023","0","19.999999872224","20","0.0280571813107765","0.000390860630432144","0.130330041050911","87.3053283691406","0.229081090992074","7703.08448791504","1349.37632286549","851.407752990723","5518.8391418457","4537.10665893555","1.94116765691433","75.7472107131034","2.55681419372559"
"default_evolutive","60","3","11","20460.0003137372","1023","0","20.0000003066834","20","0.0393452580002221","0.0214193798601627","0.0601313523948193","87.3053283691406","0.229081095968396","6554.30905151367","546.370817184448","495.482286453247","5541.28684997559","4545.79769897461","0.757065087556839","24.5862630307674","2.55681419372559"
"default_evolutive","75","0","5","20460.0017784684","1023","0","20.0000017384833","20","0.0827672563493252","0.0616189800202847","0.138678967952728","87.3053283691406","0.22908111236831","1752.72097015381","677.363969802856","107.414883136749","970.951942443848","2414.41976928711","1.0414498411119","39.443171620369","2.55681419372559"
"default_evolutive","75","1","11","20460.0001637617","1023","0","20.0000001600799","20","0.0382792997406796","0.00137259752955288","0.103158704936504","87.3053283691406","0.229081094289191","7937.68437957764","2239.692237854","220.907210350037","5392.88830566406","5067.79083251953","3.4261282440275","138.397224932909","2.55681419372559"
"default_evolutive","75","2","11","20459.9997483924","1023","0","19.9999997540492","20","0.0281172769821503","0.00432798033580184","0.0733376815915108","87.3053283691406","0.229081089638494","7564.46836090088","1347.98156619072","861.019110679626","5358.90484619141","4642.48956298828","1.94515991269145","75.6793550308794","2.55681419372559"
"default_evolutive","75","3","11","20459.9989426795","1023","0","19.9999989664511","20","0.0164403151297434","0.00591835612431169","0.0226015690714121","87.3053283691406","0.229081080617302","7180.73040771484","583.943398475647","473.641183853149","6152.30563354492","4538.08935546875","0.811747178435326","26.5223528146744","2.55681419372559"
"default_evolutive","90","0","5","20460.0008819349","1023","0","20.0000008621065","20","0.390359699726105","0.107117466628551","0.792526721954346","87.3053283691406","0.229081102330242","15111.725227356","233.639142990112","14723.9577465057","188.958892822266","19580.8183288574","0.600258368998766","13.2006783485413","2.55681419372559"
"default_evolutive","90","1","11","20459.9996948196","1023","0","19.9999997016809","20","0.0830727863887494","0.0148098086938262","0.264773011207581","87.3053283691406","0.229081089038664","7214.83450317383","1247.6079736948","812.977217674255","5172.8857421875","4596.74029541016","1.83473424671683","70.3453991319984","2.55681419372559"
"default_evolutive","90","2","10","20460.0004347667","1023","0","20.0000004249919","20","0.0494951255619526","0.016756484284997","0.0827437117695808","87.3053283691406","0.229081097323507","5970.63618469238","436.802395820618","469.162410736084","5090.57147216797","4135.04730224609","0.61369388923049","19.2287648022175","2.55681419372559"
"default_fish","0","0","11","20459.9998520566","1023","0","19.9999998553828","2","-0.00986692362295633","-0.0460587553679943","-0.000567116250749677","56.5300369262695","0.353794211765123","5662.89108276367","3749.32971572876","81.4868968725204","-1795.63866424561","5691.59127807617","7.0700880214572","283.425825595856","3.02153491973877"
"default_fish","0","1","9","20460.0001815031","1023","0","20.0000001774223","2","0.090723325808843","0.0677779912948608","0.178403913974762","56.5300369262695","0.353794217461909","1976.26447296143","1825.22338485718","153.646601557732","0","4546.20355224609","3.29620556905866","125.854177951813","3.02153491973877"
"default_fish","0","2","11","20459.9994928321","1023","0","19.9999995042347","2","0.165657514875585","0.105960324406624","0.323992699384689","56.5300369262695","0.353794205553415","2208.29358673096","1784.58943462372","373.295417308807","-54.0225563049316","5583.39700317383","3.23972454108298","121.922812908888","3.02153491973877"
"default_fish","0","3","10","20459.9998689416","1023","0","19.9999998718881","2","0.631300827860832","0.340905725955963","0.982950329780579","56.5300369262695","0.353794212057097","1491.23956298828","578.223217964172","918.505275726318","0","5103.18453979492","0.936697253957391","30.1389893442392","3.02153491973877"
"default_fish","0","4","6","20460.0010548739","1023","0","20.0000010311573","2","1.08572337031364","0.726988434791565","1.44554960727692","56.5300369262695","0.353794232564233","1713.36637878418","236.089101433754","1482.66513061523","0","2360.54798126221","0.371852712007239","12.3614095486701","3.02153491973877"
"default_fish","10","0","9","20460.0009497934","1023","0","20.0000009284393","2","-0.0140589278178393","-0.0221062209457159","-0.000288201670628041","56.5300369262695","0.353794230747181","2795.10036468506","2515.80333709717","78.975105047226","202.450298309326","4662.01858520508","4.59036878496408","184.632936120033","3.02153491973877"
"default_fish","10","1","11","20459.9992295172","1023","0","19.9999992468399","2","0.357822386378592","0.0171578601002693","1.02164113521576","56.5300369262695","0.353794201000174","242203.848197937","2756.49311828613","239920.780331612","0","266286.234527588","4.93702146410942","195.380927443504","3.02153491973877"
"default_fish","10","2","11","20460.0000316532","1023","0","20.0000000309415","2","0.480221120132641","0.0520541034638882","1.23628652095795","56.5300369262695","0.353794214870706","182031.856163025","1935.2608537674","180455.820643425","0","139832.733428955","3.42607507668436","131.277459710836","3.02153491973877"
"default_fish","10","3","11","20459.9999580037","1023","0","19.9999999589479","2","0.456845690496266","0.0139310276135802","1.32912528514862","56.5300369262695","0.353794213597159","63104.9290390015","1150.80545330048","62080.138906002","0","34418.1244506836","1.88778541330248","68.9199893474579","3.02153491973877"
"default_fish","10","4","11","20459.9995482919","1023","0","19.9999995584476","2","0.612239474600012","0.321220278739929","0.921726584434509","56.5300369262695","0.353794206512425","1281.31266784668","412.707852840424","874.649019241333","0","5626.64761352539","0.596322271041572","18.546211451292","3.02153491973877"
"default_fish","15","0","8","20459.999452489","1023","0","19.9999994647986","2","-0.0224956948077306","-0.0393055863678455","-0.00911810994148254","56.5300369262695","0.353794204855802","2370.27140808105","2049.6340713501","80.8121691942215","135.744911193848","4126.95980834961","3.69224496930838","144.701683998108","3.02153491973877"
"default_fish","15","1","11","20459.9997313307","1023","0","19.9999997373711","2","0.319527591874992","0.00200363108888268","0.941414892673492","56.5300369262695","0.353794209677531","234230.517532349","2725.94341468811","231882.662134171","128.247772216797","281435.451812744","4.85465546324849","191.605062127113","3.02153491973877"
"default_fish","15","2","11","20459.9998105752","1023","0","19.999999814834","2","0.355644234540788","0.0296428874135017","1.14167368412018","56.5300369262695","0.353794211047825","114556.387252808","1769.98983955383","112809.575300217","248.100326538086","99614.2475280762","3.04799434542656","115.338148549199","3.02153491973877"
"default_fish","15","3","13","20460.0004469591","1023","0","20.0000004369101","2","0.398767270720922","0.0453808754682541","1.2045875787735","56.5300369262695","0.353794222052173","63162.0579681396","1405.60966134071","61819.5255966187","98.5890121459961","47456.8347167969","2.2732392908074","85.0432053543627","3.02153491973877"
"default_fish","15","4","10","20459.9999312904","1023","0","19.9999999328352","2","0.507139903306961","0.165333777666092","0.945212602615356","56.5300369262695","0.353794213135233","1720.78870391846","513.173388600349","1010.35365867615","202.716033935547","4737.28074645996","0.775587250594981","27.0007536988705","3.02153491973877"
"default_fish","2","0","9","20459.9993310094","1023","0","19.9999993460502","2","-0.00797456008796063","-0.0140454433858395","-0.00214921543374658","56.5300369262695","0.353794202755176","2686.47338104248","2538.96295928955","90.1336027383804","59.4497184753418","4597.94012451172","4.71485003083944","189.147578120232","3.02153491973877"
"default_fish","2","1","10","20460.0004932279","1023","0","20.0000004821387","2","0.260403359681368","0.0269888676702976","1.0697056055069","56.5300369262695","0.353794222852254","126952.172332764","2263.38677024841","124862.445398331","-89.488151550293","118904.125488281","4.12655076757073","160.979490637779","3.02153491973877"
"default_fish","2","2","10","20459.9992198299","1023","0","19.9999992373704","2","0.181545648723841","0.0875207036733627","0.303450703620911","56.5300369262695","0.353794200832662","1526.95995330811","1137.24136924744","393.404804706573","0","5089.029296875","2.04256554879248","73.0234495103359","3.02153491973877"
"default_fish","2","3","9","20460.0006755374","1023","0","20.0000006603493","2","0.567153311438031","0.302656769752502","0.925255060195923","56.5300369262695","0.353794226004748","1196.15770721436","457.108351230621","743.768426895142","0","4594.85809326172","0.725000578910112","22.5413145795465","3.02153491973877"
"default_fish","2","4","7","20460.0002259616","1023","0","20.0000002208813","2","1.19201245478221","0.789523303508759","1.3999570608139","56.5300369262695","0.353794218230686","3236.87563323975","157.768293499947","3089.64775848389","0","2983.1125793457","0.2356063851621","6.83115191012621","3.02153491973877"
"default_fish","20","0","6","20459.999905073","1023","0","19.9999999072072","2","-0.035269473058482","-0.0585261099040508","-0.0168216042220592","56.5300369262695","0.353794212681882","1114.40383148193","1018.04249954224","98.2799854278564","0","3010.61947631836","1.78693943470716","60.8498574495316","3.02153491973877"
"default_fish","20","1","11","20459.9999136972","1023","0","19.9999999156376","2","0.288495883811265","0.0012628051918","0.860259771347046","56.5300369262695","0.353794212831012","230749.486663818","2748.3634223938","228252.505535126","269.558586120605","299311.089996338","4.78244096413255","188.677523612976","3.02153491973877"
"default_fish","20","2","11","20460.0002486769","1023","0","20.000000243086","2","0.376571922139688","0.00602806359529495","1.01865804195404","56.5300369262695","0.353794218623479","173250.977394104","1917.57908821106","171340.001239777","404.032435759902","185721.242156982","3.2592591047287","124.368709862232","3.02153491973877"
"default_fish","20","3","12","20460.0002374159","1023","0","20.0000002320781","2","0.445380105326573","0.115371406078339","1.10319411754608","56.5300369262695","0.353794218428754","94142.9446716309","1253.12976694107","92680.1223697662","503.380470275879","89245.2351989746","1.99122427543625","72.9662682190537","3.02153491973877"
"default_fish","20","4","12","20459.9998545228","1023","0","19.9999998577936","2","0.337842550128698","0.135146930813789","0.886209964752197","56.5300369262695","0.353794211807768","2540.30673217773","815.618584275246","942.95525932312","788.832509696484","5571.31081390381","1.21947401680518","42.9523616572842","3.02153491973877"
"default_fish","30","0","4","20459.9996706864","1023","0","19.9999996780903","2","-0.064915619790554","-0.0967629998922348","-0.0331212617456913","56.5300369262695","0.353794208628869","705.032554626465","541.947769165039","80.9610624313354","83.5766448974609","2006.78149414063","0.935798816382885","29.186943769455","3.02153491973877"
"default_fish","30","1","11","20460.0004264775","1023","0","20.000000416889","2","0.231422805650668","0.00346060749143362","0.659185767173767","56.5300369262695","0.353794221698005","229590.114471436","2799.35097503662","225573.761597633","2226.69850921631","340937.218566895","4.78039243817329","186.383883476257","3.02153491973877"
"default_fish","30","2","10","20459.999960171","1023","0","19.9999999610664","2","0.265860233083367","0.00822421163320541","0.826115489006042","56.5300369262695","0.353794213634635","140056.392845154","1799.25214576721","136717.492844582","2120.09873199463","176270.24105835","2.96662438288331","112.557214677334","3.02153491973877"
"default_fish","30","3","13","20460.0005237553","1023","0","20.0000005119797","2","0.271578895357939","0.0625686720013618","0.909464180469513","56.5300369262695","0.353794223380132","69222.0275878906","1520.0305120945","66111.0890579224","1884.70108795166","74602.4878234863","2.35113693261519","86.9803237132728","3.02153491973877"
"default_fish","30","4","10","20459.9998171567","1023","0","19.9999998212676","2","0.238717216998339","0.0686628967523575","0.500856161117554","56.5300369262695","0.353794211161634","2767.8724822998","638.270915269852","960.250111579895","1177.72655487061","4924.04641723633","0.969557371921837","34.8041832894087","3.02153491973877"
"default_fish","45","0","4","20459.999335242","1023","0","19.9999993501877","2","-0.140410538762808","-0.186339437961578","-0.11783903837204","56.5300369262695","0.353794202828368","435.06307220459","339.494731903076","97.1313343048096","0","2020.69793701172","0.597525879740715","13.6514286994934","3.02153491973877"
"default_fish","45","1","8","20459.9999399708","1023","0","19.9999999413204","2","0.0381491258449387","0.000322870211675763","0.09636440128088","56.5300369262695","0.353794213285334","3329.32022094727","1395.10163879395","147.996218204498","1790.17381286621","3925.84365844727","2.29903049767017","80.3060158491135","3.02153491973877"
"default_fish","45","2","10","20460.0002651561","1023","0","20.0000002591946","2","0.168748206150485","0.000268875330220908","0.55916702747345","56.5300369262695","0.353794218908437","137560.617050171","2147.80658340454","131802.715820789","4650.09754943848","209286.771514893","3.4377375729382","132.476128160954","3.02153491973877"
"default_fish","45","3","11","20460.0003484797","1023","0","20.0000003406449","2","0.0820950105447661","0.0158705729991198","0.369856178760529","56.5300369262695","0.353794220349269","6009.97534179688","1244.05096197128","846.050590991974","3931.99185180664","4717.76875305176","1.88774130796082","68.2348281494342","3.02153491973877"
"default_fish","45","4","11","20460.000723546","1023","0","20.0000007072785","2","0.146301734176549","0.0552350953221321","0.447281092405319","56.5300369262695","0.353794226834912","6840.04061889648","749.887902975082","1551.74471473694","4557.07510733604","4487.80177307129","1.07584918267094","37.352798236534","3.02153491973877"
"default_fish","5","0","9","20459.9993943268","1023","0","19.9999994079441","2","-0.00715410701620082","-0.0144206453114748","-0.00145532202441245","56.5300369262695","0.353794203850061","2593.93406677246","2505.7554397583","76.8289612531662","13.4614100456238","4670.72265625","4.62891513854265","185.618096828461","3.02153491973877"
"default_fish","5","1","11","20459.9998845637","1023","0","19.9999998871591","2","0.386992112140764","0.0211372524499893","1.0715959072113","56.5300369262695","0.353794212327236","241393.007904053","2715.70774650574","239141.880902767","0","245916.13848877","4.96913181617856","195.559081435204","3.02153491973877"
"default_fish","5","2","12","20460.0004233091","1023","0","20.0000004137919","2","0.500560587272048","0.0663542225956917","1.27132403850555","56.5300369262695","0.353794221643217","182806.719818115","1920.56109666824","181241.865907669","0","123244.714019775","3.47465736977756","132.153717592359","3.02153491973877"
"default_fish","5","3","9","20459.999683573","1023","0","19.9999996906872","2","0.370224280075894","0.0439147315919399","0.748696148395538","56.5300369262695","0.353794208851705","1018.19428253174","676.507814407349","345.493384838104","0","4589.90234375","1.11220054887235","37.882728099823","3.02153491973877"
"default_fish","5","4","9","20460.0004286565","1023","0","20.000000419019","2","0.87782895565033","0.451831459999084","1.19004571437836","56.5300369262695","0.353794221735684","1912.38455963135","300.124356269836","1619.87139511108","0","4587.6474609375","0.443174378946424","13.4358555972576","3.02153491973877"
"default_fish","60","0","11","20459.9989765246","1023","0","19.9999989995353","2","0.056128730785779","0.00452166702598333","0.159985288977623","56.5300369262695","0.353794196625428","6451.00497436523","2948.45111846924","148.949110746384","3355.69877624512","5438.38388061523","4.87663566321135","188.720519959927","3.02153491973877"
"default_fish","60","1","10","20459.9992570549","1023","0","19.9999992737585","2","0.0448815706651658","0.00124496081843972","0.190332725644112","56.5300369262695","0.353794201476357","3989.69453430176","2234.08461666107","175.718187332153","1499.38172912598","4907.06051635742","3.58938608691096","136.855477035046","3.02153491973877"
"default_fish","60","2","11","20460.0010227966","1023","0","20.0000009998011","2","0.0275996271944181","0.00538519537076354","0.0474033914506435","56.5300369262695","0.353794232009552","7026.01140594482","1361.31218290329","370.449816703796","5305.18148803711","5070.11962890625","2.01587746292353","72.6070747375488","3.02153491973877"
"default_fish","60","3","11","20460.0004848125","1023","0","20.0000004739125","2","0.039952000264417","0.00540634989738464","0.0933853983879089","56.5300369262695","0.353794222706735","4653.48300933838","702.727630615234","404.821380615234","3558.80520534515","5106.91067504883","0.962604332715273","31.5019205212593","3.02153491973877"
"default_fish","75","0","10","20460.0007150975","1023","0","20.0000006990201","2","0.0515183073468506","0.00215731747448444","0.142121776938438","56.5300369262695","0.353794226688822","7446.3473815918","2409.20992279053","134.977467775345","4899.53881835938","4815.25805664063","3.66707053780556","142.598317265511","3.02153491973877"
"default_fish","75","1","11","20459.9999897765","1023","0","19.9999999900064","2","0.0468779671302235","0.00243018963374197","0.139923855662346","56.5300369262695","0.353794214146574","7036.86074829102","1489.11699342728","412.355806350708","5144.21674346924","5212.57723999023","2.15242748428136","80.1664699688554","3.02153491973877"
"default_fish","75","2","11","20459.9996421508","1023","0","19.9999996501962","2","0.0380699461833997","0.0149511750787497","0.0600584000349045","56.5300369262695","0.353794208135432","8225.03276062012","731.525568008423","396.436822891235","7117.34643554688","4696.51165771484","1.00951618514955","33.4197514057159","3.02153491973877"
"default_fish","90","0","10","20460.0003745602","1023","0","20.000000366139","2","0.173372256755829","0.0484072044491768","0.409505426883698","56.5300369262695","0.353794220800252","176895.072875977","1749.12474346161","174943.053009987","599.137756347656","294968.346984863","2.95844128355384","106.660772323608","3.02153491973877"
"default_fish","90","1","10","20460.0004217149","1023","0","20.0000004122335","2","0.0903278193727601","0.000871110067237169","0.222808048129082","56.5300369262695","0.35379422161565","6060.90141296387","1153.27451062202","459.770451068878","4459.52262115479","4906.9541015625","1.67913402477279","61.5619318261743","3.02153491973877"
"default_fish","90","2","10","20459.9993211955","1023","0","19.999999336457","2","0.0456794636789709","0.00546516245231032","0.0943881720304489","56.5300369262695","0.353794202585476","7702.74411010742","627.058088302612","395.159936904907","6700.88464355469","4334.19931030273","0.877689624205232","29.1558793783188","3.02153491973877"
"default_longboard","0","0","13","20459.9992483498","1023","0","19.9999992652491","4","-0.0331035630984283","-0.230036854743958","-1.87137102329871E-05","100000","0.000199999992652491","227107.313087463","4478.01028251648","221171.668412909","-1839.87574768066","396937.381469727","8.58237506076694","396.270134076476","4.67360591888428"
"default_longboard","0","1","11","20460.0008413532","1023","0","20.0000008224371","4","0.512118768285621","0.0754562988877296","1.27583110332489","100000","0.000200000008224371","319550.119094849","3294.47647857666","316612.339416504","-169.647497177124","231969.44317627","6.12643468752503","282.126196563244","4.67360591888428"
"default_longboard","0","2","9","20459.9998718469","1023","0","19.9999998747282","4","0.495438820785946","0.127362087368965","1.36479258537292","100000","0.000199999998747282","57866.2179794312","1355.80153465271","56617.4435539246","0","25646.1153564453","2.37861341424286","97.7329867780209","4.67360591888428"
"default_longboard","0","3","8","20459.9995537171","1023","0","19.9999995637508","4","0.881783656775951","0.490039169788361","1.48028910160065","100000","0.000199999995637508","8938.94270324707","440.763144493103","8518.07097244263","0","4682.94964599609","0.70614181086421","24.044127933681","4.67360591888428"
"default_longboard","0","4","7","20460.0007475797","1023","0","20.000000730772","4","1.302604334695","1.06081986427307","1.41867351531982","100000","0.00020000000730772","2576.6544342041","197.811128377914","2387.9688949585","0","2616.73446655273","0.321948976255953","10.9192559588701","4.67360591888428"
"default_longboard","10","0","11","20460.0015209742","1023","0","20.0000014867783","4","-0.123288474088027","-0.465737015008926","-0.00732156680896878","100000","0.000200000014867783","223196.029510498","2982.77251720428","219595.770334482","643.778701782227","387075.401123047","5.39929229393601","246.00707256794","4.67360591888428"
"default_longboard","10","1","12","20459.9999597197","1023","0","19.9999999606253","4","0.440212295390666","0.0475024729967117","1.15093076229095","100000","0.000199999999606253","326134.210983276","3337.13559794426","321756.958702087","429.061233520508","289486.089080811","5.94705962366425","273.096124891192","4.67360591888428"
"default_longboard","10","2","12","20459.9997253893","1023","0","19.9999997315633","4","0.626834770043691","0.0806979462504387","1.26406836509705","100000","0.000199999997315633","310582.554908752","2932.61338615417","306914.449832916","957.149883270264","203396.875518799","5.08035818859935","229.829458028078","4.67360591888428"
"default_longboard","10","3","13","20460.0002864494","1023","0","20.0000002800092","4","0.692790045188023","0.0455398559570313","1.32870411872864","100000","0.000200000002800092","138219.888389587","1607.45030021667","135036.718164444","1959.77770996094","78581.6254882813","2.65389712527394","117.651156336069","4.67360591888428"
"default_longboard","10","4","10","20460.0003169604","1023","0","20.0000003098342","4","0.827135133743286","0.430048018693924","1.33044946193695","100000","0.000200000003098342","23509.7907028198","418.388032436371","22320.2063484192","932.850280761719","12789.2663879395","0.626228017732501","24.0202016979456","4.67360591888428"
"default_longboard","15","0","8","20459.9995970412","1023","0","19.9999996061009","4","-0.034853957942687","-0.0925726741552353","-0.00852329656481743","100000","0.000199999996061009","1733.64451599121","1216.08841228485","236.383997440338","284.016441345215","4144.62164306641","2.07062578573823","76.7196774631739","4.67360591888428"
"default_longboard","15","1","12","20460.0005908591","1023","0","20.0000005775749","4","0.391796088156601","0.0415687374770641","1.05334150791168","100000","0.000200000005775749","325797.339065552","3349.78705334663","320820.288983345","1086.56855773926","328840.973266602","5.80972931766883","266.305607702583","4.67360591888428"
"default_longboard","15","2","12","20459.9999176437","1023","0","19.9999999194953","4","0.5534238445883","0.0623656325042248","1.15230596065521","100000","0.000199999999194953","295055.76386261","2867.83647346497","290419.826036453","2551.52004241943","241629.430755615","4.76631427183747","214.970353245735","4.67360591888428"
"default_longboard","15","3","12","20459.9999845387","1023","0","19.9999999848863","4","0.657148992021879","0.0676207840442657","1.22280490398407","100000","0.000199999999848863","153781.615898132","1789.07333946228","148259.48223877","5024.8051071167","107633.884887695","2.82960378192365","122.801674664021","4.67360591888428"
"default_longboard","15","4","11","20459.9996068297","1023","0","19.9999996156693","4","0.595018151131543","0.299794882535934","0.870611548423767","100000","0.000199999996156693","4176.48737335205","331.602689266205","1822.55299949646","2037.97386169434","5475.45034790039","0.467038162983954","16.084836140275","4.67360591888428"
"default_longboard","2","0","12","20459.9998356086","1023","0","19.9999998393046","4","-0.113793312358515","-0.710679829120636","-0.000624707259703428","100000","0.000199999998393046","309766.492835999","3774.64329862595","305648.709248245","-895.916976928711","492526.461303711","7.156518493779","332.031459517777","4.67360591888428"
"default_longboard","2","1","11","20459.9997644906","1023","0","19.9999997697856","4","0.444386113096367","0.0728360712528229","1.26993417739868","100000","0.000199999997697856","230411.719940186","2676.42314958572","228107.46786499","73.8890533447266","179273.135681152","4.89775278139859","220.123805604875","4.67360591888428"
"default_longboard","2","2","11","20460.0005489853","1023","0","20.0000005366425","4","0.729237551716241","0.110646821558475","1.37281465530396","100000","0.000200000005366425","235208.260505676","2308.76698112488","233335.934104919","0","109046.015869141","4.14998290734366","185.020189620554","4.67360591888428"
"default_longboard","2","3","10","20459.9995038588","1023","0","19.9999995150134","4","0.897739484906197","0.454628735780716","1.41969525814056","100000","0.000199999995150134","43576.7608337402","697.495333194733","42963.6247787476","0","16107.3891601563","1.16220766305923","44.8997852876782","4.67360591888428"
"default_longboard","2","4","8","20460.0004078205","1023","0","20.0000003986515","4","1.20355054736137","0.877014636993408","1.32281219959259","100000","0.000200000003986515","3647.86391448975","226.1079454422","3433.71083831787","0","3906.45492553711","0.346974747255445","11.39378079772","4.67360591888428"
"default_longboard","20","0","7","20459.9996820107","1023","0","19.99999968916","4","-0.0402826801208513","-0.0727082788944244","-0.0105721419677138","100000","0.0001999999968916","1407.48945617676","913.83549118042","272.001202583313","224.286003112793","3632.40823364258","1.52591608185321","53.3608081489801","4.67360591888428"
"default_longboard","20","1","11","20459.9996083584","1023","0","19.9999996171636","4","0.355317399752411","0.0265312548726797","0.951179265975952","100000","0.000199999996171636","326422.020217896","3428.73570728302","320621.98652935","2835.69242858887","369420.918334961","5.86922649014741","267.686870619655","4.67360591888428"
"default_longboard","20","2","12","20459.9993528892","1023","0","19.9999993674381","4","0.505678437960645","0.0495782010257244","1.03749883174896","100000","0.000199999993674381","302311.517105103","2945.88175535202","296282.08768177","3569.58758544922","292073.61605835","4.81796815246344","217.750119328499","4.67360591888428"
"default_longboard","20","3","11","20460.0005871413","1023","0","20.0000005739406","4","0.515253358943896","0.0440251007676125","1.08289504051208","100000","0.000200000005739406","149835.603462219","1872.91469669342","143114.032162666","6093.54426574707","130014.589874268","2.92009652219713","126.674178063869","4.67360591888428"
"default_longboard","20","4","12","20459.9994057513","1023","0","19.9999994191117","4","0.418879965941111","0.0979826748371124","0.744934737682343","100000","0.000199999994191117","4712.72694396973","496.559134960175","1763.61522483826","2467.6212387085","5963.45803833008","0.713437240105122","26.9463200420141","4.67360591888428"
"default_longboard","30","0","6","20460.0003342442","1023","0","20.0000003267294","4","-0.085512051358819","-0.13653127849102","-0.0400567799806595","100000","0.000200000003267294","1060.41117095947","650.575259208679","265.847875595093","146.382286071777","3121.75436401367","1.05829764995724","34.4444800764322","4.67360591888428"
"default_longboard","30","1","7","20459.9978422896","1023","0","19.9999978908012","4","0.0291876021240439","0.0121396193280816","0.0864270552992821","100000","0.000199999978908012","3105.13372802734","1072.0082244873","200.560629844666","1836.11862182617","3516.6360168457","1.66679509542882","60.8834727108479","4.67360591888428"
"default_longboard","30","2","12","20460.0001292713","1023","0","20.0000001263649","4","0.379663694649935","0.0455285124480724","0.841005206108093","100000","0.000200000001263649","308277.20274353","3084.35493087769","300390.886754036","6335.77127075195","374903.25112915","4.8692938555032","219.620508909225","4.67360591888428"
"default_longboard","30","3","11","20460.0006211753","1023","0","20.0000006072095","4","0.399071543731473","0.0325621515512466","0.883559286594391","100000","0.000200000006072095","159429.968482971","1777.71644020081","153174.10138464","6192.37786865234","177678.234741211","2.67482226900756","118.392987132072","4.67360591888428"
"default_longboard","30","4","11","20459.9997061233","1023","0","19.9999997127305","4","0.246906112371521","0.02911008708179","0.538777828216553","100000","0.000199999997127305","4084.14186096191","647.192709684372","2170.2593536377","1275.98349952698","7383.01763916016","0.981709213927388","42.4412903636694","4.67360591888428"
"default_longboard","45","0","3","20460.0020640377","1023","0","20.0000020176322","4","-0.188698748747508","-0.235526740550995","-0.153118312358856","100000","0.000200000020176322","256.522041320801","137.064695358276","120.766553878784","0","1573.07208251953","0.209187224507332","4.33752882480621","4.67360591888428"
"default_longboard","45","1","6","20460.000812797","1023","0","20.000000794523","4","0.0260888285314043","0.0206121485680342","0.0354320183396339","100000","0.00020000000794523","2752.91329193115","818.749761581421","188.581928253174","1748.89195251465","3015.15521240234","1.24476288259029","43.283131301403","4.67360591888428"
"default_longboard","45","2","11","20459.9995474419","1023","0","19.9999995576167","4","0.208108414419588","0.00101039034780115","0.597070336341858","100000","0.000199999995576167","247581.886222839","2727.6301202774","239284.831001282","7255.52350616455","363680.237579346","4.14009541086853","184.151487380266","4.67360591888428"
"default_longboard","45","3","11","20460.0000621084","1023","0","20.000000060712","4","0.159682020883669","0.00284632667899132","0.598151504993439","100000","0.00020000000060712","87504.0857696533","1475.95028686523","82020.3478069305","4893.95890808105","121501.30859375","2.15791716519743","95.5942022502422","4.67360591888428"
"default_longboard","45","4","11","20460.0001678201","1023","0","20.0000001640471","4","0.126385620117865","0.0100828083232045","0.316155314445496","100000","0.000200000001640471","5647.67802429199","197.791414022446","3096.27433013916","2364.09033203125","5602.19763183594","0.272226707078516","8.73688698559999","4.67360591888428"
"default_longboard","5","0","12","20459.9992511529","1023","0","19.9999992679892","4","-0.158787788726234","-0.798424780368805","-0.0020012513268739","100000","0.000199999992679892","308737.979522705","3819.25913763046","304887.012524396","191.2689037323","455024.159698486","7.18851652089506","333.770703390241","4.67360591888428"
"default_longboard","5","1","12","20459.9998279028","1023","0","19.999999831772","4","0.491565654364725","0.039254155009985","1.25994408130646","100000","0.00019999999831772","322106.623321533","3308.23247098923","319140.32886219","329.092315673828","238364.666595459","6.07741076173261","278.457343243062","4.67360591888428"
"default_longboard","5","2","12","20459.9997460108","1023","0","19.9999997517213","4","0.716622521479925","0.096905842423439","1.38213741779327","100000","0.000199999997517213","320803.081993103","2913.10467767715","318098.517136574","-256.322647094727","150837.371826172","5.2091994676739","235.935461223125","4.67360591888428"
"default_longboard","5","3","11","20459.9997103596","1023","0","19.9999997168716","4","0.916677745905789","0.35169643163681","1.38996016979218","100000","0.000199999997168716","155074.809585571","1369.90716981888","153841.175361633","30.4900360107422","60892.4297485352","2.34100619610399","102.911074504256","4.67360591888428"
"default_longboard","5","4","8","20460.0003575084","1023","0","20.0000003494705","4","1.03160354495049","0.634103298187256","1.24700200557709","100000","0.000200000003494705","2584.77292633057","226.160625457764","2367.56224822998","0","4170.76104736328","0.330786312930286","10.7212273478508","4.67360591888428"
"default_longboard","60","0","6","20460.0009984403","1023","0","20.0000009759925","4","0.0726768461366494","0.0535803958773613","0.105919368565083","100000","0.000200000009759925","2140.3657913208","760.071781158447","202.699419975281","1180.64779663086","3057.5339050293","1.13532912358642","37.1212233006954","4.67360591888428"
"default_longboard","60","1","11","20459.9992528311","1023","0","19.9999992696296","4","0.113003722815351","0.00828935019671917","0.374384939670563","100000","0.000199999992696296","196444.917655945","2789.23760032654","188344.193552494","6715.76064300537","309189.559814453","4.1928935199976","182.978121072054","4.67360591888428"
"default_longboard","60","2","11","20459.9998303611","1023","0","19.9999998341751","4","0.0478494578856044","0.000364046136382967","0.367648899555206","100000","0.000199999998341751","47615.3132705688","1845.76423001289","36861.614030838","9455.48895263672","63100.3040161133","2.64646211685613","111.514209866524","4.67360591888428"
"default_longboard","60","3","10","20459.9996570075","1023","0","19.999999664719","4","0.0580840297741815","0.00292847561649978","0.132992565631866","100000","0.00019999999664719","10932.4354248047","650.627393484116","1941.63396263123","8357.66479492188","4443.40771484375","0.884058043593541","32.1371053904295","4.67360591888428"
"default_longboard","75","0","6","20460.0004794538","1023","0","20.0000004686743","4","0.120663891235987","0.0816578641533852","0.20527546107769","100000","0.000200000004686743","2322.17425537109","773.532661437988","175.909098625183","1375.71371459961","3059.57434082031","1.15718435682356","37.5765919089317","4.67360591888428"
"default_longboard","75","1","11","20460.0007010684","1023","0","20.0000006853063","4","0.0901083096184514","0.0569358058273792","0.173577517271042","100000","0.000200000006853063","205867.476882935","2873.49320888519","197793.936758518","6028.72945022583","339648.96862793","4.33239632286131","186.940231114626","4.67360591888428"
"default_longboard","75","2","11","20459.9998763796","1023","0","19.9999998791589","4","0.0440745324912396","0.00835929159075022","0.0701026022434235","100000","0.000199999998791589","12220.9841003418","1905.17332291603","395.719981193542","8560.65234375","5246.18371582031","2.74254000606015","113.586328305304","4.67360591888428"
"default_longboard","75","3","11","20460.0002961846","1023","0","20.0000002895255","4","0.035701491414908","0.000790633668657392","0.203019618988037","100000","0.000200000002895255","24229.0863342285","825.167187213898","12539.4068603516","11444.9921875","23693.9819335938","1.12473466759548","42.9143879674375","4.67360591888428"
"default_longboard","90","0","6","20460.0003709537","1023","0","20.0000003626136","4","0.173898562788963","0.103624850511551","0.324219107627869","100000","0.000200000003626136","2169.56332397461","769.359332084656","188.816821098328","1214.34594726563","3060.86889648438","1.18088479340076","37.7720154821873","4.67360591888428"
"default_longboard","90","1","11","20459.9989073474","1023","0","19.9999989319134","4","0.0905983497557992","0.00762916961684823","0.189513385295868","100000","0.000199999989319134","10576.4542388916","2569.7878818512","189.982685565948","7396.67230224609","5690.12564086914","3.95501454360783","163.615357905626","4.67360591888428"
"default_longboard","90","2","10","20459.9993376869","1023","0","19.9999993525776","4","0.0863716725260019","0.031465508043766","0.186689302325249","100000","0.000199999993525776","10586.6973419189","1605.42666912079","380.084570884705","8616.7880859375","4748.77578735352","2.35078493552282","96.7853085398674","4.67360591888428"
"default_longboard","90","3","10","20459.999949724","1023","0","19.9999999508544","4","0.0668967659119517","0.00312398886308074","0.112944699823856","100000","0.000199999999508544","20039.8332977295","712.519194602966","9824.94676494598","10002.4733886719","21215.7833251953","0.992860876955092","36.4349464029074","4.67360591888428"
"default_paddle","0","0","13","20460.0000765027","1023","0","20.0000000747827","4","-0.0163803826208795","-0.0905483514070511","-1.8399008695269E-05","19.0781726837158","1.048318432082","330621.501533508","5169.38016939163","322511.114766177","-751.546981811523","581672.015869141","9.91794146969914","799.371091857553","6.58317470550537"
"default_paddle","0","1","10","20460.0012021904","1023","0","20.0000011751617","4","0.510635301098228","0.0430818237364292","1.25235521793365","19.0781726837158","1.04831848975938","340303.853614807","3181.94622707367","336279.798174262","433.330741882324","301354.807617188","5.87057826854289","465.769916504622","6.58317470550537"
"default_paddle","0","2","9","20460.0007426517","1023","0","20.0000007259547","4","0.715086728334427","0.111278668045998","1.3562034368515","19.0781726837158","1.04831846621378","245462.325744629","2259.05014419556","242383.220923424","398.31078338623","132043.609985352","4.07809317857027","312.963795542717","6.58317470550537"
"default_paddle","0","3","8","20459.9994095052","1023","0","19.9999994227812","4","0.634234087541699","0.125303044915199","1.41294276714325","19.0781726837158","1.04831839790675","43927.6345825195","1225.05294513702","42374.4813644886","460.083541870117","15826.6452636719","2.14366865810007","160.190029025078","6.58317470550537"
"default_paddle","0","4","7","20460.0007134851","1023","0","20.0000006974439","4","1.24439077717917","0.952277541160583","1.36592674255371","19.0781726837158","1.04831846471936","3163.16018676758","227.461501121521","2946.09701538086","0","3350.44216918945","0.364628439769149","22.2465269863605","6.58317470550537"
"default_paddle","10","0","11","20460.0000594807","1023","0","20.0000000581434","4","-0.122127681801265","-0.366191685199738","-0.00811901409178972","19.0781726837158","1.04831843120984","356865.380317688","3529.50799274445","352385.40721637","866.876472473145","628744.594177246","6.49122021067888","521.298365332186","6.58317470550537"
"default_paddle","10","1","11","20459.9993081582","1023","0","19.9999993237128","4","0.485076574778015","0.0314467772841454","1.09915673732758","19.0781726837158","1.04831839271398","451444.765060425","3910.69049310684","444442.54508996","955.953895568848","457794.353393555","7.04984829109162","566.707423985004","6.58317470550537"
"default_paddle","10","2","11","20459.9994254862","1023","0","19.9999994384029","4","0.696609039198269","0.0888277888298035","1.2365597486496","19.0781726837158","1.04831839872557","428725.312797546","3469.64146995544","422009.466384888","2350.21533203125","320184.920532227","6.09512094967067","482.489674925804","6.58317470550537"
"default_paddle","10","3","11","20459.9986715358","1023","0","19.9999987014035","4","0.727769983085719","0.177790880203247","1.31059074401855","19.0781726837158","1.04831836009507","177496.835632324","1933.12553310394","171230.479888916","4770.06970977783","102846.554077148","3.26304323738441","253.140516027808","6.58317470550537"
"default_paddle","10","4","11","20460.0001906252","1023","0","20.0000001863394","4","0.70092524452643","0.441608101129532","1.31850218772888","19.0781726837158","1.04831843792935","27878.6296539307","459.951594352722","24473.3595314026","3225.67114257813","15007.6278076172","0.689738770015538","47.171922326088","6.58317470550537"
"default_paddle","15","0","10","20459.9993088634","1023","0","19.9999993244021","4","-0.124988846387714","-0.303613364696503","-0.0102735059335828","19.0781726837158","1.04831839275012","332890.457878113","3416.0519990921","326461.630661905","817.748168945313","592286.050048828","6.14302233606577","483.601435661316","6.58317470550537"
"default_paddle","15","1","11","20460.0001725586","1023","0","20.0000001686789","4","0.4345334880054","0.0202675759792328","1.00085580348969","19.0781726837158","1.04831843700366","442845.101890564","3908.0249786377","435739.391920447","2825.36909484863","507101.888061523","6.9131599701941","556.211896598339","6.58317470550537"
"default_paddle","15","2","11","20459.9991496437","1023","0","19.9999991687622","4","0.624388362196359","0.0797651037573814","1.12741684913635","19.0781726837158","1.0483183845921","417863.845718384","3485.20960617065","410899.357390404","3786.77033996582","381713.148040771","5.96226095966995","472.376373648643","6.58317470550537"
"default_paddle","15","3","12","20460.0000634212","1023","0","20.0000000619953","4","0.627090925971667","0.147945940494537","1.22514581680298","19.0781726837158","1.04831843141174","160802.509307861","1775.79536151886","148945.964668274","11282.5447387695","116608.547485352","2.79741087229922","209.319499984384","6.58317470550537"
"default_paddle","15","4","11","20459.9991416331","1023","0","19.9999991609317","4","0.448784163052385","0.0381179004907608","1.2129567861557","19.0781726837158","1.04831838418166","28613.154296875","520.35188293457","23838.800611496","4706.96691894531","18450.346862793","0.769431938417256","54.6838828921318","6.58317470550537"
"default_paddle","2","0","12","20460.0009513075","1023","0","20.0000009299194","4","-0.0662496817458305","-0.380049139261246","-0.000165227014804259","19.0781726837158","1.04831847690478","448129.721160889","4339.79506731033","441184.39083007","-956.113960266113","777683.508728027","8.2332821181044","665.893323048949","6.58317470550537"
"default_paddle","2","1","11","20459.9995608509","1023","0","19.9999995707242","4","0.553579104894942","0.0430614203214645","1.24912655353546","19.0781726837158","1.04831840566132","460654.099533081","3895.39749717712","456667.765776157","706.126281738281","393661.75994873","7.25398976542056","580.691567674279","6.58317470550537"
"default_paddle","2","2","10","20459.9989677684","1023","0","19.9999989909759","4","0.664441592246294","0.0639009550213814","1.35120320320129","19.0781726837158","1.04831837527327","275484.087867737","2662.50320243835","271568.077709556","327.785263061523","145009.414916992","4.80354859307408","375.447781383991","6.58317470550537"
"default_paddle","2","3","8","20459.9994867691","1023","0","19.999999498308","4","0.88998069986701","0.31204679608345","1.3988755941391","19.0781726837158","1.04831840186555","86939.2929840088","894.251083850861","85691.8966064453","372.624176025391","32527.5337219238","1.5355278858915","111.759038463235","6.58317470550537"
"default_paddle","2","4","7","20459.9993266202","1023","0","19.9999993417598","4","1.11975148745946","0.738568663597107","1.31343615055084","19.0781726837158","1.04831839365993","3369.97373962402","213.934034824371","3166.12409973145","0","3622.64782714844","0.32531800866127","19.8207385241985","6.58317470550537"
"default_paddle","20","0","9","20460.0011450935","1023","0","20.0000011193485","4","-0.0909762809880906","-0.195475175976753","-0.0152260093018413","19.0781726837158","1.04831848683388","219348.412010193","2645.38913917542","213940.284970403","72.7430591583252","401623.39666748","4.6154702808708","347.806646585464","6.58317470550537"
"default_paddle","20","1","11","20459.9999935792","1023","0","19.9999999937235","4","0.396875699304722","0.0196156930178404","0.90297794342041","19.0781726837158","1.04831842783321","444834.698646545","3937.39800643921","437559.839338541","4004.72947692871","544407.871520996","6.8191183898598","543.234980687499","6.58317470550537"
"default_paddle","20","2","11","20460.0001202285","1023","0","20.0000001175254","4","0.551177432929928","0.0580272413790226","1.01861393451691","19.0781726837158","1.0483184343224","417135.896949768","3626.0324306488","408386.529037476","6323.59396362305","437920.358123779","6.06954297237098","479.853048980236","6.58317470550537"
"default_paddle","20","3","12","20459.9993040923","1023","0","19.9999993197383","4","0.584301741793752","0.06304881721735","1.12779855728149","19.0781726837158","1.04831839250566","146545.537643433","1599.9236907959","135844.005615473","11397.2579345703","119502.517456055","2.50197407696396","191.651261150837","6.58317470550537"
"default_paddle","20","4","10","20459.9998810179","1023","0","19.999999883693","4","0.324972713366151","0.0429406575858593","1.14230704307556","19.0781726837158","1.04831842206586","26604.3522186279","442.41143321991","22347.1588859558","4438.00158691406","18885.6870117188","0.620445351116359","42.4965929090977","6.58317470550537"
"default_paddle","30","0","5","20460.0004732636","1023","0","20.0000004626233","4","-0.0918729275465012","-0.192666292190552","-0.0329198464751244","19.0781726837158","1.04831845241103","968.659423828125","603.878680229187","152.035836696625","214.61212348938","2688.66925048828","0.985384711995721","55.0594905614853","6.58317470550537"
"default_paddle","30","1","11","20459.9998888329","1023","0","19.9999998913323","4","0.294395595196296","0.00550476741045713","0.732124447822571","19.0781726837158","1.04831842246628","446777.143562317","4070.67660808563","437622.189211369","7277.90438842773","634706.951660156","6.85788545571268","545.589208677411","6.58317470550537"
"default_paddle","30","2","11","20460.0000078762","1023","0","20.0000000076991","4","0.327281723730266","0.00866470206528902","0.839996576309204","19.0781726837158","1.04831842856576","287454.16582489","3156.94142913818","277674.958392501","8597.97369384766","360058.002563477","5.11112740077078","397.570479333401","6.58317470550537"
"default_paddle","30","3","11","20459.9996606174","1023","0","19.9999996682477","4","0.388531262901696","0.0479803085327148","0.899386346340179","19.0781726837158","1.0483184107731","136172.360778809","1673.07439923286","125858.926081657","10443.3204345703","148559.940673828","2.5428563808091","196.179875820875","6.58317470550537"
"default_paddle","30","4","11","20459.9994350329","1023","0","19.999999447735","4","0.265932833945209","0.0356162898242474","0.969217598438263","19.0781726837158","1.04831839921472","35793.1023101807","1096.43235969543","27348.7959604263","8133.943359375","32197.8729858398","1.62058043759316","123.577223032713","6.58317470550537"
"default_paddle","45","0","4","20459.9999902842","1023","0","19.9999999905027","4","-0.178268078714609","-0.267344772815704","-0.080308124423027","19.0781726837158","1.04831842766439","790.674201965332","374.382303237915","133.615162849426","284.661163330078","2165.32940673828","0.598488669842482","30.4206629395485","6.58317470550537"
"default_paddle","45","1","11","20460.0000905704","1023","0","20.0000000885341","4","0.206944630819966","0.0102680856361985","0.488053172826767","19.0781726837158","1.0483184328028","501075.406990051","4317.76459026337","486045.810510635","1603.91014099121","812093.75012207","7.04109543375671","558.505264252424","6.58317470550537"
"default_paddle","45","2","11","20459.9989637765","1023","0","19.9999989870738","4","0.200539879225702","0.00288781919516623","0.588635087013245","19.0781726837158","1.04831837506874","281739.887985229","3204.65060329437","271271.055001378","9217.30749511719","421690.354614258","5.00302671268582","389.202136516571","6.58317470550537"
"default_paddle","45","3","11","20460.0001331995","1023","0","20.0000001302047","4","0.32078872451728","0.00237963814288378","0.607437789440155","19.0781726837158","1.048318434987","168898.457901001","2198.91399550438","154769.210004807","14747.3250732422","233806.581604004","3.25748788006604","246.633472934365","6.58317470550537"
"default_paddle","45","4","10","20459.9988266635","1023","0","19.9999988530435","4","0.369933599233627","0.021137822419405","0.68984317779541","19.0781726837158","1.04831836804342","68054.3947753906","996.013801574707","53314.677062273","15486.999786377","74786.4307861328","1.331388913095","94.9362097978592","6.58317470550537"
"default_paddle","5","0","12","20460.0001182758","1023","0","20.0000001156166","4","-0.091258556349203","-0.318875283002853","-0.000936032505705953","19.0781726837158","1.04831843422235","470186.898788452","4207.81493592262","464515.472703964","-821.306785583496","841823.384765625","7.86447940766811","642.966338157654","6.58317470550537"
"default_paddle","5","1","11","20460.000500687","1023","0","20.0000004894301","4","0.532120892608708","0.0424612052738667","1.19846892356873","19.0781726837158","1.04831845381613","454914.062057495","3880.63696956635","448872.755997658","-416.344947814941","412679.214355469","7.14461023546755","572.204464763403","6.58317470550537"
"default_paddle","5","2","10","20460.0006702731","1023","0","20.0000006552034","4","0.717802612483501","0.108407452702522","1.31473195552826","19.0781726837158","1.04831846250529","342513.926101685","2823.02948379517","337294.124969482","-197.26139831543","216981.249023438","5.04474938847125","397.032221496105","6.58317470550537"
"default_paddle","5","3","10","20460.0000008266","1023","0","20.000000000808","4","0.853426787257195","0.151151239871979","1.37032294273376","19.0781726837158","1.04831842820455","187256.522460938","1786.62543773651","183085.102334261","2542.30872344971","78451.3534851074","3.09991913009435","238.761432245374","6.58317470550537"
"default_paddle","5","4","9","20460.0005461731","1023","0","20.0000005338935","4","0.998793588744269","0.904444098472595","1.07609331607819","19.0781726837158","1.04831845614672","2602.66395568848","210.661407470703","1920.89065551758","483.82918548584","4870.13641357422","0.300824919715524","17.6323437988758","6.58317470550537"
"default_paddle","60","0","11","20459.9991304512","1023","0","19.9999991500012","4","0.117134938355197","0.00963879562914371","0.284767180681229","19.0781726837158","1.04831838360873","498725.780677795","4397.0684504509","489755.088496208","7574.86172485352","857368.969421387","7.09346449794248","555.610248580575","6.58317470550537"
"default_paddle","60","1","11","20460.0001523846","1023","0","20.0000001489585","4","0.141611031679945","0.0295921694487333","0.373040199279785","19.0781726837158","1.04831843597","319287.143623352","3182.90852546692","310603.365211964","8083.64522171021","538189.324462891","4.87116693891585","373.58529394865","6.58317470550537"
"default_paddle","60","2","11","20459.999958077","1023","0","19.9999999590196","4","0.135189536895434","0.000658211763948202","0.384033203125","19.0781726837158","1.04831842601417","143073.644515991","2528.13203406334","126438.482025385","15593.3239135742","217097.189819336","3.66503240261227","280.041014567018","6.58317470550537"
"default_paddle","60","3","9","20459.9997661476","1023","0","19.9999997714053","4","0.229231289898356","0.0165390130132437","0.397239297628403","19.0781726837158","1.0483184161802","54041.5068359375","796.098628997803","41479.452041626","13133.6996765137","63090.8250732422","1.01154065318406","68.2403631210327","6.58317470550537"
"default_paddle","75","0","10","20459.9992980509","1023","0","19.9999993138327","4","0.115343133360147","0.0175410769879818","0.265839725732803","19.0781726837158","1.04831839219611","522339.151351929","4490.45997619629","512481.739043713","5868.3720703125","894598.636291504","7.20229906961322","560.834748864174","6.58317470550537"
"default_paddle","75","1","12","20459.9995295057","1023","0","19.9999995400838","4","0.0945466176296274","0.0224157925695181","0.18304155766964","19.0781726837158","1.04831840405527","410653.00743866","3876.97189712524","400490.043025732","8922.51153564453","709469.848022461","5.9075440056622","460.748821616173","6.58317470550537"
"default_paddle","75","2","11","20459.9990220295","1023","0","19.9999990440172","4","0.076447700150311","0.0109800370410085","0.205782026052475","19.0781726837158","1.04831837805348","223345.904510498","2602.81427979469","209421.730944693","14461.0841064453","378544.850891113","3.77223306987435","290.877529814839","6.58317470550537"
"default_paddle","75","3","10","20460.0000647923","1023","0","20.0000000633356","4","0.0808671096136095","0.000382263009669259","0.199691444635391","19.0781726837158","1.04831843148199","68983.845703125","887.633855819702","53977.0263557434","15950.9692382813","89794.3324584961","1.09651132673025","74.496896147728","6.58317470550537"
"default_paddle","90","0","4","20460.0001877163","1023","0","20.0000001834959","4","0.263470128178596","0.108270019292831","0.542950451374054","19.0781726837158","1.04831843778031","36824.7849655151","570.146226882935","35346.8848981857","621.890686035156","54923.5693969727","0.910585027188063","50.7270033359528","6.58317470550537"
"default_paddle","90","1","11","20460.0004213038","1023","0","20.0000004118316","4","0.139524449001659","0.019987091422081","0.331439673900604","19.0781726837158","1.04831844974874","329098.25717926","3175.14371490479","320196.736950397","7335.42188549042","567751.509521484","4.85974155552685","370.837210297585","6.58317470550537"
"default_paddle","90","2","11","20459.9995451581","1023","0","19.9999995553842","4","0.0997691333918324","0.000517428328748792","0.199253588914871","19.0781726837158","1.04831840485725","279972.523071289","2521.75598883629","266929.401489258","14612.4360961914","492239.165466309","3.62051919056103","278.869389846921","6.58317470550537"
"default_paddle","90","3","9","20459.9993279145","1023","0","19.999999343025","4","0.0797856283186573","0.000300939253065735","0.145136386156082","19.0781726837158","1.04831839372625","59494.7114257813","812.514614105225","45204.5945091248","15110.8114624023","73785.0070800781","1.01336484774947","68.1914145946503","6.58317470550537"
"default_shortboard","0","0","12","20460.0010781049","1023","0","20.000001053866","20","-0.0151117992257544","-0.088192343711853","-0.000513485283590853","100000","0.00020000001053866","2317.78909301758","1929.5135436058","358.132194519043","33.7901134490967","5909.58410644531","3.499959978275","137.574466526508","1.7405104637146"
"default_shortboard","0","1","10","20459.9997364305","1023","0","19.9999997423563","20","0.126401380449533","0.045412577688694","0.256856948137283","100000","0.000199999997423563","1764.97269439697","1170.97751426697","570.924939632416","26.6380634307861","4937.90289306641","2.04616607958451","80.9733087792993","1.7405104637146"
"default_shortboard","0","2","8","20459.9998938159","1023","0","19.9999998962032","20","0.303378392010927","0.154571577906609","0.671505212783813","100000","0.000199999998962032","1221.87643432617","842.072820663452","382.798132896423","0","3946.30581665039","1.45553942536935","56.0797523409128","1.7405104637146"
"default_shortboard","0","3","8","20459.999069648","1023","0","19.999999090565","20","0.640989512205124","0.507001399993896","1.09028077125549","100000","0.00019999999090565","1168.09660339355","561.068554162979","610.662162780762","0","3738.19680786133","0.951196581125259","34.9950838834047","1.7405104637146"
"default_shortboard","0","4","7","20459.9990912903","1023","0","19.9999991117208","20","1.18733302184514","1.07227301597595","1.27652406692505","100000","0.000199999991117208","1792.85264587402","174.98749256134","1623.57093811035","1.4716808795929","2884.54827880859","0.277001794893295","9.00550558418036","1.7405104637146"
"default_shortboard","10","0","9","20460.0004351985","1023","0","20.000000425414","20","-0.0230581773858931","-0.119892753660679","-0.00248155114240944","100000","0.00020000000425414","1746.93548583984","966.252952098846","642.944751739502","141.304668426514","4646.63278198242","1.65875058528036","64.837648101151","1.7405104637146"
"default_shortboard","10","1","9","20460.000845764","1023","0","20.0000008267487","20","0.0788344074454572","0.03615902364254","0.144540637731552","100000","0.000200000008267488","1555.37773132324","908.698276519775","488.258086204529","161.809814453125","4437.26132202148","1.52031636843458","59.6483707949519","1.7405104637146"
"default_shortboard","10","2","9","20460.0001525234","1023","0","20.0000001490942","20","0.231921101609866","0.118872091174126","0.513594150543213","100000","0.000200000001490942","1381.40714263916","830.390561103821","374.760593414307","180.018455505371","4420.95736694336","1.33547609951347","51.1606756150723","1.7405104637146"
"default_shortboard","10","3","11","20459.9997988424","1023","0","19.999999803365","20","0.42043210701509","0.221394240856171","0.898451149463654","100000","0.00019999999803365","1535.22257995605","770.349014759064","767.960792541504","2.36832785606384","5362.77661132813","1.22038555145264","45.2376273423433","1.7405104637146"
"default_shortboard","10","4","9","20459.9993882023","1023","0","19.9999994019573","20","0.661512513955434","0.502382159233093","0.9714275598526","100000","0.000199999994019573","1209.73293304443","286.169153213501","890.077751159668","38.8315200805664","4486.23922729492","0.424250937066972","14.0138774365187","1.7405104637146"
"default_shortboard","15","0","10","20459.9998091262","1023","0","19.9999998134176","20","-0.0196027049096301","-0.0494352355599403","-0.00214888551272452","100000","0.000199999998134176","2016.38205718994","1256.43204927444","336.548913002014","426.997081756592","4899.73477172852","2.14494618680328","84.3399375975132","1.7405104637146"
"default_shortboard","15","1","9","20459.9988136375","1023","0","19.9999988403104","20","0.0674062702390883","0.0323795787990093","0.121367812156677","100000","0.000199999988403104","1761.31697845459","914.708835124969","588.175292015076","262.173210144043","4425.2112121582","1.49550931435078","58.6783604472876","1.7405104637146"
"default_shortboard","15","2","9","20459.9996389232","1023","0","19.9999996470413","20","0.15830385684967","0.0803014561533928","0.405202060937881","100000","0.000199999996470413","1903.458984375","966.018737792969","345.803951263428","595.882461547852","4370.78103637695","1.54067405220121","59.8463540822268","1.7405104637146"
"default_shortboard","15","3","9","20459.9988678943","1023","0","19.9999988933473","20","0.300477265483803","0.0905366539955139","0.80187463760376","100000","0.000199999988933473","1785.7653427124","726.796076774597","709.728678703308","353.910362243652","4410.76251220703","1.14044477976859","43.6162339970469","1.7405104637146"
"default_shortboard","15","4","10","20460.0003146167","1023","0","20.0000003075432","20","0.601595088839531","0.394058436155319","0.98220157623291","100000","0.000200000003075432","1310.19609069824","248.529990077019","949.205471038818","117.812177121639","4034.36482810974","0.356663690443384","11.5141969181132","1.7405104637146"
"default_shortboard","2","0","12","20460.0002531013","1023","0","20.0000002474108","20","-0.0338474251814963","-0.194582492113113","-0.0012955057900399","100000","0.000200000002474108","2743.43646240234","1949.40273761749","752.059641361237","46.2600879669189","6303.32702636719","3.52866509743035","137.672048836946","1.7405104637146"
"default_shortboard","2","1","11","20460.0000495962","1023","0","20.0000000484812","20","0.128488191488114","0.0459298379719257","0.245307713747025","100000","0.000200000000484812","2140.39833831787","1426.77583026886","667.578702449799","49.987979888916","5422.11218261719","2.5097615220584","99.5116522610188","1.7405104637146"
"default_shortboard","2","2","8","20460.0004237561","1023","0","20.0000004142288","20","0.303353684023023","0.208049684762955","0.633792877197266","100000","0.000200000004142288","1189.22450256348","831.360224723816","360.83865737915","0","3947.06994628906","1.42502915998921","55.0542421638966","1.7405104637146"
"default_shortboard","2","3","7","20459.9997702903","1023","0","19.9999997754549","20","0.592746602637427","0.441479206085205","1.05646920204163","100000","0.000199999997754549","1034.71192169189","465.736707925797","570.590982437134","2.17277908325195","3260.98428344727","0.774594862014055","28.5946119427681","1.7405104637146"
"default_shortboard","2","4","8","20459.9998553848","1023","0","19.9999998586362","20","1.11302029341459","0.944612383842468","1.2855544090271","100000","0.000199999998586362","1482.14765930176","231.829085588455","1255.31792449951","1.52740728855133","3241.4761428833","0.371743081137538","12.3417868763208","1.7405104637146"
"default_shortboard","20","0","10","20460.0007854706","1023","0","20.000000767811","20","-0.0290702304802835","-0.0724805667996407","-0.00611387193202972","100000","0.00020000000767811","2244.73996734619","1293.78503704071","336.599947929382","618.197811126709","4879.77777099609","2.18731646146625","85.7059670984745","1.7405104637146"
"default_shortboard","20","1","9","20459.9996175286","1023","0","19.9999996261277","20","0.0512678785663512","0.0129638658836484","0.0980583801865578","100000","0.000199999996261277","2083.29848480225","932.009060382843","443.703573226929","712.285491943359","4359.66162109375","1.51477168360725","59.2780801802874","1.7405104637146"
"default_shortboard","20","2","9","20459.9994188021","1023","0","19.9999994318691","20","0.128500315464205","0.0608924739062786","0.347079366445541","100000","0.000199999994318691","2729.04217529297","1055.39359998703","335.931059837341","1344.79264068604","4240.14349365234","1.68372176866978","65.965903699398","1.7405104637146"
"default_shortboard","20","3","9","20460.0003167878","1023","0","20.0000003096655","20","0.244690907498201","0.0724578127264977","0.660920679569244","100000","0.000200000003096655","2411.13941955566","726.196419000626","571.433510780334","1121.52659225464","4267.17379760742","1.12381338514388","42.6253706514835","1.7405104637146"
"default_shortboard","20","4","11","20460.0002066708","1023","0","20.0000002020242","20","0.450361417098479","0.268283605575562","0.872380793094635","100000","0.000200000002020242","2488.06988525391","356.495615959167","1007.6163444519","1136.04480355978","4356.31317138672","0.510369220311986","17.047439916525","1.7405104637146"
"default_shortboard","30","0","7","20459.9985808977","1023","0","19.9999986128033","20","-0.0598639392160944","-0.14271092414856","-0.0053596580401063","100000","0.000199999986128033","1208.2649307251","605.007310390472","325.77187538147","280.273590087891","3453.0771484375","0.995978211984038","37.240938231349","1.7405104637146"
"default_shortboard","30","1","8","20460.0000176416","1023","0","20.0000000172449","20","0.035697840154171","0.00796411000192165","0.0726191103458405","100000","0.000200000000172449","2544.87217712402","976.076402664185","259.281559944153","1314.74991607666","3788.81777954102","1.54250323586166","60.5069930553436","1.7405104637146"
"default_shortboard","30","2","10","20459.9998667061","1023","0","19.9999998697029","20","0.0858694456517696","0.0466200895607471","0.243574947118759","100000","0.000199999998697029","4609.77021789551","1292.76886081696","314.060057640076","3016.63998413086","4451.09524536133","2.00055545102805","79.0086386203766","1.7405104637146"
"default_shortboard","30","3","10","20460.0000250436","1023","0","20.0000000244806","20","0.133842492103577","0.0418540649116039","0.447436332702637","100000","0.000200000000244806","5361.89157104492","1211.96311116219","430.834107398987","3735.20627212524","4366.02716064453","1.87396573275328","74.1678239777684","1.7405104637146"
"default_shortboard","30","4","11","20460.0001126297","1023","0","20.0000001100974","20","0.300664775750854","0.149012520909309","0.687560200691223","100000","0.000200000001100974","4841.48276519775","445.608129024506","1155.04682159424","3268.48210775852","3880.82204818726","0.625788539211499","21.5369457993656","1.7405104637146"
"default_shortboard","45","0","2","20459.9988125387","1023","0","19.9999988392362","20","-0.0553340036422014","-0.0670549795031548","-0.0436130277812481","100000","0.000199999988392362","289.258827209473","190.915409088135","46.9871997833252","52.089168548584","981.999664306641","0.30723787099123","10.807605266571","1.7405104637146"
"default_shortboard","45","1","10","20459.9994937719","1023","0","19.9999995051533","20","0.011897636053618","0.00119326345156878","0.0233351197093725","100000","0.000199999995051533","5745.72769165039","1700.31573581696","208.930568695068","3845.12944030762","4558.22067260742","2.67421450838447","105.535507798195","1.7405104637146"
"default_shortboard","45","2","10","20460.000811984","1023","0","20.0000007937282","20","0.051066674105823","0.0241031739860773","0.125869035720825","100000","0.000200000007937282","5050.61358642578","1162.92526197433","356.801328659058","3542.904296875","4487.36901855469","1.75827829819173","67.5633740127087","1.7405104637146"
"default_shortboard","45","3","9","20460.0003383046","1023","0","20.0000003306985","20","0.084825750026438","0.02576151676476","0.245915547013283","100000","0.000200000003306985","4695.53248596191","915.573493480682","376.857824325562","3416.32751464844","3975.17785644531","1.36369920894504","52.3396227881312","1.7405104637146"
"default_shortboard","45","4","10","20459.9992574294","1023","0","19.9999992741245","20","0.195812726020813","0.0804940313100815","0.448678225278854","100000","0.000199999992741245","5554.63450622559","344.360025346279","1449.93149185181","3789.90276515484","3304.98406982422","0.475866947061149","16.0296723973006","1.7405104637146"
"default_shortboard","5","0","11","20460.0000408465","1023","0","20.0000000399281","20","-0.0127572083570571","-0.0422547087073326","-0.0016251151682809","100000","0.000200000000399281","1910.97467041016","1535.63659715652","336.429421424866","42.4456672668457","5414.03704833984","2.71175959799439","108.120270714164","1.7405104637146"
"default_shortboard","5","1","12","20460.0007937394","1023","0","20.0000007758938","20","0.113447156734765","0.0392489992082119","0.228661432862282","100000","0.000200000007758938","2261.96563720703","1655.29309272766","578.852937221527","31.9167709350586","5908.25695800781","2.88390460144728","115.604906573892","1.7405104637146"
"default_shortboard","5","2","10","20460.0001424956","1023","0","20.0000001392918","20","0.258639523386955","0.127462893724442","0.538688838481903","100000","0.000200000001392918","1522.06146240234","1168.6908454895","356.873714447021","0","4925.92501831055","1.97916346695274","77.9660203903913","1.7405104637146"
"default_shortboard","5","3","9","20460.0005558013","1023","0","20.0000005433053","20","0.479286657439338","0.353467494249344","0.994086980819702","100000","0.000200000005433053","1312.56604766846","697.325587511063","619.026189804077","0","4283.26797485352","1.15548752248287","43.1302411928773","1.7405104637146"
"default_shortboard","5","4","7","20460.0009651691","1023","0","20.0000009434693","20","0.937665590218135","0.723811030387878","1.36191928386688","100000","0.000200000009434693","1667.71537780762","205.056513786316","1469.64687347412","0","3503.59429931641","0.31504256464541","10.060059428215","1.7405104637146"
"default_shortboard","60","0","6","20459.9994675532","1023","0","19.9999994795241","20","0.025873235737284","0.00995838083326817","0.0641748458147049","100000","0.000199999994795241","2527.40170288086","695.32026386261","164.334170341492","1672.35996627808","2848.62228393555","1.07326331175864","40.6422926187515","1.7405104637146"
"default_shortboard","60","1","10","20459.9996295159","1023","0","19.9999996378455","20","0.013739260728471","0.0011335660237819","0.0479953475296497","100000","0.000199999996378455","5853.71690368652","1314.76683282852","292.083384513855","4258.18310546875","4513.02709960938","1.96500168833882","76.8682868778706","1.7405104637146"
"default_shortboard","60","2","10","20459.9992941121","1023","0","19.9999993099825","20","0.0402280513197184","0.0235610846430063","0.104197405278683","100000","0.000199999993099825","6506.93046569824","908.275613307953","399.709650039673","5217.88790893555","4236.30340576172","1.28065783157945","48.0810728743672","1.7405104637146"
"default_shortboard","60","3","11","20460.0001993156","1023","0","20.0000001948344","20","0.0786018015986139","0.0485016033053398","0.132549554109573","100000","0.000200000001948344","7039.21446228027","421.162148714066","1097.98713111877","5553.92864608765","4405.01037597656","0.580142855178565","19.1377837285399","1.7405104637146"
"default_shortboard","75","0","6","20459.9977162765","1023","0","19.9999977676212","20","0.0751770778248707","0.0416663326323032","0.17015628516674","100000","0.000199999977676212","2141.50961303711","681.326616287231","153.363073348999","1311.2008972168","2865.77105712891","1.03457095101476","38.8838521838188","1.7405104637146"
"default_shortboard","75","1","10","20460.0001863626","1023","0","20.0000001821727","20","0.033402644447051","0.00379313970915973","0.1489337682724","100000","0.000200000001821727","5780.04112243652","1375.94492769241","269.160643577576","4146.94778442383","4631.42398071289","2.01841493044049","79.7237225174904","1.7405104637146"
"default_shortboard","75","2","10","20460.0003683991","1023","0","20.0000003601164","20","0.0137981974054128","0.00457720784470439","0.021339600905776","100000","0.000200000003601164","6258.04294586182","952.313409805298","388.128660202026","4933.86071395874","4339.54925537109","1.34950191527605","50.9809613004327","1.7405104637146"
"default_shortboard","75","3","10","20459.9999167092","1023","0","19.9999999185818","20","0.0195698272960726","0.000670406559947878","0.0552950277924538","100000","0.000199999999185818","6945.11106872559","364.57452583313","1050.93097686768","5561.90344238281","3951.87149047852","0.504467968363315","16.508945889771","1.7405104637146"
"default_shortboard","90","0","5","20459.9990940633","1023","0","19.9999991144314","20","0.355087272822857","0.112939454615116","0.723075449466705","100000","0.000199999991144314","12036.9105834961","155.6500248909","11843.650226593","66.4225463867188","17307.9147644043","0.42773914616555","8.53333939611912","1.7405104637146"
"default_shortboard","90","1","10","20460.000627358","1023","0","20.0000006132531","20","0.0454873154812958","0.000146523059811443","0.152799353003502","100000","0.000200000006132531","6160.53112792969","880.736273288727","388.949127197266","4913.60766601563","4340.79663085938","1.26435644179583","46.9032042995095","1.7405104637146"
"default_shortboard","90","2","10","20459.9998690244","1023","0","19.9999998719691","20","0.0411722998134792","0.00552366208285093","0.0846421346068382","100000","0.000199999998719691","6149.08836364746","324.175740242004","736.442827224731","5122.0050201416","4050.06713867188","0.456083429511636","14.6088369488716","1.7405104637146"
"default_shortboard_Copy_1","0","0","12","20499.9993786845","1025","0","19.9999993938385","5","0","0","0","100000","0.000199999993938385","9955.7559967041","2346.35456585884","843.376438140869","437.308398485184","6161.9345703125","4.28010355355218","257.937019892037","2.13428068161011"
"default_shortboard_Copy_1","0","1","9","20500.0000619464","1025","0","20.0000000604355","5","0.132513013564878","0.0523719377815723","0.343694537878036","100000","0.000200000000604355","1989.83595275879","1402.58185529709","340.852005958557","252.132972240448","4634.61016845703","2.50160357542336","149.148741066456","2.13428068161011"
"default_shortboard_Copy_1","0","2","8","20500.0002600498","1025","0","20.0000002537071","5","0.41777379065752","0.218596130609512","0.638050079345703","100000","0.000200000002537071","1421.28106689453","830.044624328613","450.594108581543","147.254327297211","4124.49136352539","1.46939540840685","83.8148469924927","2.13428068161011"
"default_shortboard_Copy_1","0","3","7","20499.9998448561","1025","0","19.9999998486401","5","0.773692786693573","0.661028504371643","1.0382274389267","100000","0.000199999998486401","1703.65424346924","558.015251159668","989.401699066162","163.405237302184","3600.47918701172","0.968683669343591","53.1913530826569","2.13428068161011"
"default_shortboard_Copy_1","0","4","6","20499.9996686432","1025","0","19.9999996767251","5","1.20523337523143","1.05731856822968","1.30915105342865","100000","0.000199999996767251","1664.24385070801","218.64533996582","1438.016746521","14.8176474422216","2774.82371520996","0.350384742952883","18.2752514332533","2.13428068161011"
"default_shortboard_Copy_1","10","0","11","20499.9983287937","1025","0","19.9999983695549","5","-0.0420202730033039","-0.161053106188774","-0.00190412008669227","100000","0.000199999983695549","10283.3293380737","2236.52084469795","845.244116783142","749.798085212708","5619.11227416992","4.03722809907049","244.422521732748","2.13428068161011"
"default_shortboard_Copy_1","10","1","7","20500.0009676832","1025","0","20.0000009440811","5","0.20291300543717","0.0992933660745621","0.292787849903107","100000","0.000200000009440811","1905.37897491455","1170.73547077179","389.018218994141","351.28071975708","3598.53787231445","2.06568704545498","128.146804183722","2.13428068161011"
"default_shortboard_Copy_1","10","2","8","20499.9994616545","1025","0","19.9999994747849","5","0.36610247194767","0.222209602594376","0.525963068008423","100000","0.000199999994747849","2230.24597167969","1095.72125244141","546.311744689941","596.13399887085","4085.16311645508","1.86375786177814","113.672224402428","2.13428068161011"
"default_shortboard_Copy_1","10","3","11","20500.0004098489","1025","0","20.0000003998526","5","0.5540614399043","0.431637763977051","0.831033229827881","100000","0.000200000003998526","2365.95880126953","1133.93375754356","732.165597915649","512.040922679007","5629.20687866211","1.84690849948674","107.081779241562","2.13428068161011"
"default_shortboard_Copy_1","10","4","10","20500.0006358553","1025","0","20.0000006203466","5","0.824920004606247","0.59082293510437","1.13176572322845","100000","0.000200000006203466","1475.35695648193","373.301147401333","1083.11686706543","25.8681080788374","4775.57814788818","0.551735243294388","28.7844794038683","2.13428068161011"
"default_shortboard_Copy_1","15","0","6","20500.000354169","1025","0","20.0000003455307","5","-0.0541768905047017","-0.254969149827957","-0.0016362025635317","100000","0.000200000003455307","7505.48110961914","381.111933708191","854.852390289307","203.397934913635","2985.55767822266","0.673630390781909","34.5302601382136","2.13428068161011"
"default_shortboard_Copy_1","15","1","9","20500.0007087369","1025","0","20.0000006914507","5","0.494456239044666","0.0401649102568626","0.928019106388092","100000","0.000200000006914507","197415.731582642","1455.99591159821","166644.831855774","350.870037078857","203489.430908203","2.45920833572745","149.429499566555","2.13428068161011"
"default_shortboard_Copy_1","15","2","10","20499.999439524","1025","0","19.9999994531941","5","0.633854684233665","0.254327297210693","1.15576255321503","100000","0.000199999994531941","161675.423080444","1531.46379137039","120969.90063858","552.862368583679","109187.762481689","2.53344917483628","154.955077826977","2.13428068161011"
"default_shortboard_Copy_1","15","3","12","20499.9996256298","1025","1","19.9999996347608","5","0.419678921500842","0","0.555294871330261","100000","0.000199999996347608","1931.99524688721","1028.46564388275","562.837259292603","355.766504049301","5623.83715820313","1.63450010621455","93.0083974599838","2.13428068161011"
"default_shortboard_Copy_1","15","4","10","20500.0002521838","1025","0","20.0000002460329","5","0.660387581586838","0.471036285161972","1.01336789131165","100000","0.000200000002460329","19823.833190918","576.786245167255","646.609268188477","156.540086269379","4334.48007202148","0.858695397357224","48.2950806575827","2.13428068161011"
"default_shortboard_Copy_1","2","0","12","20499.9995957479","1025","0","19.9999996056077","5","-0.0376966276962776","-0.187052235007286","-0.000224131450522691","100000","0.000199999996056077","3164.67611694336","2344.64714336395","565.873534202576","260.002375442535","6196.60919189453","4.3130238968879","259.394499719143","2.13428068161011"
"default_shortboard_Copy_1","2","1","10","20499.9998451081","1025","0","19.999999848886","5","0.12776952162385","0.0292793251574039","0.31961527466774","100000","0.00019999999848886","2818.10336303711","1814.73244190216","540.151589393616","469.954067230225","5140.04208374023","3.24805721268058","197.299489825964","2.13428068161011"
"default_shortboard_Copy_1","2","2","8","20500.000838562","1025","0","20.0000008181092","5","0.420662058517337","0.241469666361809","0.653848767280579","100000","0.000200000008181092","1547.27339935303","878.239521980286","476.869058609009","199.465974092484","4118.87496948242","1.54863551259041","89.7279586493969","2.13428068161011"
"default_shortboard_Copy_1","2","3","7","20499.9993132854","1025","0","19.9999993300345","5","0.724849743502481","0.573367297649384","0.958066463470459","100000","0.000199999993300345","1371.22597503662","575.071988105774","727.38374710083","73.8428703546524","3616.419921875","0.989526612684131","54.871200889349","2.13428068161011"
"default_shortboard_Copy_1","2","4","6","20499.9994009399","1025","0","19.9999994155511","5","1.12708140412966","0.984226524829865","1.28081429004669","100000","0.000199999994155511","10227.1008605957","171.972841143608","1228.4585723877","19.8409679755569","2375.78192138672","0.273128833156079","14.0603929162025","2.13428068161011"
"default_shortboard_Copy_1","20","0","5","20499.9997410583","1025","0","19.9999997473739","5","-0.121903363894671","-0.269764631986618","-0.00616212328895926","100000","0.000199999997473739","47188.9728469849","377.080902695656","40523.6430625916","91.5534391403198","66258.7532958984","0.667646173853427","37.2252672761679","2.13428068161011"
"default_shortboard_Copy_1","20","1","10","20499.9999653726","1025","0","19.9999999662172","5","0.562260596826673","0.0563548244535923","0.922841548919678","100000","0.000199999999662172","322398.840988159","2061.0569653511","261136.065357208","1423.67704391479","313969.099243164","3.46134292706847","215.339474081993","2.13428068161011"
"default_shortboard_Copy_1","20","2","10","20499.9988103415","1025","0","19.9999988393575","5","0.618394836783409","0.26908814907074","1.05123054981232","100000","0.000199999988393575","199226.296485901","1634.51317024231","148113.804294586","420.694979667664","166253.889221191","2.65989557094872","162.386225342751","2.13428068161011"
"default_shortboard_Copy_1","20","3","10","20499.9997070233","1025","0","19.999999714169","5","0.466133892536163","0.362479448318481","0.928263545036316","100000","0.00019999999714169","54764.665145874","1264.54798841476","52955.6619758606","865.286838009953","56861.9774169922","2.0086201634258","119.71048296988","2.13428068161011"
"default_shortboard_Copy_1","20","4","11","20499.9992956231","1025","0","19.999999312803","5","0.581954525275664","0.418778270483017","0.914226830005646","100000","0.00019999999312803","19874.24193573","606.064628481865","703.844005584717","119.68745136261","4932.70182800293","0.873083902726648","48.0808998667635","2.13428068161011"
"default_shortboard_Copy_1","30","0","4","20499.9997277389","1025","0","19.9999997343795","5","-0.0582608466502279","-0.0974818244576454","-0.0121339624747634","100000","0.000199999997343795","7481.52484893799","47.6996605396271","750.306182861328","313.53604221344","1913.40692138672","0.118404075503349","3.25651644170284","2.13428068161011"
"default_shortboard_Copy_1","30","1","11","20499.9999976509","1025","0","19.9999999977082","5","0.470785509456288","0.225443124771118","0.763017058372498","100000","0.000199999999977082","346938.996559143","2139.48929214478","265232.237483978","1918.33313560486","366408.636383057","3.45959951914847","213.263165086508","2.13428068161011"
"default_shortboard_Copy_1","30","2","11","20500.0006295918","1025","0","20.0000006142359","5","0.533876513892954","0.215706795454025","0.880106210708618","100000","0.000200000006142359","211030.367950439","1698.42182826996","147197.868425369","1394.59635734558","204502.42855835","2.65933550149202","160.744185566902","2.13428068161011"
"default_shortboard_Copy_1","30","3","10","20500.0002339489","1025","0","20.0000002282428","5","0.463257384300232","0.294282585382462","0.76457667350769","100000","0.000200000002282428","112413.369262695","1485.23129415512","89748.1877422333","931.394442200661","119586.63394165","2.28440992347896","137.417453885078","2.13428068161011"
"default_shortboard_Copy_1","30","4","11","20500.0012520538","1025","0","20.0000012215159","5","0.470667603341016","0.322095811367035","0.726993918418884","100000","0.000200000012215159","11195.7649841309","565.164548993111","1150.55644989014","264.532964944839","5140.16088867188","0.785107162082568","43.3771564299241","2.13428068161011"
"default_shortboard_Copy_1","45","0","11","20499.9988052318","1025","0","19.9999988343725","5","0.283827505667101","0.0596267767250538","0.502993822097778","100000","0.000199999988343725","356608.358154297","2238.69404220581","262929.802482605","3844.87445449829","415779.516357422","3.52059886790812","215.737166047096","2.13428068161011"
"default_shortboard_Copy_1","45","1","11","20500.0006995872","1025","0","20.0000006825241","5","0.399661100723527","0.204843774437904","0.62097430229187","100000","0.000200000006825241","218551.621551514","1715.25769805908","140857.332958221","3736.4296875","251771.53237915","2.57466717809439","155.838617742062","2.13428068161011"
"default_shortboard_Copy_1","45","2","10","20500.0012588864","1025","0","20.0000012281818","5","0.295810684561729","0.231460437178612","0.505820751190186","100000","0.000200000012281818","132345.271774292","1807.61470413208","109290.101512909","2448.88216686249","163441.054962158","2.73257370851934","167.823565125465","2.13428068161011"
"default_shortboard_Copy_1","45","3","11","20499.9993251143","1025","0","19.9999993415749","5","0.31370546059175","0.247739404439926","0.486943066120148","100000","0.000199999993415749","3495.28364562988","874.330488562584","1971.38885307312","662.661253929138","4973.40594482422","1.19098755245795","67.412817758508","2.13428068161011"
"default_shortboard_Copy_1","5","0","12","20500.0005293961","1025","0","20.000000516484","5","-0.0752453446305784","-0.314684748649597","-0.000260956090642139","100000","0.00020000000516484","10202.4486160278","2458.94156897068","899.408452987671","1110.37373256683","5997.99362182617","4.50670450879261","270.160437509418","2.13428068161011"
"default_shortboard_Copy_1","5","1","9","20500.0006887117","1025","0","20.0000006719138","5","0.162015430629253","0.0891671776771545","0.325607270002365","100000","0.000200000006719138","2550.73975372314","1654.48507976532","397.020358085632","506.016392469406","4621.9485168457","2.96454154327512","182.380968421698","2.13428068161011"
"default_shortboard_Copy_1","5","2","9","20499.9993439292","1025","0","19.9999993599309","5","0.436437106794781","0.310130029916763","0.542554795742035","100000","0.000199999993599309","2228.79033660889","1134.28219413757","475.877418518066","632.614468574524","4581.17831420898","1.96744868718088","117.102683067322","2.13428068161011"
"default_shortboard_Copy_1","5","3","8","20499.9999300984","1025","0","19.9999999318034","5","0.632656641304493","0.512151837348938","0.984721899032593","100000","0.000199999999318034","1584.76875305176","814.561594009399","669.668659210205","105.575830135494","3936.73431396484","1.38807809073478","79.6389847248793","2.13428068161011"
"default_shortboard_Copy_1","5","4","9","20500.0007709757","1025","0","20.0000007521714","5","0.98688499795066","0.799777507781982","1.21368205547333","100000","0.000200000007521714","11411.7312774658","398.025059223175","1429.19920730591","77.66582685709","4499.63470458984","0.63002916239202","33.1560940146446","2.13428068161011"
"default_shortboard_Copy_1","60","0","10","20500.0001648785","1025","0","20.0000001608571","5","0.156105828285217","0.0159965381026268","0.290639370679855","100000","0.000200000001608571","315014.623382568","2048.09672307968","229328.851257324","6115.50295257568","390825.649505615","3.20072068460286","194.349646657705","2.13428068161011"
"default_shortboard_Copy_1","60","1","11","20499.9995428376","1025","0","19.9999995539879","5","0.240712956948714","0.13838329911232","0.40059569478035","100000","0.000199999995539879","207283.827575684","1777.68064308167","125415.574699402","6130.97763633728","259240.188415527","2.60355854220688","157.376420617104","2.13428068161011"
"default_shortboard_Copy_1","60","2","10","20499.9997714762","1025","0","19.9999997770499","5","0.170486308634281","0.145616218447685","0.188260585069656","100000","0.000199999997770499","2320.63249206543","1086.60237693787","365.25394821167","879.908798217773","5100.79391479492","1.48702123761177","83.7826946973801","2.13428068161011"
"default_shortboard_Copy_1","60","3","11","20499.9997943618","1025","0","19.9999997993774","5","0.211624713106589","0.166956543922424","0.28000208735466","100000","0.000199999997993774","4020.80966186523","664.708841443062","2207.22075271606","1166.27634119987","5041.13746643066","0.857263165467884","46.750304883346","2.13428068161011"
"default_shortboard_Copy_1","75","0","10","20500.0006727303","1025","0","20.0000006563223","5","0.158215142670088","0.0035179506521672","0.401399165391922","100000","0.000200000006563223","350272.980606079","2332.70863819122","249845.012870789","10126.059299469","445083.230041504","3.59047771990299","218.723623454571","2.13428068161011"
"default_shortboard_Copy_1","75","1","11","20500.0010941377","1025","0","20.0000010674514","5","0.0769061528844759","0.0017634384566918","0.169999673962593","100000","0.000200000010674514","205776.514022827","1808.31347513199","122252.956104279","6869.05812454224","271998.893188477","2.62369348481297","158.515731543303","2.13428068161011"
"default_shortboard_Copy_1","75","2","10","20500.0001442015","1025","0","20.0000001406844","5","0.0887162696570158","0.0466443412005901","0.113461494445801","100000","0.000200000001406844","2823.75065612793","1308.13977479935","383.065015792847","1144.57966518402","5070.55996704102","1.77441821619868","103.207717210054","2.13428068161011"
"default_shortboard_Copy_1","75","3","10","20500.0006976538","1025","0","20.0000006806378","5","0.0995339289307594","0.0721531584858894","0.126858502626419","100000","0.000200000006806378","2566.47178649902","656.503611087799","695.992918014526","1227.80723810196","5048.10571289063","0.840463187079877","45.7090672552586","2.13428068161011"
"default_shortboard_Copy_1","90","0","11","20499.9999541338","1025","0","19.9999999552525","5","0.194047955626791","0.0146418288350105","1.02344930171967","100000","0.000199999999552525","184669.927200317","1593.49029541016","103305.657035828","6807.75155067444","234602.209625244","2.63394038565457","143.809313833714","2.13428068161011"
"default_shortboard_Copy_1","90","1","9","20500.0009150493","1025","0","20.000000892731","5","0.0364811489772466","0.00455575343221426","0.173233076930046","100000","0.00020000000892731","2244.78826904297","1002.72878742218","374.384415626526","876.180567502975","4624.11575317383","1.38399720564485","77.7457587271929","2.13428068161011"
"default_shortboard_Copy_1","90","2","9","20500.0007138628","1025","0","20.0000006964515","5","0.0315867885276222","0.000118245698104147","0.0618172772228718","100000","0.000200000006964515","2980.45785522461","548.243234157562","1068.68916320801","1378.33243608475","4535.75100708008","0.712325207190588","38.2895608171821","2.13428068161011"
"default_shortboard_Copy_3","0","0","12","20500.0003516651","1025","0","20.0000003430879","5","0","0","0","100000","0.000200000003430879","13191.2397918701","2446.38240146637","854.365953445435","785.826264522504","6602.27575683594","4.34305821266025","189.588288664818","1.77031850814819"
"default_shortboard_Copy_3","0","1","10","20499.9994417898","1025","0","19.9999994554047","5","0.126757918670774","0.050661213696003","0.225100338459015","100000","0.000199999994554047","2306.37952423096","1473.44950175285","506.170447349548","331.541928365099","5108.79516601563","2.52158500347286","111.018208175898","1.77031850814819"
"default_shortboard_Copy_3","0","2","8","20499.9999182698","1025","0","19.9999999202632","5","0.313559150323272","0.177311345934868","0.600868046283722","100000","0.000199999999202632","1849.32754516602","1067.31430912018","359.273115158081","427.191785281291","4075.24282836914","1.81474198400974","77.9446899145842","1.77031850814819"
"default_shortboard_Copy_3","0","3","7","20499.999493628","1025","0","19.9999995059785","5","0.664736756256649","0.512312054634094","1.0998420715332","100000","0.000199999995059785","10878.7432403564","552.73064160347","686.756900787354","195.02134629339","3390.08679199219","0.915569028351456","37.0123379454017","1.77031850814819"
"default_shortboard_Copy_3","0","4","6","20500.0007237481","1025","0","20.0000007060957","5","1.1559275786082","0.983060956001282","1.28992867469788","100000","0.000200000007060957","1430.95245361328","223.013949632645","1180.96295928955","33.7847435856238","2760.98579406738","0.34805638436228","12.7857633978128","1.77031850814819"
"default_shortboard_Copy_3","10","0","9","20500.0006364651","1025","0","20.0000006209415","5","-0.0225600221504768","-0.119553349912167","-0.00164285663049668","100000","0.000200000006209415","11067.6642608643","1224.6836476326","758.790813446045","22.0940107596107","4981.01556396484","2.06909508164972","89.956242904067","1.77031850814819"
"default_shortboard_Copy_3","10","1","9","20500.0001041275","1025","0","20.0000001015878","5","0.0812275873290168","0.0409630909562111","0.150247558951378","100000","0.000200000001015878","1730.81865692139","1165.1600985527","536.962949752808","32.6781541937526","4613.20031738281","1.91567662078887","83.7068192735314","1.77031850814819"
"default_shortboard_Copy_3","10","2","7","20499.9999978296","1025","0","19.9999999978826","5","0.207041945840631","0.122630454599857","0.462897270917892","100000","0.000199999999978826","1102.25395202637","764.122413158417","317.031415939331","24.2908719265833","3587.71575927734","1.20709119644016","51.1898861080408","1.77031850814819"
"default_shortboard_Copy_3","10","3","10","20499.9998882128","1025","0","19.9999998909393","5","0.357959435880184","0.212731868028641","0.87100487947464","100000","0.000199999998909393","1788.19536590576","955.705421209335","733.636034011841","104.300843378529","5117.01861572266","1.48239771835506","62.0724382475019","1.77031850814819"
"default_shortboard_Copy_3","10","4","9","20500.0006386483","1025","0","20.0000006230715","5","0.690424776739544","0.468348473310471","1.07481718063354","100000","0.000200000006230715","1642.80210113525","306.04662322998","1306.71857833862","37.1579017043114","4603.6455078125","0.4452018532902","16.0762027055025","1.77031850814819"
"default_shortboard_Copy_3","15","0","10","20500.0004105478","1025","0","20.0000004005345","5","-0.0201144431252033","-0.0453791134059429","-0.00419687619432807","100000","0.000200000004005345","1995.01847076416","1614.88840007782","349.871994972229","34.4629097357974","5126.34368896484","2.70819552242756","118.520339429379","1.77031850814819"
"default_shortboard_Copy_3","15","1","9","20500.0004473008","1025","0","20.000000436391","5","0.066571570518944","0.0368358604609966","0.113618947565556","100000","0.00020000000436391","1663.77897644043","1173.90275382996","456.241744995117","37.6206065158767","4612.82745361328","1.89117204770446","82.6192246228456","1.77031850814819"
"default_shortboard_Copy_3","15","2","7","20499.9990106091","1025","0","19.9999990347405","5","0.167206553476197","0.0997953712940216","0.366104513406754","100000","0.000199999990347405","1113.842628479","767.921812534332","313.41764831543","35.7688624435104","3586.67108154297","1.18954470101744","50.1472438424826","1.77031850814819"
"default_shortboard_Copy_3","15","3","9","20500.0003504298","1025","0","20.0000003418827","5","0.281318719188372","0.113196611404419","0.692614674568176","100000","0.000200000003418827","1496.83103942871","880.763651609421","543.879215240479","76.8527176342905","4607.03021240234","1.35149434767663","57.0477658882737","1.77031850814819"
"default_shortboard_Copy_3","15","4","10","20499.999669252","1025","0","19.999999677319","5","0.558580711483955","0.362987786531448","0.982202351093292","100000","0.00019999999677319","1395.47192382813","326.840314745903","1013.05769729614","61.6925919055939","4175.29612731934","0.465330139006255","16.7840183947701","1.77031850814819"
"default_shortboard_Copy_3","2","0","11","20500.0001375698","1025","0","20.0000001342144","5","-0.0342585816450248","-0.196777671575546","-0.00140137621201575","100000","0.000200000001342144","12750.0131912231","2018.20283126831","910.031886100769","186.706268475391","6231.56036376953","3.5330329593271","154.99670265615","1.77031850814819"
"default_shortboard_Copy_3","2","1","12","20499.9997385328","1025","0","19.9999997449101","5","0.124744850210845","0.0472035333514214","0.260058760643005","100000","0.000199999997449101","3267.06800842285","2249.55681324005","624.319444656372","398.753063239186","6133.5329284668","3.93265655497089","174.226784989238","1.77031850814819"
"default_shortboard_Copy_3","2","2","8","20499.9991512539","1025","0","19.999999171955","5","0.296176327392459","0.173101484775543","0.570585072040558","100000","0.00019999999171955","1625.53615570068","1068.28001880646","342.099754333496","219.099411134608","4089.28329467773","1.80652855336666","77.5849262028933","1.77031850814819"
"default_shortboard_Copy_3","2","3","7","20499.9986693264","1025","0","19.9999987017818","5","0.575996603284563","0.389874190092087","1.05725502967834","100000","0.000199999987017818","10811.1650848389","611.06364274025","668.692722320557","136.755002417136","3427.19137573242","0.993323510978371","41.0617505908012","1.77031850814819"
"default_shortboard_Copy_3","2","4","8","20499.9988414208","1025","0","19.9999988696788","5","1.0747389793396","0.887284636497498","1.25836062431335","100000","0.000199999988696788","1618.43051147461","292.676749110222","1238.65493011475","94.995084149763","3364.65501403809","0.459921821253374","16.9724274948239","1.77031850814819"
"default_shortboard_Copy_3","20","0","10","20499.9994177485","1025","0","19.9999994319497","5","-0.0272348363883793","-0.0612525083124638","-0.00810707174241543","100000","0.000199999994319497","2089.53847503662","1659.94622182846","353.000973701477","80.9369289111346","5123.40353393555","2.75681934505701","120.315279006958","1.77031850814819"
"default_shortboard_Copy_3","20","1","9","20499.9995375876","1025","0","19.9999995488659","5","0.0538922699375285","0.0158355906605721","0.100680969655514","100000","0.000199999995488659","1662.72979736328","1172.10998106003","431.983129501343","62.6637701825239","4610.91986083984","1.87184269027784","81.4196195751429","1.77031850814819"
"default_shortboard_Copy_3","20","2","7","20499.9990343308","1025","0","19.9999990578837","5","0.145219810307026","0.0822854042053223","0.313245415687561","100000","0.000199999990578837","1167.39085388184","799.571336746216","312.800758361816","58.3690185465384","3584.77810668945","1.23138286639005","52.2641425281763","1.77031850814819"
"default_shortboard_Copy_3","20","3","9","20499.9999258779","1025","0","19.9999999276857","5","0.209340816570653","0.101958006620407","0.574086785316467","100000","0.000199999999276857","1579.93379211426","996.135630130768","475.811006546021","112.919417515397","4601.96069335938","1.51288727857172","64.0728154480457","1.77031850814819"
"default_shortboard_Copy_3","20","4","11","20500.0000050464","1025","0","20.0000000049233","5","0.431378558278084","0.248268559575081","0.872380435466766","100000","0.000200000000049233","1717.56209564209","452.105696976185","1160.88928222656","112.278365075588","4727.50691223145","0.641996639053104","24.0719584613107","1.77031850814819"
"default_shortboard_Copy_3","30","0","7","20500.0007425468","1025","0","20.0000007244359","5","-0.0527358243374952","-0.126677498221397","-0.00207063043490052","100000","0.000200000007244359","1169.50347900391","779.929067134857","323.691068649292","69.098768526339","3585.5166015625","1.26540907844901","52.9587451517582","1.77031850814819"
"default_shortboard_Copy_3","30","1","8","20499.9999155772","1025","0","19.9999999176363","5","0.0388445431599393","0.0110001238062978","0.0684782564640045","100000","0.000199999999176363","1641.96746826172","1226.33017349243","282.035186767578","137.474541859177","4092.12231445313","1.90594791248441","82.9252661764622","1.77031850814819"
"default_shortboard_Copy_3","30","2","9","20500.0007619691","1025","0","20.0000007433845","5","0.0854354215164979","0.0350304618477821","0.223309814929962","100000","0.000200000007433845","1936.10566711426","1425.19292449951","323.50902557373","192.238837637007","4597.79653930664","2.18785553146154","95.52853089571","1.77031850814819"
"default_shortboard_Copy_3","30","3","9","20500.0003199153","1025","0","20.0000003121125","5","0.143112369295624","0.0582239888608456","0.405355453491211","100000","0.000200000003121125","1787.7243347168","1134.3689763546","426.803068161011","232.390463113785","4587.93621826172","1.70240696752444","73.2328919023275","1.77031850814819"
"default_shortboard_Copy_3","30","4","11","20499.9996932964","1025","0","19.999999700777","5","0.294688858769157","0.156177580356598","0.687560260295868","100000","0.00019999999700777","2248.74703979492","545.774477183819","1395.08761978149","319.620522379875","4719.36556625366","0.765075238625286","29.3116470151581","1.77031850814819"
"default_shortboard_Copy_3","45","0","2","20500.0012260728","1025","0","20.0000011961686","5","-0.0499110296368599","-0.0578239671885967","-0.0419980920851231","100000","0.000200000011961686","346.681594848633","257.143417358398","52.181921005249","38.2864286899567","1023.22286987305","0.403446733951569","16.0732336044312","1.77031850814819"
"default_shortboard_Copy_3","45","1","7","20499.9973976177","1025","0","19.9999974610904","5","0.0102042268762099","0.00243859901092947","0.0236428268253803","100000","0.000199999974610904","1669.85632324219","1203.4767036438","199.810409545898","270.283614963293","3574.96038818359","1.84397554397583","79.7704566717148","1.77031850814819"
"default_shortboard_Copy_3","45","2","9","20499.9995277181","1025","0","19.9999995392372","5","0.0502453611956702","0.0295749623328447","0.115488052368164","100000","0.000199999995392372","2008.48752593994","1202.04492235184","363.28085899353","449.572299846215","4576.07382202148","1.79579856526107","75.9127426594496","1.77031850814819"
"default_shortboard_Copy_3","45","3","9","20499.9992087708","1025","0","19.9999992280691","5","0.0860193851921293","0.0327392406761646","0.21891513466835","100000","0.000199999992280691","1882.46962738037","963.049282073975","409.262584686279","519.42168533802","4550.52194213867","1.40239025838673","58.7736682891846","1.77031850814819"
"default_shortboard_Copy_3","45","4","11","20500.0001174272","1025","0","20.0000001145631","5","0.184367382390933","0.0845047309994698","0.447782933712006","100000","0.000200000001145631","3053.93563079834","537.641304373741","1810.19562149048","726.804556012154","4640.61595153809","0.747785716026556","28.6099740145728","1.77031850814819"
"default_shortboard_Copy_3","5","0","11","20500.0003576227","1025","0","20.0000003489002","5","-0.0149031159923073","-0.0641573891043663","-0.000338575977366418","100000","0.000200000003489002","2307.61605072021","1938.21600818634","346.496560096741","27.3969035908231","5639.56463623047","3.35751171410084","148.563239723444","1.77031850814819"
"default_shortboard_Copy_3","5","1","10","20500.0005629311","1025","0","20.000000549201","5","0.105711343884468","0.0443031452596188","0.202829539775848","100000","0.00020000000549201","2102.86451721191","1439.25446462631","513.818899154663","154.545853159303","5115.57266235352","2.41334778349847","106.497742801905","1.77031850814819"
"default_shortboard_Copy_3","5","2","10","20500.0007202813","1025","0","20.0000007027135","5","0.271228249371052","0.164634838700294","0.485686898231506","100000","0.000200000007027135","2010.65091705322","1412.27225494385","367.68906211853","235.74276288785","5110.18634033203","2.34135789610445","101.91056381166","1.77031850814819"
"default_shortboard_Copy_3","5","3","9","20499.9995710645","1025","0","19.9999995815263","5","0.487866431474686","0.347508758306503","0.994086444377899","100000","0.000199999995815263","1843.83034515381","862.649296283722","739.32564163208","247.622054540087","4490.5754699707","1.40373857924715","57.9682353809476","1.77031850814819"
"default_shortboard_Copy_3","5","4","8","20499.9998178079","1025","0","19.9999998222516","5","0.924788326025009","0.668887257575989","1.31932902336121","100000","0.000199999998222516","1978.97850036621","263.076312541962","1685.1703338623","40.5463603436947","3962.09539794922","0.3966372795403","13.9911309033632","1.77031850814819"
"default_shortboard_Copy_3","60","0","6","20500.0009881074","1025","0","20.0000009640072","5","0.0228452960339685","0.00886424537748098","0.0560348182916641","100000","0.000200000009640072","1326.74454498291","881.484325408936","183.221111297607","265.505962535739","3070.00958251953","1.34465909190476","56.5348061323166","1.77031850814819"
"default_shortboard_Copy_3","60","1","10","20499.9996726424","1025","0","19.9999996806267","5","0.0119704937096685","0.00314993504434824","0.0352036617696285","100000","0.000199999996806267","2825.01363372803","1598.83222055435","334.331230163574","900.095171481371","5070.44961547852","2.37089133635163","102.78731161356","1.77031850814819"
"default_shortboard_Copy_3","60","2","10","20499.9990439765","1025","0","19.9999990672942","5","0.0363163931295276","0.0210264511406422","0.0832530707120895","100000","0.000199999990672942","2505.54077911377","1152.11282372475","374.607818603516","990.053313136101","5040.9528503418","1.61489021312445","67.8253015875816","1.77031850814819"
"default_shortboard_Copy_3","60","3","11","20499.999901115","1025","0","19.9999999035268","5","0.077108696103096","0.0446185730397701","0.142451867461205","100000","0.000199999999035268","2767.81231689453","508.766256332397","1088.77694511414","1195.50090265274","5458.08819580078","0.705708223860711","25.8286803998053","1.77031850814819"
"default_shortboard_Copy_3","75","0","6","20500.0009752316","1025","0","20.0000009514455","5","0.0717337876558304","0.0473272688686848","0.154064998030663","100000","0.000200000009514455","1429.96652984619","886.525547027588","167.358989715576","379.517499357462","3063.12405395508","1.32343563437462","55.7046998739243","1.77031850814819"
"default_shortboard_Copy_3","75","1","10","20499.9989947782","1025","0","19.9999990192958","5","0.0313068774034036","0.000205493968678638","0.126194909214973","100000","0.000199999990192958","3123.96868133545","1708.72713661194","302.365558624268","1121.28270078078","5101.51483154297","2.48504565656185","109.011127799749","1.77031850814819"
"default_shortboard_Copy_3","75","2","10","20500.0006837374","1025","0","20.0000006670609","5","0.0120233612484299","0.000722318305633962","0.0175746642053127","100000","0.000200000006670609","2778.45901489258","1212.55747628212","384.264713287354","1194.80246371031","5059.61413574219","1.70603831391782","72.1167645305395","1.77031850814819"
"default_shortboard_Copy_3","75","3","10","20500.0000169285","1025","0","20.0000000165156","5","0.0204177575964422","8.84042456164025E-05","0.0581935495138168","100000","0.000200000000165156","2956.34742736816","457.451271057129","1041.5065612793","1485.65971183777","4918.98031616211","0.638279698323458","23.289665825665","1.77031850814819"
"default_shortboard_Copy_3","90","0","5","20499.999360038","1025","0","19.9999993756468","5","0.35342131704092","0.0931360349059105","0.723700106143951","100000","0.000199999993756468","32447.4739990234","207.989353656769","13440.1925125122","25.2048817537725","18687.5993652344","0.542946616187692","12.4244199991226","1.77031850814819"
"default_shortboard_Copy_3","90","1","10","20499.9993241024","1025","0","19.9999993405877","5","0.0423368790419772","0.00054390705190599","0.12775069475174","100000","0.000199999993405877","2819.96644592285","1171.0018093586","373.337107658386","1291.35489577055","5071.12567138672","1.69371834676713","70.5743696838617","1.77031850814819"
"default_shortboard_Copy_3","90","2","10","20500.0000477279","1025","0","20.0000000465638","5","0.039303420111537","0.00176253914833069","0.093384824693203","100000","0.000200000000465638","3277.84378051758","438.378527879715","1140.01439476013","1730.93353271484","4913.81085205078","0.619253471726552","22.3976291455328","1.77031850814819"
"Laser_Zap_Ben_Aipa","0","0","11","20459.9995309734","1023","0","19.9999995415184","20","-0.0208835689858957","-0.0726680010557175","-9.72689595073462E-05","115.893394470215","0.172572385449099","81623.4996948242","3034.52208328247","78728.0473911315","8.50290870666504","148622.824157715","5.70267872512341","285.422588944435","3.57234477996826"
"Laser_Zap_Ben_Aipa","0","1","12","20459.9999220653","1023","0","19.9999999238175","20","0.112822421826422","0.0375353768467903","0.209112569689751","115.893394470215","0.172572388747813","3084.79633331299","2601.30350971222","408.5604121387","78.0760364532471","6156.43176269531","4.83178209606558","240.80573682487","3.57234477996826"
"Laser_Zap_Ben_Aipa","0","2","8","20460.000135414","1023","0","20.0000001323695","20","0.339142583310604","0.152724251151085","0.825705826282501","115.893394470215","0.172572390547328","1652.77179718018","1096.4451584816","327.983373165131","25.7969875335693","4085.3571472168","1.96303619071841","91.0723574757576","3.57234477996826"
"Laser_Zap_Ben_Aipa","0","3","8","20460.0003455082","1023","0","20.0000003377401","20","0.731438428163528","0.284735411405563","1.36867022514343","115.893394470215","0.172572392319393","1955.51482391357","526.0182929039","1335.460313797","99.4192790985107","3485.38372802734","0.853389806812629","38.6705072671175","3.57234477996826"
"Laser_Zap_Ben_Aipa","0","4","4","20459.9993558244","1023","0","19.9999993703074","20","0.965508028864861","0.907698631286621","1.00831604003906","115.893394470215","0.172572383971784","508.66332244873","270.793712615967","240.357151031494","0","2061.32006835938","0.447361819446087","18.2237219810486","3.57234477996826"
"Laser_Zap_Ben_Aipa","10","0","9","20459.9991565352","1023","0","19.9999991754987","20","-0.0615144616199864","-0.423763811588287","-0.00454145623371005","115.893394470215","0.172572382290855","68560.1674728394","1961.38901138306","66458.7026606798","347.332183837891","116751.929504395","3.56830658018589","176.366051673889","3.57234477996826"
"Laser_Zap_Ben_Aipa","10","1","12","20460.0001556823","1023","0","20.0000001521821","20","0.317658547932903","0.0237837191671133","1.11706018447876","115.893394470215","0.172572390718284","189304.078933716","2570.48448324203","186140.574449062","1012.86990356445","164351.634155273","4.66787678468972","230.899300470948","3.57234477996826"
"Laser_Zap_Ben_Aipa","10","2","11","20459.9992421881","1023","0","19.9999992592259","20","0.615720547735691","0.0910694375634193","1.2685421705246","115.893394470215","0.172572383013305","194940.657096863","2025.55724477768","192618.543806076","741.043933868408","122630.327056885","3.49789747782052","170.088582620025","3.57234477996826"
"Laser_Zap_Ben_Aipa","10","3","11","20460.0007796522","1023","0","20.0000007621233","20","0.556149875067852","0","1.19422519207001","115.893394470215","0.172572395981235","94613.7085876465","1454.57505440712","93134.0625650883","199.95361328125","117368.868560791","1.95847935404163","128.272364333272","3.57234477996826"
"Laser_Zap_Ben_Aipa","10","4","8","20459.9987787581","1023","0","19.9999988062151","20","0.531145557761192","0.331117391586304","0.700769364833832","115.893394470215","0.172572379104447","901.966262817383","359.105094909668","399.543445587158","147.769807815552","4098.68240356445","0.517248030751944","20.753613948822","3.57234477996826"
"Laser_Zap_Ben_Aipa","15","0","8","20459.9991094142","1023","0","19.9999991294372","20","-0.0227243410190567","-0.0500768683850765","-0.00867122318595648","115.893394470215","0.172572381893407","1979.06420135498","1523.31051254272","165.164514541626","292.885242462158","4102.54434204102","2.70074002072215","130.054292201996","3.57234477996826"
"Laser_Zap_Ben_Aipa","15","1","12","20459.9995818173","1023","0","19.9999995912192","20","0.283056458923966","0.0177595168352127","1.04015552997589","115.893394470215","0.172572385877948","206199.99559021","2746.0272769928","201754.449515343","2318.46757507324","203554.007629395","4.79414060991257","238.055057376623","3.57234477996826"
"Laser_Zap_Ben_Aipa","15","2","11","20459.998766787","1023","0","19.9999987945132","20","0.527774130078879","0.0334614217281342","1.14030742645264","115.893394470215","0.172572379003475","192048.777038574","2188.71288871765","188707.30134964","1785.66246032715","154055.43572998","3.70147540606558","181.274294167757","3.57234477996826"
"Laser_Zap_Ben_Aipa","15","3","11","20460.0001748398","1023","0","20.0000001709089","20","0.686057326383889","0","1.16327905654907","115.893394470215","0.17257239087987","99116.6885375977","1071.91449344158","98103.6779003143","136.926106929779","99001.2399101257","1.46827690169448","88.1126672206447","3.57234477996826"
"Laser_Zap_Ben_Aipa","15","4","8","20460.0000367567","1023","0","20.0000000359303","20","0.355560833588243","0.175011977553368","0.459251016378403","115.893394470215","0.172572389715191","1380.27993774414","366.987436294556","575.857465744019","442.244529724121","4067.68084716797","0.526647560298443","21.4573522508144","3.57234477996826"
"Laser_Zap_Ben_Aipa","2","0","11","20460.000307451","1023","0","20.0000003005386","20","-0.0171863600950349","-0.0698413625359535","-0.00218465691432357","115.893394470215","0.172572391998396","74878.9115371704","2889.41270065308","71743.2004196048","-70.5640296936035","137618.672851563","5.41731390357018","275.790899991989","3.57234477996826"
"Laser_Zap_Ben_Aipa","2","1","11","20459.9999699594","1023","0","19.9999999706348","20","0.294520978561857","0.03791493922472","1.26855552196503","115.893394470215","0.172572389151781","133266.219436646","2181.1031665802","131191.675981522","150.874044418335","96968.9671630859","4.03472907561809","199.283743664622","3.57234477996826"
"Laser_Zap_Ben_Aipa","2","2","10","20459.9995177006","1023","0","19.9999995285441","20","0.309641347080469","0.116797469556332","1.10405039787292","115.893394470215","0.172572385337148","2434.92092895508","1660.27495336533","714.808065414429","63.7688827514648","5004.31594848633","2.95906835887581","141.398726254702","3.57234477996826"
"Laser_Zap_Ben_Aipa","2","3","7","20460.0009072664","1023","0","20.0000008868684","20","0.595928433218173","0.0532832629978657","1.31548488140106","115.893394470215","0.172572397057612","1594.34481811523","816.270753622055","671.624410629272","109.125854492188","2724.26581573486","1.41856697492767","66.2927966210991","3.57234477996826"
"Laser_Zap_Ben_Aipa","2","4","5","20460.0007532085","1023","0","20.0000007362742","20","0.748923313617706","0.691173434257507","0.812295079231262","115.893394470215","0.172572395758192","597.659881591797","345.793697357178","214.423881530762","40.1995811462402","2562.79489135742","0.541957929730415","22.4493906497955","3.57234477996826"
"Laser_Zap_Ben_Aipa","20","0","8","20459.9999805296","1023","0","19.9999999809673","20","-0.0245405040914193","-0.0628420785069466","-0.00799508392810822","115.893394470215","0.172572389240937","2033.51706695557","1513.73160648346","176.10421872139","346.057052612305","4067.34991455078","2.65523854643106","125.962312221527","3.57234477996826"
"Laser_Zap_Ben_Aipa","20","1","12","20459.9998742759","1023","0","19.9999998771025","20","0.309432217075179","0.0128390239551663","0.951616406440735","115.893394470215","0.172572388344727","257452.829612732","2819.34368848801","252818.130000591","2625.96738556027","294890.186981201","4.82059078942984","240.466406151652","3.57234477996826"
"Laser_Zap_Ben_Aipa","20","2","10","20459.9992556246","1023","0","19.9999992723603","20","0.406270624138415","0.0207154471427202","1.00512588024139","115.893394470215","0.172572383126636","140392.272697449","1868.99602413177","136249.957067966","2923.76808166504","137855.545806885","3.06086117355153","148.190671831369","3.57234477996826"
"Laser_Zap_Ben_Aipa","20","3","10","20459.9997667023","1023","0","19.9999997719476","20","0.688297268748283","0.135807394981384","1.05992901325226","115.893394470215","0.172572387437385","67447.3037967682","670.014289081097","65553.5378894806","1535.03211212158","58174.104511261","1.04517737051356","49.0683923566248","3.57234477996826"
"Laser_Zap_Ben_Aipa","20","4","7","20460.0002355644","1023","0","20.0000002302682","20","0.262553951569966","0.117109030485153","0.32865646481514","115.893394470215","0.172572391392059","2281.91181945801","348.456716537476","355.839971542358","1587.09350204468","3340.88098144531","0.494824465364218","20.435022354126","3.57234477996826"
"Laser_Zap_Ben_Aipa","30","0","7","20459.9998977895","1023","0","19.9999999000875","20","-0.0545542184263468","-0.10360761731863","-0.0267624799162149","115.893394470215","0.172572388543056","1385.26916503906","1104.44694519043","184.256910324097","98.855640411377","3566.64630126953","1.87759531475604","84.6446807086468","3.57234477996826"
"Laser_Zap_Ben_Aipa","30","1","12","20460.000776736","1023","0","20.0000007592728","20","0.203658863688664","0.00245064427144825","0.744855582714081","115.893394470215","0.172572395956638","217246.966514587","2869.09130978584","209924.918360233","5668.2958573401","278560.598999023","4.72045595478266","235.426261991262","3.57234477996826"
"Laser_Zap_Ben_Aipa","30","2","10","20459.9996204957","1023","0","19.9999996290281","20","0.295012704096735","0.0233974251896143","0.785756170749664","115.893394470215","0.172572386204187","166675.660903931","1985.30224990845","160585.802784443","5178.89290618896","200722.407470703","3.14797295536846","154.252490103245","3.57234477996826"
"Laser_Zap_Ben_Aipa","30","3","10","20460.0001259179","1023","0","20.0000001230869","20","0.386372224986553","0.112380653619766","0.793895602226257","115.893394470215","0.172572390467232","115656.083015442","1054.54941999912","111790.179956436","3233.0748872757","135745.733551025","1.62239625196526","83.8381762371864","3.57234477996826"
"Laser_Zap_Ben_Aipa","30","4","7","20460.000815351","1023","0","20.0000007970195","20","0.231735804783446","0.038545373827219","0.557675004005432","115.893394470215","0.172572396282341","4775.73168945313","390.017470359802","620.87911605835","3786.15774536133","2719.92391967773","0.550079623702914","23.7831782922149","3.57234477996826"
"Laser_Zap_Ben_Aipa","45","0","3","20460.0001431742","1023","0","20.0000001399552","20","-0.172136791050434","-0.204401820898056","-0.112641982734203","115.893394470215","0.172572390612783","252.92707824707","88.451379776001","165.832061767578","0","1548.11749267578","0.163019178435206","3.94363901019096","3.57234477996826"
"Laser_Zap_Ben_Aipa","45","1","12","20459.9995003132","1023","0","19.9999995115476","20","0.179985711273427","0.00698944367468357","0.486431062221527","115.893394470215","0.172572385190493","260643.896476746","2850.30252718925","253227.076965809","6120.70355224609","393836.671722412","4.6324998382479","227.362001635134","3.57234477996826"
"Laser_Zap_Ben_Aipa","45","2","10","20460.0005390877","1023","0","20.0000005269675","20","0.0883488281164318","0.00382675556465983","0.466540306806564","115.893394470215","0.172572393952164","51415.1090164185","1507.52917337418","43521.4189548492","6842.43692016602","70265.0430297852","2.33374629821628","107.611033126712","3.57234477996826"
"Laser_Zap_Ben_Aipa","45","3","9","20459.9993935563","1023","0","19.9999994071909","20","0.129264586294691","0.012502521276474","0.461033761501312","115.893394470215","0.172572384290038","3399.88407707214","192.077186346054","1111.99901580811","2106.85463619232","3915.55142974854","0.22159166453639","10.9907638658769","3.57234477996826"
"Laser_Zap_Ben_Aipa","45","4","7","20459.9991338989","1023","0","19.9999991533713","20","0.11552686084594","0.0222346298396587","0.327903419733047","115.893394470215","0.172572382099926","6841.04586791992","413.487195491791","702.057395935059","5747.96112060547","2618.62329101563","0.578951759031042","24.8514373749495","3.57234477996826"
"Laser_Zap_Ben_Aipa","5","0","10","20459.9995510826","1023","0","19.9999995611756","20","-0.0330353336408734","-0.220479696989059","-0.00305018201470375","115.893394470215","0.172572385618713","72698.3627319336","2391.08959579468","70295.3264110088","166.193664550781","131444.622924805","4.47582831978798","222.977880835533","3.57234477996826"
"Laser_Zap_Ben_Aipa","5","1","12","20460.0010231462","1023","0","20.0000010001429","20","0.35936526581645","0.0380570814013481","1.27105116844177","115.893394470215","0.172572398035015","203466.579322815","2637.37032580376","200816.214307308","391.631324768066","145246.945861816","4.81899040471762","240.34352633357","3.57234477996826"
"Laser_Zap_Ben_Aipa","5","2","10","20460.0013887906","1023","0","20.0000013575666","20","0.371015454828739","0.0408028662204742","1.30648648738861","115.893394470215","0.172572401119088","54180.2401885986","1828.57576227188","52080.515838027","-133.452451705933","28507.8623352051","3.23349478282034","157.790912255645","3.57234477996826"
"Laser_Zap_Ben_Aipa","5","3","9","20460.0006262794","1023","0","20.0000006121988","20","0.844861762391196","0","1.25521373748779","115.893394470215","0.172572394687593","19492.1424560547","441.530909240246","19050.209602356","34.7099494934082","31468.4734678268","0.558389194513438","35.2292045117356","3.57234477996826"
"Laser_Zap_Ben_Aipa","5","4","6","20459.9998058147","1023","0","19.9999998101805","20","0.694008499383926","0.500756621360779","0.87467086315155","115.893394470215","0.172572387767282","736.231338500977","316.887319564819","331.720134735107","91.2166442871094","3076.09838867188","0.471693500876427","19.5566452741623","3.57234477996826"
"Laser_Zap_Ben_Aipa","60","0","6","20459.999253704","1023","0","19.9999992704829","20","0.0455434850106637","0.028045654296875","0.0559707395732403","115.893394470215","0.172572383110437","4517.94709777832","977.087064743042","120.757452964783","3425.39471435547","2942.29907226563","1.55313096195459","68.3033452033997","3.57234477996826"
"Laser_Zap_Ben_Aipa","60","1","10","20459.9995240625","1023","0","19.9999995347629","20","0.0237605950213037","0.000360600999556482","0.0452829003334045","115.893394470215","0.172572385390809","8860.42441558838","1943.86940288544","252.507141590118","6595.36206054688","4885.74508666992","3.01575733534992","142.187197625637","3.57234477996826"
"Laser_Zap_Ben_Aipa","60","2","9","20460.0002454526","1023","0","20.0000002399341","20","0.0143380930854215","0.00500272074714303","0.0308905635029078","115.893394470215","0.172572391475462","8354.0821762085","1000.45342302322","795.861423492432","6571.47357177734","4012.75720214844","1.41660374682397","63.2597471997142","3.57234477996826"
"Laser_Zap_Ben_Aipa","60","3","10","20460.0001194278","1023","0","20.0000001167427","20","0.0225991216488183","0.00163131114095449","0.0583037883043289","115.893394470215","0.172572390412491","10336.1038665771","787.661962509155","363.374689102173","9214.25689697266","3904.232421875","1.09590474516153","45.306161403656","3.57234477996826"
"Laser_Zap_Ben_Aipa","75","0","5","20459.9987569781","1023","0","19.9999987849249","20","0.081779009103775","0.0675522685050964","0.109391637146473","115.893394470215","0.172572378920741","2540.37518310547","693.206596374512","110.369395256042","1739.71942138672","2419.89416503906","1.06135405227542","45.1301782131195","3.57234477996826"
"Laser_Zap_Ben_Aipa","75","1","11","20460.0004237911","1023","0","20.0000004142631","20","0.0502039126374505","0.0326616205275059","0.0574710816144943","115.893394470215","0.172572392979681","9266.12600708008","2087.4638710022","252.143070697784","6692.60255432129","5280.32388305664","3.15585999190807","149.241441190243","3.57234477996826"
"Laser_Zap_Ben_Aipa","75","2","10","20460.000510387","1023","0","20.0000004989121","20","0.0345581471920013","0.0211301892995834","0.04852444678545","115.893394470215","0.172572393710085","9089.93731689453","1285.15663814545","469.878590106964","7353.90017700195","4522.22552490234","1.83494052104652","82.4631358981133","3.57234477996826"
"Laser_Zap_Ben_Aipa","75","3","8","20460.0011843512","1023","0","20.0000011577236","20","0.0233568984840531","0.00190960825420916","0.0422409996390343","115.893394470215","0.172572399394718","8358.1314239502","537.50439453125","353.94540977478","7489.40949249268","3309.82476806641","0.74706257507205","29.9581396579742","3.57234477996826"
"Laser_Zap_Ben_Aipa","90","0","5","20460.0012950919","1023","0","20.0000012659744","20","0.183306427299976","0.0803135707974434","0.465677201747894","115.893394470215","0.172572400328774","28409.489730835","662.548196792603","26986.5484771729","823.465854644775","42985.2809448242","1.05163631215692","41.2357063293457","3.57234477996826"
"Laser_Zap_Ben_Aipa","90","1","10","20459.9997770692","1023","0","19.9999997820814","20","0.0736850958317518","0.0396483093500137","0.112707562744617","115.893394470215","0.172572387524825","8115.89707183838","2045.4837808609","213.090998411179","5405.14236450195","4792.61791992188","3.15315173380077","146.582450449467","3.57234477996826"
"Laser_Zap_Ben_Aipa","90","2","9","20460.0006555489","1023","0","20.0000006408103","20","0.0732325319614675","0.0474882982671261","0.160694062709808","115.893394470215","0.172572394934471","10627.8388366699","1019.41228795052","5714.4945025444","3973.68812561035","12858.7496032715","1.46162612503394","64.6186322011054","3.57234477996826"
"Laser_Zap_Ben_Aipa","90","3","8","20459.999601663","1023","0","19.9999996106187","20","0.0570155968889594","0.0186670571565628","0.12505678832531","115.893394470215","0.17257238604534","10675.44921875","601.715023040771","3830.93128967285","6271.19311523438","8176.19174194336","0.81100169941783","32.4592314958572","3.57234477996826"
"Mini_Simmons","0","0","12","20460.0002013445","1023","0","20.0000001968177","10","-0.00517355201615525","-0.0335677564144135","-0.00012640432396438","45.860652923584","0.436103695037726","2496.60781860352","2218.45088577271","281.220459461212","0","6001.24786376953","3.91150744073093","221.925319999456","2.21190857887268"
"Mini_Simmons","0","1","11","20460.0003315929","1023","0","20.0000003241377","10","0.0856938551772724","0.0597744807600975","0.134956449270248","45.860652923584","0.436103697813963","2095.23464202881","1612.31316578388","486.163044214249","0","5505.59701538086","2.73807248147205","156.573888093233","2.21190857887268"
"Mini_Simmons","0","2","9","20460.0008019983","1023","0","20.000000783967","10","0.183227207925585","0.135412499308586","0.293849915266037","45.860652923584","0.436103707840626","1314.94889068604","1002.88499212265","315.048224449158","0","4486.76089477539","1.6414311057888","91.4215009957552","2.21190857887268"
"Mini_Simmons","0","3","8","20460.0005588971","1023","0","20.0000005463315","10","0.513291154056787","0.378532320261002","0.920451402664185","45.860652923584","0.43610370265894","1014.95747375488","444.907246112823","553.211538314819","20.5957040786743","4010.24063110352","0.693293471820652","35.6487198621035","2.21190857887268"
"Mini_Simmons","0","4","7","20460.0012187686","1023","0","20.0000011913671","10","1.20674819605691","1.01116156578064","1.35181713104248","45.860652923584","0.436103716724061","2214.0277557373","178.632599473","2043.28872680664","0","2974.3377532959","0.273835580330342","12.7160382866859","2.21190857887268"
"Mini_Simmons","10","0","10","20459.9996986847","1023","0","19.9999997054591","10","-0.0181013187017015","-0.0461622998118401","-2.3104688807507E-05","45.860652923584","0.436103684323563","1669.19229888916","1397.42039299011","274.741868019104","0","4974.62783813477","2.3484301250428","133.037804856896","2.21190857887268"
"Mini_Simmons","10","1","10","20460.000534085","1023","0","20.0000005220772","10","0.0458616627380252","0.0111623946577311","0.0679566040635109","45.860652923584","0.43610370213007","1660.55577850342","1186.94338035583","476.913193225861","0","5010.8896484375","1.92577651375905","106.647462442517","2.21190857887268"
"Mini_Simmons","10","2","12","20459.9999785514","1023","0","19.9999999790337","10","0.116341322660446","0.0687655732035637","0.198819696903229","45.860652923584","0.436103690288905","2058.47116088867","1638.25936317444","312.943858146667","-50.6169605255127","6014.04681396484","2.66637008450925","149.633681058884","2.21190857887268"
"Mini_Simmons","10","3","11","20460.0005919533","1023","0","20.0000005786445","10","0.383659407496452","0.191106542944908","0.862794101238251","45.860652923584","0.43610370336353","1613.57841491699","607.780774116516","936.869495391846","74.2344341278076","5495.17425537109","0.908970080316067","46.3195115327835","2.21190857887268"
"Mini_Simmons","10","4","10","20460.0006526439","1023","0","20.0000006379706","10","0.77696413397789","0.428970038890839","1.21775841712952","45.860652923584","0.436103704657146","1960.67517089844","226.099967479706","1742.17152786255","0","5025.91040039063","0.31368366535753","14.1604008078575","2.21190857887268"
"Mini_Simmons","15","0","9","20459.9995246373","1023","0","19.9999995353248","10","-0.0307095950345481","-0.0989237129688263","-1.19319001896656E-05","45.860652923584","0.436103680613753","1315.69629669189","1063.19421768188","255.421060085297","0","4478.10345458984","1.74543858133256","95.247612118721","2.21190857887268"
"Mini_Simmons","15","1","11","20459.9999470696","1023","0","19.9999999482597","10","0.0388622496446425","0.00509409699589014","0.0593551248311996","45.860652923584","0.436103689617873","1899.57808685303","1494.74945449829","408.229911804199","0","5473.69360351563","2.43375126225874","137.125632241368","2.21190857887268"
"Mini_Simmons","15","2","11","20459.9996147151","1023","0","19.9999996233775","10","0.0992435897615823","0.056823942810297","0.152410596609116","45.860652923584","0.436103682533757","1691.53388977051","1310.35396003723","348.912522315979","35.9410133361816","5473.73348999023","2.06998464418575","114.583417594433","2.21190857887268"
"Mini_Simmons","15","3","12","20459.9995517688","1023","0","19.9999995618464","10","0.27086724092563","0.179096147418022","0.528539180755615","45.860652923584","0.436103681192059","1310.24959564209","747.378700256348","519.152557373047","48.665319442749","5994.76083374023","1.09310557693243","55.1270540356636","2.21190857887268"
"Mini_Simmons","15","4","12","20459.9995283535","1023","0","19.9999995389575","10","0.600597915550073","0.326049834489822","0.953108727931976","45.860652923584","0.436103680692963","1621.21936798096","284.345922470093","1343.66934204102","0","6054.45907592773","0.390349771827459","17.8021677881479","2.21190857887268"
"Mini_Simmons","2","0","12","20459.9990733997","1023","0","19.9999990942323","10","-0.00619208795130059","-0.0147160664200783","-7.2011593147181E-05","45.860652923584","0.436103670995649","2461.5345916748","2190.38314962387","274.196083188057","0","5973.70895385742","3.8170279469341","221.255238041282","2.21190857887268"
"Mini_Simmons","2","1","12","20459.9993944473","1023","0","19.9999994080618","10","0.080273206345737","0.0549893192946911","0.150130555033684","45.860652923584","0.43610367783876","2439.77037811279","1931.84480762482","492.507789134979","-18.7941017150879","6011.26895141602","3.30613103928044","189.510978348553","2.21190857887268"
"Mini_Simmons","2","2","10","20460.0005193858","1023","0","20.0000005077085","10","0.161495491862297","0.117315173149109","0.270509243011475","45.860652923584","0.436103701816757","1491.97750091553","1182.85375595093","302.237225055695","10.1128225326538","4980.66137695313","1.93876163102686","108.64672216773","2.21190857887268"
"Mini_Simmons","2","3","10","20460.0000908567","1023","0","20.000000088814","10","0.525973892211914","0.345136940479279","0.96163809299469","45.860652923584","0.436103692682686","1720.92188262939","532.696032047272","1167.76861953735","25.8970537185669","5008.7492980957","0.834765316918492","42.7294496297836","2.21190857887268"
"Mini_Simmons","2","4","8","20459.99969283","1023","0","19.999999699736","10","1.13445761799812","0.781588554382324","1.43752872943878","45.860652923584","0.436103684198769","3716.07772064209","173.056692957878","3553.25667953491","0","3061.86130523682","0.261112328153104","12.1737909018993","2.21190857887268"
"Mini_Simmons","20","0","7","20460.0004801828","1023","0","20.0000004693869","10","-0.0517355795683605","-0.127538487315178","-0.0124198189005256","45.860652923584","0.436103700981149","871.884895324707","626.459124088287","247.919934749603","0","3491.05914306641","1.00416914373636","51.5328992903233","2.21190857887268"
"Mini_Simmons","20","1","10","20459.9998130597","1023","0","19.9999998172627","10","0.039485287835123","0.000914581876713783","0.118469931185246","45.860652923584","0.436103686761459","1570.49906158447","1178.61956763268","395.200980186462","0","4978.90203857422","1.87219501985237","102.59372343868","2.21190857887268"
"Mini_Simmons","20","2","11","20460.0001990768","1023","0","20.000000194601","10","0.0778687538748438","0.0489289276301861","0.12464365363121","45.860652923584","0.436103694989391","1782.22412109375","1392.71362543106","345.950234413147","47.2126197814941","5471.85876464844","2.19671144848689","122.488975346088","2.21190857887268"
"Mini_Simmons","20","3","12","20459.9999639601","1023","0","19.9999999647704","10","0.250643089413643","0.145463183522224","0.452814280986786","45.860652923584","0.436103689977893","1251.0591583252","568.410776138306","636.629219055176","51.2706069946289","6007.02780151367","0.802150336094201","38.6060318350792","2.21190857887268"
"Mini_Simmons","20","4","11","20459.9998196126","1023","0","19.9999998236682","10","0.449209943413734","0.183859899640083","0.758869767189026","45.860652923584","0.436103686901133","1328.91711425781","317.419362068176","962.69592666626","54.4375419616699","5535.46231079102","0.441019582562149","21.0473819077015","2.21190857887268"
"Mini_Simmons","30","0","6","20460.0004880347","1023","0","20.0000004770623","10","-0.0969177568331361","-0.211895897984505","-0.030766325071454","45.860652923584","0.436103701148511","630.697868347168","387.044523239136","246.004300117493","0","2999.23532104492","0.603250885382295","27.9579384028912","2.21190857887268"
"Mini_Simmons","30","1","10","20459.9995640471","1023","0","19.9999995738486","10","0.0553474974934943","0.00141172774601728","0.240588203072548","45.860652923584","0.436103681453771","1945.0738067627","1141.61727333069","499.021920681","308.347206115723","4960.26428222656","1.76538739260286","95.511149995029","2.21190857887268"
"Mini_Simmons","30","2","11","20459.9997914272","1023","0","19.9999997961165","10","0.0498852680691264","0.0110386032611132","0.0649383813142776","45.860652923584","0.436103686300363","2668.81179046631","1404.45731878281","360.077201366425","910.018374443054","5351.76699829102","2.15750287426636","119.276716709137","2.21190857887268"
"Mini_Simmons","30","3","11","20460.001114987","1023","0","20.0000010899188","10","0.169148517941887","0.048145953565836","0.321622729301453","45.860652923584","0.436103714511962","1505.31755065918","752.698676109314","604.543771743774","135.461563110352","5496.65942382813","1.12385885510594","59.5469384491444","2.21190857887268"
"Mini_Simmons","30","4","11","20460.0003794814","1023","0","20.0000003709496","10","0.33494399826635","0.120306171476841","0.755391836166382","45.860652923584","0.436103698834704","2023.9020614624","290.246191263199","1445.14567947388","295.081672668457","5624.31042480469","0.39440272655338","18.7406953126192","2.21190857887268"
"Mini_Simmons","45","0","4","20459.9998579457","1023","0","19.9999998611395","10","-0.21856158785522","-0.360962331295013","-0.096065066754818","45.860652923584","0.436103687718202","357.550148010254","138.315361976624","220.993989944458","0","2009.67971801758","0.208466119132936","7.74632188677788","2.21190857887268"
"Mini_Simmons","45","1","11","20459.9998556552","1023","0","19.9999998589005","10","0.075847098222849","0.00447927229106426","0.450194478034973","45.860652923584","0.43610368766938","3332.81363677979","1600.27278232574","503.868505716324","1233.2802734375","5377.48114013672","2.50008064042777","137.940113268793","2.21190857887268"
"Mini_Simmons","45","2","11","20460.0007595417","1023","0","20.000000742465","10","0.0348780800334432","0.0100593380630016","0.0860407426953316","45.860652923584","0.436103706935668","3945.49105834961","1460.47333574295","329.686855792999","2162.3380317688","5249.40396118164","2.19445970281959","121.521874204278","2.21190857887268"
"Mini_Simmons","45","3","12","20459.9998113017","1023","0","19.9999998155442","10","0.0849236786986391","0.0423430241644382","0.157689288258553","45.860652923584","0.436103686723987","3397.32331085205","903.878916740417","530.018919944763","1973.96928405762","5694.5368347168","1.28302125493065","66.2884650677443","2.21190857887268"
"Mini_Simmons","45","4","11","20459.9997734752","1023","0","19.9999997785681","10","0.138649130409414","0.0661182403564453","0.256243705749512","45.860652923584","0.436103685917718","2616.87334442139","562.416705131531","678.232057571411","1386.55086517334","5266.07846069336","0.772354428423569","38.5923404917121","2.21190857887268"
"Mini_Simmons","5","0","10","20460.0007831237","1023","0","20.0000007655168","10","-0.00814621444442309","-0.0244044102728367","-0.00031195703195408","45.860652923584","0.436103707438315","1722.93976593018","1453.49225187302","272.359686613083","0","4976.54348754883","2.47038598917425","140.577503800392","2.21190857887268"
"Mini_Simmons","5","1","11","20459.9992488671","1023","0","19.9999992657548","10","0.0643594163385305","0.0498951375484467","0.106764033436775","45.860652923584","0.436103674735728","2128.70405578613","1629.27916324139","486.696834087372","-16.0181503295898","5535.05386352539","2.75109283672646","155.708682045341","2.21190857887268"
"Mini_Simmons","5","2","11","20460.0000836105","1023","0","20.0000000817307","10","0.141401726413857","0.0822165980935097","0.235557720065117","45.860652923584","0.436103692528234","1715.08464813232","1410.7919793129","307.744117259979","0","5474.63647460938","2.29570076055825","129.824828326702","2.21190857887268"
"Mini_Simmons","5","3","10","20460.0003606356","1023","0","20.0000003525275","10","0.44694992005825","0.283104598522186","0.8122239112854","45.860652923584","0.436103698433007","1404.70524597168","540.474781990051","834.432130813599","34.6507482528687","5011.83255004883","0.820192595012486","42.0749921500683","2.21190857887268"
"Mini_Simmons","5","4","9","20460.0008251311","1023","0","20.0000008065798","10","1.02003107468287","0.603453457355499","1.21798801422119","45.860652923584","0.436103708333701","2630.84675598145","179.751058101654","2460.60954284668","0","4530.05035400391","0.254680575802922","11.317390024662","2.21190857887268"
"Mini_Simmons","60","0","4","20459.9992903142","1023","0","19.99999930627","10","-0.373770665377378","-0.605112433433533","-0.215382948517799","45.860652923584","0.43610367561917","374.517784118652","109.283429145813","267.143770217896","0","2013.5439453125","0.167754863388836","5.44553852081299","2.21190857887268"
"Mini_Simmons","60","1","9","20460.0001191065","1023","0","20.0000001164287","10","0.150501929947899","0.0107675259932876","0.719180047512054","45.860652923584","0.436103693284829","1667.31825256348","1002.35097002983","546.394110679626","122.197872161865","4468.67135620117","1.55836812546477","81.4072399809957","2.21190857887268"
"Mini_Simmons","60","2","10","20460.0013040211","1023","0","20.0000012747029","10","0.0276319060474634","0.00360221229493618","0.097914032638073","45.860652923584","0.436103718541213","3522.30828094482","1613.66018295288","179.677433490753","1733.72145080566","4832.5090637207","2.42784723639488","134.638066530228","2.21190857887268"
"Mini_Simmons","60","3","12","20460.0007349861","1023","0","20.0000007184615","10","0.0250940202386118","0.00247241253964603","0.0590100213885307","45.860652923584","0.436103706412265","4301.45133972168","1178.87925076485","478.287515640259","2653.10542297363","5680.72854614258","1.6850169217214","89.2969138473272","2.21190857887268"
"Mini_Simmons","60","4","11","20459.9996274908","1023","0","19.9999996358659","10","0.0649454441260208","0.0352314412593842","0.0992830023169518","45.860652923584","0.43610368280607","4043.00240325928","596.008525848389","404.182720184326","3057.2712097168","5018.68014526367","0.803227290511131","38.6032457351685","2.21190857887268"
"Mini_Simmons","75","0","6","20459.9995610493","1023","0","19.9999995709181","10","0.0954259882370631","0.0322631783783436","0.246764346957207","45.860652923584","0.436103681389871","998.804000854492","757.132566452026","120.271769046783","123.4345703125","2970.1081237793","1.17285802960396","60.2557300329208","2.21190857887268"
"Mini_Simmons","75","1","10","20459.9989050128","1023","0","19.9999989296313","10","0.0447228720717249","0.000204268217203207","0.180680170655251","45.860652923584","0.436103667406494","3821.50576782227","1608.14985084534","186.951268672943","2031.40257263184","4846.68942260742","2.38569044135511","132.028706014156","2.21190857887268"
"Mini_Simmons","75","2","13","20459.9998618424","1023","0","19.9999998649486","10","0.0347468623479542","0.000814060331322253","0.0868710428476334","45.860652923584","0.43610368780126","4815.58302307129","1320.41706562042","449.947709083557","3054.3070526123","6218.30062866211","1.85436350246891","98.2640573382378","2.21190857887268"
"Mini_Simmons","75","3","10","20460.0011950171","1023","0","20.0000011681496","10","0.0263671617489308","0.00123523222282529","0.068860188126564","45.860652923584","0.436103716217798","3481.07879638672","467.78523349762","407.310964584351","2617.00454711914","4676.01968383789","0.622843213379383","29.2145968079567","2.21190857887268"
"Mini_Simmons","90","0","10","20460.0001620435","1023","0","20.0000001584003","10","0.127765970211476","0.00918353069573641","0.340398579835892","45.860652923584","0.436103694200029","71732.7138977051","1550.59353256226","69139.1833992004","1205.08843231201","118453.425872803","2.32869676314294","129.032866418362","2.21190857887268"
"Mini_Simmons","90","1","12","20460.0003718957","1023","0","20.0000003635344","10","0.0642125430652716","0.00113451888319105","0.225796103477478","45.860652923584","0.436103698673014","3726.05686950684","1101.0248336792","445.775095939636","2186.97732543945","5895.43380737305","1.56555050984025","81.9905554354191","2.21190857887268"
"Mini_Simmons","90","2","9","20460.0004007836","1023","0","20.0000003917728","10","0.0368112734286115","0.000605530920438468","0.0663275420665741","45.860652923584","0.436103699288758","3145.856300354","436.338376998901","372.288911819458","2347.07699584961","4296.61331176758","0.588282029144466","27.925970107317","2.21190857887268"
"Poahaku","0","0","12","20459.9998414268","1023","0","19.999999844992","20","-0.00600294790153081","-0.0260404795408249","-0.000343273917678744","34.6559791564941","0.577100988971601","3717.92070770264","3500.60871505737","176.84824681282","44.7281036376953","6001.12686157227","6.5752496086061","149.135802865028","3.31932473182678"
"Poahaku","0","1","12","20459.9997049792","1023","0","19.9999997116121","20","0.103214017115533","0.0612875558435917","0.14706102013588","34.6559791564941","0.577100985122919","3241.78539276123","2989.65584945679","209.114513874054","47.7511615753174","6009.0251159668","5.42355711571872","124.880959957838","3.31932473182678"
"Poahaku","0","2","10","20460.0011392433","1023","0","20.0000011136298","20","0.253640401363373","0.158008813858032","0.543880641460419","34.6559791564941","0.57710102557821","1691.62590026855","1331.19562149048","291.139899253845","74.4155645370483","5042.18481445313","2.26167413964868","51.9340396672487","3.31932473182678"
"Poahaku","0","3","8","20460.0004899281","1023","0","20.0000004789131","20","0.599084947258234","0.476288855075836","0.770708858966827","34.6559791564941","0.577101007263426","993.289329528809","707.918472290039","265.438968658447","23.5622172355652","4071.32354736328","1.1571820564568","24.6577297449112","3.31932473182678"
"Poahaku","10","0","7","20460.0001244021","1023","0","20.0000001216052","20","-0.0217683759651014","-0.0374342575669289","-0.00513884704560041","34.6559791564941","0.577100996953289","1221.8688659668","1070.26871109009","154.099808692932","0","3531.74798583984","1.8135386928916","42.1211873888969","3.31932473182678"
"Poahaku","10","1","9","20459.9988547797","1023","0","19.9999988805276","20","0.0584196533697347","0.00217176089063287","0.0946213155984879","34.6559791564941","0.577100961141933","1699.80619049072","1459.05254745483","201.976554870605","42.6745100021362","4521.11480712891","2.37295127287507","56.0784676074982","3.31932473182678"
"Poahaku","10","2","11","20459.9996763678","1023","0","19.999999683644","20","0.154614008285783","0.0843520984053612","0.379056602716446","34.6559791564941","0.577100984315898","2087.27587127686","1666.1306552887","319.449557304382","107.50400018692","5531.35845947266","2.72516072914004","62.317833840847","3.31932473182678"
"Poahaku","10","3","10","20459.9992083668","1023","0","19.999999226165","20","0.370851783454418","0.0934146344661713","0.714821636676788","34.6559791564941","0.577100971115318","1499.27095031738","1061.19401550293","429.595218658447","12.9330167770386","5084.87432861328","1.68610281310976","36.3218975067139","3.31932473182678"
"Poahaku","10","4","8","20459.9995115972","1023","0","19.9999995225779","20","0.676619853824377","0.142418682575226","1.26241266727448","34.6559791564941","0.577100979668326","2174.54196929932","411.73904132843","1743.59578704834","24.0636043548584","3311.35680770874","0.606921369908378","11.9558200286701","3.31932473182678"
"Poahaku","15","0","7","20459.9997800893","1023","0","19.9999997850335","20","-0.0252884364952999","-0.0415272898972034","-0.00514537934213877","34.6559791564941","0.577100987241496","1214.28832244873","1044.43438720703","162.438539505005","10.0790367126465","3529.43869018555","1.72935285419226","40.3961837291718","3.31932473182678"
"Poahaku","15","1","7","20459.9995743112","1023","0","19.9999995838819","20","0.0412784137630037","0.00396971125155687","0.0763451904058456","34.6559791564941","0.577100981437257","1127.0578918457","861.639006614685","193.475191116333","75.9990892410278","3513.85754394531","1.36097598448396","32.0156418681145","3.31932473182678"
"Poahaku","15","2","13","20460.0003585996","1023","0","20.0000003505372","20","0.197964079104937","0.0486895367503166","1.08607709407806","34.6559791564941","0.577101003559134","72893.75730896","2343.63001680374","70620.4631109238","75.1645317077637","64569.1064758301","3.85649184603244","88.4556780606508","3.31932473182678"
"Poahaku","15","3","10","20459.9996154879","1023","0","19.9999996241328","20","0.355482618510723","0.0761178135871887","0.596657454967499","34.6559791564941","0.577100982598699","1461.29110717773","882.227929115295","565.314828872681","18.4309060573578","5101.673828125","1.37790001742542","29.363715082407","3.31932473182678"
"Poahaku","15","4","10","20459.9997764821","1023","0","19.9999997815074","20","0.374627185612917","0.0272756889462471","1.13946199417114","34.6559791564941","0.577100987139751","2048.02472686768","1060.60587084293","979.399306297302","12.8933079242706","4645.4825630188","1.68881966959452","36.856844025664","3.31932473182678"
"Poahaku","2","0","11","20460.0001862464","1023","0","20.000000182059","20","-0.0086328233876636","-0.0412589646875858","-8.74403558555059E-05","34.6559791564941","0.577100998697688","3048.03910827637","2874.66821289063","163.142887592316","13.617714881897","5513.7405090332","5.29184263944626","120.477032065392","3.31932473182678"
"Poahaku","2","1","11","20459.9999763566","1023","0","19.9999999768882","20","0.0955422259867191","0.0566613711416721","0.147417232394218","34.6559791564941","0.577100992777473","2764.59052276611","2526.74642753601","216.052467346191","25.5576826930046","5524.14410400391","4.48221325315535","104.800103068352","3.31932473182678"
"Poahaku","2","2","11","20460.0003988709","1023","0","20.0000003899031","20","0.217066353017634","0.151115342974663","0.531038165092468","34.6559791564941","0.57710100469504","2093.35819244385","1721.19539070129","298.138396263123","79.3058400154114","5538.04528808594","2.93649155646563","67.7500393390656","3.31932473182678"
"Poahaku","2","3","9","20459.9990097718","1023","0","19.999999032035","20","0.542423708571328","0.369018316268921","0.759072721004486","34.6559791564941","0.577100965513688","1159.55546569824","807.219922065735","333.528017044067","23.0203583240509","4578.13305664063","1.30235650762916","27.5189661085606","3.31932473182678"
"Poahaku","2","4","6","20460.0004314452","1023","0","20.0000004217451","20","0.84761035690705","0.233105555176735","1.23313021659851","34.6559791564941","0.577101005613841","986.272644042969","517.637042999268","458.460477828979","14.2804164886475","3063.19964599609","0.804389424622059","16.4666071534157","3.31932473182678"
"Poahaku","20","0","7","20459.9994217398","1023","0","19.9999994347407","20","-0.0401619542390108","-0.0662335008382797","-0.021095372736454","34.6559791564941","0.577100977133781","1150.0698928833","957.589340209961","166.643452644348","28.9062070846558","3524.53131103516","1.55427311360836","36.4871967434883","3.31932473182678"
"Poahaku","20","1","8","20460.0007331446","1023","0","20.0000007166613","20","0.0464206701144576","0.0181843843311071","0.0820150896906853","34.6559791564941","0.577101014123664","1256.98233795166","958.593673706055","207.983129501343","94.9839553833008","4012.93069458008","1.47383994609118","34.5054363012314","3.31932473182678"
"Poahaku","20","2","13","20459.9998931478","1023","0","19.9999998955502","20","0.08792653421943","0.0482539050281048","0.216832041740417","34.6559791564941","0.577100990430461","2722.15428161621","2300.86640930176","372.531934738159","54.5656108856201","6543.01779174805","3.69303572271019","83.6259605586529","3.31932473182678"
"Poahaku","20","3","10","20460.0002142275","1023","0","20.000000209411","20","0.252613892033696","0.0555650778114796","0.461119949817657","34.6559791564941","0.577100999486931","1592.33808898926","975.444366455078","549.876085281372","71.4324717521667","5089.58102416992","1.51215983368456","32.6421117186546","3.31932473182678"
"Poahaku","20","4","9","20460.0002258422","1023","1","20.0000002207646","20","0.492958972851435","0","1.02313625812531","34.6559791564941","0.577100999814539","18284.4820098877","836.929046869278","17469.5619602203","11.95596344769","26914.0499420166","1.19299598650576","30.640856945276","3.31932473182678"
"Poahaku","30","0","5","20460.0001833428","1023","0","20.0000001792207","20","-0.0753783188760281","-0.111120663583279","-0.0365840010344982","34.6559791564941","0.577100998615787","688.318656921387","489.012781143188","146.228407859802","55.9657211303711","2516.61264038086","0.776744026690722","17.7762310504913","3.31932473182678"
"Poahaku","30","1","6","20459.9993081946","1023","0","19.9999993237483","20","0.0332236277560393","0.0073457257822156","0.0809587016701698","34.6559791564941","0.577100973931091","724.940803527832","494.514263153076","204.938753128052","28.6093215942383","3036.79190063477","0.741199806332588","16.9347198903561","3.31932473182678"
"Poahaku","30","2","13","20459.9990881385","1023","0","19.9999991086398","20","0.0593316099391534","0.019083121791482","0.138181582093239","34.6559791564941","0.577100967724121","2591.2989654541","2109.06127929688","409.23336315155","79.2265954017639","6545.52984619141","3.28465879335999","73.5896713733673","3.31932473182678"
"Poahaku","30","3","10","20460.0004506417","1023","0","20.00000044051","20","0.163567772693932","0.0279859621077776","0.27837285399437","34.6559791564941","0.577101006155302","1550.32069396973","782.61563873291","762.042008399963","10.0467624664307","5113.05508422852","1.17889291420579","24.9662760794163","3.31932473182678"
"Poahaku","30","4","11","20459.9994982889","1023","0","19.9999995095688","20","0.360631898468868","0.00393633637577295","0.811679601669312","34.6559791564941","0.57710097929295","37106.6844482422","1188.13108664751","35965.4715976715","24.7336800098419","43610.1414489746","1.51363634940935","42.3002968728542","3.31932473182678"
"Poahaku","45","0","5","20460.000811314","1023","0","20.0000007930733","20","-0.130384220182896","-0.197945117950439","-0.0955537483096123","34.6559791564941","0.577101016328535","559.285110473633","337.018091201782","162.766347885132","62.487771987915","2524.95394897461","0.528700478374958","11.4332767128944","3.31932473182678"
"Poahaku","45","1","7","20459.9995926954","1023","0","19.9999996018528","20","0.051749243400991","0.0039635868743062","0.180943012237549","34.6559791564941","0.577100981955808","1028.33478546143","764.907381057739","216.114339828491","51.3896045684814","3523.27600097656","1.16206415370107","26.8074886202812","3.31932473182678"
"Poahaku","45","2","12","20460.0003476275","1023","0","20.0000003398118","20","0.0330476109860077","0.000571360986214131","0.0652946457266808","34.6559791564941","0.577101003249652","1795.18300628662","1294.52998352051","454.718249320984","51.5038266181946","6073.31814575195","1.89491342008114","39.8937647342682","3.31932473182678"
"Poahaku","45","3","11","20460.000817536","1023","0","20.0000007991554","20","0.0790856829421087","0.0324974842369556","0.178530856966972","34.6559791564941","0.577101016504036","1546.43112945557","421.739540100098","1122.7551574707","6.79432725906372","5652.28903198242","0.597906953655183","11.1800806224346","3.31932473182678"
"Poahaku","45","4","8","20460.0013122773","1023","0","20.0000012827735","20","0.226975811616285","0.00221522874198854","0.544610798358917","34.6559791564941","0.577101030458859","7497.84999084473","599.519332408905","6884.63079452515","26.859459400177","4377.61212158203","0.878313939087093","19.0480232164264","3.31932473182678"
"Poahaku","5","0","10","20459.9997210202","1023","0","19.9999997272924","20","-0.0102583865285851","-0.0299106650054455","-0.000891971052624285","34.6559791564941","0.577100985575376","2502.55967712402","2306.96074295044","172.799241542816","26.3374061584473","5013.40875244141","4.09134647995234","94.3936440944672","3.31932473182678"
"Poahaku","5","1","10","20460.0000402239","1023","0","20.0000000393196","20","0.0787558503448963","0.0372955463826656","0.105452075600624","34.6559791564941","0.577100994578935","2186.47149658203","1900.20545196533","207.128456115723","84.2410860061646","5001.28524780273","3.23798850364983","76.1601133048534","3.31932473182678"
"Poahaku","5","2","11","20459.9990626508","1023","0","19.9999990837252","20","0.186010135168379","0.068888433277607","0.449884563684464","34.6559791564941","0.57710096700521","2234.96213531494","1855.65330696106","310.429780960083","74.2781181335449","5539.58752441406","3.2100218385458","72.8661739528179","3.31932473182678"
"Poahaku","5","3","11","20460.0006780854","1023","0","20.0000006628401","20","0.424169367009943","0.189598590135574","0.656657576560974","34.6559791564941","0.57710101257065","1524.79611968994","1083.32076263428","429.836421966553","16.6728496551514","5592.80151367188","1.7431243211031","37.7303338646889","3.31932473182678"
"Poahaku","5","4","11","20460.0005905738","1023","0","20.000000577296","20","1.0491971265186","0.131462693214417","1.3876736164093","34.6559791564941","0.577101010102271","31253.8346710205","645.093230009079","30670.0907068253","0","12560.4301147461","0.712826743692858","20.9020673446357","3.31932473182678"
"Poahaku","60","0","5","20459.9999412894","1023","0","19.9999999426094","20","0.0776998750865459","0.0433785133063793","0.140474379062653","34.6559791564941","0.577100991788357","820.93172454834","647.688117980957","124.434774398804","51.004054158926","2515.25213623047","1.0115466453135","22.9908990859985","3.31932473182678"
"Poahaku","60","1","10","20460.000164331","1023","0","20.0000001606364","20","0.0292745238170028","0.0131010413169861","0.0625883266329765","34.6559791564941","0.577100998079536","2616.31667327881","2417.29565429688","168.421328544617","19.8692688941956","4999.86520385742","3.71279557049274","84.2546722888947","3.31932473182678"
"Poahaku","60","2","10","20460.0009769422","1023","0","20.0000009549777","20","0.0110272535122931","0.00430695014074445","0.0174982137978077","34.6559791564941","0.577101021000294","1766.58348846436","1429.9633140564","288.252084732056","52.3798999786377","5039.50433349609","2.07882072404027","46.100457161665","3.31932473182678"
"Poahaku","60","3","10","20459.99973603","1023","0","19.9999997419648","20","0.225903892633505","0.00285105244256556","0.323440134525299","34.6559791564941","0.577100985998747","72158.2222747803","553.559788942337","71749.6373062134","0","112887.72668457","0.101903134411259","16.5936663737521","3.31932473182678"
"Poahaku","75","0","5","20459.9993354893","1023","0","19.9999993504294","20","0.0938656240701675","0.0611326694488525","0.183016270399094","34.6559791564941","0.577100974700974","878.380500793457","780.600452423096","93.8497295379639","5.85974168777466","2511.33502197266","1.22253656387329","27.7556135654449","3.31932473182678"
"Poahaku","75","1","10","20459.9995927587","1023","0","19.9999996019146","20","0.049835029989481","0.0201342776417732","0.112068861722946","34.6559791564941","0.577100981957593","2983.5493927002","2451.48350143433","166.743704795837","368.891246318817","4999.10791015625","3.66347511857748","85.4266104698181","3.31932473182678"
"Poahaku","75","2","10","20460.0005294616","1023","0","20.0000005175577","20","0.0419045837596059","0.0176856052130461","0.0915086567401886","34.6559791564941","0.57710100837852","2237.24156188965","1500.49501895905","301.054269790649","439.601257324219","5032.59222412109","2.14374100975692","48.0773722827435","3.31932473182678"
"Poahaku","75","3","10","20459.9999603025","1023","0","19.999999961195","20","0.0921463891863823","0.0274089630693197","0.126512914896011","34.6559791564941","0.577100992324646","65586.4055328369","549.04546225071","65165.1590423584","1.12443149089813","97475.35105896","0.195894350199524","15.8974410903174","3.31932473182678"
"Poahaku","90","0","10","20459.9999816748","1023","0","19.9999999820868","20","0.0965786755084991","0.0246065966784954","0.326238363981247","34.6559791564941","0.577100992927481","13150.1985473633","2495.11715316772","10248.4139695168","433.418014526367","20814.0117797852","3.85304835066199","88.1812440156937","3.31932473182678"
"Poahaku","90","1","12","20460.0003415076","1023","0","20.0000003338296","20","0.0731252529658377","0.0248990543186665","0.18675921857357","34.6559791564941","0.577101003077034","6837.23738861084","1663.95020294189","4591.98570728302","596.061508178711","12725.449432373","2.43678668141365","51.7372745275497","3.31932473182678"
"Poahaku","90","2","9","20460.0012594209","1023","0","20.0000012311055","20","0.0604516652723153","0.0524546168744564","0.0650649219751358","34.6559791564941","0.577101028967976","63769.9165496826","542.467206001282","63353.1866912842","0","97172.489440918","0.194301455572713","15.805725120008","3.31932473182678"
