"board","drift_deg","roll_case","element_index","boundary_layer_mm","Cl0_Savitsky","Cl0_theorique","Cv_Savitsky","delta_plan_horizontal_deg","deviation_rail_deg","Fx_friction_n","Fx_planing","Fx_rail_n","Fx_rocker","Fz_planing_n","lamda_Savitsky","laminar_boundary_layer_mm","laminar_turbulent_transition_mm","largeur_B_element_mm","longueur_calcul_largeur_element_mm","longueur_element_mm","longueur_mouillee_element_mm","masse_flux_devie_kg_sec_planing","portance_globale_verticale_n","pression_dynamique_B","section_frontale_flux_devie_m2_planing","surface_contact_m2","surface_coupe_partie_immergee_m2","surface_max_element_m2","trainee_globale_horizontale_n","volume_deplacement_litres","volume_litres","inclinaison_roulis_rad_ligne_attack","inclinaison_roulis_rad_ligne_surface","index_dernier_element_on_attack","index_L1_max","index_L1_min","index_L2_max","index_L2_min","index_nose","index_point_contact","index_point_decrochage","index_point_roulis_avant_dans_tab_index_axe_roulis","index_premier_element_on_attack","index_tail","point_attack_on_outline","incidence_deg_stored","pos_x","pos_y","attack_index_1","attack_index_2","rho_v_kg_m2_s","rho_kgm3","scan_speed_ms","incidence_deg_derived","incidence_deg_residual","n_sub_elements"
"Laser_Zap_Ben_Aipa","0","0","0","0","0","0","0","0.814393877983093","0","33.4873924255371","41.4347190856934","0","0","505.129302978516","0","0","0","315.166015625","190.502136230469","0","190.502136230469","159.137420654297","514.080322265625","0","0.00777797773480415","0.0600397996604443","0","0","74.4863586425781","0","1.49784004688263","-0.0528251677751541","0","9","199","1","385","201","200","-1","0","200","0","0","0","9.78258323669434","0.0333333350718021","0","17","380","20459.9995114673","1023","19.999999522451","7.44341776427311","-2.33916547242123","10"
"Laser_Zap_Ben_Aipa","0","0","1","0","0","0","0","0.814393877983093","0","34.5122833251953","40.6955108642578","0","0","504.636322021484","0","0","0","322.941864013672","190.502136230469","0","190.502136230469","161.503662109375","514.5361328125","0","0.00789363123476505","0.0615211166441441","0","0","74.7730941772461","0","1.53936529159546","-0.0188489258289337","0","9","199","1","384","201","200","-1","0","200","0","0","0","9.66090106964111","0.0500000007450581","0","18","382","20459.9958252524","1023","19.9999959191128","7.37181026574687","-2.28909080389425","10"
"Laser_Zap_Ben_Aipa","0","0","2","0","0","0","0","1.50747609138489","0","84.776481628418","21.8035888671875","0","0","466.127380371094","0","0","0","325.848815917969","444.578491210938","0","444.578491210938","252.382553100586","509.871795654297","0","0.012335411272943","0.14486537873745","0","0","106.216331481934","0","5.13988018035889","-0.00305883097462356","0","9","199","1","379","201","200","-1","0","200","0","0","0","6.77654933929443","0.100000001490116","0","35","365","20460.0031175427","1023","20.0000030474514","4.88469996721916","-1.89184937207527","10"
"Laser_Zap_Ben_Aipa","0","0","3","0","0","0","0","1.89623057842255","0","134.240097045898","14.5775852203369","0","0","419.016937255859","0","0","0","372.430999755859","635.222595214844","0","635.222595214844","306.386932373047","507.464385986328","0","0.0149749247357249","0.236576601862907","0","0","148.508483886719","0","9.71416759490967","-0.0013442668132484","0","9","199","1","370","201","200","-1","0","200","0","0","0","6.0182785987854","0.150000005960464","0","52","348","20459.9981489132","1023","19.999998190531","3.62915870874436","-2.38911989004104","10"
"Laser_Zap_Ben_Aipa","0","0","4","0","0","0","0","2.17068672180176","0","189.338882446289","9.72203636169434","0","0","357.402770996094","0","0","0","411.796997070313","825.92431640625","0","825.92431640625","338.193878173828","506.383575439453","0","0.0165295135229826","0.340113162994385","0","0","198.808456420898","0","15.799840927124","-9.72689595073462E-05","0","9","199","1","359","201","200","-1","0","200","0","0","0","5.47809028625488","0.200000002980232","0","69","332","20460.0019052953","1023","20.0000018624587","2.78567463402323","-2.69241565223165","10"
"Laser_Zap_Ben_Aipa","0","0","5","0","0","0","0","2.35909962654114","0","250.991592407227","6.31264162063599","0","0","288.232238769531","0","0","0","423.671844482422","1080.212890625","0","1080.212890625","345.5703125","506.502349853516","0","0.0168900452554226","0.457655757665634","0","0","257.106842041016","0","22.6982822418213","-0.00174663413781673","0","9","199","1","350","201","200","-1","0","200","0","0","0","5.08146333694458","0.25","0","89","319","20459.9992050971","1023","19.9999992229688","2.11501339463058","-2.966449942314","10"
"Laser_Zap_Ben_Aipa","0","0","6","0","0","0","0","2.36735224723816","0","327.284729003906","3.39510798454285","0","0","202.590576171875","0","0","0","468.211547851563","1270.87890625","0","1270.87890625","323.646514892578","508.250610351563","0","0.0158185008913279","0.595040202140808","0","0","330.545349121094","0","31.3191471099854","-0.00237190327607095","0","9","199","1","339","201","200","-1","0","200","0","0","0","4.48858499526978","0.300000011920929","0","105","300","20459.9991564315","1023","19.9999991753973","1.52332591257188","-2.9652590826979","10"
"Laser_Zap_Ben_Aipa","0","0","7","0","0","0","0","2.20086717605591","0","392.909301757813","1.57544112205505","0","0","126.194488525391","0","0","0","480.117523193359","1524.94567871094","0","1524.94567871094","275.446929931641","511.152221679688","0","0.0134627046063542","0.732153177261353","0","0","394.40283203125","0","39.0761871337891","-0.00183632888365537","0","9","199","1","330","201","200","-1","0","200","0","0","0","3.87936592102051","0.349999994039536","0","118","279","20459.9995309734","1023","19.9999995415184","1.05360420428236","-2.82576171673815","10"
"Laser_Zap_Ben_Aipa","0","0","8","0","0","0","0","1.94282686710358","0","462.812133789063","0.396136432886124","8.50290870666504","0","49.881893157959","0","0","0","511.276672363281","1715.34594726563","0","1715.34594726563","174.084686279297","516.664978027344","0","0.0085085378959775","0.877016365528107","0","0","471.679534912109","0","46.9550094604492","-0.00359342526644468","0","9","199","1","319","201","200","-1","0","200","0","0","0","2.96519565582275","0.400000005960464","0","138","263","20460.0001090196","1023","20.0000001065685","0.5558744134933","-2.40932124232945","10"
"Laser_Zap_Ben_Aipa","0","0","9","0","0","0","0","1.421058177948","0","532.308471679688","78588.2578125","0","0","143694.875","0","0","0","520.029479980469","1969.03063964844","0","1969.03063964844","14393.603515625","143476.671875","0","0.703499615192413","1.02395403385162","0","0","78975.25","0","53.6863861083984","-0.0726680010557175","0","8","199","1","310","201","200","-1","0","200","1","0","0","45","0.449999988079071","0","157","243","20460.0019741137","1023","20.0000019297299","43.3964285806945","-1.60357141930545","10"
"Laser_Zap_Ben_Aipa","0","0","10","0","0","0","0","0.482995599508286","0","591.860717773438","-0.123188927769661","0","0","23.1523303985596","0","0","0","513.432067871094","2286.07275390625","0","2286.07275390625","-101.250396728516","551.245910644531","0","-0.00494869984686375","1.17374312877655","0","0","591.722412109375","0","57.9964828491211","-0.0713285058736801","0","7","199","1","299","201","200","-1","0","200","2","0","0","0.488725155591965","0.5","0","181","219","20459.9995679033","1023","19.9999995776181","-0.241569441119716","-0.730294596711681","10"
"Laser_Zap_Ben_Aipa","0","1","0","0","0","0","0","-2.51125597953796","0","3.19639492034912","205.610260009766","0","0","532.504821777344","0","0","0","169.740631103516","65.0741653442383","0","65.0741653442383","56.7421569824219","521.961486816406","0","0.00277332146652043","0.0110457306727767","0","0","208.233428955078","0","0.0954229682683945","0.191252693533897","0","9","207","0","393","216","207","-1","0","215","1","6","0","34.2889213562012","0.0166666675359011","0.0252041164785624","19","393","20459.9999197402","1023","19.9999999215447","14.5412137471385","-19.7477076090627","10"
"Laser_Zap_Ben_Aipa","0","1","1","0","0","0","0","-0.152911841869354","0","10.8784160614014","83.1768951416016","0","0","530.118835449219","0","0","0","189.822418212891","126.745155334473","0","126.745155334473","94.8764572143555","519.366027832031","0","0.00463716825470328","0.0240590702742338","0","0","93.5857696533203","0","0.387112557888031","0.209112569689751","0","9","207","0","392","216","207","-1","0","215","1","6","0","16.8987712860107","0.0333333350718021","0.0252041164785624","19","390","20459.9988620483","1023","19.9999988876327","11.1127860196821","-5.78598526632866","10"
"Laser_Zap_Ben_Aipa","0","1","2","0","0","0","0","0.296474009752274","0","23.8111343383789","51.9621658325195","0","0","520.510314941406","0","0","0","231.293655395508","188.419296264648","0","188.419296264648","137.057403564453","516.513244628906","0","0.00669879745692015","0.0435801856219769","0","0","75.3234100341797","0","1.02150309085846","0.193685382604599","0","9","207","0","391","216","207","-1","0","215","0","6","0","11.6287021636963","0.0500000007450581","0.0252041164785624","20","382","20460.001133915","1023","20.0000011084213","8.84210363178854","-2.78659853190775","10"
"Laser_Zap_Ben_Aipa","0","1","3","0","0","0","0","1.06664323806763","0","67.7375564575195","26.5458831787109","0","0","484.200012207031","0","0","0","306.402893066406","373.483520507813","0","373.483520507813","226.977920532227","511.318572998047","0","0.0110937394201756","0.11443642526865","0","0","93.8964309692383","0","3.84804105758667","0.134696394205093","0","9","207","0","386","216","207","-1","0","215","0","6","0","7.55600452423096","0.100000001490116","0.0252041164785624","23","355","20460.0010812797","1023","20.0000010569694","5.56312580091832","-1.99287872331264","10"
"Laser_Zap_Ben_Aipa","0","1","4","0","0","0","0","1.74501073360443","0","126.169052124023","16.2919483184814","0","0","429.731811523438","0","0","0","344.519378662109","620.364990234375","0","620.364990234375","294.630798339844","507.964324951172","0","0.0144003331661224","0.213727757334709","0","0","142.137924194336","0","8.80655384063721","0.0794800370931625","0","9","207","0","377","216","207","-1","0","215","0","6","0","6.22880077362061","0.150000005960464","0.0252041164785624","29","324","20459.9987334306","1023","19.9999987619067","3.86334396279644","-2.36545681082416","10"
"Laser_Zap_Ben_Aipa","0","1","5","0","0","0","0","2.17576026916504","0","195.583343505859","9.85862350463867","0","0","356.267456054688","0","0","0","391.970886230469","867.361938476563","0","867.361938476563","337.743377685547","506.322784423828","0","0.0165074970573187","0.339980632066727","0","0","205.187973022461","0","15.9453439712524","0.0446605011820793","0","9","207","0","366","216","207","-1","0","215","0","6","0","5.47506427764893","0.200000002980232","0.0252041164785624","43","299","20459.9992665639","1023","19.9999992830537","2.78304660897291","-2.69201766867601","10"
"Laser_Zap_Ben_Aipa","0","1","6","0","0","0","0","2.39188981056213","0","248.453247070313","6.46010684967041","0","0","296.606506347656","0","0","0","398.056121826172","1114.37573242188","0","1114.37573242188","354.839294433594","505.916046142578","0","0.0173430740833282","0.443584084510803","0","0","254.708312988281","0","21.8554077148438","0.0375353768467903","0","9","207","0","357","216","207","-1","0","215","0","6","0","5.03790235519409","0.25","0.0252041164785624","56","284","20459.9999243904","1023","19.9999999260904","2.2406987181024","-2.79720363709169","10"
"Laser_Zap_Ben_Aipa","0","1","7","0","0","0","0","2.41836595535278","0","302.354797363281","3.97910070419312","0","0","232.645812988281","0","0","0","421.136291503906","1299.57189941406","0","1299.57189941406","351.991424560547","506.572387695313","0","0.0172038823366165","0.54729688167572","0","0","306.177276611328","0","28.2628936767578","0.0438055247068405","0","9","207","0","346","216","207","-1","0","215","0","6","0","4.5404486656189","0.300000011920929","0.0252041164785624","69","271","20459.9995322784","1023","19.9999995427942","1.80134817344028","-2.73910049217862","10"
"Laser_Zap_Ben_Aipa","0","1","8","0","0","0","0","2.37167024612427","0","331.875305175781","3.35451650619507","69.6973037719727","0","195.689956665039","0","0","0","432.789947509766","1422.9775390625","0","1422.9775390625","325.563720703125","505.553466796875","0","0.0159122049808502","0.615850389003754","0","0","404.783386230469","0","31.8985290527344","0.0518200658261776","0","8","207","0","337","216","207","-1","0","215","0","6","0","4.01379537582397","0.349999994039536","0.0252041164785624","71","257","20460.0004270263","1023","20.0000004174255","1.48056037170628","-2.5332350041177","10"
"Laser_Zap_Ben_Aipa","0","1","9","0","0","0","0","1.8059219121933","0","425.01025390625","0.777593612670898","0","0","96.0205001831055","0","0","0","436.089935302734","1854.40576171875","0","1854.40576171875","192.651992797852","516.014770507813","0","0.00941603071987629","0.808687686920166","0","0","425.725433349609","0","42.3994026184082","0.124688617885113","0","7","207","0","326","216","207","-1","0","215","0","6","0","2.5810718536377","0.400000005960464","0.0252041164785624","80","231","20460.0004533952","1023","20.0000004432015","0.667143841310017","-1.91392801232768","10"
"Laser_Zap_Ben_Aipa","0","1","10","0","0","0","0","1.8059219121933","0","416.967407226563","0.943558275699615","0","0","102.967926025391","0","0","0","431.778137207031","1854.40576171875","0","1854.40576171875","203.903289794922","515.430541992188","0","0.00996594876050949","0.800691843032837","0","0","417.844024658203","0","41.6883659362793","0.12852780520916","0","7","207","0","323","216","207","-1","0","215","0","6","0","2.51816368103027","0.416666686534882","0.0252041164785624","77","229","20459.9978080258","1023","19.9999978573077","0.713160170435287","-1.80500351059499","10"
"Laser_Zap_Ben_Aipa","0","1","11","0","0","0","0","1.01707124710083","0","449.2666015625","-0.400239795446396","8.37873268127441","0","77.468994140625","0","0","0","401.830932617188","2162.20629882813","0","2162.20629882813","47.5481109619141","523.498107910156","0","0.00232395390048623","0.868841409683228","0","0","457.192962646484","0","44.5971603393555","0.114604093134403","0","5","207","0","320","216","207","-1","0","215","0","6","0","1.62948358058929","0.433333367109299","0.0252041164785624","77","221","20460.0060921887","1023","20.0000059552187","0.153253416680693","-1.4762301639086","10"
"Laser_Zap_Ben_Aipa","0","2","0","0","0","0","0","0.148580268025398","0","7.93947076797485","191.839401245117","0","0","767.829895019531","0","0","0","95.6042709350586","128.902496337891","0","128.902496337891","99.0248565673828","520.918090820313","0","0.00483992462977767","0.0123236291110516","0","0","199.010513305664","0","0.260075509548187","0.825705826282501","0","9","213","0","397","228","213","-1","0","227","1","12","0","25.8577213287354","0.0500000007450581","0.0504082329571247","7","388","20459.9997194443","1023","19.999999725752","23.1248073263767","-2.73291400235869","10"
"Laser_Zap_Ben_Aipa","0","2","1","0","0","0","0","0.937091708183289","0","29.3821754455566","53.1096649169922","0","0","568.831909179688","0","0","0","158.591186523438","307.851623535156","0","307.851623535156","161.011657714844","516.241577148438","0","0.00786958355456591","0.0488225519657135","0","0","82.0187454223633","0","1.42267215251923","0.472080230712891","0","9","213","0","392","228","213","-1","0","227","1","12","0","11.7045831680298","0.100000001490116","0.0504082329571247","14","359","20459.9972283699","1023","19.9999972906842","9.27582741003125","-2.42875575799854","10"
"Laser_Zap_Ben_Aipa","0","2","2","0","0","0","0","1.66783833503723","0","67.5875549316406","28.8051910400391","16.4879875183105","0","502.405151367188","0","0","0","205.130172729492","546.585510253906","0","546.585510253906","230.369354248047","510.109466552734","0","0.0112594990059733","0.112121179699898","0","0","112.457412719727","0","4.11311769485474","0.322215437889099","0","9","213","0","383","228","213","-1","0","227","1","12","0","8.56354331970215","0.150000005960464","0.0504082329571247","18","317","20460.0004072856","1023","20.0000003981287","5.76350544728428","-2.80003787241787","10"
"Laser_Zap_Ben_Aipa","0","2","3","0","0","0","0","2.07757902145386","0","112.524040222168","19.0790863037109","24.8737506866455","0","449.326385498047","0","0","0","266.247131347656","725.738708496094","0","725.738708496094","283.396911621094","506.919799804688","0","0.0138512663543224","0.193225845694542","0","0","156.109741210938","0","8.12063121795654","0.255528032779694","0","9","213","0","372","228","213","-1","0","227","0","12","0","7.01163005828857","0.200000002980232","0.0504082329571247","22","292","20460.0001452327","1023","20.0000001419674","4.11073554748473","-2.90089451080384","10"
"Laser_Zap_Ben_Aipa","0","2","4","0","0","0","0","2.42111778259277","0","155.40234375","13.5072507858276","44.2652397155762","0","401.357849121094","0","0","0","283.255889892578","964.668579101563","0","964.668579101563","319.778930664063","504.137390136719","0","0.015629468485713","0.273248046636581","0","0","212.84423828125","0","12.4799537658691","0.24268151819706","0","9","213","0","363","228","213","-1","0","227","0","12","0","6.04494857788086","0.25","0.0504082329571247","25","275","20460.0003484683","1023","20.0000003406337","3.27904108267446","-2.7659074952064","10"
"Laser_Zap_Ben_Aipa","0","2","5","0","0","0","0","2.58317232131958","0","208.43147277832","8.97117328643799","43.0287475585938","0","338.269012451172","0","0","0","312.002593994141","1203.5791015625","0","1203.5791015625","343.144012451172","503.388397216797","0","0.0167714580893517","0.375519782304764","0","0","260.161834716797","0","17.9495372772217","0.152724251151085","0","8","213","0","352","228","213","-1","0","227","0","12","0","5.07007551193237","0.300000011920929","0.0504082329571247","29","263","20459.9988041014","1023","19.9999988309887","2.55979447317184","-2.51028103876054","10"
"Laser_Zap_Ben_Aipa","0","2","6","0","0","0","0","2.57089853286743","0","238.820587158203","7.14434766769409","-41.8732948303223","0","309.970306396484","0","0","0","315.250885009766","1382.66162109375","0","1382.66162109375","358.050689697266","510.613067626953","0","0.0175000336021185","0.435885280370712","0","0","287.565032958984","0","21.3431301116943","0.198441058397293","0","8","213","0","343","228","213","-1","0","227","0","12","0","4.56282377243042","0.349999994039536","0.0504082329571247","29","251","20460.0001255953","1023","20.0000001227715","2.30094391680111","-2.26187985562931","10"
"Laser_Zap_Ben_Aipa","0","2","7","0","0","0","0","2.2969491481781","0","276.357513427734","5.52725791931152","-60.9854431152344","0","272.609680175781","0","0","0","304.548614501953","1680.81494140625","0","1680.81494140625","362.679656982422","513.029357910156","0","0.0177262760698795","0.51188987493515","0","0","342.604278564453","0","25.3832397460938","0.243764311075211","0","7","213","0","332","228","213","-1","0","227","0","12","0","3.81473231315613","0.400000005960464","0.0504082329571247","29","239","20460.00274128","1023","20.0000026796481","1.9844970163671","-1.83023529678902","10"
"Laser_Zap_Ben_Aipa","0","3","0","0","0","0","0","3.11802887916565","0","33.3543128967285","61.9399604797363","0","0","654.816711425781","0","0","0","73.8213958740234","638.8779296875","0","638.8779296875","182.949783325195","516.283203125","0","0.00894182734191418","0.0471628606319427","0","0","94.7434997558594","0","1.52520704269409","0.688597023487091","0","9","233","0","399","257","233","-1","0","256","0","32","0","12.7069187164307","0.16666667163372","0.0756123512983322","26","337","20459.9995425578","1023","19.9999995528425","10.9291309970229","-1.77778771940777","10"
"Laser_Zap_Ben_Aipa","0","3","1","0","0","0","0","3.73109078407288","0","92.5995788574219","22.9592628479004","48.5798377990723","0","471.876739501953","0","0","0","160.737976074219","964.1171875","0","964.1171875","260.712463378906","506.078918457031","0","0.0127425445243716","0.154970243573189","0","0","163.72590637207","0","6.27113199234009","0.284735411405563","0","9","233","0","396","257","233","-1","0","256","0","32","0","7.59519529342651","0.183333337306976","0.0756123512983322","40","322","20460.0001891508","1023","20.0000001848982","4.71651339249247","-2.87868190093404","10"
"Laser_Zap_Ben_Aipa","0","3","2","0","0","0","0","2.02281761169434","0","7.51560020446777","845.340026855469","0","0","1495.86987304688","0","0","0","21.098653793335","499.598358154297","0","499.598358154297","150.143341064453","340.849578857422","0","0.00733838370069861","0.0105408532544971","0","0","850.757385253906","0","0.242514550685883","1.3417763710022","0","9","233","0","392","257","233","-1","0","256","0","32","0","45","0.200000002980232","0.0756123512983322","20","365","20460.0014373955","1023","20.0000014050787","44.1217225093714","-0.878277490628619","10"
"Laser_Zap_Ben_Aipa","0","3","3","0","0","0","0","-0.263468772172928","0","1.71966886520386","282.295196533203","0","0","400.791473388672","0","0","0","5.71926164627075","443.916656494141","0","443.916656494141","41.4773216247559","80.6683959960938","0","0.00202723941765726","0.00253887544386089","0","0","283.453186035156","0","0.045989528298378","1.36867022514343","0","9","233","0","383","257","233","-1","0","256","0","32","0","45","0.25","0.0756123512983322","15","368","20460.001548652","1023","20.0000015138338","52.9851260723108","7.98512607231076","10"
"Laser_Zap_Ben_Aipa","0","3","4","0","0","0","0","2.8917019367218","0","41.644947052002","40.2485466003418","13.6785068511963","0","550.542175292969","0","0","0","67.1311798095703","592.440002441406","0","592.440002441406","195.401306152344","511.445587158203","0","0.00955040566623211","0.0397711955010891","0","0","95.0060577392578","0","2.44029712677002","0.457167476415634","0","8","233","0","372","257","233","-1","0","256","0","32","0","9.46058082580566","0.300000011920929","0.0756123512983322","29","363","20460.0006514105","1023","20.0000006367649","13.8944332650606","4.43385243925494","10"
"Laser_Zap_Ben_Aipa","0","3","5","0","0","0","0","2.55828452110291","0","32.9636497497559","51.7509689331055","0","0","599.714721679688","0","0","0","50.3385810852051","546.0126953125","0","546.0126953125","181.647750854492","516.407592773438","0","0.0088781900703907","0.0274855047464371","0","0","84.2558059692383","0","1.86809575557709","0.578201353549957","0","8","233","0","363","257","233","-1","0","256","0","32","0","10.7344789505005","0.349999994039536","0.0756123512983322","26","363","20459.9979741703","1023","19.9999980197168","18.8452693007078","8.11079035020731","10"
"Laser_Zap_Ben_Aipa","0","3","6","0","0","0","0","3.2710223197937","0","140.186218261719","17.5745105743408","37.1609344482422","0","476.107330322266","0","0","0","158.907073974609","1567.72668457031","0","1567.72668457031","340.351989746094","504.860107421875","0","0.0166349951177835","0.249122872948647","0","0","194.480499267578","0","11.2773590087891","0.565338850021362","0","7","233","0","352","257","233","-1","0","256","0","32","0","6.09122896194458","0.400000005960464","0.0756123512983322","30","269","20459.9993769906","1023","19.9999993909977","3.82873225029679","-2.26249671164779","10"
"Laser_Zap_Ben_Aipa","0","3","7","0","0","0","0","2.1069028377533","0","176.034317016602","13.3518409729004","0","0","434.657104492188","0","0","0","162.154647827148","1984.50939941406","0","1984.50939941406","370.264556884766","508.790344238281","0","0.0180969964712858","0.321797400712967","0","0","189.092483520508","0","14.9999122619629","0.56702071428299","0","6","233","0","349","257","233","-1","0","256","0","32","0","5.0886926651001","0.416666686534882","0.0756123512983322","32","260","20460.0005018655","1023","20.0000004905821","3.22385690609066","-1.86483575900944","10"
"Laser_Zap_Ben_Aipa","0","4","0","0","0","0","0","3.69589257240295","0","62.6299018859863","55.8600654602051","0","0","779.767639160156","0","0","0","69.8396377563477","1425.28173828125","0","1425.28173828125","285.135711669922","515.094665527344","0","0.0139362514019012","0.0995411649346352","0","0","117.898971557617","0","4.01859474182129","0.907698631286621","0","8","270","0","393","308","270","-1","0","307","0","69","0","10.587230682373","0.383333325386047","0.100816465914249","58","324","20460.0005731112","1023","20.000000560226","8.04813049136871","-2.53910019100434","10"
"Laser_Zap_Ben_Aipa","0","4","1","0","0","0","0","3.83418989181519","0","53.285270690918","72.9327087402344","0","0","878.4677734375","0","0","0","62.6998405456543","1365.16674804688","0","1365.16674804688","278.508422851563","516.238159179688","0","0.01361233741045","0.0855957418680191","0","0","125.54109954834","0","3.32476568222046","0.982458531856537","0","8","270","0","389","308","270","-1","0","307","0","69","0","11.9521751403809","0.400000005960464","0.100816465914249","57","326","20459.9999584021","1023","19.9999999593374","9.15063051003484","-2.80154463034602","10"
"Laser_Zap_Ben_Aipa","0","4","2","0","0","0","0","2.63881063461304","0","74.4666137695313","59.9872817993164","0","0","878.482604980469","0","0","0","71.4180068969727","1755.63098144531","0","1755.63098144531","335.890808105469","515.286437988281","0","0.0164169520139694","0.125383675098419","0","0","133.814804077148","0","5.1755838394165","1.00831604003906","0","7","270","0","380","308","270","-1","0","307","0","69","0","9.92271327972412","0.449999988079071","0.100816465914249","57","313","20459.9981665083","1023","19.9999982077305","7.52355278323008","-2.39916049649404","10"
"Laser_Zap_Ben_Aipa","0","4","3","0","0","0","0","1.97755599021912","0","80.4119262695313","51.5770950317383","0","0","811.189758300781","0","0","0","71.8094635009766","1905.61572265625","0","1905.61572265625","335.260711669922","514.700805664063","0","0.016386155039072","0.136841237545013","0","0","131.408447265625","0","5.70477771759033","0.963558912277222","0","6","270","0","376","308","270","-1","0","307","0","69","0","9.02935886383057","0.466666668653488","0.100816465914249","57","310","20459.9987532468","1023","19.9999987812774","6.87742839563851","-2.15193046819206","10"
"Laser_Zap_Ben_Aipa","10","0","0","0","0","0","0","-0.243145659565926","0","33.3965339660645","41.6553115844727","0","0","505.142669677734","0","0","0","327.892608642578","183.108123779297","0","183.108123779297","158.906311035156","514.829650878906","0","0.00776668218895793","0.0600397996604443","0","0","74.6174545288086","0","1.50941348075867","-0.0202371720224619","0","9","144","3","387","202","202","-1","0","145","0","1","0","9.78164768218994","0.0333333350718021","0","19","382","20459.9991565352","1023","19.9999991754987","7.43254685106675","-2.34910083112319","10"
"Laser_Zap_Ben_Aipa","10","0","1","0","0","0","0","0.213820442557335","0","34.2401657104492","40.9311256408691","0","0","505.110534667969","0","0","0","333.647186279297","184.389739990234","0","184.389739990234","161.226425170898","514.717712402344","0","0.00788007955998182","0.0615211166441441","0","0","74.7386627197266","0","1.55919432640076","-0.0498239994049072","0","9","147","4","387","203","203","-1","0","148","0","2","0","9.64206695556641","0.0500000007450581","0","22","386","20459.9996667128","1023","19.9999996742061","7.35908397295093","-2.28298298261547","10"
"Laser_Zap_Ben_Aipa","10","0","2","0","0","0","0","1.21672594547272","0","82.8386001586914","22.2937870025635","0","0","466.812042236328","0","0","0","334.326293945313","433.16845703125","0","433.16845703125","249.075790405273","510.111297607422","0","0.0121737932786345","0.144819617271423","0","0","104.76887512207","0","5.08721113204956","-0.0126519538462162","0","9","155","6","384","205","205","-1","0","156","0","4","0","6.82526397705078","0.100000001490116","0","39","369","20459.9983509175","1023","19.9999983879936","4.82207553616837","-2.00318844088242","10"
"Laser_Zap_Ben_Aipa","10","0","3","0","0","0","0","1.74603736400604","0","132.218307495117","14.8207216262817","0","0","419.379608154297","0","0","0","370.550994873047","645.964782714844","0","645.964782714844","303.399291992188","507.689544677734","0","0.0148288998752832","0.239362895488739","0","0","146.73046875","0","9.69349479675293","-0.0143046043813229","0","9","162","8","377","207","207","-1","0","163","0","6","0","6.03768253326416","0.150000005960464","0","58","353","20460.0000366779","1023","20.0000000358532","3.55183624921619","-2.48584628404797","10"
"Laser_Zap_Ben_Aipa","10","0","4","0","0","0","0","2.15968441963196","0","189.097747802734","9.77257061004639","86.7180480957031","0","355.708435058594","0","0","0","405.383941650391","871.928283691406","0","871.928283691406","331.780944824219","504.864562988281","0","0.0162160769104958","0.353465735912323","0","0","285.327453613281","0","15.8954496383667","-0.0117786899209023","0","9","170","11","369","210","210","-1","0","171","0","9","0","5.56757926940918","0.200000002980232","0","77","335","20460.0006928603","1023","20.0000006772828","2.62950247874035","-2.93807679066883","10"
"Laser_Zap_Ben_Aipa","10","0","5","0","0","0","0","2.35611271858215","0","263.495178222656","5.63883590698242","0","0","279.736663818359","0","0","0","445.358032226563","1051.59741210938","0","1051.59741210938","356.829956054688","505.768127441406","0","0.0174403712153435","0.468337327241898","0","0","268.941162109375","0","23.5100421905518","-0.0114364670589566","0","9","176","13","362","212","212","-1","0","177","0","11","0","4.97894048690796","0.25","0","92","319","20459.9977631646","1023","19.9999978134551","2.13412564842921","-2.84481483847875","10"
"Laser_Zap_Ben_Aipa","10","0","6","0","0","0","0","2.54850697517395","0","335.194213867188","2.88653683662415","0","0","198.677688598633","0","0","0","484.705627441406","1240.89526367188","0","1240.89526367188","346.653686523438","506.582275390625","0","0.0169429965317249","0.601468920707703","0","0","337.944885253906","0","31.6261501312256","-0.00509200012311339","0","9","182","15","353","214","214","-1","0","183","0","13","0","4.42644834518433","0.300000011920929","0","105","298","20459.9986710937","1023","19.9999987009714","1.61419916609751","-2.81224917908682","10"
"Laser_Zap_Ben_Aipa","10","0","7","0","0","0","0","2.62815380096436","0","410.733184814453","-1.37435352802277","0","0","133.002960205078","0","0","0","516.265319824219","1450.75219726563","0","1450.75219726563","-293.299591064453","540.983520507813","0","-0.0143352691084146","0.748973071575165","0","0","409.270385742188","0","39.884147644043","-0.00454145623371005","0","9","187","17","346","216","216","-1","0","188","1","15","0","1.41098928451538","0.349999994039536","0","122","279","20459.9989610442","1023","19.999998984403","-1.0967024486089","-2.50769173312428","10"
"Laser_Zap_Ben_Aipa","10","0","8","0","0","0","0","2.47601342201233","0","480.175079345703","66322.078125","260.614135742188","0","123564.328125","0","0","0","538.558166503906","1653.15112304688","0","1653.15112304688","12394.83203125","112646.3828125","0","0.605808019638062","0.890318095684052","0","0","66857.828125","0","47.6009483337402","-0.423763811588287","0","9","192","18","336","217","217","-1","0","193","1","16","0","45","0.400000005960464","0","137","260","20459.9999165664","1023","19.9999999184422","42.8780370005845","-2.12196299941551","10"
"Laser_Zap_Ben_Aipa","10","1","0","0","0","0","0","-2.42150926589966","0","3.86177968978882","161.062072753906","0","0","522.981872558594","0","0","0","300.074005126953","42.9269981384277","0","42.9269981384277","60.5810317993164","521.715576171875","0","0.00296094990335405","0.0128812761977315","0","0","164.414093017578","0","0.124001726508141","0.0477524474263191","0","9","164","1","394","208","208","-1","0","165","0","7","0","29.6643924713135","0.0166666675359011","0.0252041164785624","21","394","20459.9989113941","1023","19.9999989358691","13.2891025496875","-16.375289921626","10"
"Laser_Zap_Ben_Aipa","10","1","1","0","0","0","0","0.15869452059269","0","13.1196231842041","85.1913146972656","0","0","523.532104492188","0","0","0","291.037689208984","93.6864852905273","0","93.6864852905273","101.326667785645","518.902038574219","0","0.00495242699980736","0.0272662974894047","0","0","97.8525314331055","0","0.472262412309647","0.152149006724358","0","9","167","2","394","209","209","-1","0","168","0","8","0","14.9327182769775","0.0333333350718021","0.0252041164785624","20","391","20460.0022957604","1023","20.0000022441451","10.4648223694772","-4.46789590750032","10"
"Laser_Zap_Ben_Aipa","10","1","2","0","0","0","0","0.549087524414063","0","23.5911159515381","52.078441619873","0","0","515.922058105469","0","0","0","298.979858398438","145.762954711914","0","145.762954711914","135.015274047852","516.491821289063","0","0.00659898715093732","0.0435801856219769","0","0","75.219970703125","0","1.00485193729401","0.139169946312904","0","9","169","3","394","210","210","-1","0","170","0","9","0","11.8933420181274","0.0500000007450581","0.0252041164785624","23","385","20459.9995362431","1023","19.9999995466697","8.70932655746348","-3.18401546066396","10"
"Laser_Zap_Ben_Aipa","10","1","3","0","0","0","0","1.32536613941193","0","63.4406661987305","28.8078994750977","0","0","487.034393310547","0","0","0","295.453826904297","359.701629638672","0","359.701629638672","215.421905517578","511.587982177734","0","0.0105289304628968","0.106275223195553","0","0","91.8456039428711","0","3.51629257202148","0.124277047812939","0","9","175","5","391","212","212","-1","0","176","0","11","0","8.05283164978027","0.100000001490116","0.0252041164785624","26","355","20459.9988837146","1023","19.999998908812","5.68575173059621","-2.36707991918406","10"
"Laser_Zap_Ben_Aipa","10","1","4","0","0","0","0","1.90355491638184","0","147.193710327148","15.5769701004028","127.717864990234","0","410.137145996094","0","0","0","420.252075195313","583.386657714844","0","583.386657714844","292.081268310547","504.248626708984","0","0.0142757212743163","0.245169460773468","0","0","290.161682128906","0","10.4869527816772","0.0485660433769226","0","9","180","6","383","213","213","-1","0","181","0","12","0","6.05047559738159","0.150000005960464","0.0252041164785624","33","315","20460.0007732033","1023","20.0000007558195","3.33810544664845","-2.71237015073314","10"
"Laser_Zap_Ben_Aipa","10","1","5","0","0","0","0","2.40519857406616","0","205.603317260742","10.2344274520874","126.557777404785","0","349.716186523438","0","0","0","444.085754394531","789.146057128906","0","789.146057128906","327.874206542969","500.475769042969","0","0.0160251352936029","0.35044851899147","0","0","342.103149414063","0","16.2910289764404","0.0335359983146191","0","9","186","8","374","215","215","-1","0","187","0","14","0","5.3087306022644","0.200000002980232","0.0252041164785624","43","293","20459.996158276","1023","19.999996244649","2.62090676890104","-2.68782383336336","10"
"Laser_Zap_Ben_Aipa","10","1","6","0","0","0","0","2.69249987602234","0","238.118545532227","7.81105089187622","169.057083129883","0","309.049865722656","0","0","0","463.42822265625","899.797973632813","0","899.797973632813","335.354644775391","498.698394775391","0","0.0163907445967197","0.416991770267487","0","0","414.720703125","0","20.2462787628174","0.0269771087914705","0","9","191","10","367","217","217","-1","0","192","0","16","0","4.9804892539978","0.25","0.0252041164785624","54","287","20460.0006300205","1023","20.0000006158558","2.25271226637456","-2.72777698762325","10"
"Laser_Zap_Ben_Aipa","10","1","7","0","0","0","0","2.88752365112305","0","271.239807128906","6.46295976638794","220.616668701172","0","272.300720214844","0","0","0","469.210174560547","1017.24859619141","0","1017.24859619141","334.562316894531","494.649719238281","0","0.0163520183414221","0.47730341553688","0","0","498.041229248047","0","23.710786819458","0.0338688977062702","0","9","197","12","358","219","219","-1","0","198","0","18","0","4.56442642211914","0.300000011920929","0.0252041164785624","59","277","20460.0013227135","1023","20.0000012929751","1.96329006536851","-2.60113635675063","10"
"Laser_Zap_Ben_Aipa","10","1","8","0","0","0","0","2.91361665725708","0","321.448364257813","3.95087480545044","204.107894897461","0","207.233673095703","0","0","0","486.551818847656","1221.63146972656","0","1221.63146972656","328.215393066406","496.125946044922","0","0.0160418078303337","0.594387054443359","0","0","529.282470703125","0","30.2582168579102","0.0237837191671133","0","9","202","15","352","222","222","-1","0","203","0","21","0","4.19829130172729","0.349999994039536","0.0252041164785624","89","280","20460.0003028199","1023","20.0000002960116","1.54653362487353","-2.65175767685377","10"
"Laser_Zap_Ben_Aipa","10","1","9","0","0","0","0","2.76481580734253","0","382.638854980469","52564.03125","0","0","95592.46875","0","0","0","491.038635253906","1423.33947753906","0","1423.33947753906","9590.7900390625","53964.4609375","0","0.468758046627045","0.698914706707001","0","0","52841.91796875","0","36.4469947814941","0.973697483539581","0","9","210","21","347","228","228","-1","0","211","0","27","0","45","0.400000005960464","0.0252041164785624","80","253","20460.0008641413","1023","20.0000008447129","42.120669228848","-2.87933077115201","10"
"Laser_Zap_Ben_Aipa","10","1","10","0","0","0","0","2.38248419761658","0","442.554595947266","65058.1015625","82.4249725341797","0","114616.296875","0","0","0","497.23046875","1662.435546875","0","1662.435546875","11501.443359375","53161.86328125","0","0.562142908573151","0.82661360502243","0","0","65429.58203125","0","43.0996017456055","1.09106469154358","0","8","217","26","343","233","233","-1","0","218","0","32","0","45","0.449999988079071","0.0252041164785624","84","244","20459.9990215448","1023","19.9999990435433","42.8479592939518","-2.15204070604818","10"
"Laser_Zap_Ben_Aipa","10","1","11","0","0","0","0","2.11956405639648","0","457.674102783203","68147.265625","82.3876419067383","0","119489.59375","0","0","0","488.444305419922","1777.16320800781","0","1777.16320800781","11988.5361328125","52662.4140625","0","0.585949957370758","0.868045270442963","0","0","68528.9375","0","45.2420310974121","1.11706018447876","0","7","220","28","341","235","235","-1","0","221","0","34","0","45","0.466666668653488","0.0252041164785624","85","242","20460.0000085447","1023","20.0000000083526","42.4558870554363","-2.54411294456374","10"
"Laser_Zap_Ben_Aipa","10","2","0","0","0","0","0","0.387659341096878","0","4.79323530197144","305.484130859375","0","0","779.537170410156","0","0","0","92.3260650634766","85.4789581298828","0","85.4789581298828","82.8092575073242","521.8466796875","0","0.00404737330973148","0.00789193622767925","0","0","309.402984619141","0","0.140943810343742","0.836605310440063","0","9","185","2","399","215","215","-1","0","186","0","14","0","35.504035949707","0.0500000007450581","0.0504082329571247","6","390","20459.9998987536","1023","19.9999999010299","30.8538033086013","-4.65023264110574","10"
"Laser_Zap_Ben_Aipa","10","2","1","0","0","0","0","1.74325811862946","0","23.3627948760986","58.4696884155273","0","0","551.809020996094","0","0","0","134.25439453125","260.866516113281","0","260.866516113281","138.638442993164","516.823303222656","0","0.00677607301622629","0.0350224785506725","0","0","81.3501205444336","0","0.984292805194855","0.385530531406403","0","9","191","4","396","217","217","-1","0","192","1","16","0","13.2483310699463","0.100000001490116","0.0504082329571247","13","363","20459.9983886204","1023","19.9999984248489","11.1558169027484","-2.09251416719786","10"
"Laser_Zap_Ben_Aipa","10","2","2","0","0","0","0","2.55048012733459","0","72.4856109619141","26.8758354187012","0","0","484.593872070313","0","0","0","235.419097900391","484.887908935547","0","484.887908935547","229.187881469727","510.940521240234","0","0.0112017542123795","0.114151872694492","0","0","98.9664154052734","0","4.14906787872314","0.181842237710953","0","9","196","6","389","219","219","-1","0","197","0","18","0","8.40318298339844","0.150000005960464","0.0504082329571247","25","325","20459.9991326754","1023","19.9999991521754","5.63151324473369","-2.77166973866474","10"
"Laser_Zap_Ben_Aipa","10","2","3","0","0","0","0","2.95970249176025","0","111.436218261719","19.9490566253662","81.581916809082","0","443.056945800781","0","0","0","285.111633300781","649.998229980469","0","649.998229980469","268.391906738281","502.603973388672","0","0.013117884285748","0.185322061181068","0","0","212.554275512695","0","7.53142404556274","0.143676176667213","0","9","202","9","381","222","222","-1","0","203","0","21","0","7.13046264648438","0.200000002980232","0.0504082329571247","31","304","20459.9995618102","1023","19.999999571662","4.05903363199833","-3.07142901448604","10"
"Laser_Zap_Ben_Aipa","10","2","4","0","0","0","0","3.17592644691467","0","160.433624267578","14.564302444458","192.628082275391","0","394.495452880859","0","0","0","326.856323242188","802.369018554688","0","802.369018554688","300.599548339844","495.221160888672","0","0.014692060649395","0.262259364128113","0","0","367.223205566406","0","11.8006563186646","0.113527342677116","0","9","208","14","377","227","227","-1","0","209","0","26","0","5.98939943313599","0.25","0.0504082329571247","39","291","20459.9991460165","1023","19.9999991652165","3.2114541566511","-2.77794527648488","10"
"Laser_Zap_Ben_Aipa","10","2","5","0","0","0","0","3.28821396827698","0","203.692291259766","11.6318817138672","239.01496887207","0","349.348052978516","0","0","0","353.956970214844","956.92138671875","0","956.92138671875","314.262390136719","490.876647949219","0","0.0153598431497812","0.338708996772766","0","0","453.932861328125","0","15.9741191864014","0.0910694375634193","0","9","216","19","371","232","232","-1","0","217","0","31","0","5.10798025131226","0.300000011920929","0.0504082329571247","46","284","20459.9999539185","1023","19.9999999549545","2.59915181500145","-2.50882843631081","10"
"Laser_Zap_Ben_Aipa","10","2","6","0","0","0","0","3.61885356903076","0","124.999282836914","19.3267230987549","41.8350715637207","0","437.744934082031","0","0","0","254.445755004883","770.292114257813","0","770.292114257813","280.548950195313","504.424926757813","0","0.0137120699509978","0.195997551083565","0","0","185.766296386719","0","8.56006717681885","0.199309155344963","0","9","224","25","368","238","238","-1","0","225","0","37","0","6.52364587783813","0.349999994039536","0.0504082329571247","36","289","20459.9999269182","1023","19.9999999285613","4.01171341861994","-2.5119324592182","10"
"Laser_Zap_Ben_Aipa","10","2","7","0","0","0","0","2.97056722640991","0","306.9140625","42196.515625","0","0","74952.4375","0","0","0","396.238037109375","1351.80041503906","0","1351.80041503906","7526.5751953125","32547.486328125","0","0.367867767810822","0.535634756088257","0","0","42417.69140625","0","27.1170139312744","1.12427008152008","0","9","231","30","362","243","243","-1","0","232","0","42","0","45","0.400000005960464","0.0504082329571247","58","264","20460.0018101697","1023","20.0000017694719","43.3764233303433","-1.62357666965667","10"
"Laser_Zap_Ben_Aipa","10","2","8","0","0","0","0","2.41712069511414","0","335.078399658203","48428.28125","82.8666152954102","0","84506.375","0","0","0","374.032775878906","1587.44909667969","0","1587.44909667969","8480.25","30811.83984375","0","0.414479494094849","0.5937579870224","0","0","48722.046875","0","30.6370429992676","1.20012366771698","0","8","239","36","359","249","249","-1","0","240","0","48","0","45","0.449999988079071","0.0504082329571247","60","261","20459.9989162779","1023","19.9999989406431","44.2716704869582","-0.7283295130418","10"
"Laser_Zap_Ben_Aipa","10","2","9","0","0","0","0","2.23718190193176","0","321.385467529297","47020.78515625","0","0","81520.65625","0","0","0","349.561248779297","1644.25207519531","0","1644.25207519531","8181.44189453125","27587.453125","0","0.399874985218048","0.57476681470871","0","0","47250.20703125","0","29.3953895568848","1.22842991352081","0","7","241","38","357","251","251","-1","0","242","0","50","0","45","0.466666668653488","0.0504082329571247","58","261","20459.9992421881","1023","19.9999992592259","44.0843728293557","-0.915627170644349","10"
"Laser_Zap_Ben_Aipa","10","2","10","0","0","0","0","1.45824646949768","0","360.976257324219","54516.66015625","103.117279052734","0","93727.3359375","0","0","0","346.574188232422","1888.14892578125","0","1888.14892578125","9400.71875","28140.810546875","0","0.459468215703964","0.654383659362793","0","0","54841.515625","0","33.7985649108887","1.2685421705246","0","7","244","40","356","253","253","-1","0","245","0","52","0","45","0.483333349227905","0.0504082329571247","60","257","20459.9979469677","1023","19.9999979931258","44.5988583839655","-0.401141616034465","10"
"Laser_Zap_Ben_Aipa","10","3","0","0","0","0","0","-9.65851306915283","0","1.49048697948456","452.085632324219","0","0","472.928985595703","0","0","0","7.38409757614136","377.390625","0","377.390625","53.5091743469238","207.602981567383","0","0.0026153065264225","0.00278668920509517","0","0","452.960723876953","0","0.0483435913920403","1.11627292633057","0","9","217","0","399","233","233","-1","0","218","2","32","0","45","0.16666667163372","0.0756123512983322","19","373","20460.0010768602","1023","20.0000010526492","69.8010811285178","24.8010811285178","10"
"Laser_Zap_Ben_Aipa","10","3","1","0","0","0","0","-2.49050951004028","0","1.99651432037354","505.11083984375","0","0","588.055358886719","0","0","0","8.76033782958984","411.468566894531","0","411.468566894531","64.4072647094727","258.232849121094","0","0.00314795994199812","0.00360460346564651","0","0","506.354675292969","0","0.0655368939042091","1.11614310741425","0","9","220","2","398","235","235","-1","0","221","1","34","0","45","0.183333337306976","0.0756123512983322","20","373","20460.001364754","1023","20.0000013340704","60.8463589593332","15.8463589593332","10"
"Laser_Zap_Ben_Aipa","10","3","2","0","0","0","0","-11.5359840393066","0","1.11408257484436","450.99072265625","0","0","307.409301757813","0","0","0","3.69977855682373","425.735168457031","0","425.735168457031","41.3629684448242","132.79150390625","0","0.00202165031805634","0.0015751258470118","0","0","451.541473388672","0","0.0257817879319191","1.12357258796692","0","9","222","4","396","237","237","-1","0","223","0","36","0","45","0.200000002980232","0.0756123512983322","18","377","20460.0014529671","1023","20.0000014203002","NaN","NaN","10"
"Laser_Zap_Ben_Aipa","10","3","3","0","0","0","0","-14.6742601394653","0","1.14721882343292","523.657897949219","0","0","302.554016113281","0","0","0","3.13414168357849","499.568695068359","0","499.568695068359","44.2791862487793","128.724502563477","0","0.00216418341733515","0.00156571913976222","0","0","524.192810058594","0","0.0262491181492805","1.13073754310608","0","9","230","10","393","243","243","-1","0","231","0","42","0","45","0.25","0.0756123512983322","20","376","20459.9970104669","1023","19.9999970776803","NaN","NaN","10"
"Laser_Zap_Ben_Aipa","10","3","4","0","0","0","0","0","0","171.006164550781","28287.828125","0","0","48290.33203125","0","0","0","NaN","0","0","0","4829.03369140625","48347.23828125","0","0.236023157835007","0.00348851759918034","0","0","28408.74609375","0","17.7191505432129","0","0","-1","237","15","387","248","248","-1","0","238","-1","47","0","45","0.300000011920929","0.0756123512983322","23","378","20459.9995004813","1023","19.9999995117119","NaN","NaN","10"
"Laser_Zap_Ben_Aipa","10","3","5","0","0","0","0","0","0","143.470199584961","23706.59765625","0","0","40469.6953125","0","0","0","NaN","0","0","0","4046.96997070313","40516","0","0.197799116373062","0.00336552015505731","0","0","23808.048828125","0","14.7224159240723","0","0","-1","245","21","384","254","254","-1","0","246","-1","53","0","45","0.349999994039536","0.0756123512983322","22","384","20460.000251317","1023","20.0000002456666","NaN","NaN","10"
"Laser_Zap_Ben_Aipa","10","3","6","0","0","0","0","3.76842284202576","0","130.196701049805","19.7872905731201","61.7026977539063","0","432.222229003906","0","0","0","194.109573364258","1049.00939941406","0","1049.00939941406","278.833312988281","503.721740722656","0","0.0136282164603472","0.20362277328968","0","0","211.295928955078","0","9.1630687713623","0.210560396313667","0","9","253","27","379","260","260","-1","0","254","0","59","0","6.16150951385498","0.400000005960464","0.0756123512983322","56","304","20460.0003088869","1023","20.0000003019423","3.83760338454465","-2.32390612931033","10"
"Laser_Zap_Ben_Aipa","10","3","7","0","0","0","0","1.95626902580261","0","280.729553222656","39163.875","0","0","69136.3984375","0","0","0","293.74609375","1667.63928222656","0","1667.63928222656","6939.5234375","25600.732421875","0","0.339175164699554","0.489862501621246","0","0","39365.68359375","0","24.7689628601074","1.19422519207001","0","8","261","33","376","266","266","-1","0","262","0","65","0","45","0.449999988079071","0.0756123512983322","73","283","20459.9987255763","1023","19.999998754229","43.8194757035929","-1.18052429640709","10"
"Laser_Zap_Ben_Aipa","10","3","8","0","0","0","0","2.53868412971497","0","240.431213378906","13.0145034790039","138.250915527344","0","311.753356933594","0","0","0","273.016387939453","1489.88977050781","0","1489.88977050781","264.540802001953","497.100463867188","0","0.0129296574741602","0.406764328479767","0","0","391.310821533203","0","20.0451622009277","0.10124932974577","0","9","267","37","369","270","270","-1","0","268","0","69","0","3.58142852783203","0.5","0.0756123512983322","80","300","20460.0007796522","1023","20.0000007621233","1.82154522757258","-1.75988330025946","10"
"Laser_Zap_Ben_Aipa","10","3","9","0","0","0","0","0.132799848914146","0","230.649749755859","3.66075444221497","0","0","351.072814941406","0","0","0","193.980926513672","2086.5546875","0","2086.5546875","29.9168930053711","548.740112304688","0","0.00146221346221864","0.404751837253571","0","0","234.063201904297","0","19.9397029876709","0.102245964109898","0","6","271","39","362","273","272","-1","0","272","0","71","0","0.138529434800148","0.550000011920929","0.0756123512983322","60","279","20460.0038081838","1023","20.0000037225648","0.206988183832922","0.068458749032774","10"
"Laser_Zap_Ben_Aipa","10","3","10","0","0","0","0","0.323385298252106","0","252.343170166016","7.45414257049561","0","0","411.403045654297","0","0","0","213.727294921875","2045.09094238281","0","2045.09094238281","64.4160766601563","627.983703613281","0","0.00314839067868888","0.437091737985611","0","0","259.510437011719","0","21.747989654541","0.0226415786892176","0","7","271","39","358","273","272","-1","0","272","0","71","0","0.329114884138107","0.566666662693024","0.0756123512983322","64","280","20460.0010717163","1023","20.000001047621","0.412707528818223","0.0835926446801158","10"
"Laser_Zap_Ben_Aipa","10","4","0","0","0","0","0","3.89567899703979","0","72.159912109375","30.0508308410645","0","0","502.985626220703","0","0","0","100.810707092285","1043.36730957031","0","1043.36730957031","229.14372253418","511.245910644531","0","0.0111995963379741","0.105182588100433","0","0","101.789398193359","0","4.25804090499878","0.331117391586304","0","9","269","1","394","271","271","-1","0","270","0","70","0","8.63780689239502","0.383333325386047","0.100816465914249","60","326","20459.9983445145","1023","19.9999983817346","6.11230734643426","-2.52549954596076","10"
"Laser_Zap_Ben_Aipa","10","4","1","0","0","0","0","3.92149257659912","0","51.773063659668","38.1028823852539","0","0","534.89208984375","0","0","0","69.3875198364258","1049.54748535156","0","1049.54748535156","200.658706665039","513.148010253906","0","0.00980736594647169","0.0728254914283752","0","0","89.418083190918","0","2.79202175140381","0.406391054391861","0","9","271","2","391","273","272","-1","0","272","0","71","0","10.2392063140869","0.400000005960464","0.100816465914249","59","334","20459.9999388448","1023","19.9999999402197","7.73950330666631","-2.49970300742061","10"
"Laser_Zap_Ben_Aipa","10","4","2","0","0","0","0","3.89372944831848","0","26.0338439941406","67.6715469360352","40.7580718994141","0","602.576171875","0","0","0","34.3237457275391","1032.89367675781","0","1032.89367675781","151.110229492188","507.512725830078","0","0.00738564226776361","0.0354527793824673","0","0","133.537979125977","0","1.32991778850555","0.582573413848877","0","9","275","5","385","279","275","-1","0","278","0","74","0","13.7635011672974","0.449999988079071","0.100816465914249","43","339","20459.9984691574","1023","19.9999985035751","12.0241149853659","-1.73938618193148","10"
"Laser_Zap_Ben_Aipa","10","4","3","0","0","0","0","3.58073687553406","0","34.6335029602051","54.3176879882813","0","0","583.022583007813","0","0","0","40.7002716064453","1185.66760253906","0","1185.66760253906","172.459136962891","515.75439453125","0","0.0084290886297822","0.0482569932937622","0","0","88.4590530395508","0","1.89241015911102","0.534651041030884","0","9","282","12","381","289","282","-1","0","288","0","81","0","11.6908807754517","0.5","0.100816465914249","46","337","20459.9980540656","1023","19.9999980978159","10.0595024552583","-1.63137832019332","10"
"Laser_Zap_Ben_Aipa","10","4","4","0","0","0","0","2.86974167823792","0","46.7528610229492","43.8307495117188","43.309684753418","0","549.997741699219","0","0","0","50.9511489868164","1357.45202636719","0","1357.45202636719","192.678039550781","508.050476074219","0","0.00941730290651321","0.0691637396812439","0","0","133.289398193359","0","2.8015410900116","0.476688414812088","0","9","289","19","379","298","289","-1","0","297","0","88","0","9.75870418548584","0.550000011920929","0.100816465914249","56","335","20460.0023449942","1023","20.000002292272","7.82567565870499","-1.93302852678085","10"
"Laser_Zap_Ben_Aipa","10","4","5","0","0","0","0","2.31085872650146","0","40.947135925293","53.8207626342773","26.643575668335","0","602.337585449219","0","0","0","41.0653915405273","1445.92553710938","0","1445.92553710938","189.347442626953","514.460083007813","0","0.00925451796501875","0.0593774989247322","0","0","120.911308288574","0","2.44472050666809","0.604867339134216","0","9","296","26","375","308","296","-1","0","307","0","95","0","10.012619972229","0.600000023841858","0.100816465914249","37","337","20460.0005470484","1023","20.0000005347492","8.96661926746673","-1.04600070476227","10"
"Laser_Zap_Ben_Aipa","10","4","6","0","0","0","0","1.9539920091629","0","43.7029724121094","52.4219512939453","17.6710033416748","0","602.193298339844","0","0","0","42.9238357543945","1499.97717285156","0","1499.97717285156","195.99169921875","513.5634765625","0","0.00957926269620657","0.0643847733736038","0","0","113.273887634277","0","2.66018962860107","0.612106442451477","0","9","299","29","375","312","299","-1","0","311","0","98","0","9.43923854827881","0.616666674613953","0.100816465914249","38","337","20459.9983771573","1023","19.9999984136435","8.55631883430641","-0.882919713972395","10"
"Laser_Zap_Ben_Aipa","10","4","7","0","0","0","0","1.67575478553772","0","43.1018028259277","59.327033996582","19.38747215271","0","646.837890625","0","0","0","40.5772552490234","1542.8388671875","0","1542.8388671875","201.325256347656","514.947326660156","0","0.00983994454145432","0.0626041665673256","0","0","121.287155151367","0","2.57477211952209","0.700769364833832","0","9","301","31","374","315","301","-1","0","314","0","100","0","9.48858451843262","0.633333325386047","0.100816465914249","33","337","20459.9990883588","1023","19.9999991088551","9.04308577283156","-0.445498745601057","10"
"Laser_Zap_Ben_Aipa","15","0","0","0","0","0","0","0","0","15.2067947387695","66.9281158447266","0","0","516.739074707031","0","0","0","349.024810791016","93.1207733154297","0","93.1207733154297","108.500297546387","518.12109375","0","0.00530304480344057","0.0325014591217041","0","0","81.6713562011719","0","0.572119116783142","-0.0500768683850765","0","9","101","4","388","203","203","-1","0","102","0","2","0","14.2735872268677","0.0333333350718021","0","17","386","20460.0001636782","1023","20.0000001599982","9.39055214816667","-4.883035078701","10"
"Laser_Zap_Ben_Aipa","15","0","1","0","0","0","0","-0.152607753872871","0","30.2760963439941","44.4285697937012","0","0","507.775695800781","0","0","0","283.224456787109","196.707641601563","0","196.707641601563","151.319290161133","515.295227050781","0","0.00739585887640715","0.0557124130427837","0","0","74.2646026611328","0","1.31384289264679","-0.0461628809571266","0","9","106","5","388","204","204","-1","0","107","0","3","0","10.1217193603516","0.0500000007450581","0","22","387","20460.0023729283","1023","20.000002319578","7.62857048513069","-2.49314887522087","10"
"Laser_Zap_Ben_Aipa","15","0","2","0","0","0","0","1.26584911346436","0","83.8092193603516","22.8972148895264","0","0","468.253265380859","0","0","0","332.566345214844","435.200775146484","0","435.200775146484","247.759780883789","510.025726318359","0","0.0121094724163413","0.144733130931854","0","0","106.337394714355","0","4.94306659698486","-0.0178599953651428","0","9","121","9","387","208","208","-1","0","122","1","7","0","6.73130702972412","0.100000001490116","0","41","371","20459.9979557694","1023","19.9999980017296","4.79941051305325","-1.93189651667087","10"
"Laser_Zap_Ben_Aipa","15","0","3","0","0","0","0","1.8212274312973","0","153.715744018555","13.8840160369873","43.3361892700195","0","402.023345947266","0","0","0","395.095123291016","672.902465820313","0","672.902465820313","310.012390136719","505.930694580078","0","0.0151521218940616","0.265860468149185","0","0","210.632476806641","0","11.3354568481445","-0.01480642426759","0","9","134","12","381","211","211","-1","0","135","1","10","0","5.65065479278564","0.150000005960464","0","62","348","20459.9984282214","1023","19.9999984635595","3.26721481836863","-2.38343997441701","10"
"Laser_Zap_Ben_Aipa","15","0","4","0","0","0","0","2.34811401367188","0","221.833755493164","8.97428417205811","0","0","332.940979003906","0","0","0","432.275482177734","893.398193359375","0","893.398193359375","340.669403076172","505.836090087891","0","0.0166505090892315","0.386194109916687","0","0","230.566360473633","0","18.2152194976807","-0.0176338497549295","0","9","146","15","373","214","214","-1","0","147","1","13","0","5.08216762542725","0.200000002980232","0","78","326","20459.9992258793","1023","19.9999992432837","2.47103624045097","-2.61113138497628","10"
"Laser_Zap_Ben_Aipa","15","0","5","0","0","0","0","2.65121865272522","0","272.106170654297","6.23885726928711","0","0","274.157531738281","0","0","0","472.529235839844","1020.58410644531","0","1020.58410644531","344.694213867188","505.847869873047","0","0.0168472267687321","0.482255816459656","0","0","278.1474609375","0","24.0715255737305","-0.0157800484448671","0","9","156","17","366","216","216","-1","0","157","1","15","0","4.74712896347046","0.25","0","92","315","20459.997280201","1023","19.9999973413499","2.00199018679181","-2.74513877667865","10"
"Laser_Zap_Ben_Aipa","15","0","6","0","0","0","0","2.9281120300293","0","346.126007080078","3.60498189926147","197.438415527344","0","193.440246582031","0","0","0","498.723937988281","1229.8232421875","0","1229.8232421875","321.513244628906","499.953460693359","0","0.0157142356038094","0.61334228515625","0","0","546.994812011719","0","31.8182525634766","-0.00867122318595648","0","9","165","19","357","218","218","-1","0","166","1","17","0","4.15446996688843","0.300000011920929","0","107","297","20459.9989929492","1023","19.9999990155906","1.46811645581892","-2.68635351106951","10"
"Laser_Zap_Ben_Aipa","15","0","7","0","0","0","0","3.00883269309998","0","400.236724853516","-1.79152536392212","52.1106376647949","0","154.354080200195","0","0","0","517.102661132813","1392.64477539063","0","1392.64477539063","-283.839935302734","541.5341796875","0","-0.0138729196041822","0.720140337944031","0","0","450.449737548828","0","37.7848091125488","-0.0108034377917647","0","9","174","22","351","221","221","-1","0","175","2","20","0","1.35886681079865","0.349999994039536","0","123","287","20460.0000145006","1023","20.0000000141746","-1.1038250365174","-2.46269184731605","10"
"Laser_Zap_Ben_Aipa","15","1","0","0","0","0","0","0.294460326433182","0","3.03755760192871","405.018829345703","0","0","691.410339355469","0","0","0","NaN","0","0","0","69.1410369873047","689.627563476563","0","0.00337932747788727","0.0110457306727767","0","0","407.166748046875","0","0.0906651020050049","0.0397618301212788","0","9","124","1","394","208","208","-1","0","125","0","7","0","45","0.0166666675359011","0.0252041164785624","20","394","20459.9990500273","1023","19.9999990713854","NaN","NaN","10"
"Laser_Zap_Ben_Aipa","15","1","1","0","0","0","0","0.294460326433182","0","9.47292137145996","90.8606414794922","0","0","523.399475097656","0","0","0","224.712951660156","102.645210266113","0","102.645210266113","87.8395767211914","519.739685058594","0","0.00429323455318809","0.0230657085776329","0","0","99.8648834228516","0","0.330043882131577","0.124780386686325","0","9","128","2","394","209","209","-1","0","129","0","8","0","18.1659984588623","0.0333333350718021","0.0252041164785624","20","392","20459.9994789391","1023","19.999999490654","10.7270571166516","-7.4389413422107","10"
"Laser_Zap_Ben_Aipa","15","1","2","0","0","0","0","0.718120276927948","0","23.75465965271","51.8069915771484","0","0","514.277770996094","0","0","0","301.932525634766","144.337509155273","0","144.337509155273","135.209716796875","516.46875","0","0.0066084903664887","0.0435801856219769","0","0","75.1147079467773","0","1.00172424316406","0.113756202161312","0","9","133","4","395","211","211","-1","0","134","0","10","0","11.8796682357788","0.0500000007450581","0.0252041164785624","24","386","20460.0005899254","1023","20.0000005766622","8.72196636638701","-3.1577018693918","10"
"Laser_Zap_Ben_Aipa","15","1","3","0","0","0","0","1.40869843959808","0","67.8153762817383","28.0135078430176","0","0","482.823028564453","0","0","0","345.291748046875","324.588531494141","0","324.588531494141","219.976806640625","511.17138671875","0","0.0107515547424555","0.112077735364437","0","0","95.4269790649414","0","3.77833318710327","0.0993921607732773","0","9","144","6","392","213","213","-1","0","145","0","12","0","7.89067316055298","0.100000001490116","0.0252041164785624","27","353","20459.9996846954","1023","19.9999996917844","5.50481701785663","-2.38585614269635","10"
"Laser_Zap_Ben_Aipa","15","1","4","0","0","0","0","2.34793162345886","0","157.995071411133","15.3655042648315","215.218383789063","0","401.215240478516","0","0","0","443.005279541016","576.627136230469","0","576.627136230469","293.6259765625","497.867523193359","0","0.0143512217327952","0.255448877811432","0","0","388.20947265625","0","11.0414323806763","0.0397456996142864","0","9","154","9","386","216","216","-1","0","155","0","15","0","5.90557622909546","0.150000005960464","0.0252041164785624","34","308","20459.998600085","1023","19.9999986315591","3.22059600157277","-2.68498022752269","10"
"Laser_Zap_Ben_Aipa","15","1","5","0","0","0","0","2.6881468296051","0","209.57177734375","11.1294717788696","323.705291748047","0","348.165985107422","0","0","0","494.735260009766","693.119384765625","0","693.119384765625","315.226531982422","491.654022216797","0","0.0154069671407342","0.342910617589951","0","0","544.053955078125","0","16.0024738311768","0.0304725505411625","0","9","164","11","377","218","218","-1","0","165","0","17","0","5.20538854598999","0.200000002980232","0.0252041164785624","39","289","20459.9989798771","1023","19.9999990028124","2.57516527046791","-2.63022327552208","10"
"Laser_Zap_Ben_Aipa","15","1","6","0","0","0","0","2.93091201782227","0","250.343109130859","8.37033081054688","216.68034362793","0","308.707153320313","0","0","0","483.555328369141","854.234497070313","0","854.234497070313","331.565612792969","494.049957275391","0","0.0162055529654026","0.413069635629654","0","0","475.078643798828","0","20.0424880981445","0.0177755262702703","0","9","173","13","370","220","220","-1","0","174","0","19","0","4.66281795501709","0.25","0.0252041164785624","51","284","20459.9999457489","1023","19.9999999469687","2.24840570382481","-2.41441225119228","10"
"Laser_Zap_Ben_Aipa","15","1","7","0","0","0","0","3.0362720489502","0","306.807342529297","4.83099460601807","468.495941162109","0","231.954833984375","0","0","0","517.456787109375","1015.19610595703","0","1015.19610595703","323.568206787109","468.26708984375","0","0.0158146750181913","0.525320112705231","0","0","779.535095214844","0","26.4069442749023","0.0226038061082363","0","9","185","19","365","226","226","-1","0","186","1","25","0","4.07290554046631","0.300000011920929","0.0252041164785624","71","278","20459.9972123938","1023","19.9999972750673","1.72514059734385","-2.34776494312245","10"
"Laser_Zap_Ben_Aipa","15","1","8","0","0","0","0","3.089519739151","0","321.357513427734","6.22511863708496","387.801147460938","0","226.010650634766","0","0","0","506.911285400391","1087.77563476563","0","1087.77563476563","295.825592041016","487.767120361328","0","0.014458728954196","0.551405727863312","0","0","715.060729980469","0","27.9684429168701","0.0177595168352127","0","9","197","26","363","233","233","-1","0","198","1","32","0","3.75062799453735","0.349999994039536","0.0252041164785624","82","283","20459.99983665","1023","19.9999998403225","1.50255799137687","-2.24807000316048","10"
"Laser_Zap_Ben_Aipa","15","1","9","0","0","0","0","2.87817883491516","0","403.878723144531","54745.8515625","232.7412109375","0","98724.8359375","0","0","0","540.779724121094","1326.255859375","0","1326.255859375","9906.6005859375","63955.35546875","0","0.484193593263626","0.717212319374084","0","0","55202.7890625","0","37.3454093933105","0.867258250713348","0","9","208","32","358","239","239","-1","0","209","1","38","0","45","0.400000005960464","0.0252041164785624","94","263","20459.9993138358","1023","19.9999993292628","42.4623044247537","-2.53769557524629","10"
"Laser_Zap_Ben_Aipa","15","1","10","0","0","0","0","2.43428301811218","0","488.017547607422","71240.453125","256.950012207031","0","124308.984375","0","0","0","553.07080078125","1601.10668945313","0","1601.10668945313","12484.6025390625","69083.4140625","0","0.610195577144623","0.885525345802307","0","0","71765.421875","0","46.3334350585938","0.983216047286987","0","8","219","39","356","246","246","-1","0","220","1","45","0","45","0.449999988079071","0.0252041164785624","105","254","20460.0016891036","1023","20.0000016511276","43.5571272083429","-1.44287279165714","10"
"Laser_Zap_Ben_Aipa","15","1","11","0","0","0","0","2.26809144020081","0","503.975677490234","75146.5234375","216.875244140625","0","129659.578125","0","0","0","548.430297851563","1665.62390136719","0","1665.62390136719","13024.681640625","65838.625","0","0.636592447757721","0.91347861289978","0","0","75652.2734375","0","47.7136650085449","1.04015552997589","0","8","223","41","354","248","248","-1","0","224","1","47","0","45","0.466666668653488","0.0252041164785624","100","251","20460.000250556","1023","20.0000002449227","44.1778723825656","-0.822127617434397","10"
"Laser_Zap_Ben_Aipa","15","2","0","0","0","0","0","0.500099956989288","0","4.5429630279541","245.379379272461","0","0","686.338073730469","0","0","0","123.671592712402","63.8136596679688","0","63.8136596679688","75.2631149291992","521.791625976563","0","0.0036785495467484","0.00789193622767925","0","0","249.193283081055","0","0.13800510764122","0.705991566181183","0","9","153","2","399","215","215","-1","0","154","1","14","0","33.2512969970703","0.0500000007450581","0.0504082329571247","6","390","20459.9976084941","1023","19.999997662262","27.782401621634","-5.46889537543628","10"
"Laser_Zap_Ben_Aipa","15","2","1","0","0","0","0","1.82079184055328","0","23.1097297668457","57.6787109375","0","0","537.405395507813","0","0","0","159.033508300781","220.220764160156","0","220.220764160156","135.349319458008","516.805053710938","0","0.0066153141669929","0.0350224785506725","0","0","80.3226928710938","0","0.976377427577972","0.312508881092072","0","9","162","4","396","217","217","-1","0","163","1","16","0","13.1831483840942","0.100000001490116","0.0504082329571247","13","363","20459.9987304205","1023","19.9999987589644","10.887875988509","-2.29527239558525","10"
"Laser_Zap_Ben_Aipa","15","2","2","0","0","0","0","2.68057155609131","0","84.8554763793945","24.7632522583008","0","0","471.040557861328","0","0","0","295.297576904297","452.277252197266","0","452.277252197266","241.447692871094","509.961090087891","0","0.0118009615689516","0.133556365966797","0","0","109.233322143555","0","5.00975847244263","0.123088270425797","0","9","172","7","390","220","220","-1","0","173","0","19","0","7.80840539932251","0.150000005960464","0.0504082329571247","28","322","20460.001624473","1023","20.0000015879502","5.06923170222578","-2.73917369709673","10"
"Laser_Zap_Ben_Aipa","15","2","3","0","0","0","0","3.03392910957336","0","105.673896789551","21.6669788360596","89.2926635742188","0","450.091247558594","0","0","0","287.800415039063","569.825500488281","0","569.825500488281","259.841949462891","502.165191650391","0","0.0126999989151955","0.163996011018753","0","0","216.204315185547","0","6.67784881591797","0.12029605358839","0","9","184","13","385","226","226","-1","0","185","0","25","0","7.34356832504272","0.200000002980232","0.0504082329571247","33","311","20459.9977683456","1023","19.9999978185196","4.44148358628311","-2.90208473875962","10"
"Laser_Zap_Ben_Aipa","15","2","4","0","0","0","0","3.23433589935303","0","163.934509277344","14.7251625061035","342.083282470703","0","385.704071044922","0","0","0","365.005889892578","725.785522460938","0","725.785522460938","294.503356933594","481.190856933594","0","0.014394105412066","0.264915972948074","0","0","520.178771972656","0","11.8828706741333","0.0907851234078407","0","9","195","19","382","232","232","-1","0","196","0","31","0","5.95674705505371","0.25","0.0504082329571247","43","294","20459.9972351685","1023","19.9999972973299","3.11467731981591","-2.8420697352378","10"
"Laser_Zap_Ben_Aipa","15","2","5","0","0","0","0","3.30470395088196","0","208.669281005859","12.297119140625","289.074005126953","0","344.398529052734","0","0","0","386.088684082031","888.783081054688","0","888.783081054688","305.684936523438","485.105987548828","0","0.0149406120181084","0.343149095773697","0","0","509.559265136719","0","16.1091289520264","0.0654991790652275","0","9","207","26","378","239","239","-1","0","208","0","38","0","4.92020893096924","0.300000011920929","0.0504082329571247","53","290","20460.000979407","1023","20.0000009573871","2.49543050609985","-2.42477842486939","10"
"Laser_Zap_Ben_Aipa","15","2","6","0","0","0","0","3.22491121292114","0","264.608612060547","9.35715293884277","303.91064453125","0","287.58984375","0","0","0","427.897155761719","1041.53442382813","0","1041.53442382813","303.03271484375","487.353424072266","0","0.0148109840229154","0.445669621229172","0","0","577.476013183594","0","21.8242645263672","0.0334614217281342","0","9","218","32","375","245","245","-1","0","219","0","44","0","4.08958673477173","0.349999994039536","0.0504082329571247","67","292","20459.998766787","1023","19.9999987945132","1.90446717683565","-2.18511955793608","10"
"Laser_Zap_Ben_Aipa","15","2","7","0","0","0","0","2.8890380859375","0","305.107482910156","40541.64453125","223.025634765625","0","72178.4609375","0","0","0","422.452545166016","1236.21630859375","0","1236.21630859375","7245.52001953125","38135.41015625","0","0.354130923748016","0.522242724895477","0","0","40919.515625","0","26.402868270874","1.01529335975647","0","9","229","39","371","252","252","-1","0","230","0","51","0","45","0.400000005960464","0.0504082329571247","66","273","20460.0037264377","1023","20.0000036426566","42.6950692146884","-2.3049307853116","10"
"Laser_Zap_Ben_Aipa","15","2","8","0","0","0","0","2.41295671463013","0","331.615844726563","46786.3984375","198.03239440918","0","80872.71875","0","0","0","399.622314453125","1426.2060546875","0","1426.2060546875","8125.099609375","37783.140625","0","0.397121250629425","0.569943785667419","0","0","47155.0546875","0","29.2498722076416","1.08631956577301","0","8","239","46","369","259","259","-1","0","240","0","58","0","45","0.449999988079071","0.0504082329571247","69","272","20459.9970323849","1023","19.9999970991054","44.168646650628","-0.831353349371973","10"
"Laser_Zap_Ben_Aipa","15","2","9","0","0","0","0","2.13045477867126","0","349.997375488281","50310.8125","173.416976928711","0","86458.3203125","0","0","0","400.571411132813","1524.89636230469","0","1524.89636230469","8685.6220703125","38444.03125","0","0.424517184495926","0.610829889774323","0","0","50673.9921875","0","31.6796398162842","1.11196458339691","0","8","242","48","367","261","261","-1","0","243","0","60","0","45","0.466666668653488","0.0504082329571247","70","270","20460.0011201569","1023","20.0000010949725","44.025966473506","-0.974033526494004","10"
"Laser_Zap_Ben_Aipa","15","2","10","0","0","0","0","2.02566838264465","0","346.597717285156","50682.578125","166.826858520508","0","86333.328125","0","0","0","391.554260253906","1543.22802734375","0","1543.22802734375","8675.767578125","36188.48046875","0","0.424035549163818","0.604257524013519","0","0","51038.046875","0","31.3236598968506","1.14030742645264","0","8","245","50","366","263","263","-1","0","246","0","62","0","45","0.483333349227905","0.0504082329571247","69","270","20460.000571257","1023","20.0000005584135","44.5672887560587","-0.432711243941291","10"
"Laser_Zap_Ben_Aipa","15","3","0","0","0","0","0","-0.365464210510254","0","5.42923259735107","238.905029296875","0","0","702.01904296875","0","0","0","23.3010578155518","381.285125732422","0","381.285125732422","87.2549743652344","521.866943359375","0","0.00426466157659888","0.00888434704393148","0","0","243.699829101563","0","0.184790506958961","0.732714116573334","0","9","198","1","400","234","234","-1","0","199","0","33","0","26.0322265625","0.16666667163372","0.0756123512983322","21","372","20459.9996501531","1023","19.9999996580186","28.6866894736554","2.65446291115538","10"
"Laser_Zap_Ben_Aipa","15","3","1","0","0","0","0","-2.9705913066864","0","2.14374685287476","647.909118652344","0","0","658.987426757813","0","0","0","9.9751148223877","396.052215576172","0","396.052215576172","75.9002990722656","353.681823730469","0","0.00370969180949032","0.00395066617056727","0","0","649.182739257813","0","0.0729295834898949","1.00396776199341","0","9","202","3","399","236","236","-1","0","203","1","35","0","45","0.183333337306976","0.0756123512983322","21","372","20460.0012534986","1023","20.0000012253164","69.8849721229536","24.8849721229536","10"
"Laser_Zap_Ben_Aipa","15","3","2","0","0","0","0","-13.2576780319214","0","1.34531152248383","599.526550292969","0","0","320.435729980469","0","0","0","3.83371043205261","410.862243652344","0","410.862243652344","48.9840698242188","170.065093994141","0","0.00239413836970925","0.0015751268947497","0","0","600.1279296875","0","0.025872491300106","1.00997602939606","0","9","206","5","397","238","238","-1","0","207","0","37","0","45","0.200000002980232","0.0756123512983322","19","378","20459.9994904085","1023","19.9999995018656","NaN","NaN","10"
"Laser_Zap_Ben_Aipa","15","3","3","0","0","0","0","-16.3763637542725","0","1.31306886672974","595.380249023438","4.09575796127319","0","303.761474609375","0","0","0","2.8338634967804","482.456604003906","0","482.456604003906","47.7793884277344","158.585311889648","0","0.00233525829389691","0.00136721611488611","0","0","599.710327148438","0","0.0223791133612394","1.01688981056213","0","9","216","11","394","244","244","-1","0","217","0","43","0","45","0.25","0.0756123512983322","19","377","20460.001599225","1023","20.0000015632698","NaN","NaN","10"
"Laser_Zap_Ben_Aipa","15","3","4","0","0","0","0","0","0","0.794274806976318","633.03271484375","0","0","-45.0265693664551","0","0","0","0.814149379730225","556.382385253906","0","556.382385253906","29.0291957855225","-23.9578285217285","0","0.00141882686875761","0.000452978361863643","0","0","633.185913085938","0","0.0058680223301053","1.01871657371521","0","9","227","18","390","251","251","-1","0","228","0","50","0","45","0.300000011920929","0.0756123512983322","18","390","20459.998626148","1023","19.9999986570362","NaN","NaN","10"
"Laser_Zap_Ben_Aipa","15","3","5","0","0","0","0","0","0","167.227615356445","27259.587890625","0","0","46535.02734375","0","0","0","NaN","0","0","0","4653.5029296875","46590.07421875","0","0.227443933486938","0.00336553296074271","0","0","27377.8359375","0","17.2677230834961","0","0","-1","238","25","388","258","258","-1","0","239","-1","57","0","45","0.349999994039536","0.0756123512983322","26","388","20460.0002222294","1023","20.0000002172331","NaN","NaN","10"
"Laser_Zap_Ben_Aipa","15","3","6","0","0","0","0","3.66045331954956","0","114.767845153809","22.2500038146973","0","0","449.441497802734","0","0","0","177.074615478516","963.197265625","0","963.197265625","264.61474609375","508.491455078125","0","0.0129332719370723","0.170557782053947","0","0","136.644805908203","0","7.36619567871094","0.168269097805023","0","9","247","32","384","265","265","-1","0","248","0","64","0","6.57409620285034","0.400000005960464","0.0756123512983322","59","313","20460.0001748398","1023","20.0000001709089","4.3488715266488","-2.22522467620154","10"
"Laser_Zap_Ben_Aipa","15","3","7","0","0","0","0","2.38489532470703","0","250.950759887695","34234.3984375","0","0","59455.3515625","0","0","0","301.271850585938","1369.70690917969","0","1369.70690917969","5975.96044921875","26566.40234375","0","0.292080193758011","0.412654131650925","0","0","34413.953125","0","20.6226062774658","1.11000549793243","0","9","255","37","380","270","270","-1","0","256","0","69","0","45","0.449999988079071","0.0756123512983322","71","288","20459.9989212889","1023","19.9999989455414","45.056904991702","0.0569049917019839","10"
"Laser_Zap_Ben_Aipa","15","3","8","0","0","0","0","1.85863769054413","0","240.603012084961","33818.5078125","0","0","57460.5","0","0","0","257.380645751953","1547.1181640625","0","1547.1181640625","5780.95556640625","22905.38671875","0","0.282549142837524","0.398198246955872","0","0","33989.375","0","19.8238124847412","1.16327905654907","0","8","261","40","372","273","273","-1","0","262","0","72","0","45","0.5","0.0756123512983322","67","286","20460.0003679024","1023","20.0000003596309","45.1998573858694","0.19985738586945","10"
"Laser_Zap_Ben_Aipa","15","3","9","0","0","0","0","3.40181493759155","0","51.1976432800293","39.424430847168","94.3070297241211","0","505.17626953125","0","0","0","66.1117477416992","1118.68347167969","0","1118.68347167969","188.652587890625","494.849029541016","0","0.00922055635601282","0.073958121240139","0","0","183.980133056641","0","3.02711915969849","0.318189382553101","0","9","271","47","370","280","280","-1","0","272","0","79","0","8.84905624389648","0.550000011920929","0.0756123512983322","47","324","20460.0005256302","1023","20.0000005138125","7.16185338924201","-1.68720285465448","10"
"Laser_Zap_Ben_Aipa","15","3","10","0","0","0","0","-0.0802680253982544","0","236.141983032227","14.7556629180908","38.5233192443848","0","558.326416015625","0","0","0","209.29736328125","1879.20556640625","0","1879.20556640625","65.6633987426758","755.794799804688","0","0.00320935575291514","0.393312752246857","0","0","288.992797851563","0","19.6933708190918","0.00462326314300299","0","8","281","55","367","288","288","-1","0","282","0","87","0","0.0057295779697597","0.600000023841858","0.0756123512983322","75","295","20459.99378007","1023","19.999993919912","0.467527612094493","0.461798034124733","10"
"Laser_Zap_Ben_Aipa","15","4","0","0","0","0","0","2.05917453765869","0","10.1464443206787","246.550354003906","0","0","571.706359863281","0","0","0","15.7827177047729","820.459167480469","0","820.459167480469","91.6368560791016","520.460266113281","0","0.00447882991284132","0.0129490755498409","0","0","256.107482910156","0","0.425083965063095","0.433862656354904","0","9","257","1","397","271","271","-1","0","258","0","70","0","14.8148984909058","0.36666664481163","0.100816465914249","35","356","20459.9991208347","1023","19.9999991406009","20.2355409542251","5.42064246331938","10"
"Laser_Zap_Ben_Aipa","15","4","1","0","0","0","0","3.77590227127075","0","57.3214569091797","34.5718154907227","0","0","506.895812988281","0","0","0","84.5057525634766","957.499389648438","0","957.499389648438","202.130157470703","512.194458007813","0","0.00987928453832865","0.080914206802845","0","0","91.4511108398438","0","3.07041382789612","0.273492336273193","0","9","259","2","395","272","272","-1","0","260","0","71","0","9.48417091369629","0.383333325386047","0.100816465914249","60","333","20459.9995765381","1023","19.9999995860587","7.01307246215243","-2.47109845154386","10"
"Laser_Zap_Ben_Aipa","15","4","2","0","0","0","0","3.80380630493164","0","48.0020751953125","38.7645492553711","0","0","518.233154296875","0","0","0","71.8992614746094","919.326477050781","0","919.326477050781","187.567413330078","513.220581054688","0","0.00916751753538847","0.0660988986492157","0","0","86.3124465942383","0","2.44819068908691","0.301780134439468","0","9","260","2","391","272","272","-1","0","261","0","71","0","10.2748880386353","0.400000005960464","0.100816465914249","59","336","20460.0004969753","1023","20.0000004858019","7.97227845424802","-2.30260958438723","10"
"Laser_Zap_Ben_Aipa","15","4","3","0","0","0","0","3.52489995956421","0","25.5783538818359","63.8518867492676","35.5931434631348","0","549.632934570313","0","0","0","35.6823120117188","993.567260742188","0","993.567260742188","140.185409545898","509.3232421875","0","0.00685168243944645","0.0354527793824673","0","0","124.309753417969","0","1.27944612503052","0.407644391059875","0","9","269","9","389","279","279","-1","0","270","0","78","0","12.7013368606567","0.449999988079071","0.100816465914249","47","343","20459.9980785484","1023","19.9999981217482","11.1432252543846","-1.55811160627217","10"
"Laser_Zap_Ben_Aipa","15","4","4","0","0","0","0","3.20882105827332","0","30.0381240844727","57.7675323486328","37.1536598205566","0","544.024047851563","0","0","0","36.8796272277832","1121.27661132813","0","1121.27661132813","150.578460693359","510.084045410156","0","0.00735965045168996","0.0413522645831108","0","0","124.343368530273","0","1.57681596279144","0.395677864551544","0","9","280","17","386","287","287","-1","0","281","0","86","0","11.781270980835","0.5","0.100816465914249","48","345","20460.0016918987","1023","20.0000016538599","10.2518052067932","-1.52946577404175","10"
"Laser_Zap_Ben_Aipa","15","4","5","0","0","0","0","2.62076234817505","0","34.3478813171387","53.9888534545898","33.4606170654297","0","542.057983398438","0","0","0","38.6961364746094","1243.21765136719","0","1243.21765136719","160.013534545898","511.47900390625","0","0.00782079808413982","0.0481077209115028","0","0","121.25715637207","0","1.87069141864777","0.397766292095184","0","9","290","25","385","295","295","-1","0","291","0","94","0","10.6200637817383","0.550000011920929","0.100816465914249","44","345","20460.0007345027","1023","20.000000717989","9.35601056207898","-1.2640532196593","10"
"Laser_Zap_Ben_Aipa","15","4","6","0","0","0","0","1.83781945705414","0","35.1812515258789","53.4379577636719","0","0","558.994140625","0","0","0","36.0958518981934","1362.32934570313","0","1362.32934570313","166.574661254883","515.534362792969","0","0.0081414794549346","0.0491744354367256","0","0","88.1364059448242","0","1.93974447250366","0.459251016378403","0","9","301","33","382","303","303","-1","0","302","0","102","0","10.2953319549561","0.600000023841858","0.100816465914249","37","347","20459.9989690966","1023","19.9999989922743","9.52995592689429","-0.76537602806177","10"
"Laser_Zap_Ben_Aipa","15","4","7","0","0","0","0","-0.416181325912476","0","126.371849060059","26.9245166778564","336.037109375","0","418.066192626953","0","0","0","112.840522766113","1706.81750488281","0","1706.81750488281","221.389663696289","475.384887695313","0","0.0108206085860729","0.192598178982735","0","0","488.362213134766","0","8.84696578979492","0.175011977553368","0","9","312","42","382","317","312","-1","0","316","0","111","0","4.92634916305542","0.649999976158142","0.100816465914249","99","340","20460.0011113272","1023","20.0000010863414","3.22070448939709","-1.70564467365833","10"
"Laser_Zap_Ben_Aipa","2","0","0","0","0","0","0","0.492529422044754","0","34.0079917907715","41.1314315795898","0","0","505.36279296875","0","0","0","325.497772216797","184.455337524414","0","184.455337524414","160.415908813477","514.705810546875","0","0.00784046482294798","0.0600397996604443","0","0","74.7036819458008","0","1.52167987823486","-0.0448660627007484","0","9","192","2","386","201","201","-1","0","193","0","0","0","9.72070789337158","0.0333333350718021","0","18","381","20459.9998132714","1023","19.9999998174696","7.50355960861882","-2.21714828475276","10"
"Laser_Zap_Ben_Aipa","2","0","1","0","0","0","0","0.492529422044754","0","34.6275634765625","40.5861549377441","0","0","504.400451660156","0","0","0","333.528503417969","184.455337524414","0","184.455337524414","161.759643554688","514.61474609375","0","0.00790614075958729","0.0615211166441441","0","0","74.7794494628906","0","1.5766761302948","-0.023862836882472","0","9","192","2","385","201","201","-1","0","193","0","0","0","9.6243143081665","0.0500000007450581","0","20","384","20460.0004570538","1023","20.0000004467779","7.38355815636828","-2.24075615179823","10"
"Laser_Zap_Ben_Aipa","2","0","2","0","0","0","0","1.36608910560608","0","85.1048889160156","21.7423210144043","0","0","465.959259033203","0","0","0","334.829193115234","432.517913818359","0","432.517913818359","252.959045410156","509.864349365234","0","0.012363588437438","0.144819617271423","0","0","106.484252929688","0","5.15917205810547","-0.0113936308771372","0","9","193","2","380","201","201","-1","0","194","0","0","0","6.74917221069336","0.100000001490116","0","38","368","20460.0021013458","1023","20.0000020541015","4.89743551481755","-1.85173669587581","10"
"Laser_Zap_Ben_Aipa","2","0","3","0","0","0","0","1.83923995494843","0","137.578674316406","14.1679716110229","0","0","414.705596923828","0","0","0","392.034851074219","618.094421386719","0","618.094421386719","308.853790283203","507.370971679688","0","0.0150954937562346","0.2423145622015","0","0","151.441543579102","0","10.1392488479614","-0.00267141917720437","0","9","194","3","372","202","202","-1","0","195","0","1","0","5.96912622451782","0.150000005960464","0","55","349","20459.9992070907","1023","19.9999992249176","3.57167362175491","-2.39745260276292","10"
"Laser_Zap_Ben_Aipa","2","0","4","0","0","0","0","2.20891666412354","0","192.782485961914","9.5127420425415","0","0","355.646301269531","0","0","0","399.681121826172","869.543273925781","0","869.543273925781","341.616638183594","506.233734130859","0","0.0166968051344156","0.347540020942688","0","0","202.044570922852","0","15.9678573608398","-0.00505367293953896","0","9","195","3","361","202","202","-1","0","196","0","1","0","5.47854900360107","0.200000002980232","0","72","332","20460.000307451","1023","20.0000003005386","2.75371115350632","-2.72483785009475","10"
"Laser_Zap_Ben_Aipa","2","0","5","0","0","0","0","2.38559174537659","0","257.506256103516","6.08060264587402","0","0","283.977630615234","0","0","0","440.664886474609","1056.06970214844","0","1056.06970214844","347.971496582031","506.431518554688","0","0.017007403075695","0.465372860431671","0","0","263.393005371094","0","23.1187496185303","-0.00218465691432357","0","9","196","4","353","203","203","-1","0","197","0","2","0","5.03129053115845","0.25","0","88","316","20460.0017435531","1023","20.000001704353","2.0943840828497","-2.93690644830874","10"
"Laser_Zap_Ben_Aipa","2","0","6","0","0","0","0","2.40150284767151","0","323.344085693359","3.41078686714172","0","0","204.410552978516","0","0","0","456.149444580078","1304.5498046875","0","1304.5498046875","326.632995605469","508.077758789063","0","0.0159644670784473","0.595069706439972","0","0","326.619110107422","0","31.1293659210205","-0.00458755437284708","0","9","196","4","342","203","203","-1","0","197","0","2","0","4.50008535385132","0.300000011920929","0","107","302","20459.9999486632","1023","19.9999999498174","1.53730965057659","-2.96277570327473","10"
"Laser_Zap_Ben_Aipa","2","0","7","0","0","0","0","2.34390759468079","0","380.419891357422","-2.09422636032104","0","0","151.288513183594","0","0","0","498.754058837891","1435.49206542969","0","1435.49206542969","-306.934875488281","542.114807128906","0","-0.0150017039850354","0.715957462787628","0","0","378.222290039063","0","38.1183815002441","-0.00302335433661938","0","9","198","5","334","204","204","-1","0","199","0","3","0","1.54249691963196","0.349999994039536","0","118","283","20460.0007968732","1023","20.0000007789572","-1.20062606897114","-2.7431229886031","10"
"Laser_Zap_Ben_Aipa","2","0","8","0","0","0","0","1.9566342830658","0","458.711608886719","0.301917612552643","-12.5657539367676","0","44.1746101379395","0","0","0","506.88916015625","1747.07299804688","0","1747.07299804688","164.987976074219","517.36328125","0","0.00806392729282379","0.885572373867035","0","0","593.653991699219","0","47.5587158203125","-0.0101055102422833","0","9","198","5","323","204","204","-1","0","199","0","3","0","2.87380170822144","0.400000005960464","0","139","262","20460.0029344317","1023","20.0000028684572","0.521736454140488","-2.35206525408095","10"
"Laser_Zap_Ben_Aipa","2","0","9","0","0","0","0","1.84180808067322","0","485.626220703125","0.0872801542282104","-112.712036132813","0","20.5816192626953","0","0","0","517.505676269531","1809.34497070313","0","1809.34497070313","84.1889495849609","521.817749023438","0","0.00411480758339167","0.936346411705017","0","0","694.538391113281","0","50.1314811706543","-0.0114599000662565","0","9","198","5","320","204","204","-1","0","199","0","3","0","2.34197187423706","0.416666686534882","0","146","256","20459.9967018549","1023","19.9999967760067","0.251789181762867","-2.09018269247419","10"
"Laser_Zap_Ben_Aipa","2","0","10","0","0","0","0","1.71422016620636","0","499.703033447266","71608.2734375","54.7137603759766","0","132655.875","0","0","0","514.403625488281","1871.60424804688","0","1871.60424804688","13297.3017578125","132470.078125","0","0.64991706609726","0.962759971618652","0","0","72013.03125","0","51.369571685791","-0.0698413625359535","0","9","198","5","317","204","204","-1","0","199","0","3","0","45","0.433333367109299","0","150","253","20459.9978235109","1023","19.9999978724446","42.4585107191752","-2.54148928082476","10"
"Laser_Zap_Ben_Aipa","2","1","0","0","0","0","0","-2.67080163955688","0","3.73993396759033","166.666213989258","0","0","526.257629394531","0","0","0","200.40217590332","64.2771301269531","0","64.2771301269531","60.2738647460938","521.791809082031","0","0.0029459367506206","0.0128812761977315","0","0","169.892578125","0","0.117948934435844","0.119818143546581","0","9","204","0","393","207","207","-1","0","205","0","6","0","29.9148445129395","0.0166666675359011","0.0252041164785624","20","393","20459.9996022984","1023","19.9999996112399","13.2204960418042","-16.6943484711353","10"
"Laser_Zap_Ben_Aipa","2","1","1","0","0","0","0","0.0782452598214149","0","13.9890871047974","115.524429321289","0","0","529.052124023438","0","0","0","217.588882446289","128.028106689453","0","128.028106689453","104.168479919434","518.83251953125","0","0.00509132351726294","0.02785749360919","0","0","129.023864746094","0","0.519725680351257","0.214100375771523","0","9","206","1","393","208","208","-1","0","207","1","7","0","13.676854133606","0.0333333350718021","0.0252041164785624","18","389","20460.0001485339","1023","20.0000001451944","10.5307478782788","-3.1461062553272","10"
"Laser_Zap_Ben_Aipa","2","1","2","0","0","0","0","0.423447459936142","0","24.1154670715332","51.4294128417969","0","0","518.968017578125","0","0","0","227.955032348633","191.17887878418","0","191.17887878418","137.614852905273","516.445495605469","0","0.00672604329884052","0.0435801856219769","0","0","75.0962219238281","0","1.03806591033936","0.180063635110855","0","9","206","1","392","208","208","-1","0","207","0","7","0","11.6042470932007","0.0500000007450581","0.0252041164785624","21","383","20460.0010423656","1023","20.0000010189302","8.87835697553536","-2.72589011766532","10"
"Laser_Zap_Ben_Aipa","2","1","3","0","0","0","0","1.14564871788025","0","63.083797454834","28.2382202148438","0","0","488.518951416016","0","0","0","278.015594482422","380.678741455078","0","380.678741455078","218.200439453125","511.690002441406","0","0.0106647331267595","0.105834625661373","0","0","90.92529296875","0","3.51434373855591","0.145616769790649","0","9","206","1","387","208","208","-1","0","207","0","7","0","7.8081374168396","0.100000001490116","0.0252041164785624","23","356","20459.9999699594","1023","19.9999999706348","5.78339130706853","-2.02474610977107","10"
"Laser_Zap_Ben_Aipa","2","1","4","0","0","0","0","1.79164361953735","0","130.373504638672","16.1308364868164","0","0","426.427032470703","0","0","0","347.707702636719","633.716125488281","0","633.716125488281","295.759002685547","507.808410644531","0","0.0144554739817977","0.220347970724106","0","0","146.182235717773","0","9.10736083984375","0.0734122842550278","0","9","207","2","379","209","209","-1","0","208","0","8","0","6.24575424194336","0.150000005960464","0.0252041164785624","30","322","20460.0003471326","1023","20.000000339328","3.76147263928886","-2.4842816026545","10"
"Laser_Zap_Ben_Aipa","2","1","5","0","0","0","0","2.18965697288513","0","192.878494262695","10.1572904586792","33.0299949645996","0","357.895294189453","0","0","0","379.476959228516","890.402038574219","0","890.402038574219","332.785064697266","504.980102539063","0","0.0162651557475328","0.337887048721313","0","0","235.799987792969","0","15.7176828384399","0.0454608947038651","0","9","208","2","368","210","209","-1","0","209","0","8","0","5.51650428771973","0.200000002980232","0.0252041164785624","43","299","20459.9986537321","1023","19.9999986840001","2.75916182182831","-2.75734246589141","10"
"Laser_Zap_Ben_Aipa","2","1","6","0","0","0","0","2.34247231483459","0","245.026824951172","6.66744327545166","28.2594757080078","0","299.318328857422","0","0","0","404.318328857422","1081.67138671875","0","1081.67138671875","351.200225830078","504.544982910156","0","0.0171652138233185","0.437339544296265","0","0","279.736114501953","0","21.5188579559326","0.0391003079712391","0","9","209","3","360","211","210","-1","0","210","0","9","0","5.03909301757813","0.25","0.0252041164785624","55","284","20459.9971456797","1023","19.9999972098531","2.24938941415659","-2.78970360342154","10"
"Laser_Zap_Ben_Aipa","2","1","7","0","0","0","0","2.38182950019836","0","290.983612060547","4.40598297119141","13.0400876998901","0","244.548721313477","0","0","0","440.050354003906","1203.03967285156","0","1203.03967285156","351.747650146484","505.625335693359","0","0.017191968858242","0.529398024082184","0","0","308.258026123047","0","27.0249195098877","0.03791493922472","0","9","210","3","349","213","210","-1","0","212","0","9","0","4.57277536392212","0.300000011920929","0.0252041164785624","67","273","20459.9980983477","1023","19.9999981411023","1.86098249460019","-2.71179286932193","10"
"Laser_Zap_Ben_Aipa","2","1","8","0","0","0","0","2.36485266685486","0","334.112060546875","3.13193321228027","39.327938079834","0","192.448516845703","0","0","0","442.088562011719","1393.0478515625","0","1393.0478515625","328.049011230469","506.014129638672","0","0.0160336755216122","0.615850508213043","0","0","376.430114746094","0","32.2528610229492","0.0600494593381882","0","9","211","4","341","214","211","-1","0","213","0","10","0","4.02370691299438","0.349999994039536","0.0252041164785624","75","261","20460.0006273224","1023","20.0000006132184","1.49186485773314","-2.53184205526124","10"
"Laser_Zap_Ben_Aipa","2","1","9","0","0","0","0","1.94418835639954","0","418.639434814453","59807.15234375","23.8879356384277","0","109826.2265625","0","0","0","456.428100585938","1762.95031738281","0","1762.95031738281","11011.0859375","54381.859375","0","0.538176238536835","0.804660081863403","0","0","60128.9921875","0","42.1595191955566","1.05563843250275","0","8","211","4","330","215","211","-1","0","214","0","10","0","45","0.400000005960464","0.0252041164785624","83","235","20460.0001803059","1023","20.0000001762521","41.9763916958553","-3.02360830414467","10"
"Laser_Zap_Ben_Aipa","2","1","10","0","0","0","0","0.868711590766907","0","464.160949707031","70982.171875","13.3286123275757","0","126396.5390625","0","0","0","408.387084960938","2201.56884765625","0","2201.56884765625","12657.3427734375","37989.375","0","0.618638455867767","0.899092316627502","0","0","71325.8828125","0","46.3124580383301","1.26855552196503","0","5","212","5","322","216","212","-1","0","215","0","11","0","45","0.449999988079071","0.0252041164785624","75","220","20459.9999456597","1023","19.9999999468814","43.4775286112401","-1.52247138875992","10"
"Laser_Zap_Ben_Aipa","2","2","0","0","0","0","0","0.372935175895691","0","4.55884885787964","552.657165527344","0","0","951.881774902344","0","0","0","57.075511932373","138.271820068359","0","138.271820068359","95.2202377319336","428.253936767578","0","0.0046539711765945","0.00789193529635668","0","0","555.897155761719","0","0.136180430650711","1.10405039787292","0","9","214","1","398","221","214","-1","0","220","0","13","0","45","0.0500000007450581","0.0504082329571247","5","389","20459.9973052713","1023","19.9999973658566","36.1365955649402","-8.86340443505978","10"
"Laser_Zap_Ben_Aipa","2","2","1","0","0","0","0","1.2531533241272","0","23.5200862884521","64.1038970947266","0","0","594.215759277344","0","0","0","127.251045227051","293.752502441406","0","293.752502441406","146.372787475586","517.192932128906","0","0.00715409498661757","0.0373803116381168","0","0","87.1142959594727","0","1.05892252922058","0.536466240882874","0","9","215","2","394","223","215","-1","0","222","1","14","0","13.3773880004883","0.100000001490116","0.0504082329571247","12","362","20460.0005660242","1023","20.0000005532983","11.0337218681883","-2.3436661323","10"
"Laser_Zap_Ben_Aipa","2","2","2","0","0","0","0","1.99690759181976","0","62.3443183898926","30.2204475402832","26.3581848144531","0","501.674591064453","0","0","0","192.139495849609","536.731872558594","0","536.731872558594","218.702484130859","509.714813232422","0","0.0106892716139555","0.103127390146255","0","0","118.488243103027","0","3.65807008743286","0.288660645484924","0","9","215","2","385","223","215","-1","0","222","1","14","0","8.82258605957031","0.150000005960464","0.0504082329571247","20","324","20459.998775345","1023","19.9999988028788","5.94945849261601","-2.8731275669543","10"
"Laser_Zap_Ben_Aipa","2","2","3","0","0","0","0","2.50772857666016","0","120.734039306641","18.0630378723145","0","0","440.485015869141","0","0","0","272.717559814453","745.380310058594","0","745.380310058594","288.510620117188","508.555389404297","0","0.0141012035310268","0.203278288245201","0","0","138.46159362793","0","8.59035587310791","0.209646359086037","0","9","216","3","375","224","216","-1","0","223","0","15","0","6.79325819015503","0.200000002980232","0.0504082329571247","26","294","20459.9997072859","1023","19.9999997138669","3.97774298991181","-2.81551520024322","10"
"Laser_Zap_Ben_Aipa","2","2","4","0","0","0","0","2.74435353279114","0","170.111999511719","12.5042095184326","37.4106979370117","0","385.198364257813","0","0","0","299.605224609375","980.264587402344","0","980.264587402344","322.626892089844","504.177337646484","0","0.0157686658203602","0.293692380189896","0","0","219.713638305664","0","13.5206098556519","0.17710217833519","0","9","216","3","366","225","216","-1","0","224","0","15","0","5.74531888961792","0.25","0.0504082329571247","29","276","20459.9993281153","1023","19.9999993432212","3.07775301698616","-2.66756587263176","10"
"Laser_Zap_Ben_Aipa","2","2","5","0","0","0","0","2.90555000305176","0","216.852111816406","9.32956123352051","0","0","337.692199707031","0","0","0","318.526397705078","1178.92834472656","0","1178.92834472656","340.528198242188","506.37255859375","0","0.0166436061263084","0.375519812107086","0","0","225.937622070313","0","18.1586589813232","0.153433933854103","0","9","217","4","356","226","217","-1","0","225","0","16","0","4.87926387786865","0.300000011920929","0.0504082329571247","33","267","20460.0010152798","1023","20.0000009924534","2.5402678557279","-2.33899602214075","10"
"Laser_Zap_Ben_Aipa","2","2","6","0","0","0","0","2.9939706325531","0","213.356307983398","9.88161277770996","0","0","337.212127685547","0","0","0","303.504699707031","1250.6904296875","0","1250.6904296875","333.517333984375","506.938293457031","0","0.016300942748785","0.379590451717377","0","0","222.995819091797","0","18.2850799560547","0.163055390119553","0","8","218","5","348","228","218","-1","0","227","0","17","0","4.71623659133911","0.349999994039536","0.0504082329571247","31","259","20460.0027816939","1023","20.0000027191534","2.46123839530692","-2.25499819603219","10"
"Laser_Zap_Ben_Aipa","2","2","7","0","0","0","0","2.79986333847046","0","283.143737792969","5.90230941772461","0","0","259.045349121094","0","0","0","347.840637207031","1480.2119140625","0","1480.2119140625","337.206634521484","507.224731445313","0","0.0164812635630369","0.51487785577774","0","0","288.866943359375","0","25.8664531707764","0.131801471114159","0","8","218","5","337","228","218","-1","0","227","0","17","0","3.90108251571655","0.400000005960464","0.0504082329571247","40","252","20459.9989091704","1023","19.9999989336954","1.83435385814854","-2.06672865756801","10"
"Laser_Zap_Ben_Aipa","2","2","8","0","0","0","0","2.63547897338867","0","300.012756347656","5.42108631134033","0","0","241.469619750977","0","0","0","345.843170166016","1594.87854003906","0","1594.87854003906","327.410034179688","507.961029052734","0","0.0160024464130402","0.551577866077423","0","0","305.269439697266","0","27.5945243835449","0.116797469556332","0","7","218","5","334","228","218","-1","0","227","0","17","0","3.48126745223999","0.416666686534882","0.0504082329571247","37","244","20459.998785741","1023","19.9999988130411","1.66250568627893","-1.81876176596106","10"
"Laser_Zap_Ben_Aipa","2","2","9","0","0","0","0","2.6005334854126","0","265.640747070313","6.72473812103271","0","0","276.962432861328","0","0","0","297.058715820313","1656.68298339844","0","1656.68298339844","333.106323242188","507.924926757813","0","0.0162808559834957","0.492132067680359","0","0","272.176177978516","0","24.5298709869385","0.215399384498596","0","7","219","6","332","230","219","-1","0","229","0","18","0","3.57833075523376","0.433333367109299","0.0504082329571247","31","241","20460.0006031541","1023","20.0000005895935","1.89582133433194","-1.68250942090182","10"
"Laser_Zap_Ben_Aipa","2","3","0","0","0","0","0","0.334708690643311","0","2.59750127792358","391.742858886719","0","0","587.718017578125","0","0","0","8.7401647567749","452.012634277344","0","452.012634277344","60.397087097168","151.916519165039","0","0.00295195914804935","0.00395066477358341","0","0","393.531433105469","0","0.0747418850660324","1.30981349945068","0","9","234","1","397","249","234","-1","0","248","1","33","0","45","0.183333337306976","0.0756123512983322","19","370","20460.0009919101","1023","20.0000009696091","48.3488993487911","3.34889934879113","10"
"Laser_Zap_Ben_Aipa","2","3","1","0","0","0","0","-11.7407464981079","0","0.517353296279907","204.775146484375","0","0","156.75276184082","0","0","0","1.89774513244629","422.349731445313","0","422.349731445313","19.7369918823242","39.5918502807617","0","0.000964662409387529","0.000801512156613171","0","0","205.023895263672","0","0.0115699414163828","1.31548488140106","0","9","234","1","393","249","234","-1","0","248","0","33","0","45","0.200000002980232","0.0756123512983322","14","380","20459.9989491198","1023","19.9999989727466","NaN","NaN","10"
"Laser_Zap_Ben_Aipa","2","3","2","0","0","0","0","3.54977631568909","0","239.461608886719","7.03122234344482","42.3734016418457","0","305.95947265625","0","0","0","323.641967773438","1311.08825683594","0","1311.08825683594","349.730255126953","503.900268554688","0","0.0170933660119772","0.42432314157486","0","0","288.638580322266","0","20.8454513549805","0.0532832629978657","0","9","236","3","386","252","236","-1","0","251","0","35","0","5.037766456604","0.25","0.0756123512983322","73","304","20459.9992115011","1023","19.9999992292288","2.30871856447347","-2.72904789213053","10"
"Laser_Zap_Ben_Aipa","2","3","3","0","0","0","0","3.67452311515808","0","154.779891967773","14.1123714447021","0","0","407.442413330078","0","0","0","213.609298706055","1229.14282226563","0","1229.14282226563","318.6962890625","507.608947753906","0","0.0155765525996685","0.262556314468384","0","0","168.592590332031","0","12.1104078292847","0.247354030609131","0","9","238","5","377","254","238","-1","0","253","0","37","0","5.95831775665283","0.300000011920929","0.0756123512983322","46","293","20460.0014684432","1023","20.0000014354283","3.40115609291327","-2.55716166373956","10"
"Laser_Zap_Ben_Aipa","2","3","4","0","0","0","0","3.8286406993866","0","110.828796386719","21.9075794219971","39.2653388977051","0","480.343780517578","0","0","0","166.491256713867","1098.06079101563","0","1098.06079101563","289.852569580078","506.094940185547","0","0.0141667909920216","0.182817533612251","0","0","171.582916259766","0","7.96496391296387","0.433623790740967","0","9","240","7","370","257","240","-1","0","256","0","39","0","7.01058292388916","0.349999994039536","0.0756123512983322","37","292","20460.0018270416","1023","20.0000017859645","4.44438746704852","-2.56619545684064","10"
"Laser_Zap_Ben_Aipa","2","3","5","0","0","0","0","3.72558164596558","0","127.547317504883","19.1012287139893","27.4871139526367","0","458.922454833984","0","0","0","172.047393798828","1254.66735839844","0","1254.66735839844","306.300445556641","506.523895263672","0","0.0149706955999136","0.215862244367599","0","0","173.752151489258","0","9.80272674560547","0.427308589220047","0","8","242","9","361","259","242","-1","0","258","0","41","0","6.36286401748657","0.400000005960464","0.0756123512983322","38","283","20460.0009072664","1023","20.0000008868684","3.97682681044558","-2.386037207041","10"
"Laser_Zap_Ben_Aipa","2","3","6","0","0","0","0","2.65350222587585","0","180.538284301758","12.9540033340454","0","0","390.216644287109","0","0","0","186.317001342773","1761.81225585938","0","1761.81225585938","333.460479736328","508.62939453125","0","0.0162981655448675","0.32825556397438","0","0","193.223251342773","0","15.4829349517822","0.384630978107452","0","7","244","11","354","262","244","-1","0","261","1","43","0","4.69341659545898","0.449999988079071","0.0756123512983322","44","270","20460.0007785133","1023","20.0000007610101","2.84595378624695","-1.84746280921204","10"
"Laser_Zap_Ben_Aipa","2","4","0","0","0","0","0","3.93833613395691","0","63.289665222168","41.1208610534668","0","0","624.080444335938","0","0","0","77.7069702148438","1247.54309082031","0","1247.54309082031","250.285903930664","513.626647949219","0","0.0122329369187355","0.0969427973031998","0","0","103.920608520508","0","3.85963654518127","0.691173434257507","0","9","270","0","396","296","270","-1","0","295","0","69","0","9.83945655822754","0.36666664481163","0.100816465914249","59","328","20460.0011913194","1023","20.0000011645351","7.24931858112023","-2.59013797710731","10"
"Laser_Zap_Ben_Aipa","2","4","1","0","0","0","0","4.0095100402832","0","58.5658378601074","45.399356842041","0","0","651.429077148438","0","0","0","73.2513732910156","1210.52978515625","0","1210.52978515625","246.14697265625","514.184631347656","0","0.0120306434109807","0.08867297321558","0","0","103.451080322266","0","3.53008508682251","0.732269585132599","0","9","270","0","393","297","270","-1","0","296","0","69","0","10.3584518432617","0.383333325386047","0.100816465914249","58","328","20460.0007038347","1023","20.0000006880105","7.79761344136503","-2.56083840189668","10"
"Laser_Zap_Ben_Aipa","2","4","2","0","0","0","0","4.01506996154785","0","50.6428756713867","55.815559387207","40.1995811462402","0","708.600036621094","0","0","0","61.9319915771484","1218.26538085938","0","1218.26538085938","238.0537109375","508.917266845703","0","0.0116350781172514","0.075449600815773","0","0","145.823532104492","0","2.97299480438232","0.812295079231262","0","9","271","1","390","298","271","-1","0","297","0","70","0","11.5027046203613","0.400000005960464","0.100816465914249","58","331","20460.0010879632","1023","20.0000010635026","8.87097796248074","-2.63172665788058","10"
"Laser_Zap_Ben_Aipa","2","4","3","0","0","0","0","3.41866827011108","0","75.1255874633789","38.8991241455078","0","0","635.128173828125","0","0","0","80.1371536254883","1479.033203125","0","1479.033203125","278.387023925781","513.397766113281","0","0.0136064039543271","0.118525512516499","0","0","113.549942016602","0","5.00282716751099","0.739426851272583","0","8","271","1","381","299","271","-1","0","298","0","70","0","8.74740409851074","0.449999988079071","0.100816465914249","58","316","20459.9999279934","1023","19.9999999296123","6.59193148244931","-2.15547261606143","10"
"Laser_Zap_Ben_Aipa","2","4","4","0","0","0","0","1.99399065971375","0","98.1697311401367","33.1889801025391","0","0","623.726684570313","0","0","0","87.0644989013672","1864.90539550781","0","1864.90539550781","316.9365234375","512.668579101563","0","0.0154905430972576","0.162367045879364","0","0","130.91471862793","0","7.08384704589844","0.76945161819458","0","7","271","1","370","300","271","-1","0","299","0","70","0","7.13701868057251","0.5","0.100816465914249","58","305","20460.0007532085","1023","20.0000007362742","5.47460011367685","-1.66241856689566","10"
"Laser_Zap_Ben_Aipa","20","0","0","0","0","0","0","-1.71420836448669","0","15.6633672714233","65.8413619995117","0","0","516.040710449219","0","0","0","299.456909179688","108.534683227539","0","108.534683227539","110.014022827148","518.02978515625","0","0.00537702906876802","0.0325014591217041","0","0","81.0435943603516","0","0.593612194061279","-0.0285788811743259","0","9","61","5","389","204","204","-1","0","62","0","3","0","14.1007013320923","0.0333333350718021","0","18","387","20460.0015027173","1023","20.0000014689319","9.5227733826074","-4.57792794948488","10"
"Laser_Zap_Ben_Aipa","20","0","1","0","0","0","0","-0.410783886909485","0","30.7724781036377","44.3334693908691","0","0","508.131591796875","0","0","0","281.603881835938","197.839645385742","0","197.839645385742","152.360946655273","515.228393554688","0","0.00744677241891623","0.0557124093174934","0","0","74.6650314331055","0","1.32109212875366","-0.0628420785069466","0","9","66","6","389","205","205","-1","0","67","1","4","0","10.0197315216064","0.0500000007450581","0","23","388","20459.9977123307","1023","19.9999977637641","7.68140222388723","-2.33832929771922","10"
"Laser_Zap_Ben_Aipa","20","0","2","0","0","0","0","1.21189701557159","0","87.6374969482422","22.5842628479004","0","0","466.278381347656","0","0","0","339.807373046875","433.436553955078","0","433.436553955078","251.530319213867","509.792755126953","0","0.0122937597334385","0.147284924983978","0","0","109.85400390625","0","5.13503694534302","-0.024763997644186","0","9","94","11","389","210","210","-1","0","95","2","9","0","6.51835250854492","0.100000001490116","0","44","373","20459.9995987977","1023","19.9999996078179","4.78800516760404","-1.73034734094088","10"
"Laser_Zap_Ben_Aipa","20","0","3","0","0","0","0","1.94576442241669","0","158.004440307617","19.027156829834","109.60221862793","0","402.416198730469","0","0","0","408.815338134766","657.90869140625","0","657.90869140625","290.729919433594","506.782897949219","0","0.0142096728086472","0.268963158130646","0","0","286.331909179688","0","11.3366222381592","-0.0105786370113492","0","9","111","15","384","214","214","-1","0","112","2","13","0","5.27489423751831","0.150000005960464","0","61","343","20460.0009689648","1023","20.0000009471797","3.02842025424723","-2.24647398327108","10"
"Laser_Zap_Ben_Aipa","20","0","4","0","0","0","0","2.5251305103302","0","228.230575561523","9.41078662872314","0","0","331.444915771484","0","0","0","451.691101074219","862.362976074219","0","862.362976074219","337.041198730469","505.765686035156","0","0.0164731778204441","0.389521688222885","0","0","237.395690917969","0","18.3653831481934","-0.0243050698190928","0","9","124","17","375","216","216","-1","0","125","2","15","0","4.89659643173218","0.200000002980232","0","80","327","20459.9988177255","1023","19.9999988443065","2.42380637540493","-2.47279005632725","10"
"Laser_Zap_Ben_Aipa","20","0","5","0","0","0","0","2.9172945022583","0","285.610412597656","6.51492595672607","0","0","267.116973876953","0","0","0","483.511810302734","1039.17492675781","0","1039.17492675781","336.368377685547","505.998474121094","0","0.0164402946829796","0.502453327178955","0","0","291.927459716797","0","24.7839469909668","-0.0225414205342531","0","9","137","19","368","218","218","-1","0","138","2","17","0","4.46306419372559","0.25","0","97","315","20459.9968657365","1023","19.9999969362038","1.87505498243122","-2.58800921129437","10"
"Laser_Zap_Ben_Aipa","20","0","6","0","0","0","0","3.17115998268127","0","340.275909423828","4.53022718429565","0","0","207.206115722656","0","0","0","512.303771972656","1181.09155273438","0","1181.09155273438","307.603332519531","507.570343017578","0","0.0150343757122755","0.605077683925629","0","0","344.650085449219","0","30.8275470733643","-0.0147188641130924","0","9","151","24","362","223","223","-1","0","152","2","22","0","3.91984462738037","0.300000011920929","0","110","302","20460.0003622614","1023","20.0000003541167","1.4237758160243","-2.49606881135607","10"
"Laser_Zap_Ben_Aipa","20","0","7","0","0","0","0","3.19263553619385","0","367.536926269531","3.86202788352966","236.454833984375","0","174.680877685547","0","0","0","539.369018554688","1212.01599121094","0","1212.01599121094","273.035583496094","498.181579589844","0","0.0133448466658592","0.653723895549774","0","0","607.649291992188","0","33.5990715026855","-0.00799508392810822","0","9","156","26","361","225","225","-1","0","157","2","24","0","3.67826700210571","0.316666692495346","0","116","296","20460.0015521058","1023","20.00000151721","1.16969340447954","-2.50857359762618","10"
"Laser_Zap_Ben_Aipa","20","1","0","0","0","0","0","0","0","2.65795660018921","247.170288085938","0","0","523.088317871094","0","0","0","328.703125","33.6039695739746","0","33.6039695739746","53.1614685058594","522.137573242188","0","0.0025983122177422","0.0110457306727767","0","0","249.210235595703","0","0.0833480209112167","0.0178754087537527","0","9","90","2","395","209","209","-1","0","91","0","8","0","40.5484733581543","0.0166666675359011","0.0252041164785624","21","395","20460.0002043072","1023","20.0000001997138","13.6053153287655","-26.9431580293888","10"
"Laser_Zap_Ben_Aipa","20","1","1","0","0","0","0","0.501792252063751","0","9.53374290466309","91.0202026367188","0.266911774873734","0","521.492919921875","0","0","0","250.064102172852","92.2391891479492","0","92.2391891479492","87.9594421386719","519.54052734375","0","0.0042990930378437","0.0230657085776329","0","0","100.336364746094","0","0.336228311061859","0.0944535732269287","0","9","95","3","395","210","210","-1","0","96","0","9","0","18.0129909515381","0.0333333350718021","0.0252041164785624","21","393","20459.9996707188","1023","19.999999678122","10.7418680573934","-7.27112289414471","10"
"Laser_Zap_Ben_Aipa","20","1","2","0","0","0","0","0.968390285968781","0","24.056941986084","51.5481719970703","0","0","512.940795898438","0","0","0","283.238128662109","153.864120483398","0","153.864120483398","135.692230224609","516.421630859375","0","0.00663207424804568","0.0435801856219769","0","0","75.1599502563477","0","1.01181757450104","0.0907746702432632","0","9","101","5","396","212","212","-1","0","102","0","11","0","11.8778324127197","0.0500000007450581","0.0252041164785624","25","387","20459.9986594834","1023","19.9999986896221","8.75333729435198","-3.12449511836775","10"
"Laser_Zap_Ben_Aipa","20","1","3","0","0","0","0","1.86296844482422","0","77.0075073242188","26.4385280609131","53.141300201416","0","474.263427734375","0","0","0","367.607696533203","336.748504638672","0","336.748504638672","228.33837890625","507.136322021484","0","0.0111602339893579","0.123791337013245","0","0","156.164566040039","0","4.3352518081665","0.077672466635704","0","9","116","8","394","215","215","-1","0","117","0","14","0","7.65117597579956","0.100000001490116","0.0252041164785624","29","349","20459.9992369323","1023","19.9999992540883","5.17244311035402","-2.47873286544554","10"
"Laser_Zap_Ben_Aipa","20","1","4","0","0","0","0","2.42250752449036","0","146.093109130859","17.3060188293457","232.353057861328","0","413.06982421875","0","0","0","478.427001953125","487.366821289063","0","487.366821289063","281.047424316406","497.254638671875","0","0.0137364352121949","0.233169451355934","0","0","395.354675292969","0","9.82954597473145","0.0391055345535278","0","9","129","10","387","217","217","-1","0","130","0","16","0","6.10335779190063","0.150000005960464","0.0252041164785624","33","308","20459.9970789291","1023","19.9999971446032","3.37735383238509","-2.72600395951554","10"
"Laser_Zap_Ben_Aipa","20","1","5","0","0","0","0","2.73020768165588","0","211.838333129883","11.4637937545776","378.421325683594","0","347.18115234375","0","0","0","536.795043945313","640.750427246094","0","640.750427246094","311.407745361328","489.085571289063","0","0.0152203198522329","0.343951612710953","0","0","601.353942871094","0","15.9613952636719","0.0167410019785166","0","9","141","12","378","219","219","-1","0","142","0","18","0","5.09939479827881","0.200000002980232","0.0252041164785624","41","291","20460.0000778329","1023","20.000000076083","2.53624292970825","-2.56315186857056","10"
"Laser_Zap_Ben_Aipa","20","1","6","0","0","0","0","3.05734944343567","0","240.350219726563","9.82436466217041","294.695281982422","0","319.909027099609","0","0","0","526.787780761719","749.093444824219","0","749.093444824219","318.938507080078","488.770233154297","0","0.0155883934348822","0.394613265991211","0","0","544.49169921875","0","18.6615028381348","0.0140209579840302","0","9","158","19","376","226","226","-1","0","159","1","25","0","4.63028144836426","0.25","0.0252041164785624","52","289","20459.9985503566","1023","19.9999985829488","2.26394211137059","-2.36633933699367","10"
"Laser_Zap_Ben_Aipa","20","1","7","0","0","0","0","3.08734488487244","0","303.002044677734","5.49144506454468","525.305236816406","0","237.836853027344","0","0","0","543.010192871094","943.329833984375","0","943.329833984375","312.787719726563","463.293609619141","0","0.0152877671644092","0.512237668037415","0","0","833.144897460938","0","25.5690898895264","0.0128390239551663","0","9","173","26","372","233","233","-1","0","174","1","32","0","3.91895604133606","0.300000011920929","0.0252041164785624","73","283","20460.0002317376","1023","20.0000002265275","1.71025013991479","-2.20870590142127","10"
"Laser_Zap_Ben_Aipa","20","1","8","0","0","0","0","3.00217175483704","0","375.417144775391","48700.1484375","162.536834716797","0","88586.59375","0","0","0","563.864562988281","1133.17211914063","0","1133.17211914063","8887.3271484375","66985.65625","0","0.434375733137131","0.638955652713776","0","0","49086.67578125","0","33.1693344116211","0.714240491390228","0","9","187","33","370","240","240","-1","0","188","1","39","0","45","0.349999994039536","0.0252041164785624","92","275","20459.9991906818","1023","19.9999992088776","42.8296932500345","-2.17030674996546","10"
"Laser_Zap_Ben_Aipa","20","1","9","0","0","0","0","2.84126591682434","0","427.673309326172","58002.2265625","231.902130126953","0","103305.9140625","0","0","0","586.864501953125","1249.10534667969","0","1249.10534667969","10370.2490234375","72537.828125","0","0.506854712963104","0.733055591583252","0","0","58469.5859375","0","38.4991416931152","0.793182075023651","0","9","201","40","366","247","247","-1","0","202","1","46","0","45","0.400000005960464","0.0252041164785624","101","268","20460.0031492504","1023","20.0000030784461","43.7432058018973","-1.2567941981027","10"
"Laser_Zap_Ben_Aipa","20","1","10","0","0","0","0","2.47252368927002","0","492.381530761719","71027.46875","358.620391845703","0","122469.453125","0","0","0","582.556457519531","1479.17700195313","0","1479.17700195313","12315.2744140625","77088.3046875","0","0.601919531822205","0.861704111099243","0","0","71609.7890625","0","45.570011138916","0.890664994716644","0","9","216","48","365","255","255","-1","0","217","1","54","0","45","0.449999988079071","0.0252041164785624","110","264","20460.0013174189","1023","20.0000012877996","44.3085670805062","-0.691432919493792","10"
"Laser_Zap_Ben_Aipa","20","1","11","0","0","0","0","2.33828854560852","0","509.331848144531","74628.0234375","388.724914550781","0","127820.5390625","0","0","0","586.078430175781","1538.05432128906","0","1538.05432128906","12853.412109375","74274.7578125","0","0.628221452236176","0.901420474052429","0","0","75331.5625","0","47.4397392272949","0.951616406440735","0","8","220","50","363","257","257","-1","0","221","1","56","0","45","0.466666668653488","0.0252041164785624","105","260","20460.0019047787","1023","20.0000018619538","44.1807250802361","-0.819274919763949","10"
"Laser_Zap_Ben_Aipa","20","2","0","0","0","0","0","0.466605007648468","0","4.37023448944092","217.41845703125","0","0","642.3759765625","0","0","0","97.2797012329102","72.5196533203125","0","72.5196533203125","72.7169418334961","521.878234863281","0","0.00355410319752991","0.00705468980595469","0","0","221.156921386719","0","0.132187873125076","0.621158301830292","0","9","122","3","400","216","216","-1","0","123","0","15","0","31.2618885040283","0.0500000007450581","0.0504082329571247","6","389","20459.9973022826","1023","19.9999973629351","30.2512584876165","-1.0106300164118","10"
"Laser_Zap_Ben_Aipa","20","2","1","0","0","0","0","2.17318964004517","0","32.2064552307129","44.7520217895508","0","0","515.868041992188","0","0","0","208.873550415039","243.329605102539","0","243.329605102539","156.566940307617","515.164245605469","0","0.0076523432508111","0.0508251190185547","0","0","76.5143203735352","0","1.48800599575043","0.201591476798058","0","9","134","5","397","218","218","-1","0","135","1","17","0","11.4218673706055","0.100000001490116","0.0504082329571247","19","362","20459.999659715","1023","19.9999996673656","8.65951007800218","-2.76235729260329","10"
"Laser_Zap_Ben_Aipa","20","2","2","0","0","0","0","2.70633363723755","0","87.799560546875","24.6966724395752","91.6575469970703","0","465.763366699219","0","0","0","321.400970458984","434.326293945313","0","434.326293945313","238.596389770508","506.296234130859","0","0.0116616021841764","0.139592885971069","0","0","203.751373291016","0","5.21154832839966","0.095987968146801","0","9","147","8","391","221","221","-1","0","148","0","20","0","7.78897857666016","0.150000005960464","0.0504082329571247","30","323","20460.0007788173","1023","20.0000007613073","4.79207933288115","-2.996899243779","10"
"Laser_Zap_Ben_Aipa","20","2","3","0","0","0","0","3.06043553352356","0","99.7551956176758","21.8544311523438","113.256988525391","0","452.544006347656","0","0","0","299.016967773438","518.265808105469","0","518.265808105469","252.60400390625","498.148956298828","0","0.0123462369665504","0.15497025847435","0","0","234.28971862793","0","6.12500667572021","0.0978665202856064","0","9","163","15","387","228","228","-1","0","164","0","27","0","7.57240962982178","0.200000002980232","0.0504082329571247","35","317","20459.9996412372","1023","19.9999996493033","4.56950690643054","-3.00290272339124","10"
"Laser_Zap_Ben_Aipa","20","2","4","0","0","0","0","3.23424386978149","0","160.978713989258","15.06223487854","447.650817871094","0","385.091430664063","0","0","0","377.554168701172","682.403991699219","0","682.403991699219","289.749298095703","471.025360107422","0","0.01416174788028","0.257644474506378","0","0","623.009521484375","0","11.3788471221924","0.0720928758382797","0","9","179","23","386","236","236","-1","0","180","0","35","0","6.09832668304443","0.25","0.0504082329571247","47","299","20459.995513631","1023","19.9999956144976","3.15092156991498","-2.94740511312946","10"
"Laser_Zap_Ben_Aipa","20","2","5","0","0","0","0","3.34607267379761","0","177.140686035156","14.1432304382324","495.673645019531","0","367.945220947266","0","0","0","367.385864257813","762.302551269531","0","762.302551269531","293.481658935547","465.797790527344","0","0.0143441678956151","0.280059188604355","0","0","686.202514648438","0","12.8170490264893","0.0699992477893829","0","9","193","30","382","243","243","-1","0","194","0","42","0","5.61355829238892","0.300000011920929","0.0504082329571247","53","298","20459.998870012","1023","19.9999988954174","2.93587960492599","-2.67767868746292","10"
"Laser_Zap_Ben_Aipa","20","2","6","0","0","0","0","2.97803521156311","0","310.422515869141","5.70580148696899","604.587158203125","0","226.361846923828","0","0","0","485.504974365234","1061.7880859375","0","1061.7880859375","285.107482910156","443.082641601563","0","0.0139348739758134","0.515503406524658","0","0","919.563171386719","0","25.7084407806396","0.0207154471427202","0","9","207","37","380","250","250","-1","0","208","1","49","0","3.51615452766418","0.349999994039536","0.0504082329571247","81","291","20459.9972274607","1023","19.9999972897954","1.54898442308886","-1.96717010457532","10"
"Laser_Zap_Ben_Aipa","20","2","7","0","0","0","0","2.7260262966156","0","323.914093017578","42520.28515625","384.113494873047","0","75279.28125","0","0","0","468.264587402344","1143.87231445313","0","1143.87231445313","7558.177734375","46770.9453125","0","0.369412362575531","0.535634875297546","0","0","43026.1171875","0","27.2866191864014","0.899824976921082","0","9","221","45","377","258","258","-1","0","222","0","57","0","45","0.400000005960464","0.0504082329571247","73","279","20460.0021549892","1023","20.0000021065388","43.6041462425132","-1.39585375748681","10"
"Laser_Zap_Ben_Aipa","20","2","8","0","0","0","0","2.29086852073669","0","327.493041992188","44919.2578125","353.897094726563","0","77575.75","0","0","0","423.058166503906","1291.9775390625","0","1291.9775390625","7794.00048828125","43327.91015625","0","0.380938410758972","0.546581625938416","0","0","45392.7109375","0","28.13743019104","0.978343546390533","0","9","234","52","375","265","265","-1","0","235","0","64","0","45","0.449999988079071","0.0504082329571247","74","279","20460.0015859589","1023","20.000001550302","44.1825673760931","-0.817432623906861","10"
"Laser_Zap_Ben_Aipa","20","2","9","0","0","0","0","2.1095597743988","0","344.91552734375","48466.78125","432.931335449219","0","82713.390625","0","0","0","424.320861816406","1350.38061523438","0","1350.38061523438","8317.75","44335.296875","0","0.40653720498085","0.572994649410248","0","0","49008.95703125","0","29.9055366516113","1.00512588024139","0","9","238","54","373","267","267","-1","0","239","0","66","0","45","0.466666668653488","0.0504082329571247","75","278","20459.9970140293","1023","19.9999970811625","45.1938922303641","0.193892230364106","10"
"Laser_Zap_Ben_Aipa","20","3","0","0","0","0","0","-3.59659147262573","0","2.24794244766235","800.912475585938","0","0","657.087646484375","0","0","0","10.1161375045776","342.880554199219","0","342.880554199219","82.1591339111328","408.399505615234","0","0.00401559798046947","0.00346862664446235","0","0","802.163024902344","0","0.0659558027982712","0.899175107479095","0","9","175","1","400","234","234","-1","0","176","1","33","0","45","0.16666667163372","0.0756123512983322","20","370","20459.9998084289","1023","19.999999812736","NaN","NaN","10"
"Laser_Zap_Ben_Aipa","20","3","1","0","0","0","0","-1.00502359867096","0","5.84306526184082","209.127746582031","0","0","602.5908203125","0","0","0","26.0421295166016","372.748260498047","0","372.748260498047","84.7239685058594","521.5888671875","0","0.00414095632731915","0.00970715843141079","0","0","214.440505981445","0","0.208151996135712","0.524860203266144","0","9","179","3","399","236","236","-1","0","180","0","35","0","21.2505168914795","0.183333337306976","0.0756123512983322","23","371","20460.0004947914","1023","20.0000004836671","25.2512136217005","4.00069673022098","10"
"Laser_Zap_Ben_Aipa","20","3","2","0","0","0","0","-15.7220659255981","0","2.16835117340088","874.883361816406","0","0","548.925598144531","0","0","0","8.30520725250244","380.60888671875","0","380.60888671875","78.4713668823242","339.586853027344","0","0.00383535539731383","0.00316103571094573","0","0","876.09326171875","0","0.0578280054032803","0.902577340602875","0","9","184","5","397","238","238","-1","0","185","0","37","0","45","0.200000002980232","0.0756123512983322","21","372","20459.9988145253","1023","19.9999988411782","NaN","NaN","10"
"Laser_Zap_Ben_Aipa","20","3","3","0","0","0","0","0","0","0.563545525074005","17.9943599700928","8.13562774658203","0","69.027214050293","0","0","0","0.262366980314255","464.608276367188","0","464.608276367188","8.74853897094727","40.2682228088379","0","0.000427592342020944","0.000121897872304544","0","0","25.8250522613525","0","0.00125043303705752","0.905868887901306","0","9","199","13","396","246","246","-1","0","200","0","45","0","45","0.25","0.0756123512983322","13","396","20459.9991889442","1023","19.9999992071791","NaN","NaN","10"
"Laser_Zap_Ben_Aipa","20","3","4","0","0","0","0","0","0","0.949244856834412","800.959899902344","0","0","-108.875068664551","0","0","0","0.832810521125793","543.912841796875","0","543.912841796875","33.9801139831543","-67.3046722412109","0","0.00166080717463046","0.000452976324595511","0","0","801.153686523438","0","0.00584404869005084","0.910176992416382","0","9","213","20","392","253","253","-1","0","214","0","52","0","45","0.300000011920929","0.0756123512983322","20","392","20459.9995124148","1023","19.9999995233771","NaN","NaN","10"
"Laser_Zap_Ben_Aipa","20","3","5","0","0","0","0","3.63188314437866","0","118.621734619141","20.0970611572266","569.911437988281","0","413.502746582031","0","0","0","213.822448730469","814.505004882813","0","814.505004882813","254.134796142578","443.349609375","0","0.0124210556969047","0.174159452319145","0","0","707.271606445313","0","7.44864130020142","0.135807394981384","0","9","226","28","391","261","261","-1","0","227","0","60","0","7.0879054069519","0.349999994039536","0.0756123512983322","57","313","20459.9997249758","1023","19.9999997311591","4.08980828632461","-2.99809712062729","10"
"Laser_Zap_Ben_Aipa","20","3","6","0","0","0","0","-3.29195213317871","0","18.1792964935303","90.0320281982422","32.6390380859375","0","534.297424316406","0","0","0","33.5262184143066","742.047424316406","0","742.047424316406","114.406074523926","511.997863769531","0","0.00559169473126531","0.0248780455440283","0","0","140.228240966797","0","0.860721409320831","0.301896065473557","0","9","239","35","387","268","268","-1","0","240","0","67","0","12.6370239257813","0.400000005960464","0.0756123512983322","35","340","20460.0000576279","1023","20.0000000563323","12.9890151941667","0.351991268385463","10"
"Laser_Zap_Ben_Aipa","20","3","7","0","0","0","0","2.30680418014526","0","240.397735595703","31485.142578125","293.911804199219","0","54871.50390625","0","0","0","310.946319580078","1256.01977539063","0","1256.01977539063","5515.2255859375","29708.83203125","0","0.269561350345612","0.390554755926132","0","0","31863.30078125","0","19.2421722412109","0.998426377773285","0","9","248","39","382","272","272","-1","0","249","0","71","0","45","0.449999988079071","0.0756123512983322","72","291","20460.0013275875","1023","20.0000012977395","43.6460396201263","-1.35396037987375","10"
"Laser_Zap_Ben_Aipa","20","3","8","0","0","0","0","1.86236381530762","0","228.530609130859","31215.35546875","260.072509765625","0","52772.359375","0","0","0","268.658111572266","1357.54431152344","0","1357.54431152344","5310.71630859375","25813.98046875","0","0.259565770626068","0.364715278148651","0","0","31556.73046875","0","18.1677780151367","1.05992901325226","0","9","259","46","378","279","279","-1","0","260","0","78","0","45","0.5","0.0756123512983322","71","293","20460.0024717604","1023","20.0000024161881","45.3729307816303","0.372930781630309","10"
"Laser_Zap_Ben_Aipa","20","3","9","0","0","0","0","2.8495991230011","0","52.5127639770508","39.0329093933105","370.361694335938","0","473.316711425781","0","0","0","67.7409591674805","1091.77880859375","0","1091.77880859375","176.879058837891","453.40576171875","0","0.00864511542022228","0.0739581435918808","0","0","460.09716796875","0","3.01004910469055","0.244255304336548","0","9","270","54","377","287","287","-1","0","271","0","86","0","8.85583400726318","0.550000011920929","0.0756123512983322","54","331","20459.9996923283","1023","19.9999996992457","6.71276483986107","-2.14306916740212","10"
"Laser_Zap_Ben_Aipa","20","4","0","0","0","0","0","3.4812159538269","0","57.3112754821777","34.7532196044922","299.411315917969","0","476.252990722656","0","0","0","85.9241561889648","935.715270996094","0","935.715270996094","189.528686523438","464.562866210938","0","0.00926337763667107","0.0804005414247513","0","0","390.031707763672","0","3.0870418548584","0.226642221212387","0","9","254","6","392","276","276","-1","0","255","0","75","0","9.64237308502197","0.416666626930237","0.100816465914249","63","334","20459.9978492885","1023","19.9999978976427","6.61604675595206","-3.02632632906992","10"
"Laser_Zap_Ben_Aipa","20","4","1","0","0","0","0","3.33290433883667","0","24.7726650238037","65.0637283325195","37.527702331543","0","527.254577636719","0","0","0","35.3701515197754","935.680114746094","0","935.680114746094","133.642166137695","509.348205566406","0","0.00653187558054924","0.0330951474606991","0","0","126.702255249023","0","1.21565008163452","0.289945423603058","0","9","259","9","392","279","279","-1","0","260","0","78","0","11.9783372879028","0.433333307504654","0.100816465914249","51","346","20459.9987384417","1023","19.9999987668051","11.383005028677","-0.595332259225811","10"
"Laser_Zap_Ben_Aipa","20","4","2","0","0","0","0","3.19045257568359","0","25.1790351867676","65.9174041748047","0","0","529.447814941406","0","0","0","34.5881958007813","969.842468261719","0","969.842468261719","135.410247802734","516.91796875","0","0.00661829160526395","0.0335451029241085","0","0","90.6486511230469","0","1.24772250652313","0.280811309814453","0","9","263","12","392","282","282","-1","0","264","0","81","0","11.558349609375","0.449999988079071","0.100816465914249","49","347","20460.0002355644","1023","20.0000002302682","11.3788413213592","-0.179508288015835","10"
"Laser_Zap_Ben_Aipa","20","4","3","0","0","0","0","2.79720830917358","0","34.1257743835449","53.064323425293","50.288516998291","0","518.193176269531","0","0","0","43.0909042358398","1091.33081054688","0","1091.33081054688","153.358947753906","509.512054443359","0","0.00749554950743914","0.0470264330506325","0","0","136.935516357422","0","1.79649305343628","0.269419133663177","0","9","275","20","389","290","290","-1","0","276","0","89","0","10.3999919891357","0.5","0.100816465914249","52","345","20460.0006446094","1023","20.0000006301167","9.17149956865565","-1.22849242048009","10"
"Laser_Zap_Ben_Aipa","20","4","4","0","0","0","0","2.1270637512207","0","36.1615905761719","53.736198425293","471.273193359375","0","479.105834960938","0","0","0","42.4454650878906","1188.12268066406","0","1188.12268066406","145.028045654297","422.140380859375","0","0.0070883696898818","0.0504304207861423","0","0","558.041809082031","0","1.97918665409088","0.325294077396393","0","9","287","29","389","299","299","-1","0","288","0","98","0","11.0774097442627","0.550000011920929","0.100816465914249","49","348","20460.0002538405","1023","20.0000002481334","8.08010301265157","-2.99730673161113","10"
"Laser_Zap_Ben_Aipa","20","4","5","0","0","0","0","1.30757117271423","0","37.9064674377441","56.9698486328125","412.571838378906","0","492.280639648438","0","0","0","40.7104644775391","1305.22790527344","0","1305.22790527344","146.38850402832","448.090759277344","0","0.00715486286208034","0.0531364306807518","0","0","505.319854736328","0","2.08110380172729","0.32865646481514","0","9","298","37","386","307","307","-1","0","299","0","106","0","10.1615629196167","0.600000023841858","0.100816465914249","47","351","20460.0013795033","1023","20.000001348488","7.73842726822994","-2.42313565138676","10"
"Laser_Zap_Ben_Aipa","20","4","6","0","0","0","0","-0.882900595664978","0","132.999908447266","26.3352489471436","316.020935058594","0","410.136047363281","0","0","0","123.185806274414","1600.755859375","0","1600.755859375","226.260192871094","470.308746337891","0","0.0110586611554027","0.197190389037132","0","0","474.232025146484","0","9.02782440185547","0.117109030485153","0","9","311","47","387","317","317","-1","0","312","0","116","0","4.74547004699707","0.649999976158142","0.100816465914249","105","346","20459.9987007067","1023","19.9999987299185","3.21489893997447","-1.5305711070226","10"
"Laser_Zap_Ben_Aipa","30","0","0","0","0","0","0","-4.90595674514771","0","12.8497047424316","75.2130737304688","0","0","520.17529296875","0","0","0","276.054809570313","101.8525390625","0","101.8525390625","99.9252471923828","518.677307128906","0","0.00488393194973469","0.0281168799847364","0","0","87.5866775512695","0","0.458382338285446","-0.101258218288422","0","9","37","6","390","205","205","-1","0","38","0","4","0","15.4752416610718","0.0333333350718021","0","20","390","20459.9998977895","1023","19.9999999000875","10.0030756994123","-5.47216596165953","10"
"Laser_Zap_Ben_Aipa","30","0","1","0","0","0","0","0.104116782546043","0","30.1904182434082","45.4291725158691","0","0","510.276458740234","0","0","0","293.642669677734","189.728607177734","0","189.728607177734","150.927368164063","515.369323730469","0","0.00737670296803117","0.0557124130427837","0","0","75.1768112182617","0","1.28710651397705","-0.10360761731863","0","9","45","9","392","208","208","-1","0","46","1","7","0","9.98389530181885","0.0500000007450581","0","26","391","20460.0034484437","1023","20.0000033709127","7.60869473496318","-2.37520056685566","10"
"Laser_Zap_Ben_Aipa","30","0","2","0","0","0","0","1.32101452350616","0","98.7927627563477","22.2115154266357","43.5494537353516","0","457.128082275391","0","0","0","389.246032714844","420.936340332031","0","420.936340332031","255.821319580078","507.113677978516","0","0.0125034861266613","0.163847804069519","0","0","164.174209594727","0","5.9154052734375","-0.0267624799162149","0","9","64","15","393","214","214","-1","0","65","2","13","0","6.22642707824707","0.100000001490116","0","45","367","20459.9994744336","1023","19.9999994862499","4.37658686034804","-1.84984021789904","10"
"Laser_Zap_Ben_Aipa","30","0","3","0","0","0","0","2.04534912109375","0","170.334625244141","14.8157615661621","55.3061866760254","0","394.489471435547","0","0","0","423.212890625","676.103454589844","0","676.103454589844","304.764038085938","507.153503417969","0","0.0148956039920449","0.286135703325272","0","0","240.154861450195","0","12.1659955978394","-0.0344296768307686","0","9","78","17","386","216","216","-1","0","79","3","15","0","5.08716821670532","0.150000005960464","0","68","345","20459.9986847595","1023","19.9999987143299","2.98404288784426","-2.10312532886106","10"
"Laser_Zap_Ben_Aipa","30","0","4","0","0","0","0","2.78027415275574","0","241.56086730957","9.81699371337891","0","0","321.320709228516","0","0","0","455.502471923828","899.438171386719","0","899.438171386719","327.517761230469","505.882873535156","0","0.0160077102482319","0.409696310758591","0","0","251.131500244141","0","19.3971309661865","-0.0409442596137524","0","9","99","20","378","219","219","-1","0","100","3","18","0","4.55459070205688","0.200000002980232","0","89","331","20460.0005966902","1023","20.0000005832749","2.23923852525959","-2.3153521767973","10"
"Laser_Zap_Ben_Aipa","30","0","5","0","0","0","0","2.92958974838257","0","267.382751464844","8.71681213378906","0","0","296.48876953125","0","0","0","489.669219970703","920.634155273438","0","920.634155273438","324.268890380859","506.050872802734","0","0.0158489178866148","0.450806230306625","0","0","275.871337890625","0","21.8740749359131","-0.0377318896353245","0","9","105","22","377","221","221","-1","0","106","3","20","0","4.3275580406189","0.216666668653488","0","94","325","20460.0019194194","1023","20.0000018762653","2.01475324754765","-2.31280479307124","10"
"Laser_Zap_Ben_Aipa","30","0","6","0","0","0","0","3.11209964752197","0","283.335815429688","8.05358123779297","0","0","279.860015869141","0","0","0","478.097259521484","1010.84033203125","0","1010.84033203125","319.014617919922","506.398742675781","0","0.0155921131372452","0.483279973268509","0","0","291.173767089844","0","23.5465850830078","-0.0371453873813152","0","9","111","24","376","223","223","-1","0","112","3","22","0","4.20705032348633","0.233333334326744","0","102","325","20459.9989181637","1023","19.9999989424865","1.84886059324499","-2.35818973024134","10"
"Laser_Zap_Ben_Aipa","30","1","0","0","0","0","0","0","0","2.59614968299866","268.496124267578","0","0","528.164916992188","0","0","0","440.534790039063","25.0734577178955","0","25.0734577178955","53.188175201416","522.130126953125","0","0.00259961769916117","0.0110457306727767","0","0","270.437194824219","0","0.0787201225757599","0.139318585395813","0","9","49","2","395","209","209","-1","0","50","0","8","0","42.6541709899902","0.0166666675359011","0.0252041164785624","21","395","20459.9988754417","1023","19.9999989007251","13.6122818773832","-29.0418891126071","10"
"Laser_Zap_Ben_Aipa","30","1","1","0","0","0","0","0.921299338340759","0","9.04451847076416","90.39111328125","0.151486307382584","0","519.929382324219","0","0","0","333.449157714844","69.1730880737305","0","69.1730880737305","86.4210739135742","519.796630859375","0","0.0042239036411047","0.0230657085776329","0","0","99.1232452392578","0","0.316262066364288","0.0407942980527878","0","9","56","5","397","212","212","-1","0","57","0","11","0","19.4256362915039","0.0333333350718021","0.0252041164785624","23","395","20460.0012823617","1023","20.0000012535305","10.5518249731749","-8.87381131832897","10"
"Laser_Zap_Ben_Aipa","30","1","2","0","0","0","0","1.21566271781921","0","20.9076805114746","56.4180183410645","0","0","514.011840820313","0","0","0","312.36181640625","126.504264831543","0","126.504264831543","126.786651611328","517.08984375","0","0.00619680574163795","0.0395151041448116","0","0","76.884391784668","0","0.873488664627075","0.0754033476114273","0","9","61","6","397","213","213","-1","0","62","0","12","0","12.9655828475952","0.0500000007450581","0.0252041164785624","24","387","20460.000990416","1023","20.0000009681486","9.02243523639001","-3.9431476112052","10"
"Laser_Zap_Ben_Aipa","30","1","3","0","0","0","0","2.09193348884583","0","74.0268325805664","28.0756092071533","127.238456726074","0","473.439422607422","0","0","0","436.257995605469","268.405731201172","0","268.405731201172","218.542755126953","502.088317871094","0","0.0106814634054899","0.117094144225121","0","0","228.858047485352","0","4.0923490524292","0.0540826208889484","0","9","77","9","395","216","216","-1","0","78","0","15","0","7.93872737884521","0.100000001490116","0.0252041164785624","29","349","20460.0012966977","1023","20.0000012675442","5.23386319497862","-2.7048641838666","10"
"Laser_Zap_Ben_Aipa","30","1","4","0","0","0","0","2.71962928771973","0","141.494842529297","18.6274833679199","449.524566650391","0","412.590087890625","0","0","0","527.545715332031","418.002899169922","0","418.002899169922","267.697021484375","484.196746826172","0","0.0130839198827744","0.220515638589859","0","0","609.124877929688","0","9.20509910583496","0.0218243338167667","0","9","97","12","389","219","219","-1","0","98","0","18","0","6.2470235824585","0.150000005960464","0.0252041164785624","34","310","20460.001580781","1023","20.0000015452405","3.4015453232865","-2.845478259172","10"
"Laser_Zap_Ben_Aipa","30","1","5","0","0","0","0","2.94393277168274","0","202.89892578125","12.8693199157715","367.536499023438","0","361.119384765625","0","0","0","580.722778320313","543.841064453125","0","543.841064453125","307.609283447266","485.830627441406","0","0.0150346672162414","0.315820872783661","0","0","582.872253417969","0","14.4056119918823","0.00245064427144825","0","9","115","18","384","225","225","-1","0","116","0","24","0","5.00717735290527","0.200000002980232","0.0252041164785624","43","297","20459.9994813964","1023","19.9999994930561","2.72859931675538","-2.2785780361499","10"
"Laser_Zap_Ben_Aipa","30","1","6","0","0","0","0","3.02833032608032","0","250.880905151367","10.0122747421265","519.04443359375","0","311.372711181641","0","0","0","590.367736816406","666.445251464844","0","666.445251464844","311.345062255859","476.4072265625","0","0.0152172558009624","0.393447786569595","0","0","779.47119140625","0","18.8932971954346","0.00430512335151434","0","9","134","26","383","233","233","-1","0","135","1","32","0","4.28824758529663","0.25","0.0252041164785624","57","295","20460.000563056","1023","20.0000005503969","2.21656369344452","-2.07168389185211","10"
"Laser_Zap_Ben_Aipa","30","1","7","0","0","0","0","2.92507290840149","0","324.889495849609","5.3676586151123","856.221008300781","0","222.348724365234","0","0","0","623.2373046875","843.829040527344","0","843.829040527344","291.584533691406","449.427215576172","0","0.0142514435574412","0.525905728340149","0","0","1185.73962402344","0","26.4203987121582","0.00853314157575369","0","9","153","34","380","241","241","-1","0","154","1","40","0","3.47302317619324","0.300000011920929","0.0252041164785624","83","290","20459.9998951796","1023","19.9999998975363","1.55284014223826","-1.92018303395498","10"
"Laser_Zap_Ben_Aipa","30","1","8","0","0","0","0","2.84953641891479","0","343.309600830078","4.90294599533081","880.43359375","0","199.514083862305","0","0","0","613.686767578125","912.133239746094","0","912.133239746094","247.149826049805","440.327575683594","0","0.0120796589180827","0.559764087200165","0","0","1227.66662597656","0","28.2419300079346","0.00590325891971588","0","9","171","42","379","249","249","-1","0","172","1","48","0","2.95109796524048","0.349999994039536","0.0252041164785624","90","290","20460.0003796326","1023","20.0000003710974","1.23653375505819","-1.71456421018229","10"
"Laser_Zap_Ben_Aipa","30","1","9","0","0","0","0","2.62220168113708","0","446.799133300781","59579.6171875","1036.92077636719","0","105103.15625","0","0","0","664.469970703125","1111.57763671875","0","1111.57763671875","10546.5009765625","84018.2421875","0","0.515469193458557","0.738609969615936","0","0","60635.5625","0","38.670108795166","0.637024402618408","0","9","188","50","376","257","257","-1","0","189","2","56","0","45","0.400000005960464","0.0252041164785624","108","277","20460.0024800714","1023","20.0000024243122","44.258037179003","-0.741962820996953","10"
"Laser_Zap_Ben_Aipa","30","1","10","0","0","0","0","2.33458065986633","0","521.217468261719","73628.25","755.389892578125","0","126058.6328125","0","0","0","683.467346191406","1286.30834960938","0","1286.30834960938","12675.427734375","95406.46875","0","0.619522392749786","0.879149794578552","0","0","74499.3125","0","46.6036643981934","0.709411025047302","0","9","205","58","375","265","265","-1","0","206","2","64","0","45","0.449999988079071","0.0252041164785624","122","273","20459.9993199832","1023","19.999999335272","44.8039863201186","-0.196013679881368","10"
"Laser_Zap_Ben_Aipa","30","1","11","0","0","0","0","2.14785361289978","0","531.025756835938","76221.890625","675.835144042969","0","129099.9453125","0","0","0","680.327941894531","1317.77819824219","0","1317.77819824219","12989.451171875","94738.59375","0","0.63487046957016","0.896521389484406","0","0","77051.9140625","0","47.6253318786621","0.744855582714081","0","9","211","61","374","268","268","-1","0","212","1","67","0","45","0.466666668653488","0.0252041164785624","117","272","20460.0021492093","1023","20.0000021008889","45.0844924384442","0.0844924384442436","10"
"Laser_Zap_Ben_Aipa","30","2","0","0","0","0","0","1.58915185928345","0","7.49822998046875","110.454025268555","0","0","543.321655273438","0","0","0","189.605163574219","67.6852035522461","0","67.6852035522461","81.0082778930664","520.432800292969","0","0.00395934842526913","0.0128334639593959","0","0","117.45783996582","0","0.251740276813507","0.291106551885605","0","9","75","3","400","216","216","-1","0","76","1","15","0","21.955509185791","0.0500000007450581","0.0504082329571247","10","390","20460.0023014039","1023","20.0000022496617","17.9699116392862","-3.9855975465048","10"
"Laser_Zap_Ben_Aipa","30","2","1","0","0","0","0","2.2735161781311","0","28.5834693908691","48.7075386047363","0","0","513.851623535156","0","0","0","235.564880371094","184.022155761719","0","184.022155761719","146.163513183594","515.704406738281","0","0.00714386627078056","0.0433491580188274","0","0","76.848388671875","0","1.23839831352234","0.148496568202972","0","9","95","5","397","218","218","-1","0","96","1","17","0","11.9997329711914","0.100000001490116","0.0504082329571247","17","366","20460.0012994957","1023","20.0000012702793","9.48551599945023","-2.51421697174118","10"
"Laser_Zap_Ben_Aipa","30","2","2","0","0","0","0","2.78889107704163","0","73.1495361328125","27.9196357727051","83.6385116577148","0","474.71337890625","0","0","0","316.181030273438","360.085571289063","0","360.085571289063","220.305572509766","503.460083007813","0","0.0107676228508353","0.113852232694626","0","0","184.231658935547","0","4.07158660888672","0.0672121867537498","0","9","112","11","394","224","224","-1","0","113","0","23","0","8.35120105743408","0.150000005960464","0.0504082329571247","32","336","20460.0008341372","1023","20.0000008153834","5.42688348410848","-2.9243175733256","10"
"Laser_Zap_Ben_Aipa","30","2","3","0","0","0","0","3.13496017456055","0","93.9829406738281","23.772518157959","321.613586425781","0","449.828704833984","0","0","0","327.733123779297","425.738525390625","0","425.738525390625","237.435440063477","480.801330566406","0","0.0116048604249954","0.13952861726284","0","0","438.663604736328","0","5.42237710952759","0.0690726786851883","0","9","132","19","391","232","232","-1","0","133","0","31","0","7.97955799102783","0.200000002980232","0.0504082329571247","37","322","20459.9996353313","1023","19.9999996435301","4.77091028331562","-3.20864770771221","10"
"Laser_Zap_Ben_Aipa","30","2","4","0","0","0","0","3.0693633556366","0","169.61589050293","14.7269067764282","642.722045898438","0","374.520446777344","0","0","0","434.350463867188","590.717895507813","0","590.717895507813","288.595001220703","454.689178466797","0","0.0141053292900324","0.256578594446182","0","0","826.217346191406","0","11.5460243225098","0.0383326150476933","0","9","150","27","390","240","240","-1","0","151","0","39","0","5.83374643325806","0.25","0.0504082329571247","50","302","20459.9974439902","1023","19.9999975014567","3.15140661560958","-2.68233981764847","10"
"Laser_Zap_Ben_Aipa","30","2","5","0","0","0","0","3.03386235237122","0","183.123321533203","13.9907627105713","712.134033203125","0","357.726165771484","0","0","0","410.256530761719","682.644165039063","0","682.644165039063","290.220153808594","446.86083984375","0","0.0141847599297762","0.280059248209","0","0","908.281372070313","0","12.8260049819946","0.0366649776697159","0","9","169","35","387","248","248","-1","0","170","0","47","0","5.44119215011597","0.300000011920929","0.0504082329571247","58","303","20459.9975780607","1023","19.9999976325129","2.90322434425067","-2.53796780586529","10"
"Laser_Zap_Ben_Aipa","30","2","6","0","0","0","0","2.75793623924255","0","249.734268188477","7.91108465194702","913.254943847656","0","278.241577148438","0","0","0","474.973693847656","823.453918457031","0","823.453918457031","294.514831542969","409.361175537109","0","0.0143946669995785","0.391118943691254","0","0","1169.24584960938","0","18.86155128479","0.0233974251896143","0","9","186","43","386","256","256","-1","0","187","0","55","0","3.97022771835327","0.349999994039536","0.0504082329571247","69","295","20459.9961604942","1023","19.9999962468174","2.10917924696028","-1.86104847139299","10"
"Laser_Zap_Ben_Aipa","30","2","7","0","0","0","0","2.31313323974609","0","336.913299560547","42946.1484375","1062.7685546875","0","75967.453125","0","0","0","538.287841796875","995.071655273438","0","995.071655273438","7620.08203125","56984.52734375","0","0.372437983751297","0.535634934902191","0","0","43918.9453125","0","27.3955364227295","0.712851047515869","0","9","202","51","383","264","264","-1","0","203","0","63","0","45","0.400000005960464","0.0504082329571247","79","285","20460.0023727399","1023","20.0000023193938","44.052763312036","-0.947236687963979","10"
"Laser_Zap_Ben_Aipa","30","2","8","0","0","0","0","1.81161117553711","0","393.472290039063","54094.0546875","662.542663574219","0","91732.71875","0","0","0","552.762084960938","1154.93823242188","0","1154.93823242188","9222.3994140625","65186.4140625","0","0.450752675533295","0.638406097888947","0","0","54882.22265625","0","33.5389976501465","0.777236819267273","0","9","218","58","381","271","271","-1","0","219","0","70","0","45","0.449999988079071","0.0504082329571247","84","282","20459.9992737731","1023","19.9999992901008","44.9152041707735","-0.0847958292265147","10"
"Laser_Zap_Ben_Aipa","30","2","9","0","0","0","0","1.72434103488922","0","449.22900390625","63298.1171875","780.218566894531","0","106761.3125","0","0","0","586.362670898438","1256.23901367188","0","1256.23901367188","10737.2919921875","75220.15625","0","0.524794340133667","0.736611664295197","0","0","64153.546875","0","39.1002731323242","0.785756170749664","0","9","222","59","378","272","272","-1","0","223","0","71","0","45","0.466666668653488","0.0504082329571247","89","279","20459.9996056601","1023","19.999999614526","45.4340910447753","0.434091044775322","10"
"Laser_Zap_Ben_Aipa","30","3","0","0","0","0","0","-7.31664991378784","0","3.03152132034302","414.353515625","0","0","565.545288085938","0","0","0","13.883674621582","297.196502685547","0","297.196502685547","73.2173538208008","522.341613769531","0","0.00357856065966189","0.00412617949768901","0","0","416.682250976563","0","0.0791961923241615","0.38967502117157","0","9","141","3","399","236","236","-1","0","142","0","35","0","21.8014888763428","0.183333337306976","0.0756123512983322","21","371","20460.000761233","1023","20.0000007441183","60.1442939069793","38.3428050306365","10"
"Laser_Zap_Ben_Aipa","30","3","1","0","0","0","0","-8.12020587921143","0","2.69794654846191","545.804077148438","9.24864768981934","0","610.971557617188","0","0","0","9.65151405334473","327.517364501953","0","327.517364501953","72.2835693359375","522.850952148438","0","0.00353292119689286","0.00316103827208281","0","0","556.979309082031","0","0.057834405452013","0.541335701942444","0","9","148","6","398","239","239","-1","0","149","0","38","0","31.0778255462646","0.200000002980232","0.0756123512983322","22","373","20460.0004663307","1023","20.0000004558462","NaN","NaN","10"
"Laser_Zap_Ben_Aipa","30","3","2","0","0","0","0","0","0","0.738990902900696","670.48828125","0","0","-195.733108520508","0","0","0","0.305717468261719","398.724151611328","0","398.724151611328","21.6933536529541","-148.815399169922","0","0.00106028106529266","0.000121896933706012","0","0","670.894165039063","0","0.00124697922728956","0.710580348968506","0","9","166","14","397","247","247","-1","0","167","0","46","0","45","0.25","0.0756123512983322","14","397","20460.0028832603","1023","20.0000028184363","NaN","NaN","10"
"Laser_Zap_Ben_Aipa","30","3","3","0","0","0","0","-31.4883937835693","0","38.2055206298828","37.5201377868652","3.93012142181396","0","490.283508300781","0","0","0","15.7113761901855","485.575408935547","0","485.575408935547","170.078735351563","519.756286621094","0","0.00831274408847094","0.00762905785813928","0","0","79.0371170043945","0","3.56636500358582","0.118247829377651","0","8","184","22","394","255","255","-1","0","185","0","54","0","8.02841854095459","0.300000011920929","0.0756123512983322","42","386","20459.9989535883","1023","19.9999989771146","NaN","NaN","10"
"Laser_Zap_Ben_Aipa","30","3","4","0","0","0","0","3.3289589881897","0","91.8404922485352","24.8958797454834","747.778198242188","0","417.812805175781","0","0","0","187.775573730469","677.335083007813","0","677.335083007813","218.757446289063","410.236389160156","0","0.0106919575482607","0.127186983823776","0","0","862.391540527344","0","5.25262069702148","0.112380653619766","0","9","201","30","393","263","263","-1","0","202","0","62","0","8.32502174377441","0.349999994039536","0.0756123512983322","55","319","20459.9995184838","1023","19.9999995293096","4.82225353270803","-3.50276821106638","10"
"Laser_Zap_Ben_Aipa","30","3","5","0","0","0","0","2.2175145149231","0","19.2340259552002","109.895980834961","0","0","516.918395996094","0","0","0","36.9436569213867","673.405395507813","0","673.405395507813","110.511878967285","519.109375","0","0.00540136266499758","0.0248780585825443","0","0","128.738525390625","0","0.895890414714813","0.117794908583164","0","9","217","38","390","271","271","-1","0","218","0","70","0","9.27615833282471","0.400000005960464","0.0756123512983322","38","343","20459.999785505","1023","19.9999997903275","12.5395523493127","3.26339401648798","10"
"Laser_Zap_Ben_Aipa","30","3","6","0","0","0","0","1.70703864097595","0","261.090362548828","34081.48828125","365.387390136719","0","58223.5","0","0","0","377.118011474609","1094.23095703125","0","1094.23095703125","5852.5361328125","40707.31640625","0","0.286047697067261","0.412654221057892","0","0","34514.1171875","0","20.4849662780762","0.793895602226257","0","9","231","44","387","277","277","-1","0","232","0","76","0","45","0.449999988079071","0.0756123512983322","78","295","20460.000876834","1023","20.0000008571202","43.8831451004848","-1.11685489951523","10"
"Laser_Zap_Ben_Aipa","30","3","7","0","0","0","0","0.582924902439117","0","526.85498046875","75833.71875","575.223999023438","0","128100.2890625","0","0","0","582.4853515625","1526.42797851563","0","1526.42797851563","12886.7607421875","91937.0859375","0","0.629851460456848","0.889121949672699","0","0","76720.0625","0","47.269115447998","0.768983125686646","0","9","248","53","385","286","286","-1","0","249","1","85","0","45","0.5","0.0756123512983322","130","289","20459.9997796947","1023","19.9999997846478","45.1046535006727","0.104653500672747","10"
"Laser_Zap_Ben_Aipa","30","3","8","0","0","0","0","2.24644160270691","0","57.9447937011719","34.6665802001953","765.957275390625","0","425.236267089844","0","0","0","85.5875015258789","929.560302734375","0","929.560302734375","173.791854858398","380.804382324219","0","0.00849422533065081","0.0795587450265884","0","0","855.152038574219","0","3.25457119941711","0.149185821413994","0","9","253","56","385","289","289","-1","0","254","0","88","0","8.93545150756836","0.516666650772095","0.0756123512983322","67","335","20460.0005407536","1023","20.0000005285959","6.1289638483866","-2.80648765918176","10"
"Laser_Zap_Ben_Aipa","30","3","9","0","0","0","0","2.03140211105347","0","52.9107856750488","37.3484725952148","765.549255371094","0","425.9794921875","0","0","0","77.0535125732422","959.828063964844","0","959.828063964844","164.48112487793","375.047607421875","0","0.00803915597498417","0.073958121240139","0","0","852.028381347656","0","2.97636961936951","0.161643236875534","0","9","258","59","385","292","292","-1","0","259","0","91","0","9.13242244720459","0.533333301544189","0.0756123512983322","59","336","20459.9992075976","1023","19.9999992254131","6.2403099338846","-2.89211251331999","10"
"Laser_Zap_Ben_Aipa","30","4","0","0","0","0","0","-2.29117488861084","0","1.76540279388428","372.379547119141","0","0","409.007263183594","0","0","0","3.10184335708618","700.909484863281","0","700.909484863281","46.5873260498047","346.625091552734","0","0.0022769954521209","0.0021741115488112","0","0","373.544921875","0","0.0693535432219505","0.557675004005432","0","9","229","6","395","276","276","-1","0","230","0","75","0","45","0.400000005960464","0.100816465914249","6","395","20459.9996044837","1023","19.999999613376","NaN","NaN","10"
"Laser_Zap_Ben_Aipa","30","4","1","0","0","0","0","2.58498430252075","0","43.4977416992188","44.8504638671875","662.790466308594","0","445.196624755859","0","0","0","67.447135925293","850.764526367188","0","850.764526367188","152.56022644043","396.868774414063","0","0.00745651125907898","0.0573816299438477","0","0","748.017211914063","0","2.2981104850769","0.178236678242683","0","9","245","14","394","284","284","-1","0","246","0","83","0","10.8170709609985","0.449999988079071","0.100816465914249","61","339","20460.000815351","1023","20.0000007970195","7.46646974296812","-3.35060121803042","10"
"Laser_Zap_Ben_Aipa","30","4","2","0","0","0","0","1.89079761505127","0","60.2775230407715","32.1813583374023","715.245666503906","0","426.642913818359","0","0","0","82.4241104125977","999.249877929688","0","999.249877929688","180.3486328125","386.810119628906","0","0.00881469342857599","0.0823622867465019","0","0","804.412292480469","0","3.38477087020874","0.144293516874313","0","9","261","23","392","293","293","-1","0","262","0","92","0","8.89401531219482","0.5","0.100816465914249","74","340","20460.000597166","1023","20.00000058374","6.14375721875771","-2.75025809343712","10"
"Laser_Zap_Ben_Aipa","30","4","3","0","0","0","0","1.15267133712769","0","45.7669830322266","47.572509765625","839.398742675781","0","427.721557617188","0","0","0","59.2997360229492","1072.77233886719","0","1072.77233886719","145.783279418945","365.786651611328","0","0.00712528172880411","0.063615120947361","0","0","928.4794921875","0","2.52037167549133","0.185647115111351","0","9","277","33","393","303","303","-1","0","278","0","102","0","9.7736234664917","0.550000011920929","0.100816465914249","58","347","20460.0021399313","1023","20.0000020918194","6.43097196728312","-3.34265149920858","10"
"Laser_Zap_Ben_Aipa","30","4","4","0","0","0","0","0.430788666009903","0","33.4731712341309","54.7718505859375","472.206451416016","0","469.704284667969","0","0","0","38.3274421691895","1139.599609375","0","1139.599609375","138.524475097656","416.348754882813","0","0.00677050184458494","0.0436779335141182","0","0","557.126708984375","0","1.70876431465149","0.260985970497131","0","9","292","42","391","312","312","-1","0","293","0","111","0","11.4044799804688","0.600000023841858","0.100816465914249","42","358","20460.0010866917","1023","20.0000010622598","8.91735584616793","-2.48712413430082","10"
"Laser_Zap_Ben_Aipa","30","4","5","0","0","0","0","-0.841652274131775","0","37.4003143310547","53.1087493896484","568.536010742188","0","458.89111328125","0","0","0","39.2374267578125","1267.11242675781","0","1267.11242675781","141.623382568359","401.647796630859","0","0.00692196376621723","0.0497182309627533","0","0","655.403869628906","0","1.96793174743652","0.256766974925995","0","9","306","52","392","322","322","-1","0","307","0","121","0","10.6967105865479","0.649999976158142","0.100816465914249","52","364","20460.0005650932","1023","20.0000005523883","8.00293655484418","-2.69377403170367","10"
"Laser_Zap_Ben_Aipa","30","4","6","0","0","0","0","-2.46765971183777","0","167.836334228516","16.0146369934082","527.980407714844","0","347.188201904297","0","0","0","166.766586303711","1505.9990234375","0","1505.9990234375","209.918395996094","405.836730957031","0","0.0102599402889609","0.25115031003952","0","0","708.747192382813","0","11.8338756561279","0.038545373827219","0","9","310","55","391","325","325","-1","0","311","0","124","0","2.75825643539429","0.666666626930237","0.100816465914249","112","345","20460.0017235922","1023","20.0000016848409","2.34128674972121","-0.416969685673078","10"
"Laser_Zap_Ben_Aipa","45","0","0","0","0","0","0","-4.60940885543823","0","12.882303237915","78.1651229858398","0","0","528.565551757813","0","0","0","315.870086669922","89.0140686035156","0","89.0140686035156","100.564292907715","518.746826171875","0","0.00491516571491957","0.0281168799847364","0","0","90.5627136230469","0","0.45673593878746","-0.204401820898056","0","9","28","10","394","209","209","-1","0","29","1","8","0","15.5071029663086","0.0333333350718021","0","24","394","20460.0004843093","1023","20.0000004734206","10.0677125084315","-5.43939045787712","10"
"Laser_Zap_Ben_Aipa","45","0","1","0","0","0","0","0.978156924247742","0","23.6476058959961","54.1625366210938","0","0","521.790161132813","0","0","0","331.259490966797","133.859512329102","0","133.859512329102","134.68571472168","516.527526855469","0","0.00658287946134806","0.0443422347307205","0","0","77.3500137329102","0","0.954749703407288","-0.199366569519043","0","9","36","14","397","213","213","-1","0","37","2","12","0","11.2520408630371","0.0500000007450581","0","30","397","20460.0001431742","1023","20.0000001399552","8.53747156902314","-2.71456929401397","10"
"Laser_Zap_Ben_Aipa","45","0","2","0","0","0","0","0.701818525791168","0","51.9214706420898","33.5044021606445","0","0","496.931427001953","0","0","0","312.402587890625","289.882568359375","0","289.882568359375","195.987396240234","512.843139648438","0","0.00957905407994986","0.0905600637197495","0","0","85.0143508911133","0","2.53215336799622","-0.112641982734203","0","9","41","15","396","214","214","-1","0","42","4","13","0","7.75569438934326","0.0666666701436043","0","37","390","20459.9947556889","1023","19.9999948735962","6.07185969702127","-1.68383469232199","10"
"Laser_Zap_Ben_Aipa","45","1","0","0","0","0","0","0.78337574005127","0","3.14732527732849","229.036468505859","0","0","553.799621582031","0","0","0","844.149841308594","15.2594652175903","0","15.2594652175903","57.867431640625","522.014343261719","0","0.0028283204883337","0.0128812752664089","0","0","231.567260742188","0","0.0995955541729927","0.336281329393387","0","9","32","4","397","211","211","-1","0","33","0","10","0","37.6309051513672","0.0166666675359011","0.0252041164785624","24","397","20459.9980374634","1023","19.9999980815869","12.6836821139831","-24.947223037384","10"
"Laser_Zap_Ben_Aipa","45","1","1","0","0","0","0","1.55731081962585","0","12.9196767807007","83.4277191162109","0","0","517.573364257813","0","0","0","447.00927734375","65.0986404418945","0","65.0986404418945","100.179817199707","519.080444335938","0","0.00489637395367026","0.0290996972471476","0","0","95.9087371826172","0","0.474905341863632","0.0101726902648807","0","9","39","7","399","214","214","-1","0","40","0","13","0","14.9462404251099","0.0333333350718021","0.0252041164785624","25","395","20460.0012473748","1023","20.0000012193302","9.68678515036731","-5.25945527474255","10"
"Laser_Zap_Ben_Aipa","45","1","2","0","0","0","0","1.7789831161499","0","22.8944530487061","54.2220115661621","0","0","511.423889160156","0","0","0","451.533142089844","94.0584411621094","0","94.0584411621094","132.084625244141","516.806335449219","0","0.0064557483419776","0.0424705035984516","0","0","76.6846008300781","0","0.980521559715271","0.0186004675924778","0","9","44","8","399","215","215","-1","0","45","0","14","0","12.5143394470215","0.0500000007450581","0.0252041164785624","26","387","20460.0021945216","1023","20.0000021451824","8.74316372308511","-3.77117572393637","10"
"Laser_Zap_Ben_Aipa","45","1","3","0","0","0","0","2.56126523017883","0","70.2934341430664","29.1113395690918","0","0","479.945404052734","0","0","0","528.09228515625","215.918014526367","0","215.918014526367","217.577575683594","510.932250976563","0","0.0106342909857631","0.114024639129639","0","0","98.9977188110352","0","3.81688594818115","0.00698944367468357","0","9","59","11","397","218","218","-1","0","60","0","17","0","7.76156663894653","0.100000001490116","0.0252041164785624","32","357","20459.9983181654","1023","19.9999983559779","5.35135880831234","-2.41020783063419","10"
"Laser_Zap_Ben_Aipa","45","1","4","0","0","0","0","2.85190320014954","0","136.241973876953","19.4363670349121","496.949798583984","0","418.014556884766","0","0","0","659.554870605469","310.762847900391","0","310.762847900391","264.752960205078","481.130401611328","0","0.0129400286823511","0.204965159296989","0","0","652.045288085938","0","8.50370121002197","0.00901683978736401","0","9","74","15","392","222","222","-1","0","75","0","21","0","6.20860147476196","0.150000005960464","0.0252041164785624","37","319","20459.9979415945","1023","19.9999979878735","3.61965157608248","-2.58894989867948","10"
"Laser_Zap_Ben_Aipa","45","1","5","0","0","0","0","2.83843588829041","0","187.2890625","14.3485221862793","541.574645996094","0","373.171508789063","0","0","0","693.46044921875","413.248229980469","0","413.248229980469","296.576354980469","477.943634033203","0","0.0144954221323133","0.286571323871613","0","0","742.699096679688","0","12.8180704116821","0.0186236277222633","0","9","94","24","390","231","231","-1","0","95","0","30","0","5.0438985824585","0.200000002980232","0.0252041164785624","48","308","20460.0012523498","1023","20.0000012241934","2.89938688484629","-2.1445116976122","10"
"Laser_Zap_Ben_Aipa","45","1","6","0","0","0","0","2.57788920402527","0","243.173675537109","10.3068246841431","778.960205078125","0","310.753356933594","0","0","0","708.767272949219","540.653869628906","0","540.653869628906","303.816345214844","456.718933105469","0","0.0148492837324739","0.383197784423828","0","0","1031.75817871094","0","17.9859390258789","0.028001956641674","0","9","117","32","389","239","239","-1","0","118","1","38","0","4.06978797912598","0.25","0.0252041164785624","65","305","20460.0000032614","1023","20.000000003188","2.22082285571396","-1.84896512341201","10"
"Laser_Zap_Ben_Aipa","45","1","7","0","0","0","0","2.45738840103149","0","302.892425537109","6.90255689620972","1264.58776855469","0","248.320770263672","0","0","0","772.802368164063","623.50732421875","0","623.50732421875","277.438415527344","446.990692138672","0","0.0135600389912724","0.481847941875458","0","0","1573.32934570313","0","23.7156848907471","0.0210279226303101","0","9","136","41","387","248","248","-1","0","137","1","47","0","3.21480298042297","0.300000011920929","0.0252041164785624","78","295","20460.0013101665","1023","20.0000012807102","1.61261578856501","-1.60218719185796","10"
"Laser_Zap_Ben_Aipa","45","1","8","0","0","0","0","2.24742317199707","0","384.030700683594","49228.328125","654.627685546875","0","86481.984375","0","0","0","810.37158203125","768.645080566406","0","768.645080566406","8664.87890625","80666.8984375","0","0.423503398895264","0.622888147830963","0","0","49957.9296875","0","31.5813903808594","0.35657149553299","0","9","156","50","387","257","257","-1","0","157","2","56","0","45","0.349999994039536","0.0252041164785624","101","289","20459.998500255","1023","19.9999985339736","42.8360498725754","-2.16395012742464","10"
"Laser_Zap_Ben_Aipa","45","1","9","0","0","0","0","1.87905693054199","0","430.245849609375","57173.64453125","492.388519287109","0","98334.7578125","0","0","0","817.158752441406","858.881103515625","0","858.881103515625","9863.017578125","90275.5390625","0","0.482063442468643","0.701842248439789","0","0","57811.9921875","0","36.0829658508301","0.401072293519974","0","9","176","59","385","266","266","-1","0","177","2","65","0","45","0.400000005960464","0.0252041164785624","112","288","20459.9990565901","1023","19.9999990778007","43.3816238401567","-1.61837615984327","10"
"Laser_Zap_Ben_Aipa","45","1","10","0","0","0","0","1.6755256652832","0","498.33544921875","68406.5546875","870.07080078125","0","115799.203125","0","0","0","830.829833984375","986.634521484375","0","986.634521484375","11632.1474609375","102934.3984375","0","0.568531215190887","0.819725394248962","0","0","69338.953125","0","42.6873207092285","0.467039406299591","0","9","193","66","383","273","273","-1","0","194","2","72","0","45","0.449999988079071","0.0252041164785624","122","284","20459.9978860122","1023","19.9999979335408","43.9128182349939","-1.08718176500614","10"
"Laser_Zap_Ben_Aipa","45","1","11","0","0","0","0","1.78464078903198","0","558.838500976563","77971.7578125","1021.54412841797","0","131869.3125","0","0","0","864.969970703125","1078.63366699219","0","1078.63366699219","13249.01171875","116028.21875","0","0.647556781768799","0.932985723018646","0","0","79032.03125","0","48.6150207519531","0.486431062221527","0","9","199","69","382","276","276","-1","0","200","2","75","0","45","0.466666668653488","0.0252041164785624","137","280","20459.9999440364","1023","19.9999999452946","43.9531011867603","-1.04689881323966","10"
"Laser_Zap_Ben_Aipa","45","2","0","0","0","0","0","1.95131587982178","0","7.02148294448853","108.972343444824","0","0","527.616027832031","0","0","0","752.905517578125","16.3680953979492","0","16.3680953979492","78.3038101196289","520.604309082031","0","0.00382716557942331","0.012323628179729","0","0","115.527275085449","0","0.241633459925652","0.162682056427002","0","9","51","3","400","216","216","-1","0","52","1","15","0","22.2304935455322","0.0500000007450581","0.0504082329571247","10","391","20460.0006178536","1023","20.0000006039625","18.0926847998421","-4.13780874569013","10"
"Laser_Zap_Ben_Aipa","45","2","1","0","0","0","0","2.60823845863342","0","19.9339904785156","64.1129989624023","0","0","515.777587890625","0","0","0","311.938049316406","99.8661499023438","0","99.8661499023438","122.194046020508","517.353881835938","0","0.00597233884036541","0.0311520509421825","0","0","83.6029663085938","0","0.798035740852356","0.095232717692852","0","9","66","6","398","219","219","-1","0","67","1","18","0","13.7444667816162","0.100000001490116","0.0504082329571247","16","374","20459.9988859694","1023","19.999998911016","11.0529300437958","-2.69153673782038","10"
"Laser_Zap_Ben_Aipa","45","2","2","0","0","0","0","2.86242532730103","0","55.1424560546875","50.2945022583008","143.536773681641","0","484.313598632813","0","0","0","378.839752197266","219.056793212891","0","219.056793212891","183.134170532227","498.086761474609","0","0.00895083975046873","0.0829874277114868","0","0","248.373733520508","0","2.77014708518982","0.0350792035460472","0","9","84","13","396","226","226","-1","0","85","1","25","0","8.9504566192627","0.150000005960464","0.0504082329571247","32","357","20459.9987976141","1023","19.9999988246472","6.1918411518882","-2.7586154673745","10"
"Laser_Zap_Ben_Aipa","45","2","3","0","0","0","0","2.93954229354858","0","93.9826354980469","31.5678672790527","503.69873046875","0","442.247589111328","0","0","0","467.869415283203","307.818420410156","0","307.818420410156","217.901397705078","467.807159423828","0","0.0106501169502735","0.144018813967705","0","0","628.406005859375","0","5.42941904067993","0.0163730550557375","0","9","108","22","394","235","235","-1","0","109","0","34","0","7.48534107208252","0.200000002980232","0.0504082329571247","41","326","20460.0004603219","1023","20.0000004499725","4.24086423078825","-3.24447684129427","10"
"Laser_Zap_Ben_Aipa","45","2","4","0","0","0","0","2.69551801681519","0","149.124954223633","17.2423324584961","849.094116210938","0","383.203399658203","0","0","0","541.996765136719","420.276824951172","0","420.276824951172","268.385528564453","435.253662109375","0","0.0131175741553307","0.227788671851158","0","0","1014.33477783203","0","9.68604755401611","0.00716522242873907","0","9","127","31","394","244","244","-1","0","128","0","43","0","6.14002180099487","0.25","0.0504082329571247","53","311","20459.9970532957","1023","19.9999971195461","3.30129513105974","-2.83872666993513","10"
"Laser_Zap_Ben_Aipa","45","2","5","0","0","0","0","2.33722352981567","0","229.583389282227","9.6091833114624","967.636291503906","0","316.655212402344","0","0","0","641.189575195313","556.478637695313","0","556.478637695313","297.752380371094","444.426940917969","0","0.0145528996363282","0.356808304786682","0","0","1205.36608886719","0","16.7735271453857","0.00382675556465983","0","9","147","40","392","253","253","-1","0","148","0","52","0","4.24515295028687","0.300000011920929","0.0504082329571247","67","301","20460.0036976699","1023","20.0000036145355","2.33753272812244","-1.90762022216442","10"
"Laser_Zap_Ben_Aipa","45","2","6","0","0","0","0","1.97011125087738","0","206.690200805664","10.9026975631714","1244.28552246094","0","313.411712646484","0","0","0","534.019836425781","596.849304199219","0","596.849304199219","279.050384521484","399.647766113281","0","0.0136388260871172","0.318729370832443","0","0","1459.9189453125","0","14.8669271469116","0.00961106829345226","0","9","166","49","392","262","262","-1","0","167","0","61","0","4.60327529907227","0.349999994039536","0.0504082329571247","70","304","20460.0002037614","1023","20.0000001991803","2.45250651939046","-2.15076877968181","10"
"Laser_Zap_Ben_Aipa","45","2","7","0","0","0","0","1.47608196735382","0","339.909240722656","43193.6796875","1135.54772949219","0","74836.6640625","0","0","0","690.223999023438","776.030517578125","0","776.030517578125","7504.5908203125","66167.34375","0","0.366793245077133","0.535634875297546","0","0","44224.1171875","0","26.9286117553711","0.466540306806564","0","9","185","57","389","270","270","-1","0","186","0","69","0","45","0.400000005960464","0.0504082329571247","85","291","20460.0027973098","1023","20.0000027344182","43.2184820859356","-1.78151791406442","10"
"Laser_Zap_Ben_Aipa","45","2","8","0","0","0","0","0.885061919689178","0","334.196044921875","5.35115051269531","913.564636230469","0","229.220840454102","0","0","0","629.36474609375","833.6455078125","0","833.6455078125","115.593696594238","457.339508056641","0","0.00564974034205079","0.524667084217072","0","0","1252.05541992188","0","26.1336097717285","0.0200281478464603","0","9","203","65","388","278","278","-1","0","204","0","77","0","1.35381257534027","0.449999988079071","0.0504082329571247","96","306","20460.001627664","1023","20.0000015910694","0.616986537293741","-0.73682603804653","10"
"Laser_Zap_Ben_Aipa","45","2","9","0","0","0","0","1.75931942462921","0","71.9447784423828","29.6861915588379","1085.07312011719","0","402.290649414063","0","0","0","161.027145385742","618.753234863281","0","618.753234863281","184.939788818359","357.179290771484","0","0.00903909001499414","0.0996360704302788","0","0","1183.40661621094","0","3.983074426651","0.0669497475028038","0","9","209","68","387","281","281","-1","0","210","0","80","0","8.8002815246582","0.466666668653488","0.0504082329571247","68","332","20460.0007867583","1023","20.0000007690697","5.20509071692963","-3.59519080772857","10"
"Laser_Zap_Ben_Aipa","45","3","0","0","0","0","0","-2.4955153465271","0","5.90979480743408","263.31396484375","0","0","527.947875976563","0","0","0","61.8336791992188","175.938293457031","0","175.938293457031","86.7453536987305","521.511352539063","0","0.00423975335434079","0.0108789121732116","0","0","268.700958251953","0","0.234696328639984","0.160379335284233","0","9","101","1","400","234","234","-1","0","102","0","33","0","16.6172637939453","0.16666667163372","0.0756123512983322","22","377","20460.0000162552","1023","20.0000000158897","22.9372140515587","6.31995025761341","10"
"Laser_Zap_Ben_Aipa","45","3","1","0","0","0","0","-13.9380645751953","0","2.86132955551147","239.01774597168","9.44774150848389","0","534.090698242188","0","0","0","14.6269340515137","190.019332885742","0","190.019332885742","53.6217308044434","529.080200195313","0","0.00262080831453204","0.00277940044179559","0","0","250.300033569336","0","0.048029899597168","0.165075495839119","0","9","111","4","400","237","237","-1","0","112","1","36","0","16.8608360290527","0.183333337306976","0.0756123512983322","21","377","20459.9972104476","1023","19.9999972731648","70.551341740823","53.6905057117702","10"
"Laser_Zap_Ben_Aipa","45","3","2","0","0","0","0","-2.11922216415405","0","11.4089136123657","177.30451965332","0","0","521.759643554688","0","0","0","79.0463027954102","223.979583740234","0","223.979583740234","99.5725936889648","520.058227539063","0","0.00486669549718499","0.0177047569304705","0","0","188.252258300781","0","0.4427669942379","0.1142483279109","0","9","118","7","399","240","240","-1","0","119","0","39","0","13.2557907104492","0.200000002980232","0.0756123512983322","29","374","20460.00078422","1023","20.0000007665885","15.9549021845229","2.69911147407369","10"
"Laser_Zap_Ben_Aipa","45","3","3","0","0","0","0","0","0","1.24789071083069","11.2600555419922","19.5949897766113","0","69.1419906616211","0","0","0","0.907189786434174","268.862426757813","0","268.862426757813","12.5030012130737","56.8816604614258","0","0.000611094816122204","0.000243909249547869","0","0","31.298978805542","0","0.00284599559381604","0.461033761501312","0","9","137","15","398","248","248","-1","0","138","0","47","0","45","0.25","0.0756123512983322","17","395","20460.0020867685","1023","20.0000020398519","NaN","NaN","10"
"Laser_Zap_Ben_Aipa","45","3","4","0","0","0","0","0","0","36.6225242614746","44.5410079956055","92.1012115478516","0","483.072082519531","0","0","0","22.4737396240234","339.465606689453","0","339.465606689453","144.117568969727","505.500244140625","0","0.00704386970028281","0.00762906204909086","0","0","172.054000854492","0","3.33683228492737","0.0655287355184555","0","8","156","24","396","257","257","-1","0","157","0","56","0","8.43894958496094","0.300000011920929","0.0756123512983322","44","388","20459.9992762416","1023","19.9999992925138","67.4125504027518","58.9736008177909","10"
"Laser_Zap_Ben_Aipa","45","3","5","0","0","0","0","-20.5998840332031","0","15.2660121917725","156.206970214844","0","0","516.930541992188","0","0","0","47.8006057739258","422.209106445313","0","422.209106445313","87.1826324462891","521.158935546875","0","0.00426112581044436","0.0201818514615297","0","0","171.097503662109","0","0.654561698436737","0.0239009987562895","0","9","176","33","396","266","266","-1","0","177","0","65","0","4.14419078826904","0.349999994039536","0.0756123512983322","37","344","20459.9996162041","1023","19.999999624833","12.1889635651996","8.04477277693056","10"
"Laser_Zap_Ben_Aipa","45","3","6","0","0","0","0","1.47086274623871","0","22.9892063140869","118.973258972168","0","0","511.537292480469","0","0","0","63.6734886169434","484.314727783203","0","484.314727783203","113.27587890625","519.219116210938","0","0.00553645566105843","0.0308380108326674","0","0","141.591354370117","0","1.08459615707397","0.012502521276474","0","9","193","40","392","273","273","-1","0","194","0","72","0","6.2443585395813","0.400000005960464","0.0756123512983322","40","340","20459.9992921454","1023","19.9999993080601","10.3425888692712","4.09823032968988","10"
"Laser_Zap_Ben_Aipa","45","3","7","0","0","0","0","1.71027410030365","0","40.7847709655762","61.4454498291016","965.972900390625","0","434.391296386719","0","0","0","95.9181976318359","584.640319824219","0","584.640319824219","129.51594543457","383.248016357422","0","0.00633020279929042","0.0560776479542255","0","0","1065.37866210938","0","2.1539523601532","0.0861540734767914","0","9","212","49","392","282","282","-1","0","213","0","81","0","10.1614656448364","0.449999988079071","0.0756123512983322","49","334","20459.9993935563","1023","19.9999994071909","6.48152437155298","-3.67994127328344","10"
"Laser_Zap_Ben_Aipa","45","3","8","0","0","0","0","1.13631439208984","0","54.986743927002","39.9360427856445","1019.73779296875","0","412.93359375","0","0","0","110.487213134766","681.147705078125","0","681.147705078125","157.860397338867","358.893676757813","0","0.00771556235849857","0.0752581134438515","0","0","1111.21032714844","0","3.0324821472168","0.0745580270886421","0","9","229","58","390","291","291","-1","0","230","0","90","0","8.7963809967041","0.5","0.0756123512983322","62","336","20459.998896255","1023","19.9999989210704","5.88437896720203","-2.91200202950207","10"
"Laser_Zap_Ben_Aipa","45","4","0","0","0","0","0","-10.9752979278564","0","1.72583532333374","449.060394287109","0","0","423.929504394531","0","0","0","4.37454795837402","496.990997314453","0","496.990997314453","50.6841926574707","400.783721923828","0","0.00247723353095353","0.00217411085031927","0","0","450.146392822266","0","0.0686706751585007","0.327903419733047","0","9","203","8","397","278","278","-1","0","204","0","77","0","45","0.400000005960464","0.100816465914249","8","397","20459.9978258657","1023","19.9999978747465","NaN","NaN","10"
"Laser_Zap_Ben_Aipa","45","4","1","0","0","0","0","1.36293125152588","0","32.7672309875488","75.4464874267578","600.015991210938","0","478.817810058594","0","0","0","70.7734069824219","625.276245117188","0","625.276245117188","118.187934875488","463.134155273438","0","0.00577653665095568","0.0442529320716858","0","0","707.223510742188","0","1.65982139110565","0.0688892528414726","0","9","221","17","397","287","287","-1","0","222","0","86","0","9.69467353820801","0.449999988079071","0.100816465914249","59","347","20459.9991338989","1023","19.9999991533713","7.5004834219991","-2.19419011620891","10"
"Laser_Zap_Ben_Aipa","45","4","2","0","0","0","0","0.727607786655426","0","52.705982208252","45.615592956543","989.238891601563","0","420.820495605469","0","0","0","102.094390869141","722.095153808594","0","722.095153808594","150.601181030273","371.888244628906","0","0.00736076198518276","0.0737218633294106","0","0","1084.36157226563","0","2.90115451812744","0.0761311203241348","0","9","239","26","395","296","296","-1","0","240","0","95","0","8.92748546600342","0.5","0.100816465914249","68","342","20459.9987519545","1023","19.9999987800142","5.73024682527119","-3.19723864073223","10"
"Laser_Zap_Ben_Aipa","45","4","3","0","0","0","0","-0.134785696864128","0","53.3162231445313","46.6536102294922","1065.53845214844","0","414.360717773438","0","0","0","92.7940979003906","806.158447265625","0","806.158447265625","144.895156860352","359.869201660156","0","0.00708187464624643","0.0748067423701286","0","0","1161.74560546875","0","2.97106742858887","0.0842645317316055","0","9","258","36","396","306","306","-1","0","259","0","105","0","8.49318790435791","0.550000011920929","0.100816465914249","63","346","20460.0002256676","1023","20.0000002205939","5.43226506366405","-3.06092284069386","10"
"Laser_Zap_Ben_Aipa","45","4","4","0","0","0","0","-1.31389403343201","0","80.7984313964844","21.1201038360596","1286.70971679688","0","376.987121582031","0","0","0","120.243049621582","946.203430175781","0","946.203430175781","177.194488525391","323.596862792969","0","0.00866053346544504","0.113774381577969","0","0","1383.44213867188","0","4.8656268119812","0.0813250169157982","0","9","276","45","394","315","315","-1","0","277","0","114","0","5.84687757492065","0.600000023841858","0.100816465914249","62","339","20459.9969773669","1023","19.9999970453245","4.36559129513909","-1.48128627978156","10"
"Laser_Zap_Ben_Aipa","45","4","5","0","0","0","0","-2.01583170890808","0","44.2285003662109","49.7358093261719","917.421875","0","411.591186523438","0","0","0","60.7900772094727","968.390014648438","0","968.390014648438","142.161392211914","335.314727783203","0","0.00694825919345021","0.0588685013353825","0","0","1006.19061279297","0","2.32516002655029","0.147940054535866","0","9","293","55","395","325","325","-1","0","294","0","124","0","10.2142066955566","0.649999976158142","0.100816465914249","55","362","20460.0013116843","1023","20.0000012821939","6.77843138603163","-3.43577530952501","10"
"Laser_Zap_Ben_Aipa","45","4","6","0","0","0","0","-3.37635731697083","0","147.94499206543","14.4253978729248","889.036193847656","0","343.917785644531","0","0","0","185.3603515625","1140.22888183594","0","1140.22888183594","228.669067382813","364.036376953125","0","0.0111763952299953","0.211353227496147","0","0","1047.93603515625","0","10.0599365234375","0.0222346298396587","0","9","300","59","395","329","329","-1","0","301","0","128","0","2.52188229560852","0.666666626930237","0.100816465914249","105","346","20460.0018769119","1023","20.0000018347135","3.03122457696468","0.509342281356164","10"
"Laser_Zap_Ben_Aipa","5","0","0","0","0","0","0","-0.0355550907552242","0","34.8545875549316","40.607723236084","0","0","504.84375","0","0","0","348.978668212891","172.044326782227","0","172.044326782227","162.192413330078","514.579895019531","0","0.00792729295790195","0.0600397996604443","0","0","75.0271072387695","0","1.55208373069763","-0.0376387350261211","0","9","179","2","386","201","201","-1","0","180","0","0","0","9.59597682952881","0.0333333350718021","0","18","381","20459.9999257507","1023","19.99999992742","7.5871433201477","-2.00883350938111","10"
"Laser_Zap_Ben_Aipa","5","0","1","0","0","0","0","0.456455737352371","0","34.6711730957031","40.5941009521484","0","0","504.888916015625","0","0","0","354.093566894531","173.742553710938","0","173.742553710938","162.090347290039","514.620178222656","0","0.00792230479419231","0.0615211166441441","0","0","74.8315887451172","0","1.54256308078766","-0.0337258018553257","0","9","182","3","386","202","202","-1","0","183","0","1","0","9.61853408813477","0.0500000007450581","0","21","385","20459.9988893212","1023","19.9999989142925","7.39873720389142","-2.21979688424335","10"
"Laser_Zap_Ben_Aipa","5","0","2","0","0","0","0","1.30438280105591","0","83.6376266479492","22.0749912261963","0","0","467.038604736328","0","0","0","357.104248046875","405.666931152344","0","405.666931152344","250.657653808594","509.975158691406","0","0.0122511079534888","0.14486537873745","0","0","105.348030090332","0","5.05521202087402","-0.00684514082968235","0","9","183","4","382","203","203","-1","0","184","0","2","0","6.82464408874512","0.100000001490116","0","38","368","20459.9987821683","1023","19.9999988095487","4.85123609292263","-1.97340799582249","10"
"Laser_Zap_Ben_Aipa","5","0","3","0","0","0","0","1.85849213600159","0","137.094055175781","14.2805213928223","0","0","416.142028808594","0","0","0","373.188446044922","641.569580078125","0","641.569580078125","308.728759765625","507.374603271484","0","0.0150893814861774","0.239426344633102","0","0","151.068283081055","0","9.99693489074707","-0.00613725138828158","0","9","185","5","374","204","204","-1","0","186","0","3","0","5.96734380722046","0.150000005960464","0","56","351","20460.0009648132","1023","20.0000009431214","3.61335002217763","-2.35399378504282","10"
"Laser_Zap_Ben_Aipa","5","0","4","0","0","0","0","2.25139951705933","0","195.997329711914","8.85519123077393","24.1594161987305","0","354.651153564453","0","0","0","395.584625244141","884.888977050781","0","884.888977050781","335.317108154297","511.115478515625","0","0.0163889117538929","0.35004848241806","0","0","228.657974243164","0","16.3103866577148","-0.00583647005259991","0","9","188","6","364","205","205","-1","0","189","0","4","0","5.45719623565674","0.200000002980232","0","73","332","20459.9983934045","1023","19.9999984295254","2.68351082261561","-2.77368541304113","10"
"Laser_Zap_Ben_Aipa","5","0","5","0","0","0","0","2.32274532318115","0","252.103378295898","6.07001638412476","0","0","285.567108154297","0","0","0","435.751525878906","1067.74853515625","0","1067.74853515625","348.527740478516","506.362945556641","0","0.0170345921069384","0.465273052453995","0","0","257.97802734375","0","22.9574203491211","-0.00615356909111142","0","9","190","7","356","206","206","-1","0","191","0","5","0","5.01889276504517","0.25","0","89","317","20459.9991764145","1023","19.9999991949311","2.09818386255116","-2.92070890249401","10"
"Laser_Zap_Ben_Aipa","5","0","6","0","0","0","0","2.37180185317993","0","319.104583740234","3.33069944381714","0","0","206.838500976563","0","0","0","477.895233154297","1252.37939453125","0","1252.37939453125","334.786346435547","507.565368652344","0","0.0163629688322544","0.598506152629852","0","0","322.297241210938","0","30.8617877960205","-0.00305018201470375","0","9","192","8","346","207","207","-1","0","193","0","6","0","4.48774909973145","0.300000011920929","0","106","300","20460.0002522538","1023","20.0000002465824","1.56664371625793","-2.92110538347352","10"
"Laser_Zap_Ben_Aipa","5","0","7","0","0","0","0","2.30734324455261","0","378.487426757813","-2.09489059448242","0","0","156.539733886719","0","0","0","497.619140625","1438.68701171875","0","1438.68701171875","-319.474090576172","542.750915527344","0","-0.0156145701184869","0.715918183326721","0","0","376.285949707031","0","37.6269569396973","-0.00530979875475168","0","9","195","10","339","209","209","-1","0","196","0","8","0","1.41981911659241","0.349999994039536","0","119","284","20459.999100323","1023","19.9999991205503","-1.24975160522264","-2.66957072181504","10"
"Laser_Zap_Ben_Aipa","5","0","8","0","0","0","0","2.00006198883057","0","463.141967773438","-0.391942262649536","76.0441360473633","0","56.4759864807129","0","0","0","509.907836914063","1747.45458984375","0","1747.45458984375","-190.15544128418","533.411193847656","0","-0.00929400976747274","0.891040802001953","0","0","538.751342773438","0","47.1323432922363","-0.00517669040709734","0","9","197","11","329","210","210","-1","0","198","0","9","0","1.58138728141785","0.400000005960464","0","139","261","20460.0001551201","1023","20.0000001516325","-0.597635031540083","-2.17902231295793","10"
"Laser_Zap_Ben_Aipa","5","0","9","0","0","0","0","1.87239265441895","0","491.997467041016","70162","65.9901123046875","0","129811.375","0","0","0","522.532897949219","1816.51550292969","0","1816.51550292969","13012.333984375","126796.8671875","0","0.63598895072937","0.949189007282257","0","0","70568.1171875","0","49.9421920776367","-0.220479696989059","0","9","198","11","326","210","210","-1","0","199","1","9","0","45","0.416666686534882","0","147","254","20460.0000824733","1023","20.000000080619","42.0696869319232","-2.93031306807679","10"
"Laser_Zap_Ben_Aipa","5","1","0","0","0","0","0","-0.775864124298096","0","3.81361746788025","163.106185913086","0","0","524.665344238281","0","0","0","222.444686889648","57.907772064209","0","57.907772064209","60.7452392578125","521.774963378906","0","0.00296897534281015","0.0128812761977315","0","0","166.415084838867","0","0.117061704397202","0.0911964178085327","0","9","193","1","394","208","208","-1","0","194","0","7","0","29.2708435058594","0.0166666675359011","0.0252041164785624","21","394","20460.0012610131","1023","20.0000012326619","13.3257846051906","-15.9450589006687","10"
"Laser_Zap_Ben_Aipa","5","1","1","0","0","0","0","0.0541796423494816","0","14.4926786422729","72.0834655761719","0","0","525.696960449219","0","0","0","246.215469360352","118.187934875488","0","118.187934875488","107.550270080566","518.49658203125","0","0.00525661185383797","0.0290996972471476","0","0","86.1175537109375","0","0.547797203063965","0.187089800834656","0","9","194","1","393","208","208","-1","0","195","0","7","0","14.3184623718262","0.0333333350718021","0.0252041164785624","19","389","20459.9983926988","1023","19.9999984288356","10.4071251506789","-3.91133722114729","10"
"Laser_Zap_Ben_Aipa","5","1","2","0","0","0","0","0.407228469848633","0","24.1137542724609","51.5231132507324","0","0","517.562072753906","0","0","0","244.603744506836","178.166473388672","0","178.166473388672","136.953201293945","516.414367675781","0","0.00669370451942086","0.0435801856219769","0","0","75.186897277832","0","1.02593576908112","0.163214936852455","0","9","194","1","392","208","208","-1","0","195","0","7","0","11.6512823104858","0.0500000007450581","0.0252041164785624","21","383","20460.001019853","1023","20.0000009969237","8.83532762547908","-2.81595468500676","10"
"Laser_Zap_Ben_Aipa","5","1","3","0","0","0","0","1.19154512882233","0","60.1329078674316","29.4531764984131","0","0","491.083923339844","0","0","0","279.607025146484","360.556610107422","0","360.556610107422","212.447662353516","511.952362060547","0","0.0103835621848702","0.100814156234264","0","0","89.183349609375","0","3.31660532951355","0.151427015662193","0","9","197","3","389","210","210","-1","0","198","0","9","0","8.10229682922363","0.100000001490116","0.0252041164785624","24","356","20459.9980787971","1023","19.9999981219913","5.91178083544374","-2.19051599377989","10"
"Laser_Zap_Ben_Aipa","5","1","4","0","0","0","0","1.79855275154114","0","142.21354675293","15.5051298141479","28.4152336120605","0","415.354431152344","0","0","0","392.179992675781","605.407897949219","0","605.407897949219","297.921051025391","506.609558105469","0","0.014561147429049","0.23742887377739","0","0","185.814468383789","0","10.1247711181641","0.0653178319334984","0","9","199","4","381","211","211","-1","0","200","0","10","0","6.02987718582153","0.150000005960464","0.0252041164785624","30","314","20459.9982574895","1023","19.9999982966662","3.51606855835946","-2.51380862746207","10"
"Laser_Zap_Ben_Aipa","5","1","5","0","0","0","0","2.17983531951904","0","200.794372558594","10.1729202270508","59.6913414001465","0","353.204986572266","0","0","0","402.359497070313","851.964660644531","0","851.964660644531","330.310546875","504.149475097656","0","0.0161442086100578","0.342796057462692","0","0","270.390228271484","0","16.1415615081787","0.0444317311048508","0","9","201","5","371","212","212","-1","0","202","0","11","0","5.3942723274231","0.200000002980232","0.0252041164785624","42","295","20460.0023979631","1023","20.00000234405","2.69938127447305","-2.69489105295005","10"
"Laser_Zap_Ben_Aipa","5","1","6","0","0","0","0","2.32960176467896","0","248.023803710938","6.96285438537598","155.168762207031","0","299.364898681641","0","0","0","443.2021484375","978.409057617188","0","978.409057617188","343.808471679688","500.023620605469","0","0.0168039295822382","0.433632969856262","0","0","409.912475585938","0","21.2877597808838","0.0380570814013481","0","9","203","6","363","213","213","-1","0","204","0","12","0","4.96293973922729","0.25","0.0252041164785624","53","282","20460.0043101284","1023","20.0000042132242","2.22085354034716","-2.74208619888013","10"
"Laser_Zap_Ben_Aipa","5","1","7","0","0","0","0","2.51097416877747","0","289.852905273438","4.86204385757446","148.355987548828","0","249.511413574219","0","0","0","440.928497314453","1171.56005859375","0","1171.56005859375","346.335235595703","499.706756591797","0","0.0169274304062128","0.516574203968048","0","0","442.859375","0","26.23756980896","0.0396582074463367","0","9","205","7","353","214","214","-1","0","206","0","13","0","4.54765033721924","0.300000011920929","0.0252041164785624","64","273","20460.0005603089","1023","20.0000005477115","1.87784048375897","-2.66980985346027","10"
"Laser_Zap_Ben_Aipa","5","1","8","0","0","0","0","2.58134651184082","0","306.793029785156","4.49073028564453","0","0","229.990585327148","0","0","0","442.223266601563","1256.51818847656","0","1256.51818847656","338.756591796875","506.704895019531","0","0.0165570173412561","0.555661618709564","0","0","311.121765136719","0","28.5409736633301","0.0504282675683498","0","9","207","8","345","215","215","-1","0","208","0","14","0","4.19289445877075","0.349999994039536","0.0252041164785624","65","265","20460.0010264394","1023","20.000001003362","1.7074919091667","-2.48540254960405","10"
"Laser_Zap_Ben_Aipa","5","1","9","0","0","0","0","2.25692510604858","0","419.515777587891","59271.2421875","0","0","108533.5390625","0","0","0","475.722961425781","1639.67333984375","0","1639.67333984375","10884.759765625","56449.97265625","0","0.532001852989197","0.780030250549316","0","0","59576.640625","0","41.2907371520996","1.02667260169983","0","8","209","9","335","216","216","-1","0","210","0","15","0","45","0.400000005960464","0.0252041164785624","85","239","20460.0034839466","1023","20.0000034056174","43.0022595121197","-1.99774048788031","10"
"Laser_Zap_Ben_Aipa","5","1","10","0","0","0","0","1.77996623516083","0","450.629089355469","67275.40625","0","0","119960.6875","0","0","0","453.951385498047","1896.27172851563","0","1896.27172851563","12020.595703125","45600.73046875","0","0.587516844272614","0.860815167427063","0","0","67600.140625","0","44.7007789611816","1.18383812904358","0","6","211","10","327","217","217","-1","0","212","0","16","0","45","0.449999988079071","0.0252041164785624","75","227","20460.0018200454","1023","20.0000017791255","43.0402669507356","-1.95973304926441","10"
"Laser_Zap_Ben_Aipa","5","1","11","0","0","0","0","1.13977706432343","0","476.994842529297","73911.40625","0","0","129495.1484375","0","0","0","423.500854492188","2138.54565429688","0","2138.54565429688","12971.39453125","38610.41015625","0","0.63398802280426","0.905675947666168","0","0","74252.796875","0","47.0119743347168","1.27105116844177","0","6","212","11","324","218","218","-1","0","213","0","17","0","45","0.466666668653488","0.0252041164785624","70","222","20459.9993449006","1023","19.9999993596291","44.4283225665589","-0.571677433441089","10"
"Laser_Zap_Ben_Aipa","5","2","0","0","0","0","0","0.0533997416496277","0","5.12309503555298","477.7041015625","0","0","972.826965332031","0","0","0","75.5928344726563","104.400581359863","0","104.400581359863","98.3915252685547","521.952392578125","0","0.00480896979570389","0.00789193622767925","0","0","481.588104248047","0","0.15273879468441","1.00415766239166","0","9","207","2","399","215","215","-1","0","208","0","14","0","41.0454864501953","0.0500000007450581","0.0504082329571247","6","390","20460.0006754988","1023","20.0000006603116","37.54268956233","-3.50279688786536","10"
"Laser_Zap_Ben_Aipa","5","2","1","0","0","0","0","1.60922431945801","0","24.8722610473633","58.2643356323242","0","0","567.238464355469","0","0","0","119.50032043457","319.487365722656","0","319.487365722656","146.125793457031","516.736450195313","0","0.00714202364906669","0.0381788425147533","0","0","82.6467742919922","0","1.09997093677521","0.452695071697235","0","9","209","3","395","216","216","-1","0","210","1","15","0","12.9851045608521","0.100000001490116","0.0504082329571247","13","362","20459.9985434278","1023","19.9999985761757","10.7817006895079","-2.20340387134418","10"
"Laser_Zap_Ben_Aipa","5","2","2","0","0","0","0","2.15866303443909","0","61.4274978637695","30.5425415039063","30.2074069976807","0","498.328308105469","0","0","0","210.679458618164","471.579345703125","0","471.579345703125","214.133651733398","509.029724121094","0","0.0104659646749496","0.0993520766496658","0","0","121.727615356445","0","3.5166380405426","0.256733536720276","0","9","211","4","387","217","217","-1","0","212","1","16","0","8.96938133239746","0.150000005960464","0.0504082329571247","21","325","20460.0013839077","1023","20.0000013527934","6.04688127783462","-2.92250005456284","10"
"Laser_Zap_Ben_Aipa","5","2","3","0","0","0","0","2.66943621635437","0","114.024963378906","19.2688751220703","0","0","445.675109863281","0","0","0","276.232635498047","679.994262695313","0","679.994262695313","278.177551269531","508.660339355469","0","0.0135961659252644","0.187836602330208","0","0","132.946105957031","0","7.83980846405029","0.180619552731514","0","9","213","5","377","218","218","-1","0","214","0","17","0","6.97416353225708","0.200000002980232","0.0504082329571247","27","299","20459.9997380602","1023","19.9999997439493","4.15086698007106","-2.82329655218602","10"
"Laser_Zap_Ben_Aipa","5","2","4","0","0","0","0","2.96308946609497","0","164.473693847656","13.4242448806763","0","0","394.93408203125","0","0","0","309.443511962891","883.030395507813","0","883.030395507813","317.272094726563","506.789001464844","0","0.0155069446191192","0.273248016834259","0","0","177.598114013672","0","12.5453042984009","0.153888881206512","0","9","215","6","369","219","219","-1","0","216","0","18","0","5.85912990570068","0.25","0.0504082329571247","31","281","20460.0005042505","1023","20.0000004929135","3.25330833099013","-2.60582157471055","10"
"Laser_Zap_Ben_Aipa","5","2","5","0","0","0","0","3.15812206268311","0","208.567962646484","10.207612991333","89.3534469604492","0","345.682739257813","0","0","0","342.342376708984","1043.20471191406","0","1043.20471191406","330.325164794922","501.911865234375","0","0.0161449238657951","0.35713317990303","0","0","307.843597412109","0","16.989652633667","0.119281955063343","0","9","219","9","361","222","222","-1","0","220","0","21","0","5.04947662353516","0.300000011920929","0.0504082329571247","37","273","20460.0013936736","1023","20.0000013623397","2.59105403094142","-2.45842259259374","10"
"Laser_Zap_Ben_Aipa","5","2","6","0","0","0","0","3.02851915359497","0","311.439544677734","4.59155082702637","0","0","230.075775146484","0","0","0","409.784759521484","1356.66455078125","0","1356.66455078125","339.502532958984","506.707916259766","0","0.0165934730321169","0.555940449237823","0","0","315.869262695313","0","28.5371360778809","0.0541776642203331","0","9","224","13","356","226","226","-1","0","225","0","25","0","4.13434934616089","0.349999994039536","0.0504082329571247","75","275","20460.0045030882","1023","20.0000044018458","1.71039395005731","-2.42395539610358","10"
"Laser_Zap_Ben_Aipa","5","2","7","0","0","0","0","3.25934982299805","0","233.61149597168","10.318585395813","0","0","320.962524414063","0","0","0","330.8046875","1216.61804199219","0","1216.61804199219","317.770935058594","507.464538574219","0","0.0155313247814775","0.402462959289551","0","0","243.696090698242","0","19.8035831451416","0.14131087064743","0","9","228","16","348","230","229","-1","0","229","0","28","0","4.26361608505249","0.400000005960464","0.0504082329571247","43","268","20460.0019334838","1023","20.0000018900135","2.21163309564737","-2.05198298940512","10"
"Laser_Zap_Ben_Aipa","5","2","8","0","0","0","0","1.78985452651978","0","344.580657958984","51454.953125","0","0","90431.5078125","0","0","0","330.226470947266","1933.2373046875","0","1933.2373046875","9060.7294921875","23889.01953125","0","0.442850857973099","0.638406157493591","0","0","51701.85546875","0","32.5985946655273","1.30648648738861","0","6","233","20","343","236","233","-1","0","235","0","32","0","45","0.449999988079071","0.0504082329571247","46","244","20460.0021182253","1023","20.0000020706015","43.9222843537248","-1.07771564627524","10"
"Laser_Zap_Ben_Aipa","5","2","9","0","0","0","0","1.02381885051727","0","360.45458984375","1.24086511135101","-253.013305664063","0","184.40966796875","0","0","0","313.340118408203","2147.96801757813","0","2147.96801757813","23.858154296875","539.590576171875","0","0.00116608757525682","0.673044562339783","0","0","614.469055175781","0","34.7074851989746","0.0408028662204742","0","6","234","21","340","237","234","-1","0","236","0","33","0","0.723267078399658","0.466666668653488","0.0504082329571247","46","241","20460.0021500275","1023","20.0000021016887","0.0992682129823769","-0.623998865417281","10"
"Laser_Zap_Ben_Aipa","5","3","0","0","0","0","0","-2.45441150665283","0","1.58111298084259","347.632202148438","0","0","447.491821289063","0","0","0","6.80040979385376","409.90087890625","0","409.90087890625","47.349437713623","148.945617675781","0","0.00231424439698458","0.00278749386779964","0","0","348.653686523438","0","0.0480727851390839","1.23168218135834","0","9","233","0","399","236","233","-1","0","235","1","32","0","45","0.16666667163372","0.0756123512983322","18","376","20459.9988554876","1023","19.9999988812196","56.1217557848944","11.1217557848944","10"
"Laser_Zap_Ben_Aipa","5","3","1","0","0","0","0","-2.83782935142517","0","1.27510762214661","369.115844726563","0","0","351.465057373047","0","0","0","5.04355144500732","434.383544921875","0","434.383544921875","41.7204475402832","114.81649017334","0","0.00203912239521742","0.00219083577394485","0","0","369.89453125","0","0.0373919196426868","1.23816907405853","0","9","235","2","398","239","235","-1","0","238","0","34","0","45","0.183333337306976","0.0756123512983322","18","376","20460.0016350832","1023","20.0000015983218","68.5521738216808","23.5521738216808","10"
"Laser_Zap_Ben_Aipa","5","3","2","0","0","0","0","-11.1280403137207","0","0.732857406139374","297.257293701172","0","0","212.594329833984","0","0","0","2.49983501434326","436.297424316406","0","436.297424316406","27.7955169677734","68.1981353759766","0","0.00135852966923267","0.00109067163430154","0","0","297.614562988281","0","0.0167405344545841","1.24406838417053","0","9","236","3","395","240","236","-1","0","239","0","35","0","45","0.200000002980232","0.0756123512983322","16","378","20459.9999523552","1023","19.9999999534264","NaN","NaN","10"
"Laser_Zap_Ben_Aipa","5","3","3","0","0","0","0","-3.81888842582703","0","1.35647928714752","382.511169433594","0","0","383.992767333984","0","0","0","4.46602487564087","495.948547363281","0","495.948547363281","44.1731033325195","122.286605834961","0","0.00215899827890098","0.00221491837874055","0","0","383.3212890625","0","0.0394427850842476","1.24684584140778","0","9","240","7","390","245","240","-1","0","244","0","39","0","45","0.25","0.0756123512983322","21","374","20459.9993266347","1023","19.9999993417739","77.0978714555012","32.0978714555012","10"
"Laser_Zap_Ben_Aipa","5","3","4","0","0","0","0","0","0","0.470621109008789","303.727966308594","0","0","48.2107048034668","0","0","0","0.860089838504791","526.668518066406","0","526.668518066406","17.6731910705566","14.8821973800659","0","0.000863792316522449","0.000452982232673094","0","0","303.876586914063","0","0.00559700140729547","1.25521373748779","0","9","244","11","383","251","244","-1","0","250","0","43","0","45","0.300000011920929","0.0756123512983322","11","383","20460.0003177932","1023","20.0000003106483","NaN","NaN","10"
"Laser_Zap_Ben_Aipa","5","3","5","0","0","0","0","0","0","104.314033508301","17246.810546875","0","0","29442.142578125","0","0","0","NaN","0","0","0","2944.21435546875","29470.29296875","0","0.143900990486145","0.00336551596410573","0","0","17320.5703125","0","10.1548328399658","0","0","-1","248","15","378","256","248","-1","0","255","-1","47","0","45","0.349999994039536","0.0756123512983322","16","378","20460.0006262794","1023","20.0000006121988","NaN","NaN","10"
"Laser_Zap_Ben_Aipa","5","3","6","0","0","0","0","3.85172033309937","0","118.665115356445","20.8002777099609","0","0","458.626525878906","0","0","0","168.740951538086","1129.73254394531","0","1129.73254394531","286.072387695313","509.35302734375","0","0.013982031494379","0.19063213467598","0","0","139.1171875","0","8.49100875854492","0.340886861085892","0","9","252","19","371","261","252","-1","0","260","0","51","0","6.54202890396118","0.400000005960464","0.0756123512983322","47","297","20460.0016678776","1023","20.0000016303789","4.20617107373239","-2.33585783022879","10"
"Laser_Zap_Ben_Aipa","5","3","7","0","0","0","0","3.29142594337463","0","173.700469970703","15.9363861083984","0","0","386.954986572266","0","0","0","208.447540283203","1427.31213378906","0","1427.31213378906","298.3623046875","508.976379394531","0","0.0145827122032642","0.297519713640213","0","0","189.357879638672","0","14.0622863769531","0.237015604972839","0","8","256","23","366","266","256","-1","0","265","0","55","0","4.66776657104492","0.449999988079071","0.0756123512983322","56","287","20460.0008920641","1023","20.0000008720079","2.80943668827541","-1.85832988276952","10"
"Laser_Zap_Ben_Aipa","5","3","8","0","0","0","0","3.73256993293762","0","39.4351119995117","66.4179153442383","34.7099494934082","0","716.822204589844","0","0","0","68.0908355712891","853.784973144531","0","853.784973144531","209.985504150391","510.722045898438","0","0.0102632204070687","0.0581349283456802","0","0","139.736419677734","0","2.37383151054382","0.809874176979065","0","9","260","27","359","271","260","-1","0","270","0","59","0","12.1886558532715","0.5","0.0756123512983322","27","311","20460.0014246761","1023","20.0000013926452","10.1683686347321","-2.02028721853943","10"
"Laser_Zap_Ben_Aipa","5","4","0","0","0","0","0","3.87460541725159","0","72.6380767822266","31.9785957336426","0","0","539.730651855469","0","0","0","92.1024627685547","1204.89721679688","0","1204.89721679688","244.725616455078","512.045593261719","0","0.0119611723348498","0.110973991453648","0","0","104.186813354492","0","4.51727390289307","0.500756621360779","0","9","271","1","394","287","271","-1","0","286","0","70","0","8.78769588470459","0.383333325386047","0.100816465914249","60","324","20460.0025485838","1023","20.0000024912843","6.18756292549507","-2.60013295920952","10"
"Laser_Zap_Ben_Aipa","5","4","1","0","0","0","0","3.87460541725159","0","68.7919540405273","33.5979919433594","0","0","550.031616210938","0","0","0","84.9930419921875","1204.89721679688","0","1204.89721679688","240.793594360352","512.391784667969","0","0.0117689929902554","0.102407872676849","0","0","101.950408935547","0","4.23499631881714","0.523135364055634","0","9","271","1","390","287","271","-1","0","286","0","70","0","9.08584976196289","0.400000005960464","0.100816465914249","59","324","20459.9998113455","1023","19.999999815587","6.59916818565742","-2.48668157630547","10"
"Laser_Zap_Ben_Aipa","5","4","2","0","0","0","0","4.1004056930542","0","25.7532405853271","96.7934036254883","0","0","792.505187988281","0","0","0","33.5114326477051","1057.9306640625","0","1057.9306640625","177.739105224609","518.099182128906","0","0.00868715159595013","0.035452775657177","0","0","121.871032714844","0","1.35846292972565","0.87467086315155","0","9","272","2","382","290","272","-1","0","289","0","71","0","15.813175201416","0.449999988079071","0.100816465914249","40","336","20459.9981088703","1023","19.9999981513884","14.1838713922533","-1.62930380916271","10"
"Laser_Zap_Ben_Aipa","5","4","3","0","0","0","0","3.85196590423584","0","38.367805480957","66.3649139404297","35.7431602478027","0","710.935241699219","0","0","0","43.5818672180176","1273.67993164063","0","1273.67993164063","206.037017822266","510.346801757813","0","0.0100702354684472","0.0555093511939049","0","0","139.627670288086","0","2.26908659934998","0.800268471240997","0","9","273","3","372","293","273","-1","0","292","0","72","0","12.4640579223633","0.5","0.100816465914249","42","326","20460.0000136874","1023","20.0000000133797","10.4521975431715","-2.0118603791918","10"
"Laser_Zap_Ben_Aipa","5","4","4","0","0","0","0","3.36635231971741","0","49.7954902648926","58.128776550293","38.6064567565918","0","684.711547851563","0","0","0","51.7330474853516","1418.22998046875","0","1418.22998046875","228.219940185547","510.762512207031","0","0.0111544448882341","0.0733693540096283","0","0","145.845825195313","0","3.09341239929199","0.779290020465851","0","9","278","8","368","299","278","-1","0","298","0","77","0","10.1494550704956","0.550000011920929","0.100816465914249","47","323","20459.9998002838","1023","19.999999804774","8.7446663972356","-1.40478867326001","10"
"Laser_Zap_Ben_Aipa","5","4","5","0","0","0","0","2.67438793182373","0","61.5407524108887","44.8564529418945","16.8670272827148","0","617.734191894531","0","0","0","58.3261528015137","1611.28674316406","0","1611.28674316406","241.474822998047","512.452514648438","0","0.0118022887036204","0.0939801558852196","0","0","122.749588012695","0","4.08341312408447","0.685929656028748","0","8","279","9","365","301","279","-1","0","300","0","78","0","8.49276351928711","0.566666662693024","0.100816465914249","49","317","20459.9996714174","1023","19.9999996788048","7.21441142652907","-1.27835209275804","10"
"Laser_Zap_Ben_Aipa","60","0","0","0","0","0","0","2.21086955070496","0","29.0081310272217","46.9670639038086","0","0","508.375610351563","0","0","0","636.870788574219","78.7677917480469","0","78.7677917480469","147.322372436523","515.641296386719","0","0.00720050698146224","0.0501649081707001","0","0","75.5395965576172","0","1.27390623092651","0.0472363047301769","0","9","35","8","399","215","215","-1","0","36","0","14","0","11.3356885910034","0.0500000007450581","0.0252041164785624","28","386","20459.9999438659","1023","19.999999945128","8.25255417353735","-3.08313441746607","10"
"Laser_Zap_Ben_Aipa","60","0","1","0","0","0","0","2.32806921005249","0","72.3824920654297","28.6158981323242","131.635070800781","0","475.227478027344","0","0","0","749.537170410156","149.529235839844","0","149.529235839844","216.60041809082","502.183441162109","0","0.0105865318328142","0.112077720463276","0","0","232.151763916016","0","3.86856746673584","0.028045654296875","0","9","49","11","397","218","218","-1","0","50","0","17","0","7.72308206558228","0.100000001490116","0.0252041164785624","32","358","20459.9978077279","1023","19.9999978570165","5.42007105863849","-2.30301100694378","10"
"Laser_Zap_Ben_Aipa","60","0","2","0","0","0","0","2.56883382797241","0","121.975448608398","21.1890316009521","463.531616210938","0","427.663726806641","0","0","0","872.87158203125","217.376251220703","0","217.376251220703","254.343765258789","479.348693847656","0","0.0124312695115805","0.189741551876068","0","0","606.016967773438","0","7.48128700256348","0.0372382886707783","0","9","67","18","395","225","225","-1","0","68","0","24","0","6.10158491134644","0.150000005960464","0.0252041164785624","40","328","20459.9992801904","1023","19.9999992963738","3.75652993420747","-2.34505497713897","10"
"Laser_Zap_Ben_Aipa","60","0","3","0","0","0","0","1.87257301807404","0","220.785766601563","11.3596305847168","695.893920898438","0","337.26220703125","0","0","0","947.859252929688","368.327178955078","0","368.327178955078","307.875213623047","463.370727539063","0","0.0150476656854153","0.349122315645218","0","0","927.407958984375","0","15.7110557556152","0.0530697740614414","0","9","88","28","394","235","235","-1","0","89","2","34","0","3.89835643768311","0.200000002980232","0.0252041164785624","65","316","20459.9982521841","1023","19.9999982914801","2.47029434619665","-1.42806209148646","10"
"Laser_Zap_Ben_Aipa","60","0","4","0","0","0","0","1.85758602619171","0","254.012069702148","6.73953485488892","944.148071289063","0","320.365783691406","0","0","0","930.667785644531","434.639587402344","0","434.639587402344","292.043060302734","492.846954345703","0","0.0142738549038768","0.404505044221878","0","0","1203.38500976563","0","18.8659572601318","0.0559707395732403","0","9","107","37","394","244","244","-1","0","108","2","43","0","3.46819806098938","0.25","0.0252041164785624","83","320","20459.9992272175","1023","19.9999992445919","2.02222800216562","-1.44597005882376","10"
"Laser_Zap_Ben_Aipa","60","0","5","0","0","0","0","1.90635550022125","0","278.923156738281","5.88629388809204","1190.18603515625","0","295.844024658203","0","0","0","943.71142578125","474.212158203125","0","474.212158203125","280.677276611328","488.907958984375","0","0.0137183414772153","0.447519421577454","0","0","1473.44580078125","0","21.1025714874268","0.0517001487314701","0","9","114","40","393","247","247","-1","0","115","3","46","0","3.08165287971497","0.266666680574417","0.0252041164785624","91","317","20460.0007280401","1023","20.0000007116717","1.75663035600096","-1.325022523714","10"
"Laser_Zap_Ben_Aipa","60","1","0","0","0","0","0","2.29828810691833","0","8.09340572357178","97.8621063232422","0","0","520.591796875","0","0","0","769.574768066406","17.940990447998","0","17.940990447998","82.6340866088867","520.222778320313","0","0.00403881119564176","0.0138069335371256","0","0","105.499450683594","0","0.281558692455292","0.0452829003334045","0","9","39","3","400","216","216","-1","0","40","1","15","0","20.8793773651123","0.0500000007450581","0.0504082329571247","11","391","20460.0023635807","1023","20.0000023104406","17.0089154660563","-3.87046189905605","10"
"Laser_Zap_Ben_Aipa","60","1","1","0","0","0","0","2.35733795166016","0","38.9145698547363","41.4050903320313","0","0","501.733612060547","0","0","0","741.632751464844","81.5851974487305","0","81.5851974487305","167.595611572266","514.199035644531","0","0.00819137878715992","0.0605062581598759","0","0","79.8948516845703","0","1.80739378929138","0.000360600999556482","0","9","53","6","398","219","219","-1","0","54","1","18","0","10.503809928894","0.100000001490116","0.0504082329571247","25","369","20460.0001937371","1023","20.0000001893813","7.78063421061599","-2.72317571827806","10"
"Laser_Zap_Ben_Aipa","60","1","2","0","0","0","0","2.63745069503784","0","51.6586685180664","35.9025344848633","0","0","492.762084960938","0","0","0","688.637268066406","119.358917236328","0","119.358917236328","190.137237548828","512.763671875","0","0.00929312035441399","0.0821949988603592","0","0","87.1527938842773","0","2.63044834136963","0.00493430159986019","0","9","73","15","398","228","228","-1","0","74","1","27","0","9.28627014160156","0.150000005960464","0.0504082329571247","34","362","20459.9994724611","1023","19.9999994843217","6.49184933923662","-2.79442080236494","10"
"Laser_Zap_Ben_Aipa","60","1","3","0","0","0","0","2.3380663394928","0","110.249328613281","23.5739307403564","730.6796875","0","421.272583007813","0","0","0","826.823303222656","209.075302124023","0","209.075302124023","235.249603271484","450.803009033203","0","0.0114980265498161","0.172868326306343","0","0","863.350463867188","0","6.67810010910034","0.0236290004104376","0","9","93","24","396","237","237","-1","0","94","0","36","0","6.93259429931641","0.200000002980232","0.0504082329571247","47","327","20459.9982659847","1023","19.9999983049704","3.81374138110938","-3.11885291820702","10"
"Laser_Zap_Ben_Aipa","60","1","4","0","0","0","0","2.06805062294006","0","153.78303527832","16.4603843688965","982.296752929688","0","371.880706787109","0","0","0","867.579650878906","277.262634277344","0","277.262634277344","266.856811523438","421.658843994141","0","0.0130428560078144","0.240547403693199","0","0","1151.19714355469","0","10.1476449966431","0.0250734332948923","0","9","112","33","396","246","246","-1","0","113","0","45","0","5.5064525604248","0.25","0.0504082329571247","57","314","20459.9982828573","1023","19.9999983214636","3.10819074067538","-2.39826181974942","10"
"Laser_Zap_Ben_Aipa","60","1","5","0","0","0","0","1.56228709220886","0","218.183151245117","12.1806058883667","1092.80493164063","0","318.872741699219","0","0","0","918.171813964844","365.361358642578","0","365.361358642578","281.10595703125","422.552734375","0","0.013739294372499","0.335464507341385","0","0","1321.99133300781","0","15.4779777526855","0.0312038008123636","0","9","135","43","395","256","256","-1","0","136","0","55","0","3.8342969417572","0.300000011920929","0.0504082329571247","71","312","20459.9995756638","1023","19.9999995852042","2.34726422439321","-1.48703271736399","10"
"Laser_Zap_Ben_Aipa","60","1","6","0","0","0","0","1.17805302143097","0","286.063323974609","7.16905736923218","1166.72192382813","0","277.075469970703","0","0","0","969.212158203125","469.215515136719","0","469.215515136719","265.372802734375","466.939239501953","0","0.0129703246057034","0.454769372940063","0","0","1458.38000488281","0","21.8555450439453","0.0347869507968426","0","9","154","52","395","265","265","-1","0","155","1","64","0","2.62104940414429","0.349999994039536","0.0504082329571247","89","312","20459.9970163958","1023","19.9999970834758","1.634335278854","-0.986714125290289","10"
"Laser_Zap_Ben_Aipa","60","1","7","0","0","0","0","0.653153479099274","0","300.999145507813","7.85746431350708","1154.83447265625","0","264.098663330078","0","0","0","936.089965820313","506.986114501953","0","506.986114501953","222.627258300781","461.336303710938","0","0.0108810989186168","0.474584639072418","0","0","1462.38818359375","0","22.8626289367676","0.0273907147347927","0","9","173","60","392","273","273","-1","0","174","1","72","0","1.87161123752594","0.400000005960464","0.0504082329571247","91","309","20459.9976496751","1023","19.9999977025172","1.31377136887831","-0.557839868647633","10"
"Laser_Zap_Ben_Aipa","60","1","8","0","0","0","0","-0.102671578526497","0","386.864532470703","4.59421634674072","748.117797851563","0","271.141296386719","0","0","0","972.9208984375","604.166442871094","0","604.166442871094","42.7500610351563","540.264465332031","0","0.00208944571204484","0.587806165218353","0","0","1216.943359375","0","30.0337810516357","0.0231580156832933","0","9","193","70","393","283","283","-1","0","194","1","82","0","0.0057295779697597","0.449999988079071","0.0504082329571247","102","305","20460.0008455443","1023","20.000000826534","0.203666925270136","0.197937347300376","10"
"Laser_Zap_Ben_Aipa","60","1","9","0","0","0","0","-0.406233042478561","0","389.060241699219","5.50175142288208","719.906494140625","0","290.313385009766","0","0","0","981.930419921875","604.125","0","604.125","45.4748229980469","575.005004882813","0","0.00222262064926326","0.593208730220795","0","0","1113.62683105469","0","30.4121189117432","0.0217862315475941","0","9","199","73","392","286","286","-1","0","200","1","85","0","0.0057295779697597","0.466666668653488","0.0504082329571247","106","307","20460.0020309901","1023","20.0000019853276","0.214674999562919","0.208945421593159","10"
"Laser_Zap_Ben_Aipa","60","2","0","0","0","0","0","1.82128703594208","0","21.7824440002441","89.9118804931641","0","0","513.160095214844","0","0","0","382.444641113281","79.4967880249023","0","79.4967880249023","124.07738494873","517.736083984375","0","0.00606438890099525","0.0304031204432249","0","0","111.279808044434","0","0.865132808685303","0.0280487202107906","0","9","86","1","400","234","234","-1","0","87","0","33","0","11.5745992660522","0.16666667163372","0.0756123512983322","27","372","20459.9980269022","1023","19.9999980712631","11.505734015435","-0.0688652506172911","10"
"Laser_Zap_Ben_Aipa","60","2","1","0","0","0","0","0.0599376633763313","0","19.1937732696533","103.607315063477","0","0","514.596374511719","0","0","0","334.066375732422","81.8417892456055","0","81.8417892456055","117.378890991211","518.348205566406","0","0.00573699362576008","0.0273405890911818","0","0","122.386169433594","0","0.756869614124298","0.0308905635029078","0","9","92","4","400","237","237","-1","0","93","0","36","0","11.7286405563354","0.183333337306976","0.0756123512983322","29","374","20460.0002454526","1023","20.0000002399341","12.1126421507707","0.384001594435251","10"
"Laser_Zap_Ben_Aipa","60","2","2","0","0","0","0","-12.362398147583","0","4.30176782608032","487.020477294922","0","0","522.723205566406","0","0","0","54.508056640625","78.9398651123047","0","78.9398651123047","80.2865142822266","521.445068359375","0","0.00392407225444913","0.00430285837501287","0","0","490.486572265625","0","0.0822478458285332","0.0143214268609881","0","9","99","7","399","240","240","-1","0","100","0","39","0","8.36316585540771","0.200000002980232","0.0756123512983322","25","374","20459.9989694882","1023","19.9999989926571","65.7788402484289","57.4156743930211","10"
"Laser_Zap_Ben_Aipa","60","2","3","0","0","0","0","2.09836745262146","0","59.5724029541016","41.541633605957","461.294372558594","0","465.087463378906","0","0","0","512.145446777344","172.579635620117","0","172.579635620117","179.809860229492","464.730499267578","0","0.00878836028277874","0.0883858725428581","0","0","561.325012207031","0","2.99493193626404","0.00500272074714303","0","9","119","16","399","249","249","-1","0","120","0","48","0","9.18659400939941","0.25","0.0756123512983322","49","349","20460.0010063128","1023","20.0000009836879","5.70644782530255","-3.48014618409686","10"
"Laser_Zap_Ben_Aipa","60","2","4","0","0","0","0","1.97412443161011","0","114.442359924316","23.9125518798828","1066.76208496094","0","401.199340820313","0","0","0","606.944213867188","258.78662109375","0","258.78662109375","231.529342651367","408.46435546875","0","0.0113161951303482","0.15706904232502","0","0","1203.34606933594","0","6.55834102630615","0.00770452851429582","0","9","141","26","398","259","259","-1","0","142","0","58","0","7.06631088256836","0.300000011920929","0.0756123512983322","59","325","20459.9991414467","1023","19.9999991607494","4.13151079060017","-2.93480009196819","10"
"Laser_Zap_Ben_Aipa","60","2","5","0","0","0","0","1.34093225002289","0","153.179595947266","15.4058151245117","1194.15209960938","0","359.477722167969","0","0","0","653.178771972656","322.273895263672","0","322.273895263672","265.260437011719","382.822082519531","0","0.0129648307338357","0.210502460598946","0","0","1360.70690917969","0","9.43878936767578","0.0101449359208345","0","9","159","34","397","267","267","-1","0","160","0","66","0","5.81218194961548","0.349999994039536","0.0756123512983322","69","322","20460.0000152289","1023","20.0000000148865","3.53107746697775","-2.28110448263773","10"
"Laser_Zap_Ben_Aipa","60","2","6","0","0","0","0","0.613323450088501","0","184.381103515625","13.987377166748","1170.45251464844","0","336.976623535156","0","0","0","650.916259765625","399.532318115234","0","399.532318115234","273.673156738281","390.518005371094","0","0.0133760087192059","0.260062098503113","0","0","1366.96618652344","0","12.066478729248","0.0153951002284884","0","9","178","43","395","276","276","-1","0","179","0","75","0","4.73033857345581","0.400000005960464","0.0756123512983322","81","325","20460.0013713605","1023","20.0000013405283","2.94824662506266","-1.78209194839315","10"
"Laser_Zap_Ben_Aipa","60","2","7","0","0","0","0","-0.041887704282999","0","201.585876464844","10.0421724319458","1539.84631347656","0","324.585754394531","0","0","0","628.137329101563","455.897766113281","0","455.897766113281","260.619140625","393.352172851563","0","0.0127379829064012","0.286366432905197","0","0","1748.25537109375","0","13.4392967224121","0.00747750513255596","0","9","198","52","395","285","285","-1","0","199","0","84","0","4.36911344528198","0.449999988079071","0.0756123512983322","88","324","20460.0008133181","1023","20.0000007950324","2.54943853570033","-1.81967490958165","10"
"Laser_Zap_Ben_Aipa","60","2","8","0","0","0","0","-0.998115062713623","0","242.014099121094","10.4322004318237","1138.96618652344","0","299.273468017578","0","0","0","661.893615722656","532.066284179688","0","532.066284179688","247.806350708008","415.340728759766","0","0.0121117467060685","0.352171272039413","0","0","1389.330078125","0","17.0576591491699","0.0100573366507888","0","9","218","62","394","295","295","-1","0","219","0","94","0","2.74961400032043","0.5","0.0756123512983322","99","324","20460.001081747","1023","20.0000010574262","1.97088430257442","-0.778729697746011","10"
"Laser_Zap_Ben_Aipa","60","3","0","0","0","0","0","1.21573054790497","0","55.1403388977051","49.7758293151855","0","0","492.549133300781","0","0","0","271.964630126953","276.483978271484","0","276.483978271484","181.956649780273","513.495300292969","0","0.00889328774064779","0.0751938670873642","0","0","104.524765014648","0","2.68877100944519","0.00716912047937512","0","9","172","3","399","273","273","-1","0","173","0","72","0","7.37383699417114","0.36666664481163","0.100816465914249","65","352","20459.9980442126","1023","19.9999980881843","6.79235395063719","-0.581483043533953","10"
"Laser_Zap_Ben_Aipa","60","3","1","0","0","0","0","-0.0404159799218178","0","23.9979038238525","97.2691345214844","0","0","511.622680664063","0","0","0","140.914916992188","258.826690673828","0","258.826690673828","126.949119567871","518.515075683594","0","0.0062047466635704","0.0364725440740585","0","0","120.915405273438","0","1.037917137146","0.00588726857677102","0","9","178","6","399","276","276","-1","0","179","0","75","0","7.79906845092773","0.383333325386047","0.100816465914249","65","369","20460.0004562991","1023","20.0000004460402","9.79485657002089","1.99578811909316","10"
"Laser_Zap_Ben_Aipa","60","3","2","0","0","0","0","0.801207602024078","0","59.5988540649414","53.8927154541016","722.431030273438","0","456.880981445313","0","0","0","263.432891845703","311.578735351563","0","311.578735351563","161.451873779297","447.368957519531","0","0.0078910980373621","0.0820800811052322","0","0","834.67822265625","0","2.94756579399109","0.00458123441785574","0","9","184","9","398","279","279","-1","0","185","0","78","0","8.94605350494385","0.400000005960464","0.100816465914249","71","354","20460.0010055468","1023","20.0000009829392","5.51688016108704","-3.42917334385681","10"
"Laser_Zap_Ben_Aipa","60","3","3","0","0","0","0","0.280559718608856","0","80.9212951660156","35.3952560424805","939.947570800781","0","422.454132080078","0","0","0","296.231292724609","363.818969726563","0","363.818969726563","189.236206054688","406.240509033203","0","0.00924908183515072","0.107774570584297","0","0","1054.36218261719","0","4.32848453521729","0.00163131114095449","0","9","204","18","398","288","288","-1","0","205","0","87","0","7.87008142471313","0.449999988079071","0.100816465914249","80","351","20459.9991034249","1023","19.9999991235825","4.9231096991328","-2.94697172558034","10"
"Laser_Zap_Ben_Aipa","60","3","4","0","0","0","0","-0.583650410175323","0","111.902603149414","21.610668182373","1219.18054199219","0","374.609069824219","0","0","0","337.274566650391","457.477081298828","0","457.477081298828","219.342224121094","353.942108154297","0","0.0107205389067531","0.154295399785042","0","0","1349.62316894531","0","6.49070978164673","0.00465867668390274","0","9","224","28","397","298","298","-1","0","225","0","97","0","6.50145435333252","0.5","0.100816465914249","89","343","20459.9998217371","1023","19.999999825745","3.98415628020323","-2.51729807312929","10"
"Laser_Zap_Ben_Aipa","60","3","5","0","0","0","0","-1.42766356468201","0","70.1305770874023","30.9365081787109","1128.46533203125","0","397.927734375","0","0","0","194.170349121094","496.890075683594","0","496.890075683594","177.642700195313","350.974060058594","0","0.0086824381724","0.0964813232421875","0","0","1226.03991699219","0","4.02697658538818","0.0202510580420494","0","9","243","38","398","308","308","-1","0","244","0","107","0","6.48178625106812","0.550000011920929","0.100816465914249","72","343","20460.0017492792","1023","20.0000017099504","5.1630820246563","-1.31870422641181","10"
"Laser_Zap_Ben_Aipa","60","3","6","0","0","0","0","-2.4799702167511","0","91.9504165649414","19.8377227783203","1356.5458984375","0","370.610656738281","0","0","0","219.311264038086","592.403198242188","0","592.403198242188","196.433181762695","328.428497314453","0","0.00960083957761526","0.129920691251755","0","0","1463.66625976563","0","5.63962841033936","0.0345563255250454","0","9","263","48","397","318","318","-1","0","264","0","117","0","4.91714191436768","0.600000023841858","0.100816465914249","68","340","20460.0004171184","1023","20.0000004077404","4.23788900271293","-0.679252911654747","10"
"Laser_Zap_Ben_Aipa","60","3","7","0","0","0","0","-3.66121530532837","0","113.020530700684","16.5573291778564","1390.4755859375","0","356.748229980469","0","0","0","231.0048828125","687.768188476563","0","687.768188476563","201.350311279297","331.800231933594","0","0.00984117016196251","0.158877804875374","0","0","1515.82104492188","0","7.18945169448853","0.03562992811203","0","9","282","58","398","328","328","-1","0","283","0","127","0","3.3826904296875","0.649999976158142","0.100816465914249","74","344","20459.996927758","1023","19.9999969968309","3.55127444654372","0.168584016856224","10"
"Laser_Zap_Ben_Aipa","60","3","8","0","0","0","0","-3.62380337715149","0","81.8979721069336","20.4625587463379","1253.16809082031","0","376.084777832031","0","0","0","172.38395690918","671.584533691406","0","671.584533691406","185.9501953125","323.527801513672","0","0.0090884743258357","0.115770407021046","0","0","1350.26953125","0","4.89162683486938","0.0583037883043289","0","9","288","61","397","331","331","-1","0","289","0","130","0","5.30474519729614","0.666666626930237","0.100816465914249","65","351","20460.0011669617","1023","20.000001140725","4.50259811026859","-0.802147087027548","10"
"Laser_Zap_Ben_Aipa","60","3","9","0","0","0","0","-4.12868499755859","0","99.1014709472656","17.6369667053223","1204.04284667969","0","367.398071289063","0","0","0","191.793075561523","724.937866210938","0","724.937866210938","209.035278320313","329.939880371094","0","0.010216779075563","0.139038056135178","0","0","1316.20336914063","0","6.06502962112427","0.0533225052058697","0","9","294","64","397","334","334","-1","0","295","0","133","0","3.8486852645874","0.683333277702332","0.100816465914249","69","350","20459.9978891874","1023","19.9999979366446","4.21400006023459","0.365314795647186","10"
"Laser_Zap_Ben_Aipa","75","0","0","0","0","0","0","2.1198525428772","0","28.3017501831055","47.3198738098145","0","0","511.461975097656","0","0","0","1015.38513183594","47.7807731628418","0","47.7807731628418","146.574996948242","515.7431640625","0","0.00716397957876325","0.0485158897936344","0","0","75.1830596923828","0","1.21956491470337","0.109391637146473","0","9","33","9","400","216","216","-1","0","34","0","15","0","11.4938955307007","0.0500000007450581","0.0252041164785624","29","388","20459.9964777602","1023","19.9999965569504","8.49149216581412","-3.00240336488656","10"
"Laser_Zap_Ben_Aipa","75","0","1","0","0","0","0","1.50012719631195","0","70.4226226806641","27.9132099151611","0","0","480.394927978516","0","0","0","1026.69055175781","115.250793457031","0","115.250793457031","221.664047241211","510.871215820313","0","0.01083402056247","0.118326909840107","0","0","97.9353485107422","0","3.89826607704163","0.0738247111439705","0","9","44","12","398","219","219","-1","0","45","1","18","0","7.22649145126343","0.100000001490116","0.0252041164785624","35","365","20459.9987569781","1023","19.9999987849249","5.25336373995226","-1.97312771131117","10"
"Laser_Zap_Ben_Aipa","75","0","2","0","0","0","0","1.75049531459808","0","140.328323364258","16.9536399841309","518.336181640625","0","414.214660644531","0","0","0","1548.0927734375","131.963790893555","0","131.963790893555","279.897064208984","470.304382324219","0","0.0136802066117525","0.204292178153992","0","0","674.873596191406","0","8.43540382385254","0.0675522685050964","0","9","63","21","398","228","228","-1","0","64","1","27","0","5.24913120269775","0.150000005960464","0.0252041164785624","44","330","20460.0026997054","1023","20.0000026390082","3.83962342454865","-1.4095077781491","10"
"Laser_Zap_Ben_Aipa","75","0","3","0","0","0","0","0.992430865764618","0","219.569641113281","9.48043918609619","653.810668945313","0","340.962463378906","0","0","0","1140.69543457031","295.278076171875","0","295.278076171875","329.687927246094","458.083160400391","0","0.0161137823015451","0.336822360754013","0","0","882.151428222656","0","15.1445550918579","0.0815702527761459","0","9","83","31","397","238","238","-1","0","84","3","37","0","3.54541277885437","0.200000002980232","0.0252041164785624","77","335","20459.9963606608","1023","19.9999964424837","2.74211093642425","-0.80330184243012","10"
"Laser_Zap_Ben_Aipa","75","0","4","0","0","0","0","1.18388366699219","0","234.584259033203","8.70223236083984","567.572570800781","0","331.279388427734","0","0","0","1319.64562988281","267.796661376953","0","267.796661376953","338.162658691406","464.892242431641","0","0.0165279880166054","0.353396713733673","0","0","810.231750488281","0","16.4323883056641","0.0765561759471893","0","9","90","34","397","241","241","-1","0","91","3","40","0","3.25353717803955","0.216666668653488","0.0252041164785624","78","330","20460.0014443174","1023","20.0000014118449","2.68064060060235","-0.572896577437203","10"
"Laser_Zap_Ben_Aipa","75","1","0","0","0","0","0","2.36607551574707","0","16.0341491699219","66.7309265136719","0","0","516.327209472656","0","0","0","832.126586914063","32.540111541748","0","32.540111541748","111.114852905273","518.035888671875","0","0.00543083390221","0.027077492326498","0","0","82.3125","0","0.62822812795639","0.0571039021015167","0","9","36","4","399","217","217","-1","0","37","1","16","0","15.4660024642944","0.0666666701436043","0.0504082329571247","18","386","20459.998391786","1023","19.9999984279433","11.5700799599971","-3.89592250429731","10"
"Laser_Zap_Ben_Aipa","75","1","1","0","0","0","0","2.39260506629944","0","23.0666275024414","53.6201171875","0","0","511.967864990234","0","0","0","1594.8681640625","24.0536041259766","0","24.0536041259766","131.881912231445","516.607482910156","0","0.00644584093242884","0.0383623279631138","0","0","76.2443084716797","0","0.973105192184448","0.0506877675652504","0","9","41","6","400","219","219","-1","0","42","1","18","0","13.1640090942383","0.0833333358168602","0.0504082329571247","22","381","20460.0010477999","1023","20.0000010242423","9.67302464929261","-3.49098444494567","10"
"Laser_Zap_Ben_Aipa","75","1","2","0","0","0","0","2.18312191963196","0","37.2075691223145","41.6836395263672","98.5084075927734","0","492.546417236328","0","0","0","5072.59521484375","12.271556854248","0","12.271556854248","161.466583251953","493.739807128906","0","0.0078918170183897","0.0622486397624016","0","0","176.422714233398","0","1.76921677589417","0.051749125123024","0","9","46","7","399","220","220","-1","0","47","1","19","0","10.819037437439","0.100000001490116","0.0504082329571247","27","371","20460.0008940526","1023","20.0000008739517","7.28349927059552","-3.53553816684344","10"
"Laser_Zap_Ben_Aipa","75","1","3","0","0","0","0","2.03651833534241","0","82.0209350585938","30.5353755950928","440.988677978516","0","463.812225341797","0","0","0","2540.41870117188","45.5706977844238","0","45.5706977844238","214.162170410156","487.870483398438","0","0.0104673570021987","0.115768648684025","0","0","552.819946289063","0","4.34156894683838","0.053952518850565","0","9","65","16","399","229","229","-1","0","66","0","28","0","7.63101196289063","0.150000005960464","0.0504082329571247","37","340","20460.0044084835","1023","20.0000043093681","5.18754889534422","-2.4434630675464","10"
"Laser_Zap_Ben_Aipa","75","1","4","0","0","0","0","1.75930225849152","0","113.597358703613","23.5239696502686","736.432067871094","0","422.614196777344","0","0","0","2597.21655273438","62.205493927002","0","62.205493927002","242.461898803711","450.153442382813","0","0.0118505349382758","0.161561146378517","0","0","872.403930664063","0","6.5634970664978","0.0547803156077862","0","9","86","26","398","239","239","-1","0","87","0","38","0","6.44272041320801","0.200000002980232","0.0504082329571247","48","331","20459.9961154992","1023","19.999996202834","4.20643215112016","-2.23628826208785","10"
"Laser_Zap_Ben_Aipa","75","1","5","0","0","0","0","1.30274713039398","0","197.912750244141","11.0463409423828","998.167236328125","0","341.240112304688","0","0","0","1971.00610351563","146.701919555664","0","146.701919555664","301.163635253906","422.497802734375","0","0.0147196296602488","0.289150387048721","0","0","1205.86315917969","0","13.2812757492065","0.0544014126062393","0","9","106","36","399","249","249","-1","0","107","0","48","0","4.0656361579895","0.25","0.0504082329571247","64","317","20460.0008427669","1023","20.0000008238191","2.9179880271451","-1.1476481308444","10"
"Laser_Zap_Ben_Aipa","75","1","6","0","0","0","0","1.00180780887604","0","257.259307861328","8.11418151855469","779.701354980469","0","298.816467285156","0","0","0","1886.47253417969","202.01611328125","0","202.01611328125","322.368774414063","438.459838867188","0","0.0157560519874096","0.381097853183746","0","0","1044.05078125","0","18.3027038574219","0.0574710816144943","0","9","125","45","397","258","258","-1","0","126","1","57","0","2.78460907936096","0.300000011920929","0.0504082329571247","81","321","20459.9968743225","1023","19.9999969445967","2.36950342985268","-0.415105649508283","10"
"Laser_Zap_Ben_Aipa","75","1","7","0","0","0","0","0.336053222417831","0","304.210906982422","3.46764135360718","1035.15185546875","0","275.950042724609","0","0","0","1751.23583984375","262.666809082031","0","262.666809082031","292.798126220703","478.805847167969","0","0.0143107585608959","0.459991544485092","0","0","1340.80395507813","0","22.5873947143555","0.0573370419442654","0","9","145","54","397","267","267","-1","0","146","2","66","0","2.19762277603149","0.349999994039536","0.0504082329571247","104","326","20460.0004237911","1023","20.0000004142631","1.78281194503549","-0.414810830996005","10"
"Laser_Zap_Ben_Aipa","75","1","8","0","0","0","0","-0.42655149102211","0","316.836029052734","4.36350536346436","1112.23120117188","0","267.930084228516","0","0","0","1922.28637695313","248.159790039063","0","248.159790039063","271.486541748047","478.301666259766","0","0.013269136659801","0.477034211158752","0","0","1431.5068359375","0","23.3459625244141","0.0471942387521267","0","9","166","64","396","277","277","-1","0","167","2","76","0","1.82397019863129","0.400000005960464","0.0504082329571247","108","326","20460.000428703","1023","20.0000004190645","1.5939394447227","-0.230030753908587","10"
"Laser_Zap_Ben_Aipa","75","1","9","0","0","0","0","-1.17211401462555","0","362.155303955078","4.40586137771606","734.1103515625","0","225.936172485352","0","0","0","1895.98364257813","295.191528320313","0","295.191528320313","214.007202148438","489.514587402344","0","0.0104597862809896","0.559678316116333","0","0","1342.13342285156","0","28.0730838775635","0.0349040143191814","0","9","186","74","397","287","287","-1","0","187","2","86","0","0.868156850337982","0.449999988079071","0.0504082329571247","123","324","20459.9975945387","1023","19.9999976486205","1.07085890441601","0.202702054078031","10"
"Laser_Zap_Ben_Aipa","75","1","10","0","0","0","0","-1.40593540668488","0","377.162933349609","4.65151166915894","757.311401367188","0","221.258193969727","0","0","0","1916.65283203125","304.640167236328","0","304.640167236328","155.662017822266","506.337036132813","0","0.0076081152074039","0.583889424800873","0","0","1141.564453125","0","29.3754043579102","0.0326616205275059","0","9","192","77","396","290","290","-1","0","193","2","89","0","0.473291337490082","0.466666668653488","0.0504082329571247","129","325","20459.9974604462","1023","19.9999975175427","0.746588648655701","0.273297311165619","10"
"Laser_Zap_Ben_Aipa","75","2","0","0","0","0","0","-1.04327857494354","0","15.512152671814","142.246459960938","0","0","516.38232421875","0","0","0","401.313262939453","57.028076171875","0","57.028076171875","108.596496582031","519.011657714844","0","0.00530774658545852","0.0228861253708601","0","0","157.304397583008","0","0.598978519439697","0.0211301892995834","0","9","75","1","400","234","234","-1","0","76","0","33","0","12.6139869689941","0.16666667163372","0.0756123512983322","26","379","20460.0002719704","1023","20.0000002658557","13.4101284976473","0.796141528653132","10"
"Laser_Zap_Ben_Aipa","75","2","1","0","0","0","0","0.976282715797424","0","23.7978286743164","119.124267578125","0","0","511.892517089844","0","0","0","829.15625","41.0707969665527","0","41.0707969665527","126.293869018555","517.606567382813","0","0.00617271987721324","0.0340541079640388","0","0","142.486526489258","0","0.985190391540527","0.0282210949808359","0","9","82","4","400","237","237","-1","0","83","0","36","0","10.6470680236816","0.183333337306976","0.0756123512983322","31","375","20460.0032936489","1023","20.0000032195981","10.4432834691042","-0.203784554577483","10"
"Laser_Zap_Ben_Aipa","75","2","2","0","0","0","0","0.838326513767242","0","22.7589645385742","107.688659667969","0","0","512.592651367188","0","0","0","904.121704101563","35.7501678466797","0","35.7501678466797","124.132194519043","517.87060546875","0","0.00606706738471985","0.0323225036263466","0","0","130.031890869141","0","0.927750289440155","0.0276164170354605","0","9","88","7","399","240","240","-1","0","89","0","39","0","10.583399772644","0.200000002980232","0.0756123512983322","33","375","20459.9993122995","1023","19.999999327761","10.8188303270417","0.235430554397643","10"
"Laser_Zap_Ben_Aipa","75","2","3","0","0","0","0","1.59839498996735","0","81.7251281738281","32.900520324707","501.930267333984","0","450.271545410156","0","0","0","3455.15673828125","32.7262725830078","0","32.7262725830078","210.520553588867","460.268280029297","0","0.0102893710136414","0.113074406981468","0","0","615.506713867188","0","4.30117130279541","0.04852444678545","0","9","109","17","400","250","250","-1","0","110","0","49","0","7.56358671188354","0.25","0.0756123512983322","53","347","20460.0022012779","1023","20.0000021517868","5.22093568460354","-2.34265102728001","10"
"Laser_Zap_Ben_Aipa","75","2","4","0","0","0","0","0.859596252441406","0","116.393661499023","24.3462791442871","1023.92864990234","0","400.428466796875","0","0","0","2418.52319335938","67.7071990966797","0","67.7071990966797","233.46012878418","410.485168457031","0","0.0114105623215437","0.163751423358917","0","0","1162.78369140625","0","6.772629737854","0.0436350479722023","0","9","128","27","399","260","260","-1","0","129","0","59","0","6.56653642654419","0.300000011920929","0.0756123512983322","63","333","20460.0020757431","1023","20.0000020290744","3.99573486472285","-2.57080156182134","10"
"Laser_Zap_Ben_Aipa","75","2","5","0","0","0","0","0.0241967905312777","0","176.391220092773","12.7703676223755","1205.42639160156","0","339.497436523438","0","0","0","2216.92431640625","112.79044342041","0","112.79044342041","278.160125732422","381.783966064453","0","0.013595312833786","0.250047892332077","0","0","1392.55395507813","0","11.4050769805908","0.0413495562970638","0","9","149","36","399","269","269","-1","0","150","0","68","0","4.57824373245239","0.349999994039536","0.0756123512983322","76","325","20460.0018501347","1023","20.0000018085383","3.11675650863189","-1.4614872238205","10"
"Laser_Zap_Ben_Aipa","75","2","6","0","0","0","0","-0.450575739145279","0","184.766891479492","12.8377494812012","1303.84094238281","0","328.344543457031","0","0","0","2061.953125","126.521926879883","0","126.521926879883","270.728454589844","370.174163818359","0","0.0132320858538151","0.260882288217545","0","0","1499.20666503906","0","11.9331026077271","0.0383423715829849","0","9","168","45","397","278","278","-1","0","169","0","77","0","4.24831581115723","0.400000005960464","0.0756123512983322","84","329","20459.9983389457","1023","19.999998376291","2.90731936975018","-1.34099644140704","10"
"Laser_Zap_Ben_Aipa","75","2","7","0","0","0","0","-1.37208962440491","0","207.583038330078","4.84258317947388","1169.09460449219","0","346.543029785156","0","0","0","1761.73803710938","170.302383422852","0","170.302383422852","253.554626464844","447.81982421875","0","0.0123926987871528","0.300028175115585","0","0","1377.57019042969","0","13.9845180511475","0.0343301184475422","0","9","188","55","398","288","288","-1","0","189","0","87","0","3.48087382316589","0.449999988079071","0.0756123512983322","95","332","20460.0007488037","1023","20.0000007319684","2.36728223540205","-1.11359158776384","10"
"Laser_Zap_Ben_Aipa","75","2","8","0","0","0","0","-1.52421653270721","0","199.601318359375","5.07142734527588","1185.38525390625","0","350.681976318359","0","0","0","1758.23962402344","162.598678588867","0","162.598678588867","247.587600708008","442.863800048828","0","0.0121010560542345","0.285887449979782","0","0","1385.89001464844","0","13.3233833312988","0.0325948186218739","0","9","194","58","397","291","291","-1","0","195","0","90","0","3.66786932945251","0.466666668653488","0.0756123512983322","96","334","20459.9994908188","1023","19.9999995022667","2.42594304360973","-1.24192628584278","10"
"Laser_Zap_Ben_Aipa","75","2","9","0","0","0","0","-2.02067112922668","0","256.626434326172","8.0502758026123","964.294067382813","0","307.116882324219","0","0","0","1803.76782226563","206.238372802734","0","206.238372802734","249.309555053711","454.341491699219","0","0.0121852178126574","0.372006148099899","0","0","1226.60327148438","0","18.2313346862793","0.0298374108970165","0","9","202","62","398","295","295","-1","0","203","0","94","0","2.09235095977783","0.483333349227905","0.0756123512983322","104","329","20459.9998856599","1023","19.9999998882306","1.87708315060278","-0.215267809175057","10"
"Laser_Zap_Ben_Aipa","75","3","0","0","0","0","0","-0.163046225905418","0","36.0099983215332","79.0580291748047","114.101387023926","0","503.310302734375","0","0","0","5740.998046875","8.88501739501953","0","8.88501739501953","142.017807006836","512.257385253906","0","0.00694124167785048","0.0510088726878166","0","0","228.781036376953","0","1.5951167345047","0.0407205671072006","0","9","158","3","399","273","273","-1","0","159","0","72","0","7.74268102645874","0.36666664481163","0.100816465914249","65","369","20460.0003281855","1023","20.000000320807","7.82102464783263","0.0783436213738904","10"
"Laser_Zap_Ben_Aipa","75","3","1","0","0","0","0","-1.50390422344208","0","32.500129699707","88.1771392822266","0","0","507.373840332031","0","0","0","6199.11083984375","7.63347816467285","0","7.63347816467285","139.678726196289","517.267578125","0","0.00682691670954227","0.0473207794129848","0","0","120.314987182617","0","1.44334471225739","0.0422409996390343","0","9","165","7","400","277","277","-1","0","166","0","76","0","7.19298934936523","0.383333325386047","0.100816465914249","68","371","20460.0015115248","1023","20.0000014775414","8.29494538931944","1.1019560399542","10"
"Laser_Zap_Ben_Aipa","75","3","2","0","0","0","0","-0.446121096611023","0","57.6537895202637","55.4019317626953","732.00537109375","0","458.404327392578","0","0","0","2097.3974609375","38.2839012145996","0","38.2839012145996","158.119018554688","447.844177246094","0","0.00772820226848125","0.08029655367136","0","0","843.777770996094","0","2.85121059417725","0.0375731810927391","0","9","171","10","399","280","280","-1","0","172","0","79","0","8.52757549285889","0.400000005960464","0.100816465914249","72","356","20460.0000183175","1023","20.0000000179056","5.52302453915155","-3.00455095370734","10"
"Laser_Zap_Ben_Aipa","75","3","3","0","0","0","0","-0.956522524356842","0","76.6196136474609","37.238151550293","890.662963867188","0","426.754821777344","0","0","0","1682.32336425781","61.1605033874512","0","61.1605033874512","184.908950805664","409.154174804688","0","0.00903758220374584","0.102891743183136","0","0","1002.58587646484","0","4.07115268707275","0.0350396707653999","0","9","190","19","399","289","289","-1","0","191","0","88","0","7.60248374938965","0.449999988079071","0.100816465914249","81","354","20460.002093151","1023","20.0000020460909","5.03911641605745","-2.5633673333322","10"
"Laser_Zap_Ben_Aipa","75","3","4","0","0","0","0","-1.60008883476257","0","70.266357421875","30.6748733520508","1342.03674316406","0","391.507293701172","0","0","0","929.942932128906","103.947250366211","0","103.947250366211","170.012771606445","338.667633056641","0","0.00830951984971762","0.0966650098562241","0","0","1439.2431640625","0","4.05069494247437","0.0163625031709671","0","9","211","29","398","299","299","-1","0","212","0","98","0","6.88685035705566","0.5","0.100816465914249","74","338","20459.9994561928","1023","19.9999994684191","4.93134720175109","-1.95550315530458","10"
"Laser_Zap_Ben_Aipa","75","3","5","0","0","0","0","-2.34065437316895","0","77.7253112792969","28.8747978210449","1377.640625","0","389.798217773438","0","0","0","808.175231933594","132.21369934082","0","132.21369934082","175.136352539063","344.746276855469","0","0.0085599385201931","0.106851831078529","0","0","1480.62329101563","0","4.52094984054565","0.0109239434823394","0","9","231","39","399","309","309","-1","0","232","0","108","0","5.95656251907349","0.550000011920929","0.100816465914249","76","342","20460.0012168209","1023","20.0000011894632","4.59490892502864","-1.36165359404485","10"
"Laser_Zap_Ben_Aipa","75","3","6","0","0","0","0","-2.62024474143982","0","90.4156265258789","17.1251964569092","1573.46508789063","0","391.106384277344","0","0","0","815.168212890625","157.534042358398","0","157.534042358398","176.4755859375","367.067016601563","0","0.0086253946647048","0.128416746854782","0","0","1674.94348144531","0","5.50043821334839","0.00208471436053514","0","9","237","42","398","312","312","-1","0","238","0","111","0","5.26025295257568","0.566666662693024","0.100816465914249","75","338","20460.001286624","1023","20.000001257697","3.85129729681021","-1.40895565576547","10"
"Laser_Zap_Ben_Aipa","75","3","7","0","0","0","0","-3.06155562400818","0","96.3135681152344","17.3952903747559","1459.49731445313","0","389.719879150391","0","0","0","720.161560058594","185.529266357422","0","185.529266357422","188.119934082031","372.820526123047","0","0.00919452216476202","0.133611038327217","0","0","1567.86181640625","0","5.92523193359375","0.00190960825420916","0","9","244","46","399","316","316","-1","0","245","0","115","0","4.68732452392578","0.583333313465118","0.100816465914249","74","339","20460.0011518815","1023","20.0000011259839","3.94596112772729","-0.741363396198495","10"
"Laser_Zap_Ben_Aipa","90","0","0","0","0","0","0","1.14667642116547","0","31.3981113433838","44.7597007751465","0","0","514.487243652344","0","0","0","1280.01513671875","39.1908683776855","0","39.1908683776855","155.289016723633","515.300231933594","0","0.00758988317102194","0.0501649044454098","0","0","75.7201385498047","0","1.30180549621582","0.166666343808174","0","9","31","9","400","216","216","-1","0","32","0","15","0","10.8404445648193","0.0500000007450581","0.0252041164785624","29","387","20460.0009281466","1023","20.0000009072791","8.70219365226662","-2.13825091255271","10"
"Laser_Zap_Ben_Aipa","90","0","1","0","0","0","0","0.847300946712494","0","81.6911926269531","25.305980682373","4.76202774047852","0","478.239349365234","0","0","0","1799.04052734375","67.9457015991211","0","67.9457015991211","238.907730102539","508.953887939453","0","0.0116768181324005","0.122237078845501","0","0","111.337951660156","0","4.17898941040039","0.110728159546852","0","9","39","13","399","220","220","-1","0","40","1","19","0","6.47051811218262","0.100000001490116","0.0252041164785624","36","364","20460.0026645636","1023","20.0000026046565","5.48159494102107","-0.988923171161545","10"
"Laser_Zap_Ben_Aipa","90","0","2","0","0","0","0","0.357320964336395","0","156.249160766602","14.9098243713379","229.174163818359","0","412.241119384766","0","0","0","1791.67468261719","131.539978027344","0","131.539978027344","301.085235595703","486.188598632813","0","0.0147157991304994","0.235676839947701","0","0","399.7802734375","0","9.46172714233398","0.0803135707974434","0","9","59","23","400","230","230","-1","0","60","3","29","0","4.26489973068237","0.150000005960464","0.0252041164785624","55","343","20459.9990068963","1023","19.9999990292242","3.57991052667627","-0.6849892040061","10"
"Laser_Zap_Ben_Aipa","90","0","3","0","0","0","0","0.357320964336395","0","207.088943481445","26890.513671875","0","0","45904.9765625","0","0","0","NaN","0","0","0","4590.498046875","41026.01171875","0","0.224364504218102","0.320425659418106","0","0","27036.94921875","0","13.944727897644","0.465677201747894","0","9","80","34","400","241","241","-1","0","81","4","40","0","45","0.200000002980232","0.0252041164785624","79","342","20460.0012950919","1023","20.0000012659744","NaN","NaN","10"
"Laser_Zap_Ben_Aipa","90","0","4","0","0","0","0","0.392500430345535","0","186.120788574219","11.0592994689941","589.529663085938","0","364.842712402344","0","0","0","3354.4599609375","96.3290176391602","0","96.3290176391602","318.525177001953","448.826507568359","0","0.0155681893229485","0.323131829500198","0","0","785.7021484375","0","12.3484563827515","0.0931468605995178","0","9","87","37","400","244","244","-1","0","88","3","43","0","3.16265559196472","0.216666668653488","0.0252041164785624","73","332","20460.0015065611","1023","20.0000014726892","2.76152609706313","-0.401129494901592","10"
"Laser_Zap_Ben_Aipa","90","1","0","0","0","0","0","2.37268209457397","0","7.08627605438232","105.538612365723","0","0","524.046997070313","0","0","0","160.729888916016","82.3831024169922","0","82.3831024169922","78.9192428588867","520.635620117188","0","0.00385724566876888","0.0132414270192385","0","0","112.175148010254","0","0.235973536968231","0.112707562744617","0","9","31","3","400","216","216","-1","0","32","0","15","0","22.4372749328613","0.0500000007450581","0.0504082329571247","11","392","20459.9990863624","1023","19.9999991069036","16.9358826363522","-5.50139229650911","10"
"Laser_Zap_Ben_Aipa","90","1","1","0","0","0","0","1.93334031105042","0","31.9260005950928","47.0233993530273","0","0","508.284240722656","0","0","0","761.1630859375","65.4165725708008","0","65.4165725708008","151.903289794922","515.247253417969","0","0.00742440344765782","0.0497926808893681","0","0","78.5142822265625","0","1.37807786464691","0.0822460204362869","0","9","39","7","399","220","220","-1","0","40","0","19","0","11.4119787216187","0.100000001490116","0.0504082329571247","24","374","20459.9993610049","1023","19.9999993753714","8.57514021179875","-2.8368385098199","10"
"Laser_Zap_Ben_Aipa","90","1","2","0","0","0","0","1.56188607215881","0","86.4134140014648","26.7458343505859","535.298828125","0","445.429565429688","0","0","0","3373.517578125","36.9802093505859","0","36.9802093505859","223.865692138672","453.068481445313","0","0.0109416292980313","0.124753378331661","0","0","647.096618652344","0","4.57154655456543","0.0948303118348122","0","9","59","17","400","230","230","-1","0","60","0","29","0","7.29159736633301","0.150000005960464","0.0504082329571247","40","342","20459.9960427238","1023","19.9999961316948","5.03165267155375","-2.25994469477926","10"
"Laser_Zap_Ben_Aipa","90","1","3","0","0","0","0","1.12091863155365","0","133.842987060547","17.8816623687744","604.5048828125","0","405.752319335938","0","0","0","6390.869140625","30.7948322296143","0","30.7948322296143","269.531707763672","446.325988769531","0","0.0131735922768712","0.196805745363235","0","0","754.975280761719","0","8.13224697113037","0.0839548334479332","0","9","79","27","399","240","240","-1","0","80","0","39","0","5.15796613693237","0.200000002980232","0.0504082329571247","53","331","20460.0007423098","1023","20.0000007256206","3.83807919024489","-1.31988694668748","10"
"Laser_Zap_Ben_Aipa","90","1","4","0","0","0","0","0.611285150051117","0","186.342758178711","11.3803558349609","904.874267578125","0","347.69384765625","0","0","0","12178.830078125","22.6413478851318","0","22.6413478851318","293.660430908203","410.731506347656","0","0.014352903701365","0.275745123624802","0","0","1100.98547363281","0","12.0965967178345","0.0740435421466827","0","9","99","37","400","250","250","-1","0","100","0","49","0","3.74884915351868","0.25","0.0504082329571247","65","322","20460.0014755394","1023","20.000001442365","2.983670486549","-0.765178666969672","10"
"Laser_Zap_Ben_Aipa","90","1","5","0","0","0","0","0.0194393396377563","0","229.252807617188","4.6362829208374","871.903259277344","0","346.005096435547","0","0","0","24724.4921875","14.1741437911987","0","14.1741437911987","299.332733154297","482.71240234375","0","0.0146301435306668","0.35044851899147","0","0","1103.33996582031","0","15.8454170227051","0.0719535946846008","0","9","119","47","399","260","260","-1","0","120","2","59","0","2.66940999031067","0.300000011920929","0.0504082329571247","88","338","20459.9997619199","1023","19.9999997672726","2.39261727298678","-0.276792717323892","10"
"Laser_Zap_Ben_Aipa","90","1","6","0","0","0","0","-0.663986623287201","0","296.971160888672","4.08453559875488","945.91552734375","0","279.483947753906","0","0","0","8371.4013671875","55.3064613342285","0","55.3064613342285","299.043731689453","476.394073486328","0","0.0146160181611776","0.462992608547211","0","0","1245.24487304688","0","22.1493530273438","0.0755499228835106","0","9","139","57","400","270","270","-1","0","140","3","69","0","1.57691943645477","0.349999994039536","0.0504082329571247","115","337","20460.0000076463","1023","20.0000000074744","1.80904691845492","0.232127482000148","10"
"Laser_Zap_Ben_Aipa","90","1","7","0","0","0","0","-1.25473654270172","0","319.139099121094","-4.44319486618042","180.345672607422","0","277.091064453125","0","0","0","16474.556640625","30.0528106689453","0","30.0528106689453","239.892272949219","495.845764160156","0","0.011724941432476","0.49510669708252","0","0","762.518920898438","0","23.326753616333","0.0597501322627068","0","9","159","67","399","280","280","-1","0","160","3","79","0","1.16878306865692","0.400000005960464","0.0504082329571247","127","341","20459.997547174","1023","19.9999976023206","1.35698511923423","0.188202050577311","10"
"Laser_Zap_Ben_Aipa","90","1","8","0","0","0","0","-1.32423055171967","0","391.672332763672","-3.47204184532166","532.470886230469","0","204.405120849609","0","0","0","6751.5185546875","91.8614730834961","0","91.8614730834961","118.130378723145","499.287902832031","0","0.00577372312545776","0.620204448699951","0","0","1047.09130859375","0","30.7098731994629","0.0421667285263538","0","9","179","77","400","290","290","-1","0","180","4","89","0","0.0347845330834389","0.449999988079071","0.0504082329571247","157","342","20460.000619406","1023","20.00000060548","0.533396287226818","0.498611754143379","10"
"Laser_Zap_Ben_Aipa","90","1","9","0","0","0","0","-2.42538714408875","0","362.836944580078","3.71555233001709","829.829040527344","0","226.766448974609","0","0","0","37120.6640625","15.1953401565552","0","15.1953401565552","209.823959350586","492.368927001953","0","0.0102553255856037","0.564061105251312","0","0","1263.95520019531","0","28.1366119384766","0.0396483093500137","0","9","187","81","400","294","294","-1","0","188","3","93","0","0.290007293224335","0.466666668653488","0.0504082329571247","136","335","20459.9997922186","1023","19.9999997968901","1.04176521348131","0.751757920256973","10"
"Laser_Zap_Ben_Aipa","90","2","0","0","0","0","0","-7.76266527175903","0","5.62055015563965","304.105041503906","0","0","523.170227050781","0","0","0","54.5697937011719","183.319778442383","0","183.319778442383","86.2933349609375","521.751770019531","0","0.00421766052022576","0.0100037222728133","0","0","309.176116943359","0","0.204359233379364","0.0775619000196457","0","9","67","1","400","234","234","-1","0","68","0","33","0","15.6416301727295","0.16666667163372","0.0756123512983322","22","380","20460.0001700275","1023","20.0000001662048","24.9362189796127","9.29458880688323","10"
"Laser_Zap_Ben_Aipa","90","2","1","0","0","0","0","-29.0370197296143","0","3.58777546882629","454.980285644531","0","0","524.651428222656","0","0","0","13.5838384628296","194.501083374023","0","194.501083374023","52.5277900695801","522.675109863281","0","0.00256734061986208","0.00264207134023309","0","0","457.736206054688","0","0.0424265898764133","0.0607259161770344","0","9","73","4","400","237","237","-1","0","74","1","36","0","9.07705593109131","0.183333337306976","0.0756123512983322","22","381","20460.0003845232","1023","20.000000375878","76.3402158203918","67.2631598893005","10"
"Laser_Zap_Ben_Aipa","90","2","2","0","0","0","0","-0.240115702152252","0","18.9129238128662","117.008865356445","0","0","515.851501464844","0","0","0","161.235610961914","173.156631469727","0","173.156631469727","115.570510864258","518.622192382813","0","0.00564860738813877","0.0279190167784691","0","0","135.505737304688","0","0.760415256023407","0.0736697167158127","0","9","79","7","399","240","240","-1","0","80","0","39","0","10.6586656570435","0.200000002980232","0.0756123512983322","32","376","20460.0006555489","1023","20.0000006408103","11.672726722416","1.01406106537255","10"
"Laser_Zap_Ben_Aipa","90","2","3","0","0","0","0","0.0730706006288528","0","51.515022277832","4788.97509765625","224.518692016602","0","9302.955078125","0","0","0","364.537078857422","176.415863037109","0","176.415863037109","946.5439453125","9029.38671875","0","0.0462631471455097","0.0643101260066032","0","0","4999.48193359375","0","2.15843200683594","0.160694062709808","0","9","99","17","400","250","250","-1","0","100","0","49","0","45","0.25","0.0756123512983322","42","336","20459.9990211511","1023","19.9999990431585","46.0029702404458","1.00297024044583","10"
"Laser_Zap_Ben_Aipa","90","2","4","0","0","0","0","-0.00516531243920326","0","114.785903930664","23.6095657348633","711.77734375","0","418.361755371094","0","0","0","1141.39404296875","141.281463623047","0","141.281463623047","240.873794555664","436.937438964844","0","0.0117729119956493","0.161257818341255","0","0","848.3974609375","0","6.38039207458496","0.0742263868451118","0","9","119","27","399","260","260","-1","0","120","0","59","0","6.13919448852539","0.300000011920929","0.0756123512983322","63","334","20460.0012847016","1023","20.0000012558178","4.18670437855098","-1.95249010997441","10"
"Laser_Zap_Ben_Aipa","90","2","5","0","0","0","0","-0.947032809257507","0","165.203369140625","14.2426738739014","694.451782226563","0","370.332885742188","0","0","0","1926.07043457031","123.418182373047","0","123.418182373047","281.024475097656","423.053131103516","0","0.0137353129684925","0.237712115049362","0","0","872.1669921875","0","10.429741859436","0.0616247653961182","0","9","139","37","400","270","270","-1","0","140","0","69","0","4.18569135665894","0.349999994039536","0.0756123512983322","76","327","20459.9979441531","1023","19.9999979903745","3.3124691251156","-0.873222231543331","10"
"Laser_Zap_Ben_Aipa","90","2","6","0","0","0","0","-1.72936868667603","0","199.121887207031","11.3779067993164","950.410278320313","0","326.981964111328","0","0","0","2480.72119140625","117.677276611328","0","117.677276611328","284.865753173828","393.736175537109","0","0.0139230564236641","0.29192453622818","0","0","1158.86303710938","0","13.2686824798584","0.0553689897060394","0","9","159","47","399","280","280","-1","0","160","0","79","0","3.18128824234009","0.400000005960464","0.0756123512983322","89","330","20460.0013463754","1023","20.000001316105","2.73370367863087","-0.447584563709215","10"
"Laser_Zap_Ben_Aipa","90","2","7","0","0","0","0","-2.52613162994385","0","245.290222167969","0.46291446685791","688.775024414063","0","347.146026611328","0","0","0","3356.2890625","106.234397888184","0","106.234397888184","265.872375488281","507.661529541016","0","0.0129947382956743","0.356553375720978","0","0","931.345886230469","0","16.9249496459961","0.0477327518165112","0","9","179","57","400","290","290","-1","0","180","0","89","0","2.42769169807434","0.449999988079071","0.0756123512983322","102","332","20460.002305455","1023","20.0000022536217","2.08863158723827","-0.339060110836074","10"
"Laser_Zap_Ben_Aipa","90","2","8","0","0","0","0","-2.69769525527954","0","215.374633789063","-0.267848491668701","703.755004882813","0","370.645843505859","0","0","0","2237.21826171875","138.253524780273","0","138.253524780273","251.872299194336","504.925537109375","0","0.0123104732483625","0.309303343296051","0","0","915.165466308594","0","14.4492330551147","0.0474882982671261","0","9","187","61","400","294","294","-1","0","188","0","93","0","2.95666933059692","0.466666668653488","0.0756123512983322","101","336","20460.0013429897","1023","20.0000013127954","2.28101184240195","-0.675657488194974","10"
"Laser_Zap_Ben_Aipa","90","3","0","0","0","0","0","-1.56971406936646","0","27.1991729736328","3600.50927734375","0","0","5352.521484375","0","0","0","134.241806030273","245.147521972656","0","245.147521972656","584.469055175781","5303.38623046875","0","0.0285664238035679","0.0329090468585491","0","0","3620.59716796875","0","0.988448739051819","0.12505678832531","0","9","147","4","400","274","274","-1","0","148","0","73","0","45","0.36666664481163","0.100816465914249","60","350","20460.0008455655","1023","20.0000008265547","60.2318619546158","15.2318619546158","10"
"Laser_Zap_Ben_Aipa","90","3","1","0","0","0","0","-1.21767103672028","0","66.5457992553711","52.6347122192383","767.129638671875","0","445.995422363281","0","0","0","423.870300292969","218.677825927734","0","218.677825927734","171.628143310547","431.460571289063","0","0.00838847272098064","0.092691034078598","0","0","884.7685546875","0","3.36644768714905","0.0756985396146774","0","9","153","7","400","277","277","-1","0","154","0","76","0","7.17845630645752","0.383333325386047","0.100816465914249","72","358","20459.9989794665","1023","19.9999990024111","5.19233139419931","-1.98612491225821","10"
"Laser_Zap_Ben_Aipa","90","3","2","0","0","0","0","-1.54878830909729","0","60.9713020324707","50.6063842773438","713.19970703125","0","447.987670898438","0","0","0","356.068450927734","235.85188293457","0","235.85188293457","166.476837158203","427.171447753906","0","0.00813669804483652","0.083979420363903","0","0","822.978942871094","0","2.95645117759705","0.0761847719550133","0","9","159","10","399","280","280","-1","0","160","0","79","0","8.0147705078125","0.400000005960464","0.100816465914249","73","358","20459.9994052683","1023","19.9999994186396","5.56006451796601","-2.45470598984649","10"
"Laser_Zap_Ben_Aipa","90","3","3","0","0","0","0","-2.11562991142273","0","71.0559616088867","43.7386703491211","819.409545898438","0","432.907043457031","0","0","0","385.532653808594","243.482513427734","0","243.482513427734","176.349136352539","410.054321289063","0","0.00861921440809965","0.0938704609870911","0","0","932.110046386719","0","3.582106590271","0.0698680058121681","0","9","179","20","400","290","290","-1","0","180","0","89","0","7.15268516540527","0.449999988079071","0.100816465914249","82","359","20460.001109477","1023","20.0000010845328","5.26833668507846","-1.88434848032681","10"
"Laser_Zap_Ben_Aipa","90","3","4","0","0","0","0","-2.70941853523254","0","78.1954498291016","27.165641784668","1117.60229492188","0","394.694152832031","0","0","0","449.121154785156","234.576553344727","0","234.576553344727","172.281997680664","352.642272949219","0","0.008420430123806","0.105353288352489","0","0","1219.2119140625","0","4.4591212272644","0.04216193780303","0","9","201","31","400","301","301","-1","0","202","0","100","0","5.73488426208496","0.5","0.100816465914249","75","337","20459.9996850034","1023","19.9999996920855","4.58429196748614","-1.15059229459883","10"
"Laser_Zap_Ben_Aipa","90","3","5","0","0","0","0","-3.23843574523926","0","91.3962173461914","25.9922962188721","913.828247070313","0","405.354431152344","0","0","0","566.684997558594","222.230941772461","0","222.230941772461","205.19775390625","389.871185302734","0","0.0100292144343257","0.125934943556786","0","0","1028.49584960938","0","5.23438739776611","0.0295378379523754","0","9","219","40","400","310","310","-1","0","220","0","109","0","5.54093360900879","0.550000011920929","0.100816465914249","77","338","20460.0026502521","1023","20.0000025906667","4.56776175580159","-0.973171853207203","10"
"Laser_Zap_Ben_Aipa","90","3","6","0","0","0","0","-3.53090763092041","0","107.641937255859","18.8215885162354","1089.40368652344","0","402.105804443359","0","0","0","695.666259765625","207.249221801758","0","207.249221801758","195.041229248047","403.673583984375","0","0.00953280739486217","0.144176289439201","0","0","1211.37158203125","0","6.2353401184082","0.0189498364925385","0","9","227","44","400","314","314","-1","0","228","0","113","0","4.75400590896606","0.566666662693024","0.100816465914249","73","336","20459.9989456586","1023","19.9999989693633","3.79111140998959","-0.962894498976475","10"
"Laser_Zap_Ben_Aipa","90","3","7","0","0","0","0","-3.67777299880981","0","98.7091827392578","11.462718963623","850.619995117188","0","435.244201660156","0","0","0","635.873962402344","207.725463867188","0","207.725463867188","145.024658203125","457.93212890625","0","0.00708820438012481","0.132087215781212","0","0","955.915161132813","0","5.63692855834961","0.0186670571565628","0","9","233","47","400","317","317","-1","0","234","0","116","0","4.74863004684448","0.583333313465118","0.100816465914249","74","340","20459.9995183225","1023","19.999999529152","3.07614459863997","-1.67248544820452","10"
