"board","drift_deg","roll_case","element_index","boundary_layer_mm","Cl0_Savitsky","Cl0_theorique","Cv_Savitsky","delta_plan_horizontal_deg","deviation_rail_deg","Fx_friction_n","Fx_planing","Fx_rail_n","Fx_rocker","Fz_planing_n","lamda_Savitsky","laminar_boundary_layer_mm","laminar_turbulent_transition_mm","largeur_B_element_mm","longueur_calcul_largeur_element_mm","longueur_element_mm","longueur_mouillee_element_mm","masse_flux_devie_kg_sec_planing","portance_globale_verticale_n","pression_dynamique_B","section_frontale_flux_devie_m2_planing","surface_contact_m2","surface_coupe_partie_immergee_m2","surface_max_element_m2","trainee_globale_horizontale_n","volume_deplacement_litres","volume_litres","inclinaison_roulis_rad_ligne_attack","inclinaison_roulis_rad_ligne_surface","index_dernier_element_on_attack","index_L1_max","index_L1_min","index_L2_max","index_L2_min","index_nose","index_point_contact","index_point_decrochage","index_point_roulis_avant_dans_tab_index_axe_roulis","index_premier_element_on_attack","index_tail","point_attack_on_outline","incidence_deg_stored","pos_x","pos_y","attack_index_1","attack_index_2","rho_v_kg_m2_s","rho_kgm3","scan_speed_ms","incidence_deg_derived","incidence_deg_residual","n_sub_elements"
"2003_Taylor_Knox_channel_island_Copy_1","0","0","0","0","0","0","0","-2.00909352302551","0","2.75417447090149","190.832672119141","0.000220454399823211","0.000220454399823211","509.823638916016","0","0","0","108.810256958008","40.0245780944824","0","40.0245780944824","54.7282218933105","508.268768310547","0","0.00266966945491731","0.00435508461669087","0","0","193.106201171875","50.5476150512695","0.0674571543931961","0","0","8","199","1","392","201","200","-1","0","200","0","0","0","31.7483959197998","0.0166666675359011","0","7","392","20499.9992761297","1025","19.9999992937851","37.8067829760331","6.05838705623331","10"
"2003_Taylor_Knox_channel_island_Copy_1","0","0","1","0","0","0","0","-1.9582325220108","0","10.4268646240234","80.8701629638672","0.00320044998079538","0.00320044998079538","511.348815917969","0","0","0","295.452728271484","50.0291938781738","0","50.0291938781738","90.6023483276367","508.267974853516","0","0.0044196262024343","0.0147812599316239","0","0","90.8347625732422","50.5476150512695","0.24596244096756","0","0","9","199","1","389","201","200","-1","0","200","0","0","0","15.3315019607544","0.0333333350718021","0","12","388","20500.0025291129","1025","20.0000024674272","17.3976681755203","2.0661662147659","10"
"2003_Taylor_Knox_channel_island_Copy_1","0","0","2","0","0","0","0","-1.72972369194031","0","17.9838161468506","59.6485939025879","0.00840350240468979","0.00840350240468979","512.295959472656","0","0","0","257.214996337891","100.045570373535","0","100.045570373535","117.338226318359","508.266967773438","0","0.00572381587699056","0.025733221322298","0","0","77.1837692260742","50.5476150512695","0.450991809368134","0","0","9","199","1","387","201","200","-1","0","200","0","0","0","11.4357118606567","0.0500000007450581","0","16","385","20500.0001467645","1025","20.0000001431849","12.8517429018833","1.41603104122653","10"
"2003_Taylor_Knox_channel_island_Copy_1","0","0","3","0","0","0","0","-0.932698488235474","0","58.0626602172852","31.9160442352295","0.113202646374702","0.113202646374702","515.325622558594","0","0","0","287.066009521484","300.039764404297","0","300.039764404297","212.666305541992","508.254669189453","0","0.0103739658370614","0.0861312225461006","0","0","89.6591262817383","50.5476150512695","1.88331723213196","0","0","9","199","1","379","201","200","-1","0","200","0","0","0","6.52748250961304","0.100000001490116","0","32","369","20500.0005670188","1025","20.0000005531891","6.9177126419694","0.39023013235636","10"
"2003_Taylor_Knox_channel_island_Copy_1","0","0","4","0","0","0","0","-0.467531621456146","0","105.150939941406","23.5422611236572","0.447838127613068","0.447838127613068","517.476135253906","0","0","0","360.155578613281","450.015014648438","0","450.015014648438","291.100891113281","508.228057861328","0","0.0142000438645482","0.162075415253639","0","0","128.728866577148","50.5476150512695","4.11396217346191","0","0","9","199","1","369","201","200","-1","0","200","0","0","0","5.3528938293457","0.150000005960464","0","53","355","20499.999428878","1025","19.9999994428078","5.02634574471581","-0.326548084629891","10"
"2003_Taylor_Knox_channel_island_Copy_1","0","0","5","0","0","0","0","-0.0250287540256977","0","159.287857055664","19.1880035400391","0.576728463172913","0.576728463172913","519.261169433594","0","0","0","392.202667236328","650.000183105469","0","650.000183105469","362.893859863281","508.225494384766","0","0.0177021380513906","0.254931807518005","0","0","178.657958984375","50.5476150512695","7.14591550827026","0","0","9","199","1","359","201","200","-1","0","200","0","0","0","4.87341737747192","0.200000002980232","0","74","338","20500.0016839646","1025","20.0000016428922","3.98174974985273","-0.891667627619199","10"
"2003_Taylor_Knox_channel_island_Copy_1","0","0","6","0","0","0","0","0.214430510997772","0","212.216842651367","16.6735725402832","0.435929596424103","0.435929596424103","520.657043457031","0","0","0","414.897430419922","850.006103515625","0","850.006103515625","423.577117919922","508.239593505859","0","0.0206622984260321","0.352665364742279","0","0","228.945281982422","50.5476150512695","10.5490169525146","0","0","9","199","1","349","201","200","-1","0","200","0","0","0","4.53479719161987","0.25","0","94","320","20500.0000090147","1025","20.0000000087948","3.35882402471162","-1.17597316690826","10"
"2003_Taylor_Knox_channel_island_Copy_1","0","0","7","0","0","0","0","0.25079333782196","0","265.093505859375","14.8153858184814","0.257084667682648","0.257084667682648","521.903442382813","0","0","0","434.20556640625","1050.01013183594","0","1050.01013183594","480.356658935547","508.257415771484","0","0.0234320312738419","0.455920219421387","0","0","279.795959472656","50.5476150512695","14.1450977325439","0","0","9","199","1","339","201","200","-1","0","200","0","0","0","4.13329887390137","0.300000011920929","0","112","298","20500.0007605738","1025","20.0000007420232","2.94601581660081","-1.18728305730055","10"
"2003_Taylor_Knox_channel_island_Copy_1","0","0","8","0","0","0","0","0.0840674340724945","0","311.56201171875","13.379020690918","1.57374954223633","1.57374954223633","522.997619628906","0","0","0","436.454772949219","1250.00122070313","0","1250.00122070313","530.68603515625","508.214996337891","0","0.0258871223777533","0.545569002628326","0","0","326.151458740234","50.5476150512695","17.1459732055664","0","0","9","199","1","329","201","200","-1","0","200","0","0","0","3.6386547088623","0.349999994039536","0","127","277","20500.0010202875","1025","20.0000009954025","2.71969264749158","-0.918962061370728","10"
"2003_Taylor_Knox_channel_island_Copy_1","0","0","9","0","0","0","0","-0.285769313573837","0","352.803588867188","12.3780469894409","9.85980033874512","9.85980033874512","523.832153320313","0","0","0","438.012420654297","1450.01770019531","0","1450.01770019531","572.219848632813","507.937347412109","0","0.0279131643474102","0.635125756263733","0","0","374.680053710938","50.5476150512695","19.6922492980957","0","0","8","199","1","319","201","200","-1","0","200","1","0","0","3.01763772964478","0.400000005960464","0","147","258","20499.9992659701","1025","19.9999992838733","2.51890554544052","-0.498732184204256","10"
"2003_Taylor_Knox_channel_island_Copy_1","0","0","10","0","0","0","0","-0.858607113361359","0","391.548461914063","11.9933805465698","39.7429962158203","39.7429962158203","524.161376953125","0","0","0","437.807464599609","1650.18481445313","0","1650.18481445313","597.365539550781","506.882598876953","0","0.0291397832334042","0.722463250160217","0","0","442.910766601563","50.5476150512695","21.6213893890381","0","0","7","199","1","309","201","200","-1","0","200","2","0","0","2.18737316131592","0.449999988079071","0","169","234","20499.9994257334","1025","19.9999994397399","2.31159115928699","0.124217997971071","10"
"2003_Taylor_Knox_channel_island_Copy_1","0","0","11","0","0","0","0","-1.22109889984131","0","407.159606933594","12.1297788619995","134.530624389648","134.530624389648","523.891052246094","0","0","0","430.413513183594","1750.39685058594","0","1750.39685058594","593.787292480469","502.388153076172","0","0.0289652366191149","0.753394484519958","0","0","553.337646484375","50.5476150512695","21.9986934661865","0","0","6","199","1","306","201","200","-1","0","200","3","0","0","1.68998491764069","0.466666668653488","0","179","222","20499.9979903017","1025","19.9999980393188","2.20335431159132","0.513369393950633","10"
"2003_Taylor_Knox_channel_island_Copy_1","0","1","0","0","0","0","0","-2.25263452529907","0","6.96021890640259","114.07080078125","0.001668615732342","0.001668615732342","546.025268554688","0","0","0","154.299102783203","63.820987701416","0","63.820987701416","78.9094696044922","508.268493652344","0","0.00384924234822392","0.00984752178192139","0","0","120.532562255859","50.5476150512695","0.160608246922493","0.36172679066658","0","9","206","0","395","221","206","-1","0","220","0","5","0","20.0287170410156","0.0333333350718021","0.025906428694725","10","387","20500.0003808286","1025","20.0000003715401","23.009540267156","2.98082322614033","10"
"2003_Taylor_Knox_channel_island_Copy_1","0","1","1","0","0","0","0","-1.87385833263397","0","16.6577930450439","63.7387084960938","0.00773017201572657","0.00773017201572657","519.6494140625","0","0","0","210.258514404297","111.432113647461","0","111.432113647461","113.857498168945","508.267150878906","0","0.00555402413010597","0.0234295502305031","0","0","79.9391021728516","50.5476150512695","0.4201480448246","0.170463770627975","0","9","206","0","393","221","206","-1","0","220","0","5","0","12.146936416626","0.0500000007450581","0.025906428694725","15","383","20500.0006304929","1025","20.000000615115","13.7126178310784","1.56568141445239","10"
"2003_Taylor_Knox_channel_island_Copy_1","0","1","2","0","0","0","0","-0.854377448558807","0","56.0099906921387","33.0929565429688","0.0903291180729866","0.0903291180729866","517.476806640625","0","0","0","270.385559082031","301.799346923828","0","301.799346923828","208.560684204102","508.257843017578","0","0.0101736914366484","0.0816021934151649","0","0","88.7585525512695","50.5476150512695","1.80264699459076","0.0947482958436012","0","9","206","0","385","221","206","-1","0","220","0","5","0","6.80874586105347","0.100000001490116","0.025906428694725","24","358","20500.0009586304","1025","20.0000009352492","7.16194467039993","0.353198809346466","10"
"2003_Taylor_Knox_channel_island_Copy_1","0","1","3","0","0","0","0","-0.201240912079811","0","108.818916320801","23.6207046508789","0.39247938990593","0.39247938990593","518.584716796875","0","0","0","340.270111083984","492.152648925781","0","492.152648925781","295.072631835938","508.233581542969","0","0.0143937868997455","0.167464837431908","0","0","132.420867919922","50.5476150512695","4.37790393829346","0.0640608295798302","0","9","206","0","375","221","206","-1","0","220","0","5","0","5.41946649551392","0.150000005960464","0.025906428694725","34","330","20500.0000271753","1025","20.0000000265125","4.93071905005609","-0.488747445457826","10"
"2003_Taylor_Knox_channel_island_Copy_1","0","1","4","0","0","0","0","0.229521378874779","0","156.612182617188","19.500919342041","0.53128045797348","0.53128045797348","519.866638183594","0","0","0","367.275177001953","682.535461425781","0","682.535461425781","360.041137695313","508.227478027344","0","0.0175629779696465","0.250678330659866","0","0","176.249130249023","50.5476150512695","7.13461208343506","0.053567249327898","0","9","206","0","365","221","206","-1","0","220","0","5","0","4.88272047042847","0.200000002980232","0.025906428694725","45","308","20500.005085559","1025","20.000004961521","4.0175374491611","-0.865183021267368","10"
"2003_Taylor_Knox_channel_island_Copy_1","0","1","5","0","0","0","0","0.482508629560471","0","207.197448730469","16.5253601074219","0.841246962547302","0.841246962547302","521.685852050781","0","0","0","372.197387695313","920.537109375","0","920.537109375","424.528442382813","508.220397949219","0","0.0207087025046349","0.342621505260468","0","0","224.182022094727","50.5476150512695","10.3241472244263","0.064127042889595","0","9","206","0","355","221","206","-1","0","220","0","5","0","4.44530630111694","0.25","0.025906428694725","56","285","20500.0019816692","1025","20.0000019333358","3.46517908459061","-0.980127216526331","10"
"2003_Taylor_Knox_channel_island_Copy_1","0","1","6","0","0","0","0","0.485358536243439","0","241.733917236328","15.0467405319214","3.54864358901978","3.54864358901978","523.248901367188","0","0","0","383.303680419922","1063.32751464844","0","1063.32751464844","465.392028808594","508.092010498047","0","0.0227020494639874","0.407577365636826","0","0","259.951324462891","50.5476150512695","12.5093297958374","0.0815140604972839","0","8","206","0","345","221","206","-1","0","220","0","5","0","4.12303876876831","0.300000011920929","0.025906428694725","65","271","20500.0006517849","1025","20.0000006358877","3.19302617216744","-0.930012596600868","10"
"2003_Taylor_Knox_channel_island_Copy_1","0","1","7","0","0","0","0","0.315239369869232","0","279.748321533203","14.0897045135498","13.0148048400879","13.0148048400879","528.023193359375","0","0","0","386.744537353516","1253.68896484375","0","1253.68896484375","506.501373291016","507.595764160156","0","0.0247073825448751","0.484857320785522","0","0","306.469177246094","50.5476150512695","14.9841251373291","0.148980334401131","0","8","206","0","335","221","206","-1","0","220","0","5","0","3.55854177474976","0.349999994039536","0.025906428694725","67","248","20500.0012595861","1025","20.0000012288645","2.92094592365796","-0.637595851091793","10"
"2003_Taylor_Knox_channel_island_Copy_1","0","1","8","0","0","0","0","-0.312851369380951","0","307.3095703125","14.2171125411987","22.1163387298584","22.1163387298584","535.356750488281","0","0","0","351.700286865234","1539.26257324219","0","1539.26257324219","528.496032714844","507.188537597656","0","0.0257802940905094","0.541359066963196","0","0","343.253143310547","50.5476150512695","16.6901149749756","0.221816524863243","0","6","206","0","325","221","206","-1","0","220","0","5","0","2.94591808319092","0.400000005960464","0.025906428694725","61","229","20500.0001497035","1025","20.0000001460522","2.72953930800566","-0.216378775185257","10"
"2003_Taylor_Knox_channel_island_Copy_1","0","2","0","0","0","0","0","-1.10904371738434","0","12.426721572876","88.0553970336914","0.00363109936006367","0.00363109936006367","573.771423339844","0","0","0","113.947280883789","151.611846923828","0","151.611846923828","104.402648925781","508.2666015625","0","0.00509281270205975","0.017275758087635","0","0","99.9655532836914","50.5476150512695","0.302097469568253","0.470470100641251","0","9","211","0","395","232","211","-1","0","231","0","10","0","15.7345323562622","0.0666666701436043","0.0518128573894501","12","374","20499.9977485048","1025","19.9999978034193","17.1452648996321","1.41073254336992","10"
"2003_Taylor_Knox_channel_island_Copy_1","0","2","1","0","0","0","0","-1.10904371738434","0","15.7112865447998","79.3805694580078","0.00758880795910954","0.00758880795910954","582.008911132813","0","0","0","140.973480224609","151.611846923828","0","151.611846923828","117.027900695801","508.2666015625","0","0.00570867909118533","0.0213732495903969","0","0","94.574821472168","50.5476150512695","0.393660396337509","0.496266037225723","0","9","211","0","392","232","211","-1","0","231","0","10","0","14.3708782196045","0.0833333358168602","0.0518128573894501","11","365","20499.9963785846","1025","19.9999964669118","15.4914501419879","1.12057192238346","10"
"2003_Taylor_Knox_channel_island_Copy_1","0","2","2","0","0","0","0","-0.517689883708954","0","32.6194152832031","47.6932144165039","0.0308181680738926","0.0308181680738926","540.363220214844","0","0","0","161.830841064453","282.535888671875","0","282.535888671875","161.270584106445","508.263549804688","0","0.00786685664206743","0.045723021030426","0","0","79.8757934570313","50.5476150512695","0.952882349491119","0.316889494657516","0","9","211","0","390","232","211","-1","0","231","0","10","0","9.53212642669678","0.100000001490116","0.0518128573894501","16","354","20500.0029165477","1025","20.0000028454124","9.90730019113419","0.375173764437413","10"
"2003_Taylor_Knox_channel_island_Copy_1","0","2","3","0","0","0","0","-0.0361885279417038","0","63.1956367492676","34.029296875","0.111122526228428","0.111122526228428","539.4951171875","0","0","0","227.087326049805","413.455993652344","0","413.455993652344","226.659210205078","508.255920410156","0","0.0110565461218357","0.0938906148076057","0","0","96.8938827514648","50.5476150512695","2.30391788482666","0.30096098780632","0","9","211","0","380","232","211","-1","0","231","0","10","0","7.38139915466309","0.150000005960464","0.0518128573894501","17","322","20500.0013302026","1025","20.0000012977586","6.7628355001236","-0.618563654539484","10"
"2003_Taylor_Knox_channel_island_Copy_1","0","2","4","0","0","0","0","0.710060715675354","0","121.432342529297","23.1408100128174","0.51865953207016","0.51865953207016","528.51904296875","0","0","0","269.687133789063","718.997375488281","0","718.997375488281","318.981842041016","508.229949951172","0","0.015560089610517","0.193904355168343","0","0","144.683609008789","50.5476150512695","5.34748697280884","0.202127560973167","0","9","211","0","370","232","211","-1","0","231","0","10","0","5.45427083969116","0.200000002980232","0.0518128573894501","24","293","20500.0003229684","1025","20.0000003150911","4.60271835896087","-0.851552480730293","10"
"2003_Taylor_Knox_channel_island_Copy_1","0","2","5","0","0","0","0","0.909503638744354","0","162.543319702148","19.2027606964111","2.92928719520569","2.92928719520569","529.647094726563","0","0","0","281.643463134766","937.264404296875","0","937.264404296875","378.922271728516","508.093139648438","0","0.0184840131551027","0.263974368572235","0","0","184.276977539063","50.5476150512695","7.75814294815063","0.199218541383743","0","8","211","0","360","232","211","-1","0","231","0","10","0","4.75102043151855","0.25","0.0518128573894501","28","274","20500.0001108477","1025","20.0000001081441","4.0152504405938","-0.73576999092475","10"
"2003_Taylor_Knox_channel_island_Copy_1","0","2","6","0","0","0","0","0.828588664531708","0","190.874298095703","17.5823249816895","32.5931968688965","32.5931968688965","538.9453125","0","0","0","277.033599853516","1155.47961425781","0","1155.47961425781","421.394500732422","506.115478515625","0","0.020555829629302","0.320106685161591","0","0","240.584381103516","50.5476150512695","9.50321865081787","0.266525119543076","0","8","211","0","350","232","211","-1","0","231","0","10","0","4.21557903289795","0.300000011920929","0.0518128573894501","30","259","20499.999675602","1025","19.9999996835142","3.68181395911346","-0.533765073784487","10"
"2003_Taylor_Knox_channel_island_Copy_1","0","2","7","0","0","0","0","0.357759296894073","0","217.773773193359","16.2095127105713","39.8096237182617","39.8096237182617","540.061706542969","0","0","0","263.593536376953","1417.24816894531","0","1417.24816894531","456.042541503906","505.944519042969","0","0.022245978936553","0.373577445745468","0","0","273.340881347656","50.5476150512695","11.1497764587402","0.26953598856926","0","6","211","0","340","232","211","-1","0","231","0","10","0","3.68821001052856","0.349999994039536","0.0518128573894501","30","244","20499.9987999885","1025","19.9999988292571","3.41389765322729","-0.274312357301274","10"
"2003_Taylor_Knox_channel_island_Copy_1","0","2","8","0","0","0","0","0.109185181558132","0","214.629318237305","17.0436229705811","16.9481658935547","16.9481658935547","555.414855957031","0","0","0","246.681610107422","1504.50903320313","0","1504.50903320313","459.821166992188","507.339904785156","0","0.0224303007125854","0.371134728193283","0","0","248.204315185547","50.5476150512695","11.1195602416992","0.357757270336151","0","6","211","0","337","232","211","-1","0","231","0","10","0","3.68375158309937","0.366666674613953","0.0518128573894501","26","239","20500.0001062931","1025","20.0000001037006","3.4649015250711","-0.218850058028265","10"
"2003_Taylor_Knox_channel_island_Copy_1","0","3","0","0","0","0","0","-0.924521684646606","0","3.18238759040833","454.246368408203","0.00295171281322837","0.00295171281322837","746.806213378906","0","0","0","21.2347793579102","217.281997680664","0","217.281997680664","74.7661056518555","344.208251953125","0","0.00364712765440345","0.00461393501609564","0","0","456.467498779297","50.5476150512695","0.0707947537302971","1.09018635749817","0","9","220","0","396","253","220","-1","0","252","0","19","0","45","0.116666674613953","0.0777192860841751","10","380","20499.9969117025","1025","19.9999969870268","52.2284464856839","7.2284464856839","10"
"2003_Taylor_Knox_channel_island_Copy_1","0","3","1","0","0","0","0","0.158430576324463","0","11.4389200210571","131.940887451172","0.00931463856250048","0.00931463856250048","712.113098144531","0","0","0","53.4160423278809","292.8076171875","0","292.8076171875","112.057075500488","508.269805908203","0","0.00546619854867458","0.0156406238675117","0","0","142.719787597656","50.5476150512695","0.277639597654343","0.770400166511536","0","9","220","0","393","253","220","-1","0","252","0","19","0","19.8658657073975","0.133333340287209","0.0777192860841751","13","366","20500.0009609346","1025","20.0000009374972","20.4559556730234","0.590089965625939","10"
"2003_Taylor_Knox_channel_island_Copy_1","0","3","2","0","0","0","0","0.708195447921753","0","28.0195388793945","62.1193618774414","0.01902861520648","0.01902861520648","610.064270019531","0","0","0","96.7695693969727","406.106781005859","0","406.106781005859","159.55680847168","508.264007568359","0","0.00778325973078609","0.0392987765371799","0","0","89.625","50.5476150512695","0.824068427085876","0.572441637516022","0","9","220","0","389","253","220","-1","0","252","0","19","0","11.9123849868774","0.150000005960464","0.0777192860841751","16","345","20499.9979430938","1025","19.9999979932623","11.4231547582059","-0.489230228671532","10"
"2003_Taylor_Knox_channel_island_Copy_1","0","3","3","0","0","0","0","1.31334865093231","0","59.2006492614746","39.3491058349609","0.178208321332932","0.178208321332932","591.11474609375","0","0","0","140.902877807617","632.760498046875","0","632.760498046875","233.71923828125","508.249389648438","0","0.0114009398967028","0.0891577824950218","0","0","98.2496185302734","50.5476150512695","2.24703907966614","0.514085948467255","0","9","220","0","379","253","220","-1","0","252","0","19","0","8.38142013549805","0.200000002980232","0.0777192860841751","18","311","20499.9974036214","1025","19.9999974669477","7.3467422318768","-1.03467790362125","10"
"2003_Taylor_Knox_channel_island_Copy_1","0","3","4","0","0","0","0","1.54716408252716","0","78.6396026611328","34.5201263427734","1.19705128669739","1.19705128669739","607.534240722656","0","0","0","149.800918579102","821.671142578125","0","821.671142578125","278.907440185547","508.164459228516","0","0.0136052407324314","0.123087078332901","0","0","113.879913330078","50.5476150512695","3.26986265182495","0.557721734046936","0","8","220","0","369","253","220","-1","0","252","0","19","0","7.39286947250366","0.25","0.0777192860841751","18","291","20500.0003800523","1025","20.0000003707827","6.34606743932388","-1.04680203317979","10"
"2003_Taylor_Knox_channel_island_Copy_1","0","3","5","0","0","0","0","1.4928332567215","0","104.330276489258","30.2094039916992","3.9862208366394","3.9862208366394","622.821350097656","0","0","0","155.30793762207","1086.07934570313","0","1086.07934570313","331.605163574219","507.973327636719","0","0.0161758605390787","0.168676748871803","0","0","138.045867919922","50.5476150512695","4.71901082992554","0.593408405780792","0","7","220","0","359","253","220","-1","0","252","0","19","0","6.32467651367188","0.300000011920929","0.0777192860841751","20","273","20500.0013923899","1025","20.0000013584292","5.50304092826874","-0.82163558540313","10"
"2003_Taylor_Knox_channel_island_Copy_1","0","3","6","0","0","0","0","0.878455221652985","0","125.237251281738","30.9212303161621","8.59994697570801","8.59994697570801","683.460754394531","0","0","0","149.680236816406","1388.03674316406","0","1388.03674316406","386.604827880859","507.7021484375","0","0.0188587717711926","0.2077616751194","0","0","164.233596801758","50.5476150512695","5.95217514038086","0.713833272457123","0","6","220","0","349","253","220","-1","0","252","0","19","0","5.75066900253296","0.349999994039536","0.0777192860841751","20","259","20500.0003484539","1025","20.000000339955","5.20797404355301","-0.542694958979946","10"
"2003_Taylor_Knox_channel_island_Copy_1","0","3","7","0","0","0","0","0.339246571063995","0","132.531005859375","30.5157470703125","12.6772441864014","12.6772441864014","691.914184570313","0","0","0","143.331115722656","1538.97692871094","0","1538.97692871094","401.520965576172","507.443084716797","0","0.0195863880217075","0.220583260059357","0","0","175.182983398438","50.5476150512695","6.33116769790649","0.727531373500824","0","5","220","0","346","253","220","-1","0","252","0","19","0","5.47104930877686","0.366666674613953","0.0777192860841751","20","255","20500.0005683114","1025","20.0000005544501","5.09420875375084","-0.376840555026014","10"
"2003_Taylor_Knox_channel_island_Copy_1","0","4","0","0","0","0","0","0.59948855638504","0","3.36842322349548","418.422149658203","0.015168322250247","0.015168322250247","723.474853515625","0","0","0","11.727409362793","407.00830078125","0","407.00830078125","72.4029541015625","219.457595825195","0","0.00353185110725462","0.00477315299212933","0","0","9888.6572265625","50.5476150512695","0.0722656846046448","1.26155483722687","0","9","236","0","395","289","236","-1","0","288","0","35","0","45","0.200000002980232","0.1036257147789","16","376","20500.0018128858","1025","20.0000017686691","47.7263816183831","2.7263816183831","10"
"2003_Taylor_Knox_channel_island_Copy_1","0","4","1","0","0","0","0","2.08464241027832","0","22.8473167419434","139.758346557617","0.0116699151694775","0.0116699151694775","971.105773925781","0","0","0","50.9012680053711","635.12060546875","0","635.12060546875","186.301727294922","508.279479980469","0","0.00908788852393627","0.0323284454643726","0","0","161.763122558594","50.5476150512695","0.703038692474365","1.01601755619049","0","9","236","0","385","289","236","-1","0","288","0","35","0","17.3887901306152","0.25","0.1036257147789","23","340","20500.0013814241","1025","20.0000013477308","16.3265372520015","-1.06225287861371","10"
"2003_Taylor_Knox_channel_island_Copy_1","0","4","2","0","0","0","0","2.28057861328125","0","37.5989379882813","101.743537902832","0.421985924243927","0.421985924243927","966.53955078125","0","0","0","66.5494232177734","863.291442871094","0","863.291442871094","243.074630737305","508.235168457031","0","0.0118572991341352","0.0574515461921692","0","0","138.970611572266","50.5476150512695","1.35273420810699","1.01212513446808","0","8","236","0","375","289","236","-1","0","288","0","35","0","13.3872985839844","0.300000011920929","0.1036257147789","24","317","20499.9998724442","1025","19.9999998755553","11.9107522449509","-1.4765463390335","10"
"2003_Taylor_Knox_channel_island_Copy_1","0","4","3","0","0","0","0","2.02271604537964","0","48.9110565185547","126.049591064453","1.56780004501343","1.56780004501343","1238.37866210938","0","0","0","68.7805633544922","1119.88037109375","0","1119.88037109375","320.328948974609","508.159057617188","0","0.0156258028000593","0.0770260021090508","0","0","175.535247802734","50.5476150512695","1.9267805814743","1.14431774616241","0","7","236","0","365","289","236","-1","0","288","0","35","0","12.8984260559082","0.349999994039536","0.1036257147789","23","300","20499.9994607249","1025","19.9999994738779","11.7044879606218","-1.19393809528641","10"
"2003_Taylor_Knox_channel_island_Copy_1","0","4","4","0","0","0","0","1.90063178539276","0","48.9074058532715","145.151443481445","2.35856437683105","2.35856437683105","1361.57470703125","0","0","0","66.3136596679688","1176.86828613281","0","1176.86828613281","337.707366943359","508.101623535156","0","0.0164735298603773","0.0780424475669861","0","0","195.314819335938","50.5476150512695","1.94488763809204","1.18522262573242","0","6","236","0","362","289","236","-1","0","288","0","35","0","13.3973436355591","0.366666674613953","0.1036257147789","22","297","20500.000291718","1025","20.0000002846029","12.1858991083159","-1.21144452724314","10"
"2003_Taylor_Knox_channel_island_Copy_1","0","4","5","0","0","0","0","1.48621153831482","0","50.1790809631348","253.639892578125","3.44690251350403","3.44690251350403","1976.39379882813","0","0","0","61.6833419799805","1319.27954101563","0","1319.27954101563","416.362854003906","508.014739990234","0","0.0203103832900524","0.0813775733113289","0","0","305.630645751953","50.5476150512695","2.00383639335632","1.30905699729919","0","6","236","0","359","289","236","-1","0","288","0","35","0","15.547890663147","0.38333335518837","0.1036257147789","21","292","20499.9998305217","1025","19.9999998346554","14.4527830963728","-1.09510756677419","10"
"2003_Taylor_Knox_channel_island_Copy_1","10","0","0","0","0","0","0","-2.90158152580261","0","3.15748119354248","171.506973266602","0.00099639140535146","0.00099639140535146","510.323974609375","0","0","0","153.198806762695","34.2811889648438","0","34.2811889648438","56.9317474365234","508.268371582031","0","0.00277715804986656","0.0052518374286592","0","0","174.188781738281","50.5476150512695","0.0768526494503021","-0.0390263870358467","0","9","135","2","393","201","201","-1","0","136","1","0","0","29.4564914703369","0.0166666675359011","0","9","393","20500.0026697289","1025","20.0000026046135","31.924238135313","2.46774666497613","10"
"2003_Taylor_Knox_channel_island_Copy_1","10","0","1","0","0","0","0","-1.51363337039948","0","8.30008316040039","92.2673873901367","0.00466145947575569","0.00466145947575569","511.324737548828","0","0","0","176.440689086914","69.8632278442383","0","69.8632278442383","81.9141464233398","508.267425537109","0","0.00399581156671047","0.0123267164453864","0","0","100.104721069336","50.5476150512695","0.194967925548553","-0.0349916443228722","0","9","138","3","391","202","202","-1","0","139","0","1","0","17.4294376373291","0.0333333350718021","0","13","391","20500.0023288824","1025","20.0000022720804","18.9146095032572","1.48517186592814","10"
"2003_Taylor_Knox_channel_island_Copy_1","10","0","2","0","0","0","0","-1.67182385921478","0","20.2188320159912","56.1986808776855","0.0137960100546479","0.0137960100546479","512.8056640625","0","0","0","203.970275878906","141.229187011719","0","141.229187011719","124.057914733887","508.266021728516","0","0.00605160603299737","0.0288065560162067","0","0","75.9742050170898","50.5476150512695","0.516093134880066","-0.0323593840003014","0","9","140","3","389","202","202","-1","0","141","0","1","0","10.7671337127686","0.0500000007450581","0","19","386","20499.9985222833","1025","19.9999985583252","12.1268872972327","1.3597535844641","10"
"2003_Taylor_Knox_channel_island_Copy_1","10","0","3","0","0","0","0","-0.850327253341675","0","60.325080871582","31.458459854126","0.16767805814743","0.16767805814743","515.489685058594","0","0","0","307.073333740234","293.396789550781","0","293.396789550781","216.646026611328","508.247375488281","0","0.0105680972337723","0.0900943279266357","0","0","91.5195541381836","50.5476150512695","1.98773658275604","-0.0148685919120908","0","9","147","5","383","204","204","-1","0","148","0","3","0","6.44189739227295","0.100000001490116","0","36","371","20500.0031527905","1025","20.0000030758932","6.73632406039633","0.294426668123379","10"
"2003_Taylor_Knox_channel_island_Copy_1","10","0","4","0","0","0","0","-0.173284202814102","0","110.160179138184","23.046573638916","0.639714956283569","0.639714956283569","517.68603515625","0","0","0","342.486206054688","494.140899658203","0","494.140899658203","298.264892578125","508.213745117188","0","0.014549508690834","0.169236436486244","0","0","133.435852050781","50.5476150512695","4.34515428543091","-0.0115262065082788","0","9","154","7","375","206","206","-1","0","155","0","5","0","5.2989239692688","0.150000005960464","0","55","354","20499.9975542835","1025","19.9999976139352","4.93189152298994","-0.367032446278857","10"
"2003_Taylor_Knox_channel_island_Copy_1","10","0","5","0","0","0","0","0.263771146535873","0","166.526229858398","18.6964015960693","1.32073593139648","1.32073593139648","519.528259277344","0","0","0","401.419403076172","666.781616210938","0","666.781616210938","372.108093261719","508.1796875","0","0.0181516148149967","0.267659068107605","0","0","186.147903442383","50.5476150512695","7.59052610397339","-0.00756802968680859","0","9","160","8","366","207","207","-1","0","161","0","6","0","4.80138683319092","0.200000002980232","0","73","332","20499.9994245298","1025","19.9999994385656","3.88856509234696","-0.912821740843957","10"
"2003_Taylor_Knox_channel_island_Copy_1","10","0","6","0","0","0","0","0.636227130889893","0","215.243118286133","16.1742916107178","2.179039478302","2.179039478302","520.952575683594","0","0","0","415.802368164063","848.135131835938","0","848.135131835938","430.330078125","508.142669677734","0","0.020991712808609","0.352656573057175","0","0","233.209518432617","50.5476150512695","10.5175371170044","-0.00601657759398222","0","9","166","10","358","209","209","-1","0","167","0","8","0","4.48274374008179","0.25","0","89","315","20499.9983588054","1025","19.9999983988346","3.41252069460383","-1.07022304547796","10"
"2003_Taylor_Knox_channel_island_Copy_1","10","0","7","0","0","0","0","0.788055002689362","0","262.596008300781","14.2529163360596","3.09909272193909","3.09909272193909","522.283874511719","0","0","0","445.835327148438","994.653564453125","0","994.653564453125","484.593536376953","508.103118896484","0","0.0236387103796005","0.443451702594757","0","0","279.566253662109","50.5476150512695","13.6387929916382","-0.00740440795198083","0","9","172","12","350","211","211","-1","0","173","1","10","0","4.12451553344727","0.300000011920929","0","106","297","20499.9988829823","1025","19.9999989102266","3.05566671385664","-1.06884881959063","10"
"2003_Taylor_Knox_channel_island_Copy_1","10","0","8","0","0","0","0","0.786669850349426","0","278.970031738281","13.7472476959229","2.4883861541748","2.4883861541748","522.721923828125","0","0","0","441.49365234375","1079.69274902344","0","1079.69274902344","502.180114746094","508.142913818359","0","0.024496590718627","0.476677507162094","0","0","294.826690673828","50.5476150512695","14.7304592132568","-0.0114178340882063","0","9","173","12","347","211","211","-1","0","174","1","10","0","3.97946715354919","0.316666692495346","0","113","291","20500.0002046914","1025","20.0000001996989","2.94574381541139","-1.03372333813781","10"
"2003_Taylor_Knox_channel_island_Copy_1","10","1","0","0","0","0","0","-2.27169036865234","0","1.44050014019012","302.329437255859","0.000579478743020445","0.000579478743020445","470.789886474609","0","0","0","88.7502365112305","30.7568321228027","0","30.7568321228027","47.2271842956543","441.584594726563","0","0.00230376492254436","0.00272967619821429","0","0","9265.7060546875","50.5476150512695","0.0403212048113346","0.347945153713226","0","9","155","0","398","206","206","-1","0","156","1","5","0","45","0.0166666675359011","0.025906428694725","8","395","20500.0014686806","1025","20.0000014328592","57.5617536482627","12.5617536482627","10"
"2003_Taylor_Knox_channel_island_Copy_1","10","1","1","0","0","0","0","-1.75445258617401","0","7.76317644119263","99.0115585327148","0.00129295769147575","0.00129295769147575","524.653442382813","0","0","0","220.528945922852","51.311595916748","0","51.311595916748","81.448974609375","508.268463134766","0","0.00397312035784125","0.0113156922161579","0","0","106.30729675293","50.5476150512695","0.185078114271164","0.229866206645966","0","9","158","1","396","207","207","-1","0","159","0","6","0","18.5807971954346","0.0333333350718021","0.025906428694725","12","388","20500.0018307095","1025","20.0000017860581","20.5555887141118","1.97479151867726","10"
"2003_Taylor_Knox_channel_island_Copy_1","10","1","2","0","0","0","0","-1.24154627323151","0","16.7203731536865","63.0693550109863","0.00892876461148262","0.00892876461148262","515.903076171875","0","0","0","183.097991943359","127.961807250977","0","127.961807250977","113.630027770996","508.266815185547","0","0.00554292695596814","0.0234295502305031","0","0","79.3378372192383","50.5476150512695","0.417979180812836","0.121001459658146","0","9","159","1","394","207","207","-1","0","160","0","6","0","12.2560634613037","0.0500000007450581","0.025906428694725","16","384","20500.0045415805","1025","20.0000044308103","13.6846861442377","1.42862268293397","10"
"2003_Taylor_Knox_channel_island_Copy_1","10","1","3","0","0","0","0","-0.283308684825897","0","58.9875144958496","33.1410713195801","0.142330512404442","0.142330512404442","517.330627441406","0","0","0","279.781036376953","302.474090576172","0","302.474090576172","211.104522705078","508.254180908203","0","0.0102977817878127","0.0846265107393265","0","0","91.829963684082","50.5476150512695","1.90598094463348","0.0877895057201385","0","9","166","3","388","209","209","-1","0","167","0","8","0","6.90804386138916","0.100000001490116","0.025906428694725","24","354","20499.9996168998","1025","19.9999996262437","6.98936168088247","0.0813178194933135","10"
"2003_Taylor_Knox_channel_island_Copy_1","10","1","4","0","0","0","0","0.348584592342377","0","116.343399047852","23.8507614135742","0.433770656585693","0.433770656585693","518.691711425781","0","0","0","367.716278076172","481.436065673828","0","481.436065673828","299.180145263672","508.239105224609","0","0.0145941525697708","0.177031889557838","0","0","140.209930419922","50.5476150512695","4.68829202651978","0.0583667196333408","0","9","172","5","380","211","211","-1","0","173","0","10","0","5.39627647399902","0.150000005960464","0.025906428694725","34","323","20500.001204823","1025","20.000001175437","4.72871544228999","-0.66756103170903","10"
"2003_Taylor_Knox_channel_island_Copy_1","10","1","5","0","0","0","0","0.695489645004272","0","169.063491821289","19.2421875","1.31166958808899","1.31166958808899","520.201599121094","0","0","0","405.101745605469","659.464965820313","0","659.464965820313","369.209991455078","508.187194824219","0","0.0180102437734604","0.267150402069092","0","0","189.211853027344","50.5476150512695","7.68221712112427","0.0463330186903477","0","9","176","6","371","212","212","-1","0","177","0","11","0","4.71017742156982","0.200000002980232","0.025906428694725","46","301","20499.9996723609","1025","19.9999996803521","3.86559101607657","-0.844586405493257","10"
"2003_Taylor_Knox_channel_island_Copy_1","10","1","6","0","0","0","0","0.862759590148926","0","207.597503662109","16.831470489502","1.56130111217499","1.56130111217499","521.5556640625","0","0","0","415.457702636719","806.458129882813","0","806.458129882813","417.810211181641","508.172912597656","0","0.0203809849917889","0.335049241781235","0","0","225.591690063477","50.5476150512695","10.0169115066528","0.051423903554678","0","9","182","8","363","214","214","-1","0","183","0","13","0","4.31612634658813","0.25","0.025906428694725","56","287","20500.0009248802","1025","20.0000009023221","3.48744494539496","-0.82868140119318","10"
"2003_Taylor_Knox_channel_island_Copy_1","10","1","7","0","0","0","0","0.963535010814667","0","235.455764770508","15.7306241989136","3.31502485275269","3.31502485275269","522.573364257813","0","0","0","438.447723388672","877.846008300781","0","877.846008300781","449.395355224609","508.068298339844","0","0.0219217240810394","0.38488957285881","0","0","254.103332519531","50.5476150512695","11.7685842514038","0.0601332634687424","0","9","188","10","355","216","216","-1","0","189","0","15","0","3.99291491508484","0.300000011920929","0.025906428694725","64","278","20500.0005274814","1025","20.000000514616","3.26509835302394","-0.727816562060903","10"
"2003_Taylor_Knox_channel_island_Copy_1","10","1","8","0","0","0","0","0.971202611923218","0","235.649551391602","15.8576183319092","3.86685991287231","3.86685991287231","522.786865234375","0","0","0","418.194274902344","927.15771484375","0","927.15771484375","448.647521972656","508.033264160156","0","0.0218852441757917","0.387732028961182","0","0","254.974090576172","50.5476150512695","11.881049156189","0.0671282634139061","0","9","190","11","353","217","217","-1","0","191","0","16","0","3.94279360771179","0.316666692495346","0.025906428694725","62","275","20500.0007479435","1025","20.000000729701","3.2357369349093","-0.707056672802493","10"
"2003_Taylor_Knox_channel_island_Copy_1","10","2","0","0","0","0","0","-0.40375941991806","0","12.3240261077881","80.3281402587891","0.0126331597566605","0.0126331597566605","541.779357910156","0","0","0","114.02059173584","151.514389038086","0","151.514389038086","101.459831237793","508.265777587891","0","0.00494926003739238","0.0172757618129253","0","0","92.1827011108398","50.5476150512695","0.299284249544144","0.335992932319641","0","9","178","2","397","213","213","-1","0","179","0","12","0","15.4975605010986","0.0666666701436043","0.0518128573894501","14","376","20500.0000952161","1025","20.0000000928938","16.6476825783631","1.15012207726447","10"
"2003_Taylor_Knox_channel_island_Copy_1","10","2","1","0","0","0","0","-0.412574201822281","0","18.0636177062988","64.5815124511719","0.0306600909680128","0.0306600909680128","535.364318847656","0","0","0","166.469284057617","152.446548461914","0","152.446548461914","120.076965332031","508.262145996094","0","0.00585741270333529","0.0253776703029871","0","0","82.2016830444336","50.5476150512695","0.462237775325775","0.295344680547714","0","9","180","2","394","213","213","-1","0","181","0","12","0","12.8573760986328","0.0833333358168602","0.0518128573894501","15","368","20500.0008388786","1025","20.0000008184181","13.3447487411715","0.487372642538658","10"
"2003_Taylor_Knox_channel_island_Copy_1","10","2","2","0","0","0","0","-0.00381680019199848","0","29.4425506591797","48.6921539306641","0.0644567459821701","0.0644567459821701","526.628295898438","0","0","0","169.519424438477","243.14045715332","0","243.14045715332","150.497344970703","508.258422851563","0","0.00734133366495371","0.041217029094696","0","0","77.7367553710938","50.5476150512695","0.820151507854462","0.225481048226357","0","9","182","3","393","214","214","-1","0","183","0","13","0","10.1051568984985","0.100000001490116","0.0518128573894501","19","361","20500.0006591653","1025","20.0000006430881","10.2599298452492","0.154772946750674","10"
"2003_Taylor_Knox_channel_island_Copy_1","10","2","3","0","0","0","0","0.578727424144745","0","75.7329025268555","30.4266242980957","0.338519275188446","0.338519275188446","523.936889648438","0","0","0","283.458068847656","389.962585449219","0","389.962585449219","240.326080322266","508.237609863281","0","0.0117232240736485","0.11053803563118","0","0","106.057556152344","50.5476150512695","2.73267579078674","0.173122376203537","0","9","187","5","385","216","216","-1","0","188","0","15","0","6.92800092697144","0.150000005960464","0.0518128573894501","23","321","20499.9988750938","1025","19.9999989025305","6.08801145024139","-0.839989476730047","10"
"2003_Taylor_Knox_channel_island_Copy_1","10","2","4","0","0","0","0","1.05884528160095","0","117.770965576172","24.3754329681396","1.19308423995972","1.19308423995972","523.2412109375","0","0","0","305.802368164063","581.694519042969","0","581.694519042969","302.364196777344","508.173828125","0","0.0147494729608297","0.177883565425873","0","0","142.910751342773","50.5476150512695","4.84492206573486","0.143555536866188","0","9","194","8","378","219","219","-1","0","195","0","18","0","5.60656785964966","0.200000002980232","0.0518128573894501","29","299","20500.0000732456","1025","20.0000000714591","4.75622308759081","-0.850344772058846","10"
"2003_Taylor_Knox_channel_island_Copy_1","10","2","5","0","0","0","0","1.19808328151703","0","169.202392578125","19.8624668121338","1.55546998977661","1.55546998977661","522.900939941406","0","0","0","345.9580078125","763.024169921875","0","763.024169921875","368.355010986328","508.160339355469","0","0.017968537285924","0.26397430896759","0","0","190.20539855957","50.5476150512695","7.73510026931763","0.112048551440239","0","9","198","9","369","220","220","-1","0","199","0","19","0","4.57106828689575","0.25","0.0518128573894501","37","283","20499.9998121654","1025","19.9999998167467","3.90309951696758","-0.667968769928176","10"
"2003_Taylor_Knox_channel_island_Copy_1","10","2","6","0","0","0","0","1.34538412094116","0","186.646453857422","19.0699863433838","3.00752305984497","3.00752305984497","523.881164550781","0","0","0","352.590270996094","843.220886230469","0","843.220886230469","388.243865966797","508.055877685547","0","0.0189387276768684","0.29731148481369","0","0","208.309097290039","50.5476150512695","8.86434078216553","0.120571352541447","0","9","204","12","362","223","223","-1","0","205","0","22","0","4.21506834030151","0.300000011920929","0.0518128573894501","41","276","20499.997285509","1025","19.9999973517161","3.65221129013731","-0.5628570501642","10"
"2003_Taylor_Knox_channel_island_Copy_1","10","2","7","0","0","0","0","1.4122679233551","0","186.028106689453","20.0525779724121","5.64905452728271","5.64905452728271","526.540649414063","0","0","0","327.267059326172","906.642822265625","0","906.642822265625","384.869995117188","507.817962646484","0","0.0187741499394178","0.296714305877686","0","0","211.302764892578","50.5476150512695","8.88037872314453","0.159643292427063","0","9","208","16","356","227","227","-1","0","209","0","26","0","3.99893188476563","0.349999994039536","0.0518128573894501","39","269","20499.995811215","1025","19.9999959133805","3.62772705937004","-0.371204825395583","10"
"2003_Taylor_Knox_channel_island_Copy_1","10","3","0","0","0","0","0","-0.495763450860977","0","2.90536427497864","482.983276367188","0.0326454639434814","0.0326454639434814","791.958862304688","0","0","0","24.4236812591553","201.6865234375","0","201.6865234375","79.3517150878906","498.524871826172","0","0.00387081527151167","0.00492592714726925","0","0","485.028869628906","50.5476150512695","0.073180265724659","0.887744963169098","0","9","200","1","397","221","221","-1","0","201","0","20","0","45","0.116666674613953","0.0777192860841751","11","380","20500.0005223451","1025","20.000000509605","51.795134413607","6.79513441360704","10"
"2003_Taylor_Knox_channel_island_Copy_1","10","3","1","0","0","0","0","0.822209298610687","0","26.2471046447754","54.4175720214844","0.173813760280609","0.173813760280609","544.049194335938","0","0","0","119.969680786133","296.951354980469","0","296.951354980469","144.285736083984","508.241058349609","0","0.00703832879662514","0.035625159740448","0","0","80.3522567749023","50.5476150512695","0.730915307998657","0.339622974395752","0","9","202","2","395","222","222","-1","0","203","0","21","0","11.6735687255859","0.133333340287209","0.0777192860841751","19","354","20499.9993966137","1025","19.9999994113305","11.3946753831403","-0.278893342445642","10"
"2003_Taylor_Knox_channel_island_Copy_1","10","3","2","0","0","0","0","0.901501297950745","0","21.8192138671875","61.4154090881348","0.159006014466286","0.159006014466286","553.900939941406","0","0","0","96.7340927124023","309.073883056641","0","309.073883056641","133.438323974609","508.241516113281","0","0.00650918669998646","0.0298979822546244","0","0","82.8976898193359","50.5476150512695","0.594409108161926","0.388980865478516","0","9","204","3","392","223","223","-1","0","205","0","22","0","12.95436668396","0.150000005960464","0.0777192860841751","18","356","20499.9994814847","1025","19.9999994941314","12.5747564679828","-0.379610215977195","10"
"2003_Taylor_Knox_channel_island_Copy_1","10","3","3","0","0","0","0","1.50758612155914","0","61.7447204589844","34.1818351745605","0.38233408331871","0.38233408331871","536.267028808594","0","0","0","175.858795166016","498.469177246094","0","498.469177246094","220.835266113281","508.226104736328","0","0.0107724508270621","0.0876601859927177","0","0","95.8512802124023","50.5476150512695","2.16805839538574","0.280119806528091","0","9","207","6","385","226","226","-1","0","208","0","25","0","8.15443134307861","0.200000002980232","0.0777192860841751","24","318","20500.0022426194","1025","20.0000021879214","7.05884990594357","-1.09558143713504","10"
"2003_Taylor_Knox_channel_island_Copy_1","10","3","4","0","0","0","0","1.77303445339203","0","88.1211776733398","28.2597846984863","1.12789082527161","1.12789082527161","535.30712890625","0","0","0","211.436019897461","613.510925292969","0","613.510925292969","266.264801025391","508.154205322266","0","0.0129885282367468","0.12971830368042","0","0","117.06095123291","50.5476150512695","3.46518015861511","0.264926701784134","0","9","212","10","379","230","230","-1","0","213","0","29","0","6.79411745071411","0.25","0.0777192860841751","30","301","20499.9978575002","1025","19.9999979097563","5.74658282612343","-1.04753462459068","10"
"2003_Taylor_Knox_channel_island_Copy_1","10","3","5","0","0","0","0","1.90854907035828","0","100.458190917969","26.6141357421875","1.36797094345093","1.36797094345093","535.685363769531","0","0","0","209.280090332031","728.342712402344","0","728.342712402344","285.242645263672","508.130920410156","0","0.0139142759144306","0.15242762863636","0","0","127.995567321777","50.5476150512695","4.16060352325439","0.264063805341721","0","9","218","14","373","234","234","-1","0","219","0","33","0","6.23656940460205","0.300000011920929","0.0777192860841751","33","294","20499.9992107275","1025","19.999999229978","5.23750624354746","-0.999063161054591","10"
"2003_Taylor_Knox_channel_island_Copy_1","10","3","6","0","0","0","0","1.91279804706573","0","110.973892211914","26.2537040710449","2.3008918762207","2.3008918762207","540.245910644531","0","0","0","199.848175048828","839.252746582031","0","839.252746582031","300.846252441406","508.050598144531","0","0.0146754272282124","0.167723134160042","0","0","139.084915161133","50.5476150512695","4.71444272994995","0.292166203260422","0","9","224","18","367","238","238","-1","0","225","0","37","0","5.6867938041687","0.349999994039536","0.0777192860841751","35","286","20499.999609078","1025","19.9999996186127","5.01968126371478","-0.667112540453918","10"
"2003_Taylor_Knox_channel_island_Copy_1","10","3","7","0","0","0","0","2.28448939323425","0","45.4763793945313","49.1466674804688","1.06239593029022","1.06239593029022","615.900146484375","0","0","0","109.153938293457","606.844421386719","0","606.844421386719","205.063674926758","508.112976074219","0","0.0100031048059464","0.0662394613027573","0","0","95.1509323120117","50.5476150512695","1.63968014717102","0.583759903907776","0","9","231","23","362","243","243","-1","0","232","0","42","0","9.8175048828125","0.400000005960464","0.0777192860841751","23","299","20500.0026396662","1025","20.0000025752841","8.68571071838465","-1.13179416442785","10"
"2003_Taylor_Knox_channel_island_Copy_1","10","3","8","0","0","0","0","1.67876267433167","0","130.648468017578","26.1268844604492","6.4392557144165","6.4392557144165","541.63525390625","0","0","0","199.916839599609","1028.27380371094","0","1028.27380371094","321.634765625","507.614868164063","0","0.0156895015388727","0.205569252371788","0","0","162.753295898438","50.5476150512695","5.92420339584351","0.29814276099205","0","9","239","28","357","248","248","-1","0","240","0","47","0","4.76486206054688","0.449999988079071","0.0777192860841751","46","285","20499.9989851882","1025","19.9999990099397","4.37719773640725","-0.387664324139627","10"
"2003_Taylor_Knox_channel_island_Copy_1","10","3","9","0","0","0","0","2.16985321044922","0","62.3123168945313","43.9932556152344","2.88809967041016","2.88809967041016","615.02685546875","0","0","0","106.267028808594","885.637512207031","0","885.637512207031","238.671295166016","507.898040771484","0","0.0116425016894937","0.0941140651702881","0","0","108.663414001465","50.5476150512695","2.4716522693634","0.579574882984161","0","9","249","34","353","254","254","-1","0","250","0","53","0","7.58444595336914","0.5","0.0777192860841751","34","294","20500.0009045647","1025","20.0000008825021","7.1060515701143","-0.478394383254839","10"
"2003_Taylor_Knox_channel_island_Copy_1","10","3","10","0","0","0","0","1.72681999206543","0","70.2270965576172","44.1032180786133","8.31985092163086","8.31985092163086","616.589599609375","0","0","0","103.177436828613","1039.55261230469","0","1039.55261230469","249.985656738281","507.084808349609","0","0.0121944230049849","0.107258372008801","0","0","122.036293029785","50.5476150512695","2.85896158218384","0.582953095436096","0","9","259","40","349","261","260","-1","0","260","0","59","0","6.58652353286743","0.550000011920929","0.0777192860841751","40","294","20499.9987810897","1025","19.9999988108192","6.52818949034563","-0.0583340425218042","10"
"2003_Taylor_Knox_channel_island_Copy_1","10","4","0","0","0","0","0","-0.738542139530182","0","1.37419641017914","282.742248535156","0.0583066716790199","0.0583066716790199","437.978942871094","0","0","0","7.72896003723145","342.010162353516","0","342.010162353516","44.1933555603027","227.896942138672","0","0.00215577334165573","0.00264338287524879","0","0","9425.3984375","50.5476150512695","0.0355343446135521","1.022087931633","0","9","222","1","400","237","237","-1","0","223","0","36","0","45","0.183333337306976","0.1036257147789","16","383","20500.0009538852","1025","20.0000009306197","54.6403740342666","9.64037403426658","10"
"2003_Taylor_Knox_channel_island_Copy_1","10","4","1","0","0","0","0","-0.73297530412674","0","1.61697483062744","307.634765625","0.0728944912552834","0.0728944912552834","485.255126953125","0","0","0","8.17609024047852","351.450897216797","0","351.450897216797","48.9086608886719","248.464340209961","0","0.00238578836433589","0.00287349405698478","0","0","308.794158935547","50.5476150512695","0.0413036197423935","1.0317417383194","0","9","224","2","397","238","238","-1","0","225","0","37","0","45","0.200000002980232","0.1036257147789","16","382","20499.9997568041","1025","19.9999997627357","56.1269232981997","11.1269232981997","10"
"2003_Taylor_Knox_channel_island_Copy_1","10","4","2","0","0","0","0","2.06441903114319","0","17.2664127349854","84.4419555664063","0.369434207677841","0.369434207677841","627.046142578125","0","0","0","48.3877449035645","491.049621582031","0","491.049621582031","127.329071044922","508.196655273438","0","0.0062111746519804","0.0237607825547457","0","0","101.503120422363","50.5476150512695","0.483027011156082","0.615884304046631","0","9","231","7","392","243","243","-1","0","232","0","42","0","16.2952537536621","0.25","0.1036257147789","28","353","20499.9984993698","1025","19.9999985359705","15.153413626889","-1.14184012677308","10"
"2003_Taylor_Knox_channel_island_Copy_1","10","4","3","0","0","0","0","2.40153002738953","0","36.4048652648926","50.0163917541504","0.413241624832153","0.413241624832153","582.436401367188","0","0","0","78.8692626953125","650.009582519531","0","650.009582519531","177.295684814453","508.207275390625","0","0.00864857062697411","0.0512657724320889","0","0","86.3223876953125","50.5476150512695","1.19542765617371","0.491168111562729","0","9","239","12","387","248","248","-1","0","240","0","47","0","11.2559251785278","0.300000011920929","0.1036257147789","35","332","20499.998492408","1025","19.9999985291785","9.71228161092322","-1.54364356760461","10"
"2003_Taylor_Knox_channel_island_Copy_1","10","4","4","0","0","0","0","2.39623689651489","0","49.127254486084","42.7920875549316","0.671878457069397","0.671878457069397","581.206604003906","0","0","0","92.2625885009766","767.485107421875","0","767.485107421875","206.752899169922","508.177368164063","0","0.0100855072960258","0.0708101615309715","0","0","92.0901489257813","50.5476150512695","1.760329246521","0.484334647655487","0","9","248","17","382","253","253","-1","0","249","0","52","0","9.55482292175293","0.349999994039536","0.1036257147789","39","319","20499.9999604773","1025","19.9999999614413","8.18849731103763","-1.3663256107153","10"
"2003_Taylor_Knox_channel_island_Copy_1","10","4","5","0","0","0","0","2.46709227561951","0","16.993335723877","149.909927368164","1.12740588188171","1.12740588188171","892.268615722656","0","0","0","35.0657615661621","672.967041015625","0","672.967041015625","151.924285888672","508.06298828125","0","0.00741094117984176","0.0235981028527021","0","0","167.148849487305","50.5476150512695","0.49741330742836","0.960657954216003","0","9","258","23","378","260","259","-1","0","259","0","58","0","19.3987102508545","0.400000005960464","0.1036257147789","23","331","20499.9988802928","1025","19.9999989076027","18.3033635161319","-1.09534673472259","10"
"2003_Taylor_Knox_channel_island_Copy_1","10","4","6","0","0","0","0","2.17289996147156","0","41.256950378418","56.0605087280273","1.0456348657608","1.0456348657608","648.033447265625","0","0","0","66.6518630981445","899.375244140625","0","899.375244140625","200.391082763672","508.122253417969","0","0.00977517385035753","0.0599450394511223","0","0","97.7990570068359","50.5476150512695","1.46176528930664","0.656058490276337","0","9","266","30","375","273","266","-1","0","272","0","65","0","10.3618240356445","0.449999988079071","0.1036257147789","42","319","20500.0019264458","1025","20.0000018794593","9.38507401423475","-0.976750021409785","10"
"2003_Taylor_Knox_channel_island_Copy_1","10","4","7","0","0","0","0","1.51057958602905","0","53.2289543151855","48.079662322998","1.89086973667145","1.89086973667145","628.6318359375","0","0","0","74.3169631958008","1067.27111816406","0","1067.27111816406","223.845474243164","508.017639160156","0","0.0109192915260792","0.0793163478374481","0","0","102.658935546875","50.5476150512695","2.01893305778503","0.613051116466522","0","9","273","37","372","286","273","-1","0","285","0","72","0","8.58198070526123","0.5","0.1036257147789","51","317","20499.9998130411","1025","19.999999817601","7.91290284984963","-0.6690778554116","10"
"2003_Taylor_Knox_channel_island_Copy_1","10","4","8","0","0","0","0","-0.112500540912151","0","86.9230422973633","37.405517578125","9.78219985961914","9.78219985961914","582.459167480469","0","0","0","99.5298156738281","1333.76708984375","0","1333.76708984375","267.904327392578","506.9306640625","0","0.0130685027688742","0.13274958729744","0","0","133.53190612793","50.5476150512695","3.65450620651245","0.483857274055481","0","9","282","46","371","299","282","-1","0","298","0","81","0","5.75690698623657","0.550000011920929","0.1036257147789","68","316","20500.001578655","1025","20.0000015401512","5.64962030014803","-0.107286686088543","10"
"2003_Taylor_Knox_channel_island_Copy_1","15","0","0","0","0","0","0","-3.40075898170471","0","2.63667964935303","196.262771606445","0.000725727644748986","0.000725727644748986","510.463623046875","0","0","0","168.403961181641","25.8609371185303","0","25.8609371185303","54.3827743530273","508.268463134766","0","0.00265281810425222","0.00435508461669087","0","0","198.424407958984","50.5476150512695","0.0647989735007286","-0.0518739223480225","0","9","100","2","393","201","201","-1","0","101","0","0","0","32.6968078613281","0.0166666675359011","0","8","393","20500.0012122417","1025","20.0000011826749","37.5267163239984","4.82990846267031","10"
"2003_Taylor_Knox_channel_island_Copy_1","15","0","1","0","0","0","0","-1.93243789672852","0","8.49858570098877","91.3334579467773","0.00790387485176325","0.00790387485176325","511.968048095703","0","0","0","155.724731445313","79.1570816040039","0","79.1570816040039","82.7655410766602","508.266357421875","0","0.00403734389692545","0.0123267164453864","0","0","99.3712310791016","50.5476150512695","0.198232114315033","-0.0600756444036961","0","9","104","3","391","202","202","-1","0","105","0","1","0","17.21315574646","0.0333333350718021","0","13","391","20499.9978177951","1025","19.9999978710196","19.1188011737398","1.90564542727979","10"
"2003_Taylor_Knox_channel_island_Copy_1","15","0","2","0","0","0","0","-1.58661484718323","0","20.9894962310791","55.2439498901367","0.0177559964358807","0.0177559964358807","513.044250488281","0","0","0","223.501678466797","135.583190917969","0","135.583190917969","126.320014953613","508.265197753906","0","0.00616195145994425","0.0303030721843243","0","0","75.7944641113281","50.5476150512695","0.536040365695953","-0.0410983934998512","0","9","108","4","390","203","203","-1","0","109","0","2","0","10.5991201400757","0.0500000007450581","0","20","386","20500.0016268801","1025","20.0000015872001","11.7325829553431","1.13346281526744","10"
"2003_Taylor_Knox_channel_island_Copy_1","15","0","3","0","0","0","0","-0.683737218379974","0","63.2404708862305","30.8591461181641","0.262987315654755","0.262987315654755","515.652893066406","0","0","0","290.605072021484","323.670806884766","0","323.670806884766","221.862289428711","508.23681640625","0","0.0108225513249636","0.0940603762865067","0","0","93.9330902099609","50.5476150512695","2.10202097892761","-0.0188889447599649","0","9","119","7","385","206","206","-1","0","120","0","5","0","6.30199098587036","0.100000001490116","0","38","371","20499.9988234713","1025","19.9999988521671","6.60706382423992","0.305072838369559","10"
"2003_Taylor_Knox_channel_island_Copy_1","15","0","4","0","0","0","0","0.0073015745729208","0","114.265106201172","22.918306350708","0.626563310623169","0.626563310623169","517.803161621094","0","0","0","352.515869140625","505.8095703125","0","505.8095703125","302.309295654297","508.220092773438","0","0.0147467963397503","0.178305894136429","0","0","137.399993896484","50.5476150512695","4.59988880157471","-0.0104661248624325","0","9","129","9","377","208","208","-1","0","130","0","7","0","5.244140625","0.150000005960464","0","55","350","20499.9980124101","1025","19.9999980608879","4.74406850176499","-0.500072123235014","10"
"2003_Taylor_Knox_channel_island_Copy_1","15","0","5","0","0","0","0","0.52870911359787","0","171.010986328125","18.4937229156494","1.74836897850037","1.74836897850037","519.702941894531","0","0","0","406.647033691406","670.017883300781","0","670.017883300781","376.46142578125","508.162780761719","0","0.0183639712631702","0.272460788488388","0","0","190.856002807617","50.5476150512695","7.70202350616455","-0.00924314185976982","0","9","138","11","369","210","210","-1","0","139","1","9","0","4.72980499267578","0.200000002980232","0","73","330","20500.0008106231","1025","20.0000007908518","3.8646894610451","-0.865115531630683","10"
"2003_Taylor_Knox_channel_island_Copy_1","15","0","6","0","0","0","0","0.903169572353363","0","226.112945556641","15.6677484512329","2.67549610137939","2.67549610137939","521.383850097656","0","0","0","439.048736572266","844.712036132813","0","844.712036132813","442.080444335938","508.112945556641","0","0.0215648971498013","0.370869755744934","0","0","244.064758300781","50.5476150512695","11.1217880249023","-0.000268623727606609","0","9","147","13","361","212","212","-1","0","148","1","11","0","4.35139226913452","0.25","0","90","309","20500.002446801","1025","20.0000023871229","3.33344767321506","-1.01794459591946","10"
"2003_Taylor_Knox_channel_island_Copy_1","15","0","7","0","0","0","0","1.09083890914917","0","263.532165527344","14.296070098877","2.60460567474365","2.60460567474365","522.432006835938","0","0","0","455.033813476563","963.812072753906","0","963.812072753906","483.276916503906","508.125793457031","0","0.0235744807869196","0.438567072153091","0","0","280.044769287109","50.5476150512695","13.3374252319336","-0.00207744468934834","0","9","157","16","354","215","215","-1","0","158","1","14","0","4.0600733757019","0.300000011920929","0","106","299","20500.0025609071","1025","20.0000024984459","3.08132922141453","-0.978744154287379","10"
"2003_Taylor_Knox_channel_island_Copy_1","15","1","0","0","0","0","0","-1.62703394889832","0","1.11478507518768","249.740676879883","0.000843744142912328","0.000843744142912328","389.327728271484","0","0","0","70.9168167114258","31.8056926727295","0","31.8056926727295","39.0601577758789","369.791778564453","0","0.00190537341404706","0.00225555850192904","0","0","250.499572753906","50.5476150512695","0.030781552195549","0.311678856611252","0","9","122","1","399","207","207","-1","0","123","1","6","0","45","0.0166666675359011","0.025906428694725","8","396","20500.0014631852","1025","20.0000014274977","57.6447041893567","12.6447041893567","10"
"2003_Taylor_Knox_channel_island_Copy_1","15","1","1","0","0","0","0","-1.62720763683319","0","4.76194381713867","130.794967651367","0.000882174295838922","0.000882174295838922","522.051025390625","0","0","0","184.657699584961","38.4023246765137","0","38.4023246765137","67.3548126220703","508.268463134766","0","0.00328560080379248","0.00709128519520164","0","0","135.098190307617","50.5476150512695","0.11169571429491","0.212921008467674","0","9","125","1","396","207","207","-1","0","126","0","6","0","23.7637596130371","0.0333333350718021","0.025906428694725","11","391","20499.998826493","1025","19.9999988551151","27.6021572572877","3.83839764425054","10"
"2003_Taylor_Knox_channel_island_Copy_1","15","1","2","0","0","0","0","-1.05972945690155","0","13.5806913375854","70.5580139160156","0.0198603626340628","0.0198603626340628","515.444885253906","0","0","0","182.448486328125","107.123161315918","0","107.123161315918","103.082595825195","508.263641357422","0","0.0050284187309444","0.0195444580167532","0","0","83.697135925293","50.5476150512695","0.333262175321579","0.119881950318813","0","9","129","2","395","208","208","-1","0","130","0","7","0","13.8889236450195","0.0500000007450581","0.025906428694725","16","386","20500.0023547831","1025","20.0000022973493","14.9087898998637","1.01986625484416","10"
"2003_Taylor_Knox_channel_island_Copy_1","15","1","3","0","0","0","0","-0.0314396284520626","0","61.311149597168","32.8155059814453","0.217499881982803","0.217499881982803","516.817993164063","0","0","0","305.804809570313","287.428802490234","0","287.428802490234","214.184631347656","508.247650146484","0","0.0104480301961303","0.0878971070051193","0","0","93.9024505615234","50.5476150512695","1.98445963859558","0.0723693892359734","0","9","138","4","389","210","210","-1","0","139","0","9","0","6.86478567123413","0.100000001490116","0.025906428694725","25","353","20500.0011798382","1025","20.0000011510617","6.82669507740971","-0.0380905938244167","10"
"2003_Taylor_Knox_channel_island_Copy_1","15","1","4","0","0","0","0","0.517156422138214","0","114.45987701416","24.4420032501221","0.946494579315186","0.946494579315186","518.332702636719","0","0","0","382.289855957031","448.396179199219","0","448.396179199219","294.003967285156","508.205780029297","0","0.0143416579812765","0.171417310833931","0","0","139.42431640625","50.5476150512695","4.4947657585144","0.0469357073307037","0","9","147","6","381","212","212","-1","0","148","0","11","0","5.41692924499512","0.150000005960464","0.025906428694725","34","325","20499.9985126537","1025","19.9999985489304","4.79927116062939","-0.617658084365723","10"
"2003_Taylor_Knox_channel_island_Copy_1","15","1","5","0","0","0","0","0.862574994564056","0","173.275924682617","19.3253841400146","3.11651515960693","3.11651515960693","520.216247558594","0","0","0","435.628204345703","621.308959960938","0","621.308959960938","370.68701171875","508.054473876953","0","0.0180822946131229","0.27065971493721","0","0","195.302337646484","50.5476150512695","7.79289960861206","0.0387564115226269","0","9","156","9","374","215","215","-1","0","157","0","14","0","4.6012487411499","0.200000002980232","0.025906428694725","47","300","20499.9984598044","1025","19.9999984973702","3.8306825550265","-0.770566186123407","10"
"2003_Taylor_Knox_channel_island_Copy_1","15","1","6","0","0","0","0","1.0540224313736","0","207.114715576172","17.24684715271","3.0574688911438","3.0574688911438","521.285339355469","0","0","0","455.179534912109","729.1806640625","0","729.1806640625","412.198364257813","508.061279296875","0","0.0201072338968515","0.331908136606216","0","0","227.009521484375","50.5476150512695","9.94303131103516","0.0386321805417538","0","9","165","12","367","218","218","-1","0","166","0","17","0","4.23382568359375","0.25","0.025906428694725","59","291","20500.0034501193","1025","20.0000033659701","3.47314643258892","-0.760679251004835","10"
"2003_Taylor_Knox_channel_island_Copy_1","15","1","7","0","0","0","0","1.13722097873688","0","233.067764282227","16.4496231079102","4.04822397232056","4.04822397232056","522.155456542969","0","0","0","449.269683837891","836.488342285156","0","836.488342285156","439.107971191406","508.002136230469","0","0.0214199014008045","0.375808864831924","0","0","253.155685424805","50.5476150512695","11.4592094421387","0.0466667376458645","0","9","173","14","359","220","220","-1","0","174","0","19","0","3.9111533164978","0.300000011920929","0.025906428694725","65","282","20499.9996486872","1025","19.9999996572558","3.26744674354667","-0.643706572951136","10"
"2003_Taylor_Knox_channel_island_Copy_1","15","2","0","0","0","0","0","-0.267954409122467","0","10.803807258606","84.9547348022461","0.0156794376671314","0.0156794376671314","537.932861328125","0","0","0","118.339172363281","126.843635559082","0","126.843635559082","95.7578735351563","508.264526367188","0","0.0046711154282093","0.0150105701759458","0","0","95.300407409668","50.5476150512695","0.259204596281052","0.316166996955872","0","9","149","2","397","213","213","-1","0","150","0","12","0","16.5884609222412","0.0666666701436043","0.0518128573894501","13","376","20500.0015535616","1025","20.0000015156698","18.1308631930274","1.54240227078615","10"
"2003_Taylor_Knox_channel_island_Copy_1","15","2","1","0","0","0","0","-0.0424813814461231","0","17.5734367370605","63.7780227661133","0.0787259340286255","0.0787259340286255","529.152587890625","0","0","0","143.651977539063","170.775604248047","0","170.775604248047","118.437118530273","508.251586914063","0","0.00577742047607899","0.0245322529226542","0","0","80.9652481079102","50.5476150512695","0.454828768968582","0.254297256469727","0","9","153","3","395","214","214","-1","0","154","0","13","0","13.0323047637939","0.0833333358168602","0.0518128573894501","16","370","20499.9997872155","1025","19.9999997924053","13.6212777164601","0.588972952666193","10"
"2003_Taylor_Knox_channel_island_Copy_1","15","2","2","0","0","0","0","0.123767226934433","0","25.4907608032227","52.0146446228027","0.18127053976059","0.18127053976059","524.577758789063","0","0","0","194.598297119141","183.931610107422","0","183.931610107422","140.451614379883","508.237091064453","0","0.00685129826888442","0.0357927791774273","0","0","77.227294921875","50.5476150512695","0.697381734848022","0.211025759577751","0","9","156","4","394","215","215","-1","0","157","0","14","0","10.9503059387207","0.100000001490116","0.0518128573894501","19","364","20499.9999806974","1025","19.9999999811682","11.0354120692283","0.0851061305076257","10"
"2003_Taylor_Knox_channel_island_Copy_1","15","2","3","0","0","0","0","0.781303644180298","0","76.1752548217773","30.291919708252","0.725736439228058","0.725736439228058","521.527221679688","0","0","0","286.348327636719","386.026458740234","0","386.026458740234","239.063140869141","508.199493408203","0","0.0116616161540151","0.11053804308176","0","0","106.74666595459","50.5476150512695","2.73351526260376","0.142932593822479","0","9","165","7","387","218","218","-1","0","166","0","17","0","6.98766183853149","0.150000005960464","0.0518128573894501","25","323","20500.0008328032","1025","20.000000812491","6.05589829918204","-0.931763539349457","10"
"2003_Taylor_Knox_channel_island_Copy_1","15","2","4","0","0","0","0","1.06483995914459","0","115.687995910645","24.5806636810303","2.3086371421814","2.3086371421814","521.602905273438","0","0","0","353.018951416016","485.316925048828","0","485.316925048828","297.032745361328","508.063598632813","0","0.0144894029945135","0.171326071023941","0","0","142.136184692383","50.5476150512695","4.64922666549683","0.11908981949091","0","9","173","9","379","220","220","-1","0","174","0","19","0","5.72891759872437","0.200000002980232","0.0518128573894501","29","301","20499.9988939366","1025","19.9999989209137","4.85141849998543","-0.877499098738936","10"
"2003_Taylor_Knox_channel_island_Copy_1","15","2","5","0","0","0","0","1.34812486171722","0","164.309799194336","20.7525024414063","3.03652572631836","3.03652572631836","521.627563476563","0","0","0","382.848907470703","669.281555175781","0","669.281555175781","355.978881835938","508.030944824219","0","0.0173648223280907","0.256233721971512","0","0","187.668426513672","50.5476150512695","7.39642143249512","0.089577741920948","0","9","182","13","373","224","224","-1","0","183","0","23","0","4.56685304641724","0.25","0.0518128573894501","40","288","20500.0013884437","1025","20.0000013545793","3.88588281861221","-0.680970227805023","10"
"2003_Taylor_Knox_channel_island_Copy_1","15","2","6","0","0","0","0","1.48873484134674","0","179.54768371582","20.4096984863281","3.09675884246826","3.09675884246826","522.30908203125","0","0","0","369.307769775391","749.624938964844","0","749.624938964844","370.779418945313","508.036499023438","0","0.0180868022143841","0.276842325925827","0","0","202.625457763672","50.5476150512695","8.15946102142334","0.0958301797509193","0","9","192","18","368","229","229","-1","0","193","0","28","0","4.23050975799561","0.300000011920929","0.0518128573894501","44","284","20499.998537632","1025","19.9999985732995","3.7459449243313","-0.484564833664307","10"
"2003_Taylor_Knox_channel_island_Copy_1","15","2","7","0","0","0","0","1.53561317920685","0","167.168670654297","21.5637054443359","2.92237615585327","2.92237615585327","522.980773925781","0","0","0","338.479583740234","764.116088867188","0","764.116088867188","355.462982177734","508.040771484375","0","0.0173396579921246","0.258637696504593","0","0","191.2216796875","50.5476150512695","7.52832937240601","0.11561756581068","0","9","195","20","367","231","231","-1","0","196","0","30","0","4.34863519668579","0.316666692495346","0.0518128573894501","42","283","20499.9996158621","1025","19.9999996252314","3.84412241806118","-0.504512778624608","10"
"2003_Taylor_Knox_channel_island_Copy_1","15","2","8","0","0","0","0","1.55874228477478","0","172.933563232422","21.5177268981934","3.31172490119934","3.31172490119934","523.256103515625","0","0","0","340.849609375","776.380676269531","0","776.380676269531","360.967895507813","508.006530761719","0","0.0176081899553537","0.264629036188126","0","0","197.329223632813","50.5476150512695","7.7995138168335","0.118043541908264","0","9","198","21","365","232","232","-1","0","199","0","31","0","4.23603248596191","0.333333373069763","0.0518128573894501","43","282","20500.0000808181","1025","20.000000078847","3.81523084506457","-0.420801640897342","10"
"2003_Taylor_Knox_channel_island_Copy_1","15","3","0","0","0","0","0","-0.477433323860168","0","2.58536219596863","331.743591308594","0.0495327413082123","0.0495327413082123","686.818542480469","0","0","0","24.9365558624268","185.027236938477","0","185.027236938477","69.7591018676758","508.242736816406","0","0.00340288318693638","0.00461394200101495","0","0","333.751251220703","50.5476150512695","0.0691968873143196","0.734991729259491","0","9","176","2","398","222","222","-1","0","177","0","21","0","39.2671394348145","0.116666674613953","0.0777192860841751","12","382","20499.9989818869","1025","19.9999990067189","47.5207431915745","8.25360375676008","10"
"2003_Taylor_Knox_channel_island_Copy_1","15","3","1","0","0","0","0","0.996430695056915","0","21.7109203338623","58.7790298461914","0.286951869726181","0.286951869726181","538.447875976563","0","0","0","109.917510986328","272.404388427734","0","272.404388427734","131.53059387207","508.215362548828","0","0.00641612662002444","0.0299420151859522","0","0","80.2961883544922","50.5476150512695","0.593862593173981","0.311384528875351","0","9","179","3","396","223","223","-1","0","180","0","22","0","12.7620429992676","0.133333340287209","0.0777192860841751","19","358","20499.9997134672","1025","19.9999997204558","12.3735881188475","-0.388454880420094","10"
"2003_Taylor_Knox_channel_island_Copy_1","15","3","2","0","0","0","0","1.06803381443024","0","20.8806819915771","60.216480255127","0.310481607913971","0.310481607913971","540.744140625","0","0","0","102.862228393555","282.259826660156","0","282.259826660156","129.711517333984","508.210418701172","0","0.00632739067077637","0.029033875092864","0","0","80.9274063110352","50.5476150512695","0.567434191703796","0.32493183016777","0","9","182","4","393","224","224","-1","0","183","0","23","0","13.0732164382935","0.150000005960464","0.0777192860841751","19","358","20500.0013564942","1025","20.000001323409","12.5875585017227","-0.48565793657073","10"
"2003_Taylor_Knox_channel_island_Copy_1","15","3","3","0","0","0","0","1.63047468662262","0","58.4521865844727","34.5940055847168","1.11309885978699","1.11309885978699","528.998046875","0","0","0","192.239364624023","433.096618652344","0","433.096618652344","211.91178894043","508.137268066406","0","0.0103371599689126","0.083258219063282","0","0","93.6957015991211","50.5476150512695","2.01333427429199","0.228243410587311","0","9","192","9","388","229","229","-1","0","193","0","28","0","8.38151741027832","0.200000002980232","0.0777192860841751","27","324","20500.0009265331","1025","20.0000009039348","7.13212427304037","-1.24939313723795","10"
"2003_Taylor_Knox_channel_island_Copy_1","15","3","4","0","0","0","0","1.88035488128662","0","84.1459732055664","28.526798248291","1.6413631439209","1.6413631439209","528.088500976563","0","0","0","223.409973144531","546.360534667969","0","546.360534667969","255.924194335938","508.085144042969","0","0.0124841080978513","0.122062392532825","0","0","113.858840942383","50.5476150512695","3.19171810150146","0.209024354815483","0","9","201","14","383","234","234","-1","0","202","0","33","0","6.99949407577515","0.25","0.0777192860841751","34","309","20499.9982641921","1025","19.9999983065289","5.87027369662956","-1.12922037914559","10"
"2003_Taylor_Knox_channel_island_Copy_1","15","3","5","0","0","0","0","1.92241632938385","0","110.431510925293","25.3031253814697","3.02427244186401","3.02427244186401","526.74169921875","0","0","0","232.052597045898","696.110900878906","0","696.110900878906","292.676177978516","507.932220458984","0","0.0142768872901797","0.161534339189529","0","0","138.30078125","50.5476150512695","4.4551362991333","0.185687080025673","0","9","211","19","378","239","239","-1","0","212","0","38","0","5.91163730621338","0.300000011920929","0.0777192860841751","41","301","20499.9991965918","1025","19.9999992161871","5.07058819376315","-0.841049112450229","10"
"2003_Taylor_Knox_channel_island_Copy_1","15","3","6","0","0","0","0","2.23370933532715","0","33.8442573547363","51.1148681640625","1.24922001361847","1.24922001361847","568.257202148438","0","0","0","92.5396499633789","504.556732177734","0","504.556732177734","167.428527832031","508.057250976563","0","0.00816724542528391","0.0466915033757687","0","0","85.6868743896484","50.5476150512695","1.08958780765533","0.442758589982986","0","9","221","25","374","245","245","-1","0","222","0","44","0","11.3325138092041","0.349999994039536","0.0777192860841751","25","317","20499.9995853818","1025","19.9999995954944","10.0739623231178","-1.25855148608628","10"
"2003_Taylor_Knox_channel_island_Copy_1","15","3","7","0","0","0","0","2.37131953239441","0","43.3119239807129","44.9739685058594","1.35792076587677","1.35792076587677","562.326232910156","0","0","0","97.1921844482422","625.664794921875","0","625.664794921875","187.846069335938","508.05322265625","0","0.00916322227567434","0.0608097240328789","0","0","89.1332626342773","50.5476150512695","1.48696172237396","0.417095988988876","0","9","231","31","370","251","251","-1","0","232","0","50","0","9.7474422454834","0.400000005960464","0.0777192860841751","31","311","20500.0013842962","1025","20.0000013505328","8.66672869189395","-1.08071355358945","10"
"2003_Taylor_Knox_channel_island_Copy_1","15","3","8","0","0","0","0","0.798922181129456","0","216.881851196289","21.7052536010742","6.74936676025391","6.74936676025391","523.64208984375","0","0","0","296.728454589844","1157.78796386719","0","1157.78796386719","392.743469238281","507.754486083984","0","0.0191582180559635","0.343548625707626","0","0","244.900329589844","50.5476150512695","10.4556283950806","0.112612083554268","0","9","240","38","367","258","258","-1","0","241","0","57","0","3.30444669723511","0.449999988079071","0.0777192860841751","73","293","20499.9999525545","1025","19.9999999537117","3.1967956230783","-0.107651074156804","10"
"2003_Taylor_Knox_channel_island_Copy_1","15","3","9","0","0","0","0","0.342108070850372","0","216.58512878418","23.364875793457","10.6118078231812","10.6118078231812","523.954284667969","0","0","0","280.059356689453","1231.37487792969","0","1231.37487792969","379.329284667969","507.383666992188","0","0.0185038689523935","0.344858080148697","0","0","250.107864379883","50.5476150512695","10.4898996353149","0.125165596604347","0","9","248","45","364","265","265","-1","0","249","0","64","0","2.9642059803009","0.5","0.0777192860841751","77","294","20499.998440537","1025","19.9999984785727","3.07576684453915","0.11156086423825","10"
"2003_Taylor_Knox_channel_island_Copy_1","15","3","10","0","0","0","0","0.345570087432861","0","206.556900024414","24.4831790924072","11.8592472076416","11.8592472076416","524.575439453125","0","0","0","268.169036865234","1213.30456542969","0","1213.30456542969","366.664398193359","507.2421875","0","0.0178860686719418","0.325370699167252","0","0","242.436248779297","50.5476150512695","9.85767459869385","0.139856159687042","0","9","251","48","364","268","268","-1","0","252","0","67","0","2.98944187164307","0.516666650772095","0.0777192860841751","77","296","20499.9994643067","1025","19.9999994773724","3.15121499077922","0.161773119136153","10"
"2003_Taylor_Knox_channel_island_Copy_1","15","3","11","0","0","0","0","0.189931511878967","0","197.516937255859","25.4910507202148","12.0220327377319","12.0220327377319","525.40625","0","0","0","249.947708129883","1235.83276367188","0","1235.83276367188","357.238952636719","507.216766357422","0","0.0174262877553701","0.308893591165543","0","0","234.562271118164","50.5476150512695","9.34562397003174","0.154315441846848","0","9","256","51","364","271","271","-1","0","257","0","70","0","3.06101226806641","0.533333301544189","0.0777192860841751","78","298","20500.0030787757","1025","20.0000030036836","3.23406905395721","0.173056785890803","10"
"2003_Taylor_Knox_channel_island_Copy_1","15","4","0","0","0","0","0","-0.940335810184479","0","1.3116911649704","285.372772216797","0.0935086086392403","0.0935086086392403","421.061492919922","0","0","0","7.77752828598022","314.840942382813","0","314.840942382813","42.7566452026367","256.520538330078","0","0.0020856901537627","0.00244868430308998","0","0","286.305450439453","50.5476150512695","0.0319151282310486","0.913800418376923","0","9","207","1","400","237","237","-1","0","208","0","36","0","45","0.183333337306976","0.1036257147789","16","384","20499.9985858405","1025","19.9999986203322","58.4035615269727","13.4035615269727","10"
"2003_Taylor_Knox_channel_island_Copy_1","15","4","1","0","0","0","0","-0.942411780357361","0","1.33247911930084","292.459686279297","0.0994290560483932","0.0994290560483932","433.991821289063","0","0","0","7.68921756744385","332.980346679688","0","332.980346679688","44.0734786987305","258.539916992188","0","0.00214992556720972","0.00256035826168954","0","0","9299.181640625","50.5476150512695","0.0338126383721828","0.930805444717407","0","9","211","3","398","239","239","-1","0","212","0","38","0","45","0.200000002980232","0.1036257147789","16","383","20500.0021260881","1025","20.0000020742323","57.1081521203599","12.1081521203599","10"
"2003_Taylor_Knox_channel_island_Copy_1","15","4","2","0","0","0","0","2.10308837890625","0","17.0144557952881","74.3396224975586","0.792140483856201","0.792140483856201","576.902770996094","0","0","0","51.4702529907227","461.641021728516","0","461.641021728516","121.905250549316","508.102325439453","0","0.00594659801572561","0.0237607806921005","0","0","91.6189193725586","50.5476150512695","0.480032831430435","0.479249507188797","0","9","220","8","393","244","244","-1","0","221","0","43","0","15.5530576705933","0.25","0.1036257147789","29","354","20499.9985246928","1025","19.9999985606759","14.4934589818806","-1.05959868871268","10"
"2003_Taylor_Knox_channel_island_Copy_1","15","4","3","0","0","0","0","2.37256693840027","0","32.4871292114258","49.9206886291504","1.50457072257996","1.50457072257996","555.967041015625","0","0","0","78.0173873901367","583.657348632813","0","583.657348632813","162.678100585938","508.022399902344","0","0.00793551746755838","0.0455354154109955","0","0","83.4014129638672","50.5476150512695","1.03345489501953","0.39375239610672","0","9","230","14","389","250","250","-1","0","231","0","49","0","11.6080961227417","0.300000011920929","0.1036257147789","36","337","20499.9990550069","1025","19.9999990780555","10.0362555449651","-1.57184057777656","10"
"2003_Taylor_Knox_channel_island_Copy_1","15","4","4","0","0","0","0","2.32939672470093","0","49.414421081543","39.8816795349121","1.08854746818542","1.08854746818542","548.676452636719","0","0","0","97.7572021484375","710.160339355469","0","710.160339355469","198.84294128418","508.104217529297","0","0.00969965383410454","0.0694232881069183","0","0","89.8951644897461","50.5476150512695","1.70530378818512","0.354246973991394","0","9","238","21","386","257","257","-1","0","239","0","56","0","9.2869234085083","0.349999994039536","0.1036257147789","43","324","20500.003885194","1025","20.0000037904332","8.03150420408228","-1.25541920442602","10"
"2003_Taylor_Knox_channel_island_Copy_1","15","4","5","0","0","0","0","2.25342774391174","0","16.6562576293945","96.3017959594727","2.69076466560364","2.69076466560364","665.618347167969","0","0","0","35.2073783874512","650.48388671875","0","650.48388671875","128.676910400391","507.715698242188","0","0.00627692230045795","0.0229018330574036","0","0","114.948822021484","50.5476150512695","0.478110551834106","0.693993985652924","0","9","248","29","384","265","265","-1","0","249","0","64","0","16.6531887054443","0.400000005960464","0.1036257147789","29","338","20500.0005163363","1025","20.0000005037427","15.9071647082938","-0.74602399715056","10"
"2003_Taylor_Knox_channel_island_Copy_1","15","4","6","0","0","0","0","2.03095316886902","0","33.0333824157715","56.1203575134277","1.56828498840332","1.56828498840332","590.246704101563","0","0","0","56.7446746826172","814.358764648438","0","814.358764648438","167.940780639648","508.005004882813","0","0.00819223374128342","0.0462105236947536","0","0","90.1709289550781","50.5476150512695","1.08153247833252","0.516415178775787","0","9","258","37","382","273","273","-1","0","259","0","72","0","11.1005401611328","0.449999988079071","0.1036257147789","45","331","20499.9986503484","1025","19.9999986832667","10.2114079682329","-0.889132192899917","10"
"2003_Taylor_Knox_channel_island_Copy_1","15","4","7","0","0","0","0","1.23107492923737","0","48.5948143005371","44.8405303955078","2.08772611618042","2.08772611618042","567.754699707031","0","0","0","70.388069152832","980.673278808594","0","980.673278808594","198.429931640625","507.958526611328","0","0.00967950932681561","0.0690276995301247","0","0","95.0061111450195","50.5476150512695","1.72623014450073","0.437411218881607","0","9","271","46","381","282","282","-1","0","272","0","81","0","8.58563423156738","0.5","0.1036257147789","58","329","20499.9990124401","1025","19.999999036527","8.06095031228065","-0.524683919286732","10"
"2003_Taylor_Knox_channel_island_Copy_1","15","4","8","0","0","0","0","-0.18193943798542","0","83.6315612792969","35.2243766784668","3.50960731506348","3.50960731506348","544.239318847656","0","0","0","104.575302124023","1189.689453125","0","1189.689453125","248.747711181641","507.865905761719","0","0.0121340341866016","0.124412126839161","0","0","121.889236450195","50.5476150512695","3.37623882293701","0.324145525693893","0","9","284","55","380","291","291","-1","0","285","0","90","0","5.82325983047485","0.550000011920929","0.1036257147789","76","326","20500.0008534925","1025","20.0000008326756","5.59700949412167","-0.226250336353181","10"
"2003_Taylor_Knox_channel_island_Copy_1","15","4","9","0","0","0","0","-1.83710765838623","0","99.5081176757813","34.8312225341797","6.11790132522583","6.11790132522583","541.086853027344","0","0","0","109.226066589355","1367.69067382813","0","1367.69067382813","261.986297607422","507.595458984375","0","0.0127798188477755","0.14938747882843","0","0","139.976181030273","50.5476150512695","4.20170831680298","0.304497212171555","0","9","300","66","381","302","302","-1","0","301","0","101","0","4.77814960479736","0.600000023841858","0.1036257147789","88","330","20500.0008785747","1025","20.000000857146","4.90754518678075","0.129395581983387","10"
"2003_Taylor_Knox_channel_island_Copy_1","2","0","0","0","0","0","0","-2.18915390968323","0","2.62420392036438","199.939254760742","0.000700422620866448","0.000700422620866448","511.312622070313","0","0","0","113.86344909668","38.2483100891113","0","38.2483100891113","54.1689872741699","508.268463134766","0","0.00264238892123103","0.00435508461669087","0","0","202.079833984375","50.5476150512695","0.0658261328935623","-0.0773685872554779","0","9","186","2","393","201","201","-1","0","187","1","0","0","32.8682174682617","0.0166666675359011","0","8","393","20500.0054454262","1025","20.0000053126109","37.3539060317372","4.48568856347549","10"
"2003_Taylor_Knox_channel_island_Copy_1","2","0","1","0","0","0","0","-1.88805937767029","0","11.2542953491211","77.7904052734375","0.00428716233000159","0.00428716233000159","511.939758300781","0","0","0","172.314224243164","95.6029357910156","0","95.6029357910156","93.6499099731445","508.267669677734","0","0.0045682885684073","0.0164737459272146","0","0","88.5818481445313","50.5476150512695","0.267263174057007","-0.0426638387143612","0","9","186","2","390","201","201","-1","0","187","0","0","0","14.751651763916","0.0333333350718021","0","15","390","20499.99875682","1025","19.9999987871414","16.0995565036355","1.34790473971949","10"
"2003_Taylor_Knox_channel_island_Copy_1","2","0","2","0","0","0","0","-1.6631246805191","0","19.9660625457764","56.217643737793","0.00738879991695285","0.00738879991695285","512.64453125","0","0","0","200.072357177734","143.386978149414","0","143.386978149414","123.815292358398","508.267364501953","0","0.00603976985439658","0.02868777140975","0","0","75.7384948730469","50.5476150512695","0.510201692581177","-0.0242895390838385","0","9","186","2","388","201","201","-1","0","187","0","0","0","10.7776374816895","0.0500000007450581","0","19","386","20500.0017125269","1025","20.000001670758","12.1536861143728","1.37604863268334","10"
"2003_Taylor_Knox_channel_island_Copy_1","2","0","3","0","0","0","0","-1.05937469005585","0","60.3078689575195","31.3079204559326","0.114733412861824","0.114733412861824","515.461547851563","0","0","0","305.764312744141","288.171600341797","0","288.171600341797","216.881576538086","508.254913330078","0","0.010579589754343","0.088112585246563","0","0","91.2989273071289","50.5476150512695","1.9519282579422","-0.00687057664617896","0","9","187","2","380","201","201","-1","0","188","0","0","0","6.41988515853882","0.100000001490116","0","34","370","20499.9987309578","1025","19.99999876191","6.89608414248621","0.476198983947394","10"
"2003_Taylor_Knox_channel_island_Copy_1","2","0","4","0","0","0","0","-0.427159667015076","0","104.906814575195","23.585823059082","0.443051397800446","0.443051397800446","517.483276367188","0","0","0","336.098114013672","482.663513183594","0","482.663513183594","290.67822265625","508.227996826172","0","0.0141794262453914","0.162222295999527","0","0","128.523178100586","50.5476150512695","4.08989810943604","-0.00749192526564002","0","9","188","2","370","201","201","-1","0","189","0","0","0","5.38422060012817","0.150000005960464","0","52","354","20499.9989157338","1025","19.9999989421793","5.01447310383248","-0.369747496295692","10"
"2003_Taylor_Knox_channel_island_Copy_1","2","0","5","0","0","0","0","0.0582004487514496","0","156.856704711914","19.3868618011475","0.700595319271088","0.700595319271088","519.18505859375","0","0","0","373.126892089844","676.977661132813","0","676.977661132813","359.612487792969","508.216064453125","0","0.0175420716404915","0.25259855389595","0","0","176.548477172852","50.5476150512695","7.05724477767944","-0.00329052493907511","0","9","189","3","361","202","202","-1","0","190","0","1","0","4.88965606689453","0.200000002980232","0","70","335","20500.0010923963","1025","20.0000010657524","3.98219322653333","-0.907462840361201","10"
"2003_Taylor_Knox_channel_island_Copy_1","2","0","6","0","0","0","0","0.277531862258911","0","213.893035888672","16.5870628356934","0.55549556016922","0.55549556016922","520.708618164063","0","0","0","406.380584716797","874.254943847656","0","874.254943847656","425.644470214844","508.232940673828","0","0.0207631420344114","0.355280250310898","0","0","230.654754638672","50.5476150512695","10.6637554168701","-0.00476631242781878","0","9","190","3","351","202","202","-1","0","191","0","1","0","4.52163171768188","0.25","0","91","316","20500.0028179458","1025","20.0000027492154","3.35036548500247","-1.17126623267942","10"
"2003_Taylor_Knox_channel_island_Copy_1","2","0","7","0","0","0","0","0.335539013147354","0","263.123901367188","14.833610534668","0.253004133701324","0.253004133701324","521.88623046875","0","0","0","441.728088378906","1020.38446044922","0","1020.38446044922","478.812561035156","508.256530761719","0","0.0233567077666521","0.450732469558716","0","0","277.839904785156","50.5476150512695","14.0467557907104","-0.00416341703385115","0","9","191","4","342","203","203","-1","0","192","0","2","0","4.14468955993652","0.300000011920929","0","111","299","20500.0022185827","1025","20.0000021644709","2.9703659949364","-1.17432356500013","10"
"2003_Taylor_Knox_channel_island_Copy_1","2","0","8","0","0","0","0","0.199217244982719","0","311.286895751953","13.3603744506836","2.00418329238892","2.00418329238892","523.041442871094","0","0","0","449.164215087891","1220.16589355469","0","1220.16589355469","530.593688964844","508.200805664063","0","0.0258826203644276","0.548054814338684","0","0","326.287811279297","50.5476150512695","17.2280654907227","-0.0125744678080082","0","9","192","4","332","203","203","-1","0","193","1","2","0","3.63558626174927","0.349999994039536","0","132","281","20499.9988986462","1025","19.9999989255085","2.70687632280529","-0.928709938943976","10"
"2003_Taylor_Knox_channel_island_Copy_1","2","0","9","0","0","0","0","-0.126831501722336","0","354.111755371094","12.3537111282349","9.94577407836914","9.94577407836914","523.852355957031","0","0","0","447.483673095703","1414.82275390625","0","1414.82275390625","572.358947753906","507.883605957031","0","0.027919951826334","0.633110046386719","0","0","376.047546386719","50.5476150512695","19.7345180511475","-0.00525366002693772","0","9","192","4","322","203","203","-1","0","193","1","2","0","2.99101042747498","0.400000005960464","0","151","263","20499.9976831643","1025","19.9999977396725","2.52754522732757","-0.463465200147406","10"
"2003_Taylor_Knox_channel_island_Copy_1","2","0","10","0","0","0","0","-0.349208563566208","0","368.826354980469","12.0895719528198","26.3722972869873","26.3722972869873","524.242614746094","0","0","0","439.075714111328","1512.93237304688","0","1512.93237304688","585.076477050781","507.2216796875","0","0.028540313243866","0.664291858673096","0","0","406.913482666016","50.5476150512695","20.5478782653809","-0.0260312519967556","0","8","193","5","320","204","204","-1","0","194","1","3","0","2.69988489151001","0.416666686534882","0","157","254","20500.0019464232","1025","20.0000018989495","2.46238600534842","-0.237498886161589","10"
"2003_Taylor_Knox_channel_island_Copy_1","2","0","11","0","0","0","0","-0.503850042819977","0","383.698303222656","11.9933385848999","24.1725158691406","24.1725158691406","524.498657226563","0","0","0","444.053894042969","1565.451171875","0","1565.451171875","593.742980957031","507.398895263672","0","0.0289630740880966","0.695144653320313","0","0","419.497253417969","50.5476150512695","21.2642307281494","-0.0362331680953503","0","8","194","5","317","204","204","-1","0","195","2","3","0","2.40379977226257","0.433333367109299","0","166","247","20499.9986931999","1025","19.999998725073","2.3879092149182","-0.0158905573443766","10"
"2003_Taylor_Knox_channel_island_Copy_1","2","1","0","0","0","0","0","-2.50563526153564","0","0.926409780979156","212.180816650391","6.52422750135884E-05","6.52422750135884E-05","323.679046630859","0","0","0","55.2973403930664","34.3334770202637","0","34.3334770202637","32.5193710327148","288.812744140625","0","0.00158631091471761","0.00189855007920414","0","0","212.805328369141","50.5476150512695","0.0252618193626404","0.464219182729721","0","9","202","0","398","206","206","-1","0","203","1","5","0","45","0.0166666675359011","0.025906428694725","7","396","20499.9982859626","1025","19.9999983277684","56.6719150778375","11.6719150778375","10"
"2003_Taylor_Knox_channel_island_Copy_1","2","1","1","0","0","0","0","-2.18849897384644","0","4.87496042251587","142.440490722656","0.00137875275686383","0.00137875275686383","542.790588378906","0","0","0","110.981155395508","63.896297454834","0","63.896297454834","68.1065368652344","508.267852783203","0","0.00332227000035346","0.00709128519520164","0","0","146.808670043945","50.5476150512695","0.112994968891144","0.347724109888077","0","9","202","0","395","206","206","-1","0","203","1","5","0","24.4688587188721","0.0333333350718021","0.025906428694725","10","390","20500.0005592527","1025","20.0000005456124","27.9369998584906","3.46814113961857","10"
"2003_Taylor_Knox_channel_island_Copy_1","2","1","2","0","0","0","0","-1.62864899635315","0","16.7992572784424","63.2341499328613","0.00785487424582243","0.00785487424582243","518.636169433594","0","0","0","196.202911376953","119.414894104004","0","119.414894104004","114.262222290039","508.266937255859","0","0.00557376677170396","0.0234295502305031","0","0","79.5779037475586","50.5476150512695","0.418548345565796","0.158514812588692","0","9","203","1","394","207","207","-1","0","204","0","6","0","12.1211881637573","0.0500000007450581","0.025906428694725","16","384","20500.0006225786","1025","20.0000006073938","13.7623196906607","1.64113152690335","10"
"2003_Taylor_Knox_channel_island_Copy_1","2","1","3","0","0","0","0","-0.665511727333069","0","56.6296463012695","33.1956214904785","0.105705454945564","0.105705454945564","517.638854980469","0","0","0","259.451721191406","316.461639404297","0","316.461639404297","208.817977905273","508.256378173828","0","0.0101862419396639","0.0821065157651901","0","0","89.4935989379883","50.5476150512695","1.83811700344086","0.0971392765641212","0","9","204","1","386","207","207","-1","0","205","0","6","0","6.80614995956421","0.100000001490116","0.025906428694725","24","357","20500.0017810458","1025","20.0000017376057","7.12655077338956","0.320400813825348","10"
"2003_Taylor_Knox_channel_island_Copy_1","2","1","4","0","0","0","0","-0.0508712418377399","0","111.412963867188","23.5255889892578","0.402180761098862","0.402180761098862","518.549682617188","0","0","0","333.845916748047","514.438842773438","0","514.438842773438","297.421661376953","508.232757568359","0","0.0145083721727133","0.17174331843853","0","0","134.928863525391","50.5476150512695","4.51488018035889","0.0600636154413223","0","9","205","1","376","207","207","-1","0","206","0","6","0","5.37714958190918","0.150000005960464","0.025906428694725","35","329","20500.002194342","1025","20.0000021408215","4.84595530019059","-0.531194281718592","10"
"2003_Taylor_Knox_channel_island_Copy_1","2","1","5","0","0","0","0","0.335475146770477","0","164.629119873047","19.0515766143799","0.483260631561279","0.483260631561279","520.029724121094","0","0","0","365.912750244141","713.382019042969","0","713.382019042969","368.938690185547","508.233123779297","0","0.0179970096796751","0.261035561561584","0","0","183.768844604492","50.5476150512695","7.49276685714722","0.0493196360766888","0","9","206","1","366","208","207","-1","0","207","0","6","0","4.82283639907837","0.200000002980232","0.025906428694725","47","306","20499.9995417132","1025","19.9999995528909","3.95337437219875","-0.869462026879617","10"
"2003_Taylor_Knox_channel_island_Copy_1","2","1","6","0","0","0","0","0.547898471355438","0","210.088119506836","16.4146041870117","0.899055480957031","0.899055480957031","521.748901367188","0","0","0","397.748016357422","867.342346191406","0","867.342346191406","427.048980712891","508.217010498047","0","0.0208316575735807","0.344983696937561","0","0","227.017990112305","50.5476150512695","10.4144220352173","0.0622911751270294","0","9","207","2","357","209","208","-1","0","208","0","7","0","4.40954208374023","0.25","0.025906428694725","56","284","20500.0000218171","1025","20.0000000212849","3.46188126216714","-0.947660821573097","10"
"2003_Taylor_Knox_channel_island_Copy_1","2","1","7","0","0","0","0","0.559463083744049","0","242.176483154297","15.0493488311768","2.33081269264221","2.33081269264221","523.117553710938","0","0","0","402.712249755859","1012.43023681641","0","1012.43023681641","464.804382324219","508.146362304688","0","0.0226733833551407","0.407718032598495","0","0","259.177825927734","50.5476150512695","12.6136846542358","0.0768755674362183","0","9","208","2","347","211","208","-1","0","210","0","7","0","4.10264348983765","0.300000011920929","0.025906428694725","66","272","20500.0010383909","1025","20.0000010130643","3.18788843722045","-0.914755052617198","10"
"2003_Taylor_Knox_channel_island_Copy_1","2","1","8","0","0","0","0","0.32720559835434","0","292.598419189453","13.6454467773438","10.7985000610352","10.7985000610352","527.042785644531","0","0","0","402.089630126953","1254.61352539063","0","1254.61352539063","518.442199707031","507.712768554688","0","0.0252898633480072","0.504467070102692","0","0","316.661468505859","50.5476150512695","15.8382587432861","0.130266025662422","0","8","208","2","337","212","208","-1","0","211","0","7","0","3.47271609306335","0.349999994039536","0.025906428694725","74","248","20500.0000424235","1025","20.0000000413887","2.87354734193241","-0.599168751130942","10"
"2003_Taylor_Knox_channel_island_Copy_1","2","1","9","0","0","0","0","0.189872056245804","0","290.54150390625","14.0829544067383","83.9861831665039","83.9861831665039","530.37353515625","0","0","0","375.076293945313","1352.13171386719","0","1352.13171386719","516.903015136719","502.984527587891","0","0.0252147819846869","0.507152557373047","0","0","388.072814941406","50.5476150512695","15.7009410858154","0.174593821167946","0","7","209","3","328","214","209","-1","0","213","0","8","0","3.09708452224731","0.400000005960464","0.025906428694725","59","237","20499.9993833236","1025","19.9999993983645","2.84982583972842","-0.24725868251889","10"
"2003_Taylor_Knox_channel_island_Copy_1","2","1","10","0","0","0","0","0.0782469734549522","0","293.438140869141","14.1318492889404","86.3623123168945","86.3623123168945","532.660400390625","0","0","0","366.985076904297","1400.6923828125","0","1400.6923828125","520.463073730469","502.970031738281","0","0.0253884438425303","0.514033198356628","0","0","393.396514892578","50.5476150512695","15.8919773101807","0.197506114840508","0","7","209","3","325","214","209","-1","0","213","0","8","0","3.02127695083618","0.416666686534882","0.025906428694725","57","234","20499.9990136693","1025","19.9999990377262","2.83102871046137","-0.190248240374807","10"
"2003_Taylor_Knox_channel_island_Copy_1","2","2","0","0","0","0","0","-0.773742318153381","0","12.2875156402588","86.4441223144531","0.00418077921494842","0.00418077921494842","565.363037109375","0","0","0","100.927871704102","171.169342041016","0","171.169342041016","103.207504272461","508.267486572266","0","0.00503451284021139","0.017275758087635","0","0","98.2255401611328","50.5476150512695","0.299110442399979","0.440330237150192","0","9","212","1","396","225","212","-1","0","224","0","11","0","15.7406539916992","0.0666666701436043","0.0518128573894501","13","375","20499.9982218989","1025","19.9999982652673","16.9430287772987","1.20237478559945","10"
"2003_Taylor_Knox_channel_island_Copy_1","2","2","1","0","0","0","0","-0.773742318153381","0","15.6026334762573","77.4180221557617","0.00791813060641289","0.00791813060641289","571.074157714844","0","0","0","124.86612701416","171.169342041016","0","171.169342041016","115.33455657959","508.266510009766","0","0.00562607543542981","0.0213732533156872","0","0","92.5111389160156","50.5476150512695","0.390380442142487","0.459534049034119","0","9","212","1","393","225","212","-1","0","224","0","11","0","14.3730945587158","0.0833333358168602","0.0518128573894501","11","366","20500.0018046823","1025","20.0000017606657","15.2617892042482","0.888694645532388","10"
"2003_Taylor_Knox_channel_island_Copy_1","2","2","2","0","0","0","0","-0.379960775375366","0","32.3076858520508","47.605094909668","0.0322260558605194","0.0322260558605194","536.786193847656","0","0","0","173.114288330078","264.120422363281","0","264.120422363281","159.644241333008","508.263732910156","0","0.00778752472251654","0.045723021030426","0","0","79.4793472290039","50.5476150512695","0.937692701816559","0.295915305614471","0","9","212","1","391","225","212","-1","0","224","0","11","0","9.61419582366943","0.100000001490116","0.0518128573894501","17","355","20499.9980123875","1025","19.9999980608659","9.80639978539728","0.192203961727847","10"
"2003_Taylor_Knox_channel_island_Copy_1","2","2","3","0","0","0","0","0.341719418764114","0","68.8776016235352","32.1181373596191","0.108981147408485","0.108981147408485","531.818054199219","0","0","0","223.942321777344","456.316253662109","0","456.316253662109","233.879119873047","508.257598876953","0","0.0114087359979749","0.102188527584076","0","0","100.667869567871","50.5476150512695","2.48073697090149","0.24756021797657","0","9","213","2","382","227","213","-1","0","226","0","12","0","7.0706958770752","0.150000005960464","0.0518128573894501","20","323","20500.0027973793","1025","20.0000027291505","6.41009405827839","-0.660601818796801","10"
"2003_Taylor_Knox_channel_island_Copy_1","2","2","4","0","0","0","0","0.868361234664917","0","132.205825805664","22.1742725372314","0.565891981124878","0.565891981124878","525.8203125","0","0","0","284.041442871094","732.141845703125","0","732.141845703125","330.475250244141","508.22705078125","0","0.016120744869113","0.207958623766899","0","0","154.538009643555","50.5476150512695","5.88391971588135","0.170356750488281","0","9","213","2","372","227","213","-1","0","226","0","12","0","5.24853086471558","0.200000002980232","0.0518128573894501","27","292","20499.9987858703","1025","19.9999988154832","4.44597195617123","-0.802558908544341","10"
"2003_Taylor_Knox_channel_island_Copy_1","2","2","5","0","0","0","0","1.03837871551514","0","166.399810791016","19.0811939239502","4.64489841461182","4.64489841461182","528.351684570313","0","0","0","292.796295166016","917.681091308594","0","917.681091308594","380.2900390625","507.9501953125","0","0.0185507331043482","0.268693625926971","0","0","189.718368530273","50.5476150512695","7.88105154037476","0.184765547513962","0","9","214","3","363","229","214","-1","0","228","0","13","0","4.6400899887085","0.25","0.0518128573894501","32","277","20500.0005618841","1025","20.0000005481796","3.95887665407202","-0.681213334636471","10"
"2003_Taylor_Knox_channel_island_Copy_1","2","2","6","0","0","0","0","0.952790558338165","0","191.942153930664","17.2591438293457","15.098934173584","15.098934173584","531.126831054688","0","0","0","292.174163818359","1093.76818847656","0","1093.76818847656","417.661743164063","507.280944824219","0","0.0203737448900938","0.319570809602737","0","0","223.878204345703","50.5476150512695","9.56496238708496","0.203948244452477","0","8","214","3","353","230","214","-1","0","229","0","13","0","4.18821573257446","0.300000011920929","0.0518128573894501","32","260","20499.998670698","1025","19.99999870312","3.65528325082953","-0.53293248174493","10"
"2003_Taylor_Knox_channel_island_Copy_1","2","2","7","0","0","0","0","0.760124742984772","0","214.771301269531","16.1938228607178","27.8041191101074","27.8041191101074","536.788879394531","0","0","0","294.865295410156","1229.23596191406","0","1229.23596191406","450.126708984375","506.586029052734","0","0.0219573974609375","0.362459003925323","0","0","258.332336425781","50.5476150512695","10.9311628341675","0.245828658342361","0","7","214","3","343","230","214","-1","0","229","0","13","0","3.71449422836304","0.349999994039536","0.0518128573894501","32","248","20500.0027797081","1025","20.0000027119104","3.47304624254581","-0.241447985817222","10"
"2003_Taylor_Knox_channel_island_Copy_1","2","2","8","0","0","0","0","-0.0212325695902109","0","223.008544921875","17.3355884552002","32.4877395629883","32.4877395629883","566.526977539063","0","0","0","250.172378540039","1540.16467285156","0","1540.16467285156","473.210815429688","506.4248046875","0","0.0230834558606148","0.385306686162949","0","0","272.375885009766","50.5476150512695","11.5740461349487","0.40670844912529","0","6","215","4","334","232","215","-1","0","231","0","14","0","3.30524301528931","0.400000005960464","0.0518128573894501","27","235","20499.9987128047","1025","19.9999987441997","3.43460721160987","0.129364196320567","10"
"2003_Taylor_Knox_channel_island_Copy_1","2","3","0","0","0","0","0","-0.721223711967468","0","3.00449919700623","450.169250488281","0.00335361459292471","0.00335361459292471","738.541137695313","0","0","0","21.4708976745605","214.892517089844","0","214.892517089844","73.9522476196289","368.299285888672","0","0.00360742677003145","0.00461393501609564","0","0","452.265075683594","50.5476150512695","0.0691257640719414","1.04702961444855","0","9","220","0","396","241","220","-1","0","240","0","19","0","45","0.116666674613953","0.0777192860841751","10","380","20499.9996767735","1025","19.9999996846571","51.430701333106","6.43070133310604","10"
"2003_Taylor_Knox_channel_island_Copy_1","2","3","1","0","0","0","0","-0.00724479556083679","0","11.231632232666","120.972068786621","0.0182884186506271","0.0182884186506271","671.646179199219","0","0","0","61.1760482788086","255.665817260742","0","255.665817260742","107.92032623291","508.260803222656","0","0.00526440562680364","0.0156406238675117","0","0","131.596420288086","50.5476150512695","0.273756235837936","0.706057846546173","0","9","220","0","393","241","220","-1","0","240","0","19","0","19.3881740570068","0.133333340287209","0.0777192860841751","13","366","20500.0020673627","1025","20.0000020169392","19.6689734444464","0.280799387439526","10"
"2003_Taylor_Knox_channel_island_Copy_1","2","3","2","0","0","0","0","0.672275006771088","0","29.3516368865967","57.3714561462402","0.0251202546060085","0.0251202546060085","587.526916503906","0","0","0","109.285003662109","377.994842529297","0","377.994842529297","159.676345825195","508.263336181641","0","0.0077890888787806","0.0413091666996479","0","0","86.233772277832","50.5476150512695","0.877454161643982","0.509124875068665","0","9","220","0","389","241","220","-1","0","240","0","19","0","11.5196027755737","0.150000005960464","0.0777192860841751","16","343","20500.003056865","1025","20.0000029823073","10.8685223857283","-0.651080389845415","10"
"2003_Taylor_Knox_channel_island_Copy_1","2","3","3","0","0","0","0","1.40571081638336","0","59.6656532287598","37.503101348877","0.173855721950531","0.173855721950531","570.551940917969","0","0","0","148.182510375977","601.675476074219","0","601.675476074219","228.615844726563","508.252166748047","0","0.0111519927158952","0.0891577824950218","0","0","96.8749084472656","50.5476150512695","2.22678518295288","0.445372432470322","0","9","222","2","381","243","222","-1","0","242","0","21","0","8.31499481201172","0.200000002980232","0.0777192860841751","20","313","20499.9994665269","1025","19.9999994795384","7.18546462382142","-1.1295301881903","10"
"2003_Taylor_Knox_channel_island_Copy_1","2","3","4","0","0","0","0","1.5893257856369","0","85.7793426513672","30.939338684082","1.27965188026428","1.27965188026428","576.948974609375","0","0","0","172.761138916016","762.216125488281","0","762.216125488281","281.667358398438","508.150177001953","0","0.0137398708611727","0.131681337952614","0","0","117.541313171387","50.5476150512695","3.53527045249939","0.463779926300049","0","9","222","2","371","243","222","-1","0","242","0","21","0","6.92037391662598","0.25","0.0777192860841751","22","292","20500.0004180824","1025","20.0000004078852","5.98924805266131","-0.93112586396467","10"
"2003_Taylor_Knox_channel_island_Copy_1","2","3","5","0","0","0","0","1.56754267215729","0","118.567962646484","25.3734931945801","7.04687738418579","7.04687738418579","574.571228027344","0","0","0","182.873062133789","1043.32885742188","0","1043.32885742188","337.406066894531","507.697937011719","0","0.0164588335901499","0.190796747803688","0","0","150.529724121094","50.5476150512695","5.40737628936768","0.450515270233154","0","8","223","3","362","245","223","-1","0","244","0","22","0","5.66182279586792","0.300000011920929","0.0777192860841751","25","273","20499.9986813439","1025","19.9999987135062","4.94869666404395","-0.713126131823971","10"
"2003_Taylor_Knox_channel_island_Copy_1","2","3","6","0","0","0","0","1.25897192955017","0","129.050979614258","25.207649230957","12.424201965332","12.424201965332","596.699035644531","0","0","0","172.376098632813","1238.16381835938","0","1238.16381835938","362.862854003906","507.336517333984","0","0.0177006255835295","0.213429838418961","0","0","166.198440551758","50.5476150512695","6.07916164398193","0.521441876888275","0","7","224","4","353","247","224","-1","0","246","0","23","0","5.31941080093384","0.349999994039536","0.0777192860841751","25","264","20500.0016689553","1025","20.000001628249","4.75724155731666","-0.562169243617174","10"
"2003_Taylor_Knox_channel_island_Copy_1","2","3","7","0","0","0","0","0.262208104133606","0","140.006134033203","27.9688892364502","37.4822463989258","37.4822463989258","665.089111328125","0","0","0","152.920562744141","1543.54345703125","0","1543.54345703125","404.130584716797","505.724151611328","0","0.0197136867791414","0.236039534211159","0","0","204.840896606445","50.5476150512695","6.82157421112061","0.680012404918671","0","6","225","5","344","249","225","-1","0","248","0","24","0","4.97464466094971","0.400000005960464","0.0777192860841751","23","253","20500.0002913913","1025","20.0000002842842","4.79084284593909","-0.183801815010614","10"
"2003_Taylor_Knox_channel_island_Copy_1","2","4","0","0","0","0","0","0.910609126091003","0","3.48199868202209","443.189758300781","0.0217383578419685","0.0217383578419685","763.570556640625","0","0","0","12.1136684417725","417.566467285156","0","417.566467285156","76.4214401245117","263.228698730469","0","0.00372787495143712","0.00505826156586409","0","0","9941.1708984375","50.5476150512695","0.0768640339374542","1.21765422821045","0","9","237","1","396","273","237","-1","0","272","0","36","0","45","0.200000002980232","0.1036257147789","17","376","20500.0009710763","1025","20.0000009473915","47.4754130560053","2.47541305600528","10"
"2003_Taylor_Knox_channel_island_Copy_1","2","4","1","0","0","0","0","2.07467293739319","0","20.7564907073975","119.672981262207","0.0242595393210649","0.0242595393210649","842.9013671875","0","0","0","49.1528282165527","586.644409179688","0","586.644409179688","163.510467529297","508.273101806641","0","0.00797611847519875","0.0288352314382792","0","0","139.696990966797","50.5476150512695","0.611132800579071","0.91851669549942","0","9","238","2","387","275","238","-1","0","274","0","37","0","17.1856651306152","0.25","0.1036257147789","24","344","20500.0048629823","1025","20.0000047443729","16.0579929663343","-1.12767216428098","10"
"2003_Taylor_Knox_channel_island_Copy_1","2","4","2","0","0","0","0","2.31731557846069","0","38.6145477294922","71.6315383911133","0.202617913484573","0.202617913484573","770.127380371094","0","0","0","73.4395065307617","782.297119140625","0","782.297119140625","217.092620849609","508.249694824219","0","0.0105898845940828","0.0574515163898468","0","0","109.812019348145","50.5476150512695","1.36843085289001","0.841970920562744","0","9","239","3","378","277","239","-1","0","276","0","38","0","12.0982608795166","0.300000011920929","0.1036257147789","27","320","20499.9987413377","1025","19.9999987720368","10.6219171534532","-1.47634372606338","10"
"2003_Taylor_Knox_channel_island_Copy_1","2","4","3","0","0","0","0","2.21209740638733","0","49.5095405578613","71.6187744140625","1.62066113948822","1.62066113948822","850.205688476563","0","0","0","76.8068618774414","1002.85308837891","0","1002.85308837891","262.69775390625","508.102294921875","0","0.0128145255148411","0.0770259946584702","0","0","122.052780151367","50.5476150512695","1.9268958568573","0.922818243503571","0","8","241","5","370","281","241","-1","0","280","0","40","0","10.9357290267944","0.349999994039536","0.1036257147789","28","305","20499.9985057588","1025","19.9999985422037","9.5766111279711","-1.35911789882334","10"
"2003_Taylor_Knox_channel_island_Copy_1","2","4","4","0","0","0","0","1.65084338188171","0","57.3446846008301","104.108200073242","6.58510684967041","6.58510684967041","1157.14672851563","0","0","0","73.8246536254883","1242.84643554688","0","1242.84643554688","335.934265136719","507.742340087891","0","0.0163870379328728","0.0917527079582214","0","0","167.041931152344","50.5476150512695","2.32829976081848","1.1117616891861","0","7","242","6","361","283","242","-1","0","282","0","41","0","11.2147741317749","0.400000005960464","0.1036257147789","27","292","20499.9992379847","1025","19.9999992565705","10.2882271425968","-0.926546989178128","10"
"2003_Taylor_Knox_channel_island_Copy_1","2","4","5","0","0","0","0","1.11749541759491","0","54.6535873413086","168.417587280273","8.88259696960449","8.88259696960449","1561.78979492188","0","0","0","64.4648513793945","1386.22143554688","0","1386.22143554688","384.001983642578","507.606994628906","0","0.0187318027019501","0.0893625617027283","0","0","230.54768371582","50.5476150512695","2.23277592658997","1.23682045936584","0","6","243","7","359","285","243","-1","0","284","0","42","0","13.033766746521","0.416666686534882","0.1036257147789","25","289","20500.0015082692","1025","20.0000014714822","12.0998370804774","-0.933929666043554","10"
"2003_Taylor_Knox_channel_island_Copy_1","20","0","0","0","0","0","0","-1.5380322933197","0","2.71072220802307","195.692794799805","0.00299200927838683","0.00299200927838683","512.350524902344","0","0","0","115.330963134766","37.7616233825684","0","37.7616233825684","54.6981010437012","508.267211914063","0","0.00266820006072521","0.00435508461669087","0","0","197.920562744141","50.5476150512695","0.0658871084451675","-0.099655419588089","0","9","75","3","394","202","202","-1","0","76","0","1","0","32.4546127319336","0.0166666675359011","0","9","394","20499.9999246062","1025","19.9999999264451","37.7823217701208","5.32770903818717","10"
"2003_Taylor_Knox_channel_island_Copy_1","20","0","1","0","0","0","0","-1.58255076408386","0","8.59600257873535","91.7147903442383","0.00216758949682117","0.00216758949682117","513.029113769531","0","0","0","154.30647277832","79.884635925293","0","79.884635925293","82.8718109130859","508.268157958984","0","0.00404252717271447","0.0123267164453864","0","0","99.8377990722656","50.5476150512695","0.200211867690086","-0.0873397812247276","0","9","80","4","392","203","203","-1","0","81","0","2","0","17.2074146270752","0.0333333350718021","0","14","392","20500.0009579254","1025","20.0000009345613","19.1443001801796","1.93688555310445","10"
"2003_Taylor_Knox_channel_island_Copy_1","20","0","2","0","0","0","0","-1.43751454353333","0","21.1736259460449","55.2250823974609","0.00586543465033174","0.00586543465033174","513.449096679688","0","0","0","206.577056884766","146.691360473633","0","146.691360473633","126.749649047852","508.267730712891","0","0.00618290994316339","0.0303030721843243","0","0","75.9470977783203","50.5476150512695","0.542718708515167","-0.0565497651696205","0","9","84","5","391","204","204","-1","0","85","0","3","0","10.6488342285156","0.0500000007450581","0","21","387","20499.9992257694","1025","19.9999992446531","11.7730594239522","1.12422519543654","10"
"2003_Taylor_Knox_channel_island_Copy_1","20","0","3","0","0","0","0","-0.614242672920227","0","65.7555084228516","30.4509754180908","0.175218313932419","0.175218313932419","515.822387695313","0","0","0","292.080688476563","335.633453369141","0","335.633453369141","226.013793945313","508.248352050781","0","0.0110250627622008","0.0980320572853088","0","0","95.9549102783203","50.5476150512695","2.22654819488525","-0.0246856361627579","0","9","98","8","386","207","207","-1","0","99","0","6","0","6.23678827285767","0.100000001490116","0","39","370","20500.0006639595","1025","20.0000006477654","6.45736588313634","0.220577610278674","10"
"2003_Taylor_Knox_channel_island_Copy_1","20","0","4","0","0","0","0","0.18785160779953","0","118.845962524414","22.784912109375","1.03157782554626","1.03157782554626","517.976501464844","0","0","0","361.847381591797","505.044158935547","0","505.044158935547","306.917572021484","508.190277099609","0","0.0149715878069401","0.182748898863792","0","0","142.252227783203","50.5476150512695","4.75325965881348","-0.0171372052282095","0","9","110","11","379","210","210","-1","0","111","0","9","0","5.12399864196777","0.150000005960464","0","56","349","20500.0014680616","1025","20.0000014322552","4.69918679772312","-0.424811844244655","10"
"2003_Taylor_Knox_channel_island_Copy_1","20","0","5","0","0","0","0","0.753972113132477","0","176.984191894531","18.5649108886719","2.53780627250671","2.53780627250671","519.913208007813","0","0","0","424.182922363281","665.198791503906","0","665.198791503906","379.981384277344","508.133880615234","0","0.0185356773436069","0.282165974378586","0","0","197.685623168945","50.5476150512695","8.01631927490234","-0.00993635877966881","0","9","122","14","372","213","213","-1","0","123","1","12","0","4.63683080673218","0.200000002980232","0","73","326","20499.999931667","1025","19.9999999333336","3.76651157863765","-0.870319228094532","10"
"2003_Taylor_Knox_channel_island_Copy_1","20","0","6","0","0","0","0","1.14523327350616","0","229.737319946289","16.0247898101807","2.94635438919067","2.94635438919067","521.485778808594","0","0","0","461.120727539063","810.012145996094","0","810.012145996094","440.444305419922","508.101898193359","0","0.0214850902557373","0.373513400554657","0","0","248.311553955078","50.5476150512695","11.181489944458","-0.00411832379177213","0","9","134","17","365","216","216","-1","0","135","1","15","0","4.27842426300049","0.25","0","91","309","20499.9979137768","1025","19.9999979646603","3.29756545417174","-0.980858808828747","10"
"2003_Taylor_Knox_channel_island_Copy_1","20","0","7","0","0","0","0","1.36126303672791","0","265.885711669922","14.9173927307129","3.70553112030029","3.70553112030029","522.473510742188","0","0","0","475.779327392578","928.128173828125","0","928.128173828125","476.779418945313","508.052459716797","0","0.0232575330883265","0.441584199666977","0","0","284.110260009766","50.5476150512695","13.4155616760254","-0.00648756325244904","0","9","146","21","359","220","220","-1","0","147","2","19","0","3.95523619651794","0.300000011920929","0","108","300","20499.9995973184","1025","19.9999996071399","3.01907391784953","-0.936162278668413","10"
"2003_Taylor_Knox_channel_island_Copy_1","20","0","8","0","0","0","0","1.40779507160187","0","284.913269042969","14.6293153762817","4.42148590087891","4.42148590087891","522.905883789063","0","0","0","477.598602294922","999.616333007813","0","999.616333007813","492.740509033203","508.003875732422","0","0.0240361224859953","0.477415353059769","0","0","303.563812255859","50.5476150512695","14.5237092971802","-0.0103694163262844","0","9","148","21","356","220","220","-1","0","149","2","19","0","3.78268337249756","0.316666692495346","0","117","295","20499.9999197167","1025","19.9999999216748","2.88585358118326","-0.896829791314294","10"
"2003_Taylor_Knox_channel_island_Copy_1","20","1","0","0","0","0","0","-1.45305609703064","0","4.13183498382568","140.722427368164","0.000876606209203601","0.000876606209203601","517.491638183594","0","0","0","238.450454711914","27.1138286590576","0","27.1138286590576","63.8687896728516","508.268585205078","0","0.00311555038206279","0.00646530464291573","0","0","144.403381347656","50.5476150512695","0.0973184704780579","0.169012233614922","0","9","99","1","396","207","207","-1","0","100","0","6","0","25.3919010162354","0.0333333350718021","0.025906428694725","11","392","20500.0021956199","1025","20.0000021420682","28.8087587178418","3.41685770160641","10"
"2003_Taylor_Knox_channel_island_Copy_1","20","1","1","0","0","0","0","-1.00602746009827","0","13.8795461654663","69.4160919189453","0.00680485041812062","0.00680485041812062","514.149291992188","0","0","0","237.243469238281","82.3814315795898","0","82.3814315795898","104.153190612793","508.267242431641","0","0.00508064264431596","0.0195444580167532","0","0","82.8445892333984","50.5476150512695","0.339505314826965","0.0960474014282227","0","9","103","2","395","208","208","-1","0","104","0","7","0","13.7542858123779","0.0500000007450581","0.025906428694725","16","386","20500.0032287876","1025","20.0000031500367","15.0672809715002","1.31299515912224","10"
"2003_Taylor_Knox_channel_island_Copy_1","20","1","2","0","0","0","0","0.0423083193600178","0","54.1388130187988","35.4017105102539","0.319817006587982","0.319817006587982","516.493896484375","0","0","0","326.785552978516","237.821136474609","0","237.821136474609","199.897659301758","508.231994628906","0","0.00975110474973917","0.0777165144681931","0","0","89.4114227294922","50.5476150512695","1.70203328132629","0.0744181498885155","0","9","115","5","390","211","211","-1","0","116","0","10","0","7.36385154724121","0.100000001490116","0.025906428694725","24","355","20500.001223667","1025","20.0000011938214","7.20790892320308","-0.155942624038127","10"
"2003_Taylor_Knox_channel_island_Copy_1","20","1","3","0","0","0","0","0.646405220031738","0","120.495048522949","24.2096099853516","2.23242521286011","2.23242521286011","518.433227539063","0","0","0","407.031341552734","442.646942138672","0","442.646942138672","299.933441162109","508.118804931641","0","0.0146308988332748","0.180171176791191","0","0","146.50798034668","50.5476150512695","4.78628253936768","0.0405507981777191","0","9","127","8","383","214","214","-1","0","128","0","13","0","5.3345832824707","0.150000005960464","0.025906428694725","35","321","20500.0010306937","1025","20.0000010055548","4.65786387934023","-0.676719403130475","10"
"2003_Taylor_Knox_channel_island_Copy_1","20","1","4","0","0","0","0","0.988072872161865","0","173.752883911133","19.7192153930664","4.87974739074707","4.87974739074707","520.095825195313","0","0","0","466.82763671875","578.02294921875","0","578.02294921875","367.277282714844","507.912384033203","0","0.0179159678518772","0.269837081432343","0","0","197.925888061523","50.5476150512695","7.75838327407837","0.0309905745089054","0","9","139","12","377","218","218","-1","0","140","0","17","0","4.56734132766724","0.200000002980232","0.025906428694725","49","302","20499.9967487864","1025","19.9999968280843","3.80698242092603","-0.760358906741211","10"
"2003_Taylor_Knox_channel_island_Copy_1","20","1","5","0","0","0","0","1.20580124855042","0","205.297103881836","17.7538242340088","4.72653961181641","4.72653961181641","521.09033203125","0","0","0","472.620483398438","688.795471191406","0","688.795471191406","405.257446289063","507.918609619141","0","0.0197686571627855","0.325538843870163","0","0","227.355621337891","50.5476150512695","9.64768600463867","0.0293710958212614","0","9","150","15","370","221","221","-1","0","151","0","20","0","4.15826082229614","0.25","0.025906428694725","60","294","20499.9987076492","1025","19.9999987391699","3.48148285800414","-0.676777964292004","10"
"2003_Taylor_Knox_channel_island_Copy_1","20","1","6","0","0","0","0","1.25878190994263","0","219.128280639648","17.3015384674072","5.18312931060791","5.18312931060791","521.533874511719","0","0","0","470.645111083984","734.356201171875","0","734.356201171875","419.650848388672","507.899017333984","0","0.0204707738012075","0.345621168613434","0","0","241.191513061523","50.5476150512695","10.3630771636963","0.0333259701728821","0","9","154","17","369","223","223","-1","0","155","0","22","0","4.03428363800049","0.266666680574417","0.025906428694725","63","290","20499.9992899104","1025","19.9999993072297","3.39555542022151","-0.638728217778983","10"
"2003_Taylor_Knox_channel_island_Copy_1","20","1","7","0","0","0","0","1.2866393327713","0","225.147338867188","17.1146793365479","5.55291128158569","5.55291128158569","521.710266113281","0","0","0","471.423645019531","752.101318359375","0","752.101318359375","425.797882080078","507.861297607422","0","0.0207706298679113","0.354558348655701","0","0","247.391952514648","50.5476150512695","10.6531944274902","0.0342745408415794","0","9","158","18","367","224","224","-1","0","159","0","23","0","3.95972919464111","0.283333361148834","0.025906428694725","65","289","20499.9985454411","1025","19.9999985809182","3.35840682565379","-0.601322368987322","10"
"2003_Taylor_Knox_channel_island_Copy_1","20","2","0","0","0","0","0","-0.113059774041176","0","11.9754800796509","76.9410781860352","0.0569021590054035","0.0569021590054035","527.615661621094","0","0","0","166.706405639648","103.629859924316","0","103.629859924316","100.084396362305","508.252044677734","0","0.00488216616213322","0.0172757618129253","0","0","88.515495300293","50.5476150512695","0.297310471534729","0.24829725921154","0","9","124","2","397","213","213","-1","0","125","0","12","0","15.6567163467407","0.0666666701436043","0.0518128573894501","14","376","20499.9979596298","1025","19.9999980093949","16.4155666783492","0.758850331608492","10"
"2003_Taylor_Knox_channel_island_Copy_1","20","2","1","0","0","0","0","0.0716492533683777","0","18.0301246643066","62.1401748657227","0.0724854618310928","0.0724854618310928","524.342468261719","0","0","0","180.015747070313","140.974731445313","0","140.974731445313","119.348342895508","508.252563476563","0","0.00582187017425895","0.0253776703029871","0","0","79.7854614257813","50.5476150512695","0.467802882194519","0.215727493166924","0","9","128","3","395","214","214","-1","0","129","0","13","0","12.943211555481","0.0833333358168602","0.0518128573894501","16","369","20500.0007425791","1025","20.0000007244675","13.2622886842673","0.319077128786365","10"
"2003_Taylor_Knox_channel_island_Copy_1","20","2","2","0","0","0","0","0.304264396429062","0","26.1919536590576","51.0593528747559","0.323646247386932","0.323646247386932","521.441833496094","0","0","0","203.41242980957","181.018737792969","0","181.018737792969","141.522888183594","508.212036132813","0","0.00690355477854609","0.0368214622139931","0","0","77.113410949707","50.5476150512695","0.715574979782104","0.179874703288078","0","9","131","4","394","215","215","-1","0","132","0","14","0","10.9452791213989","0.100000001490116","0.0518128573894501","19","363","20500.0022051536","1025","20.0000021513694","10.8061795752914","-0.139099546107573","10"
"2003_Taylor_Knox_channel_island_Copy_1","20","2","3","0","0","0","0","0.855388998985291","0","75.888786315918","30.2900238037109","1.36481642723083","1.36481642723083","519.924255371094","0","0","0","323.230987548828","336.740386962891","0","336.740386962891","237.460906982422","508.133422851563","0","0.0115834577009082","0.108844920992851","0","0","107.091361999512","50.5476150512695","2.68014097213745","0.118887834250927","0","9","144","8","388","219","219","-1","0","145","0","18","0","7.07770347595215","0.150000005960464","0.0518128573894501","26","325","20500.0020817449","1025","20.0000020309706","6.10908055068193","-0.968622925270215","10"
"2003_Taylor_Knox_channel_island_Copy_1","20","2","4","0","0","0","0","1.27905988693237","0","114.409561157227","24.8126564025879","3.96442413330078","3.96442413330078","520.376770019531","0","0","0","353.208587646484","472.939788818359","0","472.939788818359","293.309234619141","507.888671875","0","0.0143077680841088","0.167046397924423","0","0","142.731735229492","50.5476150512695","4.5038743019104","0.0968653559684753","0","9","155","12","382","223","223","-1","0","156","0","22","0","5.79409170150757","0.200000002980232","0.0518128573894501","32","306","20499.9992238419","1025","19.9999992427726","4.91348756490599","-0.88060413660158","10"
"2003_Taylor_Knox_channel_island_Copy_1","20","2","5","0","0","0","0","1.48301446437836","0","147.903701782227","22.0841941833496","5.90223693847656","5.90223693847656","520.90478515625","0","0","0","381.229217529297","581.291259765625","0","581.291259765625","334.079467773438","507.704010009766","0","0.0162965599447489","0.221605211496353","0","0","175.431213378906","50.5476150512695","6.29304552078247","0.082956962287426","0","9","167","17","377","228","228","-1","0","168","0","27","0","4.90811538696289","0.25","0.0518128573894501","40","296","20499.9993192481","1025","19.9999993358518","4.21726429008791","-0.690851096874983","10"
"2003_Taylor_Knox_channel_island_Copy_1","20","2","6","0","0","0","0","1.55327248573303","0","170.345809936523","21.6239070892334","4.75673294067383","4.75673294067383","521.567626953125","0","0","0","372.638336181641","696.200866699219","0","696.200866699219","355.024871826172","507.800567626953","0","0.0173182860016823","0.259431123733521","0","0","196.271957397461","50.5476150512695","7.55198526382446","0.084941491484642","0","9","180","23","373","234","234","-1","0","181","0","33","0","4.38058376312256","0.300000011920929","0.0518128573894501","47","290","20500.0005076533","1025","20.0000004952715","3.82761746691256","-0.55296629621","10"
"2003_Taylor_Knox_channel_island_Copy_1","20","2","7","0","0","0","0","1.63069033622742","0","157.239273071289","22.7798500061035","5.44719266891479","5.44719266891479","522.022277832031","0","0","0","347.14599609375","683.127197265625","0","683.127197265625","339.773284912109","507.759948730469","0","0.0165743064135313","0.237144887447357","0","0","185.005981445313","50.5476150512695","6.8326530456543","0.102783784270287","0","9","184","25","372","236","236","-1","0","185","0","35","0","4.58211803436279","0.316666692495346","0.0518128573894501","45","290","20500.0002072315","1025","20.000000202177","4.0077300863688","-0.574387947993991","10"
"2003_Taylor_Knox_channel_island_Copy_1","20","2","8","0","0","0","0","1.92637550830841","0","90.4369125366211","28.4002647399902","4.31769800186157","4.31769800186157","525.775329589844","0","0","0","237.724609375","550.7109375","0","550.7109375","261.119873046875","507.712249755859","0","0.0127375554293394","0.13091753423214","0","0","122.667251586914","50.5476150512695","3.48927593231201","0.184009626507759","0","9","189","27","371","238","238","-1","0","190","0","37","0","6.52365064620972","0.333333373069763","0.0518128573894501","33","297","20499.9989594092","1025","19.9999989847895","5.58339628598441","-0.940254360225311","10"
"2003_Taylor_Knox_channel_island_Copy_1","20","3","0","0","0","0","0","-0.100669279694557","0","3.71678376197815","171.249465942383","0.0987405627965927","0.0987405627965927","584.450500488281","0","0","0","38.6047134399414","167.64714050293","0","167.64714050293","69.6011657714844","508.227722167969","0","0.00339517905376852","0.00647197011858225","0","0","174.597213745117","50.5476150512695","0.0995009317994118","0.510894298553467","0","9","152","2","398","222","222","-1","0","153","0","21","0","28.0352363586426","0.116666674613953","0.0777192860841751","13","380","20499.9985771678","1025","19.999998611871","31.6411497213022","3.6059133626596","10"
"2003_Taylor_Knox_channel_island_Copy_1","20","3","1","0","0","0","0","1.07142841815948","0","21.7367630004883","57.087589263916","0.51981782913208","0.51981782913208","530.53564453125","0","0","0","126.203300476074","237.252243041992","0","237.252243041992","131.215377807617","508.16943359375","0","0.00640075001865625","0.0299420151859522","0","0","78.8716354370117","50.5476150512695","0.591140925884247","0.261033654212952","0","9","156","3","396","223","223","-1","0","157","0","22","0","12.7169675827026","0.133333340287209","0.0777192860841751","19","358","20500.0003788875","1025","20.0000003696463","12.3434645206047","-0.373503062097976","10"
"2003_Taylor_Knox_channel_island_Copy_1","20","3","2","0","0","0","0","1.21875047683716","0","20.5117511749268","58.9055290222168","0.591907620429993","0.591907620429993","532.231994628906","0","0","0","113.603797912598","255.571334838867","0","255.571334838867","128.323501586914","508.153167724609","0","0.00625968305394053","0.029033875092864","0","0","79.5377807617188","50.5476150512695","0.563482820987701","0.273763537406921","0","9","160","5","394","225","225","-1","0","161","0","24","0","13.1042613983154","0.150000005960464","0.0777192860841751","20","359","20499.9998372335","1025","19.9999998412034","12.4506894533145","-0.65357194500095","10"
"2003_Taylor_Knox_channel_island_Copy_1","20","3","3","0","0","0","0","1.68016767501831","0","58.1836395263672","34.147590637207","1.92521023750305","1.92521023750305","523.783935546875","0","0","0","208.764205932617","389.273895263672","0","389.273895263672","209.769149780273","508.031280517578","0","0.0102326413616538","0.0812664553523064","0","0","93.787712097168","50.5476150512695","1.95580768585205","0.179936587810516","0","9","172","10","389","230","230","-1","0","173","0","29","0","8.38527584075928","0.200000002980232","0.0777192860841751","29","330","20500.0001823938","1025","20.0000001779452","7.23358159505965","-1.15169424569962","10"
"2003_Taylor_Knox_channel_island_Copy_1","20","3","4","0","0","0","0","1.90887367725372","0","85.0812911987305","28.0517120361328","2.88352537155151","2.88352537155151","523.503295898438","0","0","0","241.584075927734","502.925079345703","0","502.925079345703","254.798767089844","507.932464599609","0","0.0124292084947228","0.121498696506023","0","0","115.549682617188","50.5476150512695","3.14134001731873","0.160848215222359","0","9","185","16","385","236","236","-1","0","186","0","35","0","6.97486686706543","0.25","0.0777192860841751","37","315","20499.9994326288","1025","19.9999994464672","5.87157917649297","-1.10328769057246","10"
"2003_Taylor_Knox_channel_island_Copy_1","20","3","5","0","0","0","0","1.96287262439728","0","103.695281982422","25.8778228759766","5.83083820343018","5.83083820343018","523.981384277344","0","0","0","243.250137329102","622.436706542969","0","622.436706542969","280.995941162109","507.556091308594","0","0.0137071218341589","0.151407808065414","0","0","134.914276123047","50.5476150512695","4.09040451049805","0.157063201069832","0","9","198","23","382","243","243","-1","0","199","0","42","0","6.15064430236816","0.300000011920929","0.0777192860841751","44","307","20499.9958825676","1025","19.9999959829927","5.19416383541633","-0.956480466951838","10"
"2003_Taylor_Knox_channel_island_Copy_1","20","3","6","0","0","0","0","2.27244734764099","0","33.7733879089355","48.3190269470215","3.80612635612488","3.80612635612488","544.434936523438","0","0","0","94.6857986450195","493.120483398438","0","493.120483398438","163.161758422852","507.587524414063","0","0.00795911066234112","0.046691507101059","0","0","85.3509140014648","50.5476150512695","1.0862033367157","0.338412374258041","0","9","210","29","378","249","249","-1","0","211","0","48","0","10.9825344085693","0.349999994039536","0.0777192860841751","29","321","20499.9987240859","1025","19.9999987552058","9.81466065770785","-1.16787375086149","10"
"2003_Taylor_Knox_channel_island_Copy_1","20","3","7","0","0","0","0","1.15681707859039","0","210.486343383789","21.7849044799805","5.6494140625","5.6494140625","522.155700683594","0","0","0","340.157196044922","949.23486328125","0","949.23486328125","384.660125732422","507.767913818359","0","0.0187639072537422","0.322889089584351","0","0","237.470550537109","50.5476150512695","9.72737789154053","0.0813574641942978","0","9","224","37","376","257","257","-1","0","225","0","56","0","3.47400784492493","0.400000005960464","0.0777192860841751","73","299","20500.0014405692","1025","20.0000014054333","3.33148076596004","-0.142527078964882","10"
"2003_Taylor_Knox_channel_island_Copy_1","20","3","8","0","0","0","0","0.963167786598206","0","190.415069580078","23.7611331939697","6.7765588760376","6.7765588760376","522.469604492188","0","0","0","295.531463623047","979.549011230469","0","979.549011230469","360.095275878906","507.668823242188","0","0.0175656247884035","0.289487540721893","0","0","220.492858886719","50.5476150512695","8.68357372283936","0.102148674428463","0","9","237","45","374","265","265","-1","0","238","0","64","0","3.60738778114319","0.449999988079071","0.0777192860841751","75","304","20499.9981621282","1025","19.9999982069544","3.47874985665537","-0.128637924487814","10"
"2003_Taylor_Knox_channel_island_Copy_1","20","3","9","0","0","0","0","0.428609639406204","0","199.752716064453","25.3425350189209","6.30605125427246","6.30605125427246","522.192749023438","0","0","0","287.934783935547","1067.8935546875","0","1067.8935546875","354.675384521484","507.636291503906","0","0.0173012372106314","0.307483673095703","0","0","230.936172485352","50.5476150512695","9.2775411605835","0.100994490087032","0","9","250","53","372","273","273","-1","0","251","0","72","0","3.18102025985718","0.5","0.0777192860841751","83","307","20500.0012544502","1025","20.0000012238539","3.22557484502768","0.044554585170498","10"
"2003_Taylor_Knox_channel_island_Copy_1","20","3","10","0","0","0","0","0.247438415884972","0","194.760726928711","26.1956558227539","6.5182089805603","6.5182089805603","522.151000976563","0","0","0","274.719177246094","1087.20642089844","0","1087.20642089844","345.191772460938","507.614349365234","0","0.0168386232107878","0.298676431179047","0","0","227.00764465332","50.5476150512695","8.94863033294678","0.105574913322926","0","9","254","56","372","276","276","-1","0","255","0","75","0","3.09769487380981","0.516666650772095","0.0777192860841751","84","308","20499.9998004462","1025","19.9999998053133","3.23190477300278","0.134209899192969","10"
"2003_Taylor_Knox_channel_island_Copy_1","20","4","0","0","0","0","0","-1.25078821182251","0","1.4357818365097","318.534271240234","0.173411071300507","0.173411071300507","429.761413574219","0","0","0","8.57802295684814","285.460205078125","0","285.460205078125","44.8433532714844","293.7724609375","0","0.00218748045153916","0.00244868430308998","0","0","319.569763183594","50.5476150512695","0.0322804637253284","0.815495550632477","0","9","187","1","400","237","237","-1","0","188","0","36","0","45","0.183333337306976","0.1036257147789","16","384","20500.0018354137","1025","20.0000017906475","63.294587498874","18.294587498874","10"
"2003_Taylor_Knox_channel_island_Copy_1","20","4","1","0","0","0","0","-1.27611780166626","0","1.47198760509491","317.662017822266","0.202463507652283","0.202463507652283","454.356658935547","0","0","0","8.45816802978516","302.708343505859","0","302.708343505859","46.4550285339355","305.525360107422","0","0.0022660989779979","0.00256035826168954","0","0","9236.2685546875","50.5476150512695","0.034572035074234","0.830785691738129","0","9","191","3","398","239","239","-1","0","192","0","38","0","45","0.200000002980232","0.1036257147789","16","383","20499.9997727278","1025","19.999999778271","62.2602758598299","17.2602758598299","10"
"2003_Taylor_Knox_channel_island_Copy_1","20","4","2","0","0","0","0","1.7293826341629","0","16.3245525360107","71.2338256835938","1.57373762130737","1.57373762130737","552.789672851563","0","0","0","58.0300521850586","397.733428955078","0","397.733428955078","117.45906829834","507.919799804688","0","0.00572971114888787","0.0230804923921824","0","0","88.6116180419922","50.5476150512695","0.459510058164597","0.387170374393463","0","9","203","9","394","245","245","-1","0","204","0","44","0","15.3120346069336","0.25","0.1036257147789","30","356","20499.9982104052","1025","19.9999982540538","14.3739267746837","-0.938107832249903","10"
"2003_Taylor_Knox_channel_island_Copy_1","20","4","3","0","0","0","0","2.30608487129211","0","31.8850498199463","48.5071754455566","2.39101600646973","2.39101600646973","539.008422851563","0","0","0","85.697380065918","519.669128417969","0","519.669128417969","158.384353637695","507.850067138672","0","0.00772606674581766","0.0445342846214771","0","0","82.2732238769531","50.5476150512695","0.998462021350861","0.309313505887985","0","9","216","16","391","252","252","-1","0","217","0","51","0","11.4218893051147","0.300000011920929","0.1036257147789","38","340","20499.9981036189","1025","19.9999981498721","9.99055445213328","-1.43133485298147","10"
"2003_Taylor_Knox_channel_island_Copy_1","20","4","4","0","0","0","0","2.2827136516571","0","36.7434692382813","45.773681640625","3.43226003646851","3.43226003646851","540.938598632813","0","0","0","81.705322265625","618.089538574219","0","618.089538574219","169.393981933594","507.671569824219","0","0.00826312135905027","0.0505012087523937","0","0","85.4151763916016","50.5476150512695","1.18419301509857","0.318033784627914","0","9","229","24","389","260","260","-1","0","230","0","59","0","10.5901641845703","0.349999994039536","0.1036257147789","42","333","20499.9992827242","1025","19.9999993002187","9.41720818643179","-1.17295599813852","10"
"2003_Taylor_Knox_channel_island_Copy_1","20","4","5","0","0","0","0","2.07268404960632","0","15.7523422241211","83.256217956543","5.56669521331787","5.56669521331787","591.821960449219","0","0","0","35.2921752929688","629.602478027344","0","629.602478027344","118.778327941895","507.038665771484","0","0.00579406507313251","0.02222004160285","0","0","103.877174377441","50.5476150512695","0.45700615644455","0.526461899280548","0","9","242","32","387","268","268","-1","0","243","0","67","0","15.6162147521973","0.400000005960464","0.1036257147789","32","342","20499.9989545644","1025","19.9999989800628","15.1150749553993","-0.501139796797951","10"
"2003_Taylor_Knox_channel_island_Copy_1","20","4","6","0","0","0","0","1.69213628768921","0","43.3134918212891","43.9811897277832","2.61022758483887","2.61022758483887","542.632202148438","0","0","0","76.2032852172852","792.182250976563","0","792.182250976563","182.279144287109","507.829193115234","0","0.00889166630804539","0.0603668950498104","0","0","89.3848114013672","50.5476150512695","1.46540284156799","0.325106024742126","0","9","256","41","386","277","277","-1","0","257","0","76","0","9.24521350860596","0.449999988079071","0.1036257147789","55","333","20499.9983098982","1025","19.9999983511202","8.47012849672818","-0.775085011877778","10"
"2003_Taylor_Knox_channel_island_Copy_1","20","4","7","0","0","0","0","1.02588093280792","0","48.4153518676758","42.7254791259766","3.79145622253418","3.79145622253418","542.114074707031","0","0","0","75.3768997192383","894.36474609375","0","894.36474609375","191.106018066406","507.664215087891","0","0.00932224467396736","0.0674144402146339","0","0","94.4006729125977","50.5476150512695","1.66952466964722","0.320701360702515","0","9","267","50","385","286","286","-1","0","268","0","85","0","8.32967090606689","0.5","0.1036257147789","62","334","20500.0002413663","1025","20.0000002354793","7.94848021222944","-0.381190693837459","10"
"2003_Taylor_Knox_channel_island_Copy_1","20","4","8","0","0","0","0","-0.46314412355423","0","89.7138977050781","34.3076248168945","5.40688371658325","5.40688371658325","529.35009765625","0","0","0","117.569946289063","1103.27563476563","0","1103.27563476563","247.363235473633","507.620056152344","0","0.0120664993301034","0.12971206009388","0","0","128.93278503418","50.5476150512695","3.555739402771","0.222512617707253","0","9","279","60","385","296","296","-1","0","280","0","95","0","5.54258823394775","0.550000011920929","0.1036257147789","83","333","20499.9999342405","1025","19.9999999358444","5.33767284248775","-0.204915391460007","10"
"2003_Taylor_Knox_channel_island_Copy_1","20","4","9","0","0","0","0","-1.822305560112","0","100.146362304688","35.2334747314453","5.6452808380127","5.6452808380127","529.190246582031","0","0","0","118.273979187012","1231.47998046875","0","1231.47998046875","254.508834838867","507.665435791016","0","0.0124150644987822","0.145652040839195","0","0","140.539489746094","50.5476150512695","4.08001184463501","0.219872638583183","0","9","294","71","386","307","307","-1","0","295","0","106","0","4.95121717453003","0.600000023841858","0.1036257147789","94","338","20500.0010160103","1025","20.0000009912295","4.88970150649522","-0.0615156680348123","10"
"2003_Taylor_Knox_channel_island_Copy_1","30","0","0","0","0","0","0","-2.00690364837646","0","2.68692469596863","211.207443237305","0.0127004720270634","0.0127004720270634","521.311279296875","0","0","0","133.961013793945","32.5100898742676","0","32.5100898742676","54.7570037841797","508.261810302734","0","0.0026710731908679","0.00435508461669087","0","0","213.386566162109","50.5476150512695","0.0643499791622162","-0.210360169410706","0","9","43","3","394","202","202","-1","0","44","0","1","0","34.2763290405273","0.0166666675359011","0","9","394","20500.0012621847","1025","20.0000012313997","37.8301612965356","3.55383225600829","10"
"2003_Taylor_Knox_channel_island_Copy_1","30","0","1","0","0","0","0","-1.19734406471252","0","8.48860740661621","94.1153030395508","0.00502901803702116","0.00502901803702116","516.662841796875","0","0","0","171.462066650391","71.8917999267578","0","71.8917999267578","82.4243087768555","508.267333984375","0","0.00402069836854935","0.0123267164453864","0","0","102.12516784668","50.5476150512695","0.197293296456337","-0.147432520985603","0","9","50","5","393","204","204","-1","0","51","0","3","0","17.6945514678955","0.0333333350718021","0","15","393","20499.9980654092","1025","19.9999981125943","19.0369325101721","1.34238104227664","10"
"2003_Taylor_Knox_channel_island_Copy_1","30","0","2","0","0","0","0","-1.1961852312088","0","21.9299793243408","54.705078125","0.00865429174154997","0.00865429174154997","515.494140625","0","0","0","215.447143554688","147.820907592773","0","147.820907592773","129.340408325195","508.267120361328","0","0.00630928762257099","0.0318475924432278","0","0","76.1874465942383","50.5476150512695","0.573307514190674","-0.10465581715107","0","9","56","7","393","206","206","-1","0","57","0","5","0","10.5589237213135","0.0500000007450581","0","24","389","20500.0019118624","1025","20.0000018652316","11.4263873171929","0.867463595879398","10"
"2003_Taylor_Knox_channel_island_Copy_1","30","0","3","0","0","0","0","-0.435762763023376","0","69.3523178100586","30.4034900665283","0.220081463456154","0.220081463456154","516.149536132813","0","0","0","306.457275390625","339.380920410156","0","339.380920410156","230.235580444336","508.249145507813","0","0.0112310042604804","0.104005753993988","0","0","99.5498733520508","50.5476150512695","2.34852242469788","-0.0371744893491268","0","9","72","10","388","209","209","-1","0","73","1","8","0","6.11422920227051","0.100000001490116","0","41","369","20499.9993860289","1025","19.9999994010038","6.19914111574909","0.0849119134785861","10"
"2003_Taylor_Knox_channel_island_Copy_1","30","0","4","0","0","0","0","0.431389570236206","0","140.428512573242","22.210334777832","2.79307222366333","2.79307222366333","518.689392089844","0","0","0","419.041198730469","514.133544921875","0","514.133544921875","326.908813476563","508.107940673828","0","0.0159467719495296","0.215443149209023","0","0","165.016998291016","50.5476150512695","5.78170680999756","-0.021034637466073","0","9","87","14","382","213","213","-1","0","88","1","12","0","4.84326887130737","0.150000005960464","0","59","338","20499.9992795535","1025","19.9999992971254","4.24482817240786","-0.598440698899516","10"
"2003_Taylor_Knox_channel_island_Copy_1","30","0","5","0","0","0","0","1.09514260292053","0","201.804534912109","18.6313209533691","8.311354637146","8.311354637146","520.644592285156","0","0","0","478.288635253906","664.820922851563","0","664.820922851563","397.722839355469","507.739318847656","0","0.019401116296649","0.317976266145706","0","0","228.324737548828","50.5476150512695","9.20367336273193","-0.0147022707387805","0","9","102","19","377","218","218","-1","0","103","2","17","0","4.27626276016235","0.200000002980232","0","79","318","20499.9976946772","1025","19.9999977509046","3.49803734096229","-0.778225419200059","10"
"2003_Taylor_Knox_channel_island_Copy_1","30","0","6","0","0","0","0","1.52219235897064","0","251.721603393555","16.8738994598389","4.32422351837158","4.32422351837158","521.937683105469","0","0","0","501.381622314453","802.757995605469","0","802.757995605469","446.578002929688","508.063507080078","0","0.021784296259284","0.402488112449646","0","0","272.513122558594","50.5476150512695","12.0973320007324","-0.011410241946578","0","9","116","23","371","222","222","-1","0","117","2","21","0","3.92770934104919","0.25","0","101","308","20499.9967689737","1025","19.9999968477792","3.10259709966818","-0.825112241381018","10"
"2003_Taylor_Knox_channel_island_Copy_1","30","1","0","0","0","0","0","-0.728186905384064","0","4.95272159576416","122.851570129395","0.0115125626325607","0.0115125626325607","511.426788330078","0","0","0","176.373001098633","42.9939918518066","0","42.9939918518066","67.7853393554688","508.264099121094","0","0.00330660189501941","0.0075829797424376","0","0","127.37043762207","50.5476150512695","0.117602050304413","0.0660623088479042","0","9","65","2","397","208","208","-1","0","66","0","7","0","23.2822074890137","0.0333333350718021","0.025906428694725","13","393","20500.0001535022","1025","20.0000001497583","25.852493088784","2.57028559977032","10"
"2003_Taylor_Knox_channel_island_Copy_1","30","1","1","0","0","0","0","-0.360918343067169","0","14.2689323425293","68.6293869018555","0.00785095617175102","0.00785095617175102","512.703002929688","0","0","0","250.380249023438","82.3775253295898","0","82.3775253295898","105.065490722656","508.266784667969","0","0.00512514589354396","0.0206257048994303","0","0","82.4477691650391","50.5476150512695","0.349047958850861","0.058201901614666","0","9","70","3","396","209","209","-1","0","71","0","8","0","13.8161926269531","0.0500000007450581","0.025906428694725","17","386","20499.9999814649","1025","19.999999981917","14.3877872149368","0.571594587983704","10"
"2003_Taylor_Knox_channel_island_Copy_1","30","1","2","0","0","0","0","0.636304259300232","0","61.8344306945801","33.4257659912109","0.75324022769928","0.75324022769928","515.922058105469","0","0","0","386.888732910156","229.426696777344","0","229.426696777344","212.840545654297","508.184692382813","0","0.0103824641555548","0.088762603700161","0","0","95.5651245117188","50.5476150512695","1.99317038059235","0.0409578196704388","0","9","86","7","392","213","213","-1","0","87","0","12","0","7.08376264572144","0.100000001490116","0.025906428694725","27","353","20500.0029343154","1025","20.0000028627467","6.71720125273501","-0.366561392986427","10"
"2003_Taylor_Knox_channel_island_Copy_1","30","1","3","0","0","0","0","0.918355882167816","0","112.200401306152","25.443489074707","4.69945812225342","4.69945812225342","517.924194335938","0","0","0","462.131744384766","355.798034667969","0","355.798034667969","286.998992919922","507.901153564453","0","0.0139999510720372","0.164425566792488","0","0","141.897827148438","50.5476150512695","4.28900671005249","0.0257863644510508","0","9","100","11","386","217","217","-1","0","101","0","16","0","5.52857494354248","0.150000005960464","0.025906428694725","36","327","20499.9997102246","1025","19.9999997172923","4.88434067951776","-0.644234264024717","10"
"2003_Taylor_Knox_channel_island_Copy_1","30","1","4","0","0","0","0","1.13367390632629","0","170.784561157227","20.4925479888916","11.2695903778076","11.2695903778076","519.85400390625","0","0","0","514.589660644531","499.415069580078","0","499.415069580078","358.993438720703","507.334045410156","0","0.0175118744373322","0.25699383020401","0","0","202.086883544922","50.5476150512695","7.36346864700317","0.0129806874319911","0","9","115","16","381","222","222","-1","0","116","0","21","0","4.43824863433838","0.200000002980232","0.025906428694725","50","307","20500.0007283854","1025","20.0000007106199","3.90723227675382","-0.531016357584556","10"
"2003_Taylor_Knox_channel_island_Copy_1","30","1","5","0","0","0","0","1.34794306755066","0","210.932510375977","18.7806625366211","7.40156030654907","7.40156030654907","521.082763671875","0","0","0","530.44775390625","607.670776367188","0","607.670776367188","400.104888916016","507.599456787109","0","0.0195173099637032","0.322337627410889","0","0","236.664138793945","50.5476150512695","9.59931945800781","0.0195745881646872","0","9","131","22","377","228","228","-1","0","132","0","27","0","3.94997692108154","0.25","0.025906428694725","61","295","20500.0017758647","1025","20.0000017325509","3.47134160043616","-0.478635320645382","10"
"2003_Taylor_Knox_channel_island_Copy_1","30","1","6","0","0","0","0","1.44881749153137","0","247.424667358398","17.313404083252","9.61429309844971","9.61429309844971","522.067932128906","0","0","0","533.902404785156","714.130249023438","0","714.130249023438","433.648162841797","507.577789306641","0","0.0211535673588514","0.381275832653046","0","0","273.913177490234","50.5476150512695","11.5651636123657","0.0263663828372955","0","9","146","28","373","234","234","-1","0","147","1","33","0","3.49105525016785","0.300000011920929","0.025906428694725","75","290","20500.0015120543","1025","20.0000014751749","3.18046044837957","-0.310594801788272","10"
"2003_Taylor_Knox_channel_island_Copy_1","30","2","0","0","0","0","0","0.298360258340836","0","8.62382316589355","88.8117218017578","0.0428717359900475","0.0428717359900475","521.609436035156","0","0","0","189.117904663086","69.4292984008789","0","69.4292984008789","87.6294555664063","508.253753662109","0","0.00427460763603449","0.0131303239613771","0","0","97.0448837280273","50.5476150512695","0.215872824192047","0.202985808253288","0","9","89","3","398","214","214","-1","0","90","0","13","0","18.1414318084717","0.0666666701436043","0.0518128573894501","13","380","20499.9997725403","1025","19.9999997780881","18.9990422288068","0.857610420335085","10"
"2003_Taylor_Knox_channel_island_Copy_1","30","2","1","0","0","0","0","0.559203088283539","0","16.1847534179688","63.9972152709961","0.209729060530663","0.209729060530663","518.689575195313","0","0","0","192.194946289063","119.063110351563","0","119.063110351563","113.526679992676","508.215637207031","0","0.00553788710385561","0.022883327677846","0","0","79.9354934692383","50.5476150512695","0.413436561822891","0.160806939005852","0","9","94","4","396","215","215","-1","0","95","0","14","0","13.802791595459","0.0833333358168602","0.0518128573894501","17","373","20499.9989822176","1025","19.9999990070415","14.004926156515","0.202134561056059","10"
"2003_Taylor_Knox_channel_island_Copy_1","30","2","2","0","0","0","0","0.788422167301178","0","25.5754718780518","51.416088104248","0.776802837848663","0.776802837848663","517.341918945313","0","0","0","232.01676940918","154.26806640625","0","154.26806640625","139.055816650391","508.123352050781","0","0.00678321067243814","0.0357927791774273","0","0","77.3003692626953","50.5476150512695","0.696803271770477","0.129793226718903","0","9","99","6","396","217","217","-1","0","100","0","16","0","11.2020788192749","0.100000001490116","0.0518128573894501","21","366","20499.9996853125","1025","19.9999996929878","10.924387405399","-0.277691413875896","10"
"2003_Taylor_Knox_channel_island_Copy_1","30","2","3","0","0","0","0","1.19122922420502","0","78.4030303955078","30.1929817199707","3.69004821777344","3.69004821777344","517.994750976563","0","0","0","391.005920410156","282.701690673828","0","282.701690673828","239.154342651367","507.861175537109","0","0.011666065081954","0.11053804308176","0","0","111.814544677734","50.5476150512695","2.71934199333191","0.0778955668210983","0","9","113","10","390","221","221","-1","0","114","0","20","0","6.95167970657349","0.150000005960464","0.0518128573894501","28","326","20500.0007261497","1025","20.0000007084388","6.058217068972","-0.893462637601485","10"
"2003_Taylor_Knox_channel_island_Copy_1","30","2","4","0","0","0","0","1.45718383789063","0","133.020309448242","23.8729286193848","11.6768064498901","11.6768064498901","519.23193359375","0","0","0","456.290863037109","422.680267333984","0","422.680267333984","311.134368896484","507.107666015625","0","0.0151772890239954","0.192865148186684","0","0","168.072982788086","50.5476150512695","5.28318548202515","0.0488115772604942","0","9","129","16","386","227","227","-1","0","130","0","26","0","5.2096734046936","0.200000002980232","0.0518128573894501","39","307","20499.9963039894","1025","19.999996394136","4.51348866316535","-0.696184741528256","10"
"2003_Taylor_Knox_channel_island_Copy_1","30","2","5","0","0","0","0","1.58040237426758","0","149.643844604492","22.9382228851318","14.6139440536499","14.6139440536499","519.951477050781","0","0","0","432.887603759766","504.334289550781","0","504.334289550781","329.079467773438","506.613372802734","0","0.016052657738328","0.218320056796074","0","0","186.659210205078","50.5476150512695","6.16267204284668","0.0542161986231804","0","9","145","23","383","234","234","-1","0","146","0","33","0","4.78504467010498","0.25","0.0518128573894501","45","301","20499.9990118592","1025","19.9999990359602","4.21665469007538","-0.568389980029605","10"
"2003_Taylor_Knox_channel_island_Copy_1","30","2","6","0","0","0","0","1.5624908208847","0","167.635467529297","22.390796661377","13.0551795959473","13.0551795959473","520.655212402344","0","0","0","420.382873535156","587.960815429688","0","587.960815429688","347.1513671875","506.812103271484","0","0.0169342122972012","0.247168675065041","0","0","202.553237915039","50.5476150512695","7.13992261886597","0.060032781213522","0","9","161","30","380","241","241","-1","0","162","0","40","0","4.41806554794312","0.300000011920929","0.0518128573894501","52","297","20500.0008913834","1025","20.0000008696424","3.92857079570227","-0.48949475224085","10"
"2003_Taylor_Knox_channel_island_Copy_1","30","2","7","0","0","0","0","1.38128650188446","0","207.81379699707","21.5916347503662","11.6214122772217","11.6214122772217","521.154357910156","0","0","0","453.814117431641","696.905456542969","0","696.905456542969","379.238250732422","507.250610351563","0","0.0184994265437126","0.316265523433685","0","0","240.543243408203","50.5476150512695","9.40076160430908","0.046948503702879","0","9","177","37","377","248","248","-1","0","178","0","47","0","3.52394962310791","0.349999994039536","0.0518128573894501","66","295","20500.000356028","1025","20.0000003473444","3.3533354272696","-0.170614195838309","10"
"2003_Taylor_Knox_channel_island_Copy_1","30","2","8","0","0","0","0","0.87493234872818","0","284.222259521484","19.2351913452148","8.3674201965332","8.3674201965332","522.171142578125","0","0","0","506.618133544922","883.41943359375","0","883.41943359375","439.686645507813","507.464202880859","0","0.0214481297880411","0.44755631685257","0","0","311.364013671875","50.5476150512695","13.74436378479","0.0258279927074909","0","9","194","46","376","257","257","-1","0","195","1","56","0","2.95261573791504","0.400000005960464","0.0518128573894501","114","307","20499.9992937832","1025","19.999999311008","2.74682350483799","-0.205792233077048","10"
"2003_Taylor_Knox_channel_island_Copy_1","30","2","9","0","0","0","0","0.77025705575943","0","284.641815185547","19.6933040618896","10.1911764144897","10.1911764144897","522.112243652344","0","0","0","504.823028564453","899.437866210938","0","899.437866210938","435.687408447266","507.282196044922","0","0.0212530437856913","0.454056918621063","0","0","314.053588867188","50.5476150512695","13.9803895950317","0.0284084398299456","0","9","198","48","375","259","259","-1","0","199","1","58","0","2.89187169075012","0.416666686534882","0.0518128573894501","116","307","20500.0005100726","1025","20.0000004976318","2.68282382153195","-0.209047869218173","10"
"2003_Taylor_Knox_channel_island_Copy_1","30","2","10","0","0","0","0","0.732315301895142","0","243.039184570313","20.1808166503906","11.2394828796387","11.2394828796387","521.830505371094","0","0","0","435.586883544922","852.743896484375","0","852.743896484375","401.764404296875","507.214141845703","0","0.019598264247179","0.371444046497345","0","0","273.979949951172","50.5476150512695","11.3360004425049","0.050760380923748","0","9","204","51","375","262","262","-1","0","205","0","61","0","2.88679122924805","0.433333367109299","0.0518128573894501","82","298","20499.9993483966","1025","19.9999993642894","3.02446481871892","0.137673589470871","10"
"2003_Taylor_Knox_channel_island_Copy_1","30","3","0","0","0","0","0","-0.28281632065773","0","2.34340190887451","212.546539306641","0.10356093198061","0.10356093198061","560.867309570313","0","0","0","36.2238693237305","119.08349609375","0","119.08349609375","60.4224281311035","508.214660644531","0","0.0029474354814738","0.00431366497650743","0","0","214.556930541992","50.5476150512695","0.0636171400547028","0.43141970038414","0","9","117","2","398","222","222","-1","0","118","0","21","0","33.091667175293","0.116666674613953","0.0777192860841751","12","383","20500.0002581534","1025","20.000000251857","43.100387792981","10.008720617688","10"
"2003_Taylor_Knox_channel_island_Copy_1","30","3","1","0","0","0","0","1.26887011528015","0","17.9611053466797","60.8169593811035","0.902521848678589","0.902521848678589","522.134765625","0","0","0","144.127777099609","178.348831176758","0","178.348831176758","120.33861541748","508.0703125","0","0.0058701760135591","0.0257050190120935","0","0","79.2148666381836","50.5476150512695","0.483413219451904","0.195922881364822","0","9","122","4","397","224","224","-1","0","123","0","23","0","13.65891456604","0.133333340287209","0.0777192860841751","20","364","20500.0012162359","1025","20.0000011865716","13.2009437103969","-0.457970855643152","10"
"2003_Taylor_Knox_channel_island_Copy_1","30","3","2","0","0","0","0","1.37849485874176","0","19.2927837371826","58.8417015075684","1.13933539390564","1.13933539390564","522.286560058594","0","0","0","140.489639282227","194.611251831055","0","194.611251831055","124.091972351074","508.025421142578","0","0.0060532670468092","0.0273408629000187","0","0","78.8005905151367","50.5476150512695","0.527938544750214","0.195859417319298","0","9","127","6","395","226","226","-1","0","128","0","25","0","13.3616952896118","0.150000005960464","0.0777192860841751","21","362","20499.9996516733","1025","19.9999996601691","12.7912742464386","-0.570421043173203","10"
"2003_Taylor_Knox_channel_island_Copy_1","30","3","3","0","0","0","0","1.84644043445587","0","48.6352653503418","36.8447341918945","5.72841358184814","5.72841358184814","519.4228515625","0","0","0","216.607360839844","314.597137451172","0","314.597137451172","190.995559692383","507.446716308594","0","0.00931685697287321","0.0681440532207489","0","0","90.6975860595703","50.5476150512695","1.57331299781799","0.134146302938461","0","9","143","13","392","233","233","-1","0","144","0","32","0","9.08297061920166","0.200000002980232","0.0777192860841751","31","339","20499.9991143453","1025","19.9999991359466","7.85826211548099","-1.22470850372067","10"
"2003_Taylor_Knox_channel_island_Copy_1","30","3","4","0","0","0","0","1.95023453235626","0","74.4082489013672","29.8346195220947","5.85496520996094","5.85496520996094","519.692260742188","0","0","0","250.329071044922","416.935577392578","0","416.935577392578","235.806655883789","507.475646972656","0","0.0115027641877532","0.104371093213558","0","0","109.593193054199","50.5476150512695","2.61330127716064","0.114592909812927","0","9","159","20","389","240","240","-1","0","160","0","39","0","7.44137859344482","0.25","0.0777192860841751","40","325","20499.9991336733","1025","19.9999991548032","6.32743549351782","-1.113943099927","10"
"2003_Taylor_Knox_channel_island_Copy_1","30","3","5","0","0","0","0","1.84691905975342","0","106.332008361816","25.4467010498047","15.0670890808105","15.0670890808105","520.821166992188","0","0","0","286.601654052734","528.28662109375","0","528.28662109375","281.940277099609","506.224273681641","0","0.0137531850486994","0.151407822966576","0","0","146.249664306641","50.5476150512695","4.10186862945557","0.107981532812119","0","9","176","28","387","248","248","-1","0","177","0","47","0","6.2980523109436","0.300000011920929","0.0777192860841751","49","312","20499.9988076414","1025","19.9999988367234","5.21166703009524","-1.08638528084836","10"
"2003_Taylor_Knox_channel_island_Copy_1","30","3","6","0","0","0","0","1.8299126625061","0","89.658561706543","28.7773551940918","14.4306087493896","14.4306087493896","521.326904296875","0","0","0","222.346618652344","568.522155761719","0","568.522155761719","256.088104248047","506.073211669922","0","0.0124921025708318","0.126408979296684","0","0","132.234405517578","50.5476150512695","3.36107397079468","0.12973216176033","0","9","192","36","385","256","256","-1","0","193","0","55","0","6.48310518264771","0.349999994039536","0.0777192860841751","49","311","20500.0001237578","1025","20.0000001207393","5.67139217530151","-0.81171300734619","10"
"2003_Taylor_Knox_channel_island_Copy_1","30","3","7","0","0","0","0","0.858757555484772","0","210.865768432617","22.0832481384277","9.42855358123779","9.42855358123779","521.25830078125","0","0","0","395.946594238281","798.153442382813","0","798.153442382813","378.450012207031","507.323913574219","0","0.018460975959897","0.316026151180267","0","0","241.889236450195","50.5476150512695","9.46845626831055","0.051471896469593","0","9","208","44","383","264","264","-1","0","209","0","63","0","3.41724610328674","0.400000005960464","0.0777192860841751","80","308","20500.0002724202","1025","20.0000002657758","3.348895498503","-0.0683506047837383","10"
"2003_Taylor_Knox_channel_island_Copy_1","30","3","8","0","0","0","0","0.355805158615112","0","207.397994995117","24.1288623809814","14.4925727844238","14.4925727844238","521.090454101563","0","0","0","359.360931396484","864.60693359375","0","864.60693359375","363.341949462891","506.869689941406","0","0.017723998054862","0.310705959796906","0","0","245.502258300781","50.5476150512695","9.30364894866943","0.0600892789661884","0","9","224","53","382","273","273","-1","0","225","0","72","0","3.20039772987366","0.449999988079071","0.0777192860841751","85","311","20499.9993984551","1025","19.9999994131269","3.27017180266254","0.06977407278888","10"
"2003_Taylor_Knox_channel_island_Copy_1","30","3","9","0","0","0","0","-0.340810000896454","0","203.716171264648","25.5177879333496","11.1099252700806","11.1099252700806","521.00732421875","0","0","0","324.431274414063","936.395629882813","0","936.395629882813","353.227966308594","507.095062255859","0","0.0172306299209595","0.303796023130417","0","0","239.830261230469","50.5476150512695","9.09573364257813","0.066369391977787","0","9","241","63","382","283","283","-1","0","242","0","82","0","3.11732888221741","0.5","0.0777192860841751","93","318","20500.0030717928","1025","20.000002996871","3.25143307223158","0.134104190014174","10"
"2003_Taylor_Knox_channel_island_Copy_1","30","3","10","0","0","0","0","-0.586618006229401","0","199.485275268555","26.6945381164551","11.9829092025757","11.9829092025757","520.851196289063","0","0","0","307.031616210938","960.619384765625","0","960.619384765625","343.084808349609","506.958068847656","0","0.0167358443140984","0.294940501451492","0","0","237.636932373047","50.5476150512695","8.82141876220703","0.0705806314945221","0","9","247","66","382","286","286","-1","0","248","0","85","0","3.06208944320679","0.516666650772095","0.0777192860841751","94","319","20499.9999946578","1025","19.9999999947881","3.25288826534221","0.190798822135418","10"
"2003_Taylor_Knox_channel_island_Copy_1","30","4","0","0","0","0","0","-0.979150414466858","0","2.23330616950989","286.189971923828","0.550099551677704","0.550099551677704","596.428161621094","0","0","0","17.6581935882568","226.189544677734","0","226.189544677734","61.6131324768066","507.973693847656","0","0.00300551881082356","0.00399409886449575","0","0","288.327239990234","50.5476150512695","0.0584216341376305","0.546738803386688","0","9","152","1","400","237","237","-1","0","153","0","36","0","36.7382392883301","0.183333337306976","0.1036257147789","18","382","20499.9989535662","1025","19.999998979089","48.8065197560769","12.0682804677468","10"
"2003_Taylor_Knox_channel_island_Copy_1","30","4","1","0","0","0","0","-2.23352766036987","0","1.76341128349304","380.171142578125","0.497881501913071","0.497881501913071","504.392639160156","0","0","0","11.6397190093994","236.784255981445","0","236.784255981445","52.4473724365234","399.798217773438","0","0.00255840853787959","0.00275610201060772","0","0","9051.015625","50.5476150512695","0.0367588549852371","0.651216804981232","0","9","157","3","398","239","239","-1","0","158","0","38","0","45","0.200000002980232","0.1036257147789","16","382","20499.9989876487","1025","19.9999990123402","68.1668119992019","23.1668119992019","10"
"2003_Taylor_Knox_channel_island_Copy_1","30","4","2","0","0","0","0","1.54268944263458","0","10.167778968811","86.6190338134766","3.9449143409729","3.9449143409729","536.285827636719","0","0","0","46.3144187927246","331.580688476563","0","331.580688476563","96.3826370239258","507.1865234375","0","0.00470159202814102","0.0153569672256708","0","0","100.132667541504","50.5476150512695","0.288029700517654","0.308143258094788","0","9","174","11","396","247","247","-1","0","175","0","46","0","17.357479095459","0.25","0.1036257147789","28","363","20500.0000950816","1025","20.0000000927625","17.8275859424672","0.470106847008239","10"
"2003_Taylor_Knox_channel_island_Copy_1","30","4","3","0","0","0","0","2.11674189567566","0","28.1370162963867","50.1967658996582","9.05572700500488","9.05572700500488","524.88818359375","0","0","0","89.645378112793","442.392364501953","0","442.392364501953","147.7275390625","506.557495117188","0","0.00720622111111879","0.0396584309637547","0","0","86.7726745605469","50.5476150512695","0.87037593126297","0.212415590882301","0","9","190","19","394","255","255","-1","0","191","0","54","0","11.5896606445313","0.300000011920929","0.1036257147789","40","345","20500.0008721027","1025","20.0000008508319","10.4692132742839","-1.1204473702473","10"
"2003_Taylor_Knox_channel_island_Copy_1","30","4","4","0","0","0","0","1.98275327682495","0","48.270320892334","38.6474990844727","5.73039102554321","5.73039102554321","522.868896484375","0","0","0","126.512435913086","530.895202636719","0","530.895202636719","189.747650146484","507.269378662109","0","0.00925598293542862","0.067164845764637","0","0","92.1008453369141","50.5476150512695","1.62817561626434","0.177591249346733","0","9","206","27","392","263","263","-1","0","207","0","62","0","9.17258262634277","0.349999994039536","0.1036257147789","50","334","20499.9999967802","1025","19.9999999968587","7.92113635178077","-1.251446274562","10"
"2003_Taylor_Knox_channel_island_Copy_1","30","4","5","0","0","0","0","1.63070154190063","0","19.1573925018311","64.7017517089844","17.3461742401123","17.3461742401123","534.002563476563","0","0","0","48.4082908630371","557.535095214844","0","557.535095214844","124.105110168457","504.582458496094","0","0.00605390779674053","0.026989322155714","0","0","100.319488525391","50.5476150512695","0.579136669635773","0.287011444568634","0","9","223","36","391","272","272","-1","0","224","0","71","0","12.9808082580566","0.400000005960464","0.1036257147789","40","345","20500.0000553818","1025","20.000000054031","12.9621614708931","-0.0186467871635205","10"
"2003_Taylor_Knox_channel_island_Copy_1","30","4","6","0","0","0","0","1.10724222660065","0","21.5322017669678","62.2611503601074","12.522481918335","12.522481918335","534.129028320313","0","0","0","47.688793182373","639.748291015625","0","639.748291015625","130.132797241211","505.585693359375","0","0.00634794216603041","0.0305088236927986","0","0","95.5377655029297","50.5476150512695","0.661411762237549","0.286255836486816","0","9","240","46","391","282","282","-1","0","241","0","81","0","11.9202156066895","0.449999988079071","0.1036257147789","46","345","20499.9972963817","1025","19.9999973623236","12.0092178904864","0.0890022837969049","10"
"2003_Taylor_Knox_channel_island_Copy_1","30","4","7","0","0","0","0","0.39130312204361","0","30.6394481658936","52.6260528564453","12.057225227356","12.057225227356","530.865417480469","0","0","0","55.2359199523926","766.302551269531","0","766.302551269531","151.223388671875","505.8486328125","0","0.00737675046548247","0.0423274226486683","0","0","94.5830535888672","50.5476150512695","0.979849219322205","0.258555769920349","0","9","257","56","391","292","292","-1","0","258","0","91","0","9.87778091430664","0.5","0.1036257147789","56","343","20500.0005597972","1025","20.0000005461436","10.0366603834137","0.158879469107104","10"
"2003_Taylor_Knox_channel_island_Copy_1","30","4","8","0","0","0","0","-0.985556900501251","0","89.6053009033203","35.5044937133789","14.3939523696899","14.3939523696899","522.207702636719","0","0","0","134.180374145508","929.770751953125","0","929.770751953125","240.116714477539","506.087219238281","0","0.0117130102589726","0.12475697696209","0","0","138.851608276367","50.5476150512695","3.39955687522888","0.149395450949669","0","9","273","66","391","302","302","-1","0","274","0","101","0","5.86168622970581","0.550000011920929","0.1036257147789","89","341","20500.0003558948","1025","20.0000003472145","5.38724067808489","-0.474445551620922","10"
"2003_Taylor_Knox_channel_island_Copy_1","30","4","9","0","0","0","0","-2.2526695728302","0","96.8402481079102","36.395881652832","11.4382200241089","11.4382200241089","521.732971191406","0","0","0","132.994659423828","1033.61865234375","0","1033.61865234375","242.489151000977","506.817199707031","0","0.0118287401273847","0.13746577501297","0","0","144.103591918945","50.5476150512695","3.76362776756287","0.142354980111122","0","9","290","77","392","313","313","-1","0","291","0","112","0","5.17333173751831","0.600000023841858","0.1036257147789","100","347","20499.9981730591","1025","19.9999982176186","4.93632778727055","-0.237003950247759","10"
"2003_Taylor_Knox_channel_island_Copy_1","45","0","0","0","0","0","0","-0.768989503383636","0","8.28840065002441","101.057823181152","0.0722389072179794","0.0722389072179794","532.369079589844","0","0","0","179.400970458984","68.7104187011719","0","68.7104187011719","82.5708694458008","508.243713378906","0","0.00402784766629338","0.0123267155140638","0","0","108.909111022949","50.5476150512695","0.191499546170235","-0.284325212240219","0","9","30","7","395","206","206","-1","0","31","0","5","0","18.7811412811279","0.0333333350718021","0","17","395","20499.9980850285","1025","19.9999981317351","19.0720907254091","0.290949444281143","10"
"2003_Taylor_Knox_channel_island_Copy_1","45","0","1","0","0","0","0","-0.907835125923157","0","22.8939456939697","54.6024131774902","0.169900462031364","0.169900462031364","519.654235839844","0","0","0","215.826751708984","158.133941650391","0","158.133941650391","132.332931518555","508.2333984375","0","0.00645526498556137","0.0341295339167118","0","0","77.2036666870117","50.5476150512695","0.602993071079254","-0.163379773497581","0","9","36","9","395","208","208","-1","0","37","1","7","0","10.5925712585449","0.0500000007450581","0","26","390","20499.9998938148","1025","19.9999998964047","10.9026079530623","0.310036694517411","10"
"2003_Taylor_Knox_channel_island_Copy_1","45","0","2","0","0","0","0","-0.239339828491211","0","79.5652694702148","29.4210453033447","1.28620803356171","1.28620803356171","517.052062988281","0","0","0","357.460998535156","330.277862548828","0","330.277862548828","243.661224365234","508.163269042969","0","0.0118859140202403","0.1180614605546","0","0","109.84016418457","50.5476150512695","2.71155309677124","-0.055476900190115","0","9","54","13","391","212","212","-1","0","55","2","11","0","5.84435701370239","0.100000001490116","0","44","365","20499.9989020876","1025","19.999998928866","5.77807889278708","-0.0662781209153156","10"
"2003_Taylor_Knox_channel_island_Copy_1","45","0","3","0","0","0","0","0.00340308854356408","0","99.5479125976563","26.5002593994141","2.17523884773254","2.17523884773254","517.998840332031","0","0","0","368.049530029297","406.555694580078","0","406.555694580078","272.928100585938","508.113800048828","0","0.0133135635405779","0.149632632732391","0","0","127.794952392578","50.5476150512695","3.62802004814148","-0.0590253919363022","0","9","60","15","390","214","214","-1","0","61","2","13","0","5.35685682296753","0.116666667163372","0","53","360","20500.003605653","1025","20.0000035177103","5.10464237509443","-0.252214447873101","10"
"2003_Taylor_Knox_channel_island_Copy_1","45","0","4","0","0","0","0","0.2892065346241","0","125.511825561523","23.8662071228027","5.15066766738892","5.15066766738892","518.716064453125","0","0","0","421.990081787109","448.297485351563","0","448.297485351563","306.342590332031","507.904968261719","0","0.0149435428902507","0.189177095890045","0","0","154.095245361328","50.5476150512695","4.84979867935181","-0.0487191006541252","0","9","66","17","389","216","216","-1","0","67","2","15","0","4.90126609802246","0.133333340287209","0","60","350","20499.9973956572","1025","19.9999974591778","4.53064827764703","-0.370617820375433","10"
"2003_Taylor_Knox_channel_island_Copy_1","45","1","0","0","0","0","0","0.0407451763749123","0","8.19840049743652","92.8816528320313","0.016991974785924","0.016991974785924","511.624755859375","0","0","0","269.772064208984","45.0525054931641","0","45.0525054931641","82.0182189941406","508.263305664063","0","0.00400088867172599","0.0121539067476988","0","0","100.634918212891","50.5476150512695","0.193317279219627","0.0506196320056915","0","9","39","2","397","208","208","-1","0","40","0","7","0","18.8492908477783","0.0333333350718021","0.025906428694725","15","391","20500.0003058715","1025","20.0000002984112","19.2193390616851","0.370048213906735","10"
"2003_Taylor_Knox_channel_island_Copy_1","45","1","1","0","0","0","0","0.668142795562744","0","17.5296325683594","62.0155906677246","0.0466565974056721","0.0466565974056721","512.267333984375","0","0","0","301.208404541016","84.3204193115234","0","84.3204193115234","115.068702697754","508.258361816406","0","0.00561310723423958","0.0253980178385973","0","0","79.1299591064453","50.5476150512695","0.437766343355179","0.0113404737785459","0","9","45","4","397","210","210","-1","0","46","0","9","0","12.9212274551392","0.0500000007450581","0.025906428694725","19","385","20500.0007831389","1025","20.0000007640379","12.7681100825109","-0.153117372628248","10"
"2003_Taylor_Knox_channel_island_Copy_1","45","1","2","0","0","0","0","1.00525653362274","0","60.6705322265625","34.0422248840332","1.82491517066956","1.82491517066956","515.421020507813","0","0","0","460.322723388672","189.285095214844","0","189.285095214844","209.914978027344","508.026336669922","0","0.0102397538721561","0.0871322378516197","0","0","96.0775756835938","50.5476150512695","1.93245124816895","0.00636970065534115","0","9","63","9","394","215","215","-1","0","64","0","14","0","7.22793769836426","0.100000001490116","0.025906428694725","29","356","20500.0023094445","1025","20.0000022531165","6.74897911952562","-0.478958578838636","10"
"2003_Taylor_Knox_channel_island_Copy_1","45","1","3","0","0","0","0","0.767574548721313","0","136.568496704102","23.402587890625","14.6172027587891","14.6172027587891","518.670837402344","0","0","0","588.539794921875","337.944000244141","0","337.944000244141","315.431121826172","507.039855957031","0","0.0153868841007352","0.198893487453461","0","0","174.104644775391","50.5476150512695","5.34617042541504","0.00788418017327785","0","9","79","14","389","220","220","-1","0","80","1","19","0","5.03064346313477","0.150000005960464","0.025906428694725","43","322","20499.999854493","1025","19.9999998580419","4.43697415992047","-0.5936693032143","10"
"2003_Taylor_Knox_channel_island_Copy_1","45","1","4","0","0","0","0","1.14730083942413","0","178.462249755859","20.3052787780762","21.3107223510742","21.3107223510742","520.15625","0","0","0","638.417297363281","415.902770996094","0","415.902770996094","364.311767578125","506.30224609375","0","0.0177713055163622","0.26551952958107","0","0","219.556304931641","50.5476150512695","7.509925365448","0.00787071418017149","0","9","97","21","386","227","227","-1","0","98","1","26","0","4.24762630462646","0.200000002980232","0.025906428694725","56","310","20500.0002528064","1025","20.0000002466404","3.83769352454184","-0.409932780084624","10"
"2003_Taylor_Knox_channel_island_Copy_1","45","1","5","0","0","0","0","1.32516372203827","0","207.586120605469","18.6138610839844","15.7101268768311","15.7101268768311","521.067504882813","0","0","0","658.859069824219","475.475982666016","0","475.475982666016","393.98974609375","507.667663574219","0","0.0192190129309893","0.313271671533585","0","0","241.466613769531","50.5476150512695","9.18396377563477","0.000514350249432027","0","9","115","29","384","235","235","-1","0","116","1","34","0","3.88842034339905","0.25","0.025906428694725","67","304","20499.9990118364","1025","19.9999990359379","3.51726753513697","-0.371152808262082","10"
"2003_Taylor_Knox_channel_island_Copy_1","45","1","6","0","0","0","0","1.34458255767822","0","222.064117431641","18.0706672668457","11.1727571487427","11.1727571487427","521.476745605469","0","0","0","643.783264160156","515.704345703125","0","515.704345703125","408.355377197266","507.616485595703","0","0.0199197717010975","0.332001835107803","0","0","250.861038208008","50.5476150512695","9.83506679534912","0.00147026602644473","0","9","122","32","384","238","238","-1","0","123","1","37","0","3.6971652507782","0.266666680574417","0.025906428694725","73","304","20500.0028777823","1025","20.0000028075925","3.43975434514317","-0.257410905635028","10"
"2003_Taylor_Knox_channel_island_Copy_1","45","1","7","0","0","0","0","1.33041512966156","0","225.840423583984","18.0525188446045","16.7479095458984","16.7479095458984","521.56591796875","0","0","0","656.174560546875","518.291259765625","0","518.291259765625","410.348999023438","507.193969726563","0","0.0200170259922743","0.340089499950409","0","0","260.177062988281","50.5476150512695","10.1085777282715","0.00263198767788708","0","9","128","35","384","241","241","-1","0","129","1","40","0","3.59289288520813","0.283333361148834","0.025906428694725","75","303","20499.998310529","1025","19.9999983517356","3.37427118412469","-0.218621701083441","10"
"2003_Taylor_Knox_channel_island_Copy_1","45","2","0","0","0","0","0","-0.264999538660049","0","1.11641657352448","197.808746337891","0.000348701607435942","0.000348701607435942","310.817352294922","0","0","0","337.739837646484","3.26875162124634","0","3.26875162124634","31.3758220672607","304.890441894531","0","0.00153052795212716","0.00110398756805807","0","0","198.573699951172","50.5476150512695","0.0152253406122327","0.181928679347038","0","9","55","2","400","213","213","-1","0","56","0","12","0","45","0.0500000007450581","0.0518128573894501","6","396","20499.9993784197","1025","19.9999993935802","NaN","NaN","10"
"2003_Taylor_Knox_channel_island_Copy_1","45","2","1","0","0","0","0","1.24344921112061","0","26.4269351959229","49.8732719421387","1.51533150672913","1.51533150672913","514.080810546875","0","0","0","403.857971191406","91.4156799316406","0","91.4156799316406","141.07243347168","507.960693359375","0","0.00688158348202705","0.0369189530611038","0","0","77.3323364257813","50.5476150512695","0.720556437969208","0.0622161962091923","0","9","72","7","397","218","218","-1","0","73","0","17","0","11.3392848968506","0.100000001490116","0.0518128573894501","23","369","20499.9959442656","1025","19.9999960431859","10.7425942353175","-0.596690661533076","10"
"2003_Taylor_Knox_channel_island_Copy_1","45","2","2","0","0","0","0","1.49277257919312","0","77.335807800293","29.7952327728271","6.366623878479","6.366623878479","516.600830078125","0","0","0","495.866241455078","222.18766784668","0","222.18766784668","237.873092651367","507.485565185547","0","0.0116035649552941","0.110175363719463","0","0","113.00309753418","50.5476150512695","2.65932106971741","0.0283141117542982","0","9","89","13","393","224","224","-1","0","90","0","23","0","6.97408723831177","0.150000005960464","0.0518128573894501","33","337","20500.0009538308","1025","20.0000009305666","6.04554886378465","-0.928538374527118","10"
"2003_Taylor_Knox_channel_island_Copy_1","45","2","3","0","0","0","0","1.59946310520172","0","118.06721496582","24.7263889312744","20.0807247161865","20.0807247161865","518.390808105469","0","0","0","557.487060546875","303.552276611328","0","303.552276611328","293.119232177734","506.09228515625","0","0.0142984986305237","0.169226467609406","0","0","162.304641723633","50.5476150512695","4.50036096572876","0.0274423286318779","0","9","107","20","390","231","231","-1","0","108","0","30","0","5.87947416305542","0.200000002980232","0.0518128573894501","41","315","20500.0007169983","1025","20.0000006995105","4.84688693299069","-1.03258723006473","10"
"2003_Taylor_Knox_channel_island_Copy_1","45","2","4","0","0","0","0","1.57135367393494","0","153.107055664063","21.8688163757324","33.6847839355469","33.6847839355469","519.593139648438","0","0","0","569.820678710938","390.478515625","0","390.478515625","335.007385253906","504.196319580078","0","0.0163418240845203","0.222502738237381","0","0","207.961639404297","50.5476150512695","6.23119354248047","0.0204450991004705","0","9","125","28","388","239","239","-1","0","126","0","38","0","4.82867860794067","0.25","0.0518128573894501","52","309","20499.9994811619","1025","19.9999994938165","4.21190955670843","-0.616769051232244","10"
"2003_Taylor_Knox_channel_island_Copy_1","45","2","5","0","0","0","0","1.32599878311157","0","194.45361328125","19.5466022491455","15.5904693603516","15.5904693603516","520.932556152344","0","0","0","589.885192871094","484.450164794922","0","484.450164794922","376.438690185547","507.127410888672","0","0.0183628629893064","0.28576996922493","0","0","229.1083984375","50.5476150512695","8.38279438018799","0.0243002772331238","0","9","144","37","387","248","248","-1","0","145","0","47","0","3.88910508155823","0.300000011920929","0.0518128573894501","63","300","20499.999940356","1025","19.9999999418107","3.6842216121121","-0.204883469446124","10"
"2003_Taylor_Knox_channel_island_Copy_1","45","2","6","0","0","0","0","1.55329167842865","0","85.2469787597656","29.6534767150879","40.0891647338867","40.0891647338867","518.504516601563","0","0","0","324.817321777344","366.100311279297","0","366.100311279297","248.236145019531","501.576019287109","0","0.0121090793982148","0.118915721774101","0","0","153.928741455078","50.5476150512695","3.15247559547424","0.0822780877351761","0","9","162","46","386","257","257","-1","0","163","0","56","0","7.14413356781006","0.349999994039536","0.0518128573894501","49","312","20500.0014333152","1025","20.0000013983563","5.84450715999427","-1.29962640781579","10"
"2003_Taylor_Knox_channel_island_Copy_1","45","2","7","0","0","0","0","0.43657386302948","0","226.394515991211","19.4083824157715","21.8999347686768","21.8999347686768","521.520385742188","0","0","0","554.959533691406","604.163757324219","0","604.163757324219","395.087341308594","506.382446289063","0","0.0192725509405136","0.335286438465118","0","0","267.183044433594","50.5476150512695","10.0293502807617","0.0279744118452072","0","9","181","55","385","266","266","-1","0","182","0","65","0","3.12406635284424","0.400000005960464","0.0518128573894501","83","306","20500.0024401578","1025","20.0000023806417","3.2952266718584","0.171160319014161","10"
"2003_Taylor_Knox_channel_island_Copy_1","45","2","8","0","0","0","0","0.224992007017136","0","242.856430053711","19.2837066650391","19.6126327514648","19.6126327514648","521.68212890625","0","0","0","565.863525390625","641.671142578125","0","641.671142578125","404.241424560547","506.541839599609","0","0.0197190940380096","0.363098293542862","0","0","281.240936279297","50.5476150512695","10.9807024002075","0.0235105771571398","0","9","187","58","385","269","269","-1","0","188","0","68","0","2.85589933395386","0.416666686534882","0.0518128573894501","90","308","20499.9998367749","1025","19.999999840756","3.11314316355338","0.257243829599523","10"
"2003_Taylor_Knox_channel_island_Copy_1","45","2","9","0","0","0","0","0.0389614775776863","0","239.88752746582","19.7471218109131","21.8435688018799","21.8435688018799","521.60205078125","0","0","0","551.524841308594","643.491027832031","0","643.491027832031","398.200317382813","506.32763671875","0","0.019424406811595","0.354901254177094","0","0","280.953491210938","50.5476150512695","10.7055444717407","0.028248893097043","0","9","193","61","385","272","272","-1","0","194","0","71","0","2.80768752098083","0.433333367109299","0.0518128573894501","90","308","20499.9988542824","1025","19.9999988822268","3.1374722174199","0.329784696439066","10"
"2003_Taylor_Knox_channel_island_Copy_1","45","3","0","0","0","0","0","-0.850558876991272","0","3.16618347167969","139.248718261719","0.385787278413773","0.385787278413773","520.357299804688","0","0","0","119.08325958252","51.2555046081543","0","51.2555046081543","65.5834426879883","508.086547851563","0","0.00319919222965837","0.00610367301851511","0","0","142.41194152832","50.5476150512695","0.0935409069061279","0.203157484531403","0","9","86","3","399","223","223","-1","0","87","0","22","0","25.8510875701904","0.116666674613953","0.0777192860841751","14","382","20500.0006189037","1025","20.0000006038085","31.6105130340398","5.75942546384941","10"
"2003_Taylor_Knox_channel_island_Copy_1","45","3","1","0","0","0","0","1.66367137432098","0","16.8327045440674","61.2900314331055","1.93817603588104","1.93817603588104","515.202514648438","0","0","0","230.462219238281","108.017433166504","0","108.017433166504","117.570457458496","507.802154541016","0","0.00573514401912689","0.0248939376324415","0","0","79.5801849365234","50.5476150512695","0.46210703253746","0.11206579208374","0","9","92","5","398","225","225","-1","0","93","0","24","0","13.9155645370483","0.133333340287209","0.0777192860841751","21","366","20500.0008833945","1025","20.0000008618483","13.3196311722977","-0.595933364750634","10"
"2003_Taylor_Knox_channel_island_Copy_1","45","3","2","0","0","0","0","1.74587225914001","0","17.7128295898438","60.0805168151855","2.24164438247681","2.24164438247681","515.313598632813","0","0","0","208.911666870117","122.995613098145","0","122.995613098145","120.154693603516","507.739288330078","0","0.00586120504885912","0.0256952196359634","0","0","79.5450210571289","50.5476150512695","0.493384569883347","0.112195290625095","0","9","98","8","397","228","228","-1","0","99","0","27","0","13.6792335510254","0.150000005960464","0.0777192860841751","23","366","20499.9983112523","1025","19.9999983524413","13.1855244420812","-0.493709108944222","10"
"2003_Taylor_Knox_channel_island_Copy_1","45","3","3","0","0","0","0","1.93629550933838","0","44.4018058776855","38.2335319519043","11.7233600616455","11.7233600616455","515.895690917969","0","0","0","314.088348388672","196.63932800293","0","196.63932800293","182.215103149414","506.330444335938","0","0.00888854172080755","0.0617621205747128","0","0","93.7474594116211","50.5476150512695","1.38385486602783","0.0743112117052078","0","9","116","15","394","235","235","-1","0","117","0","34","0","9.40543460845947","0.200000002980232","0.0777192860841751","33","346","20499.9997606873","1025","19.9999997665242","8.27449738692042","-1.13093722153905","10"
"2003_Taylor_Knox_channel_island_Copy_1","45","3","4","0","0","0","0","1.8494701385498","0","74.8825607299805","30.0628890991211","19.1360206604004","19.1360206604004","517.291442871094","0","0","0","367.386444091797","284.090759277344","0","284.090759277344","234.402557373047","505.8681640625","0","0.0114342710003257","0.104371093213558","0","0","123.464233398438","50.5476150512695","2.61444187164307","0.0625856220722198","0","9","135","24","393","244","244","-1","0","136","0","43","0","7.64764165878296","0.25","0.0777192860841751","44","329","20500.000163226","1025","20.0000001592449","6.28960637266638","-1.35803528611658","10"
"2003_Taylor_Knox_channel_island_Copy_1","45","3","5","0","0","0","0","1.46775817871094","0","117.006195068359","24.7026634216309","36.2979888916016","36.2979888916016","518.975646972656","0","0","0","422.558563232422","389.092926025391","0","389.092926025391","292.640655517578","503.024017333984","0","0.0142751522362232","0.164414554834366","0","0","177.155090332031","50.5476150512695","4.46068954467773","0.0526181869208813","0","9","153","32","391","252","252","-1","0","154","0","51","0","6.02880716323853","0.300000011920929","0.0777192860841751","55","316","20500.002429046","1025","20.000002369801","4.98092844701619","-1.04787871622233","10"
"2003_Taylor_Knox_channel_island_Copy_1","45","3","6","0","0","0","0","1.51608753204346","0","68.0951080322266","33.602840423584","23.332612991333","23.332612991333","517.728210449219","0","0","0","253.058883666992","375.258361816406","0","375.258361816406","221.1337890625","504.514038085938","0","0.010787014849484","0.0949624553322792","0","0","124.244651794434","50.5476150512695","2.42155599594116","0.0870031788945198","0","9","171","41","390","261","261","-1","0","172","0","60","0","7.66646146774292","0.349999994039536","0.0777192860841751","50","320","20499.9985768147","1025","19.9999986115265","6.52244402294356","-1.14401744479936","10"
"2003_Taylor_Knox_channel_island_Copy_1","45","3","7","0","0","0","0","1.15015304088593","0","44.9001350402832","41.1830749511719","22.6273460388184","22.6273460388184","517.642761230469","0","0","0","156.721969604492","404.936645507813","0","404.936645507813","182.411071777344","504.147644042969","0","0.00889810081571341","0.0634624660015106","0","0","107.835121154785","50.5476150512695","1.53463673591614","0.113820806145668","0","9","191","51","390","271","271","-1","0","192","0","70","0","9.09680080413818","0.400000005960464","0.0777192860841751","51","329","20500.0005681234","1025","20.0000005542667","8.0600238304159","-1.03677697372228","10"
"2003_Taylor_Knox_channel_island_Copy_1","45","3","8","0","0","0","0","-0.450867623090744","0","215.385208129883","20.6925392150879","21.9051246643066","21.9051246643066","521.153259277344","0","0","0","485.750213623047","660.547119140625","0","660.547119140625","377.973358154297","506.262176513672","0","0.0184377245604992","0.320860922336578","0","0","257.446716308594","50.5476150512695","9.54780387878418","0.03369215503335","0","9","209","60","389","280","280","-1","0","210","0","79","0","3.08364510536194","0.449999988079071","0.0777192860841751","93","317","20500.0002529631","1025","20.0000002467932","3.29421887280947","0.210573767447532","10"
"2003_Taylor_Knox_channel_island_Copy_1","45","3","9","0","0","0","0","-1.33084726333618","0","246.140472412109","21.2399864196777","22.5883369445801","22.5883369445801","521.369934082031","0","0","0","489.269561767578","741.807250976563","0","741.807250976563","386.851867675781","506.079803466797","0","0.0188708212226629","0.362943679094315","0","0","289.420440673828","50.5476150512695","11.0483245849609","0.0348051451146603","0","9","228","70","389","290","290","-1","0","229","0","89","0","2.5849175453186","0.5","0.0777192860841751","105","320","20500.0017281278","1025","20.0000016859784","2.98036894645","0.395451401131394","10"
"2003_Taylor_Knox_channel_island_Copy_1","45","3","10","0","0","0","0","-1.47164058685303","0","211.075088500977","22.131404876709","24.1089897155762","24.1089897155762","520.882629394531","0","0","0","421.325592041016","727.061279296875","0","727.061279296875","361.131713867188","505.861877441406","0","0.0176161807030439","0.306329518556595","0","0","256.748870849609","50.5476150512695","9.17806911468506","0.0446794293820858","0","9","234","73","389","293","293","-1","0","235","0","92","0","2.98400521278381","0.516666650772095","0.0777192860841751","101","323","20500.0005367104","1025","20.0000005236199","3.29674380522964","0.312738592445824","10"
"2003_Taylor_Knox_channel_island_Copy_1","45","4","0","0","0","0","0","-1.13294434547424","0","2.55450320243835","216.672653198242","1.16115081310272","1.16115081310272","531.833068847656","0","0","0","32.1600799560547","124.194305419922","0","124.194305419922","57.9965400695801","507.647155761719","0","0.00282909953966737","0.00399409886449575","0","0","219.709686279297","50.5476150512695","0.0583368353545666","0.289733409881592","0","9","120","1","400","237","237","-1","0","121","0","36","0","30.9611339569092","0.183333337306976","0.1036257147789","18","382","20499.9998255272","1025","19.9999998297826","45.0983792837985","14.1372453268893","10"
"2003_Taylor_Knox_channel_island_Copy_1","45","4","1","0","0","0","0","-2.27428674697876","0","2.12641429901123","487.162017822266","1.11912989616394","1.11912989616394","547.305053710938","0","0","0","21.5364208221436","137.433456420898","0","137.433456420898","60.4701766967773","497.965667724609","0","0.00294976448640227","0.00295982463285327","0","0","489.169036865234","50.5476150512695","0.0397013537585735","0.417695879936218","0","9","126","4","399","240","240","-1","0","127","0","39","0","45","0.200000002980232","0.1036257147789","17","382","20500.0016020027","1025","20.0000015629295","85.274666617504","40.274666617504","10"
"2003_Taylor_Knox_channel_island_Copy_1","45","4","2","0","0","0","0","1.03239679336548","0","10.9574565887451","78.2241592407227","8.82877445220947","8.82877445220947","517.202697753906","0","0","0","84.7067794799805","204.925338745117","0","204.925338745117","100.403022766113","505.875915527344","0","0.00489770853891969","0.0173585657030344","0","0","97.2687835693359","50.5476150512695","0.330100417137146","0.154059246182442","0","9","144","12","397","248","248","-1","0","145","0","47","0","15.5209951400757","0.25","0.1036257147789","31","364","20499.9995341208","1025","19.9999995454837","16.3885285744904","0.867533434414703","10"
"2003_Taylor_Knox_channel_island_Copy_1","45","4","3","0","0","0","0","1.69098925590515","0","31.8495235443115","46.6635398864746","17.2371101379395","17.2371101379395","516.265808105469","0","0","0","151.882537841797","296.222137451172","0","296.222137451172","155.820785522461","504.659698486328","0","0.00760101433843374","0.0449909716844559","0","0","94.9168395996094","50.5476150512695","1.00762009620667","0.10614737868309","0","9","163","21","396","257","257","-1","0","164","0","56","0","10.7724742889404","0.300000011920929","0.1036257147789","44","347","20499.9988928542","1025","19.9999989198578","9.72650406787809","-1.04597022106234","10"
"2003_Taylor_Knox_channel_island_Copy_1","45","4","4","0","0","0","0","1.3983302116394","0","41.6987152099609","41.7180099487305","18.7114181518555","18.7114181518555","517.181335449219","0","0","0","158.621154785156","372.002288818359","0","372.002288818359","176.480346679688","505.032775878906","0","0.00860879663378","0.0590074360370636","0","0","101.361114501953","50.5476150512695","1.39531540870667","0.109334900975227","0","9","181","30","395","266","266","-1","0","182","0","65","0","9.97585964202881","0.349999994039536","0.1036257147789","51","338","20500.0018222288","1025","20.0000017777842","8.3890190505653","-1.58684059146351","10"
"2003_Taylor_Knox_channel_island_Copy_1","45","4","5","0","0","0","0","0.839166581630707","0","38.3235549926758","44.5939712524414","22.3757476806641","22.3757476806641","517.718322753906","0","0","0","123.476173400879","437.523468017578","0","437.523468017578","169.204360961914","504.205657958984","0","0.00825387146323919","0.0540237203240395","0","0","104.415397644043","50.5476150512695","1.28296756744385","0.122947350144386","0","9","200","40","395","276","276","-1","0","201","0","75","0","9.88250350952148","0.400000005960464","0.1036257147789","54","337","20499.9995112004","1025","19.9999995231223","8.78820242007111","-1.09430108945037","10"
"2003_Taylor_Knox_channel_island_Copy_1","45","4","6","0","0","0","0","0.101209610700607","0","71.1582107543945","33.1433334350586","41.3559646606445","41.3559646606445","518.409606933594","0","0","0","184.694290161133","533.641967773438","0","533.641967773438","225.893768310547","500.761108398438","0","0.0110192093998194","0.098560631275177","0","0","144.455612182617","50.5476150512695","2.56568002700806","0.097295843064785","0","9","218","49","394","285","285","-1","0","219","0","84","0","7.51771068572998","0.449999988079071","0.1036257147789","71","334","20499.9977869782","1025","19.9999978409544","6.41916507849224","-1.09854560723774","10"
"2003_Taylor_Knox_channel_island_Copy_1","45","4","7","0","0","0","0","-0.707499384880066","0","63.3403930664063","36.5338516235352","41.9622383117676","41.9622383117676","518.725158691406","0","0","0","146.470565795898","601.3994140625","0","601.3994140625","211.150238037109","500.254821777344","0","0.0103000113740563","0.0880873128771782","0","0","140.527984619141","50.5476150512695","2.25569105148315","0.112801916897297","0","9","237","59","394","295","295","-1","0","238","0","94","0","7.73421001434326","0.5","0.1036257147789","75","338","20500.0004727135","1025","20.0000004611839","6.71493211118187","-1.01927790316139","10"
"2003_Taylor_Knox_channel_island_Copy_1","45","4","8","0","0","0","0","-2.13886427879333","0","107.752456665039","28.6666488647461","25.6506271362305","25.6506271362305","519.526550292969","0","0","0","207.543487548828","725.399230957031","0","725.399230957031","267.478240966797","505.330718994141","0","0.0130477184429765","0.150551900267601","0","0","161.436889648438","50.5476150512695","4.17181634902954","0.0894120410084724","0","9","257","70","395","306","306","-1","0","258","0","105","0","5.31810283660889","0.550000011920929","0.1036257147789","94","337","20500.0009875887","1025","20.0000009635012","4.97182889800149","-0.346273938607392","10"
"2003_Taylor_Knox_channel_island_Copy_1","45","4","9","0","0","0","0","-3.23594307899475","0","111.126426696777","29.4512710571289","32.1878929138184","32.1878929138184","519.39990234375","0","0","0","192.566528320313","807.612548828125","0","807.612548828125","266.210357666016","504.641052246094","0","0.0129858702421188","0.155519142746925","0","0","172.089553833008","50.5476150512695","4.33371591567993","0.0877295956015587","0","9","275","80","395","316","316","-1","0","276","0","115","0","4.68219614028931","0.600000023841858","0.1036257147789","102","342","20500.0013632186","1025","20.0000013299693","4.78978254783882","0.107586407549514","10"
"2003_Taylor_Knox_channel_island_Copy_1","5","0","0","0","0","0","0","-2.13995409011841","0","8.40563488006592","91.3652496337891","0.00105594121851027","0.00105594121851027","511.044555664063","0","0","0","141.923431396484","86.8546981811523","0","86.8546981811523","82.4053039550781","508.268585205078","0","0.00401977123692632","0.0123267164453864","0","0","99.3058166503906","50.5476150512695","0.196453794836998","-0.00790383387356997","0","9","173","2","390","201","201","-1","0","174","0","0","0","17.1987361907959","0.0333333350718021","0","12","390","20499.9984073941","1025","19.9999984462381","19.0323735177308","1.83363732693494","10"
"2003_Taylor_Knox_channel_island_Copy_1","5","0","1","0","0","0","0","-1.90170550346375","0","19.9345817565918","56.3317565917969","0.0107128042727709","0.0107128042727709","512.781005859375","0","0","0","219.011978149414","130.987228393555","0","130.987228393555","123.678916931152","508.2666015625","0","0.00603311695158482","0.02868777140975","0","0","75.8233489990234","50.5476150512695","0.51410323381424","-0.0335168018937111","0","9","174","2","388","201","201","-1","0","175","0","0","0","10.7973499298096","0.0500000007450581","0","19","386","20500.0032195072","1025","20.0000031409827","12.1400939517778","1.34274402196822","10"
"2003_Taylor_Knox_channel_island_Copy_1","5","0","2","0","0","0","0","-0.923247337341309","0","59.2227897644043","31.6284961700439","0.113199271261692","0.113199271261692","515.433898925781","0","0","0","284.220947265625","310.014404296875","0","310.014404296875","214.804183959961","508.254852294922","0","0.0104782544076443","0.088112585246563","0","0","90.5323257446289","50.5476150512695","1.94269287586212","-0.0134989684447646","0","9","177","3","381","202","202","-1","0","178","0","1","0","6.48587942123413","0.100000001490116","0","35","371","20499.9970036281","1025","19.9999970767104","6.82971492133489","0.343835500100758","10"
"2003_Taylor_Knox_channel_island_Copy_1","5","0","3","0","0","0","0","-0.322057992219925","0","104.67822265625","23.6080875396729","0.446846097707748","0.446846097707748","517.468872070313","0","0","0","331.261535644531","489.799041748047","0","489.799041748047","290.387969970703","508.228332519531","0","0.0141652664169669","0.162251591682434","0","0","128.320709228516","50.5476150512695","4.09637594223022","-0.00630944035947323","0","9","179","4","372","203","203","-1","0","180","0","2","0","5.3894510269165","0.150000005960464","0","52","354","20500.0005946151","1025","20.0000005801123","5.00854624470053","-0.380904782215978","10"
"2003_Taylor_Knox_channel_island_Copy_1","5","0","4","0","0","0","0","0.131747245788574","0","158.589706420898","19.2406787872314","0.769324839115143","0.769324839115143","519.248779296875","0","0","0","377.315368652344","675.950378417969","0","675.950378417969","361.963806152344","508.21435546875","0","0.017656771466136","0.255046486854553","0","0","178.204177856445","50.5476150512695","7.16238975524902","-0.0020017137285322","0","9","182","5","363","204","204","-1","0","183","0","3","0","4.87316751480103","0.200000002980232","0","69","333","20499.999495749","1025","19.9999995080479","3.9697406929347","-0.903426821866325","10"
"2003_Taylor_Knox_channel_island_Copy_1","5","0","5","0","0","0","0","0.381977796554565","0","211.966979980469","16.5776329040527","0.973066627979279","0.973066627979279","520.714416503906","0","0","0","407.685974121094","865.059875488281","0","865.059875488281","424.313293457031","508.210418701172","0","0.0206982064992189","0.352672755718231","0","0","229.13459777832","50.5476150512695","10.5870428085327","-0.0012917568674311","0","9","185","6","354","205","205","-1","0","186","0","4","0","4.51959991455078","0.25","0","87","313","20500.0029095778","1025","20.0000028386125","3.36459692064541","-1.15500299390537","10"
"2003_Taylor_Knox_channel_island_Copy_1","5","0","6","0","0","0","0","0.457060724496841","0","262.312469482422","14.621561050415","1.35647094249725","1.35647094249725","522.033996582031","0","0","0","437.608734130859","1018.34173583984","0","1018.34173583984","481.052185058594","508.206848144531","0","0.0234659593552351","0.445635259151459","0","0","277.916839599609","50.5476150512695","13.7945585250854","-0.0100638084113598","0","9","187","7","345","206","206","-1","0","188","0","5","0","4.14069843292236","0.300000011920929","0","109","299","20500.000778842","1025","20.0000007598458","3.01843847259925","-1.12225996032312","10"
"2003_Taylor_Knox_channel_island_Copy_1","5","0","7","0","0","0","0","0.337440580129623","0","309.005126953125","13.3175888061523","1.04605913162231","1.04605913162231","523.150329589844","0","0","0","433.085632324219","1248.95861816406","0","1248.95861816406","529.260131835938","508.227722167969","0","0.0258175656199455","0.540906012058258","0","0","323.004272460938","50.5476150512695","16.8601303100586","-0.0231552757322788","0","9","188","8","336","207","207","-1","0","189","1","6","0","3.66680288314819","0.349999994039536","0","136","288","20500.0014186874","1025","20.0000013840852","2.73577977329164","-0.931023109856553","10"
"2003_Taylor_Knox_channel_island_Copy_1","5","1","0","0","0","0","0","-2.33695530891418","0","1.42291164398193","294.167358398438","0.000398348056478426","0.000398348056478426","453.288909912109","0","0","0","68.7815093994141","39.6861915588379","0","39.6861915588379","45.5003967285156","413.795074462891","0","0.00221953191794455","0.00272967619821429","0","0","9209.4560546875","50.5476150512695","0.0385450795292854","0.41531902551651","0","9","187","0","398","206","206","-1","0","188","1","5","0","45","0.0166666675359011","0.025906428694725","8","395","20499.996580654","1025","19.9999966640526","54.4010873918507","9.40108739185067","10"
"2003_Taylor_Knox_channel_island_Copy_1","5","1","1","0","0","0","0","-1.85590624809265","0","6.62335681915283","113.304405212402","0.000700009055435658","0.000700009055435658","536.984191894531","0","0","0","154.103179931641","63.9021415710449","0","63.9021415710449","77.1275863647461","508.268646240234","0","0.00376232154667377","0.00984752271324396","0","0","119.445915222168","50.5476150512695","0.155841469764709","0.314613223075867","0","9","188","1","396","207","207","-1","0","189","0","6","0","20.3528747558594","0.0333333350718021","0.025906428694725","11","388","20499.9985801144","1025","19.9999986147457","22.4611963950437","2.10832163918431","10"
"2003_Taylor_Knox_channel_island_Copy_1","5","1","2","0","0","0","0","-1.59079480171204","0","16.389217376709","63.844554901123","0.00391554925590754","0.00391554925590754","517.442504882813","0","0","0","213.981689453125","109.49324798584","0","109.49324798584","112.884162902832","508.267883300781","0","0.00550654390826821","0.0234295502305031","0","0","79.7763366699219","50.5476150512695","0.412820816040039","0.144015446305275","0","9","188","1","394","207","207","-1","0","189","0","6","0","12.3283281326294","0.0500000007450581","0.025906428694725","16","384","20500.0023214804","1025","20.0000022648589","13.5931313518556","1.26480321922619","10"
"2003_Taylor_Knox_channel_island_Copy_1","5","1","3","0","0","0","0","-0.538373112678528","0","57.344856262207","33.2299728393555","0.0839481130242348","0.0839481130242348","517.679748535156","0","0","0","276.415374755859","303.851959228516","0","303.851959228516","209.4599609375","508.259460449219","0","0.0102175576612353","0.0839893519878387","0","0","90.2204360961914","50.5476150512695","1.87066471576691","0.0971840769052505","0","9","190","2","387","208","208","-1","0","191","0","7","0","6.89309120178223","0.100000001490116","0.025906428694725","24","355","20500.0028267201","1025","20.0000027577757","6.98751211841837","0.094420916636146","10"
"2003_Taylor_Knox_channel_island_Copy_1","5","1","4","0","0","0","0","0.0321682281792164","0","105.878089904785","24.4665431976318","0.345697999000549","0.345697999000549","518.495849609375","0","0","0","331.522125244141","488.108154296875","0","488.108154296875","287.672546386719","508.237121582031","0","0.0140328090637922","0.161818653345108","0","0","130.273529052734","50.5476150512695","4.17253351211548","0.0648170411586761","0","9","190","2","377","208","208","-1","0","191","0","7","0","5.51674699783325","0.150000005960464","0.025906428694725","32","329","20499.9971907961","1025","19.9999972593133","4.97490175253326","-0.541845245299994","10"
"2003_Taylor_Knox_channel_island_Copy_1","5","1","5","0","0","0","0","0.458603382110596","0","164.337158203125","19.2605571746826","0.82527494430542","0.82527494430542","520.118469238281","0","0","0","381.091705322266","685.103576660156","0","685.103576660156","366.678955078125","508.214294433594","0","0.0178867802023888","0.26108729839325","0","0","184.023590087891","50.5476150512695","7.47116088867188","0.0517256297171116","0","9","192","3","368","209","209","-1","0","193","0","8","0","4.80884313583374","0.200000002980232","0.025906428694725","45","303","20499.997815658","1025","19.9999978689347","3.92834282621883","-0.88050030961491","10"
"2003_Taylor_Knox_channel_island_Copy_1","5","1","6","0","0","0","0","0.656887352466583","0","210.266708374023","16.4569301605225","1.22314095497131","1.22314095497131","521.7978515625","0","0","0","412.521789550781","835.22705078125","0","835.22705078125","425.425720214844","508.195983886719","0","0.0207524746656418","0.344549357891083","0","0","227.557739257813","50.5476150512695","10.3953628540039","0.0609025433659554","0","9","194","4","359","210","210","-1","0","195","0","9","0","4.36562252044678","0.25","0.025906428694725","56","284","20499.9994973702","1025","19.9999995096294","3.45305912928018","-0.912563391166594","10"
"2003_Taylor_Knox_channel_island_Copy_1","5","1","7","0","0","0","0","0.68511289358139","0","238.934661865234","15.1812181472778","2.8079719543457","2.8079719543457","522.963500976563","0","0","0","406.676910400391","982.153015136719","0","982.153015136719","459.607208251953","508.10595703125","0","0.0224198661744595","0.399418950080872","0","0","256.5380859375","50.5476150512695","12.2885093688965","0.0721466913819313","0","9","196","5","350","211","211","-1","0","197","0","10","0","4.09269094467163","0.300000011920929","0.025906428694725","65","274","20499.9978445694","1025","19.9999978971409","3.21777222529791","-0.87491871937372","10"
"2003_Taylor_Knox_channel_island_Copy_1","5","1","8","0","0","0","0","0.624292135238647","0","281.650085449219","14.0328807830811","8.26930046081543","8.26930046081543","524.859191894531","0","0","0","418.986907958984","1138.95532226563","0","1138.95532226563","503.780059814453","507.759216308594","0","0.0245746392756701","0.477207392454147","0","0","303.562744140625","50.5476150512695","14.9797096252441","0.0946592167019844","0","9","199","6","341","212","212","-1","0","200","0","11","0","3.6211793422699","0.349999994039536","0.025906428694725","79","261","20499.9981551394","1025","19.999998200136","2.95185337951495","-0.669325962754949","10"
"2003_Taylor_Knox_channel_island_Copy_1","5","1","9","0","0","0","0","0.624292135238647","0","270.5673828125","14.7033109664917","19.4381008148193","19.4381008148193","525.451354980469","0","0","0","405.523864746094","1138.95532226563","0","1138.95532226563","491.299652099609","506.869934082031","0","0.0239658355712891","0.461873590946198","0","0","304.281127929688","50.5476150512695","14.3575744628906","0.111737236380577","0","8","199","6","338","212","212","-1","0","200","0","11","0","3.46877694129944","0.366666674613953","0.025906428694725","62","252","20500.0009550338","1025","20.0000009317403","2.97431647687255","-0.494460464426888","10"
"2003_Taylor_Knox_channel_island_Copy_1","5","1","10","0","0","0","0","0.656410098075867","0","264.680511474609","14.8387184143066","20.5055847167969","20.5055847167969","526.551696777344","0","0","0","390.251647949219","1148.64672851563","0","1148.64672851563","487.084747314453","506.810577392578","0","0.0237602330744267","0.448261260986328","0","0","299.594207763672","50.5476150512695","13.9433422088623","0.131015285849571","0","8","201","7","336","213","213","-1","0","202","0","12","0","3.43567800521851","0.38333335518837","0.025906428694725","56","251","20499.9987074498","1025","19.9999987389754","3.03840509822368","-0.397272906994823","10"
"2003_Taylor_Knox_channel_island_Copy_1","5","2","0","0","0","0","0","-0.66858446598053","0","12.4438047409058","83.032585144043","0.00773742981255054","0.00773742981255054","554.13671875","0","0","0","104.549964904785","165.239242553711","0","165.239242553711","102.814254760742","508.265594482422","0","0.00501532992348075","0.017275758087635","0","0","94.9864120483398","50.5476150512695","0.304866403341293","0.394944131374359","0","9","199","1","396","212","212","-1","0","200","0","11","0","15.5235843658447","0.0666666701436043","0.0518128573894501","13","375","20499.9982711779","1025","19.9999983133443","16.8765331814403","1.35294881559553","10"
"2003_Taylor_Knox_channel_island_Copy_1","5","2","1","0","0","0","0","-0.674512684345245","0","18.313793182373","66.0027542114258","0.0178932324051857","0.0178932324051857","544.917297363281","0","0","0","153.144790649414","165.710311889648","0","165.710311889648","121.624221801758","508.2646484375","0","0.00593288894742727","0.0253776721656322","0","0","83.8479309082031","50.5476150512695","0.464738368988037","0.348316252231598","0","9","200","1","393","212","212","-1","0","201","0","11","0","12.8080339431763","0.0833333358168602","0.0518128573894501","14","367","20499.9997268613","1025","19.9999997335233","13.5199441424246","0.711910199248344","10"
"2003_Taylor_Knox_channel_island_Copy_1","5","2","2","0","0","0","0","-0.356679439544678","0","29.3474979400635","49.4745216369629","0.039258074015379","0.039258074015379","532.157348632813","0","0","0","185.998046875","221.599258422852","0","221.599258422852","151.280029296875","508.26220703125","0","0.00737951323390007","0.041217029094696","0","0","78.3955230712891","50.5476150512695","0.822291076183319","0.267321616411209","0","9","201","2","392","213","213","-1","0","202","0","12","0","10.0540103912354","0.100000001490116","0.0518128573894501","18","360","20500.001084343","1025","20.0000010578956","10.3138705752265","0.259860183991183","10"
"2003_Taylor_Knox_channel_island_Copy_1","5","2","3","0","0","0","0","0.361923426389694","0","68.8229141235352","32.3471221923828","0.140639945864677","0.140639945864677","529.868469238281","0","0","0","240.06086730957","417.689910888672","0","417.689910888672","231.449417114258","508.255462646484","0","0.0112902158871293","0.100271001458168","0","0","100.868621826172","50.5476150512695","2.46130084991455","0.23206253349781","0","9","203","3","383","214","214","-1","0","204","0","13","0","7.14989423751831","0.150000005960464","0.0518128573894501","20","321","20499.999240768","1025","19.9999992592859","6.46504406649038","-0.684850171027928","10"
"2003_Taylor_Knox_channel_island_Copy_1","5","2","4","0","0","0","0","0.785920798778534","0","106.797164916992","25.5229110717773","0.426681607961655","0.426681607961655","528.792236328125","0","0","0","285.236450195313","569.896545410156","0","569.896545410156","292.915283203125","508.235504150391","0","0.0142885521054268","0.162555262446404","0","0","132.321990966797","50.5476150512695","4.432945728302","0.20875671505928","0","9","206","4","374","215","215","-1","0","207","0","14","0","5.924635887146","0.200000002980232","0.0518128573894501","23","296","20499.9975534173","1025","19.9999976130901","5.0427873058039","-0.881848581342092","10"
"2003_Taylor_Knox_channel_island_Copy_1","5","2","5","0","0","0","0","1.08535981178284","0","164.81379699707","19.5026054382324","1.92481958866119","1.92481958866119","525.885437011719","0","0","0","325.398345947266","812.369506835938","0","812.369506835938","372.693939208984","508.135467529297","0","0.0181801915168762","0.264343708753586","0","0","185.834991455078","50.5476150512695","7.75793600082397","0.15751650929451","0","9","209","5","365","216","216","-1","0","210","0","15","0","4.66135597229004","0.25","0.0518128573894501","32","277","20500.0007212807","1025","20.0000007036885","3.94362030861236","-0.717735663677679","10"
"2003_Taylor_Knox_channel_island_Copy_1","5","2","6","0","0","0","0","1.13842725753784","0","192.364730834961","17.8539123535156","6.31582117080688","6.31582117080688","527.793212890625","0","0","0","324.854766845703","965.585754394531","0","965.585754394531","407.784484863281","507.80029296875","0","0.0198919288814068","0.313675135374069","0","0","216.121795654297","50.5476150512695","9.44806098937988","0.170250102877617","0","9","213","7","357","218","218","-1","0","214","0","17","0","4.17551851272583","0.300000011920929","0.0518128573894501","37","268","20499.9971241825","1025","19.9999971943244","3.63589184743778","-0.539626665288051","10"
"2003_Taylor_Knox_channel_island_Copy_1","5","2","7","0","0","0","0","1.08114230632782","0","196.355377197266","17.94069480896","14.1737041473389","14.1737041473389","530.5380859375","0","0","0","305.003295898438","1067.1240234375","0","1067.1240234375","413.81005859375","507.149719238281","0","0.0201858561486006","0.325476318597794","0","0","228.029800415039","50.5476150512695","9.80768013000488","0.198102921247482","0","8","216","8","348","219","219","-1","0","217","0","18","0","3.89573454856873","0.349999994039536","0.0518128573894501","33","257","20500.0003738974","1025","20.0000003647779","3.55573333189277","-0.340001216675952","10"
"2003_Taylor_Knox_channel_island_Copy_1","5","2","8","0","0","0","0","1.13276374340057","0","178.494125366211","20.692497253418","50.6105918884277","50.6105918884277","556.726257324219","0","0","0","272.397125244141","1079.16931152344","0","1079.16931152344","402.128479003906","504.157989501953","0","0.0196160245686769","0.293962627649307","0","0","249.197738647461","50.5476150512695","8.76962947845459","0.369734138250351","0","8","219","9","339","221","220","-1","0","220","0","19","0","3.77699732780457","0.400000005960464","0.0518128573894501","26","248","20499.9987431719","1025","19.9999987738262","3.82617084293909","0.0491735151345201","10"
"2003_Taylor_Knox_channel_island_Copy_1","5","2","9","0","0","0","0","0.945592761039734","0","176.305267333984","21.6987552642822","84.3183517456055","84.3183517456055","578.806579589844","0","0","0","242.078384399414","1221.05395507813","0","1221.05395507813","411.024810791016","501.613525390625","0","0.0200499910861254","0.295590758323669","0","0","281.579162597656","50.5476150512695","8.75659942626953","0.459564417600632","0","7","222","11","331","226","222","-1","0","225","0","21","0","3.62659907341003","0.449999988079071","0.0518128573894501","24","242","20499.9996770794","1025","19.9999996849555","3.88937250556229","0.262773432152255","10"
"2003_Taylor_Knox_channel_island_Copy_1","5","3","0","0","0","0","0","-0.678185045719147","0","2.80612945556641","448.508850097656","0.0141127724200487","0.0141127724200487","733.880798339844","0","0","0","22.8350143432617","202.055282592773","0","202.055282592773","73.5063095092773","405.237884521484","0","0.00358567363582551","0.00461393501609564","0","0","450.471282958984","50.5476150512695","0.0681510418653488","0.983980417251587","0","9","220","0","396","223","220","-1","0","222","0","19","0","45","0.116666674613953","0.0777192860841751","10","380","20499.9999929872","1025","19.9999999931582","50.9994567620775","5.99945676207749","10"
"2003_Taylor_Knox_channel_island_Copy_1","5","3","1","0","0","0","0","0.864394247531891","0","27.9464626312256","55.1962089538574","0.0859110057353973","0.0859110057353973","561.340148925781","0","0","0","105.500579833984","365.515258789063","0","365.515258789063","151.600250244141","508.256408691406","0","0.00739513523876667","0.0385620705783367","0","0","82.7327575683594","50.5476150512695","0.795779228210449","0.417942374944687","0","9","221","1","394","224","221","-1","0","223","0","20","0","11.4546184539795","0.133333340287209","0.0777192860841751","18","350","20499.9970047098","1025","19.9999970777657","11.0562287433402","-0.398389710639337","10"
"2003_Taylor_Knox_channel_island_Copy_1","5","3","2","0","0","0","0","0.710344851016998","0","24.9941749572754","59.8155860900879","0.0797709226608276","0.0797709226608276","570.141418457031","0","0","0","105.878715515137","325.608734130859","0","325.608734130859","144.69596862793","508.256958007813","0","0.00705833919346333","0.0344750359654427","0","0","84.3827056884766","50.5476150512695","0.704907119274139","0.452556371688843","0","9","222","2","391","226","222","-1","0","225","0","21","0","12.244068145752","0.150000005960464","0.0777192860841751","18","352","20500.0021480877","1025","20.0000020956953","11.8141445489368","-0.429923596815167","10"
"2003_Taylor_Knox_channel_island_Copy_1","5","3","3","0","0","0","0","1.46350717544556","0","62.7096557617188","35.0754585266113","0.157917231321335","0.157917231321335","552.081176757813","0","0","0","163.616104125977","563.523071289063","0","563.523071289063","228.641937255859","508.252960205078","0","0.0111532639712095","0.0922014489769936","0","0","97.4846649169922","50.5476150512695","2.30087804794312","0.367467939853668","0","9","224","4","383","231","224","-1","0","230","0","23","0","8.10281848907471","0.200000002980232","0.0777192860841751","22","313","20500.0023173543","1025","20.0000022608335","6.94787111728199","-1.15494737179271","10"
"2003_Taylor_Knox_channel_island_Copy_1","5","3","4","0","0","0","0","1.66664457321167","0","95.2828750610352","27.550666809082","0.980266749858856","0.980266749858856","547.448059082031","0","0","0","195.059555053711","743.733093261719","0","743.733093261719","285.474182128906","508.179290771484","0","0.0139255682006478","0.145072251558304","0","0","123.373504638672","50.5476150512695","3.96472787857056","0.336669534444809","0","9","225","5","374","234","225","-1","0","233","0","24","0","6.48044347763062","0.25","0.0777192860841751","26","292","20500.0024426742","1025","20.0000023830967","5.50833610006135","-0.972107377569262","10"
"2003_Taylor_Knox_channel_island_Copy_1","5","3","5","0","0","0","0","1.75324749946594","0","118.393547058105","24.6389808654785","2.41291761398315","2.41291761398315","547.484313964844","0","0","0","209.606307983398","885.547973632813","0","885.547973632813","321.043853759766","508.055389404297","0","0.0156606752425432","0.185616448521614","0","0","145.0107421875","50.5476150512695","5.28662061691284","0.332286506891251","0","9","228","8","367","240","228","-1","0","239","0","27","0","5.61598920822144","0.300000011920929","0.0777192860841751","31","283","20500.0007207626","1025","20.0000007031831","4.8398653353249","-0.776123872896539","10"
"2003_Taylor_Knox_channel_island_Copy_1","5","3","6","0","0","0","0","1.60610866546631","0","128.374206542969","24.0177898406982","9.03391075134277","9.03391075134277","555.006225585938","0","0","0","193.736633300781","1054.39831542969","0","1054.39831542969","338.986724853516","507.408569335938","0","0.0165359377861023","0.204275578260422","0","0","160.956817626953","50.5476150512695","5.86912393569946","0.368507474660873","0","8","230","10","359","244","230","-1","0","243","0","29","0","5.17718982696533","0.349999994039536","0.0777192860841751","31","273","20500.0000144182","1025","20.0000000140665","4.64312589183392","-0.534063935131409","10"
"2003_Taylor_Knox_channel_island_Copy_1","5","3","7","0","0","0","0","1.39954471588135","0","130.637313842773","26.2120914459229","24.8717842102051","24.8717842102051","592.526184082031","0","0","0","180.358932495117","1175.03637695313","0","1175.03637695313","355.522338867188","506.014709472656","0","0.0173425544053316","0.211928308010101","0","0","181.148880004883","50.5476150512695","6.14969873428345","0.509184956550598","0","8","232","12","351","248","232","-1","0","247","0","31","0","4.97504186630249","0.400000005960464","0.0777192860841751","29","265","20499.9984753047","1025","19.9999985124924","4.69388703891761","-0.281154827384882","10"
"2003_Taylor_Knox_channel_island_Copy_1","5","3","8","0","0","0","0","-0.670272767543793","0","224.567581176758","17.9323463439941","121.854919433594","121.854919433594","552.031982421875","0","0","0","225.961059570313","1691.16796875","0","1691.16796875","453.998931884766","499.367736816406","0","0.022146288305521","0.382138103246689","0","0","363.597351074219","50.5476150512695","11.6447038650513","0.340707302093506","0","7","235","15","344","252","235","-1","0","251","0","34","0","2.93489408493042","0.449999988079071","0.0777192860841751","45","254","20500.0009763074","1025","20.000000952495","3.3223596222003","0.387465537269875","10"
"2003_Taylor_Knox_channel_island_Copy_1","5","4","0","0","0","0","0","0.149140909314156","0","3.73959875106812","499.347595214844","0.0400746800005436","0.0400746800005436","850.632080078125","0","0","0","15.0598421096802","368.870849609375","0","368.870849609375","85.177375793457","363.849029541016","0","0.00415499415248632","0.00555513659492135","0","0","502.028930664063","50.5476150512695","0.0856755748391151","1.1273193359375","0","9","236","0","399","255","236","-1","0","254","0","35","0","45","0.183333337306976","0.1036257147789","18","377","20499.9989572759","1025","19.9999989827082","48.4135714617069","3.41357146170689","10"
"2003_Taylor_Knox_channel_island_Copy_1","5","4","1","0","0","0","0","0.182326927781105","0","3.15611028671265","431.257049560547","0.0420405827462673","0.0420405827462673","730.883850097656","0","0","0","12.6146020889282","378.383209228516","0","378.383209228516","73.2031326293945","301.504211425781","0","0.00357088400050998","0.0047731539234519","0","0","433.521179199219","50.5476150512695","0.0720460265874863","1.1441742181778","0","9","237","1","396","256","237","-1","0","255","0","36","0","45","0.200000002980232","0.1036257147789","17","377","20500.0029737566","1025","20.000002901226","48.4276488167583","3.42764881675833","10"
"2003_Taylor_Knox_channel_island_Copy_1","5","4","2","0","0","0","0","2.09700965881348","0","20.6125202178955","91.9446487426758","0.0905039981007576","0.0905039981007576","707.238525390625","0","0","0","52.2644500732422","551.717834472656","0","551.717834472656","147.847030639648","508.258514404297","0","0.00721204979345202","0.0288352277129889","0","0","112.009376525879","50.5476150512695","0.598913848400116","0.761411070823669","0","9","240","4","389","260","240","-1","0","259","0","39","0","15.9322719573975","0.25","0.1036257147789","26","346","20500.0013690812","1025","20.000001335689","14.484166430015","-1.44810552738249","10"
"2003_Taylor_Knox_channel_island_Copy_1","5","4","3","0","0","0","0","2.37319397926331","0","39.0479507446289","55.785587310791","0.193891257047653","0.193891257047653","649.019409179688","0","0","0","75.234733581543","747.921264648438","0","747.921264648438","197.144882202148","508.245483398438","0","0.00961682386696339","0.0562696605920792","0","0","94.4778137207031","50.5476150512695","1.33547151088715","0.658277630805969","0","9","243","7","382","264","243","-1","0","263","0","42","0","11.3224153518677","0.300000011920929","0.1036257147789","31","325","20499.9992647675","1025","19.9999992827","9.8405018927041","-1.48191345916358","10"
"2003_Taylor_Knox_channel_island_Copy_1","5","4","4","0","0","0","0","2.35308027267456","0","50.5341682434082","50.3531646728516","0.808839976787567","0.808839976787567","668.323913574219","0","0","0","85.9610061645508","879.021911621094","0","879.021911621094","230.653198242188","508.16845703125","0","0.0112513760104775","0.0755616053938866","0","0","101.142921447754","50.5476150512695","1.90579330921173","0.693576395511627","0","9","247","11","376","268","247","-1","0","267","0","46","0","9.90565872192383","0.349999994039536","0.1036257147789","34","312","20499.9991136549","1025","19.9999991352731","8.56337902374","-1.34227969818383","10"
"2003_Taylor_Knox_channel_island_Copy_1","5","4","5","0","0","0","0","1.97271358966827","0","59.3038558959961","50.8342361450195","5.44685459136963","5.44685459136963","709.882873535156","0","0","0","84.7178344726563","1083.03918457031","0","1083.03918457031","260.203948974609","507.598968505859","0","0.0126928733661771","0.0917527303099632","0","0","114.948905944824","50.5476150512695","2.37162089347839","0.76096898317337","0","8","250","14","369","274","250","-1","0","273","0","49","0","8.92123985290527","0.400000005960464","0.1036257147789","35","300","20500.0035427738","1025","20.0000034563647","7.95167452855161","-0.969565324353664","10"
"2003_Taylor_Knox_channel_island_Copy_1","5","4","6","0","0","0","0","2.45499134063721","0","28.7264633178711","346.857330322266","1.89457988739014","1.89457988739014","1899.20263671875","0","0","0","50.0966453552246","877.802490234375","0","877.802490234375","303.197937011719","508.114013671875","0","0.0147901438176632","0.0439749620854855","0","0","375.728881835938","50.5476150512695","1.01128494739532","1.29846096038818","0","8","254","18","363","280","254","-1","0","279","0","53","0","20.4116153717041","0.449999988079071","0.1036257147789","20","306","20499.9992393328","1025","19.9999992578857","19.6534978216144","-0.758117550089711","10"
"2003_Taylor_Knox_channel_island_Copy_1","5","4","7","0","0","0","0","2.33973932266235","0","29.0996723175049","398.007415771484","6.11038398742676","6.11038398742676","2081.43701171875","0","0","0","47.161979675293","948.756652832031","0","948.756652832031","321.664093017578","507.670959472656","0","0.0156909301877022","0.0447452440857887","0","0","430.988586425781","50.5476150512695","1.02229166030884","1.32291328907013","0","7","256","20","362","283","256","-1","0","282","0","55","0","20.9098014831543","0.466666668653488","0.1036257147789","20","305","20500.0015403601","1025","20.0000015027904","20.5284596357294","-0.381341847424864","10"
"2003_Taylor_Knox_channel_island_Copy_1","5","4","8","0","0","0","0","1.86735618114471","0","35.3574867248535","430.91162109375","6.80098533630371","6.80098533630371","2377.31420898438","0","0","0","49.7844429016113","1124.10009765625","0","1124.10009765625","381.931213378906","507.715972900391","0","0.0186307914555073","0.0559626966714859","0","0","470.665344238281","50.5476150512695","1.3101395368576","1.35427725315094","0","7","257","21","360","286","257","-1","0","285","0","56","0","19.7319355010986","0.483333349227905","0.1036257147789","22","299","20499.9993849433","1025","19.9999993999447","19.4457675262224","-0.286167974876214","10"
"2003_Taylor_Knox_channel_island_Copy_1","60","0","0","0","0","0","0","-1.48949003219604","0","14.0419235229492","83.019287109375","0.126975372433662","0.126975372433662","573.280212402344","0","0","0","136.498138427734","157.521667480469","0","157.521667480469","109.966339111328","508.238555908203","0","0.00536421220749617","0.0215014144778252","0","0","96.66162109375","50.5476150512695","0.340144842863083","-0.467989712953568","0","9","23","8","396","207","207","-1","0","24","3","6","0","14.7138414382935","0.0333333350718021","0","22","394","20499.997922837","1025","19.9999979734995","14.4468516885055","-0.266989749787996","10"
"2003_Taylor_Knox_channel_island_Copy_1","60","0","1","0","0","0","0","-0.92131781578064","0","20.6638832092285","60.9683876037598","0.385984003543854","0.385984003543854","540.862731933594","0","0","0","189.765716552734","167.82585144043","0","167.82585144043","128.969741821289","508.186614990234","0","0.00629120692610741","0.0318475924432278","0","0","81.5306854248047","50.5476150512695","0.539612591266632","-0.32570481300354","0","9","28","10","396","209","209","-1","0","29","3","8","0","11.6108312606812","0.0500000007450581","0","27","392","20499.9999739457","1025","19.9999999745812","11.3932029876725","-0.217628273008636","10"
"2003_Taylor_Knox_channel_island_Copy_1","60","1","0","0","0","0","0","0.579460561275482","0","4.56168603897095","131.181716918945","0.0284364316612482","0.0284364316612482","514.651123046875","0","0","0","4217.3056640625","1.6814728975296","0","1.6814728975296","65.8115768432617","508.256225585938","0","0.0032103203702718","0.00709128472954035","0","0","135.315979003906","50.5476150512695","0.108864933252335","0.131159886717796","0","9","28","3","398","209","209","-1","0","29","0","8","0","26.0719585418701","0.0333333350718021","0.025906428694725","13","393","20500.0028821702","1025","20.0000028118734","26.9179115752437","0.845953033373565","10"
"2003_Taylor_Knox_channel_island_Copy_1","60","1","1","0","0","0","0","1.43759596347809","0","18.179349899292","60.9105911254883","0.182081609964371","0.182081609964371","513.773010253906","0","0","0","420.731018066406","60.3664016723633","0","60.3664016723633","117.325744628906","508.228179931641","0","0.00572320725768805","0.0253980178385973","0","0","78.8060607910156","50.5476150512695","0.452822804450989","0.0756910070776939","0","9","33","5","398","211","211","-1","0","34","0","10","0","13.1766195297241","0.0500000007450581","0.025906428694725","20","386","20499.9992742358","1025","19.9999992919374","13.0229137806188","-0.153705749105329","10"
"2003_Taylor_Knox_channel_island_Copy_1","60","1","2","0","0","0","0","0.977303683757782","0","59.1512870788574","33.7692680358887","2.52935552597046","2.52935552597046","515.632202148438","0","0","0","590.323486328125","143.356140136719","0","143.356140136719","208.84049987793","507.942626953125","0","0.0101873390376568","0.0846265032887459","0","0","94.9858551025391","50.5476150512695","1.86493957042694","0.0327241718769073","0","9","51","11","396","217","217","-1","0","52","1","16","0","7.4485969543457","0.100000001490116","0.025906428694725","32","362","20500.0048693742","1025","20.000004750609","6.9140349111709","-0.534562043174807","10"
"2003_Taylor_Knox_channel_island_Copy_1","60","1","3","0","0","0","0","0.822990775108337","0","123.976425170898","23.7041072845459","13.3563470840454","13.3563470840454","518.618774414063","0","0","0","699.159729003906","258.782196044922","0","258.782196044922","302.770080566406","507.066864013672","0","0.0147692719474435","0.180930107831955","0","0","160.546508789063","50.5476150512695","4.74428510665894","0.0343517400324345","0","9","70","18","393","224","224","-1","0","71","1","23","0","5.24874830245972","0.150000005960464","0.025906428694725","48","336","20500.0003821322","1025","20.0000003728119","4.68224804302884","-0.566500259430872","10"
"2003_Taylor_Knox_channel_island_Copy_1","60","1","4","0","0","0","0","1.01046407222748","0","174.825958251953","19.7185745239258","19.1551818847656","19.1551818847656","520.417907714844","0","0","0","775.5380859375","333.853576660156","0","333.853576660156","361.38818359375","507.641937255859","0","0.0176286958158016","0.258916169404984","0","0","213.244094848633","50.5476150512695","7.22271680831909","0.0333331078290939","0","9","89","26","391","232","232","-1","0","90","2","31","0","4.26927995681763","0.200000002980232","0.025906428694725","65","323","20499.9954261969","1025","19.9999955377531","3.9040895691628","-0.365190387654826","10"
"2003_Taylor_Knox_channel_island_Copy_1","60","1","5","0","0","0","0","1.0933586359024","0","211.452621459961","17.9034328460693","17.4172668457031","17.4172668457031","521.554992675781","0","0","0","826.616882324219","381.125579833984","0","381.125579833984","400.806610107422","507.386596679688","0","0.0195515416562557","0.315044820308685","0","0","246.314514160156","50.5476150512695","9.14149570465088","0.028778862208128","0","9","108","35","390","241","241","-1","0","109","2","40","0","3.72244191169739","0.25","0.025906428694725","81","319","20500.000314767","1025","20.0000003070897","3.55803682279727","-0.164405088900117","10"
"2003_Taylor_Knox_channel_island_Copy_1","60","1","6","0","0","0","0","1.09498715400696","0","222.529312133789","17.8549842834473","17.8507022857666","17.8507022857666","521.788208007813","0","0","0","814.076049804688","409.347229003906","0","409.347229003906","408.7978515625","507.297485351563","0","0.0199413578957319","0.333239793777466","0","0","257.771087646484","50.5476150512695","9.68982601165771","0.0296764001250267","0","9","114","38","390","244","244","-1","0","115","2","43","0","3.50750780105591","0.266666680574417","0.025906428694725","89","321","20500.0007371612","1025","20.0000007191817","3.43067884865866","-0.0768289523972516","10"
"2003_Taylor_Knox_channel_island_Copy_1","60","2","0","0","0","0","0","0.22842188179493","0","1.13584506511688","194.259918212891","0.000581490690819919","0.000581490690819919","312.662078857422","0","0","0","26.9995193481445","40.8891563415527","0","40.8891563415527","31.5552806854248","311.843017578125","0","0.00153928180225194","0.00110398756805807","0","0","195.046981811523","50.5476150512695","0.015162268653512","0.00408143270760775","0","9","39","2","400","213","213","-1","0","40","0","12","0","45","0.0500000007450581","0.0518128573894501","6","396","20500.0024292239","1025","20.0000023699745","NaN","NaN","10"
"2003_Taylor_Knox_channel_island_Copy_1","60","2","1","0","0","0","0","1.57485973834991","0","26.7908973693848","49.3505859375","2.12806534767151","2.12806534767151","513.145874023438","0","0","0","920.6904296875","41.2445602416992","0","41.2445602416992","141.955657958984","507.817169189453","0","0.00692466692999005","0.0379734709858894","0","0","77.7700958251953","50.5476150512695","0.726204872131348","0.00960670597851276","0","9","57","8","398","219","219","-1","0","58","0","18","0","11.5772304534912","0.100000001490116","0.0518128573894501","24","369","20499.9979629617","1025","19.9999980126456","10.5069842370628","-1.07024621642843","10"
"2003_Taylor_Knox_channel_island_Copy_1","60","2","2","0","0","0","0","1.66936039924622","0","74.0525283813477","30.1862659454346","8.71202945709229","8.71202945709229","516.258178710938","0","0","0","821.015319824219","127.992530822754","0","127.992530822754","232.879913330078","507.018493652344","0","0.0113599952310324","0.105083823204041","0","0","112.411987304688","50.5476150512695","2.49187970161438","0.00403804518282413","0","9","75","15","395","226","226","-1","0","76","0","25","0","7.14663505554199","0.150000005960464","0.0518128573894501","35","342","20500.0009765774","1025","20.0000009527584","6.20603812753171","-0.940596928010282","10"
"2003_Taylor_Knox_channel_island_Copy_1","60","2","3","0","0","0","0","1.62388670444489","0","115.310928344727","24.5249004364014","30.3571701049805","30.3571701049805","518.136840820313","0","0","0","812.424865722656","204.092147827148","0","204.092147827148","290.884826660156","504.605316162109","0","0.0141895050182939","0.165809527039528","0","0","169.517211914063","50.5476150512695","4.37045764923096","0.00483092851936817","0","9","95","24","394","235","235","-1","0","96","0","34","0","5.86318206787109","0.200000002980232","0.0518128573894501","46","325","20499.9981525171","1025","19.9999981975777","4.90921319470485","-0.953968873166239","10"
"2003_Taylor_Knox_channel_island_Copy_1","60","2","4","0","0","0","0","1.37712502479553","0","158.797714233398","21.1154861450195","40.5580520629883","40.5580520629883","519.763549804688","0","0","0","843.638793945313","271.116516113281","0","271.116516113281","342.484619140625","503.285278320313","0","0.0167065691202879","0.228724420070648","0","0","219.712844848633","50.5476150512695","6.42385292053223","0.00699580227956176","0","9","114","33","393","244","244","-1","0","115","0","43","0","4.553147315979","0.25","0.0518128573894501","59","317","20499.997137337","1025","19.9999972071581","4.18874881761804","-0.364398498360964","10"
"2003_Taylor_Knox_channel_island_Copy_1","60","2","5","0","0","0","0","0.959264516830444","0","188.951263427734","19.6926898956299","27.9369812011719","27.9369812011719","520.633605957031","0","0","0","878.466491699219","313.041381835938","0","313.041381835938","368.445709228516","507.236206054688","0","0.0179729610681534","0.274996370077133","0","0","236.098861694336","50.5476150512695","7.95147275924683","0.00273663527332246","0","9","133","42","392","253","253","-1","0","134","0","52","0","3.83428001403809","0.300000011920929","0.0518128573894501","70","312","20500.0004079112","1025","20.0000003979621","3.74735626632681","-0.086923747711273","10"
"2003_Taylor_Knox_channel_island_Copy_1","60","2","6","0","0","0","0","0.451451182365417","0","221.66520690918","18.9179553985596","28.8883247375488","28.8883247375488","521.449645996094","0","0","0","870.950439453125","370.582336425781","0","370.582336425781","396.277923583984","506.493713378906","0","0.0193306319415569","0.322758853435516","0","0","268.964630126953","50.5476150512695","9.5933666229248","0.000345401058439165","0","9","152","51","391","262","262","-1","0","153","1","61","0","3.18282198905945","0.349999994039536","0.0518128573894501","82","312","20499.9983850537","1025","19.9999984244426","3.43360637856315","0.2507843895037","10"
"2003_Taylor_Knox_channel_island_Copy_1","60","2","7","0","0","0","0","-0.251570522785187","0","233.02099609375","19.4065380096436","36.6536331176758","36.6536331176758","521.518737792969","0","0","0","838.577026367188","401.763275146484","0","401.763275146484","397.785339355469","505.759124755859","0","0.0194041635841131","0.33690944314003","0","0","288.539093017578","50.5476150512695","10.0790796279907","0.00489401165395975","0","9","172","61","391","272","272","-1","0","173","0","71","0","2.84781742095947","0.400000005960464","0.0518128573894501","91","315","20499.9992723804","1025","19.9999992901272","3.30175434921755","0.453936928258082","10"
"2003_Taylor_Knox_channel_island_Copy_1","60","2","8","0","0","0","0","-1.00307965278625","0","266.956329345703","19.9340896606445","34.2166213989258","34.2166213989258","521.859680175781","0","0","0","822.317260742188","477.907928466797","0","477.907928466797","410.845184326172","505.935791015625","0","0.0200412292033434","0.392991930246353","0","0","320.578765869141","50.5476150512695","11.9665441513062","0.00726457359269261","0","9","192","71","391","282","282","-1","0","193","1","81","0","2.47768425941467","0.449999988079071","0.0518128573894501","109","320","20499.9992843569","1025","19.9999993018116","2.92315447464748","0.445470215232803","10"
"2003_Taylor_Knox_channel_island_Copy_1","60","2","9","0","0","0","0","-1.26042830944061","0","262.493713378906","20.1457786560059","33.8480796813965","33.8480796813965","521.700988769531","0","0","0","810.994812011719","477.081329345703","0","477.081329345703","403.548126220703","505.966644287109","0","0.0196852721273899","0.38691046833992","0","0","315.961456298828","50.5476150512695","11.7445154190063","0.0129829244688153","0","9","198","74","391","285","285","-1","0","199","1","84","0","2.44484424591064","0.466666668653488","0.0518128573894501","107","319","20500.0024185193","1025","20.000002359531","2.91635980823321","0.471515562322568","10"
"2003_Taylor_Knox_channel_island_Copy_1","60","3","0","0","0","0","0","1.50575649738312","0","9.343994140625","80.4555206298828","0.839179396629333","0.839179396629333","511.520812988281","0","0","0","7948.400390625","1.88048541545868","0","1.88048541545868","93.1784133911133","507.981781005859","0","0.00454528816044331","0.0149468518793583","0","0","90.1976623535156","50.5476150512695","0.254395306110382","0.0488521419465542","0","9","68","3","399","223","223","-1","0","69","0","22","0","17.4227256774902","0.116666674613953","0.0777192860841751","18","376","20500.0013424948","1025","20.000001309751","17.703827849197","0.281102171706753","10"
"2003_Taylor_Knox_channel_island_Copy_1","60","3","1","0","0","0","0","1.76729166507721","0","16.38427734375","61.2339630126953","2.63873481750488","2.63873481750488","512.352111816406","0","0","0","1221.796875","19.7211132049561","0","19.7211132049561","116.813850402832","507.593444824219","0","0.00569823663681746","0.024095194414258","0","0","79.7559204101563","50.5476150512695","0.453458607196808","0.0424617566168308","0","9","75","6","399","226","226","-1","0","76","0","25","0","14.0940322875977","0.133333340287209","0.0777192860841751","22","368","20499.9998855917","1025","19.9999998883821","13.6793815828498","-0.414650704747816","10"
"2003_Taylor_Knox_channel_island_Copy_1","60","3","2","0","0","0","0","1.76968896389008","0","17.720890045166","59.3135757446289","3.75540971755981","3.75540971755981","512.519470214844","0","0","0","961.221069335938","27.5816802978516","0","27.5816802978516","121.167999267578","507.343566894531","0","0.00591063406318426","0.0265120919793844","0","0","80.2603378295898","50.5476150512695","0.503399252891541","0.0440063364803791","0","9","81","9","398","229","229","-1","0","82","0","28","0","13.5552101135254","0.150000005960464","0.0777192860841751","24","366","20500.0001645002","1025","20.000000160488","12.8818348265596","-0.673375286965829","10"
"2003_Taylor_Knox_channel_island_Copy_1","60","3","3","0","0","0","0","1.84587550163269","0","45.3203239440918","38.2259979248047","18.4058380126953","18.4058380126953","514.677490234375","0","0","0","671.728393554688","93.8097305297852","0","93.8097305297852","183.426452636719","504.961669921875","0","0.00894763227552176","0.0630146563053131","0","0","101.199440002441","50.5476150512695","1.42763650417328","0.0259448830038309","0","9","100","17","396","237","237","-1","0","101","0","36","0","9.43305397033691","0.200000002980232","0.0777192860841751","35","347","20499.9989928646","1025","19.9999990174289","8.16318141097496","-1.26987255936195","10"
"2003_Taylor_Knox_channel_island_Copy_1","60","3","4","0","0","0","0","1.46998238563538","0","81.5406875610352","28.985330581665","22.1391086578369","22.1391086578369","516.761047363281","0","0","0","663.069152832031","169.742721557617","0","169.742721557617","244.520080566406","504.891448974609","0","0.0119278086349368","0.112551160156727","0","0","131.930099487305","50.5476150512695","2.84700870513916","0.0216365400701761","0","9","119","26","395","246","246","-1","0","120","0","45","0","7.60018444061279","0.25","0.0777192860841751","47","330","20500.0002976407","1025","20.0000002903812","6.08344534855878","-1.51673909205402","10"
"2003_Taylor_Knox_channel_island_Copy_1","60","3","5","0","0","0","0","0.965382695198059","0","114.413452148438","24.5783309936523","55.0374870300293","55.0374870300293","518.233276367188","0","0","0","710.757690429688","225.421676635742","0","225.421676635742","289.729187011719","500.385070800781","0","0.0141331339254975","0.160220190882683","0","0","192.981948852539","50.5476150512695","4.31487846374512","0.0165424346923828","0","9","139","36","395","256","256","-1","0","140","0","55","0","6.0040431022644","0.300000011920929","0.0777192860841751","60","324","20499.9958635515","1025","19.9999959644405","5.06067787417258","-0.943365228091822","10"
"2003_Taylor_Knox_channel_island_Copy_1","60","3","6","0","0","0","0","0.392572820186615","0","131.824340820313","23.8113536834717","62.3866424560547","62.3866424560547","518.849243164063","0","0","0","661.419372558594","281.040924072266","0","281.040924072266","307.975524902344","498.954498291016","0","0.0150231970474124","0.185885921120644","0","0","216.843963623047","50.5476150512695","5.12191343307495","0.0163316801190376","0","9","158","45","394","265","265","-1","0","159","0","64","0","5.30491590499878","0.349999994039536","0.0777192860841751","70","325","20499.9990301924","1025","19.9999990538463","4.63566926021816","-0.669246644780619","10"
"2003_Taylor_Knox_channel_island_Copy_1","60","3","7","0","0","0","0","-0.374570816755295","0","165.677536010742","21.4314479827881","34.7360687255859","34.7360687255859","520.062438964844","0","0","0","687.389465332031","341.490356445313","0","341.490356445313","341.412811279297","505.748626708984","0","0.0166542809456587","0.234736874699593","0","0","221.285186767578","50.5476150512695","6.74957752227783","0.0208428520709276","0","9","178","55","394","275","275","-1","0","179","0","74","0","4.2813138961792","0.400000005960464","0.0777192860841751","81","320","20500.0031159132","1025","20.0000030399153","4.06848042101032","-0.212833475168879","10"
"2003_Taylor_Knox_channel_island_Copy_1","60","3","8","0","0","0","0","-1.07713890075684","0","152.95849609375","22.8801250457764","35.851921081543","35.851921081543","519.746032714844","0","0","0","579.8076171875","373.524841308594","0","373.524841308594","325.475830078125","505.320281982422","0","0.0158768706023693","0.216572552919388","0","0","211.096893310547","50.5476150512695","6.20649766921997","0.0332626439630985","0","9","198","65","394","285","285","-1","0","199","0","84","0","4.51163578033447","0.449999988079071","0.0777192860841751","86","324","20499.9989122261","1025","19.9999989387571","4.20410840328855","-0.307527377045927","10"
"2003_Taylor_Knox_channel_island_Copy_1","60","3","9","0","0","0","0","-1.88531231880188","0","161.162063598633","23.3898582458496","43.0449905395508","43.0449905395508","519.853210449219","0","0","0","539.477966308594","421.284881591797","0","421.284881591797","327.933288574219","504.434143066406","0","0.0159967467188835","0.227273896336555","0","0","226.955917358398","50.5476150512695","6.5818772315979","0.035228356719017","0","9","218","75","394","295","295","-1","0","219","0","94","0","4.02018976211548","0.5","0.0777192860841751","94","328","20499.9988020756","1025","19.9999988312933","4.03611895500267","0.0159291928871932","10"
"2003_Taylor_Knox_channel_island_Copy_1","60","3","10","0","0","0","0","-2.97017192840576","0","211.852157592773","23.6401500701904","45.1919860839844","45.1919860839844","520.272827148438","0","0","0","596.21142578125","511.279479980469","0","511.279479980469","348.869018554688","504.864501953125","0","0.0170180033892393","0.30483067035675","0","0","280.08740234375","50.5476150512695","9.07719326019287","0.0259673949331045","0","9","237","85","394","305","305","-1","0","238","0","104","0","2.60550761222839","0.550000011920929","0.0777192860841751","112","333","20499.9970075974","1025","19.9999970805828","3.20035706844121","0.594849456212812","10"
"2003_Taylor_Knox_channel_island_Copy_1","60","4","0","0","0","0","0","-2.12459135055542","0","2.76121044158936","201.062026977539","1.81642043590546","1.81642043590546","513.8544921875","0","0","0","302.825225830078","13.189453125","0","13.189453125","57.6420822143555","507.300872802734","0","0.0028118088375777","0.00399409886449575","0","0","204.871429443359","50.5476150512695","0.0586688220500946","0.126226276159286","0","9","99","1","400","237","237","-1","0","100","0","36","0","28.6278915405273","0.183333337306976","0.1036257147789","18","382","20500.0003712957","1025","20.0000003622397","44.7480658743705","16.1201743338432","10"
"2003_Taylor_Knox_channel_island_Copy_1","60","4","1","0","0","0","0","-3.53807067871094","0","2.3184986114502","371.124084472656","1.71440005302429","1.71440005302429","518.039123535156","0","0","0","148.019882202148","19.9961280822754","0","19.9961280822754","56.7959899902344","507.145599365234","0","0.0027705361135304","0.00295982463285327","0","0","373.971557617188","50.5476150512695","0.0395210236310959","0.177780956029892","0","9","106","4","399","240","240","-1","0","107","0","39","0","36.9861373901367","0.200000002980232","0.1036257147789","17","382","20499.9998783128","1025","19.9999998812808","69.39802736814","32.4118899780033","10"
"2003_Taylor_Knox_channel_island_Copy_1","60","4","2","0","0","0","0","1.22557950019836","0","14.3020973205566","68.3952102661133","13.885274887085","13.885274887085","512.31689453125","0","0","0","271.191497802734","82.4334259033203","0","82.4334259033203","112.249389648438","504.751190185547","0","0.00547557976096869","0.022355243563652","0","0","95.7154922485352","50.5476150512695","0.439977318048477","0.0566774979233742","0","9","125","13","398","249","249","-1","0","126","0","48","0","13.5903396606445","0.25","0.1036257147789","35","364","20500.0008307028","1025","20.0000008104418","14.1779872122134","0.587647551568901","10"
"2003_Taylor_Knox_channel_island_Copy_1","60","4","3","0","0","0","0","1.22440588474274","0","34.9732246398926","45.1377792358398","20.9374866485596","20.9374866485596","513.917846679688","0","0","0","337.578247070313","147.762191772461","0","147.762191772461","163.007247924805","504.074371337891","0","0.00795157346874475","0.0498813018202782","0","0","100.176086425781","50.5476150512695","1.12685418128967","0.0364528708159924","0","9","144","22","397","258","258","-1","0","145","0","57","0","9.65470600128174","0.300000011920929","0.1036257147789","47","350","20499.9989707115","1025","19.9999989958161","9.1726465587333","-0.48205944254844","10"
"2003_Taylor_Knox_channel_island_Copy_1","60","4","4","0","0","0","0","0.686564207077026","0","41.1742134094238","43.4110336303711","32.6338958740234","32.6338958740234","514.605407714844","0","0","0","305.350341796875","191.047470092773","0","191.047470092773","174.576446533203","502.491943359375","0","0.00851592421531677","0.0583364106714725","0","0","116.128120422363","50.5476150512695","1.39240086078644","0.048535268753767","0","9","164","32","397","268","268","-1","0","165","0","67","0","9.50993537902832","0.349999994039536","0.1036257147789","52","338","20500.0000139984","1025","20.000000013657","8.3940081514922","-1.11592722753612","10"
"2003_Taylor_Knox_channel_island_Copy_1","60","4","5","0","0","0","0","0.0226362906396389","0","51.1173896789551","38.8663063049316","36.6102638244629","36.6102638244629","515.433166503906","0","0","0","284.612213134766","251.589111328125","0","251.589111328125","193.739547729492","501.515472412109","0","0.00945070944726467","0.0716053321957588","0","0","125.428955078125","50.5476150512695","1.77065145969391","0.0542301274836063","0","9","184","42","397","278","278","-1","0","185","0","77","0","9.19698619842529","0.400000005960464","0.1036257147789","62","338","20500.0004296573","1025","20.0000004191779","7.58421566993163","-1.61277052849366","10"
"2003_Taylor_Knox_channel_island_Copy_1","60","4","6","0","0","0","0","-0.682524025440216","0","50.8762168884277","38.9626388549805","44.0692100524902","44.0692100524902","515.567138671875","0","0","0","253.85710144043","284.532196044922","0","284.532196044922","193.361312866211","500.355102539063","0","0.00943225994706154","0.0722305178642273","0","0","132.647521972656","50.5476150512695","1.78227663040161","0.0603252649307251","0","9","204","52","397","288","288","-1","0","205","0","87","0","8.79702281951904","0.449999988079071","0.1036257147789","68","340","20499.9982985466","1025","19.9999983400455","7.50342867415837","-1.29359414536068","10"
"2003_Taylor_Knox_channel_island_Copy_1","60","4","7","0","0","0","0","-1.51493895053864","0","39.3017692565918","44.7003479003906","50.3986587524414","50.3986587524414","515.569274902344","0","0","0","169.322052001953","333.457977294922","0","333.457977294922","170.928634643555","498.726745605469","0","0.00833798199892044","0.0564617924392223","0","0","132.923217773438","50.5476150512695","1.34804630279541","0.0833979919552803","0","9","223","62","397","298","298","-1","0","224","0","97","0","9.70684432983398","0.5","0.1036257147789","66","343","20500.000439637","1025","20.0000004289142","8.49220034054916","-1.21464398928482","10"
"2003_Taylor_Knox_channel_island_Copy_1","60","4","8","0","0","0","0","-2.61980724334717","0","87.989616394043","30.8106727600098","50.5389595031738","50.5389595031738","517.539489746094","0","0","0","287.512359619141","426.848907470703","0","426.848907470703","242.445358276367","502.922882080078","0","0.0118266018107533","0.12272434681654","0","0","168.560974121094","50.5476150512695","3.29649615287781","0.0584967918694019","0","9","243","72","397","308","308","-1","0","244","0","107","0","5.87887048721313","0.550000011920929","0.1036257147789","90","339","20500.0017888421","1025","20.0000017452118","5.53001620723624","-0.348854279976897","10"
"2003_Taylor_Knox_channel_island_Copy_1","60","4","9","0","0","0","0","-3.50909662246704","0","72.5817794799805","33.6189727783203","56.9483680725098","56.9483680725098","517.41748046875","0","0","0","213.303283691406","477.561920166016","0","477.561920166016","220.708374023438","501.921997070313","0","0.0107662612572312","0.101865522563457","0","0","162.287414550781","50.5476150512695","2.66700148582458","0.0777396932244301","0","9","262","82","397","318","318","-1","0","263","0","117","0","5.81466627120972","0.600000023841858","0.1036257147789","87","341","20500.0016951286","1025","20.000001653784","6.06697493798026","0.252308666770545","10"
"2003_Taylor_Knox_channel_island_Copy_1","75","0","0","0","0","0","0","1.40332365036011","0","16.9085636138916","64.2615280151367","0.207371652126312","0.207371652126312","521.169921875","0","0","0","595.990661621094","41.7787208557129","0","41.7787208557129","114.526390075684","508.221649169922","0","0.00558665301650763","0.0248997267335653","0","0","80.904296875","50.5476150512695","0.423608034849167","0.18649734556675","0","9","28","6","399","212","212","-1","0","29","1","11","0","14.1772012710571","0.0500000007450581","0.025906428694725","22","389","20500.0005794663","1025","20.000000565333","12.965601287541","-1.21159998351612","10"
"2003_Taylor_Knox_channel_island_Copy_1","75","0","1","0","0","0","0","0.605044066905975","0","61.1968460083008","32.481128692627","3.31857538223267","3.31857538223267","517.384216308594","0","0","0","696.626770019531","126.698791503906","0","126.698791503906","214.81428527832","507.834381103516","0","0.0104787480086088","0.0882617682218552","0","0","96.5267791748047","50.5476150512695","1.92206764221191","0.0856198444962502","0","9","45","13","398","219","219","-1","0","46","2","18","0","7.30218935012817","0.100000001490116","0.025906428694725","37","367","20499.9953335875","1025","19.9999954474025","6.818439027924","-0.483750322204173","10"
"2003_Taylor_Knox_channel_island_Copy_1","75","0","2","0","0","0","0","0.600378394126892","0","120.147285461426","23.0927600860596","18.4040184020996","18.4040184020996","519.498657226563","0","0","0","882.372009277344","200.972686767578","0","200.972686767578","302.987884521484","506.397521972656","0","0.0147798974066973","0.177332684397697","0","0","161.112228393555","50.5476150512695","4.53802967071533","0.0682470947504044","0","9","64","21","396","227","227","-1","0","65","2","26","0","5.23157930374146","0.150000005960464","0.025906428694725","54","345","20499.9991667189","1025","19.9999991870428","4.78089691490423","-0.450682388837229","10"
"2003_Taylor_Knox_channel_island_Copy_1","75","0","3","0","0","0","0","0.622812867164612","0","156.823028564453","19.8780879974365","27.9471530914307","27.9471530914307","521.034484863281","0","0","0","881.661926269531","267.901092529297","0","267.901092529297","350.712829589844","505.561126708984","0","0.0171079412102699","0.236198201775551","0","0","204.08464050293","50.5476150512695","6.30066823959351","0.0711357519030571","0","9","83","30","395","236","236","-1","0","84","3","35","0","4.30835390090942","0.200000002980232","0.025906428694725","75","344","20500.0020329337","1025","20.00000198335","4.15359619829408","-0.154757702615343","10"
"2003_Taylor_Knox_channel_island_Copy_1","75","0","4","0","0","0","0","0.67216819524765","0","212.960052490234","17.4785709381104","17.3481636047363","17.3481636047363","522.345520019531","0","0","0","1058.08801269531","300.534393310547","0","300.534393310547","406.905792236328","507.482574462891","0","0.0198490638285875","0.317991852760315","0","0","247.335403442383","50.5476150512695","9.04266929626465","0.0574904978275299","0","9","103","40","395","246","246","-1","0","104","3","45","0","3.44651460647583","0.25","0.025906428694725","94","332","20499.9991813359","1025","19.9999992013033","3.578731459174","0.132216852698174","10"
"2003_Taylor_Knox_channel_island_Copy_1","75","1","0","0","0","0","0","0.227227315306664","0","1.07219421863556","180.950500488281","0.00058464054018259","0.00058464054018259","292.791015625","0","0","0","14.5350284576416","75.9535903930664","0","75.9535903930664","29.5483837127686","286.625579833984","0","0.00144138454925269","0.00110398756805807","0","0","181.695037841797","50.5476150512695","0.0136839188635349","0.192541599273682","0","9","31","2","400","213","213","-1","0","32","0","12","0","45","0.0500000007450581","0.0518128573894501","6","396","20500.0003143425","1025","20.0000003066756","NaN","NaN","10"
"2003_Taylor_Knox_channel_island_Copy_1","75","1","1","0","0","0","0","1.90805768966675","0","25.246639251709","50.7075653076172","2.44062185287476","2.44062185287476","513.403015136719","0","0","0","1720.41149902344","20.8047790527344","0","20.8047790527344","138.369094848633","507.701934814453","0","0.00674971286207438","0.0357927829027176","0","0","77.8787536621094","50.5476150512695","0.681013286113739","0.0411136448383331","0","9","47","9","399","220","220","-1","0","48","0","19","0","12.1688394546509","0.100000001490116","0.0518128573894501","24","369","20499.9972111566","1025","19.9999972791772","10.8697798370023","-1.29905961764856","10"
"2003_Taylor_Knox_channel_island_Copy_1","75","1","2","0","0","0","0","1.77629780769348","0","78.1349639892578","29.3687648773193","11.7679882049561","11.7679882049561","516.820739746094","0","0","0","1867.53442382813","59.0338973999023","0","59.0338973999023","239.498794555664","506.645599365234","0","0.0116828680038452","0.11024783551693","0","0","118.704696655273","50.5476150512695","2.65058064460754","0.0379871465265751","0","9","66","17","397","228","228","-1","0","67","0","27","0","7.15776824951172","0.150000005960464","0.0518128573894501","38","343","20500.0000408151","1025","20.0000000398196","6.08300555798849","-1.07476269152323","10"
"2003_Taylor_Knox_channel_island_Copy_1","75","1","3","0","0","0","0","1.43174529075623","0","107.145935058594","24.8319797515869","30.0121746063232","30.0121746063232","518.121154785156","0","0","0","1941.5009765625","78.1057815551758","0","78.1057815551758","282.396514892578","504.532440185547","0","0.0137754399329424","0.151642456650734","0","0","161.300048828125","50.5476150512695","3.92087173461914","0.0336624160408974","0","9","87","27","397","238","238","-1","0","88","0","37","0","5.98461437225342","0.200000002980232","0.0518128573894501","49","335","20499.9997290293","1025","19.9999997356383","5.21202443681019","-0.77258993544323","10"
"2003_Taylor_Knox_channel_island_Copy_1","75","1","4","0","0","0","0","1.11233675479889","0","158.842132568359","20.5490455627441","48.0067558288574","48.0067558288574","520.097900390625","0","0","0","1703.48107910156","133.735122680664","0","133.735122680664","345.593475341797","502.485717773438","0","0.0168582182377577","0.227815240621567","0","0","226.59602355957","50.5476150512695","6.33938121795654","0.0321716964244843","0","9","106","36","396","247","247","-1","0","107","1","46","0","4.37932634353638","0.25","0.0518128573894501","64","324","20500.0000870652","1025","20.0000000849417","4.24373902700313","-0.13558731653325","10"
"2003_Taylor_Knox_channel_island_Copy_1","75","1","5","0","0","0","0","0.473085045814514","0","181.975784301758","19.3422412872314","42.3507461547852","42.3507461547852","520.612915039063","0","0","0","1816.78063964844","143.092010498047","0","143.092010498047","361.694488525391","507.484741210938","0","0.0176436305046082","0.259966790676117","0","0","243.154968261719","50.5476150512695","7.43568134307861","0.021019846200943","0","9","126","46","396","257","257","-1","0","127","1","56","0","3.86213421821594","0.300000011920929","0.0518128573894501","72","318","20500.003580948","1025","20.0000034936078","3.89158640898682","0.0294521907708791","10"
"2003_Taylor_Knox_channel_island_Copy_1","75","1","6","0","0","0","0","-0.185043632984161","0","204.925445556641","18.950511932373","39.0068206787109","39.0068206787109","521.222229003906","0","0","0","1650.30114746094","179.056610107422","0","179.056610107422","383.363800048828","506.457061767578","0","0.018700672313571","0.295497328042984","0","0","262.361663818359","50.5476150512695","8.61630630493164","0.0150397373363376","0","9","146","56","396","267","267","-1","0","147","1","66","0","3.36068415641785","0.349999994039536","0.0518128573894501","84","319","20500.0009422454","1025","20.0000009192638","3.62841216455939","0.267728008141539","10"
"2003_Taylor_Knox_channel_island_Copy_1","75","1","7","0","0","0","0","-0.665327727794647","0","253.54638671875","18.6241760253906","46.1020736694336","46.1020736694336","522.164916992188","0","0","0","1556.875","241.786041259766","0","241.786041259766","418.645233154297","506.076232910156","0","0.0204217191785574","0.376430660486221","0","0","317.755737304688","50.5476150512695","11.1813058853149","0.013797277584672","0","9","165","65","395","276","276","-1","0","166","2","75","0","2.5476062297821","0.400000005960464","0.0518128573894501","108","324","20499.9995100251","1025","19.9999995219757","3.10987710033482","0.562270870552715","10"
"2003_Taylor_Knox_channel_island_Copy_1","75","1","8","0","0","0","0","-1.57134509086609","0","257.844665527344","20.1218795776367","109.632034301758","47.628002166748","521.730834960938","0","0","0","1599.19543457031","238.906936645508","0","238.906936645508","404.053527832031","504.884948730469","0","0.0197099298238754","0.382058888673782","0","0","387.060363769531","50.5476150512695","11.4711360931396","0.00865632388740778","0","9","185","75","395","286","286","-1","0","186","1","85","0","2.44370818138123","0.449999988079071","0.0518128573894501","113","327","20499.9982974361","1025","19.999998338962","2.95712876649304","0.513420585111818","10"
"2003_Taylor_Knox_channel_island_Copy_1","75","1","9","0","0","0","0","-1.89221465587616","0","273.412963867188","20.2795009613037","236.403518676758","45.5389060974121","522.003479003906","0","0","0","1634.39013671875","247.383728027344","0","247.383728027344","414.062652587891","492.583038330078","0","0.0201981775462627","0.404321521520615","0","0","529.071838378906","50.5476150512695","12.1770486831665","0.00712874624878168","0","9","192","79","396","290","290","-1","0","193","1","89","0","2.3039219379425","0.466666668653488","0.0518128573894501","121","329","20500.0006381519","1025","20.0000006225872","2.86344441075466","0.559522472812153","10"
"2003_Taylor_Knox_channel_island_Copy_1","75","2","0","0","0","0","0","1.46551692485809","0","5.68581056594849","100.892936706543","0.937370896339417","0.937370896339417","510.480773925781","0","0","0","131.77685546875","76.4850769042969","0","76.4850769042969","78.5064392089844","507.891479492188","0","0.00382958259433508","0.0100789628922939","0","0","107.077201843262","50.5476150512695","0.160905048251152","0.0312418658286333","0","9","56","4","400","224","224","-1","0","57","0","23","0","20.8930778503418","0.116666674613953","0.0777192860841751","17","380","20499.998962058","1025","19.9999989873736","22.3310811021484","1.43800325180661","10"
"2003_Taylor_Knox_channel_island_Copy_1","75","2","1","0","0","0","0","1.9148017168045","0","16.1522598266602","61.6634979248047","3.264324426651","3.264324426651","511.964630126953","0","0","0","428.649597167969","56.2118682861328","0","56.2118682861328","116.220420837402","507.406402587891","0","0.00566928973421454","0.024095194414258","0","0","80.5537643432617","50.5476150512695","0.4495510160923","0.0211408101022243","0","9","62","6","399","226","226","-1","0","63","0","25","0","14.2271356582642","0.133333340287209","0.0777192860841751","22","368","20499.9966990581","1025","19.9999967795689","13.6085499930622","-0.618585665201916","10"
"2003_Taylor_Knox_channel_island_Copy_1","75","2","2","0","0","0","0","1.81355011463165","0","19.5513343811035","56.9129486083984","4.87085676193237","4.87085676193237","512.325622558594","0","0","0","521.172973632813","55.7793464660645","0","55.7793464660645","125.968139648438","507.069091796875","0","0.00614478765055537","0.0290706884115934","0","0","80.7661666870117","50.5476150512695","0.554787337779999","0.0187280662357807","0","9","69","10","399","230","230","-1","0","70","0","29","0","13.0797109603882","0.150000005960464","0.0777192860841751","26","366","20499.9988302366","1025","19.9999988587674","12.2028844591238","-0.876826501264361","10"
"2003_Taylor_Knox_channel_island_Copy_1","75","2","3","0","0","0","0","1.55520343780518","0","52.2166481018066","36.2096328735352","16.0695533752441","16.0695533752441","515.096557617188","0","0","0","12980.94921875","5.57876777648926","0","5.57876777648926","195.378128051758","505.854278564453","0","0.00953064020723104","0.0724177062511444","0","0","103.821220397949","50.5476150512695","1.64957082271576","0.0199807286262512","0","9","89","19","398","239","239","-1","0","90","0","38","0","8.88873958587646","0.200000002980232","0.0777192860841751","41","352","20500.0003990835","1025","20.0000003893498","7.56243568509844","-1.32630390077802","10"
"2003_Taylor_Knox_channel_island_Copy_1","75","2","4","0","0","0","0","1.05041098594666","0","87.2569122314453","27.6948375701904","29.9189453125","29.9189453125","517.029235839844","0","0","0","3314.46264648438","36.8074836730957","0","36.8074836730957","253.499176025391","503.965301513672","0","0.0123658124357462","0.121997036039829","0","0","144.083679199219","50.5476150512695","3.09142470359802","0.0170132778584957","0","9","108","28","397","248","248","-1","0","109","0","47","0","7.07338905334473","0.25","0.0777192860841751","51","333","20500.0017057184","1025","20.0000016641155","5.81758204757554","-1.25580700576919","10"
"2003_Taylor_Knox_channel_island_Copy_1","75","2","5","0","0","0","0","0.406203240156174","0","117.538108825684","24.1280822753906","61.788990020752","61.788990020752","518.344543457031","0","0","0","2440.50244140625","67.9340057373047","0","67.9340057373047","293.846496582031","499.539916992188","0","0.0143339764326811","0.165793105959892","0","0","202.358901977539","50.5476150512695","4.4424295425415","0.0162129271775484","0","9","128","38","397","258","258","-1","0","129","0","57","0","5.70185565948486","0.300000011920929","0.0777192860841751","64","330","20499.9985846265","1025","19.9999986191478","4.95981391409878","-0.742041745386079","10"
"2003_Taylor_Knox_channel_island_Copy_1","75","2","6","0","0","0","0","-0.251610308885574","0","131.380081176758","23.5830135345459","80.6036224365234","80.6036224365234","518.779357910156","0","0","0","2075.21240234375","89.7755584716797","0","89.7755584716797","307.549102783203","496.840209960938","0","0.0150023950263858","0.186303362250328","0","0","234.271255493164","50.5476150512695","5.1187310218811","0.0111584262922406","0","9","149","48","397","268","268","-1","0","150","0","67","0","5.10469341278076","0.349999994039536","0.0777192860841751","74","331","20500.0003161025","1025","20.0000003083927","4.61884136658065","-0.485852046200115","10"
"2003_Taylor_Knox_channel_island_Copy_1","75","2","7","0","0","0","0","-1.07721590995789","0","161.483871459961","22.2800407409668","40.2434349060059","40.2434349060059","519.5947265625","0","0","0","1818.59204101563","125.735527038574","0","125.735527038574","328.737854003906","506.254791259766","0","0.0160359926521778","0.228661626577377","0","0","223.438491821289","50.5476150512695","6.51186609268188","0.00144234555773437","0","9","169","58","397","278","278","-1","0","170","0","77","0","4.02502918243408","0.400000005960464","0.0777192860841751","84","325","20500.0002889912","1025","20.0000002819427","4.02144212036191","-0.0035870620721683","10"
"2003_Taylor_Knox_channel_island_Copy_1","75","2","8","0","0","0","0","-1.72833621501923","0","143.705581665039","23.6814746856689","46.8006286621094","46.8006286621094","519.014770507813","0","0","0","1642.01916503906","122.788833618164","0","122.788833618164","309.141876220703","505.374481201172","0","0.0150800906121731","0.201621606945992","0","0","213.560287475586","50.5476150512695","5.68522834777832","0.00849845539778471","0","9","189","68","397","288","288","-1","0","190","0","87","0","4.38575172424316","0.449999988079071","0.0777192860841751","87","329","20500.0012381328","1025","20.0000012079345","4.28938707318642","-0.0963646510567475","10"
"2003_Taylor_Knox_channel_island_Copy_1","75","2","9","0","0","0","0","-2.68670153617859","0","175.817581176758","23.8515224456787","62.594066619873","62.594066619873","519.64453125","0","0","0","1428.82055664063","173.917404174805","0","173.917404174805","329.730590820313","504.417724609375","0","0.0160844195634127","0.248496755957603","0","0","261.629699707031","50.5476150512695","7.21879529953003","0.01068483479321","0","9","208","78","397","298","298","-1","0","209","0","97","0","3.50166606903076","0.5","0.0777192860841751","101","332","20499.9993640027","1025","19.9999993795148","3.71117136962778","0.209505300597015","10"
"2003_Taylor_Knox_channel_island_Copy_1","75","2","10","0","0","0","0","-3.47908973693848","0","220.620544433594","23.5726203918457","53.9464988708496","53.9464988708496","520.153259277344","0","0","0","1410.63842773438","225.687774658203","0","225.687774658203","347.921447753906","505.802368164063","0","0.0169717762619257","0.318363845348358","0","0","297.572357177734","50.5476150512695","9.48989105224609","0.0121682789176702","0","9","228","88","397","308","308","-1","0","229","0","107","0","2.22690963745117","0.550000011920929","0.0777192860841751","116","335","20500.0020259771","1025","20.000001976563","3.05585049540033","0.828940857949155","10"
"2003_Taylor_Knox_channel_island_Copy_1","75","3","0","0","0","0","0","-3.02252268791199","0","2.80672931671143","237.685577392578","2.08255887031555","2.08255887031555","509.848022460938","0","0","0","41.4709587097168","96.3107452392578","0","96.3107452392578","58.6537475585938","507.152038574219","0","0.00286115822382271","0.00399409886449575","0","0","241.703247070313","50.5476150512695","0.0570031553506851","0.00174635392613709","0","9","85","1","400","237","237","-1","0","86","0","36","0","28.6468868255615","0.183333337306976","0.1036257147789","18","382","20500.0013876297","1025","20.0000013537851","45.7536469161991","17.1067600906376","10"
"2003_Taylor_Knox_channel_island_Copy_1","75","3","1","0","0","0","0","-4.76033306121826","0","2.4023802280426","350.763061523438","2.09829568862915","2.09829568862915","509.962738037109","0","0","0","30.4845142364502","97.0927276611328","0","97.0927276611328","56.3534851074219","506.916442871094","0","0.00274895038455725","0.00295982463285327","0","0","354.035705566406","50.5476150512695","0.0399221554398537","0.0142754800617695","0","9","91","4","399","240","240","-1","0","92","0","39","0","34.7435531616211","0.200000002980232","0.1036257147789","17","382","20500.0008090354","1025","20.0000007893029","68.2414857411335","33.4979325795124","10"
"2003_Taylor_Knox_channel_island_Copy_1","75","3","2","0","0","0","0","0.617684364318848","0","15.9921760559082","71.0216369628906","16.3026714324951","16.3026714324951","511.696441650391","0","0","0","411.044982910156","60.4965362548828","0","60.4965362548828","116.28483581543","504.065155029297","0","0.00567243155092001","0.0248667970299721","0","0","102.309692382813","50.5476150512695","0.489006012678146","0.0081372307613492","0","9","112","14","399","250","250","-1","0","113","0","49","0","12.6082820892334","0.25","0.1036257147789","38","366","20499.9980645989","1025","19.9999981118038","13.1859819998324","0.577699910598975","10"
"2003_Taylor_Knox_channel_island_Copy_1","75","3","3","0","0","0","0","0.625975072383881","0","35.2880249023438","46.4442672729492","40.334171295166","40.334171295166","513.534545898438","0","0","0","2432.5361328125","20.9461498260498","0","20.9461498260498","163.106842041016","499.447998046875","0","0.00795643124729395","0.0509522669017315","0","0","120.585250854492","50.5476150512695","1.15128326416016","0.00760176684707403","0","9","131","23","398","259","259","-1","0","132","0","58","0","9.83250999450684","0.300000011920929","0.1036257147789","48","350","20500.0001849434","1025","20.0000001804326","8.98376595108815","-0.848744043418689","10"
"2003_Taylor_Knox_channel_island_Copy_1","75","3","4","0","0","0","0","-0.00269808783195913","0","39.0978050231934","44.5773277282715","43.8541221618652","43.8541221618652","513.816711425781","0","0","0","12390.666015625","4.54159164428711","0","4.54159164428711","170.732788085938","500.668060302734","0","0.00832842942327261","0.0562733449041843","0","0","126.216995239258","50.5476150512695","1.32688438892365","0.00338643789291382","0","9","151","33","398","269","269","-1","0","152","0","68","0","9.57498836517334","0.349999994039536","0.1036257147789","52","339","20499.9981879956","1025","19.9999982321908","8.51101494487407","-1.06397342029927","10"
"2003_Taylor_Knox_channel_island_Copy_1","75","3","5","0","0","0","0","-0.665130436420441","0","50.4248733520508","39.5869827270508","51.0337905883789","51.0337905883789","514.633361816406","0","0","0","2088.89794921875","34.2790031433105","0","34.2790031433105","192.663955688477","499.028656005859","0","0.00939824245870113","0.0716053396463394","0","0","139.591705322266","50.5476150512695","1.76091623306274","0.00857446808367968","0","9","171","43","398","279","279","-1","0","172","0","78","0","8.81181526184082","0.400000005960464","0.1036257147789","63","339","20499.9984342927","1025","19.9999984724807","7.54186462881742","-1.2699506330234","10"
"2003_Taylor_Knox_channel_island_Copy_1","75","3","6","0","0","0","0","-1.41375243663788","0","48.6827964782715","39.4688987731934","61.2129211425781","61.2129211425781","514.609252929688","0","0","0","1553.73681640625","44.8582763671875","0","44.8582763671875","189.79345703125","497.708068847656","0","0.00925821717828512","0.0696979537606239","0","0","147.84065246582","50.5476150512695","1.71098673343658","0.0206220149993896","0","9","191","53","398","289","289","-1","0","192","0","88","0","8.43760204315186","0.449999988079071","0.1036257147789","66","337","20500.000526711","1025","20.0000005138644","7.63335515266494","-0.804246890486911","10"
"2003_Taylor_Knox_channel_island_Copy_1","75","3","7","0","0","0","0","-2.15041399002075","0","42.548641204834","42.2578887939453","72.9355621337891","72.9355621337891","514.298889160156","0","0","0","865.493957519531","70.8278579711914","0","70.8278579711914","178.024078369141","495.573608398438","0","0.00868410151451826","0.0613010823726654","0","0","156.01448059082","50.5476150512695","1.48197400569916","0.0319049917161465","0","9","211","63","398","299","299","-1","0","212","0","98","0","8.98238658905029","0.5","0.1036257147789","68","342","20499.9996915647","1025","19.9999996990875","8.14409416425112","-0.838292424799169","10"
"2003_Taylor_Knox_channel_island_Copy_1","75","3","8","0","0","0","0","-3.11841106414795","0","82.7984771728516","30.6771640777588","81.5142135620117","81.5142135620117","516.676147460938","0","0","0","846.032531738281","137.604370117188","0","137.604370117188","234.378952026367","500.980499267578","0","0.0114331217482686","0.116417780518532","0","0","194.066711425781","50.5476150512695","3.10393643379211","0.0324945114552975","0","9","231","73","398","309","309","-1","0","232","0","108","0","5.6479320526123","0.550000011920929","0.1036257147789","87","336","20499.9961678761","1025","19.9999962613425","5.63597117795776","-0.0119608746545437","10"
"2003_Taylor_Knox_channel_island_Copy_1","75","3","9","0","0","0","0","-3.43048453330994","0","77.2946548461914","31.2922897338867","85.1313171386719","85.1313171386719","516.520751953125","0","0","0","734.315979003906","148.490188598633","0","148.490188598633","228.333526611328","500.539794921875","0","0.0111382212489843","0.109038725495338","0","0","192.760498046875","50.5476150512695","2.88136672973633","0.0370894037187099","0","9","238","77","399","313","313","-1","0","239","0","112","0","5.75862312316895","0.566666662693024","0.1036257147789","87","338","20499.9991926134","1025","19.9999992123057","5.86294626006657","0.104323136897627","10"
"2003_Taylor_Knox_channel_island_Copy_1","75","3","10","0","0","0","0","-3.64362835884094","0","71.9773864746094","32.2452201843262","93.1317138671875","93.1317138671875","516.382751464844","0","0","0","648.469055175781","157.086181640625","0","157.086181640625","221.427673339844","499.537231445313","0","0.010801350697875","0.101865522563457","0","0","196.340133666992","50.5476150512695","2.64987897872925","0.0429637022316456","0","9","244","80","399","316","316","-1","0","245","0","115","0","5.91932725906372","0.583333313465118","0.1036257147789","85","339","20499.9985217965","1025","19.9999985578503","6.08682292492345","0.167495665859728","10"
"2003_Taylor_Knox_channel_island_Copy_1","90","0","0","0","0","0","0","1.84811794757843","0","4.66897821426392","174.599014282227","0.0142572764307261","0.0142572764307261","588.500854492188","0","0","0","183.475769042969","38.6497116088867","0","38.6497116088867","69.3683319091797","508.261810302734","0","0.00338382110930979","0.00709128519520164","0","0","178.693832397461","50.5476150512695","0.104501664638519","0.521643102169037","0","9","21","5","400","211","211","-1","0","22","1","10","0","30.5647144317627","0.0333333350718021","0.025906428694725","15","395","20499.9997542213","1025","19.9999997602159","28.5013982386036","-2.06331619315911","10"
"2003_Taylor_Knox_channel_island_Copy_1","90","0","1","0","0","0","0","2.39441633224487","0","12.6669778823853","80.9504928588867","0.163472980260849","0.163472980260849","546.182250976563","0","0","0","3434.10473632813","5.41517543792725","0","5.41517543792725","102.310272216797","508.224884033203","0","0.00499074487015605","0.0185962803661823","0","0","93.2762680053711","50.5476150512695","0.301813930273056","0.35798904299736","0","9","25","7","400","213","213","-1","0","26","2","12","0","17.3171405792236","0.0500000007450581","0.025906428694725","21","392","20500.0004766018","1025","20.0000004649773","15.567491439932","-1.74964913929164","10"
"2003_Taylor_Knox_channel_island_Copy_1","90","0","2","0","0","0","0","1.03095209598541","0","26.7355442047119","50.9978713989258","0.604834377765656","0.604834377765656","529.806640625","0","0","0","911.248840332031","42.3789482116699","0","42.3789482116699","144.828506469727","508.156066894531","0","0.00706480583176017","0.038617767393589","0","0","77.8630294799805","50.5476150512695","0.711614787578583","0.25213959813118","0","9","31","10","400","216","216","-1","0","32","3","15","0","11.5368490219116","0.0666666701436043","0.025906428694725","28","386","20499.998148377","1025","19.9999981935385","10.5411613898192","-0.995687632092414","10"
"2003_Taylor_Knox_channel_island_Copy_1","90","0","3","0","0","0","0","0.309555381536484","0","46.8706398010254","37.3299713134766","1.45423245429993","1.45423245429993","525.466979980469","0","0","0","632.850219726563","107.101264953613","0","107.101264953613","191.025115966797","508.066467285156","0","0.00931829866021872","0.0677790567278862","0","0","85.190055847168","50.5476150512695","1.38202464580536","0.203841954469681","0","9","37","13","400","219","219","-1","0","38","3","18","0","8.54119110107422","0.0833333358168602","0.025906428694725","36","378","20499.9992951839","1025","19.9999993123745","7.9020795241529","-0.639111576921317","10"
"2003_Taylor_Knox_channel_island_Copy_1","90","1","0","0","0","0","0","0.115592546761036","0","0.963912129402161","158.140075683594","0.000349197187460959","0.000349197187460959","266.278289794922","0","0","0","10.5263786315918","104.878196716309","0","104.878196716309","26.8123874664307","244.937316894531","0","0.00130792136769742","0.00110398756805807","0","0","158.819732666016","50.5476150512695","0.0137291857972741","0.397024929523468","0","9","25","2","400","213","213","-1","0","26","0","12","0","45","0.0500000007450581","0.0518128573894501","6","396","20499.9995631493","1025","19.9999995738042","NaN","NaN","10"
"2003_Taylor_Knox_channel_island_Copy_1","90","1","1","0","0","0","0","1.96068227291107","0","27.3941249847412","48.9676551818848","2.54984354972839","2.54984354972839","516.051574707031","0","0","0","772.05908203125","50.5679092407227","0","50.5679092407227","143.948486328125","507.700012207031","0","0.00702187744900584","0.0390414148569107","0","0","78.3937454223633","50.5476150512695","0.754435181617737","0.105756856501102","0","9","39","9","399","220","220","-1","0","40","0","19","0","11.9197664260864","0.100000001490116","0.0518128573894501","25","369","20499.9998039705","1025","19.9999998087518","10.3614394131152","-1.55832701297118","10"
"2003_Taylor_Knox_channel_island_Copy_1","90","1","2","0","0","0","0","1.69243121147156","0","65.2848129272461","31.7307395935059","7.87496566772461","7.87496566772461","517.53369140625","0","0","0","3284.35302734375","28.0076351165771","0","28.0076351165771","220.425094604492","507.000701904297","0","0.0107524441555142","0.0919869616627693","0","0","104.332763671875","50.5476150512695","2.11614727973938","0.082151785492897","0","9","59","19","399","230","230","-1","0","60","1","29","0","7.76963806152344","0.150000005960464","0.0518128573894501","39","354","20499.9990157075","1025","19.9999990397147","6.71270474448156","-1.05693331704188","10"
"2003_Taylor_Knox_channel_island_Copy_1","90","1","3","0","0","0","0","1.69243121147156","0","116.020645141602","14241.3291015625","0","0","24311.466796875","0","0","0","NaN","0","0","0","2431.14697265625","23094.427734375","0","0.118592537939548","0.166221976280212","0","0","23806.474609375","50.5476150512695","4.30058622360229","0.307292461395264","0","9","80","30","400","241","241","-1","0","81","1","40","0","45","0.200000002980232","0.0518128573894501","55","339","20499.999535346","1025","19.999999546679","NaN","NaN","10"
"2003_Taylor_Knox_channel_island_Copy_1","90","1","4","0","0","0","0","1.69243121147156","0","154.852020263672","19116.3828125","0","0","32633.70703125","0","0","0","NaN","0","0","0","3263.37060546875","31467.951171875","0","0.159188807010651","0.225456058979034","0","0","28711.712890625","50.5476150512695","6.23047399520874","0.255551844835281","0","9","100","40","400","251","251","-1","0","101","1","50","0","45","0.25","0.0518128573894501","67","327","20500.0003879067","1025","20.0000003784456","NaN","NaN","10"
"2003_Taylor_Knox_channel_island_Copy_1","90","1","5","0","0","0","0","-0.0822409838438034","0","193.543319702148","18.7417812347412","25.0175170898438","25.0175170898438","521.630676269531","0","0","0","7664.52392578125","37.4697532653809","0","37.4697532653809","379.863311767578","507.331390380859","0","0.0185299180448055","0.287187814712524","0","0","236.823364257813","50.5476150512695","8.13869953155518","0.0543568357825279","0","9","119","49","399","260","260","-1","0","120","2","59","0","3.37185096740723","0.300000011920929","0.0518128573894501","87","332","20499.9995601203","1025","19.9999995708491","3.69940524772751","0.327554280320279","10"
"2003_Taylor_Knox_channel_island_Copy_1","90","1","6","0","0","0","0","-0.621581554412842","0","220.992233276367","18.3401470184326","171.447326660156","36.2367935180664","521.942321777344","0","0","0","8583.8603515625","38.3153266906738","0","38.3153266906738","398.991638183594","499.025543212891","0","0.0194630064070225","0.328893423080444","0","0","410.030792236328","50.5476150512695","9.54662990570068","0.0425210483372211","0","9","139","59","399","270","270","-1","0","140","2","69","0","2.91159319877625","0.349999994039536","0.0518128573894501","100","331","20500.0003514171","1025","20.0000003428459","3.39258851089764","0.480995312121395","10"
"2003_Taylor_Knox_channel_island_Copy_1","90","1","7","0","0","0","0","-1.30620050430298","0","236.560302734375","18.6141376495361","43.397819519043","43.397819519043","522.038208007813","0","0","0","26962.4453125","13.0726327896118","0","13.0726327896118","407.841644287109","507.045501708984","0","0.01989471539855","0.35247015953064","0","0","298.074768066406","50.5476150512695","10.3656978607178","0.0315749384462833","0","9","159","69","399","280","280","-1","0","160","2","79","0","2.59971928596497","0.400000005960464","0.0518128573894501","109","332","20499.9989251836","1025","19.9999989513986","3.23570482258747","0.635985536622508","10"
"2003_Taylor_Knox_channel_island_Copy_1","90","1","8","0","0","0","0","-2.08843946456909","0","249.212127685547","18.7483024597168","52.0266571044922","52.0266571044922","521.87548828125","0","0","0","96895.1015625","3.82947969436646","0","3.82947969436646","406.411895751953","507.855010986328","0","0.0198249705135822","0.371057838201523","0","0","319.468170166016","50.5476150512695","10.9858140945435","0.0195602141320705","0","9","179","79","399","290","290","-1","0","180","2","89","0","2.28233480453491","0.449999988079071","0.0518128573894501","116","333","20500.0000112745","1025","20.0000000109995","3.06267156921641","0.780336764681499","10"
"2003_Taylor_Knox_channel_island_Copy_1","90","1","9","0","0","0","0","-2.2031135559082","0","270.349609375","18.7684192657471","49.5162582397461","49.5162582397461","522.341064453125","0","0","0","29773.673828125","13.6948471069336","0","13.6948471069336","423.728302001953","507.672027587891","0","0.0206696707755327","0.407745897769928","0","0","338.136138916016","50.5476150512695","12.1246967315674","0.0181649327278137","0","9","187","83","400","294","294","-1","0","188","2","93","0","2.12889361381531","0.466666668653488","0.0518128573894501","128","335","20500.0024723922","1025","20.0000024120899","2.9057132665856","0.776819652770295","10"
"2003_Taylor_Knox_channel_island_Copy_1","90","2","0","0","0","0","0","1.88002562522888","0","9.60817337036133","81.6739730834961","0.997054040431976","0.997054040431976","514.474853515625","0","0","0","117.490936279297","127.217086791992","0","127.217086791992","93.0724716186523","507.91748046875","0","0.00454012071713805","0.014946854673326","0","0","91.8095779418945","50.5476150512695","0.255289793014526","0.116589114069939","0","9","47","4","400","224","224","-1","0","48","0","23","0","17.8938274383545","0.116666674613953","0.0777192860841751","19","377","20499.9993210142","1025","19.9999993375748","17.6830315173731","-0.210795920981425","10"
"2003_Taylor_Knox_channel_island_Copy_1","90","2","1","0","0","0","0","1.88824272155762","0","17.4895935058594","62.1211013793945","2.80875897407532","2.80875897407532","514.142578125","0","0","0","204.337982177734","126.131759643555","0","126.131759643555","118.416618347168","507.495727539063","0","0.00577642023563385","0.0257735084742308","0","0","81.8796997070313","50.5476150512695","0.475939989089966","0.0903100967407227","0","9","53","7","400","227","227","-1","0","54","0","26","0","13.9396505355835","0.133333340287209","0.0777192860841751","24","370","20500.0006087982","1025","20.0000005939494","12.9512763290255","-0.988374206558042","10"
"2003_Taylor_Knox_channel_island_Copy_1","90","2","2","0","0","0","0","1.79937517642975","0","21.9640350341797","54.712230682373","5.87739372253418","5.87739372253418","514.2099609375","0","0","0","259.183441162109","122.978591918945","0","122.978591918945","131.268005371094","506.746337890625","0","0.00640331767499447","0.0318740122020245","0","0","81.9173049926758","50.5476150512695","0.618861734867096","0.0808364599943161","0","9","59","10","399","230","230","-1","0","60","0","29","0","12.5932025909424","0.150000005960464","0.0777192860841751","27","366","20499.9989120807","1025","19.9999989386153","11.5892781369852","-1.00392445395718","10"
"2003_Taylor_Knox_channel_island_Copy_1","90","2","3","0","0","0","0","1.19995617866516","0","56.2446060180664","35.0382347106934","16.4852409362793","16.4852409362793","516.275146484375","0","0","0","821.730590820313","96.1827774047852","0","96.1827774047852","202.763565063477","505.222778320313","0","0.0098909055814147","0.0790363326668739","0","0","107.028991699219","50.5476150512695","1.8001275062561","0.0642731860280037","0","9","79","20","399","240","240","-1","0","80","0","39","0","8.28574180603027","0.200000002980232","0.0777192860841751","44","354","20500.0000651584","1025","20.0000000635691","7.18905927834712","-1.09668252768315","10"
"2003_Taylor_Knox_channel_island_Copy_1","90","2","4","0","0","0","0","0.552402913570404","0","88.3719787597656","27.7829456329346","27.6728515625","27.6728515625","517.697448730469","0","0","0","1348.23583984375","92.7652816772461","0","92.7652816772461","254.712768554688","504.166351318359","0","0.0124250138178468","0.125069469213486","0","0","143.045455932617","50.5476150512695","3.14937305450439","0.0527115762233734","0","9","99","30","399","250","250","-1","0","100","0","49","0","6.7522406578064","0.25","0.0777192860841751","55","339","20499.9988160036","1025","19.9999988448816","5.70144774559994","-1.05079291220646","10"
"2003_Taylor_Knox_channel_island_Copy_1","90","2","5","0","0","0","0","-0.171392500400543","0","121.643264770508","23.9005012512207","65.5685806274414","65.5685806274414","518.837707519531","0","0","0","2383.74853515625","73.2464370727539","0","73.2464370727539","298.271057128906","499.122344970703","0","0.0145498067140579","0.174601078033447","0","0","210.003814697266","50.5476150512695","4.69698667526245","0.0411772541701794","0","9","119","40","399","260","260","-1","0","120","0","59","0","5.2348804473877","0.300000011920929","0.0777192860841751","67","332","20500.0013395861","1025","20.0000013069133","4.78009836752967","-0.454782079858027","10"
"2003_Taylor_Knox_channel_island_Copy_1","90","2","6","0","0","0","0","-0.91351056098938","0","136.323532104492","22.4329891204834","62.6963195800781","62.6963195800781","519.068298339844","0","0","0","2189.76733398438","88.3779525756836","0","88.3779525756836","303.660766601563","508.571716308594","0","0.014812720939517","0.193527147173882","0","0","220.823089599609","50.5476150512695","5.35889863967896","0.0320339538156986","0","9","139","50","399","270","270","-1","0","140","0","69","0","4.77462673187256","0.349999994039536","0.0777192860841751","76","330","20499.999145428","1025","19.9999991662712","4.38975750679603","-0.384869225076527","10"
"2003_Taylor_Knox_channel_island_Copy_1","90","2","7","0","0","0","0","-1.66503977775574","0","164.265106201172","21.464241027832","42.9259185791016","42.9259185791016","519.695983886719","0","0","0","3054.70043945313","77.157341003418","0","77.157341003418","328.480560302734","507.097473144531","0","0.0160234421491623","0.23569256067276","0","0","228.074020385742","50.5476150512695","6.70760679244995","0.0205988008528948","0","9","159","60","399","280","280","-1","0","160","0","79","0","3.85286617279053","0.400000005960464","0.0777192860841751","87","328","20499.9997656501","1025","19.9999997713659","3.89823199208204","0.0453658192915083","10"
"2003_Taylor_Knox_channel_island_Copy_1","90","2","8","0","0","0","0","-2.40800404548645","0","156.743789672852","22.9757423400879","62.0108909606934","62.0108909606934","519.199768066406","0","0","0","2461.8681640625","90.6820068359375","0","90.6820068359375","314.990875244141","505.930694580078","0","0.015365406870842","0.223247155547142","0","0","241.119216918945","50.5476150512695","6.3791651725769","0.0097882179543376","0","9","179","70","399","290","290","-1","0","180","0","89","0","3.80530548095703","0.449999988079071","0.0777192860841751","92","329","20500.0022382668","1025","20.0000021836749","3.94661048195448","0.141305000997451","10"
"2003_Taylor_Knox_channel_island_Copy_1","90","2","9","0","0","0","0","-3.10825109481812","0","177.023040771484","23.0820159912109","73.9704895019531","73.9704895019531","519.283508300781","0","0","0","2784.63989257813","90.495849609375","0","90.495849609375","318.753753662109","506.737243652344","0","0.0155489621683955","0.251998335123062","0","0","273.424468994141","50.5476150512695","7.30861186981201","0.00408907001838088","0","9","199","80","399","300","300","-1","0","200","0","99","0","3.28270244598389","0.5","0.0777192860841751","103","333","20500.0018785821","1025","20.000001832763","3.53754764646329","0.254845200479398","10"
"2003_Taylor_Knox_channel_island_Copy_1","90","2","10","0","0","0","0","0.212087407708168","0","221.997680664063","21.9573135375977","51.7424926757813","51.7424926757813","520.141906738281","0","0","0","1334.19421386719","241.082107543945","0","241.082107543945","348.17138671875","506.994537353516","0","0.0169839709997177","0.321650326251984","0","0","295.152923583984","50.5476150512695","9.61086273193359","0.00587662542238832","0","9","220","91","400","311","311","-1","0","221","0","110","0","1.97838270664215","0.550000011920929","0.0777192860841751","118","335","20499.9988945187","1025","19.9999989214816","3.02677303814868","1.04839033150653","10"
"2003_Taylor_Knox_channel_island_Copy_1","90","3","0","0","0","0","0","-3.898282289505","0","2.75086259841919","239.297210693359","2.02892184257507","2.02892184257507","514.17626953125","0","0","0","20.2137336730957","197.593322753906","0","197.593322753906","58.6364135742188","507.165252685547","0","0.00286031304858625","0.00399409886449575","0","0","243.196868896484","50.5476150512695","0.0573777928948402","0.130308017134666","0","9","73","1","400","237","237","-1","0","74","0","36","0","28.9951782226563","0.183333337306976","0.1036257147789","18","382","20499.9986288916","1025","19.9999986623332","45.7362754775122","16.7410972548559","10"
"2003_Taylor_Knox_channel_island_Copy_1","90","3","1","0","0","0","0","-4.1721510887146","0","2.50179505348206","310.009399414063","2.07667279243469","2.07667279243469","514.277038574219","0","0","0","16.2008571624756","203.951324462891","0","203.951324462891","56.935718536377","507.016571044922","0","0.00277735246345401","0.0033041862770915","0","0","313.494812011719","50.5476150512695","0.0451930165290833","0.131049185991287","0","9","79","4","399","240","240","-1","0","80","0","39","0","32.3199272155762","0.200000002980232","0.1036257147789","18","382","20499.9974924212","1025","19.9999975535816","57.198842145061","24.8789149294848","10"
"2003_Taylor_Knox_channel_island_Copy_1","90","3","2","0","0","0","0","0.348967850208282","0","18.0025901794434","66.2929992675781","18.5670680999756","18.5670680999756","512.983642578125","0","0","0","149.909240722656","186.075927734375","0","186.075927734375","121.726959228516","503.552062988281","0","0.00593790039420128","0.0278945006430149","0","0","101.799285888672","50.5476150512695","0.557555317878723","0.0642899051308632","0","9","99","14","399","250","250","-1","0","100","0","49","0","11.9224977493286","0.25","0.1036257147789","39","366","20500.0001932315","1025","20.0000001885185","12.2905905225811","0.368092773252524","10"
"2003_Taylor_Knox_channel_island_Copy_1","90","3","3","0","0","0","0","-0.0901131704449654","0","35.2820281982422","46.3305816650391","43.563648223877","43.563648223877","514.203552246094","0","0","0","277.368560791016","183.698776245117","0","183.698776245117","163.161041259766","498.632690429688","0","0.00795907527208328","0.0509522669017315","0","0","123.588684082031","50.5476150512695","1.15371477603912","0.0513286925852299","0","9","119","24","399","260","260","-1","0","120","0","59","0","9.40233707427979","0.300000011920929","0.1036257147789","49","351","20499.9997715888","1025","19.9999997771598","8.98677629080009","-0.415560783479698","10"
"2003_Taylor_Knox_channel_island_Copy_1","90","3","4","0","0","0","0","-0.67390114068985","0","45.4227142333984","42.247974395752","43.101203918457","43.101203918457","514.703247070313","0","0","0","369.210632324219","177.052444458008","0","177.052444458008","182.680114746094","500.324188232422","0","0.00891122408211231","0.0653696432709694","0","0","129.373229980469","50.5476150512695","1.56438040733337","0.0395568385720253","0","9","139","34","399","270","270","-1","0","140","0","69","0","8.94550800323486","0.349999994039536","0.1036257147789","56","340","20500.0023636249","1025","20.0000023059755","7.83498616820014","-1.11052183503473","10"
"2003_Taylor_Knox_channel_island_Copy_1","90","3","5","0","0","0","0","-1.37547445297241","0","54.3029632568359","36.3562393188477","60.6277694702148","60.6277694702148","515.114196777344","0","0","0","439.250274658203","180.249145507813","0","180.249145507813","201.010375976563","498.42578125","0","0.00980538316071033","0.0791744813323021","0","0","149.897064208984","50.5476150512695","1.96823060512543","0.0265953447669744","0","9","159","44","399","280","280","-1","0","160","0","79","0","8.03519344329834","0.400000005960464","0.1036257147789","64","335","20500.002160242","1025","20.0000021075532","7.11407464155013","-0.921118801748205","10"
"2003_Taylor_Knox_channel_island_Copy_1","90","3","6","0","0","0","0","-2.06161284446716","0","59.382007598877","34.1848220825195","107.446746826172","107.446746826172","515.292602539063","0","0","0","475.068420410156","181.364044189453","0","181.364044189453","209.548706054688","490.811492919922","0","0.0102218873798847","0.0861603319644928","0","0","198.97868347168","50.5476150512695","2.1750226020813","0.0146208368241787","0","9","179","54","399","290","290","-1","0","180","0","89","0","7.41654300689697","0.449999988079071","0.1036257147789","70","334","20500.0014446501","1025","20.0000014094147","6.81350297332789","-0.603040033569081","10"
"2003_Taylor_Knox_channel_island_Copy_1","90","3","7","0","0","0","0","-2.70398259162903","0","49.0345230102539","37.9088973999023","119.627243041992","119.627243041992","514.53173828125","0","0","0","370.555877685547","193.482376098633","0","193.482376098633","190.582458496094","488.050018310547","0","0.00929670594632626","0.0716960281133652","0","0","204.1826171875","50.5476150512695","1.76148855686188","0.00432228343561292","0","9","199","64","399","300","300","-1","0","200","0","99","0","8.05739498138428","0.5","0.1036257147789","70","338","20499.9985582426","1025","19.9999985934074","7.45042780971713","-0.606967171667145","10"
"2003_Taylor_Knox_channel_island_Copy_1","90","3","8","0","0","0","0","-3.44450926780701","0","76.1268539428711","29.519157409668","113.666877746582","113.666877746582","516.114562988281","0","0","0","716.553039550781","152.674575805664","0","152.674575805664","224.263702392578","500.769805908203","0","0.0109396921470761","0.109399423003197","0","0","218.227416992188","50.5476150512695","2.87729620933533","0.0134233860298991","0","9","219","74","399","310","310","-1","0","220","0","109","0","5.67548274993896","0.550000011920929","0.1036257147789","82","333","20500.0012228422","1025","20.0000011930168","5.73903836482234","0.0635556148833754","10"
"2003_Taylor_Knox_channel_island_Copy_1","90","3","9","0","0","0","0","-3.65988612174988","0","89.6708908081055","27.9100914001465","91.7491302490234","91.7491302490234","516.684326171875","0","0","0","845.556884765625","151.361679077148","0","151.361679077148","238.958709716797","502.561920166016","0","0.0116565227508545","0.127984911203384","0","0","208.370483398438","50.5476150512695","3.44339275360107","0.00235734856687486","0","9","227","78","400","314","314","-1","0","228","0","113","0","5.4299840927124","0.566666662693024","0.1036257147789","96","343","20499.9994272975","1025","19.9999994412658","5.22558761362567","-0.204396479086732","10"
