"board","drift_deg","roll_case","element_index","boundary_layer_mm","Cl0_Savitsky","Cl0_theorique","Cv_Savitsky","delta_plan_horizontal_deg","deviation_rail_deg","Fx_friction_n","Fx_planing","Fx_rail_n","Fx_rocker","Fz_planing_n","lamda_Savitsky","laminar_boundary_layer_mm","laminar_turbulent_transition_mm","largeur_B_element_mm","longueur_calcul_largeur_element_mm","longueur_element_mm","longueur_mouillee_element_mm","masse_flux_devie_kg_sec_planing","portance_globale_verticale_n","pression_dynamique_B","section_frontale_flux_devie_m2_planing","surface_contact_m2","surface_coupe_partie_immergee_m2","surface_max_element_m2","trainee_globale_horizontale_n","volume_deplacement_litres","volume_litres","inclinaison_roulis_rad_ligne_attack","inclinaison_roulis_rad_ligne_surface","index_dernier_element_on_attack","index_L1_max","index_L1_min","index_L2_max","index_L2_min","index_nose","index_point_contact","index_point_decrochage","index_point_roulis_avant_dans_tab_index_axe_roulis","index_premier_element_on_attack","index_tail","point_attack_on_outline","incidence_deg_stored","pos_x","pos_y","attack_index_1","attack_index_2","rho_v_kg_m2_s","rho_kgm3","scan_speed_ms","incidence_deg_derived","incidence_deg_residual","n_sub_elements"
"default_fish","0","0","0","0","0","0","0","0","0","39.3513526916504","38.2232513427734","0","0","504.030120849609","0","0","0","448.979461669922","160.058181762695","0","160.058181762695","171.252197265625","509.263061523438","0","0.00837009772658348","0.0718628391623497","0","0","77.1375198364258","0","1.11416673660278","-0.0205777026712894","0","9","199","1","382","201","200","-1","0","200","0","0","0","12.6574859619141","0.0500000007450581","0","18","382","20459.9997347375","1023","19.9999997407014","6.68860685231035","-5.96887910960371","10"
"default_fish","0","0","1","0","0","0","0","4.52954530715942","0","98.5413360595703","20.6615715026855","0","0","469.622955322266","0","0","0","449.278381347656","373.832153320313","0","373.832153320313","270.278228759766","503.897705078125","0","0.0132100805640221","0.167954713106155","0","0","118.827690124512","0","4.27014923095703","-0.00218120776116848","0","9","199","1","379","201","200","-1","0","200","0","0","0","9.06835174560547","0.100000001490116","0","35","365","20459.9985177891","1023","19.9999985511135","4.51112352060486","-4.55722822500061","10"
"default_fish","0","0","2","0","0","0","0","4.48698329925537","0","161.276428222656","13.3534936904907","0","0","421.265380859375","0","0","0","517.216857910156","534.307922363281","0","534.307922363281","335.552215576172","500.820983886719","0","0.0164004024118185","0.276353061199188","0","0","174.310760498047","0","8.93541049957275","-0.00134504423476756","0","9","199","1","369","201","200","-1","0","200","0","0","0","7.63224458694458","0.150000005960464","0","53","347","20459.9989165123","1023","19.9999989408722","3.40226476070794","-4.22997982623664","10"
"default_fish","0","0","3","0","0","0","0","4.28811550140381","0","219.540115356445","9.20201873779297","0","0","367.623352050781","0","0","0","518.655578613281","748.207885742188","0","748.207885742188","371.444702148438","499.410278320313","0","0.0181546751409769","0.388062179088593","0","0","228.473022460938","0","14.2102613449097","-0.000598541926592588","0","9","199","1","359","201","200","-1","0","200","0","0","0","6.71434497833252","0.200000002980232","0","70","330","20460.0026860326","1023","20.0000026256429","2.68144149758137","-4.03290348075115","10"
"default_fish","0","0","4","0","0","0","0","4.0320930480957","0","283.134826660156","6.1850380897522","0","0","308.172149658203","0","0","0","556.340881347656","908.498107910156","0","908.498107910156","391.058288574219","498.962127685547","0","0.0191133115440607","0.505434632301331","0","0","289.101013183594","0","20.1119556427002","-0.0011274212738499","0","9","199","1","349","201","200","-1","0","200","0","0","0","5.83961391448975","0.25","0","87","313","20459.9965669338","1023","19.9999966441191","2.16719072030181","-3.67242319418794","10"
"default_fish","0","0","5","0","0","0","0","3.40108823776245","0","362.336730957031","-3.93058371543884","0","0","247.659576416016","0","0","0","568.666259765625","1175.28271484375","0","1175.28271484375","-398.825408935547","542.628662109375","0","-0.01949293166399","0.668343663215637","0","0","358.239105224609","0","28.3173027038574","-0.000939235731493682","0","9","199","1","339","201","200","-1","0","200","0","0","0","1.37899553775787","0.300000011920929","0","112","292","20460.0013897505","1023","20.0000013585049","-1.67132755832093","-3.05032309607881","10"
"default_fish","0","0","6","0","0","0","0","2.89966750144958","0","411.640045166016","-2.62923741340637","0","0","194.539916992188","0","0","0","583.133117675781","1335.12316894531","0","1335.12316894531","-371.969573974609","540.766906738281","0","-0.0181803312152624","0.778554558753967","0","0","408.882293701172","0","33.5176544189453","-0.00139131210744381","0","9","199","1","329","201","200","-1","0","200","0","0","0","1.26248717308044","0.349999994039536","0","126","275","20459.9998520566","1023","19.9999998553828","-1.33805776073549","-2.60054493381593","10"
"default_fish","0","0","7","0","0","0","0","2.08746933937073","0","484.834686279297","-1.41341662406921","-3.84941864013672","0","134.735626220703","0","0","0","591.600219726563","1548.04077148438","0","1548.04077148438","-320.399047851563","537.422058105469","0","-0.0156597774475813","0.915821254253387","0","0","521.616821289063","0","39.3104019165039","-0.00757170468568802","0","9","199","1","319","201","200","-1","0","200","0","0","0","0.802014708518982","0.400000005960464","0","146","255","20460.0000813581","1023","20.0000000795289","-0.979757648060925","-1.78177235657991","10"
"default_fish","0","0","8","0","0","0","0","1.11086654663086","0","547.377319335938","0.684667229652405","0","0","74.2401504516602","0","0","0","600.331848144531","1760.90563964844","0","1760.90563964844","248.928237915039","508.196716308594","0","0.0121665801852942","1.0571277141571","0","0","548.013305664063","0","43.8821868896484","-0.000567116250749677","0","8","199","1","309","201","200","-1","0","200","1","0","0","1.46232306957245","0.449999988079071","0","169","232","20460.0006019704","1023","20.0000005884363","0.659436945618014","-0.802886123954434","10"
"default_fish","0","0","9","0","0","0","0","0.560908615589142","0","561.688110351563","0.625363111495972","-771.286743164063","0","72.0127029418945","0","0","0","587.178527832031","1867.41625976563","0","1867.41625976563","249.27294921875","520.187133789063","0","0.0121834278106689","1.09650671482086","0","0","1333.52905273438","0","44.702751159668","-0.0261781178414822","0","7","199","1","306","201","200","-1","0","200","1","0","0","1.10583865642548","0.466666668653488","0","176","224","20460.001330698","1023","20.0000013007801","0.636633901542167","-0.469204754883309","10"
"default_fish","0","0","10","0","0","0","0","-0.0364167131483555","0","579.608764648438","0.524730920791626","-1020.50250244141","0","73.4452209472656","0","0","0","579.552734375","1974.05126953125","0","1974.05126953125","277.383239746094","530.03564453125","0","0.0135573446750641","1.14406669139862","0","0","1604.76049804688","0","45.0535850524902","-0.0460587553679943","0","6","199","1","303","201","200","-1","0","200","2","0","0","0.777288377285004","0.483333349227905","0","184","216","20459.9976171058","1023","19.9999976706802","0.678978539428326","-0.0983098378566774","10"
"default_fish","0","1","0","0","0","0","0","4.75832271575928","0","30.8172721862793","44.1304664611816","0","0","509.024597167969","0","0","0","372.019195556641","156.976303100586","0","156.976303100586","152.544830322266","510.662994384766","0","0.00745575875043869","0.0583981983363628","0","0","74.5036926269531","0","0.797429323196411","0.0677779912948608","0","9","207","0","390","217","207","-1","0","216","0","6","0","13.8707628250122","0.0333333350718021","0.0313440002501011","24","386","20460.0008434138","1023","20.0000008244514","7.3350313473111","-6.53573147770111","10"
"default_fish","0","1","1","0","0","0","0","4.75832271575928","0","39.5060577392578","38.124942779541","0","0","505.473693847656","0","0","0","451.720825195313","156.976303100586","0","156.976303100586","172.649139404297","509.423370361328","0","0.00843837391585112","0.0709094628691673","0","0","77.196891784668","0","1.13394522666931","0.0799511894583702","0","9","207","0","389","217","207","-1","0","216","0","6","0","12.6034374237061","0.0500000007450581","0.0313440002501011","24","380","20460.0010767457","1023","20.0000010525374","6.83451334789329","-5.76892407581276","10"
"default_fish","0","1","2","0","0","0","0","4.30893802642822","0","84.6691741943359","23.1490917205811","0","0","479.3388671875","0","0","0","453.20751953125","314.228973388672","0","314.228973388672","251.771575927734","504.943817138672","0","0.0123055512085557","0.142410933971405","0","0","107.43083190918","0","3.49303388595581","0.0762999504804611","0","9","207","0","386","217","207","-1","0","216","0","6","0","9.53398036956787","0.100000001490116","0.0313440002501011","25","358","20459.9998537802","1023","19.9999998570676","4.9570385679711","-4.57694180159677","10"
"default_fish","0","1","3","0","0","0","0","4.22351837158203","0","138.118499755859","15.5261306762695","0","0","439.824035644531","0","0","0","448.873168945313","523.982421875","0","523.982421875","315.301910400391","501.874298095703","0","0.0154106505215168","0.235201641917229","0","0","153.307693481445","0","7.24469470977783","0.0695994198322296","0","9","207","0","376","217","207","-1","0","216","0","6","0","8.00349617004395","0.150000005960464","0.0313440002501011","32","336","20460.00004738","1023","20.0000000463148","3.75676879588582","-4.24672737415813","10"
"default_fish","0","1","4","0","0","0","0","4.05156087875366","0","203.029800415039","10.4095363616943","0","0","384.0888671875","0","0","0","478.478912353516","733.660705566406","0","733.660705566406","362.908050537109","499.943237304688","0","0.017737440764904","0.351041167974472","0","0","213.158279418945","0","12.6873292922974","0.0690531507134438","0","9","207","0","366","217","207","-1","0","216","0","6","0","6.818030834198","0.200000002980232","0.0313440002501011","44","312","20460.0007040008","1023","20.0000006881729","2.89627970531819","-3.92175112887981","10"
"default_fish","0","1","5","0","0","0","0","3.83541417121887","0","247.470642089844","8.23759365081787","0","0","342.228546142578","0","0","0","488.640716552734","890.799987792969","0","890.799987792969","377.145599365234","499.728637695313","0","0.0184333138167858","0.435281157493591","0","0","255.464874267578","0","16.8639335632324","0.0793663263320923","0","9","207","0","356","217","207","-1","0","216","0","6","0","6.07577228546143","0.25","0.0313440002501011","50","293","20459.999928054","1023","19.9999999296715","2.42709115514303","-3.6486811303184","10"
"default_fish","0","1","6","0","0","0","0","3.64684963226318","0","278.621978759766","7.05843925476074","0","0","310.049530029297","0","0","0","502.613433837891","995.483154296875","0","995.483154296875","376.491882324219","500.132080078125","0","0.0184013620018959","0.500343203544617","0","0","285.463806152344","0","20.0975818634033","0.0860882177948952","0","9","207","0","346","217","207","-1","0","216","0","6","0","5.56446361541748","0.300000011920929","0.0313440002501011","56","281","20460.0008567534","1023","20.0000008374911","2.10766966960483","-3.45679394581265","10"
"default_fish","0","1","7","0","0","0","0","2.85979127883911","0","373.648651123047","5.12902545928955","0","0","221.29508972168","0","0","0","528.648193359375","1309.11987304688","0","1309.11987304688","300.088165283203","505.250305175781","0","0.0146670658141375","0.692063868045807","0","0","378.630279541016","0","29.2153034210205","0.109969772398472","0","8","207","0","336","217","207","-1","0","216","0","6","0","3.76994895935059","0.349999994039536","0.0313440002501011","72","248","20459.9999131354","1023","19.9999999150883","1.21437333146667","-2.55557562788391","10"
"default_fish","0","1","8","0","0","0","0","1.73597097396851","0","429.34130859375","1.88137519359589","0","0","176.011047363281","0","0","0","499.644073486328","1622.2666015625","0","1622.2666015625","141.727981567383","514.244812011719","0","0.00692707626149058","0.810555934906006","0","0","431.108123779297","0","34.3209266662598","0.178403913974762","0","7","207","0","326","217","207","-1","0","216","0","6","0","2.20757675170898","0.400000005960464","0.0313440002501011","70","226","20460.0001815031","1023","20.0000001774223","0.489660329283839","-1.71791642242514","10"
"default_fish","0","2","0","0","0","0","0","4.83340787887573","0","6.23948669433594","126.632469177246","0","0","545.91162109375","0","0","0","231.814498901367","50.9873542785645","0","50.9873542785645","73.6303329467773","516.252990722656","0","0.00359874567948282","0.0118196085095406","0","0","132.334747314453","0","0.114069372415543","0.323992699384689","0","9","213","0","396","228","213","-1","0","227","3","12","0","28.0282802581787","0.0166666675359011","0.0626880005002022","10","396","20459.9989842458","1023","19.9999990070829","17.7264315144331","-10.3018487437456","10"
"default_fish","0","2","1","0","0","0","0","4.23043203353882","0","9.13589382171631","91.6763687133789","0","0","523.443603515625","0","0","0","206.091125488281","102.009140014648","0","102.009140014648","85.7360687255859","515.240051269531","0","0.00419042399153113","0.021023178473115","0","0","100.323455810547","0","0.18802011013031","0.165859162807465","0","9","213","0","396","228","213","-1","0","227","5","12","0","22.9650382995605","0.0333333350718021","0.0626880005002022","22","396","20459.9985344822","1023","19.9999985674313","11.4974310878472","-11.4676072117133","10"
"default_fish","0","2","2","0","0","0","0","4.08044672012329","0","22.8341636657715","52.2035903930664","0","0","515.755187988281","0","0","0","232.176879882813","204.077789306641","0","204.077789306641","134.169799804688","512.204833984375","0","0.00655766390264034","0.0473821461200714","0","0","74.5942687988281","0","0.640439927577972","0.146873608231544","0","9","213","0","395","228","213","-1","0","227","1","12","0","15.3598709106445","0.0500000007450581","0.0626880005002022","27","387","20459.9994444159","1023","19.999999456907","7.95524133403791","-7.40462957660662","10"
"default_fish","0","2","3","0","0","0","0","4.09221172332764","0","61.1311721801758","28.7720947265625","0","0","495.404479980469","0","0","0","297.291168212891","357.212097167969","0","357.212097167969","217.567153930664","507.245727539063","0","0.0106337815523148","0.106195993721485","0","0","89.5016860961914","0","2.42765736579895","0.150736182928085","0","9","213","0","392","228","213","-1","0","227","0","12","0","10.6348009109497","0.100000001490116","0.0626880005002022","28","359","20459.9984361447","1023","19.9999984713047","5.74686033786001","-4.88794057308969","10"
"default_fish","0","2","4","0","0","0","0","4.05337238311768","0","117.110885620117","17.9296550750732","0","0","455.831665039063","0","0","0","355.224487304688","561.363952636719","0","561.363952636719","294.398712158203","503.16162109375","0","0.0143889877945185","0.19941021502018","0","0","134.689422607422","0","6.00845241546631","0.132943838834763","0","9","213","0","382","228","213","-1","0","227","0","12","0","8.36962604522705","0.150000005960464","0.0626880005002022","30","330","20460.001520771","1023","20.0000014865797","4.13792921154517","-4.23169683368188","10"
"default_fish","0","2","5","0","0","0","0","4.02710819244385","0","110.394256591797","18.8324279785156","0","0","461.263671875","0","0","0","312.23291015625","612.387145996094","0","612.387145996094","289.6689453125","504.060241699219","0","0.0141578167676926","0.191207408905029","0","0","128.879745483398","0","6.05076456069946","0.202549293637276","0","9","213","0","372","228","213","-1","0","227","0","12","0","8.28449153900146","0.200000002980232","0.0626880005002022","25","313","20460.001006194","1023","20.0000009835718","4.24631118227425","-4.03818035672721","10"
"default_fish","0","2","6","0","0","0","0","3.78040885925293","0","212.801971435547","10.0944480895996","0","0","372.910614013672","0","0","0","430.764770507813","867.343505859375","0","867.343505859375","363.424499511719","500.269775390625","0","0.0177626814693213","0.373621016740799","0","0","222.627792358398","0","13.9346437454224","0.105960324406624","0","9","213","0","362","228","213","-1","0","227","0","12","0","6.46937656402588","0.25","0.0626880005002022","41","299","20460.0020632812","1023","20.0000020168926","2.72498169074496","-3.74439487328092","10"
"default_fish","0","2","7","0","0","0","0","3.53535914421082","0","254.26676940918","8.4360237121582","0","0","333.481872558594","0","0","0","448.030456542969","1020.14965820313","0","1020.14965820313","369.098571777344","500.515533447266","0","0.0180400088429451","0.457058161497116","0","0","262.469268798828","0","17.8763389587402","0.11221094429493","0","9","213","0","352","228","213","-1","0","227","0","12","0","5.7106671333313","0.300000011920929","0.0626880005002022","48","283","20459.9994928321","1023","19.9999995042347","2.26204259735277","-3.44862453597853","10"
"default_fish","0","2","8","0","0","0","0","3.32962155342102","0","258.940185546875","10.7731008529663","0","0","332.481201171875","0","0","0","408.595336914063","1121.93798828125","0","1121.93798828125","332.440948486328","503.027618408203","0","0.0162483360618353","0.458418607711792","0","0","269.485992431641","0","18.1790714263916","0.131686300039291","0","8","213","0","342","228","213","-1","0","227","0","12","0","4.96658420562744","0.349999994039536","0.0626880005002022","34","266","20459.9995483339","1023","19.9999995584887","2.03123533129792","-2.93534887432952","10"
"default_fish","0","2","9","0","0","0","0","1.78905034065247","0","358.941833496094","4.56167697906494","-54.0225563049316","0","242.757751464844","0","0","0","410.811798095703","1630.02722167969","0","1630.02722167969","185.460571289063","510.351013183594","0","0.00906454399228096","0.669634401798248","0","0","417.360870361328","0","27.5600261688232","0.173325538635254","0","7","213","0","339","228","213","-1","0","227","0","12","0","2.65175461769104","0.366666674613953","0.0626880005002022","46","234","20460.0001331555","1023","20.0000001301618","0.775611237451675","-1.87614338023937","10"
"default_fish","0","2","10","0","0","0","0","0.917128026485443","0","372.792816162109","3.38356161117554","0","0","229.140014648438","0","0","0","384.014526367188","1833.14367675781","0","1833.14367675781","204.662567138672","511.067596435547","0","0.0100030591711402","0.703953802585602","0","0","376.026336669922","0","28.9433288574219","0.176094770431519","0","6","213","0","336","228","213","-1","0","227","0","12","0","2.50048923492432","0.38333335518837","0.0626880005002022","42","230","20459.9976504331","1023","19.9999977032582","0.814190308488191","-1.68629892643613","10"
"default_fish","0","3","0","0","0","0","0","3.54349327087402","0","7.01642370223999","300.741973876953","0","0","927.961059570313","0","0","0","59.4802627563477","165.801849365234","0","165.801849365234","105.345779418945","517.052978515625","0","0.00514886435121298","0.00986193772405386","0","0","306.766418457031","0","0.135092869400978","0.978952586650848","0","9","218","0","400","240","218","-1","0","239","0","17","0","34.178050994873","0.0666666701436043","0.0940320044755936","5","381","20460.0028730856","1023","20.0000028084903","31.4728583041108","-2.70519269076224","10"
"default_fish","0","3","1","0","0","0","0","3.54349327087402","0","7.17221117019653","298.412628173828","0","0","933.339416503906","0","0","0","63.2328758239746","165.801849365234","0","165.801849365234","106.615226745605","517.012939453125","0","0.0052109113894403","0.0104841282591224","0","0","304.591766357422","0","0.142334878444672","0.982950329780579","0","9","218","0","399","240","218","-1","0","239","0","17","0","33.7664260864258","0.0833333358168602","0.0940320044755936","5","379","20459.9961077168","1023","19.9999961952266","29.8036080197934","-3.96281806663239","10"
"default_fish","0","3","2","0","0","0","0","3.81475234031677","0","15.882025718689","95.7181091308594","0","0","664.133911132813","0","0","0","85.4723510742188","258.356781005859","0","258.356781005859","127.346771240234","514.417663574219","0","0.00622418243438005","0.0220823623239994","0","0","111.006675720215","0","0.412900269031525","0.686719357967377","0","9","218","0","397","240","218","-1","0","239","0","17","0","19.2327442169189","0.100000001490116","0.0940320044755936","7","366","20459.9997803436","1023","19.9999997852821","16.3713766085354","-2.86136760838355","10"
"default_fish","0","3","3","0","0","0","0","3.95081925392151","0","44.069896697998","38.5461120605469","0","0","538.410522460938","0","0","0","155.706314086914","443.526580810547","0","443.526580810547","193.545959472656","509.631744384766","0","0.00945972371846437","0.0690598860383034","0","0","82.1794586181641","0","1.74368119239807","0.390667915344238","0","9","218","0","387","240","218","-1","0","239","1","17","0","11.8484220504761","0.150000005960464","0.0940320044755936","14","343","20460.0012889251","1023","20.0000012599463","7.87304565776008","-3.97537639271599","10"
"default_fish","0","3","4","0","0","0","0","3.95846819877625","0","49.0384788513184","39.6992950439453","0","0","570.687805175781","0","0","0","151.126190185547","489.820190429688","0","489.820190429688","211.504730224609","509.544738769531","0","0.0103374738246202","0.0740246549248695","0","0","88.2827911376953","0","2.08056712150574","0.522931814193726","0","9","218","0","377","240","218","-1","0","239","0","17","0","11.4099321365356","0.200000002980232","0.0940320044755936","10","323","20460.0015257963","1023","20.000001491492","8.02753917661899","-3.38239295991665","10"
"default_fish","0","3","5","0","0","0","0","3.8522424697876","0","89.6703872680664","23.1734485626221","0","0","493.103820800781","0","0","0","207.934707641602","721.208984375","0","721.208984375","270.817443847656","505.883361816406","0","0.0132364351302385","0.14996437728405","0","0","112.47486114502","0","4.85691404342651","0.340905725955963","0","9","218","0","367","240","218","-1","0","239","1","17","0","8.70364570617676","0.25","0.0940320044755936","19","305","20459.9985708369","1023","19.9999986029687","5.06373613688615","-3.6399095692906","10"
"default_fish","0","3","6","0","0","0","0","3.75460577011108","0","104.112228393555","21.9066257476807","0","0","490.187194824219","0","0","0","216.276565551758","813.708557128906","0","813.708557128906","290.801055908203","505.512329101563","0","0.0142131503671408","0.175986096262932","0","0","125.662460327148","0","6.04315948486328","0.393959313631058","0","9","218","0","357","240","218","-1","0","239","1","17","0","7.89574384689331","0.300000011920929","0.0940320044755936","18","289","20459.9999575395","1023","19.9999999584942","4.63241963561613","-3.26332421127718","10"
"default_fish","0","3","7","0","0","0","0","3.8522424697876","0","83.7928619384766","30.8921508789063","0","0","563.544311523438","0","0","0","187.901779174805","721.208984375","0","721.208984375","278.245147705078","507.709808349609","0","0.0135994683951139","0.135516449809074","0","0","114.275512695313","0","4.61192083358765","0.590550184249878","0","8","218","0","347","240","218","-1","0","239","0","17","0","8.32402229309082","0.349999994039536","0.0940320044755936","9","279","20460.0017898528","1023","20.0000017496117","5.75949217416033","-2.56453011893049","10"
"default_fish","0","3","8","0","0","0","0","3.80689907073975","0","90.32958984375","30.4085235595703","0","0","571.690551757813","0","0","0","193.541976928711","767.463562011719","0","767.463562011719","291.579742431641","507.603424072266","0","0.014251209795475","0.148536413908005","0","0","120.328079223633","0","5.16491556167603","0.628346920013428","0","8","218","0","344","240","218","-1","0","239","0","17","0","7.96801328659058","0.366666674613953","0.0940320044755936","9","273","20459.9992994435","1023","19.999999315194","5.50566762648068","-2.4623456601099","10"
"default_fish","0","3","9","0","0","0","0","3.8522424697876","0","87.1391143798828","39.0064086914063","0","0","665.798583984375","0","0","0","195.755950927734","721.208984375","0","721.208984375","309.498291015625","508.815551757813","0","0.0151269938796759","0.141180947422981","0","0","125.671539306641","0","4.94750308990479","0.797024130821228","0","8","218","0","341","240","218","-1","0","239","0","17","0","8.20933723449707","0.38333335518837","0.0940320044755936","7","269","20459.9997512696","1023","19.9999997568618","6.15082900524248","-2.05850822925459","10"
"default_fish","0","4","0","0","0","0","0","-0.753322601318359","0","1.98095953464508","269.260864257813","0","0","448.026428222656","0","0","0","6.93552494049072","418.826995849609","0","418.826995849609","45.0973014831543","121.24193572998","0","0.00220416905358434","0.002904785098508","0","0","270.662811279297","0","0.0435606278479099","1.29690384864807","0","9","237","0","396","273","237","-1","0","272","0","36","0","45","0.200000002980232","0.125376001000404","18","377","20460.0012008238","1023","20.0000011738259","49.359071745545","4.35907174554502","10"
"default_fish","0","4","1","0","0","0","0","3.50811505317688","0","29.0809707641602","100.21932220459","0","0","862.922973632813","0","0","0","61.2722969055176","661.862609863281","0","661.862609863281","198.904449462891","513.49853515625","0","0.00972162466496229","0.040553841739893","0","0","128.573211669922","0","1.1068480014801","0.943966209888458","0","9","237","0","386","273","237","-1","0","272","0","36","0","16.1017436981201","0.25","0.125376001000404","22","335","20460.0009070256","1023","20.000000886633","13.8700989235568","-2.23164477456331","10"
"default_fish","0","4","2","0","0","0","0","3.43888711929321","0","39.095588684082","82.1637649536133","0","0","849.964050292969","0","0","0","71.6506195068359","800.765197753906","0","800.765197753906","232.097320556641","512.573791503906","0","0.0113439541310072","0.0573753230273724","0","0","120.580406188965","0","1.72108280658722","0.942548632621765","0","9","237","0","376","273","237","-1","0","272","0","36","0","13.7442073822021","0.300000011920929","0.125376001000404","22","318","20460.0016780951","1023","20.0000016403666","11.4033622598165","-2.34084512238568","10"
"default_fish","0","4","3","0","0","0","0","2.17735147476196","0","7.21172618865967","893.647766113281","0","0","1525.55212402344","0","0","0","NaN","0","0","0","152.555206298828","192.301895141602","0","0.00745626585558057","0.0102740712463856","0","0","898.747253417969","0","0.235928893089294","1.44554960727692","0","9","237","0","366","273","237","-1","0","272","0","36","0","45","0.349999994039536","0.125376001000404","0","327","20460.0009245445","1023","20.0000009037581","NaN","NaN","10"
"default_fish","0","4","4","0","0","0","0","1.8589403629303","0","94.1977081298828","33.2195053100586","0","0","613.612182617188","0","0","0","109.734580993652","1424.98583984375","0","1424.98583984375","309.082458496094","508.148803710938","0","0.0151066686958075","0.156370222568512","0","0","126.986213684082","0","5.59256935119629","0.726988434791565","0","7","237","0","356","273","237","-1","0","272","0","36","0","7.55974578857422","0.400000005960464","0.125376001000404","26","282","20460.0011239985","1023","20.0000010987278","5.54389709225234","-2.01584869632188","10"
"default_fish","0","4","5","0","0","0","0","2.22876524925232","0","64.5221481323242","104.153907775879","0","0","1198.0009765625","0","0","0","79.0081100463867","1321.06018066406","0","1321.06018066406","367.276306152344","512.783020019531","0","0.0179509427398443","0.104374468326569","0","0","167.816482543945","0","3.66141986846924","1.15838348865509","0","6","237","0","353","273","237","-1","0","272","0","36","0","11.0826292037964","0.416666686534882","0.125376001000404","21","281","20460.0009857493","1023","20.0000009635868","9.90330688179117","-1.17932232200522","10"
"default_fish","10","0","0","0","0","0","0","4.95154571533203","0","38.2431716918945","38.7825736999512","0","0","504.288513183594","0","0","0","416.803161621094","172.414337158203","0","172.414337158203","168.999938964844","509.532653808594","0","0.00826001632958651","0.0718628391623497","0","0","76.5885696411133","0","1.10495054721832","-0.018253143876791","0","9","162","3","384","202","202","-1","0","163","0","1","0","12.7536592483521","0.0500000007450581","0","20","384","20460.0005885586","1023","20.0000005753261","6.60024574202425","-6.1534135063278","10"
"default_fish","10","0","1","0","0","0","0","4.36573600769043","0","101.046356201172","20.1308326721191","0","0","466.694122314453","0","0","0","493.158905029297","352.081756591797","0","352.081756591797","273.675201416016","503.792877197266","0","0.0133761083707213","0.173632249236107","0","0","120.806869506836","0","4.56806945800781","-0.0221062209457159","0","9","168","5","383","204","204","-1","0","169","0","3","0","8.94090843200684","0.100000001490116","0","40","368","20460.0018055369","1023","20.0000017649432","4.41827267379713","-4.52263575820971","10"
"default_fish","10","0","2","0","0","0","0","4.2304253578186","0","158.345291137695","13.4951391220093","0","0","422.208068847656","0","0","0","510.995849609375","540.751647949219","0","540.751647949219","333.169342041016","500.994476318359","0","0.0162839367985725","0.276321858167648","0","0","171.521194458008","0","8.85715484619141","-0.0183170456439257","0","9","174","7","375","206","206","-1","0","175","0","5","0","7.62150859832764","0.150000005960464","0","58","352","20459.9997016828","1023","19.9999997083898","3.37845790056274","-4.24305069776489","10"
"default_fish","10","0","3","0","0","0","0","4.01555585861206","0","222.912658691406","8.93503379821777","0","0","363.713104248047","0","0","0","534.334594726563","738.837768554688","0","738.837768554688","373.396118164063","499.380981445313","0","0.0182500518858433","0.394786596298218","0","0","231.582626342773","0","14.6026105880737","-0.0151531742885709","0","9","179","8","366","207","207","-1","0","180","0","6","0","6.60153484344482","0.200000002980232","0","76","334","20460.0031002492","1023","20.0000030305466","2.64959293606981","-3.95194190737502","10"
"default_fish","10","0","4","0","0","0","0","3.79685807228088","0","282.954681396484","6.09497976303101","0","0","305.352722167969","0","0","0","570.755676269531","891.579284667969","0","891.579284667969","389.044464111328","499.007110595703","0","0.0190148800611496","0.50887393951416","0","0","288.831909179688","0","20.3963680267334","-0.0090425992384553","0","9","184","10","358","209","209","-1","0","185","0","8","0","5.77984714508057","0.25","0","93","318","20460.0009497934","1023","20.0000009284393","2.14144601603677","-3.6384011290438","10"
"default_fish","10","0","5","0","0","0","0","3.27356958389282","0","365.561645507813","-3.99740147590637","0","0","249.532760620117","0","0","0","583.381164550781","1145.63220214844","0","1145.63220214844","-395.507537841797","542.524597167969","0","-0.0193307679146528","0.66834020614624","0","0","361.395111083984","0","28.1254615783691","-0.000288201670628041","0","9","189","12","350","211","211","-1","0","190","1","10","0","1.26809084415436","0.300000011920929","0","115","295","20460.0013609392","1023","20.0000013303414","-1.65742809059904","-2.9255189347534","10"
"default_fish","10","0","6","0","0","0","0","2.84133458137512","0","431.890197753906","-2.06140232086182","44.5465126037598","0","185.010437011719","0","0","0","610.840515136719","1310.61584472656","0","1310.61584472656","-326.584503173828","538.052368164063","0","-0.0159620959311724","0.800577282905579","0","0","474.2509765625","0","34.3337135314941","-0.0137620214372873","0","9","193","14","342","213","213","-1","0","194","1","12","0","1.24778628349304","0.349999994039536","0","131","274","20460.0012794085","1023","20.0000012506437","-1.14245230643154","-2.39023858992458","10"
"default_fish","10","0","7","0","0","0","0","2.69060730934143","0","453.584899902344","-1.51533114910126","78.2223815917969","0","167.966247558594","0","0","0","616.884338378906","1359.82287597656","0","1359.82287597656","-299.19970703125","535.795532226563","0","-0.014623642899096","0.838853418827057","0","0","530.178100585938","0","35.9188919067383","-0.0109342010691762","0","9","193","14","339","213","213","-1","0","194","1","12","0","1.18570077419281","0.366666674613953","0","138","270","20459.9981752663","1023","19.9999982162916","-0.998881841554582","-2.18458261574739","10"
"default_fish","10","0","8","0","0","0","0","2.5082700252533","0","461.264434814453","-0.889319062232971","79.6814041137695","0","158.458099365234","0","0","0","603.731262207031","1419.70520019531","0","1419.70520019531","-262.126953125","532.93798828125","0","-0.0128116784617305","0.857120394706726","0","0","539.945007324219","0","36.725715637207","-0.0186737421900034","0","9","195","15","337","214","214","-1","0","196","1","13","0","1.237419962883","0.38333335518837","0","138","265","20460.0009208781","1023","20.0000009001741","-0.856451941365012","-2.09387190424801","10"
"default_fish","10","1","0","0","0","0","0","4.43879652023315","0","38.3108863830566","38.7964668273926","0","0","504.512847900391","0","0","0","406.836547851563","174.294723510742","0","174.294723510742","169.246643066406","509.539825439453","0","0.00827207416296005","0.0709094628691673","0","0","76.6706008911133","0","1.11362195014954","0.0394133068621159","0","9","180","1","391","208","208","-1","0","181","0","7","0","12.7217445373535","0.0333333350718021","0.0313440002501011","25","381","20460.0006881277","1023","20.0000006726566","6.69919845174136","-6.02254608561216","10"
"default_fish","10","1","1","0","0","0","0","4.4389796257019","0","36.8765907287598","39.6336326599121","0","0","505.011596679688","0","0","0","392.631805419922","175.276733398438","0","175.276733398438","166.184356689453","509.748474121094","0","0.00812240224331617","0.0688192173838615","0","0","76.0727767944336","0","1.06874930858612","0.036477405577898","0","9","181","1","390","208","208","-1","0","182","0","7","0","12.8926134109497","0.0500000007450581","0.0313440002501011","25","382","20460.0008361078","1023","20.0000008173097","6.7781449330451","-6.1144684779046","10"
"default_fish","10","1","2","0","0","0","0","4.17992210388184","0","84.740837097168","23.2282047271729","0","0","478.4755859375","0","0","0","446.247497558594","319.129943847656","0","319.129943847656","250.254669189453","504.833038330078","0","0.0122314123436809","0.142410933971405","0","0","107.577980041504","0","3.47578835487366","0.0415827855467796","0","9","186","3","389","210","210","-1","0","187","0","9","0","9.51953411102295","0.100000001490116","0.0313440002501011","28","361","20459.9977629519","1023","19.9999978132473","4.92709900512664","-4.59243510589631","10"
"default_fish","10","1","3","0","0","0","0","4.15491533279419","0","142.971862792969","15.1964426040649","0","0","436.462005615234","0","0","0","512.853820800781","467.760803222656","0","467.760803222656","317.322967529297","501.433807373047","0","0.015509432181716","0.239892914891243","0","0","157.828704833984","0","7.4907808303833","0.0424221940338612","0","9","191","5","381","212","212","-1","0","192","0","11","0","7.91146802902222","0.150000005960464","0.0313440002501011","36","338","20459.999038739","1023","19.999999060351","3.70684236855413","-4.20462566046809","10"
"default_fish","10","1","4","0","0","0","0","4.09695482254028","0","182.249862670898","12.0527362823486","0","0","405.125396728516","0","0","0","496.051239013672","618.897888183594","0","618.897888183594","347.699493408203","500.034301757813","0","0.0169941112399101","0.307005077600479","0","0","193.99397277832","0","10.5545072555542","0.0497937686741352","0","9","194","7","373","214","214","-1","0","195","0","13","0","7.17344903945923","0.200000002980232","0.0313440002501011","42","322","20459.9986724603","1023","19.9999987023072","3.17320103784328","-4.00024800161595","10"
"default_fish","10","1","5","0","0","0","0","4.03041887283325","0","228.701690673828","9.47972965240479","0","0","362.039093017578","0","0","0","545.594787597656","727.990417480469","0","727.990417480469","366.879302978516","499.346130371094","0","0.0179315377026796","0.397187799215317","0","0","237.910369873047","0","14.8191137313843","0.0555291548371315","0","9","197","8","364","215","215","-1","0","198","0","14","0","6.37109279632568","0.25","0.0313440002501011","51","304","20460.0023189138","1023","20.0000022667779","2.58756894220715","-3.78352385411853","10"
"default_fish","10","1","6","0","0","0","0","3.76096987724304","0","321.330963134766","5.3189001083374","0","0","272.7421875","0","0","0","584.378845214844","983.9970703125","0","983.9970703125","382.966888427734","499.404418945313","0","0.018717834725976","0.575027048587799","0","0","326.453948974609","0","23.6684036254883","0.0171578601002693","0","9","199","9","355","216","216","-1","0","200","0","15","0","5.22273540496826","0.300000011920929","0.0313440002501011","96","302","20459.9994622383","1023","19.9999994743288","1.86537724339457","-3.35735816157369","10"
"default_fish","10","1","7","0","0","0","0","3.21210312843323","0","394.696014404297","51924.97265625","0","0","96908.828125","0","0","0","586.824340820313","1208.93908691406","0","1208.93908691406","9740.4775390625","66993.015625","0","0.476074188947678","0.709434926509857","0","0","52214.66015625","0","30.1664218902588","0.80919361114502","0","9","202","10","346","217","217","-1","0","203","0","16","0","45","0.349999994039536","0.0313440002501011","73","247","20459.9992295172","1023","19.9999992468399","42.1490178578598","-2.85098214214018","10"
"default_fish","10","1","8","0","0","0","0","2.96352219581604","0","420.123840332031","57503.27734375","0","0","104962.0546875","0","0","0","591.819641113281","1284.82287597656","0","1284.82287597656","10552.2158203125","67069.6640625","0","0.515748620033264","0.760383367538452","0","0","57809.3515625","0","32.4007797241211","0.879369616508484","0","9","204","11","337","218","218","-1","0","205","0","17","0","45","0.400000005960464","0.0313440002501011","74","239","20459.9981666105","1023","19.9999982078304","42.7089469915712","-2.29105300842878","10"
"default_fish","10","1","9","0","0","0","0","2.78387999534607","0","433.986450195313","60631.78515625","0","0","109638.109375","0","0","0","591.920043945313","1340.76037597656","0","1340.76037597656","11016.275390625","64519.7734375","0","0.538429856300354","0.793622851371765","0","0","60946.828125","0","33.7435264587402","0.943465411663055","0","8","205","11","334","218","218","-1","0","206","0","17","0","45","0.416666686534882","0.0313440002501011","70","235","20460.0009856804","1023","20.0000009635195","42.7222824809877","-2.27771751901233","10"
"default_fish","10","1","10","0","0","0","0","2.2120475769043","0","472.504119873047","69717.0390625","0","0","122575.8515625","0","0","0","585.29248046875","1490.41369628906","0","1490.41369628906","12313.470703125","64179.44140625","0","0.601831436157227","0.872327864170074","0","0","70056.5","0","36.8792343139648","1.02164113521576","0","7","205","11","331","218","218","-1","0","206","0","17","0","45","0.433333367109299","0.0313440002501011","70","228","20459.9992013514","1023","19.9999992193073","43.6233184119051","-1.37668158809487","10"
"default_fish","10","2","0","0","0","0","0","4.07187128067017","0","7.65357685089111","102.026443481445","0","0","520.1884765625","0","0","0","246.064407348633","75.2368621826172","0","75.2368621826172","78.4322509765625","515.659851074219","0","0.00383344292640686","0.0185131151229143","0","0","109.182228088379","0","0.152080684900284","0.113680556416512","0","9","195","1","397","214","214","-1","0","196","5","13","0","24.8235893249512","0.0333333350718021","0.0626880005002022","20","397","20460.0022700946","1023","20.0000022190563","11.9504880354441","-12.8731012895071","10"
"default_fish","10","2","1","0","0","0","0","3.95226240158081","0","21.0014495849609","54.6888694763184","0","0","513.067260742188","0","0","0","369.719696044922","123.350105285645","0","123.350105285645","127.621543884277","512.492065429688","0","0.00623761210590601","0.0456049628555775","0","0","75.2431716918945","0","0.575148522853851","0.0897713601589203","0","9","196","2","397","215","215","-1","0","197","0","14","0","15.845025062561","0.0500000007450581","0.0626880005002022","29","390","20460.0000316532","1023","20.0000000309415","7.86126350198457","-7.98376156057647","10"
"default_fish","10","2","2","0","0","0","0","3.99624967575073","0","51.8900680541992","31.9569931030273","0","0","497.611053466797","0","0","0","334.485626220703","277.359893798828","0","277.359893798828","198.880126953125","508.101257324219","0","0.00972043536603451","0.092772901058197","0","0","83.4339065551758","0","1.98921060562134","0.10979375243187","0","9","198","2","394","215","215","-1","0","199","0","14","0","11.2210702896118","0.100000001490116","0.0626880005002022","28","363","20460.0019920979","1023","20.0000019473098","6.01429976488636","-5.20677052472546","10"
"default_fish","10","2","3","0","0","0","0","3.99120473861694","0","81.2150192260742","23.7256336212158","0","0","478.774993896484","0","0","0","353.926208496094","393.936645507813","0","393.936645507813","246.495758056641","505.410797119141","0","0.012047691270709","0.139424502849579","0","0","104.554489135742","0","3.78098058700562","0.12076348811388","0","9","201","4","386","217","217","-1","0","202","0","16","0","9.50609111785889","0.150000005960464","0.0626880005002022","29","340","20459.99955659","1023","19.9999995665592","4.9571184988008","-4.54897261905808","10"
"default_fish","10","2","4","0","0","0","0","4.01425170898438","0","101.920440673828","20.2747592926025","0","0","464.773254394531","0","0","0","347.400939941406","487.610534667969","0","487.610534667969","273.550079345703","504.026245117188","0","0.0133699923753738","0.169396355748177","0","0","121.826431274414","0","5.19989633560181","0.137978717684746","0","9","204","5","377","218","218","-1","0","205","0","17","0","8.60522270202637","0.200000002980232","0.0626880005002022","27","320","20460.0026436481","1023","20.0000025842112","4.52690795124113","-4.07831475078524","10"
"default_fish","10","2","5","0","0","0","0","4.00076150894165","0","121.305824279785","18.2889633178711","0","0","449.425231933594","0","0","0","381.344879150391","539.9296875","0","539.9296875","292.101196289063","503.203857421875","0","0.0142766963690519","0.20589941740036","0","0","139.242858886719","0","6.83211135864258","0.161670088768005","0","9","205","5","367","218","218","-1","0","206","1","17","0","7.78489685058594","0.25","0.0626880005002022","25","298","20459.9991999732","1023","19.9999992179601","3.97597681892275","-3.80892003166319","10"
"default_fish","10","2","6","0","0","0","0","3.64700770378113","0","268.997039794922","7.96054363250732","0","0","325.607543945313","0","0","0","523.257202148438","893.344482421875","0","893.344482421875","373.077087402344","499.36083984375","0","0.0182344634085894","0.46744892001152","0","0","276.716827392578","0","18.4384117126465","0.0520541034638882","0","9","208","6","358","219","219","-1","0","209","0","18","0","5.79115676879883","0.300000011920929","0.0626880005002022","65","299","20459.9981388323","1023","19.9999981806767","2.23558737790503","-3.5555693908938","10"
"default_fish","10","2","7","0","0","0","0","3.03999805450439","0","316.546112060547","40650.015625","0","0","75692.328125","0","0","0","475.876190185547","1165.42724609375","0","1165.42724609375","7613.2421875","41979.671875","0","0.372103720903397","0.554599046707153","0","0","40882.390625","0","22.8585376739502","0.984659135341644","0","9","210","7","349","220","220","-1","0","211","0","19","0","45","0.349999994039536","0.0626880005002022","38","246","20460.0001553774","1023","20.0000001518841","42.1397974703157","-2.86020252968427","10"
"default_fish","10","2","8","0","0","0","0","2.76925015449524","0","317.690338134766","43208.875","0","0","77847.2265625","0","0","0","454.009155273438","1236.61999511719","0","1236.61999511719","7830.744140625","36795.15234375","0","0.382734328508377","0.561436772346497","0","0","43439.515625","0","23.2004165649414","1.08038783073425","0","8","216","12","344","225","225","-1","0","217","0","24","0","45","0.400000005960464","0.0626880005002022","40","243","20459.9994234737","1023","19.9999994364357","42.9770295529352","-2.02297044706479","10"
"default_fish","10","2","9","0","0","0","0","2.48217558860779","0","288.085052490234","41140.69140625","0","0","72126.328125","0","0","0","392.660614013672","1304.21911621094","0","1304.21911621094","7255.8359375","26584.65234375","0","0.354635179042816","0.512115478515625","0","0","41347.765625","0","21.1748142242432","1.19538676738739","0","8","221","16","338","229","229","-1","0","222","0","28","0","45","0.449999988079071","0.0626880005002022","35","242","20460.0004914458","1023","20.0000004803967","43.8275899171454","-1.17241008285457","10"
"default_fish","10","2","10","0","0","0","0","0.774832904338837","0","358.955932617188","55197.31640625","0","0","93620.1796875","0","0","0","382.062042236328","1724.49377441406","0","1724.49377441406","9415.6181640625","30925.001953125","0","0.460196405649185","0.658863604068756","0","0","55451.984375","0","27.0758514404297","1.23628652095795","0","6","224","18","337","231","231","-1","0","225","0","30","0","45","0.466666668653488","0.0626880005002022","40","236","20459.9993578398","1023","19.9999993722774","44.3043728421206","-0.695627157879422","10"
"default_fish","10","3","0","0","0","0","0","3.78136849403381","0","11.6512441635132","96.3156051635742","0","0","584.046081542969","0","0","0","111.475212097168","139.224304199219","0","139.224304199219","101.634811401367","514.933349609375","0","0.00496748834848404","0.0155200595036149","0","0","107.435119628906","0","0.256069183349609","0.489634215831757","0","9","206","0","399","218","218","-1","0","207","0","17","0","20.5818538665771","0.0833333358168602","0.0940320044755936","6","373","20459.9999580037","1023","19.9999999589479","18.6670924463215","-1.91476142025569","10"
"default_fish","10","3","1","0","0","0","0","3.78136849403381","0","17.8810691833496","68.4820327758789","0","0","552.636108398438","0","0","0","180.685897827148","139.224304199219","0","139.224304199219","121.384452819824","513.368469238281","0","0.00593276880681515","0.0251558683812618","0","0","85.8728256225586","0","0.468618154525757","0.38342297077179","0","9","206","0","397","218","218","-1","0","207","0","17","0","16.8776588439941","0.100000001490116","0.0940320044755936","8","366","20460.000511125","1023","20.0000004996334","13.6411636918568","-3.23649515213731","10"
"default_fish","10","3","2","0","0","0","0","3.94273447990417","0","39.1467399597168","40.1367950439453","0","0","519.807922363281","0","0","0","187.699737548828","309.123077392578","0","309.123077392578","174.770751953125","509.759338378906","0","0.00854207016527653","0.058022316545248","0","0","78.8400497436523","0","1.41070127487183","0.268018215894699","0","9","208","1","388","219","219","-1","0","209","1","18","0","12.289511680603","0.150000005960464","0.0940320044755936","13","346","20459.9995752279","1023","19.999999584778","8.46587978790359","-3.82363189269944","10"
"default_fish","10","3","3","0","0","0","0","3.8844313621521","0","45.5685081481934","37.5233879089355","0","0","522.459777832031","0","0","0","177.947814941406","378.490020751953","0","378.490020751953","189.05973815918","509.055786132813","0","0.00924045592546463","0.0673514753580093","0","0","82.6486206054688","0","1.80362677574158","0.313753038644791","0","9","213","5","382","223","223","-1","0","214","0","22","0","11.5316200256348","0.200000002980232","0.0940320044755936","14","329","20460.0010739917","1023","20.0000010498453","7.88571192361458","-3.64590810202019","10"
"default_fish","10","3","4","0","0","0","0","3.92272400856018","0","83.9216995239258","24.1406497955322","0","0","483.500793457031","0","0","0","236.733139038086","555.260559082031","0","555.260559082031","250.9912109375","505.431701660156","0","0.0122674098238349","0.131448566913605","0","0","107.672355651855","0","4.11513328552246","0.21907015144825","0","9","219","9","376","227","227","-1","0","220","1","26","0","9.04441261291504","0.25","0.0940320044755936","25","317","20460.0004843596","1023","20.0000004734698","5.3549085996609","-3.68950401325414","10"
"default_fish","10","3","5","0","0","0","0","3.81668758392334","0","91.4690628051758","23.4191913604736","0","0","478.943664550781","0","0","0","222.685089111328","643.241027832031","0","643.241027832031","259.609161376953","505.063354492188","0","0.0126886200159788","0.143240183591843","0","0","114.503746032715","0","4.69701433181763","0.233724296092987","0","9","225","14","371","232","232","-1","0","226","0","31","0","8.51318550109863","0.300000011920929","0.0940320044755936","28","308","20459.9996729374","1023","19.9999996802907","5.08208318254427","-3.43110231855436","10"
"default_fish","10","3","6","0","0","0","0","3.77424907684326","0","80.9554748535156","27.2600860595703","0","0","497.279693603516","0","0","0","188.725677490234","632.426025390625","0","632.426025390625","245.196563720703","506.047485351563","0","0.0119841927662492","0.119355030357838","0","0","107.810554504395","0","3.95301651954651","0.307990789413452","0","9","230","18","365","236","236","-1","0","231","0","35","0","8.62653636932373","0.349999994039536","0.0940320044755936","26","301","20459.9983080416","1023","19.9999983460818","5.76266198357505","-2.86387438574868","10"
"default_fish","10","3","7","0","0","0","0","3.43502497673035","0","129.874542236328","19.8627796173096","0","0","447.630157470703","0","0","0","248.862518310547","847.513732910156","0","847.513732910156","291.737670898438","503.565490722656","0","0.0142589285969734","0.21091440320015","0","0","149.38801574707","0","7.5032958984375","0.218268275260925","0","9","237","23","360","241","241","-1","0","238","1","40","0","6.94173765182495","0.400000005960464","0.0940320044755936","40","298","20459.9994252276","1023","19.9999994381501","3.87645430337043","-3.06528334845452","10"
"default_fish","10","3","8","0","0","0","0","1.94003045558929","0","215.609680175781","30228.677734375","0","0","52896.25390625","0","0","0","273.498016357422","1346.44665527344","0","1346.44665527344","5319.5537109375","16861.478515625","0","0.259997725486755","0.368250489234924","0","0","30383.5390625","0","14.6907987594604","1.24836432933807","0","8","244","28","355","246","246","-1","0","245","0","45","0","45","0.449999988079071","0.0940320044755936","41","262","20460.0009518487","1023","20.0000009304483","44.9132189710652","-0.0867810289348228","10"
"default_fish","10","3","9","0","0","0","0","0.892402291297913","0","210.976791381836","31509.140625","0","0","53262.53515625","0","0","0","231.053939819336","1565.38415527344","0","1565.38415527344","5356.32470703125","12856.2392578125","0","0.261794984340668","0.361688166856766","0","0","31658.625","0","14.4175453186035","1.32912528514862","0","7","251","33","350","256","251","-1","0","255","0","50","0","45","0.5","0.0940320044755936","40","262","20459.997430895","1023","19.9999974886559","46.3702801072123","1.37028010721229","10"
"default_fish","10","3","10","0","0","0","0","0.236808210611343","0","223.750640869141","5.18001890182495","0","0","477.338562011719","0","0","0","229.163375854492","1688.04833984375","0","1688.04833984375","34.7662582397461","633.181701660156","0","0.00169923040084541","0.386838853359222","0","0","228.593688964844","0","15.6041698455811","0.0139310276135802","0","6","253","35","349","259","253","-1","0","258","0","52","0","0.242537781596184","0.516666650772095","0.0940320044755936","43","263","20460.0024943345","1023","20.0000024382547","0.251678552785584","0.00914077118939999","10"
"default_fish","10","4","0","0","0","0","0","0.922311305999756","0","5.93809461593628","289.615386962891","0","0","856.279113769531","0","0","0","20.2697067260742","405.840454101563","0","405.840454101563","96.6803970336914","517.346801757813","0","0.00472533656284213","0.00822626706212759","0","0","294.696594238281","0","0.161768168210983","0.921726584434509","0","9","236","3","396","240","240","-1","0","237","0","39","0","32.0738906860352","0.216666668653488","0.125376001000404","22","367","20460.0023189759","1023","20.0000022668386","35.0590609960776","2.98517031004249","10"
"default_fish","10","4","1","0","0","0","0","3.56730389595032","0","34.0426597595215","49.2450332641602","0","0","555.734191894531","0","0","0","83.8884506225586","554.628051757813","0","554.628051757813","166.399078369141","510.741394042969","0","0.00813289824873209","0.0465268902480602","0","0","82.8015670776367","0","1.22978079319","0.436798393726349","0","9","239","5","395","242","242","-1","0","240","0","41","0","12.8766078948975","0.233333334326744","0.125376001000404","28","340","20459.9975654536","1023","19.9999976201893","10.0670173537398","-2.80959054115769","10"
"default_fish","10","4","2","0","0","0","0","3.34785127639771","0","27.4252452850342","58.0477333068848","0","0","573.930969238281","0","0","0","70.4050369262695","530.527038574219","0","530.527038574219","151.628784179688","511.816619873047","0","0.00741098681464791","0.0373517759144306","0","0","84.9635467529297","0","0.952648341655731","0.488230526447296","0","9","241","7","393","244","244","-1","0","242","0","43","0","14.1530923843384","0.25","0.125376001000404","29","346","20459.9991839132","1023","19.9999992022612","11.444028393482","-2.70906399085642","10"
"default_fish","10","4","3","0","0","0","0","3.45214486122131","0","41.2543144226074","44.054313659668","0","0","552.298767089844","0","0","0","86.9873962402344","659.582092285156","0","659.582092285156","183.07861328125","509.869567871094","0","0.00894812401384115","0.0573753267526627","0","0","84.831657409668","0","1.67627811431885","0.444454431533813","0","9","249","12","388","253","249","-1","0","252","0","48","0","11.7194499969482","0.300000011920929","0.125376001000404","34","330","20459.9995482919","1023","19.9999995584476","8.97234361812849","-2.74710637881976","10"
"default_fish","10","4","4","0","0","0","0","3.07857775688171","0","21.0915184020996","81.354850769043","0","0","648.858703613281","0","0","0","46.642879486084","624.105773925781","0","624.105773925781","142.300033569336","513.390930175781","0","0.0069550359621644","0.0291100908070803","0","0","101.86449432373","0","0.79603385925293","0.668396770954132","0","9","254","17","383","260","254","-1","0","259","0","53","0","15.7492246627808","0.349999994039536","0.125376001000404","35","336","20459.9996813032","1023","19.9999996884684","13.8229144237271","-1.9263102390537","10"
"default_fish","10","4","5","0","0","0","0","2.95121383666992","0","83.8167953491211","27.537576675415","0","0","496.668273925781","0","0","0","138.420776367188","905.582336425781","0","905.582336425781","247.433303833008","506.047668457031","0","0.0120935142040253","0.125351399183273","0","0","110.95189666748","0","4.21368408203125","0.321220278739929","0","9","260","23","379","268","260","-1","0","267","0","59","0","8.26522445678711","0.400000005960464","0.125376001000404","49","318","20460.0002661469","1023","20.0000002601631","5.53632987722723","-2.72889457955988","10"
"default_fish","10","4","6","0","0","0","0","2.85020685195923","0","20.5582962036133","106.579284667969","0","0","766.56884765625","0","0","0","36.9494132995605","770.857971191406","0","770.857971191406","153.762603759766","514.101928710938","0","0.0075152781791985","0.0284827519208193","0","0","126.448471069336","0","0.807472050189972","0.843809366226196","0","9","266","29","375","276","266","-1","0","275","0","65","0","16.1775817871094","0.449999988079071","0.125376001000404","29","327","20460.001625138","1023","20.0000015886002","15.2988490619016","-0.878732725207804","10"
"default_fish","10","4","7","0","0","0","0","2.59413719177246","0","30.9332847595215","69.9071502685547","0","0","673.884094238281","0","0","0","48.6670265197754","901.471435546875","0","901.471435546875","176.584182739258","512.296997070313","0","0.00863070413470268","0.0438719317317009","0","0","100.262275695801","0","1.35303246974945","0.727910459041595","0","9","273","36","372","284","273","-1","0","283","0","72","0","12.3257846832275","0.5","0.125376001000404","40","324","20459.997235827","1023","19.9999972979736","11.345508098491","-0.980276584736542","10"
"default_fish","10","4","8","0","0","0","0","1.8441995382309","0","49.7821884155273","46.7344665527344","0","0","591.083312988281","0","0","0","66.7201843261719","1113.62658691406","0","1113.62658691406","208.286865234375","510.082824707031","0","0.0101801995187998","0.0743013769388199","0","0","96.0398254394531","0","2.47612023353577","0.591319918632507","0","9","280","43","369","293","280","-1","0","292","0","79","0","8.80480480194092","0.550000011920929","0.125376001000404","55","319","20459.9983379237","1023","19.999998375292","7.87499584876738","-0.929808953173537","10"
"default_fish","10","4","9","0","0","0","0","1.46145629882813","0","52.6287994384766","45.9595794677734","0","0","590.481384277344","0","0","0","66.24609375","1191.75769042969","0","1191.75769042969","213.584243774414","509.950866699219","0","0.0104391146451235","0.0789492875337601","0","0","98.1174392700195","0","2.66670680046082","0.595798790454865","0","9","283","46","369","297","283","-1","0","296","0","82","0","8.35799884796143","0.566666662693024","0.125376001000404","57","319","20459.9959896204","1023","19.9999960797853","7.59821815434915","-0.759780693612276","10"
"default_fish","10","4","10","0","0","0","0","1.39949107170105","0","45.2366561889648","55.6136436462402","0","0","642.937805175781","0","0","0","56.4025840759277","1183.90270996094","0","1183.90270996094","207.994491577148","511.002014160156","0","0.0101659083738923","0.0667751729488373","0","0","100.334899902344","0","2.21268653869629","0.694968700408936","0","9","286","49","369","300","286","-1","0","299","0","85","0","8.94524097442627","0.583333313465118","0.125376001000404","51","321","20460.0006145355","1023","20.000000600719","8.75680898125335","-0.188431993172921","10"
"default_fish","15","0","0","0","0","0","0","5.04846668243408","0","36.4564590454102","39.9342613220215","0","0","505.267028808594","0","0","0","427.436981201172","168.124984741211","0","168.124984741211","165.005233764648","509.781616210938","0","0.00806477386504412","0.0718628391623497","0","0","75.9510650634766","0","1.05037212371826","-0.0393055863678455","0","9","128","4","385","203","203","-1","0","129","0","2","0","12.9070930480957","0.0500000007450581","0","21","385","20459.9951004015","1023","19.9999952105586","6.44356662500733","-6.46352642308837","10"
"default_fish","15","0","1","0","0","0","0","4.22862958908081","0","99.8295288085938","20.3508987426758","0","0","467.903778076172","0","0","0","487.298828125","356.220458984375","0","356.220458984375","272.262969970703","503.880706787109","0","0.0133070861920714","0.173585802316666","0","0","119.808959960938","0","4.47135925292969","-0.0363553203642368","0","9","139","7","385","206","206","-1","0","140","0","5","0","8.88553905487061","0.100000001490116","0","41","369","20459.9989840692","1023","19.9999990069103","4.3966072287462","-4.4889318261244","10"
"default_fish","15","0","2","0","0","0","0","4.06227254867554","0","162.326568603516","13.2893095016479","0","0","421.100921630859","0","0","0","495.139404296875","564.517028808594","0","564.517028808594","336.982025146484","500.823455810547","0","0.0164702832698822","0.279514610767365","0","0","175.298446655273","0","8.98014545440674","-0.0366898365318775","0","9","148","9","377","208","208","-1","0","149","0","7","0","7.44151067733765","0.150000005960464","0","61","354","20460.0017877467","1023","20.000001747553","3.37808679658066","-4.06342388075698","10"
"default_fish","15","0","3","0","0","0","0","3.90326261520386","0","217.603881835938","9.43979167938232","0","0","372.582305908203","0","0","0","533.295227050781","708.358825683594","0","708.358825683594","371.557434082031","499.317779541016","0","0.0181601885706186","0.377764374017715","0","0","226.770126342773","0","13.7177286148071","-0.0182894952595234","0","9","158","12","370","211","211","-1","0","159","1","10","0","6.60328245162964","0.200000002980232","0","76","339","20459.9986744176","1023","19.9999987042206","2.75543009392082","-3.84785235770882","10"
"default_fish","15","0","4","0","0","0","0","3.6237428188324","0","283.416198730469","6.26855707168579","0","0","309.089538574219","0","0","0","564.772094726563","900.595642089844","0","900.595642089844","389.05712890625","498.757019042969","0","0.0190154984593391","0.50863128900528","0","0","289.461578369141","0","20.0118789672852","-0.0100394859910011","0","9","167","15","363","214","214","-1","0","168","1","13","0","5.72825765609741","0.25","0","94","319","20460.0016001774","1023","20.0000015642008","2.14253781112385","-3.58571984497356","10"
"default_fish","15","0","5","0","0","0","0","3.24385190010071","0","366.972961425781","-4.15271139144897","0","0","253.196517944336","0","0","0","603.32373046875","1107.75830078125","0","1107.75830078125","-393.524993896484","542.638305664063","0","-0.0192338712513447","0.668336868286133","0","0","362.646759033203","0","27.7670974731445","-0.00911810994148254","0","9","174","16","354","215","215","-1","0","175","1","14","0","1.2321400642395","0.300000011920929","0","117","297","20459.9993809864","1023","19.9999993949036","-1.64912616647737","-2.88126623071687","10"
"default_fish","15","0","6","0","0","0","0","2.80772542953491","0","436.985137939453","-2.51035213470459","102.463500976563","0","187.041778564453","0","0","0","623.871887207031","1278.29833984375","0","1278.29833984375","-337.217010498047","535.63818359375","0","-0.0164817702025175","0.797494411468506","0","0","587.129089355469","0","34.0110321044922","-0.0137360570952296","0","9","181","18","346","217","217","-1","0","182","2","16","0","1.16588032245636","0.349999994039536","0","132","276","20459.9995239916","1023","19.9999995346936","-1.18421284422699","-2.35009316668335","10"
"default_fish","15","0","7","0","0","0","0","2.77288603782654","0","446.043334960938","-1.80758559703827","33.2814102172852","0","180.456130981445","0","0","0","630.7734375","1292.15148925781","0","1292.15148925781","-303.390838623047","536.122741699219","0","-0.0148284863680601","0.815054774284363","0","0","533.205383300781","0","34.6920700073242","-0.0164316669106483","0","9","183","18","343","217","217","-1","0","184","2","16","0","1.18633079528809","0.366666674613953","0","135","274","20460.0005079775","1023","20.0000004965567","-1.04245324793366","-2.22878404322174","10"
"default_fish","15","1","0","0","0","0","0","4.82628297805786","0","24.0861225128174","61.0254669189453","0","0","510.210723876953","0","0","0","559.36279296875","96.9702529907227","0","96.9702529907227","133.967208862305","511.926361083984","0","0.00654776254668832","0.0542415492236614","0","0","84.6509780883789","0","0.625817179679871","0.00200363108888268","0","9","148","1","391","208","208","-1","0","149","0","7","0","14.7876224517822","0.0333333350718021","0.0313440002501011","25","389","20459.998038576","1023","19.9999980826745","6.9333622892155","-7.85426016256673","10"
"default_fish","15","1","1","0","0","0","0","4.39721155166626","0","35.830451965332","40.3358955383301","0","0","505.017883300781","0","0","0","504.630798339844","136.375381469727","0","136.375381469727","163.507476806641","509.882934570313","0","0.00799156818538904","0.0688192173838615","0","0","75.72705078125","0","1.04930305480957","0.0177607201039791","0","9","152","2","391","209","209","-1","0","153","0","8","0","12.9852561950684","0.0500000007450581","0.0313440002501011","26","383","20459.9989656074","1023","19.9999989888635","6.66846437558449","-6.31679181948387","10"
"default_fish","15","1","2","0","0","0","0","4.04569339752197","0","84.2611541748047","23.3347663879395","0","0","478.109954833984","0","0","0","481.219085693359","300.939483642578","0","300.939483642578","248.834182739258","504.840057373047","0","0.0121619841083884","0.144817814230919","0","0","107.203269958496","0","3.4894392490387","0.0275445561856031","0","9","161","5","391","212","212","-1","0","162","0","11","0","9.47715282440186","0.100000001490116","0.0313440002501011","30","362","20459.9990035862","1023","19.9999990259884","4.81744623906799","-4.65970658533386","10"
"default_fish","15","1","3","0","0","0","0","3.99531197547913","0","120.686599731445","17.6890087127686","0","0","452.302429199219","0","0","0","521.704528808594","392.440185546875","0","392.440185546875","292.940521240234","502.44189453125","0","0.014317718334496","0.204737842082977","0","0","138.013732910156","0","5.96969270706177","0.0452961511909962","0","9","170","8","384","215","215","-1","0","171","0","14","0","8.35076904296875","0.150000005960464","0.0313440002501011","33","341","20460.0002875071","1023","20.0000002810431","4.01007955881188","-4.34068948415687","10"
"default_fish","15","1","4","0","0","0","0","4.02741527557373","0","172.204849243164","12.801420211792","0","0","412.167907714844","0","0","0","545.599548339844","537.269958496094","0","537.269958496094","338.362609863281","500.243255615234","0","0.0165377631783485","0.293134212493896","0","0","184.686813354492","0","9.85247230529785","0.0437728427350521","0","9","177","9","375","216","216","-1","0","178","0","15","0","7.28065061569214","0.200000002980232","0.0313440002501011","39","322","20459.998502474","1023","19.9999985361427","3.23417484669567","-4.04647576899647","10"
"default_fish","15","1","5","0","0","0","0","3.81944727897644","0","267.944610595703","7.01557874679565","0","0","325.117797851563","0","0","0","567.892272949219","838.472412109375","0","838.472412109375","385.616394042969","498.709411621094","0","0.018847331404686","0.476161986589432","0","0","274.722717285156","0","18.4110851287842","0.00411101430654526","0","9","183","10","366","217","217","-1","0","184","1","16","0","5.91720008850098","0.25","0.0313440002501011","86","320","20459.9996552877","1023","19.9999996630379","2.26846054547881","-3.64873954302217","10"
"default_fish","15","1","6","0","0","0","0","3.69488477706909","0","317.285552978516","5.65921640396118","0","0","280.860260009766","0","0","0","605.797790527344","930.790466308594","0","930.790466308594","382.817565917969","499.075866699219","0","0.0187105350196362","0.563870787620544","0","0","322.739532470703","0","22.8441619873047","0.0190084464848042","0","9","189","11","357","218","218","-1","0","190","1","17","0","5.25135469436646","0.300000011920929","0.0313440002501011","93","302","20460.0010377155","1023","20.0000010143847","1.90155528818725","-3.3497994061792","10"
"default_fish","15","1","7","0","0","0","0","3.48535394668579","0","369.338104248047","46610.22265625","128.247772216797","0","87654.796875","0","0","0","633.208862304688","1029.92041015625","0","1029.92041015625","8814.8896484375","64152.22265625","0","0.430835276842117","0.652154743671417","0","0","46972.44921875","0","27.3654518127441","0.750153660774231","0","9","194","12","348","219","219","-1","0","195","0","18","0","45","0.349999994039536","0.0313440002501011","63","251","20459.9997313307","1023","19.9999997373711","41.3482066795203","-3.65179332047966","10"
"default_fish","15","1","8","0","0","0","0","2.90323615074158","0","431.214050292969","58132.53515625","0","0","105982.3984375","0","0","0","634.396545410156","1210.18408203125","0","1210.18408203125","10653.8408203125","73383.40625","0","0.520715534687042","0.767736613750458","0","0","58446.4453125","0","32.7848815917969","0.807604372501373","0","9","201","15","341","222","222","-1","0","202","0","21","0","45","0.400000005960464","0.0313440002501011","76","242","20460.0018832079","1023","20.000001840868","42.706858440578","-2.29314155942202","10"
"default_fish","15","1","9","0","0","0","0","2.67494511604309","0","438.002960205078","60290.39453125","0","0","108361.6328125","0","0","0","617.416625976563","1273.68237304688","0","1273.68237304688","10899.142578125","71154.5078125","0","0.532704889774323","0.786392688751221","0","0","60607.79296875","0","33.4458923339844","0.856133222579956","0","8","204","17","340","224","224","-1","0","205","0","23","0","45","0.416666686534882","0.0313440002501011","71","240","20460.0010011967","1023","20.0000009786869","42.6410493522869","-2.35895064771309","10"
"default_fish","15","1","10","0","0","0","0","2.27430582046509","0","465.088958740234","66681.6484375","0","0","117301.640625","0","0","0","616.171508789063","1367.45703125","0","1367.45703125","11797.58203125","69218.1953125","0","0.576616883277893","0.842588007450104","0","0","67016.0859375","0","35.7668647766113","0.941414892673492","0","8","206","19","339","226","226","-1","0","207","0","25","0","45","0.433333367109299","0.0313440002501011","69","236","20460.0010394845","1023","20.0000010161139","43.1837397170109","-1.81626028298911","10"
"default_fish","15","2","0","0","0","0","0","3.98573207855225","0","8.42965126037598","94.9735641479492","0","0","516.700561523438","0","0","0","517.926147460938","47.0529098510742","0","47.0529098510742","81.6240844726563","515.391906738281","0","0.00398944690823555","0.0243699327111244","0","0","102.91291809082","0","0.174350455403328","0.0296428874135017","0","9","170","2","398","215","215","-1","0","171","6","14","0","23.5854072570801","0.0333333350718021","0.0626880005002022","28","398","20460.0001830221","1023","20.0000001789072","9.42193522869701","-14.1634720283831","10"
"default_fish","15","2","1","0","0","0","0","3.88254380226135","0","20.8640403747559","54.8734130859375","0","0","512.941528320313","0","0","0","315.317840576172","135.315658569336","0","135.315658569336","126.880867004395","512.481628417969","0","0.00620141113176942","0.0426674410700798","0","0","75.2883758544922","0","0.563449025154114","0.0844562128186226","0","9","172","2","397","215","215","-1","0","173","4","14","0","15.6615877151489","0.0500000007450581","0.0626880005002022","25","388","20459.999233786","1023","19.9999992510127","8.35713828167171","-7.30444943347721","10"
"default_fish","15","2","2","0","0","0","0","3.88520073890686","0","51.8452262878418","32.043155670166","0","0","496.947662353516","0","0","0","374.585876464844","242.563140869141","0","242.563140869141","198.016983032227","508.055908203125","0","0.00967825017869473","0.0908607244491577","0","0","83.4736480712891","0","1.92764174938202","0.083651065826416","0","9","180","4","396","217","217","-1","0","181","0","16","0","11.1647748947144","0.100000001490116","0.0626880005002022","30","366","20459.9983856723","1023","19.999998421967","6.11459865851506","-5.0501762361993","10"
"default_fish","15","2","3","0","0","0","0","3.96207022666931","0","68.7639236450195","26.5910720825195","0","0","485.974212646484","0","0","0","351.611358642578","334.289611816406","0","334.289611816406","227.009246826172","506.390686035156","0","0.0110952695831656","0.117540016770363","0","0","94.9555892944336","0","3.06899666786194","0.112113296985626","0","9","186","5","387","218","218","-1","0","187","1","17","0","9.98900508880615","0.150000005960464","0.0626880005002022","26","343","20460.0028079176","1023","20.0000027447875","5.4165380487682","-4.57246704003795","10"
"default_fish","15","2","4","0","0","0","0","3.97542834281921","0","85.3905944824219","23.1220169067383","0","0","475.896545410156","0","0","0","407.682739257813","340.87744140625","0","340.87744140625","250.678359985352","505.022491455078","0","0.0122521193698049","0.138969853520393","0","0","108.125175476074","0","4.10154962539673","0.130066379904747","0","9","190","5","377","218","218","-1","0","191","1","17","0","9.16176128387451","0.200000002980232","0.0626880005002022","23","324","20459.9998105752","1023","19.999999814834","5.05798451349952","-4.10377677037499","10"
"default_fish","15","2","5","0","0","0","0","3.98511624336243","0","114.635734558105","19.2408905029297","0","0","455.242218017578","0","0","0","408.927917480469","452.032836914063","0","452.032836914063","283.082366943359","503.239593505859","0","0.0138358930125833","0.184848845005035","0","0","133.51057434082","0","6.13289833068848","0.142938867211342","0","9","195","6","368","219","219","-1","0","196","1","18","0","7.98042106628418","0.25","0.0626880005002022","23","299","20459.9997040961","1023","19.9999997107489","4.29259029751476","-3.68783076876942","10"
"default_fish","15","2","6","0","0","0","0","3.59242796897888","0","269.762786865234","8.02599716186523","0","0","327.578979492188","0","0","0","531.187927246094","878.99658203125","0","878.99658203125","373.105987548828","499.047149658203","0","0.0182358734309673","0.466912418603897","0","0","277.542846679688","0","18.2070026397705","0.0388368405401707","0","9","204","11","363","224","224","-1","0","205","0","23","0","5.77199983596802","0.300000011920929","0.0626880005002022","69","303","20460.0009405218","1023","20.0000009193761","2.23833091479757","-3.53366892117044","10"
"default_fish","15","2","7","0","0","0","0","3.23287105560303","0","320.668273925781","16.8145656585693","125.123497009277","0","365.172729492188","0","0","0","529.3046875","1047.78784179688","0","1047.78784179688","178.739974975586","578.8935546875","0","0.00873606838285923","0.554598987102509","0","0","462.078125","0","22.7224254608154","0.0787134915590286","0","9","211","17","359","230","230","-1","0","212","0","29","0","3.238600730896","0.349999994039536","0.0626880005002022","48","256","20460.0018157237","1023","20.0000017749009","0.902562996257163","-2.33603773463883","10"
"default_fish","15","2","8","0","0","0","0","3.1888689994812","0","274.433502197266","34957.68359375","122.976829528809","0","64109.53515625","0","0","0","466.025268554688","1000.9736328125","0","1000.9736328125","6450.35546875","35345.140625","0","0.315266668796539","0.46647897362709","0","0","35244.16015625","0","19.0438270568848","0.987587928771973","0","9","218","22","354","235","235","-1","0","219","0","34","0","45","0.400000005960464","0.0626880005002022","46","256","20459.9981766953","1023","19.9999982176885","42.5196645716273","-2.48033542837267","10"
"default_fish","15","2","9","0","0","0","0","2.66673445701599","0","291.676910400391","40377.7265625","0","0","70840.9609375","0","0","0","438.455657958984","1167.99829101563","0","1167.99829101563","7132.5869140625","33354.25","0","0.348611265420914","0.512115478515625","0","0","40587.515625","0","20.9345893859863","1.08240592479706","0","8","226","28","350","241","241","-1","0","227","0","40","0","45","0.449999988079071","0.0626880005002022","47","254","20460.0012149653","1023","20.0000011876494","42.9005475420882","-2.09945245791176","10"
"default_fish","15","2","10","0","0","0","0","2.68165826797485","0","263.519195556641","37198.48046875","0","0","64117.28125","0","0","0","392.900238037109","1141.84631347656","0","1141.84631347656","6457.93505859375","26786.333984375","0","0.315637141466141","0.448631674051285","0","0","37386.82421875","0","18.4614181518555","1.14167368412018","0","8","229","30","349","243","243","-1","0","230","0","42","0","45","0.466666668653488","0.0626880005002022","41","255","20459.9972886477","1023","19.9999973496067","44.7129358915675","-0.287064108432524","10"
"default_fish","15","3","0","0","0","0","0","3.23401021957397","0","2.00601315498352","316.010040283203","0","0","465.108612060547","0","0","0","80.523567199707","47.9048080444336","0","47.9048080444336","49.7148399353027","322.573669433594","0","0.00242985505610704","0.00385746592655778","0","0","317.427947998047","0","0.0329923368990421","0.802492737770081","0","9","189","0","400","218","218","-1","0","190","0","17","0","45","0.0666666701436043","0.0940320044755936","3","390","20460.0022583045","1023","20.0000022075313","39.0434565980066","-5.95654340199339","10"
"default_fish","15","3","1","0","0","0","0","3.75623440742493","0","12.348744392395","84.4092254638672","0","0","550.363098144531","0","0","0","152.946060180664","112.07543182373","0","112.07543182373","101.648696899414","514.625061035156","0","0.00496816681697965","0.0171414948999882","0","0","96.2663726806641","0","0.281644225120544","0.360360980033875","0","9","190","0","399","218","218","-1","0","191","0","17","0","19.3834609985352","0.0833333358168602","0.0940320044755936","7","375","20460.0007697025","1023","20.0000007523974","16.8479431618769","-2.53551783665824","10"
"default_fish","15","3","2","0","0","0","0","3.61223387718201","0","19.2242565155029","62.5992660522461","0","0","533.546142578125","0","0","0","155.111114501953","181.994445800781","0","181.994445800781","123.29239654541","512.981018066406","0","0.00602602120488882","0.0282293632626534","0","0","81.3533554077148","0","0.519850730895996","0.286483108997345","0","9","193","1","398","219","219","-1","0","194","0","18","0","16.0833015441895","0.100000001490116","0.0940320044755936","10","367","20460.0004469591","1023","20.0000004369101","12.3255721266098","-3.75772941757964","10"
"default_fish","15","3","3","0","0","0","0","3.76809406280518","0","28.6392822265625","49.894889831543","0","0","527.399169921875","0","0","0","146.552734375","278.787658691406","0","278.787658691406","148.878799438477","511.290588378906","0","0.00727657787501812","0.0408570989966393","0","0","78.0744247436523","0","0.921803712844849","0.279574543237686","0","9","199","3","390","221","221","-1","0","200","0","20","0","13.6460943222046","0.150000005960464","0.0940320044755936","11","348","20460.0022147232","1023","20.0000021649298","10.2590092094456","-3.38708511275899","10"
"default_fish","15","3","4","0","0","0","0","3.93891334533691","0","59.9370079040527","30.0827770233154","0","0","497.441528320313","0","0","0","223.312606811523","412.593200683594","0","412.593200683594","211.868026733398","507.238494873047","0","0.010355232283473","0.0921372547745705","0","0","89.6017761230469","0","2.55272650718689","0.189589023590088","0","9","206","8","385","226","226","-1","0","207","1","25","0","10.3792514801025","0.200000002980232","0.0940320044755936","22","334","20459.9975098135","1023","19.9999975658001","6.45306024985818","-3.92619123024436","10"
"default_fish","15","3","5","0","0","0","0","3.86858201026917","0","63.474666595459","30.2578182220459","0","0","500.301330566406","0","0","0","196.737823486328","466.933013916016","0","466.933013916016","216.910980224609","506.987030029297","0","0.0106017095968127","0.0918633863329887","0","0","93.3099212646484","0","2.73863005638123","0.235114544630051","0","9","214","14","381","232","232","-1","0","215","0","31","0","9.94737720489502","0.25","0.0940320044755936","23","318","20460.0001767471","1023","20.0000001727733","6.62712078885899","-3.32025641603603","10"
"default_fish","15","3","6","0","0","0","0","3.78523921966553","0","95.0129547119141","22.7581558227539","0","0","472.584167480469","0","0","0","243.361328125","596.594543457031","0","596.594543457031","260.172088623047","504.528381347656","0","0.0127161331474781","0.145188048481941","0","0","117.38436126709","0","4.79046726226807","0.182732343673706","0","9","221","19","376","237","237","-1","0","222","0","36","0","8.41993236541748","0.300000011920929","0.0940320044755936","33","312","20460.0003480339","1023","20.000000340209","5.02462511311941","-3.39530725229807","10"
"default_fish","15","3","7","0","0","0","0","3.68826961517334","0","84.2953796386719","25.9053001403809","0","0","484.730010986328","0","0","0","206.134170532227","607.580871582031","0","607.580871582031","244.831207275391","505.418090820313","0","0.0119663346558809","0.125243186950684","0","0","109.79776763916","0","4.07952833175659","0.226989954710007","0","9","229","25","372","243","243","-1","0","230","0","42","0","8.560133934021","0.349999994039536","0.0940320044755936","34","309","20460.0000180562","1023","20.0000000176503","5.4826772676672","-3.0774566663538","10"
"default_fish","15","3","8","0","0","0","0","3.33183312416077","0","135.605117797852","19.1770515441895","0","0","441.513061523438","0","0","0","260.273101806641","820.613586425781","0","820.613586425781","293.32763671875","502.864990234375","0","0.0143366390839219","0.213583633303642","0","0","154.428771972656","0","7.63209772109985","0.167053312063217","0","9","237","31","368","249","249","-1","0","238","1","48","0","6.87510108947754","0.400000005960464","0.0940320044755936","49","305","20460.0000740556","1023","20.0000000723906","3.84882943001133","-3.02627165946621","10"
"default_fish","15","3","9","0","0","0","0","2.33535599708557","0","214.586242675781","28868.66015625","98.5890121459961","0","50454.46875","0","0","0","302.158264160156","1146.66003417969","0","1146.66003417969","5082.05615234375","21922.052734375","0","0.248389825224876","0.346472829580307","0","0","29090.21484375","0","14.0187225341797","1.12231194972992","0","8","246","38","365","256","256","-1","0","247","0","55","0","45","0.449999988079071","0.0940320044755936","50","273","20460.0013214824","1023","20.0000012917716","45.7999515379657","0.79995153796569","10"
"default_fish","15","3","10","0","0","0","0","1.28548634052277","0","224.052322387695","32283.904296875","0","0","54464.80078125","0","0","0","270.724548339844","1377.58874511719","0","1377.58874511719","5487.2109375","19598.19140625","0","0.268192082643509","0.372947067022324","0","0","32442.7890625","0","15.1353282928467","1.2045875787735","0","8","255","45","362","263","263","-1","0","256","0","62","0","45","0.5","0.0940320044755936","53","274","20460.0034550379","1023","20.0000033773586","45.9815135075635","0.981513507563506","10"
"default_fish","15","3","11","0","0","0","0","-0.07689368724823","0","231.705551147461","12.921501159668","0","0","615.10498046875","0","0","0","242.130462646484","1625.24182128906","0","1625.24182128906","90.4063110351563","771.197143554688","0","0.00441868603229523","0.393520563840866","0","0","244.184677124023","0","15.9781732559204","0.0813035666942596","0","7","263","52","359","270","270","-1","0","264","0","69","0","0.0057295779697597","0.550000011920929","0.0940320044755936","55","275","20459.9988264375","1023","19.9999988528226","0.643365075497132","0.637635497527372","10"
"default_fish","15","3","12","0","0","0","0","-0.840713083744049","0","234.722122192383","12.9451179504395","0","0","615.60546875","0","0","0","230.819946289063","1742.47473144531","0","1742.47473144531","91.9307708740234","776.886108398438","0","0.00449319463223219","0.402197897434235","0","0","247.224685668945","0","16.3612403869629","0.0453808754682541","0","6","267","55","359","273","273","-1","0","268","0","72","0","0.0057295779697597","0.566666662693024","0.0940320044755936","58","277","20460.0019359395","1023","20.000001892414","0.640098888931662","0.634369310961902","10"
"default_fish","15","4","0","0","0","0","0","0","0","1.01452171802521","350.509796142578","0","0","285.472991943359","0","0","0","4.75664377212524","330.045349121094","0","330.045349121094","35.1225929260254","166.863357543945","0","0.00171664671506733","0.00156990822870284","0","0","351.011962890625","0","0.0198872070759535","0.945212602615356","0","9","224","2","398","239","239","-1","0","225","0","38","0","45","0.200000002980232","0.125376001000404","18","383","20460.0006616084","1023","20.0000006467335","NaN","NaN","10"
"default_fish","15","4","1","0","0","0","0","2.9487726688385","0","27.3452301025391","54.5627479553223","0","0","544.294677734375","0","0","0","79.1222457885742","462.212707519531","0","462.212707519531","146.49772644043","511.596069335938","0","0.00716020166873932","0.0365713089704514","0","0","81.4245147705078","0","0.938229858875275","0.372790217399597","0","9","232","8","394","245","245","-1","0","233","0","44","0","13.7445611953735","0.25","0.125376001000404","30","348","20460.0000416222","1023","20.0000000406864","11.2907257205474","-2.45383547482615","10"
"default_fish","15","4","2","0","0","0","0","3.39617013931274","0","41.7948226928711","41.6702156066895","0","0","528.566955566406","0","0","0","94.409553527832","607.727966308594","0","607.727966308594","178.530471801758","509.490295410156","0","0.00872582942247391","0.0573753230273724","0","0","83.0029830932617","0","1.6495167016983","0.337667852640152","0","9","241","15","391","252","252","-1","0","242","0","51","0","11.4655055999756","0.300000011920929","0.125376001000404","37","333","20460.0002083403","1023","20.0000002036562","8.74767670840661","-2.71782889156898","10"
"default_fish","15","4","3","0","0","0","0","0.734495222568512","0","6.99907112121582","228.323684692383","0","0","765.985107421875","0","0","0","17.4571838378906","547.675659179688","0","547.675659179688","95.905647277832","516.899841308594","0","0.00468746991828084","0.00956087466329336","0","0","234.584777832031","0","0.218047291040421","0.830271124839783","0","9","249","21","387","258","258","-1","0","250","0","57","0","25.9876441955566","0.349999994039536","0.125376001000404","21","350","20460.0027199761","1023","20.0000026588231","29.3587412669575","3.37109707140082","10"
"default_fish","15","4","4","0","0","0","0","2.50172114372253","0","12.4599113464355","119.977607727051","0","0","673.220703125","0","0","0","25.8069362640381","652.685729980469","0","652.685729980469","113.048118591309","515.241027832031","0","0.00552532356232405","0.016843818128109","0","0","131.827133178711","0","0.4311583340168","0.702499747276306","0","9","257","28","384","265","265","-1","0","258","0","64","0","18.9251461029053","0.400000005960464","0.125376001000404","28","341","20459.9997296373","1023","19.9999997357158","19.1494122658892","0.224266162983934","10"
"default_fish","15","4","5","0","0","0","0","2.64495372772217","0","21.0053882598877","77.7378082275391","0","0","621.734619140625","0","0","0","37.2568397521973","764.4970703125","0","764.4970703125","138.087112426758","513.265808105469","0","0.00674912612885237","0.0284827444702387","0","0","98.1839141845703","0","0.810349881649017","0.611611306667328","0","9","267","36","382","273","273","-1","0","268","0","72","0","14.4918756484985","0.449999988079071","0.125376001000404","36","334","20459.9987895379","1023","19.9999988167526","13.706885863888","-0.784989784610511","10"
"default_fish","15","4","6","0","0","0","0","2.30782866477966","0","40.7793464660645","46.3030471801758","0","0","551.269775390625","0","0","0","60.656623840332","938.547424316406","0","938.547424316406","179.635269165039","510.11474609375","0","0.00877982750535011","0.0569291152060032","0","0","86.6061096191406","0","1.82036209106445","0.446118116378784","0","9","278","44","380","281","281","-1","0","279","0","80","0","10.1451921463013","0.5","0.125376001000404","56","330","20459.9998183991","1023","19.999999822482","8.87178461750398","-1.27340752879729","10"
"default_fish","15","4","7","0","0","0","0","0.96217942237854","0","156.702682495117","21.9001789093018","0","0","423.6689453125","0","0","0","202.000152587891","1253.2041015625","0","1253.2041015625","274.759521484375","504.311187744141","0","0.0134291052818298","0.253147423267365","0","0","178.268539428711","0","9.44545936584473","0.165333777666092","0","9","289","52","378","293","289","-1","0","292","0","88","0","5.41994428634644","0.550000011920929","0.125376001000404","85","324","20460.002041695","1023","20.0000019957918","3.04088580549663","-2.3790584808498","10"
"default_fish","15","4","8","0","0","0","0","0.994432330131531","0","47.0046653747559","45.6976432800293","0","0","554.927185058594","0","0","0","58.3217124938965","1164.24633789063","0","1164.24633789063","191.568832397461","509.902526855469","0","0.00936309061944485","0.0679008364677429","0","0","92.2382965087891","0","2.21948742866516","0.476131111383438","0","9","298","61","377","306","298","-1","0","305","0","97","0","8.20178508758545","0.600000023841858","0.125376001000404","61","331","20459.9998209586","1023","19.999999824984","7.92597565831945","-0.275809429265995","10"
"default_fish","15","4","9","0","0","0","0","-0.235920652747154","0","158.067749023438","23.6709289550781","202.716033935547","0","412.450347900391","0","0","0","176.693908691406","1399.06286621094","0","1399.06286621094","251.305816650391","479.595886230469","0","0.0122827868908644","0.247205898165703","0","0","383.640472412109","0","9.44825553894043","0.183763176202774","0","9","301","64","377","310","301","-1","0","309","0","100","0","4.82799434661865","0.616666674613953","0.125376001000404","93","328","20459.9997446268","1023","19.9999997503683","2.84799745696802","-1.97999688965063","10"
"default_fish","2","0","0","0","0","0","0","0","0","38.0691986083984","38.9867744445801","0","0","504.651092529297","0","0","0","455.645965576172","157.716400146484","0","157.716400146484","168.494857788086","509.545013427734","0","0.00823532976210117","0.0718628391623497","0","0","76.6175308227539","0","1.06503045558929","-0.0125396475195885","0","9","193","2","383","201","201","-1","0","194","0","0","0","12.7955284118652","0.0500000007450581","0","19","383","20460.0013181617","1023","20.0000012885256","6.58043232199923","-6.215096089866","10"
"default_fish","2","0","1","0","0","0","0","4.48837947845459","0","100.445365905762","20.3597164154053","0","0","468.480804443359","0","0","0","463.602203369141","368.354888916016","0","368.354888916016","272.931457519531","503.783721923828","0","0.0133397597819567","0.170770138502121","0","0","120.431976318359","0","4.38015699386597","-0.00911707151681185","0","9","193","2","380","201","201","-1","0","194","0","0","0","9.00408935546875","0.100000001490116","0","38","367","20459.9979295503","1023","19.9999979761","4.48024104786548","-4.52384830760327","10"
"default_fish","2","0","2","0","0","0","0","4.46715879440308","0","159.899749755859","13.4440927505493","0","0","421.825164794922","0","0","0","523.06494140625","528.334106445313","0","528.334106445313","334.209350585938","500.888946533203","0","0.0163347665220499","0.276353061199188","0","0","173.024078369141","0","8.8832368850708","-0.00339553295634687","0","9","195","3","371","202","202","-1","0","196","0","1","0","7.6499457359314","0.150000005960464","0","55","349","20460.0016862681","1023","20.000001648356","3.38863286055015","-4.26131287538125","10"
"default_fish","2","0","3","0","0","0","0","4.25114154815674","0","222.999633789063","9.07090282440186","0","0","366.533233642578","0","0","0","529.00244140625","739.982849121094","0","739.982849121094","374.371063232422","499.294952392578","0","0.0182977076619864","0.391452699899673","0","0","231.802932739258","0","14.3134393692017","-0.00405671959742904","0","9","195","3","361","202","202","-1","0","196","0","1","0","6.66410636901855","0.200000002980232","0","73","332","20459.9980581273","1023","19.9999981017862","2.67915760957497","-3.98494875944358","10"
"default_fish","2","0","4","0","0","0","0","3.98833107948303","0","279.899841308594","6.1667160987854","0","0","306.30224609375","0","0","0","566.375366210938","898.586791992188","0","898.586791992188","387.412231445313","499.140899658203","0","0.0189351048320532","0.508937418460846","0","0","285.848693847656","0","20.3073215484619","-0.00299236690625548","0","9","195","3","351","202","202","-1","0","196","0","1","0","5.86742162704468","0.25","0","90","315","20459.9992913429","1023","19.9999993072756","2.1321914816679","-3.73523014537678","10"
"default_fish","2","0","5","0","0","0","0","3.56426024436951","0","336.271179199219","4.21842479705811","0","0","251.123016357422","0","0","0","560.373291015625","1109.90795898438","0","1109.90795898438","386.667938232422","499.710052490234","0","0.0188987255096436","0.621962785720825","0","0","340.315124511719","0","25.8353519439697","-0.0108908992260695","0","9","196","4","342","203","203","-1","0","197","0","2","0","5.06336212158203","0.300000011920929","0","110","303","20460.0007569354","1023","20.0000007399173","1.74123588492991","-3.32212623665212","10"
"default_fish","2","0","6","0","0","0","0","2.94984078407288","0","421.076599121094","-2.46877551078796","38.859260559082","0","188.774887084961","0","0","0","597.855285644531","1325.90466308594","0","1325.90466308594","-371.8740234375","540.953430175781","0","-0.0181756615638733","0.792699038982391","0","0","457.342407226563","0","34.1014366149902","-0.00214921543374658","0","9","197","4","332","203","203","-1","0","198","0","2","0","1.18202459812164","0.349999994039536","0","128","273","20459.9993310094","1023","19.9999993460502","-1.31384021113387","-2.49586480925551","10"
"default_fish","2","0","7","0","0","0","0","2.16904830932617","0","484.4326171875","-1.28853988647461","20.5904579162598","0","130.516616821289","0","0","0","604.313842773438","1537.39526367188","0","1537.39526367188","-308.130889892578","537.171081542969","0","-0.0150601603090763","0.929069221019745","0","0","503.649841308594","0","39.719123840332","-0.0125841442495584","0","9","197","4","322","203","203","-1","0","198","1","2","0","0.787835836410522","0.400000005960464","0","149","254","20460.000661937","1023","20.0000006470547","-0.92880205373279","-1.71663789014331","10"
"default_fish","2","0","8","0","0","0","0","1.94992232322693","0","495.868774414063","1.64429080486298","0","0","107.394454956055","0","0","0","598.486877441406","1590.24841308594","0","1590.24841308594","257.992919921875","507.452026367188","0","0.0126096252351999","0.951742827892303","0","0","497.440795898438","0","40.54248046875","-0.0140454433858395","0","9","197","4","319","203","203","-1","0","198","1","2","0","2.33584070205688","0.416666686534882","0","153","251","20459.9990173922","1023","19.9999990394841","0.759133076993093","-1.57670762506379","10"
"default_fish","2","1","0","0","0","0","0","4.76174211502075","0","28.6469974517822","45.8001899719238","0","0","509.350006103516","0","0","0","356.938934326172","157.785736083984","0","157.785736083984","147.547927856445","511.037078857422","0","0.00721153104677796","0.0563198737800121","0","0","74.0037231445313","0","0.748295187950134","0.0565390698611736","0","9","205","0","390","207","207","-1","0","206","0","6","0","14.2224273681641","0.0333333350718021","0.0313440002501011","24","387","20460.0003659928","1023","20.0000003577642","7.35668925180817","-6.86573811635589","10"
"default_fish","2","1","1","0","0","0","0","4.76174211502075","0","37.316463470459","39.4566764831543","0","0","505.948913574219","0","0","0","436.156127929688","157.785736083984","0","157.785736083984","167.464096069336","509.698944091797","0","0.00818495079874992","0.0688192173838615","0","0","76.335563659668","0","1.06113719940186","0.0694973319768906","0","9","205","0","389","207","207","-1","0","206","0","6","0","12.8972969055176","0.0500000007450581","0.0313440002501011","24","381","20460.0003331617","1023","20.0000003256713","6.83058989316474","-6.06670701235283","10"
"default_fish","2","1","2","0","0","0","0","4.32503604888916","0","84.0233764648438","23.2777709960938","0","0","479.403137207031","0","0","0","447.318756103516","318.365661621094","0","318.365661621094","250.491516113281","504.971923828125","0","0.0122429858893156","0.142410933971405","0","0","106.912483215332","0","3.46350765228271","0.069234162569046","0","9","206","0","386","208","207","-1","0","207","0","6","0","9.56898498535156","0.100000001490116","0.0313440002501011","25","358","20460.0020271104","1023","20.0000019815351","4.93177288894056","-4.63721209641101","10"
"default_fish","2","1","3","0","0","0","0","4.22737216949463","0","135.938262939453","15.8103485107422","0","0","441.589813232422","0","0","0","484.881011962891","477.658477783203","0","477.658477783203","312.164764404297","501.901519775391","0","0.0152573175728321","0.231607526540756","0","0","151.407409667969","0","7.06250476837158","0.0669258236885071","0","9","208","1","377","212","208","-1","0","211","0","7","0","8.06886959075928","0.150000005960464","0.0313440002501011","32","337","20460.0030715853","1023","20.0000030025271","3.77713722630806","-4.29173236445121","10"
"default_fish","2","1","4","0","0","0","0","4.1516432762146","0","181.817428588867","11.8831825256348","0","0","404.027862548828","0","0","0","486.777893066406","637.804016113281","0","637.804016113281","349.856384277344","500.292236328125","0","0.017099529504776","0.310468912124634","0","0","193.398803710938","0","10.7120923995972","0.0651471465826035","0","9","208","1","367","212","208","-1","0","211","0","7","0","7.18527173995972","0.200000002980232","0.0313440002501011","40","320","20460.0006204631","1023","20.0000006065133","3.15724662600791","-4.02802511395181","10"
"default_fish","2","1","5","0","0","0","0","3.94072580337524","0","245.321487426758","8.4068489074707","0","0","344.517944335938","0","0","0","503.574859619141","851.187866210938","0","851.187866210938","375.258911132813","499.593444824219","0","0.018341101706028","0.428636819124222","0","0","253.480041503906","0","16.6030197143555","0.0688331350684166","0","9","208","1","357","212","208","-1","0","211","0","7","0","6.13484764099121","0.25","0.0313440002501011","51","296","20459.9983767322","1023","19.9999984132279","2.45239941235877","-3.68244822863244","10"
"default_fish","2","1","6","0","0","0","0","3.55776071548462","0","328.943298339844","4.72282028198242","0","0","258.91357421875","0","0","0","568.361755371094","1062.38928222656","0","1062.38928222656","381.938842773438","499.835845947266","0","0.0186675861477852","0.603821396827698","0","0","333.484649658203","0","25.0732383728027","0.0269888676702976","0","9","209","2","348","214","209","-1","0","213","0","8","0","5.13197755813599","0.300000011920929","0.0313440002501011","96","294","20460.0016172285","1023","20.0000015808685","1.77162367419714","-3.36035388393885","10"
"default_fish","2","1","7","0","0","0","0","3.32498908042908","0","350.786651611328","6.20474815368652","0","0","241.766357421875","0","0","0","549.716247558594","1168.6845703125","0","1168.6845703125","318.596496582031","503.790588378906","0","0.0155716752633452","0.642444908618927","0","0","356.825439453125","0","27.0796432495117","0.0956535637378693","0","9","209","2","338","214","209","-1","0","213","0","8","0","4.25771903991699","0.349999994039536","0.0313440002501011","73","261","20460.0013289506","1023","20.000001299072","1.38887966733818","-2.86883937257882","10"
"default_fish","2","1","8","0","0","0","0","1.97554922103882","0","438.705810546875","62605.953125","-89.488151550293","0","114257.546875","0","0","0","520.20849609375","1590.51049804688","0","1590.51049804688","11458.7275390625","60458.9140625","0","0.560055196285248","0.827397048473358","0","0","62991.65234375","0","34.9518699645996","1.01550889015198","0","7","209","2","328","215","209","-1","0","214","0","8","0","45","0.400000005960464","0.0313440002501011","77","228","20459.9968272169","1023","19.9999968985502","42.6009406960494","-2.39905930395057","10"
"default_fish","2","1","9","0","0","0","0","1.98032772541046","0","431.886993408203","62100.9296875","0","0","112854.0546875","0","0","0","512.203369140625","1590.43090820313","0","1590.43090820313","11316.3974609375","54414.08984375","0","0.553098618984222","0.814624130725861","0","0","62414.671875","0","34.2241821289063","1.0697056055069","0","7","210","3","326","216","210","-1","0","215","0","9","0","45","0.416666686534882","0.0313440002501011","68","227","20459.9994874699","1023","19.9999994989931","42.7625670696212","-2.23743293037881","10"
"default_fish","2","2","0","0","0","0","0","4.78633403778076","0","6.6981029510498","116.745895385742","0","0","534.441589355469","0","0","0","280.491149902344","48.104850769043","0","48.104850769043","74.9078369140625","516.036987304688","0","0.00366118480451405","0.0134929846972227","0","0","122.921951293945","0","0.124529704451561","0.25398576259613","0","9","213","0","396","222","213","-1","0","221","3","12","0","26.8947219848633","0.0166666675359011","0.0626880005002022","12","396","20459.9988565737","1023","19.9999988822812","15.7440126316563","-11.150709353207","10"
"default_fish","2","2","1","0","0","0","0","4.21677112579346","0","9.41408348083496","89.5152206420898","0","0","520.016357421875","0","0","0","241.782821655273","100.792655944824","0","100.792655944824","86.2834701538086","515.116455078125","0","0.0042171785607934","0.0243699327111244","0","0","98.4411697387695","0","0.196899637579918","0.122656382620335","0","9","213","0","396","222","213","-1","0","221","6","12","0","22.631103515625","0.0333333350718021","0.0626880005002022","26","396","20459.9992411931","1023","19.9999992582532","9.96510865613491","-12.6659948594901","10"
"default_fish","2","2","2","0","0","0","0","4.10635948181152","0","18.8137302398682","58.8782272338867","0","0","517.928161621094","0","0","0","267.980651855469","152.739440917969","0","152.739440917969","121.337455749512","512.932067871094","0","0.00593047216534615","0.0409312136471272","0","0","77.2370300292969","0","0.506558656692505","0.152598276734352","0","9","213","0","395","223","213","-1","0","222","4","12","0","16.6209487915039","0.0500000007450581","0.0626880005002022","25","389","20459.9991984668","1023","19.9999992164876","8.33083643188554","-8.29011235961837","10"
"default_fish","2","2","3","0","0","0","0","4.09587144851685","0","55.458854675293","30.6422271728516","0","0","498.235992431641","0","0","0","315.460083007813","310.114196777344","0","310.114196777344","207.221099853516","507.821533203125","0","0.0101281087845564","0.0978286564350128","0","0","85.6940383911133","0","2.17403960227966","0.150285452604294","0","9","213","0","392","223","213","-1","0","222","0","12","0","11.0086088180542","0.100000001490116","0.0626880005002022","27","360","20459.9994195848","1023","19.9999994326342","5.94242637143641","-5.06618244661778","10"
"default_fish","2","2","4","0","0","0","0","4.06820487976074","0","68.2613067626953","26.7387027740479","0","0","492.826141357422","0","0","0","283.389739990234","414.764526367188","0","414.764526367188","231.685638427734","506.802459716797","0","0.0113238338381052","0.117540016770363","0","0","94.6091613769531","0","3.10881304740906","0.202767610549927","0","9","214","1","383","224","214","-1","0","223","1","13","0","10.0452566146851","0.150000005960464","0.0626880005002022","22","339","20459.9998322213","1023","19.9999998359935","5.52846422698074","-4.51679238770432","10"
"default_fish","2","2","5","0","0","0","0","4.06715393066406","0","69.363410949707","27.4826889038086","0","0","504.462463378906","0","0","0","303.246154785156","362.296875","0","362.296875","237.030807495117","506.974700927734","0","0.0115850828588009","0.109865128993988","0","0","96.4494705200195","0","3.24844717979431","0.303450703620911","0","9","214","1","373","224","214","-1","0","223","1","13","0","9.8558349609375","0.200000002980232","0.0626880005002022","14","321","20460.001053428","1023","20.0000010297439","6.0529910455582","-3.8028439153793","10"
"default_fish","2","2","6","0","0","0","0","3.99351716041565","0","116.796165466309","18.8086166381836","0","0","459.206817626953","0","0","0","323.979339599609","621.150573730469","0","621.150573730469","295.675689697266","504.109588623047","0","0.0144514022395015","0.201239943504333","0","0","135.2626953125","0","6.78019618988037","0.253434360027313","0","9","215","2","364","226","215","-1","0","225","1","14","0","7.77286291122437","0.25","0.0626880005002022","21","294","20459.9999914932","1023","19.9999999916845","4.11805738663208","-3.65480552459228","10"
"default_fish","2","2","7","0","0","0","0","3.48953413963318","0","262.739685058594","8.06430053710938","0","0","326.04296875","0","0","0","450.429931640625","1038.22192382813","0","1038.22192382813","370.433013916016","500.172271728516","0","0.0181052312254906","0.467646270990372","0","0","270.572052001953","0","18.517879486084","0.0882292240858078","0","9","215","2","354","226","215","-1","0","225","0","14","0","5.72005033493042","0.300000011920929","0.0626880005002022","55","288","20459.9990633911","1023","19.9999990844487","2.21879829846695","-3.50125203646347","10"
"default_fish","2","2","8","0","0","0","0","3.66796517372131","0","190.61296081543","13.97287940979","0","0","391.946105957031","0","0","0","362.205139160156","934.046508789063","0","934.046508789063","328.875396728516","502.9306640625","0","0.0160740669816732","0.338316440582275","0","0","204.309799194336","0","12.7446317672729","0.200528010725975","0","9","215","2","344","226","215","-1","0","225","0","14","0","5.78476428985596","0.349999994039536","0.0626880005002022","29","269","20459.9991466678","1023","19.9999991658532","2.7232582430718","-3.06150604678416","10"
"default_fish","2","2","9","0","0","0","0","1.26054358482361","0","339.083068847656","2.55604600906372","0","0","262.470642089844","0","0","0","359.448455810547","1756.39916992188","0","1756.39916992188","106.983505249023","516.132568359375","0","0.0052289105951786","0.631334960460663","0","0","341.462585449219","0","25.6214542388916","0.0875207036733627","0","6","215","2","334","227","215","-1","0","226","0","14","0","1.86050891876221","0.400000005960464","0.0626880005002022","32","230","20459.9989427376","1023","19.9999989665079","0.474546711919758","-1.38596220684245","10"
"default_fish","2","3","0","0","0","0","0","3.62733888626099","0","7.93074035644531","171.150634765625","0","0","720.316223144531","0","0","0","68.7652740478516","164.830062866211","0","164.830062866211","96.0851593017578","516.390319824219","0","0.00469624483957887","0.011334584094584","0","0","178.382934570313","0","0.16042871773243","0.770017325878143","0","9","218","0","400","233","218","-1","0","232","0","17","0","27.6018753051758","0.0666666701436043","0.0940320044755936","6","383","20459.997845933","1023","19.9999978943627","24.4770553131937","-3.12481999198211","10"
"default_fish","2","3","1","0","0","0","0","3.62733888626099","0","6.19338083267212","292.401184082031","0","0","860.822631835938","0","0","0","56.0997314453125","164.830062866211","0","164.830062866211","96.1512222290039","517.129272460938","0","0.00469947280362248","0.00924692209810019","0","0","297.665802001953","0","0.11870663613081","0.925255060195923","0","9","218","0","399","233","218","-1","0","232","0","17","0","34.8253364562988","0.0833333358168602","0.0940320044755936","5","383","20460.0018442256","1023","20.000001802762","30.5453515979659","-4.27998485833295","10"
"default_fish","2","3","2","0","0","0","0","3.80107879638672","0","17.0972175598145","80.7714996337891","0","0","609.754333496094","0","0","0","117.535049438477","214.028656005859","0","214.028656005859","125.584968566895","513.869140625","0","0.00613807234913111","0.0251558683812618","0","0","97.3240509033203","0","0.454319804906845","0.571364283561707","0","9","218","0","397","233","218","-1","0","232","0","17","0","18.0715732574463","0.100000001490116","0.0940320044755936","8","366","20460.0013528143","1023","20.0000013223991","14.1228394197285","-3.94873383771782","10"
"default_fish","2","3","3","0","0","0","0","3.98595237731934","0","46.7745513916016","36.1367225646973","0","0","524.823181152344","0","0","0","179.849090576172","408.493377685547","0","408.493377685547","195.893081665039","509.122528076172","0","0.00957444123923779","0.0734671577811241","0","0","82.4823455810547","0","1.86324071884155","0.330679446458817","0","9","218","0","387","234","218","-1","0","233","1","17","0","11.5578737258911","0.150000005960464","0.0940320044755936","15","343","20460.0014528507","1023","20.0000014201864","7.48824208638791","-4.0696316395032","10"
"default_fish","2","3","4","0","0","0","0","3.98595237731934","0","49.3010025024414","37.8837890625","0","0","550.56494140625","0","0","0","181.213836669922","408.493377685547","0","408.493377685547","206.534317016602","509.217590332031","0","0.0100945420563221","0.0740246549248695","0","0","86.7384796142578","0","2.07565546035767","0.456009566783905","0","9","218","0","377","234","218","-1","0","233","0","17","0","11.3117771148682","0.200000002980232","0.0940320044755936","10","323","20459.9986670273","1023","19.9999986969964","7.83769173069256","-3.4740853841756","10"
"default_fish","2","3","5","0","0","0","0","3.92743635177612","0","90.8301391601563","22.8888530731201","0","0","486.575256347656","0","0","0","229.718048095703","652.8193359375","0","652.8193359375","268.170654296875","505.570648193359","0","0.0131070697680116","0.14996437728405","0","0","113.347846984863","0","4.86796760559082","0.302656769752502","0","9","218","0","367","234","218","-1","0","233","1","17","0","8.65489673614502","0.25","0.0940320044755936","19","305","20460.000522112","1023","20.0000005103734","5.0141185669122","-3.64077816923282","10"
"default_fish","2","3","6","0","0","0","0","3.81036734580994","0","98.5861206054688","22.5924301147461","0","0","488.595947265625","0","0","0","218.547622680664","750.678405761719","0","750.678405761719","279.740570068359","505.481750488281","0","0.0136725585907698","0.164058983325958","0","0","120.812477111816","0","5.55683708190918","0.358681857585907","0","9","219","1","358","236","219","-1","0","235","1","18","0","8.14773273468018","0.300000011920929","0.0940320044755936","17","292","20460.0015579535","1023","20.0000015229262","4.78053418951979","-3.36719854516039","10"
"default_fish","2","3","7","0","0","0","0","3.95056819915771","0","62.1796607971191","41.4427375793457","0","0","622.600891113281","0","0","0","184.65461730957","518.23681640625","0","518.23681640625","249.011108398438","509.298126220703","0","0.0121706305071712","0.095694825053215","0","0","103.143951416016","0","3.09303617477417","0.679949402809143","0","9","219","1","348","236","219","-1","0","235","0","18","0","9.85556697845459","0.349999994039536","0.0940320044755936","6","284","20460.0006755374","1023","20.0000006603493","7.30676401319771","-2.54880296525688","10"
"default_fish","2","3","8","0","0","0","0","3.92998123168945","0","78.2155380249023","38.5005760192871","0","0","621.282592773438","0","0","0","199.683197021484","611.234252929688","0","611.234252929688","278.078796386719","508.778717041016","0","0.0135913398116827","0.122053205966949","0","0","116.259819030762","0","4.35112237930298","0.709766089916229","0","8","219","1","338","236","219","-1","0","235","0","18","0","8.26200008392334","0.400000005960464","0.0940320044755936","5","267","20459.9988109848","1023","19.9999988377173","6.39348069916954","-1.8685193847538","10"
"default_fish","2","4","0","0","0","0","0","-0.138934269547462","0","1.97307741641998","290.682250976563","0","0","468.683227539063","0","0","0","6.86517667770386","423.119506835938","0","423.119506835938","47.3006629943848","149.202270507813","0","0.00231186021119356","0.00290479022078216","0","0","292.061950683594","0","0.0450285747647285","1.24682402610779","0","9","238","1","397","261","238","-1","0","260","0","37","0","45","0.200000002980232","0.125376001000404","19","378","20460.0013293903","1023","20.0000012995017","52.7383165569969","7.73831655699691","10"
"default_fish","2","4","1","0","0","0","0","3.48979544639587","0","28.4315166473389","80.8510513305664","0","0","737.861267089844","0","0","0","64.0743865966797","620.200378417969","0","620.200378417969","179.452880859375","512.8876953125","0","0.00877091195434332","0.0397389605641365","0","0","108.648506164551","0","1.06449377536774","0.814600348472595","0","9","239","2","388","263","239","-1","0","262","0","38","0","15.3574810028076","0.25","0.125376001000404","24","338","20460.0025394749","1023","20.0000024823801","12.7509249062755","-2.60655609653212","10"
"default_fish","2","4","2","0","0","0","0","3.46557402610779","0","38.8596534729004","63.7774200439453","0","0","709.763793945313","0","0","0","75.3355102539063","746.430053710938","0","746.430053710938","207.985153198242","511.669464111328","0","0.0101654520258307","0.0562326870858669","0","0","102.054275512695","0","1.65018260478973","0.789523303508759","0","9","241","4","380","266","241","-1","0","265","0","40","0","12.9986219406128","0.300000011920929","0.125376001000404","26","323","20460.0004672439","1023","20.0000004567389","10.4148918431171","-2.58373009749568","10"
"default_fish","2","4","3","0","0","0","0","0.0186648946255445","0","7.32226991653442","809.9384765625","0","0","1469.14929199219","0","0","0","22.1476764678955","463.890228271484","0","463.890228271484","147.431060791016","258.94140625","0","0.00720581971108913","0.0102740908041596","0","0","815.257080078125","0","0.235769927501678","1.39464497566223","0","9","242","5","371","267","242","-1","0","266","0","41","0","45","0.349999994039536","0.125376001000404","5","332","20459.9985431403","1023","19.9999985758948","44.5360897071294","-0.463910292870601","10"
"default_fish","2","4","4","0","0","0","0","3.30179166793823","0","19.9559936523438","709.662231445313","0","0","2469.62744140625","0","0","0","46.824878692627","626.433959960938","0","626.433959960938","296.439392089844","517.123718261719","0","0.0144887287169695","0.0293326955288649","0","0","727.24609375","0","0.841612577438354","1.36253190040588","0","9","244","7","363","270","244","-1","0","269","0","43","0","30.0673389434814","0.400000005960464","0.125376001000404","14","311","20460.0001753534","1023","20.000000171411","29.6001864578516","-0.467152485629835","10"
"default_fish","2","4","5","0","0","0","0","3.34177613258362","0","26.4183139801025","767.795715332031","0","0","2980.63232421875","0","0","0","54.9668960571289","747.848693847656","0","747.848693847656","379.812713623047","517.195068359375","0","0.0185636710375547","0.0411069206893444","0","0","791.574462890625","0","1.23670661449432","1.3999570608139","0","8","246","9","355","273","246","-1","0","272","0","45","0","27.0466861724854","0.449999988079071","0.125376001000404","13","299","20460.0002259616","1023","20.0000002208813","26.8460493498745","-0.200636822610861","10"
"default_fish","2","4","6","0","0","0","0","3.20042014122009","0","34.8074684143066","366.940612792969","0","0","2153.34790039063","0","0","0","63.1674461364746","886.789733886719","0","886.789733886719","363.916839599609","516.092956542969","0","0.0177867468446493","0.0560162402689457","0","0","400.033264160156","0","1.75735783576965","1.33600556850433","0","7","246","9","352","273","246","-1","0","272","0","45","0","19.1638107299805","0.466666668653488","0.125376001000404","18","293","20459.9999526661","1023","19.9999999537303","18.5135174896617","-0.650293240318796","10"
"default_fish","20","0","0","0","0","0","0","5.21220207214355","0","37.7701225280762","39.1643753051758","0","0","505.391632080078","0","0","0","473.046569824219","151.914932250977","0","151.914932250977","168.103942871094","509.602661132813","0","0.00821622274816036","0.0718628391623497","0","0","76.4959030151367","0","1.07637894153595","-0.0585261099040508","0","9","99","5","386","204","204","-1","0","100","0","3","0","12.6377859115601","0.0500000007450581","0","22","386","20460.0030967676","1023","20.0000030271433","6.56509798361897","-6.07268792794109","10"
"default_fish","20","0","1","0","0","0","0","4.05959129333496","0","100.441566467285","20.3740348815918","0","0","468.352508544922","0","0","0","470.559478759766","368.892364501953","0","368.892364501953","272.672698974609","503.798187255859","0","0.0133271114900708","0.173585802316666","0","0","120.442337036133","0","4.43991470336914","-0.0454469434916973","0","9","114","9","387","208","208","-1","0","115","1","7","0","8.75125026702881","0.100000001490116","0","43","371","20459.9998415081","1023","19.9999998450714","4.40323689431591","-4.3480133727129","10"
"default_fish","20","0","2","0","0","0","0","3.88277864456177","0","161.656753540039","13.4298963546753","0","0","422.417114257813","0","0","0","502.808868408203","555.661743164063","0","555.661743164063","335.382568359375","500.724426269531","0","0.0163921099156141","0.279391646385193","0","0","174.764938354492","0","8.84405899047852","-0.0366364605724812","0","9","126","12","380","211","211","-1","0","127","1","10","0","7.37316274642944","0.150000005960464","0","62","355","20459.999968638","1023","19.9999999693431","3.3635163069742","-4.00964643945525","10"
"default_fish","20","0","3","0","0","0","0","3.7292594909668","0","221.357727050781","9.36180305480957","0","0","371.431091308594","0","0","0","548.973083496094","699.565673828125","0","699.565673828125","372.254669189453","499.038696289063","0","0.0181942619383335","0.384042710065842","0","0","230.443496704102","0","13.8248414993286","-0.025999192148447","0","9","140","16","374","215","215","-1","0","141","1","14","0","6.49799966812134","0.200000002980232","0","77","338","20460.0038435826","1023","20.0000037571678","2.7154394621934","-3.78256020592794","10"
"default_fish","20","0","4","0","0","0","0","3.68819165229797","0","233.319229125977","8.66287422180176","0","0","359.674133300781","0","0","0","547.500305175781","751.523498535156","0","751.523498535156","377.122802734375","498.877044677734","0","0.0184321999549866","0.411459356546402","0","0","241.716384887695","0","14.9900188446045","-0.0281865280121565","0","9","143","16","371","215","215","-1","0","144","1","14","0","6.30239248275757","0.216666668653488","0","82","335","20459.9995472787","1023","19.9999995574571","2.5675460293729","-3.73484645338467","10"
"default_fish","20","0","5","0","0","0","0","3.61600804328918","0","263.497100830078","7.28700160980225","0","0","332.487365722656","0","0","0","586.112915039063","796.08740234375","0","796.08740234375","385.969085693359","498.578460693359","0","0.0188645701855421","0.466597080230713","0","0","270.540771484375","0","17.6746444702148","-0.0168216042220592","0","9","146","17","369","216","216","-1","0","147","2","15","0","5.88299608230591","0.233333334326744","0","89","326","20459.9989237586","1023","19.9999989479556","2.3171059429501","-3.5658901393558","10"
"default_fish","20","1","0","0","0","0","0","4.18722820281982","0","26.0940246582031","48.5177268981934","0","0","509.553436279297","0","0","0","441.467895507813","127.574119567871","0","127.574119567871","141.113052368164","511.542938232422","0","0.00689702108502388","0.0563198737800121","0","0","74.1722946166992","0","0.683452367782593","0.0211181826889515","0","9","119","2","392","209","209","-1","0","120","0","8","0","14.4066343307495","0.0333333350718021","0.0313440002501011","26","389","20460.0001404339","1023","20.0000001372765","7.03418856497832","-7.37244576577119","10"
"default_fish","20","1","1","0","0","0","0","4.10266828536987","0","37.8752021789551","39.0121231079102","0","0","504.245452880859","0","0","0","442.050048828125","160.410491943359","0","160.410491943359","168.238403320313","509.603820800781","0","0.008222796022892","0.0709094628691673","0","0","76.4509658813477","0","1.10446238517761","0.0012628051918","0","9","123","3","392","210","210","-1","0","124","0","9","0","12.5798797607422","0.0500000007450581","0.0313440002501011","27","383","20459.9995976967","1023","19.9999996067417","6.65910877439626","-5.92077098634592","10"
"default_fish","20","1","2","0","0","0","0","3.89476728439331","0","84.8525543212891","23.2880706787109","0","0","477.646392822266","0","0","0","480.568328857422","301.346984863281","0","301.346984863281","249.006332397461","504.754821777344","0","0.0121703976765275","0.144817814230919","0","0","107.746765136719","0","3.51609420776367","0.0108326422050595","0","9","136","7","393","214","214","-1","0","137","0","13","0","9.37043476104736","0.100000001490116","0.0313440002501011","32","364","20459.999666051","1023","19.9999996735592","4.82078700406722","-4.54964775698014","10"
"default_fish","20","1","3","0","0","0","0","3.95682764053345","0","143.14436340332","15.3535737991333","0","0","437.644470214844","0","0","0","556.889465332031","427.5224609375","0","427.5224609375","315.553009033203","501.209259033203","0","0.0154229244217277","0.238082751631737","0","0","158.151763916016","0","7.32925081253052","0.0174118932336569","0","9","147","9","385","216","216","-1","0","148","0","15","0","7.79107999801636","0.150000005960464","0.0313440002501011","38","340","20459.9984026801","1023","19.9999984385924","3.71420301744656","-4.0768769805698","10"
"default_fish","20","1","4","0","0","0","0","3.97943139076233","0","162.542816162109","13.6916484832764","0","0","420.069122314453","0","0","0","551.365966796875","494.439086914063","0","494.439086914063","328.553039550781","500.428375244141","0","0.0160583108663559","0.272616893053055","0","0","175.902221679688","0","9.0737190246582","0.0429959483444691","0","9","157","11","377","218","218","-1","0","158","0","17","0","7.35591650009155","0.200000002980232","0.0313440002501011","36","319","20459.9999517471","1023","19.9999999528319","3.37692339403742","-3.97899310605414","10"
"default_fish","20","1","5","0","0","0","0","3.78924202919006","0","260.405151367188","7.57057905197144","0","0","337.188018798828","0","0","0","598.026916503906","753.276794433594","0","753.276794433594","384.039611816406","498.420318603516","0","0.0187702644616365","0.450479805469513","0","0","267.725250244141","0","17.193717956543","0.00170189398340881","0","9","164","11","367","218","218","-1","0","165","1","17","0","6.00817537307739","0.25","0.0313440002501011","79","320","20460.0000496169","1023","20.0000000485014","2.38805019693276","-3.62012517614463","10"
"default_fish","20","1","6","0","0","0","0","3.53164124488831","0","318.466247558594","5.54837560653687","104.261405944824","0","280.933715820313","0","0","0","614.185302734375","899.270690917969","0","899.270690917969","384.035400390625","489.489837646484","0","0.018770057708025","0.552318811416626","0","0","427.96630859375","0","22.3569488525391","0.0140414023771882","0","9","172","12","358","219","219","-1","0","173","1","18","0","5.27024745941162","0.300000011920929","0.0313440002501011","88","300","20460.0010487146","1023","20.0000010251365","1.94752038730254","-3.32272707210909","10"
"default_fish","20","1","7","0","0","0","0","3.36503410339355","0","384.145416259766","48000.1953125","165.297180175781","0","89965.4375","0","0","0","672.354187011719","979.298767089844","0","979.298767089844","9045.703125","70293.703125","0","0.442116469144821","0.658435583114624","0","0","48398.359375","0","27.7508068084717","0.673681318759918","0","9","186","19","355","226","226","-1","0","187","0","25","0","45","0.349999994039536","0.0313440002501011","69","256","20460.0003761383","1023","20.0000003676817","42.1802341141283","-2.81976588587167","10"
"default_fish","20","1","8","0","0","0","0","2.77309894561768","0","434.306121826172","57386.5546875","0","0","104575.1484375","0","0","0","661.628662109375","1149.69189453125","0","1149.69189453125","10513.177734375","77159.0546875","0","0.513840556144714","0.76066917181015","0","0","57702.6171875","0","32.4120941162109","0.742444813251495","0","9","198","25","351","232","232","-1","0","199","1","31","0","45","0.400000005960464","0.0313440002501011","81","251","20459.9999136972","1023","19.9999999156376","42.4938658070333","-2.50613419296667","10"
"default_fish","20","1","9","0","0","0","0","2.7043251991272","0","436.243713378906","58384.16796875","0","0","105376.1953125","0","0","0","654.422607421875","1167.79150390625","0","1167.79150390625","10597.806640625","74456.234375","0","0.517976880073547","0.764229118824005","0","0","58700.703125","0","32.6170768737793","0.787704050540924","0","9","202","27","350","234","234","-1","0","203","0","33","0","45","0.416666686534882","0.0313440002501011","75","250","20459.9993712465","1023","19.9999993853827","42.6701663371758","-2.32983366282416","10"
"default_fish","20","1","10","0","0","0","0","2.49215316772461","0","460.287811279297","64328.60546875","0","0","113067.078125","0","0","0","667.554626464844","1218.71923828125","0","1218.71923828125","11382.984375","73886.6484375","0","0.556353151798248","0.813561677932739","0","0","64659.69140625","0","34.6399002075195","0.860259771347046","0","8","205","29","349","236","236","-1","0","206","0","35","0","45","0.433333367109299","0.0313440002501011","71","246","20459.9980034405","1023","19.999998048329","43.1451372619085","-1.85486273809153","10"
"default_fish","20","2","0","0","0","0","0","3.82018160820007","0","8.75578880310059","92.7581634521484","0","0","516.361572265625","0","0","0","448.538970947266","56.1971740722656","0","56.1971740722656","82.9957275390625","515.281921386719","0","0.00405648676678538","0.0252066217362881","0","0","101.024131774902","0","0.180972784757614","0.00602806359529495","0","9","141","2","398","215","215","-1","0","142","1","14","0","23.047664642334","0.0333333350718021","0.0626880005002022","29","398","20460.0020437965","1023","20.0000019978461","9.26084628117072","-13.7868183611633","10"
"default_fish","20","2","1","0","0","0","0","3.79039907455444","0","18.6723136901855","58.3529167175293","0","0","512.535400390625","0","0","0","430.204864501953","95.1435394287109","0","95.1435394287109","119.941551208496","512.906433105469","0","0.00586224626749754","0.0409312136471272","0","0","76.5736694335938","0","0.497073501348495","0.0460552908480167","0","9","144","2","397","215","215","-1","0","145","4","14","0","16.329065322876","0.0500000007450581","0.0626880005002022","27","391","20459.9987335053","1023","19.9999987619798","8.23432702974315","-8.09473829313283","10"
"default_fish","20","2","2","0","0","0","0","3.79868698120117","0","49.9010696411133","32.8157806396484","0","0","496.535949707031","0","0","0","399.413879394531","227.485153198242","0","227.485153198242","193.626327514648","508.267120361328","0","0.0094636520370841","0.0908607244491577","0","0","82.3004455566406","0","1.90381503105164","0.0628770068287849","0","9","154","4","396","217","217","-1","0","155","0","16","0","11.2217664718628","0.100000001490116","0.0626880005002022","30","366","20460.000722333","1023","20.0000007060928","5.97851826808443","-5.24324820377836","10"
"default_fish","20","2","3","0","0","0","0","3.89979290962219","0","91.2768707275391","21.96213722229","0","0","471.354248046875","0","0","0","432.381011962891","353.881591796875","0","353.881591796875","257.857055664063","504.425659179688","0","0.0126029830425978","0.153011679649353","0","0","112.854927062988","0","4.22670602798462","0.066183015704155","0","9","162","5","387","218","218","-1","0","163","0","17","0","9.06466579437256","0.150000005960464","0.0626880005002022","32","339","20460.001794219","1023","20.0000017538798","4.72458514594551","-4.34008064842705","10"
"default_fish","20","2","4","0","0","0","0","3.90970659255981","0","103.889823913574","19.1821212768555","0","0","461.772613525391","0","0","0","406.350982666016","422.075164794922","0","422.075164794922","268.889923095703","503.839691162109","0","0.0131422262638807","0.171510651707649","0","0","122.696243286133","0","5.21626424789429","0.0851777568459511","0","9","170","6","378","219","219","-1","0","171","0","18","0","8.48057079315186","0.200000002980232","0.0626880005002022","28","320","20459.9980016098","1023","19.9999980465394","4.39467109339192","-4.08589969975994","10"
"default_fish","20","2","5","0","0","0","0","3.90989828109741","0","104.250671386719","20.7691192626953","0","0","463.883544921875","0","0","0","380.064880371094","420.312194824219","0","420.312194824219","270.438201904297","503.614837646484","0","0.013217899017036","0.159745901823044","0","0","124.638877868652","0","5.19014406204224","0.125275656580925","0","9","182","11","373","224","224","-1","0","183","1","23","0","8.26954078674316","0.25","0.0626880005002022","25","306","20459.999093331","1023","19.9999991137156","4.74626673911071","-3.52327404763246","10"
"default_fish","20","2","6","0","0","0","0","3.62524628639221","0","250.057159423828","8.60240745544434","237.19482421875","0","336.818572998047","0","0","0","534.027282714844","784.446838378906","0","784.446838378906","363.236267089844","473.488525390625","0","0.0177534855902195","0.418916016817093","0","0","495.248474121094","0","16.0242004394531","0.0462379641830921","0","9","194","17","369","230","230","-1","0","195","0","29","0","5.99028825759888","0.300000011920929","0.0626880005002022","57","301","20459.9972914588","1023","19.9999973523546","2.4288986244639","-3.56138963313498","10"
"default_fish","20","2","7","0","0","0","0","3.36872816085815","0","311.90185546875","38195.48046875","166.601913452148","0","71150.1953125","0","0","0","573.464538574219","916.272399902344","0","916.272399902344","7158.41650390625","48816.41015625","0","0.349873721599579","0.525449693202972","0","0","38541.171875","0","21.3988723754883","0.814445972442627","0","9","206","23","365","236","236","-1","0","207","0","35","0","45","0.349999994039536","0.0626880005002022","53","261","20460.0004572474","1023","20.0000004469672","41.7480094680141","-3.25199053198587","10"
"default_fish","20","2","8","0","0","0","0","2.93168997764587","0","341.180450439453","44459.79296875","0","0","80024.78125","0","0","0","540.173095703125","1086.01513671875","0","1086.01513671875","8055.2109375","50231.09375","0","0.393705278635025","0.586636185646057","0","0","44707.3984375","0","24.3879108428955","0.893782198429108","0","9","218","30","362","243","243","-1","0","219","0","42","0","45","0.400000005960464","0.0626880005002022","58","259","20460.0023790064","1023","20.0000023255195","42.1538320217545","-2.84616797824552","10"
"default_fish","20","2","9","0","0","0","0","2.58346581459045","0","331.336700439453","45617.390625","0","0","79384.1484375","0","0","0","496.963226318359","1135.59289550781","0","1135.59289550781","8002.07080078125","44486.98046875","0","0.391108065843582","0.564347922801971","0","0","45855.1640625","0","23.5827655792236","0.977570176124573","0","8","229","37","359","250","250","-1","0","230","0","49","0","45","0.449999988079071","0.0626880005002022","58","261","20459.999421187","1023","19.9999994342004","43.8701639949664","-1.12983600503364","10"
"default_fish","20","2","10","0","0","0","0","2.44463491439819","0","306.356384277344","42812.89453125","0.235698089003563","0","73513.765625","0","0","0","452.811401367188","1154.216796875","0","1154.216796875","7414.84423828125","38664.93359375","0","0.362406849861145","0.522642493247986","0","0","43031.90625","0","21.7599849700928","1.01865804195404","0","8","232","39","358","252","252","-1","0","233","0","51","0","45","0.466666668653488","0.0626880005002022","55","262","20460.0002486769","1023","20.000000243086","43.9008470341035","-1.09915296589646","10"
"default_fish","20","3","0","0","0","0","0","3.28923726081848","0","2.27730798721313","416.990509033203","0","0","617.210083007813","0","0","0","143.895355224609","33.9571990966797","0","33.9571990966797","65.1246337890625","461.002410888672","0","0.00318302190862596","0.0048862830735743","0","0","418.558532714844","0","0.0501140430569649","0.72568154335022","0","9","163","0","400","218","218","-1","0","164","0","17","0","45","0.0666666701436043","0.0940320044755936","3","384","20460.0017400368","1023","20.0000017009158","40.6487385542975","-4.35126144570253","10"
"default_fish","20","3","1","0","0","0","0","3.6974835395813","0","15.873646736145","69.4244689941406","0","0","528.527709960938","0","0","0","286.742706298828","82.0343780517578","0","82.0343780517578","111.428428649902","513.661804199219","0","0.00544615974649787","0.0235227607190609","0","0","84.8297119140625","0","0.400694280862808","0.240335360169411","0","9","165","0","399","218","218","-1","0","166","0","17","0","17.1723861694336","0.0833333358168602","0.0940320044755936","9","373","20460.0000434354","1023","20.0000000424588","13.3870037990194","-3.78538237041418","10"
"default_fish","20","3","2","0","0","0","0","2.47747349739075","0","9.35776042938232","101.917266845703","0","0","553.0341796875","0","0","0","124.602340698242","109.891395568848","0","109.891395568848","90.3215179443359","515.529724121094","0","0.0044145411811769","0.0136927245184779","0","0","110.786026000977","0","0.210322618484497","0.367126077413559","0","9","168","1","398","219","219","-1","0","169","0","18","0","21.0508232116699","0.100000001490116","0.0940320044755936","6","372","20460.0012181235","1023","20.0000011907366","18.8081581682488","-2.24266504342114","10"
"default_fish","20","3","3","0","0","0","0","3.68095755577087","0","35.1396141052246","42.685245513916","0","0","512.051940917969","0","0","0","208.832305908203","247.404342651367","0","247.404342651367","162.312591552734","510.17626953125","0","0.00793316680938005","0.0516660176217556","0","0","77.3816833496094","0","1.19568264484406","0.181771695613861","0","9","178","4","391","222","222","-1","0","179","0","21","0","12.5404577255249","0.150000005960464","0.0940320044755936","15","351","20459.9998276626","1023","19.9999998315372","8.83254182554903","-3.70791589997588","10"
"default_fish","20","3","4","0","0","0","0","3.87216281890869","0","70.804557800293","26.8095035552979","0","0","486.730438232422","0","0","0","286.805786132813","379.836456298828","0","379.836456298828","227.388107299805","506.08154296875","0","0.0111137880012393","0.108939290046692","0","0","97.2054595947266","0","3.12069320678711","0.13579161465168","0","9","190","10","387","228","228","-1","0","191","1","27","0","9.7091646194458","0.200000002980232","0.0940320044755936","26","332","20460.0004313964","1023","20.0000004216974","5.85539790368216","-3.85376671576364","10"
"default_fish","20","3","5","0","0","0","0","3.81695556640625","0","81.0527267456055","24.8356819152832","0","0","480.237487792969","0","0","0","256.513702392578","481.536468505859","0","481.536468505859","241.201110839844","505.256683349609","0","0.0117889121174812","0.123520709574223","0","0","105.486831665039","0","3.78055620193481","0.144748941063881","0","9","203","17","384","235","235","-1","0","204","0","34","0","9.09036064147949","0.25","0.0940320044755936","31","322","20459.9973633002","1023","19.9999974225808","5.47668989318623","-3.61367074829327","10"
"default_fish","20","3","6","0","0","0","0","3.71285152435303","0","106.625297546387","20.9569778442383","0","0","461.793365478516","0","0","0","289.847137451172","573.538452148438","0","573.538452148438","270.858276367188","503.597290039063","0","0.0132384300231934","0.166238471865654","0","0","127.201797485352","0","5.48256063461304","0.139538809657097","0","9","214","23","380","241","241","-1","0","215","1","40","0","7.99961996078491","0.300000011920929","0.0940320044755936","39","313","20459.9998559233","1023","19.9999998591626","4.56759579126755","-3.43202416951736","10"
"default_fish","20","3","7","0","0","0","0","3.41495060920715","0","147.779281616211","15.9408550262451","105.504280090332","0","421.383056640625","0","0","0","318.56298828125","747.724487304688","0","747.724487304688","305.372619628906","485.263641357422","0","0.0149253476411104","0.238197341561317","0","0","268.555755615234","0","8.42770004272461","0.115371406078339","0","9","226","30","377","248","248","-1","0","227","1","47","0","6.99968719482422","0.349999994039536","0.0940320044755936","53","310","20460.0004617505","1023","20.000000451369","3.59248337695878","-3.40720381786544","10"
"default_fish","20","3","8","0","0","0","0","2.65023827552795","0","251.527542114258","31658.927734375","159.115600585938","0","57485.70703125","0","0","0","407.858123779297","1027.95397949219","0","1027.95397949219","5783.38134765625","34281.38671875","0","0.282667726278305","0.419259399175644","0","0","31952.5","0","16.9029483795166","0.931826770305634","0","9","236","37","374","255","255","-1","0","237","0","54","0","45","0.400000005960464","0.0940320044755936","60","275","20459.9988254836","1023","19.9999988518902","42.3926209995467","-2.60737900045335","10"
"default_fish","20","3","9","0","0","0","0","2.28168606758118","0","228.788635253906","29823.685546875","138.753768920898","0","52509.8359375","0","0","0","339.991973876953","1083.115234375","0","1083.115234375","5285.880859375","27279.98828125","0","0.258351981639862","0.368250489234924","0","0","30083.3125","0","14.853515625","1.02482438087463","0","9","246","45","372","263","263","-1","0","247","0","62","0","45","0.449999988079071","0.0940320044755936","58","279","20459.9973486692","1023","19.9999974082787","44.5527712686923","-0.447228731307654","10"
"default_fish","20","3","10","0","0","0","0","1.61124730110168","0","218.920806884766","30448.15234375","0","0","51306.05078125","0","0","0","289.736236572266","1209.47705078125","0","1209.47705078125","5173.07568359375","23199.615234375","0","0.252838492393494","0.350429326295853","0","0","30603.42578125","0","14.2331562042236","1.10319411754608","0","8","257","53","370","271","271","-1","0","258","0","70","0","45","0.5","0.0940320044755936","59","282","20460.0005110886","1023","20.0000004995978","46.1793436312046","1.17934363120462","10"
"default_fish","20","3","11","0","0","0","0","2.35779142379761","0","84.9825897216797","29.796236038208","100.006820678711","0","472.031127929688","0","0","0","131.480545043945","932.62060546875","0","932.62060546875","227.73844909668","483.675598144531","0","0.0111309103667736","0.122621461749077","0","0","213.700592041016","0","4.30832433700562","0.234350547194481","0","9","267","61","368","279","279","-1","0","268","0","78","0","6.66128730773926","0.550000011920929","0.0940320044755936","61","311","20460.0020656434","1023","20.0000020192018","5.20816888388507","-1.45311842385419","10"
"default_fish","20","4","0","0","0","0","0","1.29447031021118","0","6.14337682723999","145.062637329102","0","0","592.176147460938","0","0","0","26.2150859832764","354.546905517578","0","354.546905517578","81.7413330078125","516.903381347656","0","0.00399517780169845","0.0092944772914052","0","0","150.713287353516","0","0.175952047109604","0.508630812168121","0","9","216","5","398","242","242","-1","0","217","0","41","0","22.8568744659424","0.216666668653488","0.125376001000404","25","370","20459.9987948127","1023","19.9999988219088","25.4576765566992","2.60080209075683","10"
"default_fish","20","4","1","0","0","0","0","0","0","0.759012341499329","369.777954101563","0.69992607831955","0","121.147163391113","0","0","0","2.10793876647949","335.378692626953","0","335.378692626953","25.499963760376","76.036247253418","0","0.00124633254017681","0.000706957769580185","0","0","370.652252197266","0","0.00798846688121557","0.886209964752197","0","9","219","7","397","244","244","-1","0","220","0","43","0","45","0.233333334326744","0.125376001000404","7","381","20459.9999906594","1023","19.9999999908694","NaN","NaN","10"
"default_fish","20","4","2","0","0","0","0","2.90570378303528","0","26.1463012695313","54.9141159057617","0","0","530.576843261719","0","0","0","81.5882720947266","429.657440185547","0","429.657440185547","141.097625732422","511.749267578125","0","0.0068962681107223","0.0350550077855587","0","0","80.5944137573242","0","0.874713242053986","0.295217543840408","0","9","223","9","395","246","246","-1","0","224","0","45","0","13.6173648834229","0.25","0.125376001000404","31","351","20459.9971270032","1023","19.9999971915964","11.3456303567763","-2.27173452664654","10"
"default_fish","20","4","3","0","0","0","0","3.25503897666931","0","45.9968414306641","38.2404403686523","0","0","512.286193847656","0","0","0","118.813140869141","531.368469238281","0","531.368469238281","183.503601074219","508.794616699219","0","0.0089688953012228","0.0631335601210594","0","0","83.7898788452148","0","1.81330466270447","0.247091144323349","0","9","233","16","392","253","253","-1","0","234","0","52","0","10.9815587997437","0.300000011920929","0.125376001000404","39","335","20460.0003580374","1023","20.0000003499877","8.16719754537753","-2.81436125436612","10"
"default_fish","20","4","4","0","0","0","0","0.654164671897888","0","11.639105796814","105.458717346191","0","0","580.9248046875","0","0","0","29.7213859558105","532.660095214844","0","532.660095214844","101.796669006348","515.2080078125","0","0.00497539900243282","0.015831395983696","0","0","116.600204467773","0","0.394370168447495","0.484101891517639","0","9","243","24","390","261","261","-1","0","244","0","60","0","17.4918727874756","0.349999994039536","0.125376001000404","34","351","20460.0010886709","1023","20.0000010641944","18.317001968871","0.825129181395369","10"
"default_fish","20","4","5","0","0","0","0","2.87555861473083","0","118.15161895752","19.9821014404297","108.436241149902","0","445.107604980469","0","0","0","213.627639770508","842.349365234375","0","842.349365234375","276.429138183594","484.311828613281","0","0.0135107114911079","0.179949104785919","0","0","245.775466918945","0","6.2402925491333","0.150776132941246","0","9","253","31","387","268","268","-1","0","254","0","67","0","7.4077262878418","0.400000005960464","0.125376001000404","63","324","20459.9985992984","1023","19.9999986307903","4.30586125230813","-3.10186503553367","10"
"default_fish","20","4","6","0","0","0","0","2.27578067779541","0","20.9322872161865","69.9573135375977","0","0","569.0830078125","0","0","0","39.6566047668457","718.234802246094","0","718.234802246094","131.278228759766","513.043701171875","0","0.00641633523628116","0.0284827537834644","0","0","90.3874359130859","0","0.808756649494171","0.46392422914505","0","9","265","40","386","277","277","-1","0","266","0","76","0","13.6878318786621","0.449999988079071","0.125376001000404","40","338","20460.0015313186","1023","20.0000014968901","13.0188079020358","-0.669023976626317","10"
"default_fish","20","4","7","0","0","0","0","1.80801808834076","0","151.760299682617","20.3679065704346","99.2326889038086","0","422.710021972656","0","0","0","222.219772338867","1044.9287109375","0","1044.9287109375","284.672119140625","489.55810546875","0","0.013913594186306","0.232203811407089","0","0","270.780853271484","0","8.62785243988037","0.137502446770668","0","9","275","48","384","285","285","-1","0","276","0","84","0","6.03897857666016","0.5","0.125376001000404","81","326","20459.9987126838","1023","19.9999987416264","3.43520632733051","-2.60377224932964","10"
"default_fish","20","4","8","0","0","0","0","1.1398332118988","0","160.571014404297","21.4843101501465","203.207305908203","0","410.875732421875","0","0","0","218.112197875977","1143.49951171875","0","1143.49951171875","273.900268554688","481.076385498047","0","0.0133871100842953","0.249411195516586","0","0","384.595489501953","0","9.36027240753174","0.135146930813789","0","9","286","57","383","294","294","-1","0","287","0","93","0","5.5939507484436","0.550000011920929","0.125376001000404","90","330","20459.9997183863","1023","19.9999997247178","3.07682136919716","-2.51712937924644","10"
"default_fish","20","4","9","0","0","0","0","0.793838798999786","0","61.9890022277832","37.0364646911621","0","0","505.795532226563","0","0","0","77.9363632202148","1135.89233398438","0","1135.89233398438","203.568328857422","508.0771484375","0","0.00994957610964775","0.0885273292660713","0","0","98.5959320068359","0","3.01408052444458","0.292463809251785","0","9","298","67","383","304","304","-1","0","299","0","103","0","7.20227241516113","0.600000023841858","0.125376001000404","78","336","20460.0001662411","1023","20.0000001625036","6.45310108410887","-0.749171331052264","10"
"default_fish","20","4","10","0","0","0","0","-0.0791332721710205","0","146.591613769531","24.2066764831543","377.25634765625","0","410.628723144531","0","0","0","172.274658203125","1291.85754394531","0","1291.85754394531","249.46223449707","458.533142089844","0","0.0121926795691252","0.222554340958595","0","0","546.839721679688","0","8.42016124725342","0.161394059658051","0","9","303","70","383","307","307","-1","0","304","0","106","0","5.40144872665405","0.616666674613953","0.125376001000404","97","335","20460.0008622198","1023","20.0000008428346","3.14053226435773","-2.26091646229633","10"
"default_fish","20","4","11","0","0","0","0","0.0655601024627686","0","64.9381103515625","36.4666213989258","0","0","503.540222167969","0","0","0","76.3650665283203","1235.17309570313","0","1235.17309570313","206.389297485352","508.018981933594","0","0.0100874537602067","0.0943240821361542","0","0","100.981796264648","0","3.21461725234985","0.291651636362076","0","9","307","73","383","310","310","-1","0","308","0","109","0","6.63817834854126","0.633333325386047","0.125376001000404","81","338","20459.9993607428","1023","19.9999993751151","6.13921685461149","-0.498961493929773","10"
"default_fish","30","0","0","0","0","0","0","4.40130186080933","0","40.0394897460938","37.9986915588379","0","0","506.384765625","0","0","0","459.080993652344","156.53630065918","0","156.53630065918","173.572692871094","509.3134765625","0","0.00848351418972015","0.0718628391623497","0","0","77.6009674072266","0","1.11284041404724","-0.0967629998922348","0","9","65","7","388","206","206","-1","0","66","0","5","0","12.0481910705566","0.0500000007450581","0","24","388","20459.9991217577","1023","19.9999991415032","6.77966087476556","-5.26853019579108","10"
"default_fish","30","0","1","0","0","0","0","3.6073853969574","0","96.1915588378906","21.1812057495117","0","0","473.11083984375","0","0","0","464.901580810547","361.168518066406","0","361.168518066406","267.597229003906","504.065643310547","0","0.0130790434777737","0.167907804250717","0","0","116.99373626709","0","4.07081413269043","-0.0770587846636772","0","9","83","13","391","212","212","-1","0","84","2","11","0","8.57489204406738","0.100000001490116","0","46","376","20459.9999578453","1023","19.9999999587931","4.46753400415124","-4.10735803991614","10"
"default_fish","30","0","2","0","0","0","0","3.50104236602783","0","164.743469238281","13.317325592041","0","0","421.944488525391","0","0","0","538.077331542969","524.553527832031","0","524.553527832031","337.213745117188","500.483428955078","0","0.0164816100150347","0.282250374555588","0","0","177.737228393555","0","8.90931510925293","-0.0527194328606129","0","9","98","17","385","216","216","-1","0","99","2","15","0","7.06162929534912","0.150000005960464","0","65","357","20460.0002554106","1023","20.0000002496682","3.34761015967404","-3.71401913567509","10"
"default_fish","30","0","3","0","0","0","0","3.41780114173889","0","240.973251342773","8.46383953094482","83.5766448974609","0","355.704193115234","0","0","0","601.169616699219","688.287902832031","0","688.287902832031","377.837738037109","492.9189453125","0","0.0184671431779861","0.41377779841423","0","0","332.700622558594","0","15.0939741134644","-0.0331212617456913","0","9","111","19","377","218","218","-1","0","112","2","17","0","6.04740238189697","0.200000002980232","0","79","331","20459.9993835274","1023","19.9999993973875","2.55799370997386","-3.48940867192311","10"
"default_fish","30","1","0","0","0","0","0","3.7976713180542","0","37.0257568359375","39.6527481079102","0","0","505.014038085938","0","0","0","501.724304199219","141.331527709961","0","141.331527709961","166.208267211914","509.717010498047","0","0.00812357105314732","0.0709094628691673","0","0","76.2401885986328","0","1.07238745689392","0.0393307879567146","0","9","78","3","393","210","210","-1","0","79","0","9","0","12.4288311004639","0.0333333350718021","0.0313440002501011","27","383","20460.0004264775","1023","20.000000416889","6.57839606083941","-5.85043503962446","10"
"default_fish","30","1","1","0","0","0","0","3.62261056900024","0","37.0257568359375","39.6527290344238","0","0","505.013885498047","0","0","0","500.047729492188","141.805374145508","0","141.805374145508","166.208236694336","509.716796875","0","0.00812356919050217","0.0709094628691673","0","0","76.2401580810547","0","1.07238745689392","0.0393307842314243","0","9","84","5","394","212","212","-1","0","85","0","11","0","12.4288291931152","0.0500000007450581","0.0313440002501011","29","385","20460.0013610596","1023","20.000001330459","6.57839520093033","-5.85043399218491","10"
"default_fish","30","1","2","0","0","0","0","3.57797932624817","0","85.5373306274414","23.3458309173584","0","0","478.509521484375","0","0","0","530.084655761719","273.197509765625","0","273.197509765625","249.489868164063","504.640502929688","0","0.0121940290555358","0.144817814230919","0","0","108.486709594727","0","3.42978620529175","0.0185400694608688","0","9","99","9","395","216","216","-1","0","100","0","15","0","9.06761741638184","0.100000001490116","0.0313440002501011","34","366","20460.0027626472","1023","20.0000027005349","4.83017009019958","-4.23744732618225","10"
"default_fish","30","1","3","0","0","0","0","3.72706079483032","0","145.719314575195","15.3127241134644","0","0","438.162200927734","0","0","0","595.517150878906","398.196258544922","0","398.196258544922","316.950805664063","500.916839599609","0","0.0154912443831563","0.237132698297501","0","0","160.682205200195","0","7.25675106048584","0.00346060749143362","0","9","112","11","387","218","218","-1","0","113","1","17","0","7.51871299743652","0.150000005960464","0.0313440002501011","39","341","20459.9964873503","1023","19.9999965663248","3.7456472674222","-3.77306573001433","10"
"default_fish","30","1","4","0","0","0","0","3.83216094970703","0","195.669250488281","11.3557596206665","120.339317321777","0","394.165954589844","0","0","0","663.956604003906","475.396179199219","0","475.396179199219","349.138641357422","487.559387207031","0","0.0170644503086805","0.315642416477203","0","0","326.913391113281","0","10.9798679351807","0.015760151669383","0","9","124","12","378","219","219","-1","0","125","1","18","0","6.71831893920898","0.200000002980232","0.0313440002501011","39","313","20459.9992992343","1023","19.9999993149895","3.09906965379932","-3.61924928540966","10"
"default_fish","30","1","5","0","0","0","0","3.80899620056152","0","229.919708251953","9.16098499298096","276.306060791016","0","357.433135986328","0","0","0","654.548706054688","577.354431152344","0","577.354431152344","360.885681152344","472.918975830078","0","0.0176385976374149","0.37790659070015","0","0","514.807067871094","0","13.9162397384644","0.0242037903517485","0","9","138","16","372","223","223","-1","0","139","1","22","0","6.25663661956787","0.25","0.0313440002501011","46","301","20459.9984970933","1023","19.999998530883","2.67522322200329","-3.58141339756458","10"
"default_fish","30","1","6","0","0","0","0","3.28792953491211","0","317.910400390625","5.59332084655762","217.494659423828","0","286.96826171875","0","0","0","685.754150390625","791.605712890625","0","791.605712890625","384.830474853516","485.663116455078","0","0.0188089162111282","0.542846858501434","0","0","540.658813476563","0","21.5647830963135","0.0134004587307572","0","9","154","23","369","230","230","-1","0","155","2","29","0","5.15017938613892","0.300000011920929","0.0313440002501011","88","302","20460.0026143894","1023","20.0000025556104","1.98561925278268","-3.16456013335624","10"
"default_fish","30","1","7","0","0","0","0","3.01104378700256","0","399.171630859375","49340.7578125","488.756774902344","0","91682.828125","0","0","0","763.021484375","894.376586914063","0","894.376586914063","9208.45703125","77375.5546875","0","0.450071156024933","0.682428538799286","0","0","49967.8046875","0","28.4451198577881","0.561174690723419","0","9","171","31","367","238","238","-1","0","172","1","37","0","45","0.349999994039536","0.0313440002501011","77","261","20460.0026195411","1023","20.0000025606462","41.2628151453183","-3.73718485468166","10"
"default_fish","30","1","8","0","0","0","0","2.68619632720947","0","439.930389404297","56220.9375","508.812561035156","0","102977.5078125","0","0","0","768.900207519531","994.109375","0","994.109375","10340.2958984375","86957.3984375","0","0.505390822887421","0.764370918273926","0","0","56884.78125","0","32.2053298950195","0.560751914978027","0","9","187","38","364","245","245","-1","0","188","1","44","0","45","0.400000005960464","0.0313440002501011","95","264","20459.999331529","1023","19.9999993465581","41.390334963532","-3.60966503646799","10"
"default_fish","30","1","9","0","0","0","0","2.47547388076782","0","452.056274414063","59000.83984375","266.705017089844","0","106588.71875","0","0","0","749.372375488281","1044.54150390625","0","1044.54150390625","10706.4541015625","87245.6796875","0","0.523287117481232","0.782750487327576","0","0","59503.14453125","0","33.0449523925781","0.610511839389801","0","9","192","41","364","248","248","-1","0","193","1","47","0","45","0.416666686534882","0.0313440002501011","94","264","20459.9993844612","1023","19.9999993983003","41.9532080324697","-3.04679196753028","10"
"default_fish","30","1","10","0","0","0","0","2.35356521606445","0","459.385162353516","60867.15234375","348.284118652344","0","108803.7578125","0","0","0","739.020629882813","1069.89855957031","0","1069.89855957031","10933.8095703125","85887.453125","0","0.534399271011353","0.790677189826965","0","0","61430.35546875","0","33.3962783813477","0.659185767173767","0","9","198","44","364","251","251","-1","0","199","1","50","0","45","0.433333367109299","0.0313440002501011","87","263","20460.0009083475","1023","20.0000008879252","42.5221733558928","-2.4778266441072","10"
"default_fish","30","2","0","0","0","0","0","3.43534684181213","0","17.4401760101318","60.5032424926758","0","0","512.5234375","0","0","0","484.342834472656","81.7064666748047","0","81.7064666748047","116.337829589844","513.212341308594","0","0.00568611035123467","0.0395739413797855","0","0","77.4960327148438","0","0.461074888706207","0.00822421163320541","0","9","101","4","399","217","217","-1","0","102","4","16","0","16.314266204834","0.0500000007450581","0.0626880005002022","27","392","20460.0020758623","1023","20.0000020291909","8.2610333238524","-8.05323288098158","10"
"default_fish","30","2","1","0","0","0","0","3.56638622283936","0","39.3512382507324","38.1221466064453","0","0","502.090179443359","0","0","0","443.571075439453","157.036437988281","0","157.036437988281","171.52131652832","509.50439453125","0","0.00838325079530478","0.0696568191051483","0","0","77.0442733764648","0","1.35516917705536","0.0404556207358837","0","9","113","5","397","218","218","-1","0","114","2","17","0","11.8528184890747","0.100000001490116","0.0626880005002022","25","369","20460.0006270103","1023","20.0000006129133","6.91234583559088","-4.94047265348383","10"
"default_fish","30","2","2","0","0","0","0","3.66288280487061","0","100.293418884277","20.3833847045898","86.5234756469727","0","459.425476074219","0","0","0","535.440551757813","306.927703857422","0","306.927703857422","264.63671875","493.194030761719","0","0.0129343466833234","0.164341539144516","0","0","206.660461425781","0","4.78098297119141","0.0349951423704624","0","9","124","6","388","219","219","-1","0","125","0","18","0","8.64781284332275","0.150000005960464","0.0626880005002022","32","333","20459.9988873967","1023","19.9999989124113","4.5140790706526","-4.13373377267016","10"
"default_fish","30","2","3","0","0","0","0","3.66067624092102","0","124.545684814453","16.8562145233154","206.612228393555","0","434.177612304688","0","0","0","534.78173828125","381.225524902344","0","381.225524902344","287.436950683594","477.540496826172","0","0.0140487272292376","0.203872457146645","0","0","347.28271484375","0","6.53772735595703","0.0475345551967621","0","9","139","11","383","224","224","-1","0","140","0","23","0","7.98864889144897","0.200000002980232","0.0626880005002022","35","316","20459.9994001872","1023","19.9999994136727","3.95134892003975","-4.03729997140923","10"
"default_fish","30","2","4","0","0","0","0","3.65542674064636","0","128.501083374023","16.6774806976318","240.992965698242","0","430.365234375","0","0","0","483.059631347656","416.575317382813","0","416.575317382813","288.637329101563","473.057861328125","0","0.014107396826148","0.201230719685555","0","0","385.372802734375","0","6.75409412384033","0.0712114349007607","0","9","156","18","380","231","231","-1","0","157","1","30","0","7.7514476776123","0.25","0.0626880005002022","36","307","20459.9992938863","1023","19.9999993097618","4.0200515584995","-3.73139611911281","10"
"default_fish","30","2","5","0","0","0","0","3.57358026504517","0","154.114318847656","14.4769287109375","372.010986328125","0","401.925933837891","0","0","0","469.567047119141","508.573822021484","0","508.573822021484","303.414672851563","452.540679931641","0","0.0148296533152461","0.238809525966644","0","0","539.454528808594","0","8.59681129455566","0.0835737064480782","0","9","172","25","377","238","238","-1","0","173","1","37","0","6.96067380905151","0.300000011920929","0.0626880005002022","41","294","20459.9977087547","1023","19.9999977602686","3.56025850979062","-3.40041529926089","10"
"default_fish","30","2","6","0","0","0","0","3.40419983863831","0","185.940277099609","12.4539155960083","400.581787109375","0","376.521240234375","0","0","0","496.797393798828","605.751220703125","0","605.751220703125","320.905609130859","451.363128662109","0","0.0156845357269049","0.300935626029968","0","0","597.8984375","0","10.9998559951782","0.0611166469752789","0","9","188","33","375","246","246","-1","0","189","0","45","0","6.44055032730103","0.349999994039536","0.0626880005002022","56","301","20460.0005201548","1023","20.0000005084602","2.98756601277963","-3.4529843145214","10"
"default_fish","30","2","7","0","0","0","0","3.02740836143494","0","348.448028564453","43444.6328125","501.010070800781","0","79130.734375","0","0","0","641.499145507813","914.476989746094","0","914.476989746094","7953.326171875","59922.62109375","0","0.388725608587265","0.586636245250702","0","0","44034.53125","0","24.245231628418","0.707417130470276","0","9","204","41","373","254","254","-1","0","205","0","53","0","45","0.400000005960464","0.0626880005002022","69","270","20460.0005664138","1023","20.0000005536792","41.5011340835973","-3.49886591640274","10"
"default_fish","30","2","8","0","0","0","0","2.62257719039917","0","345.99169921875","45375.44140625","0","0","79808.6953125","0","0","0","586.330017089844","981.711364746094","0","981.711364746094","8035.56591796875","56923.41015625","0","0.392745107412338","0.575606822967529","0","0","45624.4296875","0","24.1593723297119","0.777958393096924","0","9","220","49","371","262","262","-1","0","221","0","61","0","45","0.449999988079071","0.0626880005002022","71","273","20460.0025978995","1023","20.0000025394912","43.0248011035155","-1.97519889648445","10"
"default_fish","30","2","9","0","0","0","0","2.44719529151917","0","354.626220703125","47717.9453125","312.367218017578","0","82833.2265625","0","0","0","567.33544921875","1032.82934570313","0","1032.82934570313","8344.2001953125","56053.796875","0","0.407829940319061","0.585960686206818","0","0","48166.22265625","0","24.6668949127197","0.826115489006042","0","9","225","52","371","265","265","-1","0","226","0","64","0","45","0.466666668653488","0.0626880005002022","71","273","20459.9990593739","1023","19.9999990805219","44.1071339589192","-0.892866041080808","10"
"default_fish","30","3","0","0","0","0","0","3.09736967086792","0","1.99173760414124","395.530944824219","0","0","544.746765136719","0","0","0","394.371185302734","11.0397615432739","0","11.0397615432739","58.2463493347168","465.089019775391","0","0.00284684007056057","0.00435376400128007","0","0","396.855895996094","0","0.0401435606181622","0.544679403305054","0","9","117","0","400","218","218","-1","0","118","0","17","0","45","0.0666666701436043","0.0940320044755936","3","387","20460.0005237553","1023","20.0000005119797","40.8347969110193","-4.16520308898066","10"
"default_fish","30","3","1","0","0","0","0","1.72598445415497","0","6.38555908203125","128.55680847168","0","0","537.199462890625","0","0","0","194.638977050781","53.8645286560059","0","53.8645286560059","77.351188659668","516.538879394531","0","0.00378060527145863","0.0104841366410255","0","0","134.475463867188","0","0.138293921947479","0.272281259298325","0","9","122","1","400","219","219","-1","0","123","0","18","0","23.3179531097412","0.0833333358168602","0.0940320044755936","6","380","20460.0012711257","1023","20.0000012425471","21.1371983872664","-2.18075472247484","10"
"default_fish","30","3","2","0","0","0","0","3.18362236022949","0","14.9041996002197","71.1088790893555","0","0","520.884399414063","0","0","0","266.016632080078","82.8646240234375","0","82.8646240234375","108.1025390625","513.935363769531","0","0.00528360437601805","0.0220433697104454","0","0","85.5616226196289","0","0.375993281602859","0.166030615568161","0","9","125","1","398","219","219","-1","0","126","0","18","0","16.8013439178467","0.100000001490116","0.0940320044755936","9","372","20459.9987753002","1023","19.999998802835","13.8683234913011","-2.93302042654562","10"
"default_fish","30","3","3","0","0","0","0","3.56274032592773","0","42.3158111572266","37.3377342224121","0","0","501.183349609375","0","0","0","321.006134033203","210.164688110352","0","210.164688110352","176.487884521484","509.143890380859","0","0.00862599536776543","0.0674641579389572","0","0","79.2257385253906","0","1.52432215213776","0.0742739662528038","0","9","140","6","393","224","224","-1","0","141","1","23","0","11.4704627990723","0.150000005960464","0.0940320044755936","24","360","20460.0022370756","1023","20.0000021867797","7.34597186274556","-4.12449093632671","10"
"default_fish","30","3","4","0","0","0","0","3.6612389087677","0","77.286994934082","25.4785842895508","0","0","480.021148681641","0","0","0","347.618957519531","336.231323242188","0","336.231323242188","234.014282226563","505.394012451172","0","0.0114376489073038","0.116880379617214","0","0","102.359474182129","0","3.49277925491333","0.0878064408898354","0","9","158","14","391","232","232","-1","0","159","1","31","0","9.16647624969482","0.200000002980232","0.0940320044755936","29","327","20459.9987395247","1023","19.9999987678639","5.61582235785992","-3.55065389183491","10"
"default_fish","30","3","5","0","0","0","0","3.59134030342102","0","127.830375671387","17.8176231384277","0","0","445.187377929688","0","0","0","402.979125976563","486.778533935547","0","486.778533935547","291.344451904297","502.004791259766","0","0.0142397088930011","0.196161583065987","0","0","145.279541015625","0","6.72920894622803","0.0731239840388298","0","9","174","21","388","239","239","-1","0","175","1","38","0","7.46127223968506","0.25","0.0940320044755936","42","311","20460.0005585434","1023","20.0000005459857","4.162861260096","-3.29841097958905","10"
"default_fish","30","3","6","0","0","0","0","3.52373743057251","0","107.392196655273","22.0121726989746","0","0","461.866363525391","0","0","0","316.568481445313","493.573394775391","0","493.573394775391","264.737182617188","503.330535888672","0","0.0129392556846142","0.156249791383743","0","0","129.011611938477","0","5.25867319107056","0.103003785014153","0","9","190","29","386","247","247","-1","0","191","0","46","0","7.64467573165894","0.300000011920929","0.0940320044755936","40","306","20460.0008740828","1023","20.0000008544309","4.75018084114684","-2.8944948905121","10"
"default_fish","30","3","7","0","0","0","0","3.41092109680176","0","97.3908767700195","23.6477565765381","117.999946594238","0","460.810211181641","0","0","0","256.511535644531","531.033569335938","0","531.033569335938","249.646514892578","486.131622314453","0","0.012201689183712","0.13621623814106","0","0","238.290222167969","0","4.61671447753906","0.124188281595707","0","9","206","37","384","255","255","-1","0","207","0","54","0","7.8902473449707","0.349999994039536","0.0940320044755936","44","308","20459.9962459157","1023","19.9999963303184","5.1392082311507","-2.75103911382","10"
"default_fish","30","3","8","0","0","0","0","3.18728733062744","0","79.0551147460938","26.0541076660156","247.773284912109","0","460.408325195313","0","0","0","190.852676391602","569.173461914063","0","569.173461914063","225.233474731445","461.612030029297","0","0.0110084796324372","0.108628273010254","0","0","351.472045898438","0","3.62941980361938","0.15470477938652","0","9","222","45","382","263","263","-1","0","223","0","62","0","8.57538795471191","0.400000005960464","0.0940320044755936","48","313","20459.998315097","1023","19.9999983529785","5.81638650829908","-2.75900144641284","10"
"default_fish","30","3","9","0","0","0","0","2.44509720802307","0","240.162704467773","9.71419143676758","530.621643066406","0","318.185180664063","0","0","0","454.461944580078","874.757507324219","0","874.757507324219","313.81640625","422.049987792969","0","0.0153380455449224","0.397543996572495","0","0","778.717041015625","0","15.3442869186401","0.0625686720013618","0","9","237","53","380","271","271","-1","0","238","0","70","0","5.12638568878174","0.449999988079071","0.0940320044755936","83","306","20459.9996349528","1023","19.9999996431601","2.2111350041738","-2.91525068460794","10"
"default_fish","30","3","10","0","0","0","0","1.81348955631256","0","242.834884643555","31468.21875","413.560974121094","0","54502.25390625","0","0","0","372.660614013672","1000.76849365234","0","1000.76849365234","5481.30078125","34269.21484375","0","0.26790326833725","0.372947007417679","0","0","31912.83203125","0","15.2677230834961","0.887265145778656","0","9","252","62","379","280","280","-1","0","253","0","79","0","45","0.5","0.0940320044755936","70","291","20459.9996680513","1023","19.9999996755145","45.9177119864802","0.917711986480242","10"
"default_fish","30","3","11","0","0","0","0","1.5641268491745","0","250.321105957031","33875.26171875","0","0","56952.9453125","0","0","0","370.290283203125","1051.44299316406","0","1051.44299316406","5742.33203125","35030.58984375","0","0.280661374330521","0.389339119195938","0","0","34052.609375","0","15.9376611709595","0.909464180469513","0","9","257","65","379","283","283","-1","0","258","0","82","0","45","0.516666650772095","0.0940320044755936","72","292","20460.0011132545","1023","20.0000010882254","46.1260333376825","1.12603333768248","10"
"default_fish","30","3","12","0","0","0","0","1.73334395885468","0","232.158950805664","10.3497867584229","574.745239257813","0","323.299163818359","0","0","0","385.643798828125","966.76025390625","0","966.76025390625","309.368072509766","417.453002929688","0","0.0151206264272332","0.372825115919113","0","0","815.337524414063","0","14.6251039505005","0.071135126054287","0","9","263","69","380","287","287","-1","0","264","0","86","0","5.14577722549438","0.533333301544189","0.0940320044755936","95","319","20460.0036908903","1023","20.0000036079084","2.32437613469321","-2.82140109080117","10"
"default_fish","30","4","0","0","0","0","0","-2.41954922676086","0","3.73663592338562","186.164672851563","0","0","552.758850097656","0","0","0","24.9042816162109","258.687866210938","0","258.687866210938","70.6553344726563","517.945983886719","0","0.00345333991572261","0.00644243508577347","0","0","189.475494384766","0","0.115777127444744","0.354758769273758","0","9","180","5","398","242","242","-1","0","181","0","41","0","22.6554107666016","0.216666668653488","0.125376001000404","24","374","20459.9999412081","1023","19.9999999425299","32.4138034316573","9.75839266505576","10"
"default_fish","30","4","1","0","0","0","0","-2.66435408592224","0","2.31174230575562","380.736541748047","0","0","591.7353515625","0","0","0","14.4284515380859","283.767242431641","0","283.767242431641","67.2757949829102","518.434814453125","0","0.00328816194087267","0.00409432221204042","0","0","382.421051025391","0","0.0687278732657433","0.500856161117554","0","9","186","8","398","245","245","-1","0","187","0","44","0","30.7391529083252","0.233333334326744","0.125376001000404","25","375","20460.0005086901","1023","20.0000004972533","53.4274408918992","22.688287983574","10"
"default_fish","30","4","2","0","0","0","0","2.58798575401306","0","25.0519638061523","57.4514122009277","0","0","517.056518554688","0","0","0","99.9345703125","343.192962646484","0","343.192962646484","136.216644287109","512.071960449219","0","0.00665770517662168","0.034296840429306","0","0","82.0688323974609","0","0.836732566356659","0.185708850622177","0","9","191","10","396","247","247","-1","0","192","0","46","0","13.0728521347046","0.25","0.125376001000404","32","353","20459.9994552823","1023","19.9999994675291","11.1933250387331","-1.87952709597146","10"
"default_fish","30","4","3","0","0","0","0","3.08959126472473","0","46.6611480712891","37.9095687866211","0","0","502.791809082031","0","0","0","143.092742919922","441.207305908203","0","441.207305908203","181.874145507813","508.658233642578","0","0.00888925418257713","0.0631335601210594","0","0","84.1346664428711","0","1.80607342720032","0.155423507094383","0","9","207","18","394","255","255","-1","0","208","0","54","0","10.6345834732056","0.300000011920929","0.125376001000404","41","337","20460.0005548592","1023","20.0000005423843","8.09418582446321","-2.54039764874235","10"
"default_fish","30","4","4","0","0","0","0","3.09263229370117","0","67.5331192016602","29.1144409179688","208.905364990234","0","472.552032470703","0","0","0","170.246551513672","546.8828125","0","546.8828125","210.331649780273","471.652282714844","0","0.0102801388129592","0.0931049138307571","0","0","304.386413574219","0","2.92400789260864","0.153315678238869","0","9","223","27","393","264","264","-1","0","224","0","63","0","9.43470001220703","0.349999994039536","0.125376001000404","50","326","20460.0009403694","1023","20.0000009192272","6.33921418804856","-3.09548582415848","10"
"default_fish","30","4","5","0","0","0","0","0.0758892893791199","0","10.185206413269","123.773056030273","0","0","542.085632324219","0","0","0","26.8500423431396","526.743835449219","0","526.743835449219","93.9472579956055","515.690551757813","0","0.00459175277501345","0.014143094420433","0","0","133.509613037109","0","0.347177058458328","0.31810662150383","0","9","238","35","391","272","272","-1","0","239","0","71","0","15.4840230941772","0.400000005960464","0.125376001000404","35","353","20459.9991765302","1023","19.9999991950442","18.9452164030946","3.46119330891737","10"
"default_fish","30","4","6","0","0","0","0","2.32695865631104","0","20.9719657897949","66.2045516967773","0","0","530.9248046875","0","0","0","44.8798294067383","634.644958496094","0","634.644958496094","126.786224365234","513.026550292969","0","0.0061967852525413","0.0284827575087547","0","0","86.7319107055664","0","0.803298890590668","0.288522392511368","0","9","254","44","390","281","281","-1","0","255","0","80","0","12.7510747909546","0.449999988079071","0.125376001000404","44","342","20459.9996931053","1023","19.9999997000052","12.5659180979655","-0.185156692989063","10"
"default_fish","30","4","7","0","0","0","0","2.23275756835938","0","32.7914543151855","48.3980369567871","93.1681747436523","0","510.288879394531","0","0","0","59.3624496459961","749.548950195313","0","749.548950195313","152.630096435547","490.579772949219","0","0.00745992735028267","0.0444950610399246","0","0","173.311370849609","0","1.36987674236298","0.268024057149887","0","9","269","54","390","291","291","-1","0","270","0","90","0","10.8482875823975","0.5","0.125376001000404","54","338","20459.9977008842","1023","19.999997752575","9.65164445210322","-1.19664313029424","10"
"default_fish","30","4","8","0","0","0","0","1.11466932296753","0","185.523406982422","17.929594039917","423.367309570313","0","377.575988769531","0","0","0","286.544158935547","1012.65112304688","0","1012.65112304688","285.440155029297","451.484436035156","0","0.013951133005321","0.290169268846512","0","0","625.629821777344","0","10.9961204528809","0.0937932357192039","0","9","282","63","389","300","300","-1","0","283","1","99","0","5.42826318740845","0.550000011920929","0.125376001000404","100","333","20459.9981177463","1023","19.9999981600648","2.75580297977512","-2.67246020763332","10"
"default_fish","30","4","9","0","0","0","0","-0.0662567093968391","0","243.504272460938","12.5682363510132","452.285705566406","0","317.609039306641","0","0","0","329.933807373047","1185.67749023438","0","1185.67749023438","264.140106201172","424.501831054688","0","0.0129100726917386","0.391195118427277","0","0","706.203308105469","0","15.5363912582397","0.0686628967523575","0","9","295","73","389","310","310","-1","0","296","0","109","0","4.19274854660034","0.600000023841858","0.125376001000404","115","333","20460.0014661575","1023","20.000001433194","1.89119708591175","-2.30155146068859","10"
"default_fish","45","0","0","0","0","0","0","2.87838363647461","0","57.7982139587402","30.481050491333","0","0","503.829864501953","0","0","0","406.019195556641","267.594299316406","0","267.594299316406","212.100509643555","507.471740722656","0","0.0103665934875607","0.108648419380188","0","0","87.8643646240234","0","1.90869903564453","-0.186339437961578","0","9","52","15","396","214","214","-1","0","53","3","13","0","9.72813034057617","0.0666666701436043","0","40","392","20460.0006644479","1023","20.0000006495092","5.47515536090354","-4.25297497967263","10"
"default_fish","45","0","1","0","0","0","0","2.84911751747131","0","76.8759765625","25.0110206604004","0","0","488.219024658203","0","0","0","462.511596679688","297.260009765625","0","297.260009765625","241.681488037109","505.603668212891","0","0.0118123898282647","0.137486204504967","0","0","101.490409851074","0","2.93173551559448","-0.133002310991287","0","9","58","17","397","216","216","-1","0","59","3","15","0","8.69888496398926","0.0833333358168602","0","44","385","20459.9993355124","1023","19.999999350452","4.92875292402507","-3.77013203996419","10"
"default_fish","45","0","2","0","0","0","0","2.89089751243591","0","81.4235153198242","24.0162715911865","0","0","484.743591308594","0","0","0","492.163208007813","290.103607177734","0","290.103607177734","247.788589477539","505.186889648438","0","0.0121108796447515","0.142778322100639","0","0","105.045959472656","0","3.20126390457153","-0.124461367726326","0","9","63","18","396","217","217","-1","0","64","3","16","0","8.52896499633789","0.100000001490116","0","45","384","20459.9993349717","1023","19.9999993499235","4.86584435834504","-3.66312063799286","10"
"default_fish","45","0","3","0","0","0","0","2.91550374031067","0","123.397026062012","17.6229915618896","0","0","458.628356933594","0","0","0","461.4443359375","452.086853027344","0","452.086853027344","301.485992431641","502.435638427734","0","0.0147353876382113","0.208612933754921","0","0","140.662338256836","0","5.60973024368286","-0.11783903837204","0","9","67","18","393","217","217","-1","0","68","3","16","0","7.23142766952515","0.116666667163372","0","58","374","20459.997377323","1023","19.9999974362884","4.0504642311741","-3.18096343835104","10"
"default_fish","45","1","0","0","0","0","0","2.96825432777405","0","34.9762649536133","41.1695785522461","0","0","507.913604736328","0","0","0","565.554443359375","125.380447387695","0","125.380447387695","162.328796386719","510.073333740234","0","0.00793395936489105","0.0709094628691673","0","0","75.7068939208984","0","0.997115314006805","0.09636440128088","0","9","51","6","396","213","213","-1","0","52","0","12","0","12.0546340942383","0.0333333350718021","0.0313440002501011","30","386","20459.9984599175","1023","19.999998494543","6.42419504378836","-5.63043905044993","10"
"default_fish","45","1","1","0","0","0","0","2.85859704017639","0","34.9762649536133","41.169563293457","0","0","507.913513183594","0","0","0","625.331359863281","113.395027160645","0","113.395027160645","162.32878112793","510.073303222656","0","0.00793395843356848","0.0709094628691673","0","0","75.7068862915039","0","0.997115314006805","0.09636440128088","0","9","57","8","397","215","215","-1","0","58","0","14","0","12.054633140564","0.0500000007450581","0.0313440002501011","32","388","20459.9989383759","1023","19.9999989622443","6.42419452254735","-5.63043861801661","10"
"default_fish","45","1","2","0","0","0","0","2.99731826782227","0","99.4666595458984","20.9678497314453","0","0","469.576263427734","0","0","0","707.724548339844","235.606521606445","0","235.606521606445","266.760803222656","503.561767578125","0","0.0130381612107158","0.166744530200958","0","0","120.047004699707","0","4.31302118301392","0.0484971515834332","0","9","72","11","397","218","218","-1","0","73","0","17","0","8.07244873046875","0.100000001490116","0.0313440002501011","36","359","20460.0019060519","1023","20.0000018631983","4.48467481005277","-3.58777392041598","10"
"default_fish","45","1","3","0","0","0","0","3.06547975540161","0","160.11799621582","14.0285997390747","194.314651489258","0","420.827331542969","0","0","0","760.044494628906","338.996002197266","0","338.996002197266","321.928192138672","485.247802734375","0","0.015734514221549","0.257652044296265","0","0","367.968780517578","0","8.230712890625","0.0362646095454693","0","9","84","12","388","219","219","-1","0","85","1","18","0","6.84745740890503","0.150000005960464","0.0313440002501011","41","336","20460.0019807271","1023","20.0000019361946","3.50116590661413","-3.3462915022909","10"
"default_fish","45","1","4","0","0","0","0","3.06027793884277","0","209.353790283203","10.3328170776367","244.321929931641","0","377.854370117188","0","0","0","810.483154296875","428.676879882813","0","428.676879882813","351.257507324219","480.581939697266","0","0.0171680115163326","0.347435384988785","0","0","463.537445068359","0","12.2586050033569","0.0176787078380585","0","9","100","17","383","224","224","-1","0","101","1","23","0","6.13631582260132","0.200000002980232","0.0313440002501011","48","313","20459.9995165458","1023","19.9999995274153","2.83234054384735","-3.30397527875396","10"
"default_fish","45","1","5","0","0","0","0","3.03402614593506","0","260.651428222656","7.65060997009277","407.816223144531","0","342.722381591797","0","0","0","845.82080078125","499.420318603516","0","499.420318603516","364.752319335938","484.834533691406","0","0.0178275834769011","0.422420084476471","0","0","675.526916503906","0","15.9659090042114","0.00587256113067269","0","9","120","26","382","233","233","-1","0","121","1","32","0","5.54757070541382","0.25","0.0313440002501011","60","303","20459.9978347341","1023","19.9999978834156","2.41879771274372","-3.1287729926701","10"
"default_fish","45","1","6","0","0","0","0","2.97499418258667","0","297.396697998047","6.35986375808716","464.017822265625","0","311.134063720703","0","0","0","891.8544921875","538.460388183594","0","538.460388183594","377.906585693359","476.558258056641","0","0.0184705071151257","0.480228275060654","0","0","767.22900390625","0","18.7005996704102","0.000322870211675763","0","9","125","28","381","235","235","-1","0","126","1","34","0","5.10757684707642","0.266666680574417","0.0313440002501011","66","294","20460.0005477862","1023","20.0000005354704","2.20424986317004","-2.90332698390638","10"
"default_fish","45","1","7","0","0","0","0","3.01321387290955","0","298.162536621094","6.3173360824585","479.703186035156","0","308.885040283203","0","0","0","897.037536621094","538.139404296875","0","538.139404296875","375.858184814453","474.912719726563","0","0.0183703899383545","0.482731252908707","0","0","783.597290039063","0","18.8429374694824","0.00382830388844013","0","9","131","31","381","238","238","-1","0","132","1","37","0","5.08087396621704","0.283333361148834","0.0313440002501011","67","294","20460.0003633957","1023","20.0000003552255","2.18092372255664","-2.89995024366041","10"
"default_fish","45","2","0","0","0","0","0","2.88236618041992","0","20.2191925048828","55.8472099304199","0","0","512.098388671875","0","0","0","878.668273925781","44.5830841064453","0","44.5830841064453","124.780860900879","512.634399414063","0","0.00609877100214362","0.0391737408936024","0","0","75.6214447021484","0","0.527097642421722","0.0460898131132126","0","9","66","4","399","217","217","-1","0","67","3","16","0","14.721453666687","0.0500000007450581","0.0626880005002022","24","389","20460.0010161097","1023","20.0000009932646","8.95653659234229","-5.76491707434472","10"
"default_fish","45","2","1","0","0","0","0","3.10003066062927","0","46.212589263916","35.0315093994141","0","0","498.22998046875","0","0","0","717.755859375","107.96240234375","0","107.96240234375","184.8935546875","508.688171386719","0","0.00903683062642813","0.0774906426668167","0","0","80.8253173828125","0","1.66222250461578","0.0127006601542234","0","9","79","5","397","218","218","-1","0","80","2","17","0","10.4936981201172","0.100000001490116","0.0626880005002022","25","364","20460.0000078324","1023","20.0000000076564","6.69697724979729","-3.7967208703199","10"
"default_fish","45","2","2","0","0","0","0","3.1235203742981","0","117.441070556641","18.2692928314209","181.945510864258","0","446.553497314453","0","0","0","764.599670410156","245.776901245117","0","245.776901245117","279.908325195313","484.441802978516","0","0.0136807598173618","0.187920942902565","0","0","317.055847167969","0","5.6049861907959","0.0157015211880207","0","9","93","8","390","221","221","-1","0","94","0","20","0","7.80141830444336","0.150000005960464","0.0626880005002022","37","335","20459.9984892717","1023","19.9999985232373","4.17486127801675","-3.62655702642661","10"
"default_fish","45","2","3","0","0","0","0","3.16642999649048","0","151.211303710938","14.2478160858154","372.014892578125","0","411.0791015625","0","0","0","754.030090332031","330.395660400391","0","330.395660400391","304.993743896484","464.904998779297","0","0.0149068292230368","0.24912828207016","0","0","536.686157226563","0","8.16097831726074","0.000268875330220908","0","9","113","17","389","230","230","-1","0","114","0","29","0","7.17355298995972","0.200000002980232","0.0626880005002022","45","317","20460.0012070409","1023","20.0000011799031","3.43039706101131","-3.74315592894841","10"
"default_fish","45","2","4","0","0","0","0","3.13846826553345","0","179.069549560547","12.1090431213379","415.581298828125","0","391.366638183594","0","0","0","746.021728515625","367.266906738281","0","367.266906738281","325.743347167969","460.085815429688","0","0.0159209854900837","0.273989081382751","0","0","605.959045410156","0","9.88886260986328","0.0138591583818197","0","9","131","25","387","238","238","-1","0","132","0","37","0","6.55922937393188","0.25","0.0626880005002022","49","304","20459.9989976033","1023","19.9999990201401","3.33122533648593","-3.22800403744595","10"
"default_fish","45","2","5","0","0","0","0","3.09805226325989","0","238.777328491211","8.61593818664551","670.894897460938","0","342.329742431641","0","0","0","783.580749511719","470.156524658203","0","470.156524658203","348.883209228516","449.451019287109","0","0.0170519631356001","0.36840558052063","0","0","917.30419921875","0","14.252010345459","0.0247592385858297","0","9","149","33","385","246","246","-1","0","150","0","45","0","5.66353273391724","0.300000011920929","0.0626880005002022","59","290","20460.0025495093","1023","20.0000024921889","2.65293118312366","-3.01060155079358","10"
"default_fish","45","2","6","0","0","0","0","3.10644507408142","0","320.000885009766","5.96219873428345","498.410339355469","0","287.555450439453","0","0","0","844.095092773438","602.330139160156","0","602.330139160156","373.1533203125","458.643432617188","0","0.0182381868362427","0.508423924446106","0","0","823.6767578125","0","20.1634769439697","0.020384406670928","0","9","168","42","384","255","255","-1","0","169","1","54","0","4.7025032043457","0.349999994039536","0.0626880005002022","75","295","20460.0009673645","1023","20.0000009456154","2.05575572469658","-2.64674747964912","10"
"default_fish","45","2","7","0","0","0","0","2.60817432403564","0","397.503204345703","48203.90625","843.089233398438","0","88409.1328125","0","0","0","857.07470703125","736.616271972656","0","736.616271972656","8874.1826171875","78809.71875","0","0.433733254671097","0.631335139274597","0","0","49087.73046875","0","26.4465141296387","0.457237660884857","0","9","187","51","383","264","264","-1","0","188","0","63","0","45","0.400000005960464","0.0626880005002022","81","279","20460.0005224798","1023","20.0000005107329","43.3938475127314","-1.60615248726859","10"
"default_fish","45","2","8","0","0","0","0","2.54943680763245","0","355.440063476563","43841.109375","846.225463867188","0","78990.5703125","0","0","0","765.651733398438","756.515747070313","0","756.515747070313","7932.60693359375","67366.9375","0","0.387712955474854","0.5792276263237","0","0","44700.6328125","0","24.0785655975342","0.53731369972229","0","9","206","60","382","273","273","-1","0","207","0","72","0","45","0.449999988079071","0.0626880005002022","81","283","20459.9996507165","1023","19.9999996585694","42.0178447763055","-2.98215522369454","10"
"default_fish","45","2","9","0","0","0","0","2.33022046089172","0","321.931396484375","39607.6171875","821.935913085938","0","71066.09375","0","0","0","714.961059570313","731.008544921875","0","731.008544921875","7137.81201171875","59771.265625","0","0.348866671323776","0.522642612457275","0","0","40415.125","0","21.6914138793945","0.55916702747345","0","9","212","63","382","276","276","-1","0","213","0","75","0","45","0.466666668653488","0.0626880005002022","79","286","20459.9997604652","1023","19.9999997658506","41.87480408169","-3.12519591831003","10"
"default_fish","45","3","0","0","0","0","0","3.06055688858032","0","4.78073263168335","153.509368896484","0","0","523.311462402344","0","0","0","176.974304199219","47.2094078063965","0","47.2094078063965","70.0608367919922","517.17236328125","0","0.00342428334988654","0.00835485197603703","0","0","157.835983276367","0","0.09994026273489","0.14110541343689","0","9","78","0","400","218","218","-1","0","79","0","17","0","25.0275344848633","0.0666666701436043","0.0940320044755936","5","386","20459.9998403501","1023","19.9999998439395","24.1957673779273","-0.831767106936017","10"
"default_fish","45","3","1","0","0","0","0","0","0","1.39418983459473","497.260345458984","0","0","153.678405761719","0","0","0","25.0393524169922","38.7278480529785","0","38.7278480529785","34.1068534851074","142.248916625977","0","0.00166700163390487","0.000969720305874944","0","0","497.892517089844","0","0.00729734962806106","0.369856178760529","0","9","83","1","400","219","219","-1","0","84","0","18","0","45","0.0833333358168602","0.0940320044755936","3","383","20460.0000332415","1023","20.0000000324942","NaN","NaN","10"
"default_fish","45","3","2","0","0","0","0","3.00961709022522","0","23.8044681549072","53.6221961975098","0","0","509.897521972656","0","0","0","1003.16168212891","36.4662170410156","0","36.4662170410156","132.995162963867","512.017517089844","0","0.00650025252252817","0.0365815125405788","0","0","76.9863586425781","0","0.689887166023254","0.0334396809339523","0","9","87","1","398","219","219","-1","0","88","1","18","0","13.4105577468872","0.100000001490116","0.0940320044755936","13","368","20459.9994389358","1023","19.9999994515501","10.2353709050589","-3.17518684182833","10"
"default_fish","45","3","3","0","0","0","0","3.11173248291016","0","60.0014190673828","30.0123977661133","0","0","489.813354492188","0","0","0","548.126892089844","166.097930908203","0","166.097930908203","207.251083374023","506.98193359375","0","0.0101295728236437","0.09104273468256","0","0","89.5959014892578","0","2.41802430152893","0.0158705729991198","0","9","106","9","396","227","227","-1","0","107","1","26","0","9.58400917053223","0.150000005960464","0.0940320044755936","26","346","20460.0023102923","1023","20.0000022583502","6.3880537334249","-3.19595543710733","10"
"default_fish","45","3","4","0","0","0","0","3.16102981567383","0","89.5792694091797","22.7245216369629","201.520263671875","0","459.399291992188","0","0","0","564.249267578125","239.825592041016","0","239.825592041016","243.497283935547","479.217315673828","0","0.011901137419045","0.135321423411369","0","0","313.033721923828","0","4.0707221031189","0.0224489122629166","0","9","124","17","394","235","235","-1","0","125","1","34","0","8.51307201385498","0.200000002980232","0.0940320044755936","36","330","20460.0010370342","1023","20.0000010137187","5.04552107333367","-3.46755094052131","10"
"default_fish","45","3","5","0","0","0","0","3.14192318916321","0","114.494537353516","18.6642894744873","382.544158935547","0","434.464233398438","0","0","0","564.055725097656","316.098815917969","0","316.098815917969","266.083374023438","464.295013427734","0","0.0130050517618656","0.178297355771065","0","0","514.809753417969","0","5.83298587799072","0.0388082452118397","0","9","142","25","392","243","243","-1","0","143","1","42","0","7.88323593139648","0.25","0.0940320044755936","42","313","20460.0011515269","1023","20.0000011256372","4.182882690883","-3.70035324051348","10"
"default_fish","45","3","6","0","0","0","0","3.08779191970825","0","135.719024658203","15.5009183883667","540.189147949219","0","406.264526367188","0","0","0","562.835144042969","379.478149414063","0","379.478149414063","282.673461914063","439.731262207031","0","0.013815906830132","0.213583648204803","0","0","690.152221679688","0","7.43442440032959","0.0486571826040745","0","9","162","34","391","252","252","-1","0","163","1","51","0","7.2656512260437","0.300000011920929","0.0940320044755936","51","308","20460.0005913156","1023","20.0000005780211","3.70883388629353","-3.55681733975017","10"
"default_fish","45","3","7","0","0","0","0","2.9616391658783","0","153.218048095703","14.8753528594971","669.641357421875","0","393.030639648438","0","0","0","504.046142578125","441.890533447266","0","441.890533447266","291.350524902344","425.415344238281","0","0.0142400059849024","0.222733214497566","0","0","836.306579589844","0","8.03846740722656","0.0487474650144577","0","9","181","43","390","261","261","-1","0","182","0","60","0","6.70878839492798","0.349999994039536","0.0940320044755936","57","305","20460.0001721376","1023","20.0000001682675","3.66559191045505","-3.04319648447293","10"
"default_fish","45","3","8","0","0","0","0","2.87973785400391","0","102.586265563965","21.0259323120117","754.103149414063","0","412.483917236328","0","0","0","326.869323730469","434.763122558594","0","434.763122558594","237.529769897461","400.13134765625","0","0.0116094704717398","0.142110735177994","0","0","875.509033203125","0","4.93984174728394","0.084321491420269","0","9","199","52","389","270","270","-1","0","200","0","69","0","8.0057258605957","0.400000005960464","0.0940320044755936","56","310","20460.0003484797","1023","20.0000003406449","4.68589367182792","-3.31983218876778","10"
"default_fish","45","3","9","0","0","0","0","2.50556206703186","0","170.259140014648","11.9018383026123","1062.37524414063","0","354.972808837891","0","0","0","427.303466796875","565.880920410156","0","565.880920410156","289.520141601563","371.580322265625","0","0.0141505440697074","0.241802871227264","0","0","1242.04174804688","0","9.18409729003906","0.0681378319859505","0","9","217","61","388","279","279","-1","0","218","0","78","0","6.03413152694702","0.449999988079071","0.0940320044755936","70","305","20460.0007021178","1023","20.0000006863322","3.35492258636495","-2.67920894058207","10"
"default_fish","45","3","10","0","0","0","0","1.73395776748657","0","388.2138671875","6.95342969894409","321.618530273438","0","234.032424926758","0","0","0","736.240844726563","837.9638671875","0","837.9638671875","274.816864013672","458.977416992188","0","0.013431909494102","0.61694324016571","0","0","715.8115234375","0","25.5191402435303","0.0316521413624287","0","9","236","71","388","289","289","-1","0","237","1","88","0","3.30365681648254","0.5","0.0940320044755936","110","310","20459.9996846573","1023","19.9999996917471","1.24752571186082","-2.05613110462173","10"
"default_fish","45","4","0","0","0","0","0","-12.252758026123","0","2.2685432434082","493.061431884766","0","0","540.35009765625","0","0","0","22.0928478240967","128.814697265625","0","128.814697265625","64.2104568481445","517.889343261719","0","0.00313834031112492","0.0028458833694458","0","0","494.500244140625","0","0.043364766985178","0.281806826591492","0","9","142","6","399","243","243","-1","0","143","0","42","0","29.8291645050049","0.216666668653488","0.125376001000404","23","379","20460.0044872535","1023","20.0000043863671","NaN","NaN","10"
"default_fish","45","4","1","0","0","0","0","0","0","1.32027983665466","771.583923339844","2.17197775840759","0","73.9808502197266","0","0","0","6.1452784538269","139.035202026367","0","139.035202026367","43.2188262939453","65.0442047119141","0","0.00211235694587231","0.00085440999828279","0","0","773.967651367188","0","0.0104789230972528","0.447281092405319","0","9","148","9","399","246","246","-1","0","149","0","45","0","45","0.233333334326744","0.125376001000404","9","381","20460.0015060892","1023","20.0000014722279","NaN","NaN","10"
"default_fish","45","4","2","0","0","0","0","1.69625747203827","0","29.1537780761719","53.731201171875","0","0","507.730316162109","0","0","0","196.58430480957","202.487915039063","0","202.487915039063","144.833572387695","511.44677734375","0","0.00707886461168528","0.0398059450089931","0","0","82.4656219482422","0","0.985300242900848","0.0734209045767784","0","9","155","12","398","249","249","-1","0","156","0","48","0","11.6378946304321","0.25","0.125376001000404","35","355","20460.0003436447","1023","20.0000003359186","10.2436422685612","-1.3942523618709","10"
"default_fish","45","4","3","0","0","0","0","2.58222842216492","0","46.0924758911133","39.8601379394531","97.0555038452148","0","490.236511230469","0","0","0","226.862869262695","278.289489746094","0","278.289489746094","175.994873046875","492.696838378906","0","0.00860189832746983","0.0631335526704788","0","0","182.248672485352","0","1.79274034500122","0.0742921754717827","0","9","173","20","396","257","257","-1","0","174","0","56","0","10.2498083114624","0.300000011920929","0.125376001000404","43","339","20460.0038673838","1023","20.0000037804338","7.8308634291001","-2.4189448823623","10"
"default_fish","45","4","4","0","0","0","0","2.78617072105408","0","62.3832855224609","30.6256771087646","243.087188720703","0","471.72900390625","0","0","0","234.731719970703","362.303802490234","0","362.303802490234","199.925262451172","472.749420166016","0","0.00977151840925217","0.08504419028759","0","0","335.068084716797","0","2.66890597343445","0.0826773196458817","0","9","192","29","395","266","266","-1","0","193","0","65","0","9.50342655181885","0.349999994039536","0.125376001000404","51","328","20459.9995699617","1023","19.9999995796302","6.59781684139438","-2.90560971042447","10"
"default_fish","45","4","5","0","0","0","0","2.73824238777161","0","72.0348663330078","27.1734733581543","587.470458984375","0","438.343322753906","0","0","0","223.224685668945","447.276824951172","0","447.276824951172","205.310653686523","417.596740722656","0","0.0100347334519029","0.0998432263731956","0","0","684.573913574219","0","3.29694128036499","0.0980330556631088","0","9","210","38","394","275","275","-1","0","211","0","74","0","9.18280696868896","0.400000005960464","0.125376001000404","59","321","20460.000723546","1023","20.0000007072785","5.76824544624918","-3.41456152243978","10"
"default_fish","45","4","6","0","0","0","0","2.21757793426514","0","177.176818847656","14.8304271697998","491.025512695313","0","379.102874755859","0","0","0","440.882232666016","630.818359375","0","630.818359375","301.111358642578","443.172729492188","0","0.0147170759737492","0.27811661362648","0","0","681.806762695313","0","10.3221082687378","0.0552350953221321","0","9","229","48","394","285","285","-1","0","230","1","84","0","5.8431601524353","0.449999988079071","0.125376001000404","85","321","20459.9989277537","1023","19.9999989518609","3.03333332273047","-2.80982682970483","10"
"default_fish","45","4","7","0","0","0","0","2.19958472251892","0","37.9147644042969","47.8401412963867","329.257202148438","0","478.592956542969","0","0","0","95.0741195678711","542.923217773438","0","542.923217773438","151.410049438477","456.545135498047","0","0.0074002961628139","0.0516179464757442","0","0","413.4541015625","0","1.60118424892426","0.156676515936852","0","9","248","58","394","295","295","-1","0","249","0","94","0","10.5150985717773","0.5","0.125376001000404","58","337","20459.998641582","1023","19.9999986721231","8.24271145291198","-2.27238711886536","10"
"default_fish","45","4","8","0","0","0","0","1.74069011211395","0","74.1452407836914","28.4030456542969","702.38525390625","0","424.967559814453","0","0","0","156.322372436523","651.260375976563","0","651.260375976563","200.417083740234","392.430603027344","0","0.00979555770754814","0.101806566119194","0","0","802.119079589844","0","3.49962592124939","0.125570267438889","0","9","265","67","393","304","304","-1","0","266","0","103","0","8.04414176940918","0.550000011920929","0.125376001000404","79","332","20459.9972481199","1023","19.9999973099901","5.52138960655164","-2.52275216285754","10"
"default_fish","45","4","9","0","0","0","0","1.18060100078583","0","66.855827331543","31.3364753723145","840.395324707031","0","417.655517578125","0","0","0","128.076019287109","722.188720703125","0","722.188720703125","184.617401123047","368.470947265625","0","0.00902333296835423","0.0924950540065765","0","0","935.133605957031","0","3.12170743942261","0.142294526100159","0","9","283","77","393","314","314","-1","0","284","0","113","0","8.70563888549805","0.600000023841858","0.125376001000404","84","342","20460.000952034","1023","20.0000009306295","5.5983799364027","-3.10725894909535","10"
"default_fish","45","4","10","0","0","0","0","0.313892424106598","0","180.542022705078","13.2987804412842","1264.22668457031","0","335.816436767578","0","0","0","297.713470458984","874.282897949219","0","874.282897949219","259.980773925781","349.759033203125","0","0.0127067808061838","0.260285794734955","0","0","1454.70288085938","0","10.010440826416","0.0720312967896461","0","9","289","81","394","318","318","-1","0","290","0","117","0","4.94697761535645","0.616666674613953","0.125376001000404","105","336","20460.0030402083","1023","20.0000029718556","2.79821035123216","-2.14876726412428","10"
"default_fish","5","0","0","0","0","0","0","0","0","38.895393371582","38.5019950866699","0","0","504.32373046875","0","0","0","475.390167236328","151.166015625","0","151.166015625","170.258010864258","509.426513671875","0","0.00832150597125292","0.0718628391623497","0","0","76.9595718383789","0","1.08787107467651","-0.00178794993553311","0","9","185","2","383","201","201","-1","0","186","0","0","0","12.6996726989746","0.0500000007450581","0","19","383","20459.9998428678","1023","19.9999998464005","6.64960091157104","-6.05007178740357","10"
"default_fish","5","0","1","0","0","0","0","4.45887279510498","0","101.47331237793","20.1644515991211","0","0","467.368225097656","0","0","0","489.688934326172","354.576629638672","0","354.576629638672","274.071960449219","503.719573974609","0","0.01339550036937","0.173632249236107","0","0","121.265846252441","0","4.49072456359863","-0.0144206453114748","0","9","187","3","381","202","202","-1","0","188","0","1","0","8.96655559539795","0.100000001490116","0","39","367","20460.0017089253","1023","20.0000016705037","4.42469085669103","-4.54186473870692","10"
"default_fish","5","0","2","0","0","0","0","4.35617113113403","0","159.815689086914","13.4371566772461","0","0","421.869812011719","0","0","0","492.81884765625","560.759887695313","0","560.759887695313","334.267364501953","500.892974853516","0","0.0163376033306122","0.276353061199188","0","0","172.933181762695","0","8.88103294372559","-0.0104058366268873","0","9","189","4","372","203","203","-1","0","190","0","2","0","7.63900327682495","0.150000005960464","0","56","350","20460.0000218899","1023","20.0000000213977","3.38922212433711","-4.24978115248784","10"
"default_fish","5","0","3","0","0","0","0","4.20159196853638","0","223.809173583984","8.95792388916016","0","0","364.289703369141","0","0","0","553.007751464844","713.958129882813","0","713.958129882813","374.255615234375","499.335968017578","0","0.0182920638471842","0.394824385643005","0","0","232.501602172852","0","14.5393867492676","-0.005979775916785","0","9","190","5","363","204","204","-1","0","191","0","3","0","6.63787174224854","0.200000002980232","0","74","332","20459.9993943268","1023","19.9999994079441","2.655442277179","-3.98242946506954","10"
"default_fish","5","0","4","0","0","0","0","3.87807130813599","0","292.396240234375","5.70158243179321","0","0","294.962463378906","0","0","0","574.26953125","922.855224609375","0","922.855224609375","389.453063964844","499.142059326172","0","0.0190348513424397","0.529967606067657","0","0","297.888977050781","0","21.4376239776611","-0.00541468476876616","0","9","192","6","354","205","205","-1","0","193","0","4","0","5.69714307785034","0.25","0","94","313","20460.0002888664","1023","20.0000002823718","2.05833562924441","-3.63880744860593","10"
"default_fish","5","0","5","0","0","0","0","3.40906548500061","0","358.615295410156","-4.05948686599731","0","0","251.44499206543","0","0","0","583.063537597656","1134.00708007813","0","1134.00708007813","-396.615081787109","542.532958984375","0","-0.0193849019706249","0.661198198795319","0","0","354.385894775391","0","27.9353981018066","-0.00232325354591012","0","9","194","7","345","206","206","-1","0","195","0","5","0","1.36645925045013","0.300000011920929","0","111","293","20459.9993535239","1023","19.9999993680585","-1.68002918833791","-3.04648843878805","10"
"default_fish","5","0","6","0","0","0","0","2.7843029499054","0","424.036376953125","-2.4624035358429","0","0","190.085540771484","0","0","0","591.419189453125","1346.69506835938","0","1346.69506835938","-355.9248046875","539.782348632813","0","-0.0173961315304041","0.796461284160614","0","0","421.448425292969","0","33.912467956543","-0.00145532202441245","0","9","196","8","336","207","207","-1","0","197","0","6","0","1.13662850856781","0.349999994039536","0","129","273","20459.9973313281","1023","19.9999973913276","-1.25154125691872","-2.38816976548653","10"
"default_fish","5","0","7","0","0","0","0","2.60208320617676","0","442.149383544922","-1.96590185165405","9.13059520721436","0","170.51579284668","0","0","0","601.899597167969","1398.54016113281","0","1398.54016113281","-335.385101318359","538.682495117188","0","-0.0163922347128391","0.841780781745911","0","0","449.20166015625","0","35.808422088623","-0.00933917611837387","0","9","196","8","333","207","207","-1","0","197","1","6","0","1.0702166557312","0.366666674613953","0","136","267","20459.9987246199","1023","19.9999987532942","-1.11580744085914","-2.18602409659034","10"
"default_fish","5","0","8","0","0","0","0","2.41159391403198","0","464.564575195313","-1.44635617733002","4.33081483840942","0","152.555755615234","0","0","0","608.694274902344","1450.37475585938","0","1450.37475585938","-311.668060302734","537.207763671875","0","-0.0152330445125699","0.882834732532501","0","0","467.348907470703","0","37.5251693725586","-0.0132603188976645","0","9","196","8","330","207","207","-1","0","197","1","6","0","0.959642767906189","0.38333335518837","0","142","261","20459.9980027337","1023","19.9999980476381","-0.988670206157455","-1.94831297406364","10"
"default_fish","5","1","0","0","0","0","0","4.7981390953064","0","30.1060428619385","44.5713729858398","0","0","508.68798828125","0","0","0","374.83544921875","150.252258300781","0","150.252258300781","150.90837097168","510.774230957031","0","0.00737577583640814","0.0563198737800121","0","0","74.2338714599609","0","0.766023874282837","0.0425955690443516","0","9","196","0","390","207","207","-1","0","197","0","6","0","13.9585914611816","0.0333333350718021","0.0313440002501011","24","387","20459.9996419047","1023","19.9999996499557","7.52519913520856","-6.43339232597308","10"
"default_fish","5","1","1","0","0","0","0","4.39851236343384","0","39.5054206848145","38.1191864013672","0","0","504.497528076172","0","0","0","474.222534179688","149.527816772461","0","149.527816772461","172.053939819336","509.389923095703","0","0.008409284055233","0.0709094628691673","0","0","77.1892318725586","0","1.15585482120514","0.0589166209101677","0","9","197","1","390","208","208","-1","0","198","0","7","0","12.6050434112549","0.0500000007450581","0.0313440002501011","25","381","20459.9985788646","1023","19.9999986108158","6.81084120191156","-5.79420220934332","10"
"default_fish","5","1","2","0","0","0","0","4.26122665405273","0","85.5764770507813","23.0609607696533","0","0","478.599731445313","0","0","0","463.411987304688","307.3095703125","0","307.3095703125","252.000549316406","504.789672851563","0","0.0123167419806123","0.142410933971405","0","0","108.247657775879","0","3.49910116195679","0.0575906597077847","0","9","198","1","387","208","208","-1","0","199","0","7","0","9.52056980133057","0.100000001490116","0.0313440002501011","26","359","20460.0006814366","1023","20.000000666116","4.96155765928607","-4.55901214204449","10"
"default_fish","5","1","3","0","0","0","0","4.21379137039185","0","140.715972900391","15.354175567627","0","0","438.015319824219","0","0","0","462.237609863281","518.3037109375","0","518.3037109375","316.194488525391","501.612182617188","0","0.0154542755335569","0.239579454064369","0","0","155.731201171875","0","7.35937976837158","0.0495742447674274","0","9","200","2","378","209","209","-1","0","201","0","8","0","7.98038768768311","0.150000005960464","0.0313440002501011","36","339","20460.0007188183","1023","20.0000007026572","3.69848047494854","-4.28190721273457","10"
"default_fish","5","1","4","0","0","0","0","4.1521577835083","0","181.517852783203","11.9572849273682","0","0","404.443145751953","0","0","0","497.189056396484","622.867858886719","0","622.867858886719","348.526153564453","500.203582763672","0","0.0170345138758421","0.309683084487915","0","0","193.170486450195","0","10.647819519043","0.0576408132910728","0","9","201","3","369","210","210","-1","0","202","0","9","0","7.20005226135254","0.200000002980232","0.0313440002501011","41","321","20459.9999803178","1023","19.9999999807603","3.15321907441925","-4.04683318693329","10"
"default_fish","5","1","5","0","0","0","0","4.01016521453857","0","225.455871582031","9.48716449737549","0","0","362.459320068359","0","0","0","508.228302001953","783.211547851563","0","783.211547851563","366.479461669922","499.644439697266","0","0.0179119966924191","0.398050278425217","0","0","234.675598144531","0","14.8157033920288","0.0662367641925812","0","9","203","4","360","211","211","-1","0","204","0","10","0","6.39765357971191","0.25","0.0313440002501011","48","301","20460.0005216073","1023","20.00000050988","2.57914276976358","-3.81851080994833","10"
"default_fish","5","1","6","0","0","0","0","3.61547183990479","0","317.543151855469","5.14716386795044","0","0","270.795135498047","0","0","0","551.0595703125","1050.44396972656","0","1050.44396972656","383.069793701172","499.576019287109","0","0.0187228657305241","0.578857183456421","0","0","322.498138427734","0","23.8729934692383","0.0211372524499893","0","9","205","5","351","212","212","-1","0","206","0","11","0","5.30306243896484","0.300000011920929","0.0313440002501011","96","301","20459.9979092223","1023","19.999997956229","1.85352849507036","-3.44953394389448","10"
"default_fish","5","1","7","0","0","0","0","2.99527144432068","0","402.045288085938","54271.9453125","0","0","101000.9765625","0","0","0","564.107727050781","1314.55639648438","0","1314.55639648438","10145.353515625","66992.09375","0","0.49586284160614","0.741551399230957","0","0","54566.6875","0","31.3449039459229","0.847368836402893","0","8","206","6","342","213","213","-1","0","207","0","12","0","45","0.349999994039536","0.0313440002501011","79","244","20459.999548995","1023","19.9999995591349","41.9655006465012","-3.0344993534988","10"
"default_fish","5","1","8","0","0","0","0","2.6339156627655","0","419.452178955078","58825.921875","0","0","107345.234375","0","0","0","548.926513671875","1424.88464355469","0","1424.88464355469","10775.654296875","59776.80078125","0","0.526669323444366","0.782157003879547","0","0","59131.2734375","0","32.9588623046875","0.982109248638153","0","8","208","7","333","214","214","-1","0","209","0","13","0","45","0.400000005960464","0.0313440002501011","72","234","20459.9998845637","1023","19.9999998871591","42.3265387853875","-2.67346121461252","10"
"default_fish","5","1","9","0","0","0","0","2.45928430557251","0","431.7900390625","61494.875","0","0","111436.015625","0","0","0","548.862365722656","1477.91394042969","0","1477.91394042969","11182.9228515625","60190.12890625","0","0.546574950218201","0.811171293258667","0","0","61808.359375","0","34.0981025695801","1.00214731693268","0","7","208","7","330","214","214","-1","0","209","0","13","0","45","0.416666686534882","0.0313440002501011","71","231","20459.9988475471","1023","19.9999988734576","42.3617685768839","-2.63823142311608","10"
"default_fish","5","1","10","0","0","0","0","2.07581114768982","0","441.999450683594","64401.44140625","0","0","115359.90625","0","0","0","529.339660644531","1583.93920898438","0","1583.93920898438","11572.107421875","55431.125","0","0.565596640110016","0.838441848754883","0","0","64720.94140625","0","35.0403366088867","1.0715959072113","0","7","208","7","327","214","214","-1","0","209","0","13","0","45","0.433333367109299","0.0313440002501011","67","227","20460.0002921235","1023","20.0000002855557","42.4215934004734","-2.57840659952657","10"
"default_fish","5","2","0","0","0","0","0","4.74948263168335","0","6.71201753616333","115.304092407227","0","0","529.762817382813","0","0","0","322.200286865234","41.8776321411133","0","41.8776321411133","74.4360122680664","516","0","0.00363812362775207","0.0134929846972227","0","0","121.496688842773","0","0.12524525821209","0.217599555850029","0","9","207","0","396","213","213","-1","0","208","3","12","0","26.8242683410645","0.0166666675359011","0.0626880005002022","12","396","20460.0007817929","1023","20.0000007642159","15.6422952418141","-11.1819730992504","10"
"default_fish","5","2","1","0","0","0","0","4.20254468917847","0","9.66525077819824","87.5662231445313","0","0","517.977905273438","0","0","0","264.933898925781","95.1430511474609","0","95.1430511474609","87.1410827636719","515.029357910156","0","0.00425909506157041","0.0252066217362881","0","0","96.7460708618164","0","0.203548640012741","0.0874377340078354","0","9","207","0","396","213","213","-1","0","208","6","12","0","22.3652000427246","0.0333333350718021","0.0626880005002022","27","396","20459.9994843837","1023","19.9999994959763","9.72778257073849","-12.6374174719861","10"
"default_fish","5","2","2","0","0","0","0","4.02929162979126","0","19.6330699920654","57.0087242126465","0","0","515.929321289063","0","0","0","277.351104736328","147.579040527344","0","147.579040527344","123.933395385742","512.767639160156","0","0.00605735089629889","0.0409312136471272","0","0","76.1914901733398","0","0.520598828792572","0.128337785601616","0","9","208","1","396","214","214","-1","0","209","4","13","0","16.2429084777832","0.0500000007450581","0.0626880005002022","26","390","20459.9993474816","1023","19.9999993621521","8.51037872688687","-7.73252975089633","10"
"default_fish","5","2","3","0","0","0","0","4.03290033340454","0","61.1846237182617","28.756275177002","0","0","493.681365966797","0","0","0","345.826843261719","307.078521728516","0","307.078521728516","216.360168457031","507.148956298828","0","0.0105747887864709","0.106195993721485","0","0","89.5370025634766","0","2.39730763435364","0.12147855758667","0","9","210","2","394","215","215","-1","0","211","0","14","0","10.6293344497681","0.100000001490116","0.0626880005002022","30","361","20459.9990435588","1023","19.9999990650624","5.71487249063373","-4.91446195913434","10"
"default_fish","5","2","4","0","0","0","0","4.04801464080811","0","90.422492980957","21.9571266174316","0","0","474.461029052734","0","0","0","369.254486083984","414.379943847656","0","414.379943847656","261.088073730469","504.813415527344","0","0.0127609027549624","0.153011664748192","0","0","112.004104614258","0","4.29667520523071","0.140073478221893","0","9","211","2","384","215","215","-1","0","212","0","14","0","9.18505477905273","0.150000005960464","0.0626880005002022","29","336","20460.0002636128","1023","20.000000257686","4.78392378267088","-4.40113099638185","10"
"default_fish","5","2","5","0","0","0","0","4.03380870819092","0","66.9788055419922","27.8860359191895","0","0","500.078002929688","0","0","0","351.873413085938","307.828399658203","0","307.828399658203","229.780609130859","506.970397949219","0","0.0112307230010629","0.108316637575626","0","0","94.4637451171875","0","3.07389307022095","0.26082706451416","0","9","212","2","374","215","215","-1","0","213","1","14","0","10.0037145614624","0.200000002980232","0.0626880005002022","15","323","20460.0014717764","1023","20.0000014386866","5.95136294398007","-4.05235161748233","10"
"default_fish","5","2","6","0","0","0","0","3.98691630363464","0","114.656913757324","18.7155933380127","0","0","455.987640380859","0","0","0","341.470977783203","574.692749023438","0","574.692749023438","289.889617919922","503.751220703125","0","0.0141686024144292","0.19624088704586","0","0","133.022506713867","0","6.47800588607788","0.194475039839745","0","9","214","3","365","216","216","-1","0","215","1","15","0","8.03941917419434","0.25","0.0626880005002022","24","303","20460.0008836934","1023","20.0000008638254","4.14036064730244","-3.8990585268919","10"
"default_fish","5","2","7","0","0","0","0","3.60763335227966","0","267.376861572266","7.92964935302734","0","0","324.776611328125","0","0","0","490.177093505859","960.6552734375","0","960.6552734375","372.72509765625","499.697875976563","0","0.0182172581553459","0.470891207456589","0","0","275.070709228516","0","18.5652770996094","0.0663542225956917","0","9","217","4","356","220","217","-1","0","219","0","16","0","5.77616596221924","0.300000011920929","0.0626880005002022","63","296","20459.9997693326","1023","19.9999997745187","2.2171417163624","-3.55902424585684","10"
"default_fish","5","2","8","0","0","0","0","2.79306936264038","0","332.763977050781","44186.70703125","0","0","82127.7578125","0","0","0","455.758422851563","1326.21520996094","0","1326.21520996094","8254.7529296875","39754.8515625","0","0.403458058834076","0.60443377494812","0","0","44430.78125","0","24.9632377624512","1.0674751996994","0","8","217","4","346","222","217","-1","0","221","0","16","0","45","0.349999994039536","0.0626880005002022","41","242","20460.0025924437","1023","20.0000025341581","41.8742183432677","-3.12578165673229","10"
"default_fish","5","2","9","0","0","0","0","2.34881019592285","0","321.210876464844","45247.6015625","0","0","81495.2734375","0","0","0","404.421539306641","1445.12780761719","0","1445.12780761719","8185.6943359375","29574.162109375","0","0.400082856416702","0.58444082736969","0","0","45480.59375","0","24.0045356750488","1.20154666900635","0","7","218","5","337","224","218","-1","0","223","0","17","0","45","0.400000005960464","0.0626880005002022","34","235","20459.9977345987","1023","19.9999977855315","43.2007517299115","-1.79924827008847","10"
"default_fish","5","2","10","0","0","0","0","2.17101001739502","0","305.90185546875","43922.57421875","0","0","78336.5078125","0","0","0","378.307922363281","1496.40515136719","0","1496.40515136719","7865.78125","24880.28125","0","0.384446769952774","0.566101908683777","0","0","44143.6171875","0","22.9776954650879","1.24979770183563","0","7","218","5","334","224","218","-1","0","223","0","17","0","45","0.416666686534882","0.0626880005002022","31","233","20460.0008759763","1023","20.0000008562818","42.774312599766","-2.22568740023399","10"
"default_fish","5","2","11","0","0","0","0","1.5850590467453","0","324.054351806641","47519.859375","0","0","84026.34375","0","0","0","367.5498046875","1647.1064453125","0","1647.1064453125","8434.001953125","24969.240234375","0","0.412219047546387","0.605393648147583","0","0","47753.1953125","0","24.5476970672607","1.27132403850555","0","6","218","5","331","225","218","-1","0","224","0","17","0","45","0.433333367109299","0.0626880005002022","31","230","20460.0005830054","1023","20.0000005698977","42.9148535421805","-2.08514645781954","10"
"default_fish","5","3","0","0","0","0","0","3.84567403793335","0","16.4829196929932","74.2752838134766","0","0","569.61474609375","0","0","0","111.854995727539","210.296936035156","0","210.296936035156","119.022239685059","513.755004882813","0","0.00581731321290135","0.0235227607190609","0","0","90.2503967285156","0","0.415928781032562","0.448694080114365","0","9","218","0","399","225","218","-1","0","224","0","17","0","17.8413047790527","0.0833333358168602","0.0940320044755936","9","373","20460.0019509173","1023","20.000001907055","14.318134158826","-3.52317062022678","10"
"default_fish","5","3","1","0","0","0","0","3.84567403793335","0","21.0710525512695","62.0627555847168","0","0","555.856018066406","0","0","0","145.273178100586","210.296936035156","0","210.296936035156","132.912536621094","512.793273925781","0","0.00649621291086078","0.030550504103303","0","0","82.6467361450195","0","0.588877499103546","0.404423266649246","0","9","218","0","397","225","218","-1","0","224","0","17","0","15.972752571106","0.100000001490116","0.0940320044755936","10","367","20460.0031502789","1023","20.0000030794515","12.2770191282805","-3.69573344282549","10"
"default_fish","5","3","2","0","0","0","0","3.99518775939941","0","47.5083618164063","35.3939056396484","0","0","517.237854003906","0","0","0","170.936614990234","429.791961669922","0","429.791961669922","194.610778808594","508.872833251953","0","0.00951176881790161","0.0734671801328659","0","0","82.474006652832","0","1.85610771179199","0.285254538059235","0","9","219","1","388","227","219","-1","0","226","1","18","0","11.4808702468872","0.150000005960464","0.0940320044755936","16","344","20459.9988219149","1023","19.9999988484017","7.43894519628169","-4.04192505060552","10"
"default_fish","5","3","3","0","0","0","0","3.98729109764099","0","49.40673828125","36.4267463684082","0","0","532.869506835938","0","0","0","172.847351074219","428.266357421875","0","428.266357421875","201.678146362305","508.915496826172","0","0.00985719263553619","0.0740246996283531","0","0","85.3943328857422","0","2.05032825469971","0.38226392865181","0","9","219","1","378","228","219","-1","0","227","0","18","0","11.2239980697632","0.200000002980232","0.0940320044755936","11","324","20459.9984822488","1023","19.9999985163723","7.65228412873886","-3.57171394102432","10"
"default_fish","5","3","4","0","0","0","0","3.88030338287354","0","91.169921875","22.8060474395752","0","0","481.282073974609","0","0","0","224.686492919922","667.438354492188","0","667.438354492188","264.2548828125","505.2646484375","0","0.0129156829789281","0.14996437728405","0","0","113.599945068359","0","4.79284143447876","0.260372370481491","0","9","221","3","370","230","221","-1","0","229","1","20","0","8.69355201721191","0.25","0.0940320044755936","22","308","20460.0007017539","1023","20.0000006859765","4.9407200596643","-3.75283195754762","10"
"default_fish","5","3","5","0","0","0","0","3.85209131240845","0","90.1352310180664","23.8802299499512","0","0","487.914611816406","0","0","0","213.401504516602","680.3515625","0","680.3515625","263.715148925781","505.584930419922","0","0.0128893032670021","0.145188048481941","0","0","113.635635375977","0","4.77830219268799","0.305200278759003","0","9","223","5","362","233","223","-1","0","232","0","22","0","8.48178005218506","0.300000011920929","0.0940320044755936","19","298","20460.0003167679","1023","20.0000003096461","5.09323052684242","-3.38854952534264","10"
"default_fish","5","3","6","0","0","0","0","3.86969780921936","0","71.9447402954102","30.9935283660889","0","0","531.554443359375","0","0","0","179.741897583008","609.683837890625","0","609.683837890625","243.573440551758","507.410491943359","0","0.0119048608466983","0.109585732221603","0","0","102.51904296875","0","3.62101531028748","0.453199177980423","0","9","226","8","355","237","226","-1","0","236","0","25","0","9.07605457305908","0.349999994039536","0.0940320044755936","15","292","20459.9989607868","1023","19.9999989841513","6.2366432119197","-2.83941136113938","10"
"default_fish","5","3","7","0","0","0","0","3.77547407150269","0","48.2358093261719","54.1453132629395","0","0","671.754516601563","0","0","0","143.881546020508","498.641021728516","0","498.641021728516","224.495742797852","510.774047851563","0","0.0109724216163158","0.0717452391982079","0","0","101.846870422363","0","2.37198209762573","0.748696148395538","0","9","229","11","348","241","229","-1","0","240","0","28","0","10.5589046478271","0.400000005960464","0.0940320044755936","11","283","20459.999683573","1023","19.9999996906872","8.79710365666947","-1.76180099115768","10"
"default_fish","5","3","8","0","0","0","0","0.58659565448761","0","240.553039550781","5.50957441329956","0","0","344.431365966797","0","0","0","248.222198486328","1749.0458984375","0","1749.0458984375","90.9451217651367","516.531616210938","0","0.00444502104073763","0.434152007102966","0","0","245.82731628418","0","17.4073448181152","0.0439147315919399","0","6","232","14","341","244","232","-1","0","243","0","31","0","1.33854269981384","0.449999988079071","0.0940320044755936","33","247","20459.9980363748","1023","19.9999980805228","0.586627228516939","-0.751915471296904","10"
"default_fish","5","4","0","0","0","0","0","0.548072695732117","0","6.43953990936279","724.029296875","0","0","1312.58361816406","0","0","0","20.439697265625","421.6005859375","0","421.6005859375","131.800079345703","487.862396240234","0","0.00644184229895473","0.00861738808453083","0","0","728.714233398438","0","0.171746820211411","1.19004571437836","0","9","239","2","395","253","239","-1","0","252","0","38","0","45","0.216666668653488","0.125376001000404","21","365","20459.9978125962","1023","19.9999978617753","48.3777302366126","3.37773023661263","10"
"default_fish","5","4","1","0","0","0","0","3.5327832698822","0","33.8620414733887","55.2854652404785","0","0","607.288269042969","0","0","0","78.3008499145508","594.206481933594","0","594.206481933594","175.857559204102","511.28857421875","0","0.0085951890796423","0.0465268716216087","0","0","88.6257095336914","0","1.27277171611786","0.593604266643524","0","9","240","3","393","255","240","-1","0","254","0","39","0","13.3374004364014","0.233333334326744","0.125376001000404","26","338","20459.9989103928","1023","19.9999989348903","10.6457419563975","-2.69165848000389","10"
"default_fish","5","4","2","0","0","0","0","3.52476024627686","0","27.9203910827637","66.9489822387695","0","0","641.589294433594","0","0","0","64.5092926025391","603.387268066406","0","603.387268066406","163.655120849609","512.295166015625","0","0.00799878407269716","0.0389240905642509","0","0","94.3076171875","0","1.00788676738739","0.660733640193939","0","9","241","4","390","256","241","-1","0","255","0","40","0","14.6929302215576","0.25","0.125376001000404","26","341","20459.9998402539","1023","19.9999998438455","11.8585963124466","-2.83433390911102","10"
"default_fish","5","4","3","0","0","0","0","3.46116852760315","0","39.7988700866699","51.6002807617188","0","0","614.256530761719","0","0","0","80.0966186523438","716.326721191406","0","716.326721191406","192.708053588867","510.739044189453","0","0.00941877067089081","0.0573753453791142","0","0","90.8820495605469","0","1.6487090587616","0.621618509292603","0","9","245","8","384","261","245","-1","0","260","0","44","0","12.2497577667236","0.300000011920929","0.125376001000404","30","326","20460.0006011869","1023","20.0000005876704","9.44847456799435","-2.80128319872928","10"
"default_fish","5","4","4","0","0","0","0","3.12861943244934","0","76.6706695556641","30.0312805175781","0","0","527.441284179688","0","0","0","126.258506774902","928.94287109375","0","928.94287109375","250.178787231445","507.15771484375","0","0.0122277019545436","0.117286942899227","0","0","106.290176391602","0","3.94538831710815","0.451831459999084","0","9","248","11","377","265","248","-1","0","264","0","47","0","8.71196460723877","0.349999994039536","0.125376001000404","37","310","20460.0004286565","1023","20.000000419019","5.98422207739295","-2.72774252984582","10"
"default_fish","5","4","5","0","0","0","0","3.11341166496277","0","17.0494709014893","277.166168212891","0","0","1313.70825195313","0","0","0","36.3887138366699","662.229309082031","0","662.229309082031","189.476089477539","516.082458496094","0","0.00926080532371998","0.0240976735949516","0","0","292.979858398438","0","0.659924745559692","1.17050337791443","0","9","252","15","371","270","252","-1","0","269","0","51","0","23.76291847229","0.400000005960464","0.125376001000404","20","323","20460.0013556303","1023","20.0000013251518","22.6004696816708","-1.16244879061921","10"
"default_fish","5","4","6","0","0","0","0","3.12006783485413","0","24.0695495605469","196.954818725586","0","0","1231.08520507813","0","0","0","46.0729331970215","768.325866699219","0","768.325866699219","218.495452880859","515.23583984375","0","0.0106791527941823","0.0353990271687508","0","0","219.961791992188","0","1.05454897880554","1.14583885669708","0","9","256","19","365","275","256","-1","0","274","0","55","0","18.5489692687988","0.449999988079071","0.125376001000404","22","313","20459.9987556962","1023","19.9999987836717","17.5584925551093","-0.990476713689525","10"
"default_fish","5","4","7","0","0","0","0","2.84656095504761","0","33.8355598449707","120.805511474609","0","0","1017.00231933594","0","0","0","55.8429908752441","935.284118652344","0","935.284118652344","235.875640869141","513.891235351563","0","0.01152862329036","0.0522290654480457","0","0","153.825180053711","0","1.63093960285187","1.05556666851044","0","8","260","23","359","280","260","-1","0","279","0","59","0","13.5407810211182","0.5","0.125376001000404","28","306","20460.0007241433","1023","20.0000007078625","12.7520281023711","-0.78875291874707","10"
"default_fish","5","4","8","0","0","0","0","2.54506182670593","0","40.4782638549805","97.0495910644531","0","0","934.709655761719","0","0","0","60.0806694030762","1043.89611816406","0","1043.89611816406","247.140472412109","513.095031738281","0","0.0120792016386986","0.0627179741859436","0","0","136.797943115234","0","2.0439395904541","1.01071810722351","0","8","262","25","358","283","262","-1","0","282","0","61","0","11.7221918106079","0.516666650772095","0.125376001000404","33","304","20460.0005699331","1023","20.0000005571193","11.1042948031188","-0.617897007489159","10"
"default_fish","60","0","0","0","0","0","0","2.26314544677734","0","34.681583404541","41.8282165527344","0","0","512.749450683594","0","0","0","754.493896484375","93.9828186035156","0","93.9828186035156","162.8896484375","510.190551757813","0","0.00796137098222971","0.0709094628691673","0","0","76.0690460205078","0","0.938760459423065","0.159985288977623","0","9","47","10","399","217","217","-1","0","48","0","16","0","11.3988904953003","0.0666666701436043","0.0313440002501011","34","390","20459.9997665076","1023","19.9999997717572","6.44648499434542","-4.95240550095487","10"
"default_fish","60","0","1","0","0","0","0","2.24276113510132","0","59.8182640075684","29.7843151092529","0","0","497.541107177734","0","0","0","715.915466308594","156.016159057617","0","156.016159057617","212.168441772461","507.112457275391","0","0.0103699145838618","0.111694373190403","0","0","89.1863403320313","0","2.10285615921021","0.135509267449379","0","9","52","11","399","218","218","-1","0","53","1","17","0","8.94898796081543","0.0833333358168602","0.0313440002501011","36","382","20459.9989765246","1023","19.9999989995353","5.32711870687193","-3.6218692539435","10"
"default_fish","60","0","2","0","0","0","0","2.44126868247986","0","61.4154891967773","29.2472972869873","0","0","495.068908691406","0","0","0","740.783081054688","156.977630615234","0","156.977630615234","213.949844360352","506.924591064453","0","0.0104569811373949","0.116286374628544","0","0","90.2469940185547","0","2.29797291755676","0.129432052373886","0","9","56","11","397","218","218","-1","0","57","1","17","0","8.87211608886719","0.100000001490116","0.0313440002501011","36","380","20460.0009839601","1023","20.0000009618378","5.15925731561274","-3.71285877325445","10"
"default_fish","60","0","3","0","0","0","0","2.20244646072388","0","149.686874389648","15.125675201416","173.30224609375","0","429.967346191406","0","0","0","937.728515625","261.736511230469","0","261.736511230469","312.729125976563","487.349914550781","0","0.0152849052101374","0.245437785983086","0","0","337.630249023438","0","7.49222421646118","0.0666394308209419","0","9","71","15","391","222","222","-1","0","72","2","21","0","6.30533409118652","0.150000005960464","0.0313440002501011","43","342","20459.997734834","1023","19.9999977857615","3.57046739661623","-2.7348666945703","10"
"default_fish","60","0","4","0","0","0","0","2.2300386428833","0","227.760345458984","10.0051202774048","231.666030883789","0","375.996795654297","0","0","0","1034.96960449219","346.84765625","0","346.84765625","362.529541015625","487.420837402344","0","0.0177189391106367","0.358976781368256","0","0","469.068939208984","0","12.8196716308594","0.0468594841659069","0","9","90","23","389","230","230","-1","0","91","2","29","0","5.21846866607666","0.200000002980232","0.0313440002501011","59","322","20460.0026419188","1023","20.0000025825208","2.82924460506376","-2.3892240610129","10"
"default_fish","60","0","5","0","0","0","0","2.12694907188416","0","292.030578613281","6.33905458450317","370.164489746094","0","323.162322998047","0","0","0","1090.29235839844","431.678497314453","0","431.678497314453","365.746551513672","494.382019042969","0","0.017876174300909","0.470655769109726","0","0","668.020446777344","0","18.4065723419189","0.0320214070379734","0","9","109","32","388","239","239","-1","0","110","2","38","0","4.57139921188354","0.25","0.0313440002501011","78","310","20460.0014162467","1023","20.0000013844054","2.176698619638","-2.39470059224555","10"
"default_fish","60","0","6","0","0","0","0","1.96623563766479","0","351.286468505859","4.48706912994385","414.68701171875","0","277.243835449219","0","0","0","1099.49084472656","523.839233398438","0","523.839233398438","373.422454833984","495.972991943359","0","0.0182513445615768","0.575956463813782","0","0","769.989013671875","0","23.0485858917236","0.0163924302905798","0","9","130","42","388","249","249","-1","0","131","3","48","0","3.9050714969635","0.300000011920929","0.0313440002501011","102","307","20459.9969922283","1023","19.9999970598517","1.81593612581219","-2.08913537115131","10"
"default_fish","60","0","7","0","0","0","0","1.90315520763397","0","393.261901855469","3.67791247367859","589.228942871094","0","235.969863891602","0","0","0","1192.99523925781","538.227661132813","0","538.227661132813","373.019256591797","482.995910644531","0","0.018231637775898","0.642103016376495","0","0","985.762084960938","0","26.5116634368896","0.00711717689409852","0","9","149","51","387","258","258","-1","0","150","2","57","0","3.61221718788147","0.349999994039536","0.0313440002501011","110","299","20459.9971311916","1023","19.9999971956907","1.62705398806906","-1.98516319981241","10"
"default_fish","60","0","8","0","0","0","0","1.60595798492432","0","445.816375732422","2.90457773208618","525.44189453125","0","196.503494262695","0","0","0","1151.91564941406","645.23046875","0","645.23046875","355.672698974609","492.205505371094","0","0.0173838082700968","0.743251085281372","0","0","973.860473632813","0","30.9027404785156","0.00452166702598333","0","9","168","60","386","267","267","-1","0","169","3","66","0","3.04043555259705","0.400000005960464","0.0313440002501011","140","303","20459.9989512326","1023","19.999998974812","1.3402061734711","-1.70022937912594","10"
"default_fish","60","0","9","0","0","0","0","1.58415818214417","0","457.291534423828","2.88433575630188","552.247009277344","0","189.344940185547","0","0","0","1167.93835449219","646.14013671875","0","646.14013671875","352.172149658203","488.519866943359","0","0.0172127168625593","0.75465190410614","0","0","1012.15441894531","0","31.4329967498779","0.00907175522297621","0","9","175","63","386","270","270","-1","0","176","3","69","0","2.88637757301331","0.416666686534882","0.0313440002501011","141","302","20459.9978301066","1023","19.9999978788921","1.30696236233446","-1.57941521067885","10"
"default_fish","60","0","10","0","0","0","0","1.45577681064606","0","475.401702880859","2.66553664207458","498.961151123047","0","174.358062744141","0","0","0","1155.69409179688","680.727416992188","0","680.727416992188","341.9970703125","485.309234619141","0","0.0167153999209404","0.786712646484375","0","0","979.016967773438","0","32.7664756774902","0.0098660783842206","0","9","181","66","386","273","273","-1","0","182","3","72","0","2.63924050331116","0.433333367109299","0.0313440002501011","149","302","20459.9992779149","1023","19.9999992941495","1.21746350129852","-1.42177700201264","10"
"default_fish","60","1","0","0","0","0","0","2.26538896560669","0","13.3745718002319","72.113525390625","0","0","523.617736816406","0","0","0","1425.33569335938","30.1390781402588","0","30.1390781402588","105.477333068848","514.374694824219","0","0.0051552951335907","0.0429583005607128","0","0","85.0439300537109","0","0.35399979352951","0.190332725644112","0","9","48","4","399","217","217","-1","0","49","0","16","0","16.6129245758057","0.0500000007450581","0.0626880005002022","32","395","20459.9989594353","1023","19.9999989828302","6.8925038351318","-9.72042074067386","10"
"default_fish","60","1","1","0","0","0","0","2.24487209320068","0","64.4941787719727","28.4827671051025","0","0","492.506622314453","0","0","0","1099.68579101563","95.1321563720703","0","95.1321563720703","218.567932128906","506.619720458984","0","0.010682693682611","0.104615479707718","0","0","92.5664520263672","0","2.28211307525635","0.0799198821187019","0","9","61","6","398","219","219","-1","0","62","0","18","0","8.61511611938477","0.100000001490116","0.0626880005002022","35","369","20460.0018144006","1023","20.0000017736076","5.86091070844474","-2.75420541094003","10"
"default_fish","60","1","2","0","0","0","0","2.32681775093079","0","107.515411376953","19.9862327575684","279.400238037109","0","451.322998046875","0","0","0","1170.9619140625","140.594024658203","0","140.594024658203","265.009857177734","475.557464599609","0","0.0129525829106569","0.164630234241486","0","0","406.156890869141","0","4.73383522033691","0.0481989160180092","0","9","78","12","394","225","225","-1","0","79","0","24","0","7.3942084312439","0.150000005960464","0.0626880005002022","39","341","20460.0008357942","1023","20.0000008170031","4.51251284178514","-2.88169558945875","10"
"default_fish","60","1","3","0","0","0","0","2.49340581893921","0","165.493804931641","13.7259664535522","361.509765625","0","408.73876953125","0","0","0","1168.44494628906","217.998809814453","0","217.998809814453","314.045623779297","474.842437744141","0","0.0153492484241724","0.254719614982605","0","0","540.139465332031","0","8.91176700592041","0.0332194492220879","0","9","98","21","393","234","234","-1","0","99","0","33","0","6.29645109176636","0.200000002980232","0.0626880005002022","49","319","20460.0000665003","1023","20.0000000650052","3.45470171598238","-2.84174937578398","10"
"default_fish","60","1","4","0","0","0","0","2.62450265884399","0","227.750076293945","9.75802326202393","0","0","375.922210693359","0","0","0","1146.53820800781","313.833221435547","0","313.833221435547","365.213012695313","497.707641601563","0","0.017850099131465","0.359821796417236","0","0","237.206787109375","0","13.3172798156738","0.031676709651947","0","9","117","30","392","243","243","-1","0","118","0","42","0","5.17921590805054","0.25","0.0626880005002022","61","315","20459.9991297269","1023","19.9999991492932","2.84350574382155","-2.33571016422899","10"
"default_fish","60","1","5","0","0","0","0","2.56726813316345","0","235.909851074219","9.54918384552002","0","0","369.864318847656","0","0","0","1143.56408691406","324.076171875","0","324.076171875","365.743530273438","497.496643066406","0","0.0178760290145874","0.370601862668991","0","0","245.159774780273","0","13.8992719650269","0.0203691367059946","0","9","136","39","391","252","252","-1","0","137","0","51","0","5.05010938644409","0.300000011920929","0.0626880005002022","69","311","20459.9986929412","1023","19.9999987223277","2.76474210048798","-2.28536728595611","10"
"default_fish","60","1","6","0","0","0","0","2.60948276519775","0","290.950225830078","6.68079566955566","42.1803283691406","0","329.354309082031","0","0","0","1180.59985351563","390.463897705078","0","390.463897705078","358.215240478516","503.457122802734","0","0.017508078366518","0.460981607437134","0","0","339.469512939453","0","18.2278137207031","0.0126118632033467","0","9","156","48","390","261","261","-1","0","157","0","60","0","4.40556526184082","0.349999994039536","0.0626880005002022","79","306","20459.9975496772","1023","19.9999976047676","2.17661676289988","-2.22894849894094","10"
"default_fish","60","1","7","0","0","0","0","2.52000331878662","0","338.903106689453","5.84919404983521","251.566116333008","0","283.942321777344","0","0","0","1183.59216308594","458.602691650391","0","458.602691650391","373.162780761719","488.596069335938","0","0.0182386506348848","0.542798578739166","0","0","595.978515625","0","22.009895324707","0.00124496081843972","0","9","176","58","390","271","271","-1","0","177","0","70","0","3.95016741752625","0.400000005960464","0.0626880005002022","89","299","20459.9993843829","1023","19.9999993982238","1.92556601709294","-2.02460140043331","10"
"default_fish","60","1","8","0","0","0","0","2.10358285903931","0","399.562896728516","4.58912229537964","310.652862548828","0","226.651443481445","0","0","0","1195.90393066406","544.141784667969","0","544.141784667969","347.535827636719","471.421112060547","0","0.0169861130416393","0.650741279125214","0","0","714.294372558594","0","26.8656349182129","0.015519130975008","0","9","195","67","389","280","280","-1","0","196","1","79","0","3.17416453361511","0.449999988079071","0.0626880005002022","105","300","20459.9973392841","1023","19.9999973991046","1.49574514751054","-1.67841938610457","10"
"default_fish","60","1","9","0","0","0","0","2.24209213256836","0","390.130493164063","4.98337650299072","254.072418212891","0","235.575973510742","0","0","0","1180.70849609375","539.944702148438","0","539.944702148438","346.376617431641","476.987609863281","0","0.0169294532388449","0.637517333030701","0","0","733.678833007813","0","26.2538661956787","0.0157229322940111","0","9","201","70","389","283","283","-1","0","202","1","82","0","3.21614718437195","0.466666668653488","0.0626880005002022","105","303","20460.0002460135","1023","20.0000002404824","1.5216846090579","-1.69446257531405","10"
"default_fish","60","2","0","0","0","0","0","2.50621795654297","0","5.49217176437378","121.082496643066","0","0","518.009765625","0","0","0","182.113082885742","73.8012924194336","0","73.8012924194336","71.45361328125","516.809753417969","0","0.00349235651083291","0.0134401805698872","0","0","126.139030456543","0","0.126297771930695","0.0365081503987312","0","9","56","0","400","218","218","-1","0","57","1","17","0","23.4972057342529","0.0666666701436043","0.0940320044755936","9","391","20459.9997335921","1023","19.9999997395818","15.0608330085596","-8.43637272569328","10"
"default_fish","60","2","1","0","0","0","0","2.22250890731812","0","16.8140888214111","64.6527709960938","0","0","513.318908691406","0","0","0","782.992492675781","36.0263748168945","0","36.0263748168945","113.423828125","513.416870117188","0","0.00554368738085032","0.0282083787024021","0","0","81.0199890136719","0","0.447738528251648","0.0474033914506435","0","9","61","1","400","219","219","-1","0","62","1","18","0","14.7656240463257","0.0833333358168602","0.0940320044755936","14","381","20459.9971702594","1023","19.9999972338801","11.3338967606277","-3.431727285698","10"
"default_fish","60","2","2","0","0","0","0","2.41957068443298","0","20.4364490509033","58.1272125244141","0","0","511.697204589844","0","0","0","1014.96539306641","32.6806983947754","0","32.6806983947754","124.002326965332","512.639099121094","0","0.00606071949005127","0.0331697762012482","0","0","78.118408203125","0","0.567890465259552","0.0463546477258205","0","9","65","1","398","219","219","-1","0","66","1","18","0","13.6047925949097","0.100000001490116","0.0940320044755936","15","378","20460.0010227966","1023","20.0000009998011","10.5281228640389","-3.07666973087077","10"
"default_fish","60","2","3","0","0","0","0","2.34875917434692","0","46.7973022460938","35.2730522155762","0","0","497.226257324219","0","0","0","1680.59387207031","44.0407180786133","0","44.0407180786133","184.045303344727","508.579772949219","0","0.00899537093937397","0.0740145593881607","0","0","81.6485595703125","0","1.78174781799316","0.0341670475900173","0","9","85","10","397","228","228","-1","0","86","1","27","0","9.72087383270264","0.150000005960464","0.0940320044755936","27","359","20460.0015480335","1023","20.0000015132292","6.98070886622889","-2.74016496647375","10"
"default_fish","60","2","4","0","0","0","0","2.42177176475525","0","86.2058563232422","23.0320606231689","314.226104736328","0","452.365051269531","0","0","0","1190.9599609375","113.623794555664","0","113.623794555664","234.322494506836","465.3837890625","0","0.0114527139812708","0.135321393609047","0","0","422.439056396484","0","4.07722520828247","0.016763286665082","0","9","104","19","396","237","237","-1","0","105","1","36","0","8.19563293457031","0.200000002980232","0.0940320044755936","38","332","20459.9970705665","1023","19.9999971364286","4.85494625410988","-3.34068668046044","10"
"default_fish","60","2","5","0","0","0","0","2.47405123710632","0","123.229690551758","17.3268508911133","640.26904296875","0","415.329620361328","0","0","0","1107.93957519531","171.79231262207","0","171.79231262207","265.604156494141","435.841522216797","0","0.012981628999114","0.190335497260094","0","0","779.525390625","0","6.2900242805481","0.00538519537076354","0","9","124","28","395","246","246","-1","0","125","0","45","0","7.34729242324829","0.25","0.0940320044755936","45","311","20460.0020931323","1023","20.0000020460727","3.91083332010215","-3.43645910314614","10"
"default_fish","60","2","6","0","0","0","0","2.44807529449463","0","166.613815307617","13.5110778808594","791.641662597656","0","386.371917724609","0","0","0","1067.79516601563","231.163818359375","0","231.163818359375","299.493560791016","428.000122070313","0","0.0146380057558417","0.246835589408875","0","0","970.578002929688","0","8.7864294052124","0.0106797562912107","0","9","143","37","394","255","255","-1","0","144","0","54","0","6.266357421875","0.300000011920929","0.0940320044755936","55","300","20459.9974741432","1023","19.9999975309318","3.39978630163122","-2.86657112024378","10"
"default_fish","60","2","7","0","0","0","0","2.32743453979492","0","208.623626708984","10.459813117981","724.845153808594","0","376.387817382813","0","0","0","1025.25720214844","295.859344482422","0","295.859344482422","328.525695800781","462.443176269531","0","0.0160569734871387","0.303331911563873","0","0","942.770751953125","0","11.5011396408081","0.0178877655416727","0","9","163","47","394","265","265","-1","0","164","0","64","0","5.44795370101929","0.349999994039536","0.0940320044755936","64","295","20460.0011368221","1023","20.0000011112631","3.03438888049427","-2.41356482052502","10"
"default_fish","60","2","8","0","0","0","0","2.21942615509033","0","230.20491027832","9.20063591003418","813.404968261719","0","347.693664550781","0","0","0","971.100280761719","340.625","0","340.625","339.64453125","434.964202880859","0","0.0166004151105881","0.330781012773514","0","0","1051.69384765625","0","12.9958410263062","0.0246768090873957","0","9","182","56","393","274","274","-1","0","183","0","73","0","4.98173189163208","0.400000005960464","0.0940320044755936","71","295","20460.0022943624","1023","20.0000022427785","2.87662632919335","-2.10510556243873","10"
"default_fish","60","2","9","0","0","0","0","1.9670821428299","0","252.505294799805","8.26164722442627","816.971313476563","0","320.102691650391","0","0","0","900.084716796875","408.672271728516","0","408.672271728516","337.626007080078","413.318786621094","0","0.0165017582476139","0.36783966422081","0","0","1076.2861328125","0","14.6677389144897","0.0269370432943106","0","9","202","66","393","284","284","-1","0","203","0","83","0","4.4510931968689","0.449999988079071","0.0940320044755936","81","302","20460.002020021","1023","20.000001974605","2.5712249459659","-1.879868250903","10"
"default_fish","60","2","10","0","0","0","0","1.80651545524597","0","204.388977050781","9.52219867706299","1203.8232421875","0","336.061401367188","0","0","0","696.13134765625","420.322265625","0","420.322265625","312.290130615234","378.722534179688","0","0.0152634466066957","0.292599499225616","0","0","1415.79223632813","0","11.3650016784668","0.0368328057229519","0","9","222","76","393","294","294","-1","0","223","0","93","0","5.29612636566162","0.5","0.0940320044755936","85","313","20460.0008544755","1023","20.0000008352644","2.99019023969055","-2.30593612597107","10"
"default_fish","60","3","0","0","0","0","0","0.534617304801941","0","18.8379440307617","72.857536315918","0","0","511.388763427734","0","0","0","1455.42895507813","18.5776538848877","0","18.5776538848877","120.096778869629","513.581298828125","0","0.00586983282119036","0.0270384550094604","0","0","91.2892456054688","0","0.592717468738556","0.00868066772818565","0","9","118","6","399","243","243","-1","0","119","0","42","0","12.0493927001953","0.216666668653488","0.125376001000404","29","365","20459.9998889362","1023","19.9999998914333","12.538290360884","0.488897660688687","10"
"default_fish","60","3","1","0","0","0","0","1.69331443309784","0","31.702091217041","49.2953109741211","0","0","505.039764404297","0","0","0","910.006408691406","47.9108009338379","0","47.9108009338379","151.3427734375","511.016998291016","0","0.00739700673148036","0.0435991361737251","0","0","80.5820236206055","0","1.09642291069031","0.00540634989738464","0","9","124","9","399","246","246","-1","0","125","0","45","0","10.6219444274902","0.233333334326744","0.125376001000404","33","354","20460.0021240229","1023","20.0000020762687","9.7680211105354","-0.853923316954834","10"
"default_fish","60","3","2","0","0","0","0","1.75680804252625","0","28.9371604919434","54.9388580322266","0","0","506.379241943359","0","0","0","658.741943359375","60.4272193908691","0","60.4272193908691","144.659744262695","511.608062744141","0","0.00707036862149835","0.0398059450089931","0","0","83.4657592773438","0","0.993644595146179","0.00886913295835257","0","9","131","12","398","249","249","-1","0","132","0","48","0","10.7107458114624","0.25","0.125376001000404","35","355","20460.0003206112","1023","20.0000003134029","10.231216033985","-0.479529777477394","10"
"default_fish","60","3","3","0","0","0","0","2.1792688369751","0","50.9556732177734","36.4186172485352","0","0","494.669464111328","0","0","0","570.459655761719","120.585708618164","0","120.585708618164","188.403472900391","508.329620361328","0","0.00920838117599487","0.0687892809510231","0","0","86.9644622802734","0","1.99790322780609","0.0105832545086741","0","9","151","22","398","259","259","-1","0","152","0","58","0","9.16639614105225","0.300000011920929","0.125376001000404","46","342","20459.9993527131","1023","19.999999367266","7.69291275142313","-1.47348338962911","10"
"default_fish","60","3","4","0","0","0","0","2.39642333984375","0","70.0005187988281","28.2754173278809","0","0","483.537536621094","0","0","0","527.359924316406","179.996612548828","0","179.996612548828","219.004104614258","505.970458984375","0","0.0107040125876665","0.0949229896068573","0","0","97.8602752685547","0","2.99703788757324","0.0205723233520985","0","9","170","31","397","268","268","-1","0","171","0","67","0","8.25716400146484","0.349999994039536","0.125376001000404","54","329","20460.0006605561","1023","20.0000006457049","6.47474284472299","-1.78242115674186","10"
"default_fish","60","3","5","0","0","0","0","2.40686869621277","0","92.2642974853516","23.1269378662109","773.376037597656","0","422.125244140625","0","0","0","508.519653320313","245.853759765625","0","245.853759765625","224.031555175781","409.545593261719","0","0.0109497336670756","0.12502147257328","0","0","886.834716796875","0","4.34950351715088","0.0474567823112011","0","9","190","41","397","278","278","-1","0","191","0","77","0","8.17452526092529","0.400000005960464","0.125376001000404","62","314","20460.0003970337","1023","20.0000003881073","5.02456406036882","-3.14996120055647","10"
"default_fish","60","3","6","0","0","0","0","2.29289507865906","0","94.8074340820313","23.0312232971191","951.227111816406","0","407.005554199219","0","0","0","444.5615234375","290.689971923828","0","290.689971923828","220.958892822266","382.644317626953","0","0.0107995541766286","0.129229575395584","0","0","1066.67150878906","0","4.52174282073975","0.0512662157416344","0","9","209","50","396","287","287","-1","0","210","0","86","0","8.13412189483643","0.449999988079071","0.125376001000404","70","320","20460.0013304665","1023","20.0000013005537","4.7937274349985","-3.34039445983792","10"
"default_fish","60","3","7","0","0","0","0","2.09378123283386","0","78.3975219726563","28.1201419830322","15.6437177658081","0","476.168395996094","0","0","0","335.850036621094","321.323913574219","0","321.323913574219","224.344741821289","504.390747070313","0","0.010965040884912","0.107916638255119","0","0","121.740997314453","0","3.70616221427917","0.0518350079655647","0","9","229","60","396","297","297","-1","0","230","0","96","0","7.51528549194336","0.5","0.125376001000404","78","329","20460.0004848125","1023","20.0000004739125","5.83169165989845","-1.68359383204491","10"
"default_fish","60","3","8","0","0","0","0","1.76138281822205","0","85.4138259887695","28.1302604675293","63.160572052002","0","469.873657226563","0","0","0","302.846221923828","389.556549072266","0","389.556549072266","229.263977050781","499.558654785156","0","0.0112054729834199","0.117975734174252","0","0","176.23503112793","0","4.11213445663452","0.0596267506480217","0","9","248","70","396","307","307","-1","0","249","0","106","0","6.87643384933472","0.550000011920929","0.125376001000404","85","332","20459.9999830449","1023","19.9999999834261","5.45023613015344","-1.42619771918128","10"
"default_fish","60","3","9","0","0","0","0","1.35323929786682","0","79.0512542724609","28.9384136199951","897.931091308594","0","413.91943359375","0","0","0","247.956451416016","440.309906005859","0","440.309906005859","197.384567260742","379.522125244141","0","0.00964733865112066","0.109177686274052","0","0","1003.17962646484","0","3.76185131072998","0.0817901194095612","0","9","267","80","396","317","317","-1","0","268","0","116","0","8.13597774505615","0.600000023841858","0.125376001000404","87","340","20460.0019133581","1023","20.0000018703403","5.069476151834","-3.06650159322215","10"
"default_fish","60","3","10","0","0","0","0","1.20056545734406","0","72.3599090576172","31.688663482666","857.466674804688","0","418.87548828125","0","0","0","217.3466796875","456.079742431641","0","456.079742431641","188.51806640625","380.742797851563","0","0.00921398121863604","0.0991274192929268","0","0","958.659362792969","0","3.37280011177063","0.0933853983879089","0","9","273","83","396","320","320","-1","0","274","0","119","0","8.38270950317383","0.616666674613953","0.125376001000404","83","342","20460.0011583437","1023","20.0000011323007","5.33339227299541","-3.04931723017841","10"
"default_fish","75","0","0","0","0","0","0","1.21415567398071","0","42.7781181335449","36.8098411560059","0","0","506.569061279297","0","0","0","16440.376953125","4.42082643508911","0","4.42082643508911","180.445678710938","509.13232421875","0","0.00881943665444851","0.0726800486445427","0","0","79.1597671508789","0","1.35832643508911","0.142121776938438","0","9","45","6","400","219","219","-1","0","46","0","18","0","9.34425449371338","0.0833333358168602","0.0626880005002022","33","379","20460.0005398214","1023","20.0000005276847","6.9697927570612","-2.37446173665218","10"
"default_fish","75","0","1","0","0","0","0","1.45028507709503","0","54.0661888122559","31.9746341705322","0","0","500.271484375","0","0","0","4599.27685546875","19.0343780517578","0","19.0343780517578","201.779876708984","507.793609619141","0","0.00986216496676207","0.0875443741679192","0","0","85.623161315918","0","1.82084095478058","0.128440037369728","0","9","48","6","398","219","219","-1","0","49","0","18","0","8.37849807739258","0.100000001490116","0.0626880005002022","34","374","20459.9981230321","1023","19.9999981652317","6.46829092229308","-1.9102071550995","10"
"default_fish","75","0","2","0","0","0","0","1.41665530204773","0","112.170043945313","19.3669395446777","275.164001464844","0","448.037231445313","0","0","0","2653.05444335938","68.5986633300781","0","68.5986633300781","268.913116455078","480.12255859375","0","0.0131433587521315","0.181996002793312","0","0","406.051696777344","0","5.37592554092407","0.0790627971291542","0","9","68","15","397","228","228","-1","0","69","0","27","0","6.38520431518555","0.150000005960464","0.0626880005002022","43","341","20459.9997250679","1023","19.9999997312491","4.14138310602233","-2.24382120916321","10"
"default_fish","75","0","3","0","0","0","0","1.61692810058594","0","161.315139770508","14.4809150695801","337.169982910156","0","414.7919921875","0","0","0","2470.7451171875","104.666748046875","0","104.666748046875","307.17626953125","482.3134765625","0","0.0150135019794106","0.258604854345322","0","0","512.445373535156","0","8.73817348480225","0.062163881957531","0","9","87","24","396","237","237","-1","0","88","0","36","0","5.52313661575317","0.200000002980232","0.0626880005002022","53","324","20460.0012676928","1023","20.0000012391914","3.32822153320898","-2.1949150825442","10"
"default_fish","75","0","4","0","0","0","0","1.70744895935059","0","227.314910888672","10.3876981735229","510.948181152344","0","369.508850097656","0","0","0","2878.45190429688","114.578033447266","0","114.578033447266","345.385833740234","468.652587890625","0","0.01688102632761","0.329807341098785","0","0","748.116394042969","0","12.505087852478","0.0286711379885674","0","9","108","34","396","247","247","-1","0","109","0","46","0","4.78371953964233","0.25","0.0626880005002022","57","294","20460.0020779147","1023","20.0000020311972","2.93393813508468","-1.84978140455765","10"
"default_fish","75","0","5","0","0","0","0","1.88203454017639","0","259.072418212891","4.6201343536377","668.259765625","0","363.051910400391","0","0","0","2517.15942382813","153.272216796875","0","153.272216796875","322.045715332031","502.200317382813","0","0.0157402567565441","0.385810613632202","0","0","930.484436035156","0","14.8244953155518","0.0330031625926495","0","9","127","43","395","256","256","-1","0","128","0","55","0","4.37620830535889","0.300000011920929","0.0626880005002022","72","305","20460.0039448619","1023","20.00000385617","2.33819558113472","-2.03801272422416","10"
"default_fish","75","0","6","0","0","0","0","1.9464156627655","0","335.504791259766","5.35686731338501","730.87841796875","0","307.875457763672","0","0","0","2387.07446289063","210.407073974609","0","210.407073974609","363.696411132813","501.147186279297","0","0.0177759733051062","0.502257347106934","0","0","1070.91967773438","0","20.2527351379395","0.0123952403664589","0","9","147","53","395","266","266","-1","0","148","0","65","0","3.72143459320068","0.349999994039536","0.0626880005002022","82","291","20459.9998486913","1023","19.9999998520931","2.02824505811888","-1.69318953508181","10"
"default_fish","75","0","7","0","0","0","0","1.97809541225433","0","382.714569091797","4.73546123504639","817.221069335938","0","256.656768798828","0","0","0","2452.03295898438","235.354858398438","0","235.354858398438","370.808471679688","468.889495849609","0","0.0181235801428556","0.57709789276123","0","0","1204.20666503906","0","23.7469615936279","0.00215731747448444","0","9","167","63","395","276","276","-1","0","168","0","75","0","3.30419945716858","0.400000005960464","0.0626880005002022","90","291","20460.0012115079","1023","20.0000011842697","1.79965213956209","-1.50454731760649","10"
"default_fish","75","0","8","0","0","0","0","1.72925901412964","0","406.540100097656","3.87222862243652","791.299133300781","0","223.406539916992","0","0","0","2211.90991210938","278.841064453125","0","278.841064453125","356.898620605469","449.852203369141","0","0.0174437258392572","0.616771399974823","0","0","1210.33251953125","0","26.1137351989746","0.0137350577861071","0","9","187","73","395","286","286","-1","0","188","0","85","0","2.9888117313385","0.449999988079071","0.0626880005002022","96","295","20459.9994229596","1023","19.9999994359331","1.62067388052637","-1.36813785081213","10"
"default_fish","75","0","9","0","0","0","0","1.71999514102936","0","427.733642578125","3.37274813652039","768.598266601563","0","203.50959777832","0","0","0","2268.58862304688","288.505676269531","0","288.505676269531","347.894195556641","445.154296875","0","0.0170036256313324","0.654500663280487","0","0","1199.00769042969","0","27.8620357513428","0.0134326638653874","0","9","194","76","395","289","289","-1","0","195","0","88","0","2.77046418190002","0.466666668653488","0.0626880005002022","101","297","20460.0008903736","1023","20.0000008703554","1.48868537077516","-1.28177881112486","10"
"default_fish","75","1","0","0","0","0","0","1.86751008033752","0","4.17099714279175","160.747634887695","0","0","523.450439453125","0","0","0","102.411468505859","121.415481567383","0","121.415481567383","64.9956588745117","517.333557128906","0","0.00317671801894903","0.0124343382194638","0","0","164.447982788086","0","0.0856218412518501","0.139923855662346","0","9","42","0","400","218","218","-1","0","43","0","17","0","25.8285160064697","0.0666666701436043","0.0940320044755936","9","393","20460.0025834256","1023","20.0000025253427","14.8019978332021","-11.0265181732677","10"
"default_fish","75","1","1","0","0","0","0","1.16261267662048","0","13.8052797317505","73.879768371582","0","0","516.969482421875","0","0","0","180.694244384766","118.562065124512","0","118.562065124512","104.374481201172","514.219848632813","0","0.0051013920456171","0.0214234814047813","0","0","87.2411651611328","0","0.329854398965836","0.10115410387516","0","9","46","1","400","219","219","-1","0","47","0","18","0","14.9788436889648","0.0833333358168602","0.0940320044755936","11","381","20459.9999897765","1023","19.9999999900064","13.7756967848495","-1.20314690411535","10"
"default_fish","75","1","2","0","0","0","0","1.65375781059265","0","22.7051200866699","57.1703491210938","0","0","512.525207519531","0","0","0","362.940124511719","91.4132995605469","0","91.4132995605469","130.080184936523","512.280883789063","0","0.00635778112336993","0.0331775546073914","0","0","79.4333953857422","0","0.60379433631897","0.0865203440189362","0","9","50","1","398","219","219","-1","0","51","0","18","0","11.9495601654053","0.100000001490116","0.0940320044755936","13","372","20459.9973500778","1023","19.9999974096557","11.0478652948035","-0.901694870601803","10"
"default_fish","75","1","3","0","0","0","0","1.4723072052002","0","55.9848976135254","32.3247871398926","76.169075012207","0","490.500122070313","0","0","0","1514.84252929688","52.0078544616699","0","52.0078544616699","197.315734863281","498.913421630859","0","0.00964397564530373","0.078783705830574","0","0","163.93635559082","0","2.05228352546692","0.067354679107666","0","9","71","11","398","229","229","-1","0","72","0","28","0","8.29659080505371","0.150000005960464","0.0940320044755936","26","350","20459.999290787","1023","19.9999993067321","7.03125625376272","-1.26533455129099","10"
"default_fish","75","1","4","0","0","0","0","1.52994537353516","0","87.7182006835938","24.3759136199951","328.573425292969","0","459.259490966797","0","0","0","3133.95849609375","38.8793869018555","0","38.8793869018555","232.845397949219","472.730712890625","0","0.0113805178552866","0.121846385300159","0","0","439.846405029297","0","3.79885768890381","0.0462387576699257","0","9","91","21","398","239","239","-1","0","92","0","38","0","7.35467576980591","0.200000002980232","0.0940320044755936","35","327","20460.0002311015","1023","20.0000002259057","5.3592680279683","-1.99540774183761","10"
"default_fish","75","1","5","0","0","0","0","1.62541937828064","0","150.373779296875","15.1437921524048","840.491821289063","0","399.099761962891","0","0","0","8452.3076171875","24.9374179840088","0","24.9374179840088","279.783233642578","429.397338867188","0","0.0136746447533369","0.21077872812748","0","0","1004.68872070313","0","7.59413194656372","0.0207425579428673","0","9","110","30","397","248","248","-1","0","111","0","47","0","6.2107195854187","0.25","0.0940320044755936","44","296","20460.000145474","1023","20.0000001422033","3.71977811151037","-2.49094147390833","10"
"default_fish","75","1","6","0","0","0","0","1.72346341609955","0","173.202301025391","13.8245248794556","726.770446777344","0","390.476531982422","0","0","0","5438.4267578125","45.1946411132813","0","45.1946411132813","300.946868896484","443.033386230469","0","0.0147090367972851","0.245787754654884","0","0","912.858520507813","0","9.12679195404053","0.0115026962012053","0","9","131","40","397","258","258","-1","0","132","0","57","0","5.63103055953979","0.300000011920929","0.0940320044755936","54","295","20459.9983699838","1023","19.9999984066313","3.430885380648","-2.20014517889179","10"
"default_fish","75","1","7","0","0","0","0","1.68065583705902","0","219.956451416016","9.34390258789063","881.564270019531","0","375.426086425781","0","0","0","3214.87109375","98.9569702148438","0","98.9569702148438","318.52392578125","477.226379394531","0","0.0155681306496263","0.318133920431137","0","0","1109.47351074219","0","12.3276100158691","0.00243018963374197","0","9","151","50","397","268","268","-1","0","152","0","67","0","4.93368053436279","0.349999994039536","0.0940320044755936","66","293","20459.9982457686","1023","19.9999982852088","2.8049339150348","-2.12874661932799","10"
"default_fish","75","1","8","0","0","0","0","1.72885620594025","0","232.293533325195","9.37126159667969","828.039916992188","0","351.613067626953","0","0","0","3237.52783203125","103.669715881348","0","103.669715881348","339.466918945313","446.773834228516","0","0.0165917351841927","0.335633605718613","0","0","1068.8583984375","0","13.1848545074463","0.00991420261561871","0","9","170","59","396","277","277","-1","0","171","0","76","0","4.63286209106445","0.400000005960464","0.0940320044755936","70","294","20460.0010292312","1023","20.0000010060911","2.83351856570614","-1.79934352535832","10"
"default_fish","75","1","9","0","0","0","0","1.62972438335419","0","259.612182617188","8.10424137115479","731.080932617188","0","332.200256347656","0","0","0","2329.57421875","162.674911499023","0","162.674911499023","352.480773925781","447.453094482422","0","0.0172278005629778","0.37896329164505","0","0","997.965454101563","0","15.1540794372559","0.0128181455656886","0","9","190","69","396","287","287","-1","0","191","0","86","0","4.16191577911377","0.449999988079071","0.0940320044755936","81","301","20459.9985144509","1023","19.9999985478503","2.60558376489124","-1.55633201422253","10"
"default_fish","75","1","10","0","0","0","0","1.50210475921631","0","269.294250488281","8.06963062286377","731.52685546875","0","327.529449462891","0","0","0","2101.92260742188","188.144302368164","0","188.144302368164","352.084777832031","453.214782714844","0","0.017208443954587","0.395464718341827","0","0","1008.11083984375","0","15.9085903167725","0.0170581061393023","0","9","210","79","396","297","297","-1","0","211","0","96","0","3.95001316070557","0.5","0.0940320044755936","89","308","20460.0008438405","1023","20.0000008248685","2.49398360363123","-1.45602955707434","10"
"default_fish","75","2","0","0","0","0","0","-0.819184958934784","0","18.5736141204834","73.6772613525391","0","0","512.022338867188","0","0","0","222.380493164063","121.58642578125","0","121.58642578125","120.054641723633","513.701293945313","0","0.00586777273565531","0.027038449421525","0","0","91.8492050170898","0","0.589365363121033","0.0467416346073151","0","9","101","7","400","244","244","-1","0","102","0","43","0","11.1171503067017","0.216666668653488","0.125376001000404","30","366","20460.0019687411","1023","20.0000019244781","12.5338211782203","1.4166708715186","10"
"default_fish","75","2","1","0","0","0","0","0.670090436935425","0","27.9875717163086","57.8401794433594","0","0","507.588745117188","0","0","0","382.355743408203","102.279609680176","0","102.279609680176","142.172927856445","511.799987792969","0","0.00694882357493043","0.0391071960330009","0","0","85.4158401489258","0","0.933032751083374","0.0454910658299923","0","9","108","10","400","247","247","-1","0","109","0","46","0","9.95351123809814","0.233333334326744","0.125376001000404","34","360","20459.9996421508","1023","19.9999996501962","10.2350379844611","0.28152674636296","10"
"default_fish","75","2","2","0","0","0","0","0.720082879066467","0","32.0272178649902","57.6126480102539","0","0","505.506561279297","0","0","0","452.894775390625","98.150276184082","0","98.150276184082","149.564071655273","511.228363037109","0","0.00731007196009159","0.0444517470896244","0","0","89.2285614013672","0","1.10555231571198","0.0426716879010201","0","9","114","13","399","250","250","-1","0","115","0","49","0","9.4215784072876","0.25","0.125376001000404","37","357","20459.9999113278","1023","19.9999999133214","9.46526198343211","0.0436835761445113","10"
"default_fish","75","2","3","0","0","0","0","1.57200467586517","0","59.3020553588867","31.5589046478271","0","0","490.147644042969","0","0","0","1595.09106445313","50.7154579162598","0","50.7154579162598","203.607070922852","507.217834472656","0","0.00995146855711937","0.0808957740664482","0","0","90.448486328125","0","2.40919780731201","0.0277957580983639","0","9","134","23","399","260","260","-1","0","135","0","59","0","8.13436222076416","0.300000011920929","0.125376001000404","47","334","20460.0024362424","1023","20.0000023814686","7.06619243424487","-1.06816978651929","10"
"default_fish","75","2","4","0","0","0","0","1.73167610168457","0","64.7439270019531","28.9861354827881","0","0","486.145446777344","0","0","0","2604.0869140625","34.0158996582031","0","34.0158996582031","212.780960083008","506.509826660156","0","0.0103998519480228","0.0885803624987602","0","0","93.3145446777344","0","2.7609441280365","0.0171102154999971","0","9","153","32","398","269","269","-1","0","154","0","68","0","7.95030689239502","0.349999994039536","0.125376001000404","54","329","20459.998964068","1023","19.9999989873587","6.74241006743335","-1.20789682496167","10"
"default_fish","75","2","5","0","0","0","0","1.94180655479431","0","90.1147232055664","24.2307605743408","970.819458007813","0","414.489013671875","0","0","0","10778.064453125","11.3769464492798","0","11.3769464492798","212.50065612793","393.57958984375","0","0.0103861531242728","0.122621461749077","0","0","1082.97998046875","0","4.27220392227173","0.0149511750787497","0","9","174","42","398","279","279","-1","0","175","0","78","0","8.21911144256592","0.400000005960464","0.125376001000404","61","311","20459.996457332","1023","19.9999965369814","4.85882798558959","-3.36028345697632","10"
"default_fish","75","2","6","0","0","0","0","1.92750179767609","0","73.5284576416016","27.515983581543","1115.77709960938","0","403.286193847656","0","0","0","6399.06884765625","15.7800006866455","0","15.7800006866455","188.796295166016","354.148712158203","0","0.00922758132219315","0.100977309048176","0","0","1213.65112304688","0","3.43203830718994","0.0251309834420681","0","9","194","52","398","289","289","-1","0","195","0","88","0","9.1568546295166","0.449999988079071","0.125376001000404","69","320","20459.9979749779","1023","19.9999980205063","5.24315894823404","-3.91369568128256","10"
"default_fish","75","2","7","0","0","0","0","1.94115495681763","0","65.0237579345703","32.3901977539063","1052.46142578125","0","411.135498046875","0","0","0","4068.80712890625","21.8416576385498","0","21.8416576385498","176.257354736328","360.220001220703","0","0.00861473008990288","0.0888694897294044","0","0","1146.75390625","0","2.97182393074036","0.0396105051040649","0","9","214","62","398","299","299","-1","0","215","0","98","0","9.57881546020508","0.5","0.125376001000404","67","327","20459.9973414043","1023","19.9999974011772","5.5628086827982","-4.01600677740688","10"
"default_fish","75","2","8","0","0","0","0","1.73180723190308","0","112.346496582031","15.9491920471191","1495.77465820313","0","366.701354980469","0","0","0","1601.30139160156","97.1465301513672","0","97.1465301513672","232.843353271484","325.703094482422","0","0.0113804191350937","0.155560880899429","0","0","1620.525390625","0","5.69436597824097","0.0505926795303822","0","9","234","72","398","309","309","-1","0","235","0","108","0","7.59635305404663","0.550000011920929","0.125376001000404","78","325","20459.9980464223","1023","19.9999980903444","4.19535454183555","-3.40099851221108","10"
"default_fish","75","2","9","0","0","0","0","1.79719305038452","0","74.9800567626953","30.3123245239258","1007.23571777344","0","412.633544921875","0","0","0","1455.37756347656","70.6668167114258","0","70.6668167114258","189.915283203125","373.685455322266","0","0.00928227137774229","0.102846905589104","0","0","1109.814453125","0","3.50988483428955","0.0486153028905392","0","9","240","75","398","312","312","-1","0","241","0","111","0","8.50826549530029","0.566666662693024","0.125376001000404","75","333","20460.0011650723","1023","20.0000011388782","5.17817902560149","-3.3300864696988","10"
"default_fish","75","2","10","0","0","0","0","1.5060168504715","0","112.897689819336","16.3632354736328","1475.27807617188","0","372.940368652344","0","0","0","1219.05285644531","130.073608398438","0","130.073608398438","232.53466796875","338.717498779297","0","0.0113653307780623","0.158566609025002","0","0","1601.05126953125","0","5.74134206771851","0.0600584000349045","0","9","246","78","398","315","315","-1","0","247","0","114","0","7.41042566299438","0.583333313465118","0.125376001000404","79","329","20460.000021961","1023","20.0000000214673","4.1102245157036","-3.30020114729078","10"
"default_fish","90","0","0","0","0","0","0","0.593926012516022","0","11.9093370437622","78.255989074707","0","0","524.424072265625","0","0","0","1283.9052734375","30.8231010437012","0","30.8231010437012","97.8712615966797","514.577209472656","0","0.00478354142978787","0.0395739413797855","0","0","89.6976776123047","0","0.308397769927979","0.192665815353394","0","9","35","5","400","218","218","-1","0","36","0","17","0","15.8259773254395","0.0666666701436043","0.0626880005002022","28","393","20460.0008243306","1023","20.0000008057973","6.942664073809","-8.88331325163045","10"
"default_fish","90","0","1","0","0","0","0","0.579480588436127","0","29.073938369751","45.8074645996094","0","0","510.942352294922","0","0","0","961.086669921875","59.5816650390625","0","59.5816650390625","149.023651123047","511.088745117188","0","0.00728365778923035","0.0572631433606148","0","0","74.4427261352539","0","0.93867564201355","0.129691988229752","0","9","37","6","400","219","219","-1","0","38","0","18","0","9.94508457183838","0.0833333358168602","0.0626880005002022","30","384","20460.0017512347","1023","20.0000017118618","7.30760480627174","-2.63747976556664","10"
"default_fish","90","0","2","0","0","0","0","0.128244429826736","0","56.0749473571777","31.0878582000732","0","0","499.402099609375","0","0","0","423.728973388672","216.912170410156","0","216.912170410156","205.723907470703","507.604095458984","0","0.0100549319759011","0.0919119715690613","0","0","86.7459487915039","0","2.1300847530365","0.160888493061066","0","9","40","8","400","221","221","-1","0","41","0","20","0","7.05810022354126","0.100000001490116","0.0626880005002022","35","371","20459.9999247898","1023","19.9999999264807","6.28058030406977","-0.777519919471485","10"
"default_fish","90","0","3","0","0","0","0","0.341395169496536","0","89.9348983764648","23.350061416626","340.48876953125","0","458.836334228516","0","0","0","2278.1826171875","61.7489585876465","0","61.7489585876465","236.109283447266","475.107879638672","0","0.0115400440990925","0.140675395727158","0","0","452.926879882813","0","4.09771490097046","0.0905162617564201","0","9","59","17","399","230","230","-1","0","60","0","29","0","6.10917329788208","0.150000005960464","0.0626880005002022","36","338","20459.9983691426","1023","19.999998405809","4.70543987658173","-1.40373342130035","10"
"default_fish","90","0","4","0","0","0","0","0.341395169496536","0","131.027587890625","16683.201171875","0","0","28480.00390625","0","0","0","NaN","0","0","0","2848","26669.642578125","0","0.139198452234268","0.226226344704628","0","0","16775.849609375","0","6.98821496963501","0.356798589229584","0","9","80","28","400","241","241","-1","0","81","0","40","0","45","0.200000002980232","0.0626880005002022","57","340","20459.9976097929","1023","19.9999976635317","NaN","NaN","10"
"default_fish","90","0","5","0","0","0","0","0.341395169496536","0","129.192306518555","16656.0078125","0","0","28433.583984375","0","0","0","NaN","0","0","0","2843.3583984375","26077.876953125","0","0.138971552252769","0.283777743577957","0","0","16747.359375","0","7.87667751312256","0.409505426883698","0","9","100","38","400","251","251","-1","0","101","0","50","0","45","0.25","0.0626880005002022","69","348","20460.0031614084","1023","20.0000030903308","NaN","NaN","10"
"default_fish","90","0","6","0","0","0","0","0.636188864707947","0","218.301651000977","10.1981210708618","258.648986816406","0","356.767272949219","0","0","0","9001.416015625","47.2983818054199","0","47.2983818054199","329.670837402344","481.808898925781","0","0.0161129422485828","0.425752431154251","0","0","486.683471679688","0","14.4853744506836","0.0629017055034637","0","9","119","47","399","260","260","-1","0","120","0","59","0","3.76090574264526","0.300000011920929","0.0626880005002022","79","320","20460.0024201873","1023","20.0000023657745","2.16892280218781","-1.59198294045745","10"
"default_fish","90","0","7","0","0","0","0","0.636188864707947","0","309.519622802734","40170.140625","0","0","68574.71875","0","0","0","NaN","0","0","0","6857.47119140625","67616.8203125","0","0.335164785385132","0.485363364219666","0","0","40389","0","19.4692459106445","0.165536418557167","0","9","140","58","400","271","271","-1","0","141","0","70","0","45","0.349999994039536","0.0626880005002022","86","297","20459.9990524853","1023","19.9999990737882","NaN","NaN","10"
"default_fish","90","0","8","0","0","0","0","0.636188864707947","0","379.716949462891","49824.30859375","0","0","85055.4140625","0","0","0","NaN","0","0","0","8505.541015625","84457.296875","0","0.415715634822845","0.599089622497559","0","0","50092.80859375","0","24.7295265197754","0.116810664534569","0","9","160","68","400","281","281","-1","0","161","0","80","0","45","0.400000005960464","0.0626880005002022","96","296","20459.9979003666","1023","19.9999979475725","NaN","NaN","10"
"default_fish","90","0","9","0","0","0","0","0.636188864707947","0","394.373504638672","51420.6953125","0","0","87780.609375","0","0","0","NaN","0","0","0","8778.060546875","87656.5234375","0","0.429035186767578","0.608807325363159","0","0","51699.55859375","0","25.6368598937988","0.0484072044491768","0","9","180","78","400","291","291","-1","0","181","0","90","0","45","0.449999988079071","0.0626880005002022","99","299","20460.0014581796","1023","20.0000014253955","NaN","NaN","10"
"default_fish","90","1","0","0","0","0","0","1.07434248924255","0","6.11567258834839","118.149238586426","0","0","530.580383300781","0","0","0","88.9284210205078","142.988723754883","0","142.988723754883","75.8202362060547","516.616577148438","0","0.00370577909052372","0.0127157615497708","0","0","123.817024230957","0","0.136571809649467","0.222808048129082","0","9","35","0","400","218","218","-1","0","36","0","17","0","20.7370834350586","0.0666666701436043","0.0940320044755936","8","389","20459.9989243664","1023","19.9999989485497","16.9437039680272","-3.79337946703136","10"
"default_fish","90","1","1","0","0","0","0","-0.780477821826935","0","3.52466177940369","179.366455078125","0","0","530.841552734375","0","0","0","40.5209121704102","191.977981567383","0","191.977981567383","63.7469902038574","517.757568359375","0","0.00311568891629577","0.00777912279590964","0","0","182.4345703125","0","0.0790744349360466","0.215063348412514","0","9","37","1","400","219","219","-1","0","38","0","18","0","25.9864864349365","0.0833333358168602","0.0940320044755936","6","389","20459.9983876587","1023","19.9999984239088","23.6106468098548","-2.37583962508172","10"
"default_fish","90","1","2","0","0","0","0","0.226792618632317","0","22.4247303009033","55.3117218017578","0","0","516.715759277344","0","0","0","243.266876220703","147.683380126953","0","147.683380126953","130.467895507813","512.273620605469","0","0.00637672981247306","0.0359264761209488","0","0","77.2860794067383","0","0.677087545394897","0.162972390651703","0","9","39","2","399","220","220","-1","0","40","0","19","0","11.2855005264282","0.100000001490116","0.0940320044755936","16","376","20460.000555867","1023","20.0000005433695","10.2238200320995","-1.06168049432875","10"
"default_fish","90","1","3","0","0","0","0","0.393214970827103","0","52.0480613708496","34.6365432739258","69.8990859985352","0","494.115325927734","0","0","0","555.053466796875","137.101715087891","0","137.101715087891","190.438781738281","500.199829101563","0","0.00930786039680243","0.0760987773537636","0","0","156.049652099609","0","1.93059134483337","0.107700258493423","0","9","59","12","399","230","230","-1","0","60","0","29","0","7.46532154083252","0.150000005960464","0.0940320044755936","27","353","20459.9954898017","1023","19.999995591204","7.02560369690208","-0.439717843930444","10"
"default_fish","90","1","4","0","0","0","0","0.535338997840881","0","82.9968032836914","25.1698799133301","434.185363769531","0","455.197906494141","0","0","0","712.219299316406","163.350982666016","0","163.350982666016","221.620849609375","459.204986572266","0","0.0108319083228707","0.116341724991798","0","0","541.226684570313","0","3.60112023353577","0.0728609561920166","0","9","79","22","399","240","240","-1","0","80","0","39","0","6.96363973617554","0.200000002980232","0.0940320044755936","33","319","20460.0004914591","1023","20.0000004804097","5.3422174612098","-1.62142227496573","10"
"default_fish","90","1","5","0","0","0","0","0.690004408359528","0","147.968078613281","16.2862415313721","785.966735839844","0","406.657348632813","0","0","0","1616.00634765625","130.287643432617","0","130.287643432617","265.926300048828","445.223968505859","0","0.0129973748698831","0.210545673966408","0","0","948.997009277344","0","7.6529746055603","0.0397135280072689","0","9","99","32","399","250","250","-1","0","100","0","49","0","5.56617307662964","0.25","0.0940320044755936","44","292","20460.0007856218","1023","20.0000007679587","3.53922529289864","-2.02694778373099","10"
"default_fish","90","1","6","0","0","0","0","0.894797921180725","0","146.758712768555","15.5598659515381","987.562255859375","0","387.439178466797","0","0","0","1232.04064941406","167.379379272461","0","167.379379272461","265.857147216797","405.126068115234","0","0.0129939951002598","0.20621819794178","0","0","1148.11401367188","0","7.55432176589966","0.0288602523505688","0","9","119","42","399","260","260","-1","0","120","0","59","0","5.91530561447144","0.300000011920929","0.0940320044755936","50","292","20460.0005745332","1023","20.000000561616","3.61265214045287","-2.30265347401857","10"
"default_fish","90","1","7","0","0","0","0","0.955670237541199","0","192.095443725586","2.77722501754761","816.03955078125","0","411.363433837891","0","0","0","2231.470703125","126.386054992676","0","126.386054992676","242.103546142578","516.729064941406","0","0.0118330176919699","0.282026767730713","0","0","1008.3876953125","0","10.737681388855","0.0335255041718483","0","9","139","52","399","270","270","-1","0","140","0","69","0","4.35257387161255","0.349999994039536","0.0940320044755936","69","305","20460.0003519706","1023","20.0000003440573","2.40466899010168","-1.94790488151087","10"
"default_fish","90","1","8","0","0","0","0","1.03867876529694","0","222.039031982422","4.7817587852478","666.89013671875","0","397.7802734375","0","0","0","2857.400390625","113.655044555664","0","113.655044555664","276.721038818359","529.220825195313","0","0.0135249774903059","0.324757963418961","0","0","891.454345703125","0","12.6975955963135","0.0189027972519398","0","9","159","62","399","280","280","-1","0","160","0","79","0","4.07160043716431","0.400000005960464","0.0940320044755936","77","302","20459.9999531756","1023","19.9999999542283","2.38684923791691","-1.6847511992474","10"
"default_fish","90","1","9","0","0","0","0","1.08135271072388","0","277.303314208984","7.73152112960815","698.9794921875","0","347.291351318359","0","0","0","4136.53369140625","98.3247299194336","0","98.3247299194336","332.808532714844","504.601593017578","0","0.0162662994116545","0.40672355890274","0","0","983.134338378906","0","16.4949131011963","0.000871110067237169","0","9","167","66","400","284","284","-1","0","168","0","83","0","3.73064804077148","0.416666686534882","0.0940320044755936","77","295","20460.0028741874","1023","20.0000028095674","2.292070167136","-1.43857787363548","10"
"default_fish","90","2","0","0","0","0","0","-2.05878090858459","0","19.4669895172119","69.6097717285156","0","0","513.287841796875","0","0","0","113.030319213867","252.001205444336","0","252.001205444336","122.897476196289","513.460144042969","0","0.00600671954452991","0.0284837763756514","0","0","88.6712265014648","0","0.623193204402924","0.0943881720304489","0","9","87","7","400","244","244","-1","0","88","0","43","0","10.1482553482056","0.216666668653488","0.125376001000404","30","364","20459.9990535944","1023","19.9999990748723","12.1740524083578","2.02579706015222","10"
"default_fish","90","2","1","0","0","0","0","-0.496344983577728","0","22.7209320068359","64.0665969848633","0","0","511.341064453125","0","0","0","136.847885131836","242.362609863281","0","242.362609863281","131.018692016602","512.810668945313","0","0.00640365155413747","0.0331668108701706","0","0","86.3806991577148","0","0.761117398738861","0.089504674077034","0","9","93","10","400","247","247","-1","0","94","0","46","0","9.6036901473999","0.233333334326744","0.125376001000404","33","361","20459.9970671341","1023","19.9999971330734","11.1322388155635","1.52854866816362","10"
"default_fish","90","2","2","0","0","0","0","-0.402012437582016","0","32.1662940979004","56.3122177124023","0","0","506.646118164063","0","0","0","183.799835205078","246.545715332031","0","246.545715332031","150.451126098633","511.164306640625","0","0.00735342828556895","0.0453150607645512","0","0","88.0644683837891","0","1.12003600597382","0.0837807580828667","0","9","99","13","399","250","250","-1","0","100","0","49","0","8.54353427886963","0.25","0.125376001000404","37","356","20459.9977392711","1023","19.9999977900988","9.33887607502287","0.795341796153245","10"
"default_fish","90","2","3","0","0","0","0","0.446998655796051","0","39.9382820129395","48.9713516235352","346.327087402344","0","476.113006591797","0","0","0","230.854904174805","243.584533691406","0","243.584533691406","154.549789428711","460.290496826172","0","0.00755375297740102","0.0562326833605766","0","0","433.861663818359","0","1.56392848491669","0.0690793395042419","0","9","119","23","399","260","260","-1","0","120","0","59","0","9.01108169555664","0.300000011920929","0.125376001000404","45","342","20460.0004648135","1023","20.0000004543631","7.71989580736135","-1.29118588819529","10"
"default_fish","90","2","4","0","0","0","0","0.417896926403046","0","36.4179496765137","44.3817367553711","257.777221679688","0","483.103057861328","0","0","0","189.529220581055","268.489990234375","0","268.489990234375","154.288040161133","473.677734375","0","0.00754095986485481","0.0508866980671883","0","0","337.498596191406","0","1.49773859977722","0.0563871562480927","0","9","139","33","399","270","270","-1","0","140","0","69","0","9.43800926208496","0.349999994039536","0.125376001000404","52","338","20460.0001758667","1023","20.0000001719127","8.52211726555438","-0.915891996530577","10"
"default_fish","90","2","5","0","0","0","0","1.2080272436142","0","68.7699584960938","30.2570419311523","1004.78076171875","0","415.257385253906","0","0","0","390.111206054688","243.016967773438","0","243.016967773438","179.146041870117","373.483459472656","0","0.00875591672956944","0.0948036462068558","0","0","1100.69250488281","0","3.19697046279907","0.0186367612332106","0","9","159","43","399","280","280","-1","0","160","0","79","0","9.34578418731689","0.400000005960464","0.125376001000404","59","313","20459.9983534707","1023","19.9999983904894","5.29930114335124","-4.04648304396566","10"
"default_fish","90","2","6","0","0","0","0","1.44305813312531","0","74.6585388183594","29.1939430236816","899.789123535156","0","421.818389892578","0","0","0","418.058685302734","246.585708618164","0","246.585708618164","188.781494140625","393.111938476563","0","0.00922685675323009","0.103087298572063","0","0","1000.9814453125","0","3.51533508300781","0.00811845529824495","0","9","179","53","399","290","290","-1","0","180","0","89","0","8.8291654586792","0.449999988079071","0.125376001000404","64","317","20460.0005385948","1023","20.0000005264856","5.13514650042812","-3.69401895825108","10"
"default_fish","90","2","7","0","0","0","0","1.58567702770233","0","114.788513183594","17.2618789672852","1470.234375","0","378.571350097656","0","0","0","742.885070800781","216.059722900391","0","216.059722900391","225.950256347656","353.172698974609","0","0.011043512262404","0.160507544875145","0","0","1598.80456542969","0","5.83607482910156","0.011820487678051","0","9","199","63","399","300","300","-1","0","200","0","99","0","7.74132347106934","0.5","0.125376001000404","71","316","20459.9995887967","1023","19.9999995980417","3.94527840745945","-3.79604506360989","10"
"default_fish","90","2","8","0","0","0","0","1.67461824417114","0","99.5536346435547","18.4183921813965","1248.62341308594","0","404.204223632813","0","0","0","595.20166015625","233.659133911133","0","233.659133911133","207.347579956055","386.980407714844","0","0.0101342899724841","0.139074310660362","0","0","1362.54138183594","0","4.96422004699707","0.00546516245231032","0","9","207","67","400","304","304","-1","0","208","0","103","0","8.2215518951416","0.516666650772095","0.125376001000404","76","323","20460.0007024695","1023","20.000000686676","4.17882478808716","-4.04272710705444","10"
"default_fish","90","2","9","0","0","0","0","1.64843809604645","0","118.576995849609","16.6870059967041","1473.35266113281","0","377.634429931641","0","0","0","764.003784179688","217.44889831543","0","217.44889831543","231.019165039063","356.047454833984","0","0.0112912598997355","0.166131794452667","0","0","1605.24755859375","0","6.07726526260376","0.0196136701852083","0","9","213","70","400","307","307","-1","0","214","0","106","0","7.58176374435425","0.533333301544189","0.125376001000404","74","321","20459.9988921055","1023","19.9999989170142","3.89715107140291","-3.68461267295134","10"
