"board","drift_deg","roll_case","element_index","boundary_layer_mm","Cl0_Savitsky","Cl0_theorique","Cv_Savitsky","delta_plan_horizontal_deg","deviation_rail_deg","Fx_friction_n","Fx_planing","Fx_rail_n","Fx_rocker","Fz_planing_n","lamda_Savitsky","laminar_boundary_layer_mm","laminar_turbulent_transition_mm","largeur_B_element_mm","longueur_calcul_largeur_element_mm","longueur_element_mm","longueur_mouillee_element_mm","masse_flux_devie_kg_sec_planing","portance_globale_verticale_n","pression_dynamique_B","section_frontale_flux_devie_m2_planing","surface_contact_m2","surface_coupe_partie_immergee_m2","surface_max_element_m2","trainee_globale_horizontale_n","volume_deplacement_litres","volume_litres","inclinaison_roulis_rad_ligne_attack","inclinaison_roulis_rad_ligne_surface","index_dernier_element_on_attack","index_L1_max","index_L1_min","index_L2_max","index_L2_min","index_nose","index_point_contact","index_point_decrochage","index_point_roulis_avant_dans_tab_index_axe_roulis","index_premier_element_on_attack","index_tail","point_attack_on_outline","incidence_deg_stored","pos_x","pos_y","attack_index_1","attack_index_2","rho_v_kg_m2_s","rho_kgm3","scan_speed_ms","incidence_deg_derived","incidence_deg_residual","n_sub_elements"
"DanielThomson_ModernPlaningHull","0","0","0","0","0","0","0","0","0","30.583703994751","43.3124008178711","0","0","497.852508544922","0","0","0","318.734313964844","150.495010375977","0","150.495010375977","149.023300170898","508.404998779297","0","0.007283641025424","0.0479679256677628","0","0","73.4551773071289","0","1.56616163253784","-0.00149620685260743","0","9","199","1","386","201","200","-1","0","200","0","0","0","13.055193901062","0.0500000007450581","0","17","384","20460.0006577374","1023","20.0000006429496","8.73380370920722","-4.3213901918548","10"
"DanielThomson_ModernPlaningHull","0","0","1","0","0","0","0","3.05352425575256","0","84.8335113525391","21.2581367492676","0","0","452.337829589844","0","0","0","451.655700683594","301.111236572266","0","301.111236572266","244.529022216797","503.052795410156","0","0.0119515657424927","0.135998621582985","0","0","105.726722717285","0","5.83487176895142","-0.00281359907239676","0","9","199","1","379","201","200","-1","0","200","0","0","0","8.90314197540283","0.100000001490116","0","34","366","20459.9989227685","1023","19.9999989469878","5.04166019175635","-3.86148178364648","10"
"DanielThomson_ModernPlaningHull","0","0","2","0","0","0","0","2.98729133605957","0","138.819473266602","13.3237400054932","0","0","397.055572509766","0","0","0","456.443603515625","502.003662109375","0","502.003662109375","300.143585205078","500.498657226563","0","0.0146697741001844","0.229136362671852","0","0","151.840698242188","0","11.2161664962769","-0.00193739961832762","0","9","199","1","370","201","200","-1","0","200","0","0","0","7.29183912277222","0.150000005960464","0","52","348","20460.0004850316","1023","20.0000004741267","3.67070241279576","-3.62113670997646","10"
"DanielThomson_ModernPlaningHull","0","0","3","0","0","0","0","2.80593466758728","0","192.814727783203","8.6716194152832","0","0","336.107269287109","0","0","0","470.231750488281","702.850524902344","0","702.850524902344","330.922973632813","499.375915527344","0","0.0161741431802511","0.33050262928009","0","0","201.24006652832","0","17.2334117889404","-0.00173271587118506","0","9","199","1","359","201","200","-1","0","200","0","0","0","6.21318292617798","0.200000002980232","0","70","330","20460.000257502","1023","20.0000002517126","2.80506219915198","-3.408120727026","10"
"DanielThomson_ModernPlaningHull","0","0","4","0","0","0","0","2.5943751335144","0","248.680084228516","5.37196731567383","0","0","267.657470703125","0","0","0","512.379028320313","853.417907714844","0","853.417907714844","339.812652587891","499.459747314453","0","0.0166086349636316","0.437273472547531","0","0","253.861862182617","0","24.0582523345947","-0.000972297217231244","0","9","199","1","350","201","200","-1","0","200","0","0","0","5.21213388442993","0.25","0","88","312","20459.9988699846","1023","19.9999988953907","2.17674699161244","-3.03538689281749","10"
"DanielThomson_ModernPlaningHull","0","0","5","0","0","0","0","2.21158170700073","0","306.336547851563","3.03026056289673","0","0","196.258193969727","0","0","0","524.139709472656","1054.05908203125","0","1054.05908203125","326.325653076172","500.742370605469","0","0.0159494485706091","0.552474200725555","0","0","309.231109619141","0","31.2367286682129","-0.000574242265429348","0","9","199","1","339","201","200","-1","0","200","0","0","0","4.21029138565063","0.300000011920929","0","107","293","20459.995944782","1023","19.9999960359551","1.65430899285109","-2.55598239279954","10"
"DanielThomson_ModernPlaningHull","0","0","6","0","0","0","0","1.71338641643524","0","357.259063720703","1.57816505432129","0","0","129.179504394531","0","0","0","531.490417480469","1254.57287597656","0","1254.57287597656","283.339904785156","503.43115234375","0","0.0138484807685018","0.666793465614319","0","0","358.749450683594","0","38.0547409057617","-0.000590573530644178","0","9","199","1","330","201","200","-1","0","200","0","0","0","3.24160242080688","0.349999994039536","0","126","274","20459.9991523699","1023","19.999999171427","1.19004849253884","-2.05155392826804","10"
"DanielThomson_ModernPlaningHull","0","0","7","0","0","0","0","1.09978675842285","0","420.197570800781","0.683978915214539","4.80183982849121","0","67.0912628173828","0","0","0","541.561828613281","1455.0087890625","0","1455.0087890625","205.751159667969","506.236755371094","0","0.0100562637671828","0.78797721862793","0","0","532.153198242188","0","44.3813018798828","-0.000189635771675967","0","9","199","1","319","201","200","-1","0","200","0","0","0","1.95049500465393","0.400000005960464","0","148","254","20460.0002974671","1023","20.0000002907792","0.731235749387785","-1.21925925526615","10"
"DanielThomson_ModernPlaningHull","0","0","8","0","0","0","0","0.370686948299408","0","463.310577392578","0.207430705428123","-648.794677734375","0","31.4342098236084","0","0","0","541.363586425781","1655.47595214844","0","1655.47595214844","143.021667480469","523.867553710938","0","0.00699030514806509","0.896214425563812","0","0","1188.03588867188","0","48.8128776550293","-0.0117150386795402","0","8","199","1","310","201","200","-1","0","200","1","0","0","0.956284761428833","0.449999988079071","0","168","233","20460.003454936","1023","20.0000033772591","0.446900924838987","-0.509383836589846","10"
"DanielThomson_ModernPlaningHull","0","0","9","0","0","0","0","-0.0371255613863468","0","482.033721923828","0.1617361754179","-1249.44714355469","0","28.3418121337891","0","0","0","532.513854980469","1755.77416992188","0","1755.77416992188","136.701293945313","538.877197265625","0","0.00668139336630702","0.934974074363708","0","0","1731.54528808594","0","49.8695411682129","-0.0293625667691231","0","7","199","1","306","201","200","-1","0","200","1","0","0","0.530992567539215","0.466666668653488","0","176","224","20459.9978553382","1023","19.9999979035564","0.409443332157927","-0.121549235381288","10"
"DanielThomson_ModernPlaningHull","0","0","10","0","0","0","0","-0.251795679330826","0","494.293670654297","0.110563926398754","-788.904663085938","0","19.3688507080078","0","0","0","534.393676757813","1805.95166015625","0","1805.95166015625","104.136032104492","532.999694824219","0","0.00508973654359579","0.96508914232254","0","0","1283.23449707031","0","50.4699974060059","-0.00143101532012224","0","7","199","1","303","201","200","-1","0","200","2","0","0","0.245422005653381","0.483333349227905","0","183","218","20460.0044054387","1023","20.0000043063917","0.302170815327436","0.0567488096740545","10"
"DanielThomson_ModernPlaningHull","0","1","0","0","0","0","0","3.47644901275635","0","1.62255048751831","199.11962890625","0","0","401.543853759766","0","0","0","118.534942626953","32.4242515563965","0","32.4242515563965","40.5463333129883","399.50341796875","0","0.00198173685930669","0.00384340691380203","0","0","200.343444824219","0","0.0396390222012997","0.0828264504671097","0","9","205","0","395","212","205","-1","0","211","1","4","0","45","0.0166666675359011","0.0301660895347595","11","395","20459.9985727537","1023","19.9999986048423","31.0388960210472","-13.9611039789528","10"
"DanielThomson_ModernPlaningHull","0","1","1","0","0","0","0","3.22593283653259","0","10.9158782958984","79.073844909668","0","0","513.542297363281","0","0","0","308.166870117188","62.027214050293","0","62.027214050293","92.9763565063477","512.465637207031","0","0.00454429909586906","0.0191147308796644","0","0","89.5253143310547","0","0.448652416467667","0.0976147055625916","0","9","205","0","392","212","205","-1","0","211","0","4","0","20.2767295837402","0.0333333350718021","0.0301660895347595","14","390","20459.9993409031","1023","19.9999993557215","13.7530762484909","-6.52365333524938","10"
"DanielThomson_ModernPlaningHull","0","1","2","0","0","0","0","3.00780391693115","0","24.7808380126953","48.9266510009766","0","0","502.875244140625","0","0","0","378.459777832031","111.361595153809","0","111.361595153809","135.564071655273","509.4091796875","0","0.00662581017240882","0.0421458855271339","0","0","73.2619781494141","0","1.22294199466705","0.0654437988996506","0","9","205","0","391","212","205","-1","0","211","0","4","0","14.303692817688","0.0500000007450581","0.0301660895347595","18","385","20459.9993250318","1023","19.9999993402071","9.0450681901842","-5.25862462750379","10"
"DanielThomson_ModernPlaningHull","0","1","3","0","0","0","0","3.15400362014771","0","77.8284606933594","22.7850646972656","0","0","459.228088378906","0","0","0","393.431274414063","308.777191162109","0","308.777191162109","235.448181152344","503.580017089844","0","0.0115077309310436","0.121482603251934","0","0","100.240379333496","0","5.2644157409668","0.0627059414982796","0","9","205","0","384","212","205","-1","0","211","0","4","0","9.18017292022705","0.100000001490116","0.0301660895347595","23","358","20460.0005477354","1023","20.0000005354207","5.43563009684658","-3.74454282338047","10"
"DanielThomson_ModernPlaningHull","0","1","4","0","0","0","0","3.15450835227966","0","130.656463623047","14.204309463501","0","0","406.330047607422","0","0","0","425.452819824219","506.183990478516","0","506.183990478516","294.435333251953","500.807678222656","0","0.0143907787278295","0.215357407927513","0","0","144.549865722656","0","10.3629903793335","0.0524222627282143","0","9","205","0","375","212","205","-1","0","211","0","4","0","7.45261669158936","0.150000005960464","0.0301660895347595","35","334","20460.0000333938","1023","20.000000032643","3.83151786379229","-3.62109882779707","10"
"DanielThomson_ModernPlaningHull","0","1","5","0","0","0","0","2.98865294456482","0","179.963104248047","9.58641910552979","0","0","350.649688720703","0","0","0","430.802032470703","703.486633300781","0","703.486633300781","326.088226318359","499.657409667969","0","0.0159378405660391","0.303063482046127","0","0","189.292053222656","0","15.8556613922119","0.0572933033108711","0","9","205","0","364","212","205","-1","0","211","0","4","0","6.31608295440674","0.200000002980232","0.0301660895347595","44","311","20460.0005231072","1023","20.0000005113463","3.01452508486888","-3.30155786953786","10"
"DanielThomson_ModernPlaningHull","0","1","6","0","0","0","0","2.78503561019897","0","226.724578857422","6.68293046951294","0","0","294.1728515625","0","0","0","460.562164306641","851.372192382813","0","851.372192382813","336.266052246094","499.701904296875","0","0.0164352897554636","0.392109811306","0","0","233.198623657227","0","21.4969806671143","0.0685258731245995","0","9","205","0","355","212","205","-1","0","211","0","4","0","5.3743577003479","0.25","0.0301660895347595","53","290","20460.0014511036","1023","20.0000014184786","2.40225733164581","-2.97210036870209","10"
"DanielThomson_ModernPlaningHull","0","1","7","0","0","0","0","2.61503767967224","0","253.544036865234","5.40867042541504","0","0","258.069213867188","0","0","0","471.755340576172","949.914367675781","0","949.914367675781","330.049041748047","500.358337402344","0","0.016131429001689","0.448127210140228","0","0","258.772369384766","0","25.1324882507324","0.0759059339761734","0","9","205","0","344","212","205","-1","0","211","0","4","0","4.84138345718384","0.300000011920929","0.0301660895347595","59","278","20460.0002711161","1023","20.0000002650207","2.06294680962111","-2.77843664756273","10"
"DanielThomson_ModernPlaningHull","0","1","8","0","0","0","0","2.07641625404358","0","320.059539794922","3.84298992156982","0","0","185.782592773438","0","0","0","481.522735595703","1196.10852050781","0","1196.10852050781","265.847259521484","504.668029785156","0","0.0129935098811984","0.575953483581543","0","0","323.777740478516","0","32.5828247070313","0.107406005263329","0","8","205","0","335","212","205","-1","0","211","0","4","0","3.23680710792542","0.349999994039536","0.0301660895347595","67","247","20460.0036442936","1023","20.0000035623593","1.29270246782799","-1.94410464009742","10"
"DanielThomson_ModernPlaningHull","0","1","9","0","0","0","0","0.889349222183228","0","385.159790039063","0.461788654327393","-8.11646842956543","0","117.693054199219","0","0","0","450.616546630859","1589.75146484375","0","1589.75146484375","107.830627441406","512.57666015625","0","0.00527031486853957","0.716368317604065","0","0","438.633361816406","0","39.7793121337891","0.145755767822266","0","6","205","0","324","212","205","-1","0","211","0","4","0","1.53311967849731","0.400000005960464","0.0301660895347595","73","221","20459.9971977171","1023","19.9999972607205","0.421528306578996","-1.11159137191832","10"
"DanielThomson_ModernPlaningHull","0","1","10","0","0","0","0","0.343415439128876","0","400.820343017578","60589.65625","-137.628128051758","0","107002.4453125","0","0","0","432.068756103516","1737.42822265625","0","1737.42822265625","10712.4580078125","43167.00390625","0","0.523580551147461","0.750688433647156","0","0","61008.140625","0","41.3173027038574","1.1590256690979","0","6","205","0","321","212","205","-1","0","211","0","4","0","45","0.416666686534882","0.0301660895347595","71","216","20459.9998688558","1023","19.9999998718043","44.2241464543154","-0.775853545684591","10"
"DanielThomson_ModernPlaningHull","0","2","0","0","0","0","0","4.22259569168091","0","1.72669744491577","210.089263916016","0","0","426.087371826172","0","0","0","46.3194541931152","38.6169013977051","0","38.6169013977051","43.067985534668","407.103515625","0","0.00210498459637165","0.00178871396929026","0","0","211.394638061523","0","0.0410048216581345","0.294254690408707","0","9","209","0","399","221","209","-1","0","220","2","8","0","45","0.0166666675359011","0.060332179069519","7","397","20460.000329173","1023","20.0000003217722","NaN","NaN","10"
"DanielThomson_ModernPlaningHull","0","2","1","0","0","0","0","3.70187163352966","0","9.12277984619141","96.2017669677734","0","0","536.196838378906","0","0","0","159.472274780273","76.8166809082031","0","76.8166809082031","86.2400207519531","513.000366210938","0","0.00421505514532328","0.0122501300647855","0","0","104.816314697266","0","0.375306099653244","0.300928980112076","0","9","209","0","396","221","209","-1","0","220","2","8","0","22.9079856872559","0.0333333350718021","0.060332179069519","10","391","20459.998215596","1023","19.9999982557146","20.1257957253849","-2.78218996187092","10"
"DanielThomson_ModernPlaningHull","0","2","2","0","0","0","0","3.68997764587402","0","15.3314456939697","67.654182434082","0","0","521.972900390625","0","0","0","190.703811645508","124.588920593262","0","124.588920593262","109.009346008301","511.365692138672","0","0.00532792508602142","0.0237595811486244","0","0","82.5103454589844","0","0.712276756763458","0.232719510793686","0","9","209","0","395","221","209","-1","0","220","3","8","0","17.9103298187256","0.0500000007450581","0.060332179069519","13","386","20459.9997650685","1023","19.9999997703504","12.9583805362898","-4.95194928243581","10"
"DanielThomson_ModernPlaningHull","0","2","3","0","0","0","0","3.73863172531128","0","48.0913009643555","32.3107604980469","0","0","489.606872558594","0","0","0","243.477920532227","315.723236083984","0","315.723236083984","190.570922851563","506.485382080078","0","0.00931431539356709","0.0768716409802437","0","0","79.9968185424805","0","2.98774361610413","0.169067934155464","0","9","209","0","388","221","209","-1","0","220","0","8","0","10.9977626800537","0.100000001490116","0.060332179069519","17","358","20460.0032100244","1023","20.0000031378538","6.95946556440633","-4.03829711564739","10"
"DanielThomson_ModernPlaningHull","0","2","4","0","0","0","0","3.60609197616577","0","90.1473846435547","20.0027313232422","0","0","448.51220703125","0","0","0","287.409454345703","506.794311523438","0","506.794311523438","255.378753662109","503.052642822266","0","0.0124818552285433","0.145657479763031","0","0","109.798973083496","0","6.69943571090698","0.147221133112907","0","9","209","0","379","221","209","-1","0","220","0","8","0","8.51779079437256","0.150000005960464","0.060332179069519","20","329","20459.9996543874","1023","19.9999996621578","4.91588773574509","-3.60190305862747","10"
"DanielThomson_ModernPlaningHull","0","2","5","0","0","0","0","3.49949169158936","0","112.364074707031","16.4084758758545","0","0","426.015319824219","0","0","0","308.444702148438","602.286682128906","0","602.286682128906","281.664642333984","502.062347412109","0","0.0137665988877416","0.185772135853767","0","0","128.450302124023","0","9.04341125488281","0.173190459609032","0","9","209","0","368","221","209","-1","0","220","0","8","0","7.57163286209106","0.200000002980232","0.060332179069519","19","307","20460.002113143","1023","20.0000020656334","4.24978547416559","-3.32184738792548","10"
"DanielThomson_ModernPlaningHull","0","2","6","0","0","0","0","3.21356844902039","0","151.376098632813","12.2631301879883","0","0","381.923278808594","0","0","0","321.520080566406","793.160766601563","0","793.160766601563","311.572052001953","501.056701660156","0","0.0152283515781164","0.255017131567001","0","0","163.363098144531","0","13.3725490570068","0.180862948298454","0","9","209","0","359","221","209","-1","0","220","0","8","0","6.25633573532104","0.25","0.060332179069519","20","282","20459.9986021922","1023","19.999998633619","3.42345518267686","-2.83288055264418","10"
"DanielThomson_ModernPlaningHull","0","2","7","0","0","0","0","3.12763094902039","0","155.981018066406","13.0038890838623","0","0","379.805297851563","0","0","0","312.753509521484","840.854187011719","0","840.854187011719","309.465911865234","501.621520996094","0","0.0151254115626216","0.262980073690414","0","0","168.714828491211","0","13.995677947998","0.230934873223305","0","9","209","0","348","221","209","-1","0","220","0","8","0","5.81885099411011","0.300000011920929","0.060332179069519","18","272","20459.9994244121","1023","19.999999437353","3.2972105738364","-2.52164042027371","10"
"DanielThomson_ModernPlaningHull","0","2","8","0","0","0","0","2.49317741394043","0","239.229995727539","7.56041145324707","0","0","280.103790283203","0","0","0","371.997497558594","1126.80029296875","0","1126.80029296875","310.233520507813","502.036926269531","0","0.0151629289612174","0.419166892766953","0","0","246.599594116211","0","23.2405414581299","0.145300596952438","0","8","209","0","339","221","209","-1","0","220","0","8","0","4.20709705352783","0.349999994039536","0.060332179069519","28","252","20459.9996017461","1023","19.9999996107","2.07306789075529","-2.13402916277254","10"
"DanielThomson_ModernPlaningHull","0","2","9","0","0","0","0","2.2374575138092","0","251.658813476563","6.81235074996948","0","0","266.351257324219","0","0","0","361.106414794922","1222.04309082031","0","1222.04309082031","303.425720214844","502.782135009766","0","0.0148301906883717","0.441287606954575","0","0","258.292419433594","0","24.7973747253418","0.183056935667992","0","8","209","0","335","221","209","-1","0","220","0","8","0","3.74277591705322","0.366666674613953","0.060332179069519","26","243","20460.0012630154","1023","20.0000012346192","1.92588090549813","-1.81689501155509","10"
"DanielThomson_ModernPlaningHull","0","2","10","0","0","0","0","1.50090134143829","0","274.932403564453","5.32985162734985","0","0","239.418823242188","0","0","0","339.739990234375","1460.05444335938","0","1460.05444335938","282.172729492188","504.356658935547","0","0.0137914335355163","0.496038854122162","0","0","280.1044921875","0","27.5973625183105","0.201209858059883","0","7","209","0","332","221","209","-1","0","220","0","8","0","2.98213815689087","0.38333335518837","0.060332179069519","25","230","20459.9999532699","1023","19.9999999543205","1.59320731375144","-1.38893084313943","10"
"DanielThomson_ModernPlaningHull","0","3","0","0","0","0","0","3.59734106063843","0","4.05707693099976","399.821685791016","0","0","786.907897949219","0","0","0","45.1291961669922","115.275054931641","0","115.275054931641","79.3107376098633","486.459655761719","0","0.00387638038955629","0.00520227057859302","0","0","402.861236572266","0","0.146765559911728","0.904051840305328","0","9","214","0","398","233","214","-1","0","232","0","13","0","45","0.0666666701436043","0.0904982686042786","5","392","20459.998668743","1023","19.9999986986735","48.1704729464512","3.17047294645123","10"
"DanielThomson_ModernPlaningHull","0","3","1","0","0","0","0","4.08536911010742","0","9.53213691711426","169.801681518555","0","0","769.422607421875","0","0","0","62.3150367736816","204.312042236328","0","204.312042236328","107.451049804688","513.818420410156","0","0.00525176199153066","0.0127317123115063","0","0","178.586349487305","0","0.401797443628311","0.84229189157486","0","9","214","0","396","233","214","-1","0","232","0","13","0","26.4684391021729","0.0833333358168602","0.0904982686042786","5","372","20459.9998967909","1023","19.9999998991113","24.3616351755822","-2.10680392659069","10"
"DanielThomson_ModernPlaningHull","0","3","2","0","0","0","0","4.12750720977783","0","15.0950260162354","88.6634826660156","0","0","619.456726074219","0","0","0","81.6724548339844","248.843688964844","0","248.843688964844","119.416847229004","512.078063964844","0","0.00583660090342164","0.0203236732631922","0","0","103.201705932617","0","0.694607317447662","0.608024954795837","0","9","214","0","393","233","214","-1","0","232","0","13","0","19.3727607727051","0.100000001490116","0.0904982686042786","7","369","20459.9987569815","1023","19.9999987849282","16.6893428972529","-2.68341787545219","10"
"DanielThomson_ModernPlaningHull","0","3","3","0","0","0","0","4.10797119140625","0","42.2572250366211","38.3841209411621","0","0","527.966796875","0","0","0","147.941909790039","426.965270996094","0","426.965270996094","187.289321899414","507.651245117188","0","0.00915392488241196","0.0631660595536232","0","0","80.2105026245117","0","2.58459711074829","0.395278304815292","0","9","214","0","384","233","214","-1","0","232","1","13","0","11.8639459609985","0.150000005960464","0.0904982686042786","11","339","20460.0020543391","1023","20.0000020081516","8.33255475022026","-3.53139121077828","10"
"DanielThomson_ModernPlaningHull","0","3","4","0","0","0","0","3.90221261978149","0","67.3412857055664","26.974739074707","0","0","494.656982421875","0","0","0","175.815963745117","604.981811523438","0","604.981811523438","232.895538330078","505.332275390625","0","0.0113829681649804","0.106365472078323","0","0","93.9321441650391","0","4.77367162704468","0.353171944618225","0","9","214","0","373","233","214","-1","0","232","1","13","0","9.50421619415283","0.200000002980232","0.0904982686042786","15","315","20460.0008499171","1023","20.0000008308085","6.14341722494056","-3.36079896921227","10"
"DanielThomson_ModernPlaningHull","0","3","5","0","0","0","0","3.83025860786438","0","75.2889022827148","26.311559677124","0","0","503.472412109375","0","0","0","182.862899780273","649.461486816406","0","649.461486816406","250.321044921875","505.22509765625","0","0.0122346552088857","0.118762411177158","0","0","101.221580505371","0","5.61315011978149","0.439388960599899","0","9","214","0","364","233","214","-1","0","232","0","13","0","8.88996028900146","0.25","0.0904982686042786","11","298","20459.9999467148","1023","19.9999999479128","5.91298178662083","-2.97697850238063","10"
"DanielThomson_ModernPlaningHull","0","3","6","0","0","0","0","4.14531803131104","0","26.9674606323242","3612.94482421875","0","0","6167.6826171875","0","0","0","NaN","0","0","0","616.768249511719","894.772644042969","0","0.0301450751721859","0.041200440376997","0","0","3632.01391601563","0","1.56564319133759","1.42733585834503","0","8","214","0","353","233","214","-1","0","232","0","13","0","45","0.300000011920929","0.0904982686042786","0","288","20460.0003811168","1023","20.0000003725482","NaN","NaN","10"
"DanielThomson_ModernPlaningHull","0","3","7","0","0","0","0","3.75258779525757","0","73.5271072387695","43.6864433288574","0","0","683.620666503906","0","0","0","174.551284790039","693.930908203125","0","693.930908203125","289.191192626953","507.718780517578","0","0.0141344666481018","0.121126532554626","0","0","116.721817016602","0","5.60224199295044","0.838593363761902","0","8","214","0","344","233","214","-1","0","232","0","13","0","8.70745086669922","0.349999994039536","0.0904982686042786","6","266","20460.0003542256","1023","20.0000003462616","6.70121209089727","-2.00623877580195","10"
"DanielThomson_ModernPlaningHull","0","3","8","0","0","0","0","4.07312631607056","0","41.434154510498","5916.80615234375","0","0","10100.619140625","0","0","0","NaN","0","0","0","1010.06188964844","1004.65368652344","0","0.0493676364421844","0.0675916895270348","0","0","5946.1044921875","0","2.77333688735962","1.47365319728851","0","7","214","0","340","233","214","-1","0","232","0","13","0","45","0.366666674613953","0.0904982686042786","0","265","20460.0009731344","1023","20.0000009512555","NaN","NaN","10"
"DanielThomson_ModernPlaningHull","0","3","9","0","0","0","0","1.17177033424377","0","216.886917114258","8.80293560028076","0","0","313.653900146484","0","0","0","243.029846191406","1581.4541015625","0","1581.4541015625","315.951934814453","502.714935302734","0","0.0154424197971821","0.384340554475784","0","0","225.482192993164","0","20.9857711791992","0.294837385416031","0","7","214","0","337","233","214","-1","0","232","0","13","0","3.66871666908264","0.38333335518837","0.0904982686042786","22","238","20460.0016683983","1023","20.0000016308879","2.30270711471341","-1.36600955436924","10"
"DanielThomson_ModernPlaningHull","0","4","0","0","0","0","0","3.04527926445007","0","7.58833408355713","771.28369140625","0","0","1459.70666503906","0","0","0","23.1172122955322","432.344787597656","0","432.344787597656","146.869842529297","350.193328857422","0","0.0071783890016377","0.00999460648745298","0","0","776.886047363281","0","0.281004518270493","1.32965493202209","0","9","234","0","393","269","234","-1","0","268","0","33","0","45","0.200000002980232","0.120664358139038","20","358","20460.0004953465","1023","20.0000004842096","45.9082335014535","0.908233501453488","10"
"DanielThomson_ModernPlaningHull","0","4","1","0","0","0","0","3.66437482833862","0","21.4743671417236","185.031784057617","0","0","1135.37536621094","0","0","0","51.4545745849609","600.906127929688","0","600.906127929688","197.421157836914","513.005065917969","0","0.0096491277217865","0.0309193693101406","0","0","205.507858276367","0","1.09799706935883","1.11000049114227","0","9","234","0","384","269","234","-1","0","268","0","33","0","20.7604923248291","0.25","0.120664358139038","22","334","20460.000481822","1023","20.0000004709893","18.1842570832797","-2.57623524154939","10"
"DanielThomson_ModernPlaningHull","0","4","2","0","0","0","0","2.42496275901794","0","3.2223494052887","386.396911621094","0","0","659.620666503906","0","0","0","NaN","0","0","0","65.9620666503906","97.3570709228516","0","0.00322395283728838","0.00438157888129354","0","0","388.675445556641","0","0.103681318461895","1.42374265193939","0","9","234","0","373","269","234","-1","0","268","0","33","0","45","0.300000011920929","0.120664358139038","0","342","20459.9973943386","1023","19.9999974529214","NaN","NaN","10"
"DanielThomson_ModernPlaningHull","0","4","3","0","0","0","0","3.04527926445007","0","10.6277294158936","1180.96887207031","0","0","2195.82104492188","0","0","0","35.5060348510742","432.344787597656","0","432.344787597656","220.397888183594","293.12353515625","0","0.0107721351087093","0.0153508502990007","0","0","1188.75537109375","0","0.490264028310776","1.43872833251953","0","9","234","0","364","269","234","-1","0","268","0","33","0","45","0.349999994039536","0.120664358139038","12","323","20460.0003582763","1023","20.0000003502212","44.565882444649","-0.434117555351023","10"
"DanielThomson_ModernPlaningHull","0","4","4","0","0","0","0","3.04527926445007","0","12.0082588195801","1601.58605957031","0","0","2734.07836914063","0","0","0","NaN","0","0","0","273.407836914063","223.71533203125","0","0.0133630419149995","0.0184723567217588","0","0","1610.0771484375","0","0.605515360832214","1.49086105823517","0","7","234","0","353","269","234","-1","0","268","0","33","0","45","0.400000005960464","0.120664358139038","0","306","20459.9999500992","1023","19.9999999512211","NaN","NaN","10"
"DanielThomson_ModernPlaningHull","0","4","5","0","0","0","0","1.52718770503998","0","60.7823257446289","139.526443481445","0","0","1425.18225097656","0","0","0","74.8035125732422","1375.01293945313","0","1375.01293945313","390.990020751953","511.533142089844","0","0.0191099718213081","0.102855801582336","0","0","199.286224365234","0","4.47239542007446","1.23452949523926","0","6","234","0","350","269","234","-1","0","268","0","33","0","11.8707590103149","0.416666686534882","0.120664358139038","22","274","20459.999858084","1023","19.9999998612747","10.707417489033","-1.16334152128192","10"
"DanielThomson_ModernPlaningHull","10","0","0","0","0","0","0","0","0","32.5459823608398","41.7830543518066","0","0","496.796783447266","0","0","0","421.612701416016","121.847923278809","0","121.847923278809","153.801788330078","508.148773193359","0","0.00751719484105706","0.0513726323843002","0","0","73.8923034667969","0","1.70881283283234","-0.0450573638081551","0","9","160","3","388","202","202","-1","0","161","0","1","0","12.6470518112183","0.0500000007450581","0","20","386","20459.9975897992","1023","19.9999976439874","8.41412102161291","-4.23293078960535","10"
"DanielThomson_ModernPlaningHull","10","0","1","0","0","0","0","2.611567735672","0","83.1778411865234","21.5859222412109","0","0","453.384246826172","0","0","0","409.186279296875","332.363616943359","0","332.363616943359","242.517990112305","503.23876953125","0","0.0118532748892903","0.135998621582985","0","0","104.399070739746","0","5.75882720947266","-0.0290348809212446","0","9","165","4","382","203","203","-1","0","166","0","2","0","8.87063694000244","0.100000001490116","0","38","370","20459.9988085507","1023","19.999998835338","5.0000901309662","-3.87054680903624","10"
"DanielThomson_ModernPlaningHull","10","0","2","0","0","0","0","3.12012624740601","0","140.592300415039","12.9859819412231","0","0","392.719543457031","0","0","0","461.070281982422","514.5048828125","0","514.5048828125","301.038482666016","500.500091552734","0","0.0147135136649013","0.237222924828529","0","0","153.279769897461","0","11.6541156768799","-0.0172792449593544","0","9","172","6","375","205","205","-1","0","173","0","4","0","7.18024587631226","0.150000005960464","0","57","350","20459.9995298292","1023","19.9999995404","3.55599584430826","-3.62425003200399","10"
"DanielThomson_ModernPlaningHull","10","0","3","0","0","0","0","3.00791168212891","0","197.889068603516","8.19055652618408","0","0","327.624420166016","0","0","0","488.240234375","700.482543945313","0","700.482543945313","332.0576171875","499.339904785156","0","0.0162296015769243","0.342003762722015","0","0","205.839477539063","0","18.079719543457","-0.0132187576964498","0","9","177","7","365","206","206","-1","0","178","0","5","0","6.02750492095947","0.200000002980232","0","75","331","20459.9980852043","1023","19.9999981282544","2.71996141220565","-3.30754350875383","10"
"DanielThomson_ModernPlaningHull","10","0","4","0","0","0","0","2.79581379890442","0","263.665222167969","4.89398431777954","0","0","255.674011230469","0","0","0","512.27783203125","888.630187988281","0","888.630187988281","342.639282226563","499.302398681641","0","0.0167467873543501","0.455225557088852","0","0","268.37646484375","0","25.2450847625732","-0.00677791889756918","0","9","181","8","357","207","207","-1","0","182","1","6","0","4.89788818359375","0.25","0","94","312","20460.0007736743","1023","20.0000007562799","2.10826655791856","-2.78962162567519","10"
"DanielThomson_ModernPlaningHull","10","0","5","0","0","0","0","2.52336359024048","0","315.862182617188","3.03590559959412","50.1256828308105","0","188.992263793945","0","0","0","539.378845214844","1046.86999511719","0","1046.86999511719","318.030364990234","498.028686523438","0","0.015544006600976","0.564659476280212","0","0","368.868774414063","0","31.8258209228516","-0.00552280060946941","0","9","186","9","347","208","208","-1","0","187","1","7","0","4.00794506072998","0.300000011920929","0","109","291","20459.9993524363","1023","19.9999993669954","1.57744348677635","-2.43050157395363","10"
"DanielThomson_ModernPlaningHull","10","0","6","0","0","0","0","2.32352495193481","0","352.250122070313","2.15809893608093","122.736755371094","0","144.747314453125","0","0","0","553.380615234375","1146.11926269531","0","1146.11926269531","281.862060546875","493.253234863281","0","0.0137762492522597","0.63424015045166","0","0","476.943298339844","0","35.997371673584","-0.0116141047328711","0","9","189","10","339","209","209","-1","0","190","1","8","0","3.34728455543518","0.349999994039536","0","121","280","20460.000061384","1023","20.0000000600039","1.2446121214041","-2.10267243403108","10"
"DanielThomson_ModernPlaningHull","10","0","7","0","0","0","0","2.07434701919556","0","368.412445068359","1.98325181007385","136.736099243164","0","124.338432312012","0","0","0","538.087829589844","1245.0068359375","0","1245.0068359375","244.943008422852","492.84326171875","0","0.0119717996567488","0.669923007488251","0","0","506.904541015625","0","38.0118293762207","-0.0189146958291531","0","9","190","10","335","209","209","-1","0","191","1","8","0","2.95012640953064","0.366666674613953","0","127","274","20459.9989513499","1023","19.9999989749266","1.02395361996924","-1.9261727895614","10"
"DanielThomson_ModernPlaningHull","10","0","8","0","0","0","0","1.79758524894714","0","409.959014892578","58026.25390625","123.04670715332","0","105085.375","0","0","0","554.685974121094","1345.13842773438","0","1345.13842773438","10528.091796875","104232.203125","0","0.514569461345673","0.746129393577576","0","0","58410.06640625","0","42.3904151916504","-0.131850138306618","0","9","191","10","332","209","209","-1","0","192","2","8","0","45","0.38333335518837","0","141","262","20460.0012005037","1023","20.0000011735129","43.6025483655925","-1.39745163440752","10"
"DanielThomson_ModernPlaningHull","10","1","0","0","0","0","0","4.06229829788208","0","2.02693700790405","241.058456420898","0","0","490.193511962891","0","0","0","182.928039550781","21.0104846954346","0","21.0104846954346","49.5479469299316","488.989715576172","0","0.00242169830016792","0.00384340691380203","0","0","242.591644287109","0","0.0517232567071915","0.0403115227818489","0","9","175","0","395","205","205","-1","0","176","1","4","0","45","0.0166666675359011","0.0301660895347595","11","395","20459.9998796283","1023","19.9999998823346","39.0568804735973","-5.94311952640267","10"
"DanielThomson_ModernPlaningHull","10","1","1","0","0","0","0","3.53152441978455","0","14.9947338104248","65.7746200561523","0","0","508.820587158203","0","0","0","281.15087890625","91.8735580444336","0","91.8735580444336","107.382759094238","511.481567382813","0","0.00524842366576195","0.0258303321897984","0","0","80.3213577270508","0","0.666087567806244","0.0395236760377884","0","9","177","1","393","206","206","-1","0","178","0","5","0","17.6267623901367","0.0333333350718021","0.0301660895347595","16","389","20460.0020754325","1023","20.0000020287707","11.7234700382546","-5.90329235188215","10"
"DanielThomson_ModernPlaningHull","10","1","2","0","0","0","0","3.24233174324036","0","24.6777877807617","49.0058822631836","0","0","502.187133789063","0","0","0","296.421051025391","136.030944824219","0","136.030944824219","135.257019042969","509.443756103516","0","0.00661080237478018","0.0403224341571331","0","0","73.2401580810547","0","1.2174084186554","0.0354567728936672","0","9","178","1","392","206","206","-1","0","179","0","5","0","14.3459367752075","0.0500000007450581","0.0301660895347595","18","385","20460.0003713568","1023","20.0000003630076","9.43615548202065","-4.90978129318687","10"
"DanielThomson_ModernPlaningHull","10","1","3","0","0","0","0","3.49174618721008","0","75.471794128418","23.5343894958496","0","0","460.494415283203","0","0","0","435.203948974609","273.713500976563","0","273.713500976563","230.401611328125","503.689086914063","0","0.0112610757350922","0.119121193885803","0","0","98.6263122558594","0","5.08301782608032","0.0357341766357422","0","9","183","2","386","207","207","-1","0","184","0","6","0","9.28798484802246","0.100000001490116","0.0301660895347595","24","359","20460.0001587894","1023","20.0000001552193","5.42453432224183","-3.86345052578063","10"
"DanielThomson_ModernPlaningHull","10","1","4","0","0","0","0","3.50054979324341","0","127.922012329102","14.6387929916382","0","0","408.237182617188","0","0","0","454.183197021484","459.674072265625","0","459.674072265625","289.203247070313","500.758270263672","0","0.014135055243969","0.208776235580444","0","0","142.241485595703","0","10.1339445114136","0.0306219905614853","0","9","186","3","378","208","208","-1","0","187","0","7","0","7.45234346389771","0.150000005960464","0.0301660895347595","35","336","20460.0011870281","1023","20.0000011603403","3.88214204997643","-3.57020141392127","10"
"DanielThomson_ModernPlaningHull","10","1","5","0","0","0","0","3.44382452964783","0","166.956985473633","10.9314823150635","0","0","368.339813232422","0","0","0","487.841705322266","558.729614257813","0","558.729614257813","317.155883789063","499.5322265625","0","0.0155012654140592","0.272571593523026","0","0","177.607559204102","0","14.0543365478516","0.0368872098624706","0","9","190","4","368","209","209","-1","0","191","0","8","0","6.53835344314575","0.200000002980232","0.0301660895347595","41","318","20459.9995753516","1023","19.9999995848989","3.26019479298048","-3.27815865016527","10"
"DanielThomson_ModernPlaningHull","10","1","6","0","0","0","0","3.34713292121887","0","197.204635620117","9.05494022369385","0","0","333.6298828125","0","0","0","498.055541992188","659.849853515625","0","659.849853515625","326.089965820313","499.282775878906","0","0.0159379243850708","0.328641891479492","0","0","206.007827758789","0","17.5100746154785","0.0455411523580551","0","9","193","5","360","210","210","-1","0","194","0","9","0","5.83778238296509","0.25","0.0301660895347595","45","302","20460.0020643694","1023","20.0000020179564","2.77972527277024","-3.05805711019485","10"
"DanielThomson_ModernPlaningHull","10","1","7","0","0","0","0","3.05799174308777","0","256.926300048828","5.96475791931152","95.6154937744141","0","257.939971923828","0","0","0","515.236022949219","859.626159667969","0","859.626159667969","322.164276123047","490.543029785156","0","0.0157460551708937","0.442910343408585","0","0","358.196807861328","0","24.6024971008301","0.0396568328142166","0","9","197","7","351","212","212","-1","0","198","0","11","0","4.8108811378479","0.300000011920929","0.0301660895347595","70","291","20459.9991951357","1023","19.9999992132314","2.03737083551117","-2.77351030233673","10"
"DanielThomson_ModernPlaningHull","10","1","8","0","0","0","0","2.49511003494263","0","334.772705078125","45043.32421875","123.854118347168","0","82177.8515625","0","0","0","530.195434570313","1109.94506835938","0","1109.94506835938","8246.9521484375","56297.8515625","0","0.40307679772377","0.588487803936005","0","0","45373.5","0","33.6601066589355","0.818101644515991","0","9","200","8","343","213","213","-1","0","201","0","12","0","45","0.349999994039536","0.0301660895347595","67","245","20460.0021509776","1023","20.0000021026174","43.2306158855047","-1.76938411449527","10"
"DanielThomson_ModernPlaningHull","10","1","9","0","0","0","0","2.05066990852356","0","388.049926757813","55887.02734375","0","0","98580.453125","0","0","0","551.924682617188","1261.81201171875","0","1261.81201171875","9896.9384765625","60808.37109375","0","0.483721315860748","0.696425199508667","0","0","56165.90625","0","39.6616630554199","0.909067928791046","0","8","202","9","333","214","214","-1","0","203","0","13","0","45","0.400000005960464","0.0301660895347595","75","230","20460.000731933","1023","20.000000715477","43.9935641927251","-1.00643580727488","10"
"DanielThomson_ModernPlaningHull","10","1","10","0","0","0","0","1.72959494590759","0","405.273956298828","59814.3125","0","0","104273.796875","0","0","0","536.975524902344","1362.31262207031","0","1362.31262207031","10468.015625","59079.9140625","0","0.511633157730103","0.731528520584106","0","0","60104.28515625","0","41.4178466796875","0.971420586109161","0","8","203","9","330","214","214","-1","0","204","0","13","0","45","0.416666686534882","0.0301660895347595","73","225","20460.0023803033","1023","20.0000023267872","44.379115859064","-0.620884140935999","10"
"DanielThomson_ModernPlaningHull","10","1","11","0","0","0","0","1.49938499927521","0","415.424530029297","62601.453125","0","0","107930.2890625","0","0","0","531.590515136719","1417.31127929688","0","1417.31127929688","10835.6708984375","55933.359375","0","0.529602646827698","0.753429293632507","0","0","62897.45703125","0","42.2863655090332","1.02897882461548","0","7","204","10","328","215","215","-1","0","205","0","14","0","45","0.433333367109299","0.0301660895347595","68","222","20460.0014054741","1023","20.000001373875","44.6619800630967","-0.338019936903336","10"
"DanielThomson_ModernPlaningHull","10","2","0","0","0","0","0","4.09104013442993","0","6.96511554718018","109.735809326172","0","0","527.094482421875","0","0","0","178.794143676758","54.4541435241699","0","54.4541435241699","76.2794723510742","513.690856933594","0","0.00372822443023324","0.00973608251661062","0","0","116.201820373535","0","0.272280961275101","0.227777034044266","0","9","190","0","396","209","209","-1","0","191","2","8","0","25.8439598083496","0.0333333350718021","0.060332179069519","9","392","20460.0001363926","1023","20.0000001333261","22.5152065205131","-3.32875328783648","10"
"DanielThomson_ModernPlaningHull","10","2","1","0","0","0","0","4.10007047653198","0","14.6896705627441","67.9341583251953","0","0","515.198425292969","0","0","0","231.954437255859","102.432106018066","0","102.432106018066","106.135597229004","511.484008789063","0","0.00518746813759208","0.0237595830112696","0","0","82.156005859375","0","0.689205825328827","0.165101587772369","0","9","192","1","396","210","210","-1","0","193","3","9","0","18.4112243652344","0.0500000007450581","0.060332179069519","14","387","20459.9998330342","1023","19.999999836788","12.6110604244378","-5.80016394079653","10"
"DanielThomson_ModernPlaningHull","10","2","2","0","0","0","0","4.03240346908569","0","50.1194305419922","31.6486015319824","0","0","484.638977050781","0","0","0","312.681335449219","245.846618652344","0","245.846618652344","191.841674804688","506.146209716797","0","0.00937642622739077","0.0768716484308243","0","0","81.3621597290039","0","3.05408644676208","0.108471155166626","0","9","195","2","390","211","211","-1","0","196","0","10","0","10.9173107147217","0.100000001490116","0.060332179069519","19","360","20459.9993806033","1023","19.9999993945291","7.00610431256892","-3.91120640215276","10"
"DanielThomson_ModernPlaningHull","10","2","3","0","0","0","0","3.87395787239075","0","92.1278457641602","20.1982669830322","0","0","446.527130126953","0","0","0","363.969177246094","394.048645019531","0","394.048645019531","253.142669677734","502.617950439453","0","0.0123725663870573","0.143421560525894","0","0","111.965194702148","0","6.57928609848022","0.0917508751153946","0","9","198","3","382","212","212","-1","0","199","0","11","0","8.49315643310547","0.150000005960464","0.060332179069519","23","333","20459.9968800767","1023","19.9999969502216","4.94889371645298","-3.54426271665249","10"
"DanielThomson_ModernPlaningHull","10","2","4","0","0","0","0","3.79337430000305","0","113.024696350098","17.0769081115723","0","0","425.1767578125","0","0","0","357.509033203125","507.238830566406","0","507.238830566406","274.444519042969","501.553558349609","0","0.0134137105196714","0.181342467665672","0","0","129.762924194336","0","8.69925022125244","0.104857444763184","0","9","201","5","373","214","214","-1","0","202","0","13","0","7.59253740310669","0.200000002980232","0.060332179069519","24","314","20460.0001349732","1023","20.0000001319386","4.24198257481737","-3.35055482828932","10"
"DanielThomson_ModernPlaningHull","10","2","5","0","0","0","0","3.69433069229126","0","128.249572753906","15.8991603851318","0","0","409.862762451172","0","0","0","371.192687988281","559.466552734375","0","559.466552734375","284.581787109375","501.165191650391","0","0.0139091769233346","0.207669898867607","0","0","143.825302124023","0","10.2918291091919","0.125001311302185","0","9","203","5","364","214","214","-1","0","204","0","13","0","6.87258338928223","0.25","0.060332179069519","22","295","20460.0019597097","1023","20.0000019156498","3.84039383444499","-3.03218955483723","10"
"DanielThomson_ModernPlaningHull","10","2","6","0","0","0","0","3.05135869979858","0","227.65885925293","7.9974422454834","101.880195617676","0","294.034149169922","0","0","0","459.128692626953","834.721069335938","0","834.721069335938","318.758728027344","488.282897949219","0","0.0155796064063907","0.383244425058365","0","0","337.1474609375","0","20.9279403686523","0.0612068101763725","0","9","207","8","356","217","217","-1","0","208","0","16","0","5.08274459838867","0.300000011920929","0.060332179069519","51","289","20459.998777414","1023","19.9999988049012","2.32982335294354","-2.75292124544513","10"
"DanielThomson_ModernPlaningHull","10","2","7","0","0","0","0","2.3283383846283","0","277.165069580078","37122.50390625","0","0","66863.5078125","0","0","0","437.022766113281","1087.30383300781","0","1087.30383300781","6712.50732421875","36582.97265625","0","0.328079581260681","0.47517654299736","0","0","37323.296875","0","26.7066650390625","0.994795024394989","0","9","211","10","349","219","219","-1","0","212","0","18","0","45","0.349999994039536","0.060332179069519","35","244","20459.9972312364","1023","19.9999972934863","43.6647318853337","-1.33526811466632","10"
"DanielThomson_ModernPlaningHull","10","2","8","0","0","0","0","2.01136040687561","0","280.112487792969","39577.1875","0","0","69144.859375","0","0","0","421.237823486328","1159.20239257813","0","1159.20239257813","6944.99072265625","31980.228515625","0","0.33944234251976","0.488299876451492","0","0","39777.9453125","0","27.0639362335205","1.09293735027313","0","8","216","14","342","223","223","-1","0","217","0","22","0","45","0.400000005960464","0.060332179069519","34","238","20460.0011627953","1023","20.0000011366523","44.0392811667954","-0.960718833204623","10"
"DanielThomson_ModernPlaningHull","10","2","9","0","0","0","0","1.01165640354156","0","311.316009521484","47042.0703125","0","0","79853.3359375","0","0","0","379.580230712891","1444.29565429688","0","1444.29565429688","8020.73583984375","29018.4609375","0","0.392020344734192","0.548226058483124","0","0","47262.6796875","0","30.6283054351807","1.20195245742798","0","7","222","19","338","228","228","-1","0","223","0","27","0","45","0.449999988079071","0.060332179069519","36","234","20459.9989454174","1023","19.9999989691275","45.6489845541314","0.648984554131388","10"
"DanielThomson_ModernPlaningHull","10","2","10","0","0","0","0","0.598170161247253","0","328.950012207031","50022.4140625","0","0","84821.6484375","0","0","0","382.436584472656","1539.97778320313","0","1539.97778320313","8518.451171875","31514.23046875","0","0.416346549987793","0.588943839073181","0","0","50255.3828125","0","32.7568244934082","1.19322192668915","0","7","225","21","336","230","230","-1","0","226","0","29","0","45","0.466666668653488","0.060332179069519","40","235","20460.0018233002","1023","20.0000017823072","44.9862935153673","-0.0137064846326993","10"
"DanielThomson_ModernPlaningHull","10","3","0","0","0","0","0","4.10130071640015","0","4.72570180892944","202.889907836914","0","0","632.982604980469","0","0","0","72.6071548461914","86.0057525634766","0","86.0057525634766","72.2228775024414","514.832458496094","0","0.00352995446883142","0.00624463288113475","0","0","206.960311889648","0","0.178655922412872","0.620489239692688","0","9","203","0","398","214","214","-1","0","204","0","13","0","34.2688865661621","0.0666666701436043","0.0904982686042786","5","389","20460.0025694809","1023","20.0000025117115","34.421607463799","0.152720897636875","10"
"DanielThomson_ModernPlaningHull","10","3","1","0","0","0","0","4.40488386154175","0","15.9121513366699","71.0398559570313","0","0","541.511779785156","0","0","0","119.536018371582","180.777420043945","0","180.777420043945","113.465843200684","511.470642089844","0","0.00554574001580477","0.0216094125062227","0","0","86.4699935913086","0","0.730315387248993","0.354857385158539","0","9","203","0","396","214","214","-1","0","204","0","13","0","18.035083770752","0.0833333358168602","0.0904982686042786","8","372","20460.0004467065","1023","20.0000004366632","14.8705109998146","-3.16457277093738","10"
"DanielThomson_ModernPlaningHull","10","3","2","0","0","0","0","4.29684209823608","0","15.5216064453125","74.6865921020508","0","0","550.388488769531","0","0","0","129.823654174805","161.028289794922","0","161.028289794922","112.972587585449","511.637237548828","0","0.00552163226529956","0.0209052823483944","0","0","89.7200469970703","0","0.70908796787262","0.394701987504959","0","9","205","1","394","215","215","-1","0","206","0","14","0","18.2416210174561","0.100000001490116","0.0904982686042786","8","369","20459.9984492666","1023","19.9999984841315","15.3150374582655","-2.92658355919056","10"
"DanielThomson_ModernPlaningHull","10","3","3","0","0","0","0","4.28200006484985","0","41.2315368652344","38.3349151611328","0","0","507.387634277344","0","0","0","167.782165527344","342.942718505859","0","342.942718505859","176.622100830078","507.329742431641","0","0.00863255746662617","0.0575396716594696","0","0","79.1339797973633","0","2.33967137336731","0.265931665897369","0","9","209","4","388","218","218","-1","0","210","0","17","0","11.9831838607788","0.150000005960464","0.0904982686042786","14","343","20459.997111274","1023","19.9999971762209","8.62854473216597","-3.35463912861284","10"
"DanielThomson_ModernPlaningHull","10","3","4","0","0","0","0","4.02951812744141","0","63.9382553100586","27.9504852294922","0","0","481.195709228516","0","0","0","207.260803222656","461.710235595703","0","461.710235595703","216.499649047852","505.000366210938","0","0.0105816060677171","0.095694437623024","0","0","91.4917678833008","0","4.21719789505005","0.220499604940414","0","9","212","6","379","220","220","-1","0","213","1","19","0","9.81500434875488","0.200000002980232","0.0904982686042786","19","325","20459.9989512329","1023","19.9999989748123","6.34857972009084","-3.46642462866404","10"
"DanielThomson_ModernPlaningHull","10","3","5","0","0","0","0","3.81708073616028","0","78.4729843139648","25.1115818023682","0","0","470.19384765625","0","0","0","209.074920654297","552.704345703125","0","552.704345703125","235.875091552734","503.9814453125","0","0.0115285962820053","0.115556612610817","0","0","103.200538635254","0","5.39775085449219","0.235747367143631","0","9","219","11","375","225","225","-1","0","220","0","24","0","8.75452041625977","0.25","0.0904982686042786","22","311","20460.0010081805","1023","20.0000009855137","5.72568332754411","-3.02883708871565","10"
"DanielThomson_ModernPlaningHull","10","3","6","0","0","0","0","3.4205482006073","0","22.292200088501","76.1832046508789","0","0","620.644165039063","0","0","0","92.6521301269531","332.552459716797","0","332.552459716797","141.694305419922","510.795989990234","0","0.00692543061450124","0.0308116935193539","0","0","97.9154663085938","0","1.08931112289429","0.623580038547516","0","9","225","16","369","230","230","-1","0","226","0","29","0","14.948709487915","0.300000011920929","0.0904982686042786","16","316","20459.9992848425","1023","19.9999993009213","12.9891365459182","-1.95957294199683","10"
"DanielThomson_ModernPlaningHull","10","3","7","0","0","0","0","3.66583156585693","0","31.1673126220703","58.8694305419922","0","0","590.399230957031","0","0","0","102.603820800781","420.214324951172","0","420.214324951172","163.344589233398","509.398254394531","0","0.00798360724002123","0.0431155972182751","0","0","89.5196228027344","0","1.66691720485687","0.569117605686188","0","9","231","21","365","235","235","-1","0","232","0","34","0","12.4363441467285","0.349999994039536","0.0904982686042786","21","307","20459.9981339969","1023","19.99999817595","10.6708985020267","-1.7654456447018","10"
"DanielThomson_ModernPlaningHull","10","3","8","0","0","0","0","2.24300861358643","0","203.212768554688","11.8397598266602","100.74641418457","0","320.126403808594","0","0","0","341.819244384766","996.809509277344","0","996.809509277344","289.323120117188","488.000305175781","0","0.0141409151256084","0.340728670358658","0","0","315.324432373047","0","18.4088840484619","0.0969647243618965","0","9","237","26","359","240","240","-1","0","238","0","39","0","4.73923873901367","0.400000005960464","0.0904982686042786","53","291","20459.9997629035","1023","19.9999997682341","2.378571534553","-2.36066720446067","10"
"DanielThomson_ModernPlaningHull","10","3","9","0","0","0","0","1.11317372322083","0","191.858612060547","27744.849609375","0","0","47168.171875","0","0","0","255.25146484375","1267.09301757813","0","1267.09301757813","4743.40087890625","14923.7236328125","0","0.231837779283524","0.323427379131317","0","0","27881.080078125","0","17.0811500549316","1.25175595283508","0","8","245","32","356","247","246","-1","0","246","0","45","0","45","0.449999988079071","0.0904982686042786","42","259","20459.9996323522","1023","19.999999640618","45.7921950285928","0.792195028592815","10"
"DanielThomson_ModernPlaningHull","10","3","10","0","0","0","0","-0.0453852191567421","0","201.563766479492","7.21645307540894","0","0","413.084930419922","0","0","0","226.543090820313","1515.15417480469","0","1515.15417480469","37.2954978942871","592.9287109375","0","0.00182284903712571","0.343247681856155","0","0","208.48274230957","0","18.0707378387451","0.0561374202370644","0","7","251","37","350","254","251","-1","0","253","0","50","0","0.0057295779697597","0.5","0.0904982686042786","45","259","20460.0036177956","1023","20.000003536457","0.304276021221005","0.298546443251246","10"
"DanielThomson_ModernPlaningHull","10","3","11","0","0","0","0","-0.61816930770874","0","212.12678527832","7.55275821685791","65.4488067626953","0","427.088806152344","0","0","0","224.551712036133","1633.822265625","0","1633.822265625","60.0640869140625","613.992431640625","0","0.00293568335473537","0.36687758564949","0","0","305.427001953125","0","19.2990131378174","0.013498323969543","0","6","253","39","349","256","253","-1","0","255","0","52","0","0.0057295779697597","0.516666650772095","0.0904982686042786","47","259","20460.001865384","1023","20.0000018234448","0.458474617241776","0.452745039272016","10"
"DanielThomson_ModernPlaningHull","10","4","0","0","0","0","0","1.47690975666046","0","8.22108936309814","186.116394042969","0","0","729.329223632813","0","0","0","31.9859638214111","345.305236816406","0","345.305236816406","98.2229537963867","514.110778808594","0","0.00480073131620884","0.0110449213534594","0","0","193.635299682617","0","0.309505343437195","0.790030717849731","0","9","232","2","399","236","236","-1","0","233","0","35","0","25.5747566223145","0.183333337306976","0.120664358139038","23","365","20459.9981391906","1023","19.9999981810269","25.763350287825","0.188593665510506","10"
"DanielThomson_ModernPlaningHull","10","4","1","0","0","0","0","1.37614023685455","0","6.42289638519287","285.112213134766","0","0","842.974731445313","0","0","0","24.505220413208","354.678588867188","0","354.678588867188","97.7266387939453","514.828308105469","0","0.00477647362276912","0.00869147758930922","0","0","290.667755126953","0","0.234589099884033","0.914423167705536","0","9","234","3","396","237","237","-1","0","235","0","36","0","31.0571537017822","0.200000002980232","0.120664358139038","23","365","20459.9975865227","1023","19.9999976407846","33.336718150166","2.27956444838373","10"
"DanielThomson_ModernPlaningHull","10","4","2","0","0","0","0","3.45987319946289","0","30.6374931335449","53.8103904724121","0","0","554.278564453125","0","0","0","79.1830673217773","532.208068847656","0","532.208068847656","156.775024414063","509.114013671875","0","0.00766251282766461","0.0421418659389019","0","0","83.9607086181641","0","1.58761560916901","0.454566925764084","0","9","241","9","393","243","243","-1","0","242","0","42","0","13.2813100814819","0.25","0.120664358139038","33","343","20460.0015608515","1023","20.000001525759","10.4761727112391","-2.80513737024279","10"
"DanielThomson_ModernPlaningHull","10","4","3","0","0","0","0","2.45469784736633","0","17.6342067718506","92.4735717773438","0","0","642.314086914063","0","0","0","47.6883659362793","497.131988525391","0","497.131988525391","128.617340087891","511.704193115234","0","0.00628628162667155","0.0237074121832848","0","0","109.519424438477","0","0.797771632671356","0.660529315471649","0","9","247","14","387","249","248","-1","0","248","0","47","0","16.8563041687012","0.300000011920929","0.120664358139038","34","344","20460.0028643627","1023","20.0000027999635","15.3765209228948","-1.47978324580637","10"
"DanielThomson_ModernPlaningHull","10","4","4","0","0","0","0","2.91579294204712","0","25.3319759368896","68.8271408081055","0","0","608.412658691406","0","0","0","55.6415977478027","626.564880371094","0","626.564880371094","149.472457885742","510.266571044922","0","0.00730559416115284","0.034863069653511","0","0","93.6161117553711","0","1.26370525360107","0.6009521484375","0","9","254","20","384","257","254","-1","0","256","0","53","0","13.9565324783325","0.349999994039536","0.120664358139038","40","335","20460.0001845921","1023","20.000000180442","12.0960456462605","-1.86048683207198","10"
"DanielThomson_ModernPlaningHull","10","4","5","0","0","0","0","1.58962047100067","0","12.476146697998","187.483489990234","0","0","889.533203125","0","0","0","27.7141456604004","606.092163085938","0","606.092163085938","130.96891784668","513.581665039063","0","0.00640121800825","0.0167973265051842","0","0","199.104919433594","0","0.559983789920807","0.959481298923492","0","9","260","26","379","265","260","-1","0","264","0","59","0","21.6057987213135","0.400000005960464","0.120664358139038","26","335","20459.9995934969","1023","19.9999996026362","22.4009388795946","0.7951401582811","10"
"DanielThomson_ModernPlaningHull","10","4","6","0","0","0","0","2.24009537696838","0","21.5037975311279","96.0496826171875","0","0","716.24755859375","0","0","0","41.0348014831543","729.445678710938","0","729.445678710938","151.168533325195","511.518249511719","0","0.00738849118351936","0.0299326591193676","0","0","116.912475585938","0","1.09981501102448","0.790069699287415","0","9","266","32","376","272","266","-1","0","271","0","65","0","14.6418409347534","0.449999988079071","0.120664358139038","38","327","20460.000502185","1023","20.0000004908944","14.2904277152505","-0.35141321950289","10"
"DanielThomson_ModernPlaningHull","10","4","7","0","0","0","0","1.86022531986237","0","25.9697265625","87.1217956542969","0","0","722.276123046875","0","0","0","43.015308380127","851.909790039063","0","851.909790039063","167.282516479492","511.004119873047","0","0.00817607529461384","0.0366451628506184","0","0","112.461990356445","0","1.41256260871887","0.804848372936249","0","9","273","39","372","281","273","-1","0","280","0","72","0","12.8030214309692","0.5","0.120664358139038","39","321","20460.0019510208","1023","20.0000019071562","12.8920419036105","0.0890204726412929","10"
"DanielThomson_ModernPlaningHull","10","4","8","0","0","0","0","1.17408967018127","0","34.9529685974121","67.3081817626953","0","0","672.916564941406","0","0","0","51.6539764404297","997.47216796875","0","997.47216796875","187.272125244141","509.875885009766","0","0.00915308576077223","0.0515234060585499","0","0","101.702186584473","0","2.09547996520996","0.748010218143463","0","9","280","46","370","289","280","-1","0","288","0","79","0","9.99182796478271","0.550000011920929","0.120664358139038","46","316","20459.9989707013","1023","19.9999989938429","10.2328557348047","0.241027770022027","10"
"DanielThomson_ModernPlaningHull","10","4","9","0","0","0","0","0.754835069179535","0","36.979793548584","64.9859313964844","0","0","667.215576171875","0","0","0","50.8512191772461","1075.79577636719","0","1075.79577636719","191.55842590332","509.69873046875","0","0.00936258118599653","0.0547055266797543","0","0","101.417068481445","0","2.24641060829163","0.742314577102661","0","9","283","49","369","293","283","-1","0","292","0","82","0","9.46576881408691","0.566666662693024","0.120664358139038","49","317","20460.0015848013","1023","20.0000015491704","9.85440247949818","0.388633665411266","10"
"DanielThomson_ModernPlaningHull","10","4","10","0","0","0","0","0.49636521935463","0","39.1930923461914","62.4717063903809","0","0","659.557006835938","0","0","0","52.0047645568848","1118.15356445313","0","1118.15356445313","195.757598876953","509.500793457031","0","0.00956781953573227","0.0581493154168129","0","0","101.127967834473","0","2.41113424301147","0.733546912670135","0","9","285","51","368","295","285","-1","0","294","0","84","0","8.93149471282959","0.583333313465118","0.120664358139038","51","317","20460.0011680687","1023","20.0000011418072","9.47044485444307","0.538950141613478","10"
"DanielThomson_ModernPlaningHull","15","0","0","0","0","0","0","0.347248286008835","0","32.1260108947754","42.2352867126465","0","0","497.532287597656","0","0","0","329.140533447266","156.081146240234","0","156.081146240234","152.92268371582","508.23388671875","0","0.00747422687709332","0.0513726323843002","0","0","73.9241790771484","0","1.70019841194153","-0.0668315142393112","0","9","123","4","389","203","203","-1","0","124","0","2","0","12.6780567169189","0.0500000007450581","0","21","387","20460.0002422312","1023","20.0000002367852","8.36568060030234","-4.3123761166166","10"
"DanielThomson_ModernPlaningHull","15","0","1","0","0","0","0","2.4933762550354","0","84.7802886962891","21.2926502227783","0","0","452.029083251953","0","0","0","407.432739257813","333.794067382813","0","333.794067382813","244.578460693359","503.146392822266","0","0.0119539806619287","0.135998621582985","0","0","105.710205078125","0","5.90575742721558","-0.039729867130518","0","9","133","5","383","204","204","-1","0","134","0","3","0","8.76367950439453","0.100000001490116","0","38","370","20460.0013677703","1023","20.0000013370188","5.04268062433016","-3.72099888006437","10"
"DanielThomson_ModernPlaningHull","15","0","2","0","0","0","0","3.13496208190918","0","145.183898925781","12.7755260467529","0","0","393.805450439453","0","0","0","442.911651611328","529.512084960938","0","529.512084960938","306.964569091797","500.203063964844","0","0.0150031540542841","0.234527081251144","0","0","157.66130065918","0","11.5404033660889","-0.0277737230062485","0","9","143","7","376","206","206","-1","0","144","1","5","0","7.03116703033447","0.150000005960464","0","58","352","20460.0024755557","1023","20.0000024198981","3.66782733972741","-3.36333969060706","10"
"DanielThomson_ModernPlaningHull","15","0","3","0","0","0","0","3.10734057426453","0","203.752166748047","8.00699329376221","0","0","326.587371826172","0","0","0","495.044158935547","702.49755859375","0","702.49755859375","336.360534667969","498.994445800781","0","0.0164399091154337","0.347767323255539","0","0","211.518402099609","0","18.1684989929199","-0.0183918867260218","0","9","152","9","367","208","208","-1","0","153","1","7","0","5.8753023147583","0.200000002980232","0","77","331","20459.9996451437","1023","19.9999996531219","2.70953753291471","-3.16576478184359","10"
"DanielThomson_ModernPlaningHull","15","0","4","0","0","0","0","2.949862241745","0","247.852905273438","5.66718101501465","0","0","273.316650390625","0","0","0","504.008880615234","849.52099609375","0","849.52099609375","339.873657226563","499.098022460938","0","0.0166116151958704","0.428166121244431","0","0","253.320739746094","0","23.4778175354004","-0.0105224456638098","0","9","160","10","359","209","209","-1","0","161","1","8","0","5.11651563644409","0.25","0","90","317","20460.0006211951","1023","20.0000006072288","2.22346962182491","-2.89304601461918","10"
"DanielThomson_ModernPlaningHull","15","0","5","0","0","0","0","2.67098712921143","0","321.326324462891","-3.51314425468445","104.129089355469","0","211.025772094727","0","0","0","551.354309082031","1040.55676269531","0","1040.55676269531","-332.615661621094","542.810485839844","0","-0.0162568762898445","0.573715448379517","0","0","421.751312255859","0","31.861156463623","-0.000363049417501315","0","9","168","12","350","211","211","-1","0","169","2","10","0","0.678769052028656","0.300000011920929","0","114","293","20459.9983226098","1023","19.9999983603224","-1.62375805935192","-2.30252711138057","10"
"DanielThomson_ModernPlaningHull","15","0","6","0","0","0","0","2.30597186088562","0","380.002044677734","-1.60384809970856","219.31901550293","0","133.834762573242","0","0","0","564.502258300781","1204.50939941406","0","1204.50939941406","-208.609115600586","522.507385253906","0","-0.0101959491148591","0.679948270320892","0","0","626.685668945313","0","38.5439605712891","-0.0200021713972092","0","9","176","14","343","213","213","-1","0","177","2","12","0","0.962997138500214","0.349999994039536","0","127","271","20459.9996773786","1023","19.9999996846321","-0.859192923955165","-1.82219006245538","10"
"DanielThomson_ModernPlaningHull","15","0","7","0","0","0","0","2.16443181037903","0","400.780792236328","-0.454290449619293","80.8579788208008","0","109.527633666992","0","0","0","570.270935058594","1259.39233398438","0","1259.39233398438","-108.806503295898","513.613037109375","0","-0.00531801115721464","0.718194901943207","0","0","805.475952148438","0","40.5227355957031","-0.021415363997221","0","9","178","14","339","213","213","-1","0","179","2","12","0","1.19028437137604","0.366666674613953","0","135","266","20459.9990634256","1023","19.9999990844825","-0.424261440727957","-1.61454581210399","10"
"DanielThomson_ModernPlaningHull","15","1","0","0","0","0","0","4.13087034225464","0","2.00529193878174","236.141098022461","0","0","482.516723632813","0","0","0","194.031951904297","19.8081130981445","0","19.8081130981445","48.8037567138672","479.13623046875","0","0.00238532526418567","0.00384340691380203","0","0","237.660736083984","0","0.0513369143009186","0.103746622800827","0","9","138","0","395","205","205","-1","0","139","1","4","0","45","0.0166666675359011","0.0301660895347595","11","395","20460.0007582314","1023","20.0000007411841","38.3619966887268","-6.63800331127323","10"
"DanielThomson_ModernPlaningHull","15","1","1","0","0","0","0","3.76453399658203","0","13.4534034729004","69.9746475219727","0","0","509.436126708984","0","0","0","334.751678466797","69.1905136108398","0","69.1905136108398","101.739562988281","511.793182373047","0","0.0049726078286767","0.0231616403907537","0","0","82.9709014892578","0","0.581019222736359","0.0035177303943783","0","9","142","1","393","206","206","-1","0","143","0","5","0","18.6483783721924","0.0333333350718021","0.0301660895347595","16","390","20460.0013702178","1023","20.0000013394114","12.3974301220242","-6.25094825016815","10"
"DanielThomson_ModernPlaningHull","15","1","2","0","0","0","0","3.45596814155579","0","26.4805431365967","47.1495628356934","0","0","500.505767822266","0","0","0","430.625610351563","106.437561035156","0","106.437561035156","139.641784667969","509.139801025391","0","0.00682511134073138","0.0458347424864769","0","0","73.1888580322266","0","1.33964562416077","0.00718899769708514","0","9","144","1","392","206","206","-1","0","145","0","5","0","13.9506053924561","0.0500000007450581","0.0301660895347595","19","384","20460.0009723804","1023","20.0000009505185","8.56358809666621","-5.38701729578985","10"
"DanielThomson_ModernPlaningHull","15","1","3","0","0","0","0","3.66305685043335","0","67.6523971557617","25.6806659698486","0","0","466.743469238281","0","0","0","422.55078125","261.204803466797","0","261.204803466797","218.107360839844","504.312530517578","0","0.0106601845473051","0.110372290015221","0","0","92.9425659179688","0","4.47548484802246","0.0239853300154209","0","9","154","3","387","208","208","-1","0","155","0","7","0","9.62063694000244","0.100000001490116","0.0301660895347595","24","362","20459.9985930808","1023","19.9999986247124","5.54248880164824","-4.0781481383542","10"
"DanielThomson_ModernPlaningHull","15","1","4","0","0","0","0","3.67788314819336","0","124.267913818359","15.2675638198853","0","0","413.824645996094","0","0","0","466.194610595703","426.915008544922","0","426.915008544922","285.430816650391","500.795593261719","0","0.0139506747946143","0.199025481939316","0","0","139.207916259766","0","9.57145023345947","0.0235761255025864","0","9","162","5","380","210","210","-1","0","163","0","9","0","7.49995136260986","0.150000005960464","0.0301660895347595","33","337","20460.0007420847","1023","20.0000007254005","4.01943911502742","-3.48051224758244","10"
"DanielThomson_ModernPlaningHull","15","1","5","0","0","0","0","3.55496144294739","0","177.874847412109","9.86978435516357","195.409881591797","0","348.072723388672","0","0","0","510.371154785156","569.151916503906","0","569.151916503906","316.777282714844","479.583068847656","0","0.0154827600345016","0.290478736162186","0","0","382.634368896484","0","15.0719728469849","0.0313191935420036","0","9","171","7","371","212","212","-1","0","172","0","11","0","6.29981660842896","0.200000002980232","0.0301660895347595","43","313","20460.0008014683","1023","20.000000783449","3.0553610871962","-3.24445552123276","10"
"DanielThomson_ModernPlaningHull","15","1","6","0","0","0","0","3.2205798625946","0","231.158157348633","6.58945226669312","97.4794235229492","0","292.708374023438","0","0","0","516.145385742188","756.53759765625","0","756.53759765625","336.873291015625","490.993347167969","0","0.0164649710059166","0.390483438968658","0","0","334.928680419922","0","21.1409549713135","0.0070445672608912","0","9","177","8","363","213","213","-1","0","178","1","12","0","5.39452505111694","0.25","0.0301660895347595","76","315","20459.9990424867","1023","19.9999990640144","2.41662805496458","-2.97789699615237","10"
"DanielThomson_ModernPlaningHull","15","1","7","0","0","0","0","2.93885850906372","0","273.714691162109","5.30553197860718","115.062759399414","0","241.625366210938","0","0","0","536.591430664063","885.362426757813","0","885.362426757813","320.600433349609","489.476989746094","0","0.015669621527195","0.475077867507935","0","0","393.781188964844","0","26.1610736846924","0.0227420441806316","0","9","185","10","354","215","215","-1","0","186","1","14","0","4.53409576416016","0.300000011920929","0.0301660895347595","85","296","20459.9985260142","1023","19.9999985591536","1.8901448846074","-2.64395087955276","10"
"DanielThomson_ModernPlaningHull","15","1","8","0","0","0","0","2.54346585273743","0","342.351867675781","45396.6875","387.860107421875","0","82554.6171875","0","0","0","581.206726074219","1007.80780029297","0","1007.80780029297","8284.6484375","59325.28125","0","0.404919296503067","0.585744738578796","0","0","45908.90625","0","33.3667182922363","0.768307328224182","0","9","192","13","348","218","218","-1","0","193","0","17","0","45","0.349999994039536","0.0301660895347595","66","246","20459.999088824","1023","19.9999991093099","43.7322918207963","-1.26770817920365","10"
"DanielThomson_ModernPlaningHull","15","1","9","0","0","0","0","1.97030568122864","0","394.267974853516","55888.66796875","0","0","98101.140625","0","0","0","584.074340820313","1175.06628417969","0","1175.06628417969","9855.412109375","65873.21875","0","0.481691658496857","0.686326026916504","0","0","56171.5546875","0","39.0299415588379","0.837449491024017","0","9","199","16","340","221","221","-1","0","200","0","20","0","45","0.400000005960464","0.0301660895347595","76","236","20460.0016120879","1023","20.0000015758435","44.5748816318036","-0.425118368196443","10"
"DanielThomson_ModernPlaningHull","15","1","10","0","0","0","0","1.74690353870392","0","409.178405761719","59311.92578125","11.9427337646484","0","102918.6484375","0","0","0","583.312438964844","1231.41491699219","0","1231.41491699219","10340.1259765625","64305.14453125","0","0.505382537841797","0.718299627304077","0","0","59830.4140625","0","40.5916404724121","0.898558259010315","0","8","203","18","339","223","223","-1","0","204","0","22","0","45","0.416666686534882","0.0301660895347595","74","233","20459.9985205649","1023","19.9999985538269","44.7150817398442","-0.284918260155791","10"
"DanielThomson_ModernPlaningHull","15","1","11","0","0","0","0","1.43847131729126","0","421.832946777344","62238.79296875","67.7546920776367","0","107066.203125","0","0","0","563.423278808594","1327.25231933594","0","1327.25231933594","10758.470703125","62635.84375","0","0.525829553604126","0.747804820537567","0","0","62722.8046875","0","41.9926834106445","0.948342680931091","0","8","206","20","338","225","225","-1","0","207","0","24","0","45","0.433333367109299","0.0301660895347595","72","231","20459.9962656808","1023","19.9999963496391","44.6814175477031","-0.318582452296859","10"
"DanielThomson_ModernPlaningHull","15","2","0","0","0","0","0","4.21691846847534","0","5.86785793304443","119.399597167969","0","0","520.005615234375","0","0","0","208.327743530273","37.2015190124512","0","37.2015190124512","70.5700454711914","514.067321777344","0","0.00344917131587863","0.00775010883808136","0","0","124.771995544434","0","0.21492525935173","0.14900030195713","0","9","161","0","396","209","209","-1","0","162","2","8","0","27.9019680023193","0.0333333350718021","0.060332179069519","10","394","20460.000100985","1023","20.0000000987146","26.4264182774208","-1.47554972489856","10"
"DanielThomson_ModernPlaningHull","15","2","1","0","0","0","0","4.20904874801636","0","14.5579786300659","67.8183746337891","0","0","512.770202636719","0","0","0","307.213043212891","77.339111328125","0","77.339111328125","105.367034912109","511.495635986328","0","0.00514990324154496","0.0237595830112696","0","0","81.9103851318359","0","0.681583642959595","0.132511839270592","0","9","164","1","396","210","210","-1","0","165","3","9","0","18.5727367401123","0.0500000007450581","0.060332179069519","14","387","20460.0028330822","1023","20.0000027693864","12.5182494938651","-6.05448724624722","10"
"DanielThomson_ModernPlaningHull","15","2","2","0","0","0","0","4.06961059570313","0","45.3847579956055","33.434684753418","1.54680240154266","0","486.984130859375","0","0","0","298.068206787109","247.290878295898","0","247.290878295898","183.459518432617","506.367858886719","0","0.00896674115210772","0.0737095475196838","0","0","79.9490280151367","0","2.7951033115387","0.10103502124548","0","9","172","3","391","212","212","-1","0","173","0","11","0","11.4411602020264","0.100000001490116","0.060332179069519","19","360","20459.9993822163","1023","19.9999993961058","6.98731841722222","-4.45384178480414","10"
"DanielThomson_ModernPlaningHull","15","2","3","0","0","0","0","3.89691829681396","0","91.6631317138672","20.5563850402832","0","0","446.380828857422","0","0","0","361.486267089844","396.755187988281","0","396.755187988281","250.261703491211","502.5634765625","0","0.0122317560017109","0.143421545624733","0","0","111.853561401367","0","6.51841592788696","0.0717447102069855","0","9","180","5","384","214","214","-1","0","181","0","13","0","8.46369934082031","0.150000005960464","0.060332179069519","25","335","20459.9980130577","1023","19.9999980577299","4.89243330549872","-3.57126603532159","10"
"DanielThomson_ModernPlaningHull","15","2","4","0","0","0","0","3.78911399841309","0","113.272331237793","17.3820877075195","0","0","426.330749511719","0","0","0","370.834869384766","469.702331542969","0","469.702331542969","272.793395996094","501.407043457031","0","0.0133330095559359","0.174181997776031","0","0","130.310302734375","0","8.50084686279297","0.0858822613954544","0","9","186","6","374","215","215","-1","0","187","0","14","0","7.59289598464966","0.200000002980232","0.060332179069519","24","315","20460.0015361608","1023","20.0000015016234","4.3900813843248","-3.20281460032485","10"
"DanielThomson_ModernPlaningHull","15","2","5","0","0","0","0","3.77604913711548","0","112.118194580078","17.1465644836426","298.74755859375","0","406.057708740234","0","0","0","358.672882080078","481.091461181641","0","481.091461181641","262.632202148438","455.853149414063","0","0.0128363752737641","0.172554463148117","0","0","426.760559082031","0","8.50196933746338","0.141991168260574","0","9","194","10","369","219","219","-1","0","195","0","18","0","7.57121849060059","0.25","0.060332179069519","23","297","20459.9971991488","1023","19.9999972621201","4.26619025908498","-3.3050282315156","10"
"DanielThomson_ModernPlaningHull","15","2","6","0","0","0","0","3.04402375221252","0","199.803939819336","9.24240493774414","252.022964477539","0","317.890441894531","0","0","0","454.18115234375","735.844055175781","0","735.844055175781","311.212677001953","470.733062744141","0","0.0152107859030366","0.334206521511078","0","0","460.401489257813","0","17.6734504699707","0.0572545826435089","0","9","203","14","362","223","223","-1","0","204","0","22","0","5.4833459854126","0.300000011920929","0.060332179069519","44","296","20459.9998307664","1023","19.9999998345713","2.60861172946456","-2.87473425594804","10"
"DanielThomson_ModernPlaningHull","15","2","7","0","0","0","0","2.31940603256226","0","289.617004394531","38042.26953125","193.488143920898","0","68461.2265625","0","0","0","497.362823486328","981.791442871094","0","981.791442871094","6874.62744140625","43452.4609375","0","0.336003303527832","0.488306552171707","0","0","38385.7265625","0","27.4083518981934","0.884308040142059","0","9","211","20","359","229","229","-1","0","212","0","28","0","45","0.349999994039536","0.060332179069519","47","254","20459.999557227","1023","19.9999995671818","43.4798232816727","-1.52017671832735","10"
"DanielThomson_ModernPlaningHull","15","2","8","0","0","0","0","1.91220772266388","0","289.915985107422","40001.41015625","172.572128295898","0","69833.5625","0","0","0","457.94580078125","1066.28308105469","0","1066.28308105469","7017.91357421875","38237.2890625","0","0.343006551265717","0.488299876451492","0","0","40326.6953125","0","27.5209064483643","0.993022978305817","0","9","220","26","354","235","235","-1","0","221","0","34","0","45","0.400000005960464","0.060332179069519","46","250","20459.9986452801","1023","19.9999986757381","44.6239517776832","-0.376048222316754","10"
"DanielThomson_ModernPlaningHull","15","2","9","0","0","0","0","1.1884058713913","0","314.221771240234","46270.85546875","169.562210083008","0","78264.109375","0","0","0","435.012542724609","1260.25329589844","0","1260.25329589844","7868.71484375","36697.05078125","0","0.384590178728104","0.548225998878479","0","0","46600.51953125","0","30.3142261505127","1.08478236198425","0","8","228","32","351","241","241","-1","0","229","0","40","0","45","0.449999988079071","0.060332179069519","49","247","20459.9994460935","1023","19.9999994585469","44.5488880525622","-0.451111947437802","10"
"DanielThomson_ModernPlaningHull","15","2","10","0","0","0","0","0.539134860038757","0","365.147888183594","54456.7890625","-12.6967468261719","0","92012.75","0","0","0","449.188659667969","1428.63317871094","0","1428.63317871094","9252.974609375","44932.59375","0","0.452246993780136","0.641725838184357","0","0","54954.90234375","0","35.7455062866211","1.06349873542786","0","8","231","34","349","243","243","-1","0","232","0","42","0","45","0.466666668653488","0.060332179069519","56","247","20460.0024690787","1023","20.0000024135667","44.8081826347975","-0.191817365202503","10"
"DanielThomson_ModernPlaningHull","15","3","0","0","0","0","0","4.23405265808105","0","4.16211271286011","203.413604736328","0","0","599.874389648438","0","0","0","91.5110092163086","64.4087677001953","0","64.4087677001953","67.2670440673828","515.000305175781","0","0.00328773446381092","0.00589411100372672","0","0","206.959426879883","0","0.154567494988441","0.537402987480164","0","9","183","0","398","214","214","-1","0","184","0","13","0","35.0903282165527","0.0666666701436043","0.0904982686042786","5","390","20459.9990686022","1023","19.9999990895427","33.9037793910556","-1.18654882549717","10"
"DanielThomson_ModernPlaningHull","15","3","1","0","0","0","0","3.80814981460571","0","7.11275911331177","140.452438354492","0","0","594.667419433594","0","0","0","103.436500549316","90.7740936279297","0","90.7740936279297","82.5104675292969","513.98291015625","0","0.00403277017176151","0.00938935484737158","0","0","147.002166748047","0","0.274153977632523","0.528257429599762","0","9","185","1","397","215","215","-1","0","186","0","14","0","26.0518836975098","0.0833333358168602","0.0904982686042786","5","375","20459.9974744547","1023","19.9999975312363","25.4361194265205","-0.615764270989224","10"
"DanielThomson_ModernPlaningHull","15","3","2","0","0","0","0","4.33790111541748","0","15.3879823684692","72.8417663574219","0","0","536.171081542969","0","0","0","141.942840576172","147.279556274414","0","147.279556274414","110.797973632813","511.598327636719","0","0.00541534554213285","0.0209052804857492","0","0","87.7566528320313","0","0.691391050815582","0.324268966913223","0","9","188","2","395","216","216","-1","0","189","0","15","0","18.0769195556641","0.100000001490116","0.0904982686042786","9","370","20460.000709239","1023","20.0000006932933","15.0132264623959","-3.06369309326814","10"
"DanielThomson_ModernPlaningHull","15","3","3","0","0","0","0","4.26181888580322","0","43.0692100524902","36.8901786804199","0","0","498.098266601563","0","0","0","189.222564697266","316.362945556641","0","316.362945556641","177.826156616211","506.98779296875","0","0.00869140587747097","0.0598630048334599","0","0","79.5329895019531","0","2.44232130050659","0.19815768301487","0","9","195","5","389","219","219","-1","0","196","0","18","0","11.741509437561","0.150000005960464","0.0904982686042786","16","347","20459.9991213337","1023","19.9999991410887","8.34818097747308","-3.39332846008796","10"
"DanielThomson_ModernPlaningHull","15","3","4","0","0","0","0","4.12554359436035","0","49.719165802002","34.547981262207","0","0","495.510406494141","0","0","0","187.634979248047","371.617980957031","0","371.617980957031","189.843002319336","506.286376953125","0","0.00927873887121677","0.0697285309433937","0","0","83.8436126708984","0","2.91953921318054","0.223271131515503","0","9","204","10","383","224","224","-1","0","205","0","23","0","10.9227685928345","0.200000002980232","0.0904982686042786","19","332","20460.0005404011","1023","20.0000005282513","7.64700152058202","-3.27576707225245","10"
"DanielThomson_ModernPlaningHull","15","3","5","0","0","0","0","3.47007918357849","0","113.805076599121","18.9409561157227","0","0","426.838928222656","0","0","0","301.337310791016","586.315551757813","0","586.315551757813","267.535614013672","501.906372070313","0","0.0130760325118899","0.176678746938705","0","0","132.401840209961","0","8.69908714294434","0.133875623345375","0","9","213","16","380","230","230","-1","0","214","0","29","0","7.16275787353516","0.25","0.0904982686042786","34","306","20459.9991450315","1023","19.9999991642536","4.24435377854639","-2.91840409498876","10"
"DanielThomson_ModernPlaningHull","15","3","6","0","0","0","0","3.25593996047974","0","106.655853271484","21.7049674987793","0","0","437.037811279297","0","0","0","261.924041748047","633.974182128906","0","633.974182128906","255.965545654297","502.625915527344","0","0.0125105353072286","0.16605307161808","0","0","128.004913330078","0","7.96437883377075","0.169799610972404","0","9","221","22","375","236","236","-1","0","222","1","35","0","6.97479391098022","0.300000011920929","0.0904982686042786","35","300","20459.9994619255","1023","19.999999474023","4.32079144676733","-2.6540024642129","10"
"DanielThomson_ModernPlaningHull","15","3","7","0","0","0","0","3.35840106010437","0","31.3342227935791","53.5241012573242","0","0","542.962341308594","0","0","0","94.0905685424805","458.234954833984","0","458.234954833984","154.911239624023","508.957611083984","0","0.0075714192353189","0.0431155860424042","0","0","84.376335144043","0","1.64212274551392","0.412743151187897","0","9","231","29","373","243","243","-1","0","232","0","42","0","11.7948522567749","0.349999994039536","0.0904982686042786","29","315","20460.0002733172","1023","20.0000002671722","10.1140110501956","-1.68084120657932","10"
"DanielThomson_ModernPlaningHull","15","3","8","0","0","0","0","1.9989972114563","0","210.389587402344","11.3880481719971","280.590698242188","0","307.104064941406","0","0","0","367.490570068359","927.176635742188","0","927.176635742188","284.704406738281","466.535430908203","0","0.0139151709154248","0.340728670358658","0","0","501.572296142578","0","18.5779056549072","0.0770067349076271","0","9","239","35","368","249","249","-1","0","240","0","48","0","4.69887924194336","0.400000005960464","0.0904982686042786","62","300","20460.0007048918","1023","20.0000006890438","2.34057895872274","-2.35830028322062","10"
"DanielThomson_ModernPlaningHull","15","3","9","0","0","0","0","1.08516097068787","0","198.987396240234","27920.552734375","153.95654296875","0","47310.4375","0","0","0","288.741302490234","1120.12841796875","0","1120.12841796875","4762.029296875","20163.3125","0","0.232748299837112","0.323427319526672","0","0","28165.095703125","0","17.2839908599854","1.13204991817474","0","8","248","42","366","256","256","-1","0","249","0","55","0","45","0.449999988079071","0.0904982686042786","52","269","20459.9960567174","1023","19.9999961453738","46.0240135395574","1.02401353955737","10"
"DanielThomson_ModernPlaningHull","15","3","10","0","0","0","0","0.159272491931915","0","207.187911987305","11.6437320709229","211.678497314453","0","466.546325683594","0","0","0","267.246948242188","1301.74157714844","0","1301.74157714844","24.0638885498047","643.012084960938","0","0.00117614353075624","0.347886472940445","0","0","429.859222412109","0","18.350549697876","0.0260097179561853","0","8","257","49","362","263","263","-1","0","258","0","62","0","0.165002062916756","0.5","0.0904982686042786","58","272","20459.9931220402","1023","19.9999932766767","0.193707418318581","0.0287053554018257","10"
"DanielThomson_ModernPlaningHull","15","3","11","0","0","0","0","1.67254066467285","0","70.3776321411133","32.876335144043","271.221740722656","0","465.975769042969","0","0","0","117.753868103027","871.02294921875","0","871.02294921875","204.381942749023","455.927429199219","0","0.00998934172093868","0.102566324174404","0","0","372.704071044922","0","4.59475040435791","0.3274265229702","0","9","266","57","361","271","271","-1","0","267","0","70","0","6.81164407730103","0.550000011920929","0.0904982686042786","57","303","20460.0011150503","1023","20.0000010899807","5.58912358443873","-1.2225204928623","10"
"DanielThomson_ModernPlaningHull","15","4","0","0","0","0","0","-0.942781448364258","0","3.04338145256042","618.751892089844","0","0","794.270874023438","0","0","0","15.9396953582764","299.837036132813","0","299.837036132813","85.4045944213867","445.053741455078","0","0.00417422270402312","0.00477931089699268","0","0","620.754150390625","0","0.10903462767601","0.975762605667114","0","9","221","2","399","236","236","-1","0","222","0","35","0","45","0.183333337306976","0.120664358139038","21","368","20459.9994962113","1023","19.9999995075379","60.8555002414239","15.8555002414239","10"
"DanielThomson_ModernPlaningHull","15","4","1","0","0","0","0","1.26026117801666","0","5.8040132522583","231.718200683594","0","0","679.073181152344","0","0","0","24.2204780578613","334.023040771484","0","334.023040771484","85.0975952148438","514.762268066406","0","0.00415921816602349","0.00809019710868597","0","0","236.857879638672","0","0.213614717125893","0.71085000038147","0","9","224","4","397","238","238","-1","0","225","0","37","0","27.0639915466309","0.200000002980232","0.120664358139038","24","368","20459.9979654838","1023","19.9999980112256","30.9377089976809","3.87371745105006","10"
"DanielThomson_ModernPlaningHull","15","4","2","0","0","0","0","3.30759835243225","0","31.1295833587646","51.9353981018066","0","0","528.9755859375","0","0","0","90.2841949462891","466.768981933594","0","466.768981933594","152.535385131836","508.854705810547","0","0.00745529867708683","0.0421418622136116","0","0","82.5982131958008","0","1.58721804618835","0.344663798809052","0","9","232","10","394","244","244","-1","0","233","0","43","0","12.8143548965454","0.25","0.120664358139038","34","344","20459.9965391916","1023","19.9999966170005","10.1898025221523","-2.62455237439311","10"
"DanielThomson_ModernPlaningHull","15","4","3","0","0","0","0","-4.13232183456421","0","3.06470465660095","721.442687988281","0","0","759.021545410156","0","0","0","9.99905586242676","438.197448730469","0","438.197448730469","85.4509506225586","372.200622558594","0","0.00417648861184716","0.00438156025484204","0","0","723.295166015625","0","0.104081735014915","1.05809104442596","0","9","241","17","390","251","251","-1","0","242","0","50","0","45","0.300000011920929","0.120664358139038","17","359","20459.9984733984","1023","19.9999985077208","72.4011148025399","27.4011148025399","10"
"DanielThomson_ModernPlaningHull","15","4","4","0","0","0","0","-0.667210340499878","0","6.49896287918091","255.16325378418","0","0","755.534606933594","0","0","0","16.8667621612549","517.205627441406","0","517.205627441406","92.8997802734375","514.714233398438","0","0.0045405556447804","0.00872358493506908","0","0","260.915496826172","0","0.247221231460571","0.822163224220276","0","9","250","24","388","258","258","-1","0","251","0","57","0","25.0658054351807","0.349999994039536","0.120664358139038","24","351","20460.0025946671","1023","20.0000025363315","31.3652581487488","6.29945271356814","10"
"DanielThomson_ModernPlaningHull","15","4","5","0","0","0","0","2.14243030548096","0","26.5854187011719","61.6820030212402","0","0","559.106750488281","0","0","0","56.1016044616699","651.680786132813","0","651.680786132813","145.230621337891","509.801513671875","0","0.00709827011451125","0.0365603379905224","0","0","87.769401550293","0","1.35488104820251","0.461275458335876","0","9","259","31","384","265","265","-1","0","260","0","64","0","12.2828187942505","0.400000005960464","0.120664358139038","49","334","20460.0020843093","1023","20.000002037448","11.1952019264498","-1.08761686780071","10"
"DanielThomson_ModernPlaningHull","15","4","6","0","0","0","0","1.73265242576599","0","67.5042877197266","32.2017517089844","93.1596145629883","0","478.696472167969","0","0","0","115.546691894531","846.047973632813","0","846.047973632813","209.226806640625","486.213806152344","0","0.0102261397987604","0.0977580472826958","0","0","191.919937133789","0","4.31153631210327","0.286344349384308","0","9","268","38","382","272","272","-1","0","269","0","71","0","8.17890357971191","0.449999988079071","0.120664358139038","62","325","20459.9986659665","1023","19.9999986959594","6.00450343239108","-2.17440014732083","10"
"DanielThomson_ModernPlaningHull","15","4","7","0","0","0","0","0.485116094350815","0","142.598403930664","20.7184410095215","206.759231567383","0","390.3935546875","0","0","0","199.438781738281","1096.06872558594","0","1096.06872558594","249.873657226563","478.0419921875","0","0.0122127886861563","0.218598619103432","0","0","369.357757568359","0","11.2534065246582","0.159256801009178","0","9","278","46","379","280","280","-1","0","279","0","79","0","5.15629720687866","0.5","0.120664358139038","78","319","20460.0000579561","1023","20.000000056653","3.20270001860691","-1.95359718827175","10"
"DanielThomson_ModernPlaningHull","15","4","8","0","0","0","0","-0.358593851327896","0","151.494583129883","19.448314666748","340.418334960938","0","366.884429931641","0","0","0","202.044876098633","1209.89367675781","0","1209.89367675781","243.217132568359","455.457916259766","0","0.011887445114553","0.244452819228172","0","0","510.131713867188","0","12.4796895980835","0.165775611996651","0","9","289","55","379","292","289","-1","0","291","1","88","0","4.68549776077271","0.550000011920929","0.120664358139038","88","322","20460.0004647429","1023","20.0000004542941","2.78732381008144","-1.89817395069127","10"
"DanielThomson_ModernPlaningHull","15","4","9","0","0","0","0","-0.382300168275833","0","48.9414978027344","42.1395416259766","80.0725708007813","0","519.62158203125","0","0","0","62.035285949707","1128.50439453125","0","1128.50439453125","186.661926269531","489.400939941406","0","0.00912326201796532","0.0700070932507515","0","0","170.097381591797","0","2.9859676361084","0.421693295240402","0","9","298","64","377","302","298","-1","0","301","0","97","0","7.35662841796875","0.600000023841858","0.120664358139038","72","329","20459.9983977179","1023","19.9999984337419","7.48803283627461","0.131404418305861","10"
"DanielThomson_ModernPlaningHull","15","4","10","0","0","0","0","-1.4273134469986","0","140.634811401367","22.9337730407715","341.559387207031","0","383.712768554688","0","0","0","166.364898681641","1328.1513671875","0","1328.1513671875","215.66340637207","460.477355957031","0","0.0105407340452075","0.22095775604248","0","0","503.953277587891","0","11.159761428833","0.178577572107315","0","9","301","67","377","306","301","-1","0","305","0","100","0","4.12024307250977","0.616666674613953","0.120664358139038","95","325","20459.9988432613","1023","19.9999988692681","2.73431834347229","-1.38592472903747","10"
"DanielThomson_ModernPlaningHull","2","0","0","0","0","0","0","0","0","32.8118896484375","41.461181640625","0","0","496.139190673828","0","0","0","343.797698974609","149.42692565918","0","149.42692565918","154.192184448242","508.073516845703","0","0.00753627577796578","0.0513726323843002","0","0","73.8353652954102","0","1.723956823349","-0.0120965708047152","0","9","196","2","387","201","201","-1","0","197","0","0","0","12.700719833374","0.0500000007450581","0","19","385","20459.9976156741","1023","19.9999976692806","8.43563391511634","-4.26508591825768","10"
"DanielThomson_ModernPlaningHull","2","0","1","0","0","0","0","2.97826457023621","0","86.742790222168","20.8864841461182","0","0","450.750122070313","0","0","0","396.904602050781","348.821044921875","0","348.821044921875","247.133514404297","502.940063476563","0","0.0120788607746363","0.138448670506477","0","0","107.267036437988","0","5.98803043365479","-0.00539261708036065","0","9","196","2","380","201","201","-1","0","197","0","0","0","8.8010082244873","0.100000001490116","0","36","367","20460.0019004473","1023","20.0000018577198","5.00509451099386","-3.79591371349345","10"
"DanielThomson_ModernPlaningHull","2","0","2","0","0","0","0","2.97809314727783","0","140.0849609375","13.2003593444824","0","0","395.950744628906","0","0","0","463.769195556641","499.885772705078","0","499.885772705078","301.270355224609","500.456848144531","0","0.0147248459979892","0.231831625103951","0","0","152.984146118164","0","11.3241853713989","-0.00147451751399785","0","9","197","3","372","202","202","-1","0","198","0","1","0","7.25563144683838","0.150000005960464","0","54","349","20460.0004146563","1023","20.0000004053337","3.64160767697689","-3.61402376986148","10"
"DanielThomson_ModernPlaningHull","2","0","3","0","0","0","0","2.80595231056213","0","196.850860595703","8.38750839233398","0","0","331.418395996094","0","0","0","479.367523193359","701.519836425781","0","701.519836425781","332.592864990234","499.3447265625","0","0.0162557605654001","0.336285829544067","0","0","204.996368408203","0","17.6991596221924","-0.00240886560641229","0","9","198","3","361","202","202","-1","0","199","0","1","0","6.12117862701416","0.200000002980232","0","73","331","20460.0002351257","1023","20.0000002298394","2.77070725457473","-3.35047137243943","10"
"DanielThomson_ModernPlaningHull","2","0","4","0","0","0","0","2.59037566184998","0","251.455947875977","5.20556402206421","0","0","263.40771484375","0","0","0","520.643249511719","851.385437011719","0","851.385437011719","339.520446777344","499.509033203125","0","0.0165943503379822","0.443268030881882","0","0","256.474548339844","0","24.4842262268066","-0.00216547562740743","0","9","198","3","352","202","202","-1","0","199","0","1","0","5.17212200164795","0.25","0","91","313","20460.0023418951","1023","20.0000022892426","2.14544765372464","-3.02667434792331","10"
"DanielThomson_ModernPlaningHull","2","0","5","0","0","0","0","2.27088689804077","0","309.507171630859","2.98931503295898","0","0","193.081146240234","0","0","0","530.850463867188","1052.13220214844","0","1052.13220214844","324.112213134766","500.867736816406","0","0.0158412605524063","0.558524906635284","0","0","312.362762451172","0","31.5595760345459","-0.00180027424357831","0","9","199","4","342","203","203","-1","0","200","0","2","0","4.15972328186035","0.300000011920929","0","109","293","20460.0014034573","1023","20.0000013719035","1.62527965862488","-2.53444362323547","10"
"DanielThomson_ModernPlaningHull","2","0","6","0","0","0","0","1.77619576454163","0","364.433380126953","1.56238293647766","0","0","125.910202026367","0","0","0","537.537170410156","1251.49462890625","0","1251.49462890625","280.286407470703","503.609893798828","0","0.0136992372572422","0.672724843025208","0","0","365.909973144531","0","38.3894157409668","-0.000717818911653012","0","9","199","4","333","203","203","-1","0","200","0","2","0","3.13314032554626","0.349999994039536","0","128","274","20460.0009626469","1023","20.0000009410038","1.1668406464601","-1.96629967908616","10"
"DanielThomson_ModernPlaningHull","2","0","7","0","0","0","0","1.1739090681076","0","421.112274169922","0.880865812301636","0","0","68.0756454467773","0","0","0","542.0732421875","1453.8681640625","0","1453.8681640625","183.39631652832","508.957427978516","0","0.00896365195512772","0.788103044033051","0","0","421.946899414063","0","44.4191627502441","-0.0107595166191459","0","9","200","4","322","203","203","-1","0","201","1","2","0","1.83951807022095","0.400000005960464","0","147","253","20459.9997240419","1023","19.9999997302462","0.651679387602424","-1.18783868261852","10"
"DanielThomson_ModernPlaningHull","2","0","8","0","0","0","0","0.829460263252258","0","442.681243896484","0.566189587116241","-139.315979003906","0","47.2247848510742","0","0","0","536.859130859375","1553.72399902344","0","1553.72399902344","146.640197753906","508.682159423828","0","0.00716716470196843","0.834130942821503","0","0","666.971374511719","0","46.483081817627","-0.0122086713090539","0","9","200","4","319","203","203","-1","0","201","1","2","0","1.37600755691528","0.416666686534882","0","157","246","20460.001109453","1023","20.0000010845093","0.492312817906884","-0.883694739008399","10"
"DanielThomson_ModernPlaningHull","2","0","9","0","0","0","0","0.647301375865936","0","454.819610595703","0.560766339302063","-477.864593505859","0","38.4928932189941","0","0","0","538.315734863281","1603.66015625","0","1603.66015625","100.495239257813","515.181213378906","0","0.00491179060190916","0.863275408744812","0","0","1076.29345703125","0","47.6768836975098","-0.0115487305447459","0","8","200","4","316","203","203","-1","0","201","1","2","0","0.994312763214111","0.433333367109299","0","162","240","20460.0007212749","1023","20.0000007050585","0.32599835308285","-0.668314410131261","10"
"DanielThomson_ModernPlaningHull","2","1","0","0","0","0","0","3.55833601951599","0","1.79395592212677","219.247177124023","0","0","442.439453125","0","0","0","146.458282470703","30.8829212188721","0","30.8829212188721","44.6793441772461","441.424560546875","0","0.00218374119140208","0.00452305981889367","0","0","220.600463867188","0","0.0473429225385189","0.0376295633614063","0","9","204","0","395","206","205","-1","0","205","1","4","0","45","0.0166666675359011","0.0301660895347595","12","395","20459.9997257732","1023","19.9999997319386","28.8685506368497","-16.1314493631503","10"
"DanielThomson_ModernPlaningHull","2","1","1","0","0","0","0","3.05636763572693","0","16.4246368408203","61.8807830810547","0","0","508.848266601563","0","0","0","251.152877807617","110.760314941406","0","110.760314941406","112.573371887207","511.162841796875","0","0.00550211919471622","0.0278177727013826","0","0","77.8600845336914","0","0.732570052146912","0.0701524466276169","0","9","204","0","392","206","205","-1","0","205","0","4","0","16.8788223266602","0.0333333350718021","0.0301660895347595","16","388","20460.0023924079","1023","20.0000023386196","11.4078423793825","-5.4709799472777","10"
"DanielThomson_ModernPlaningHull","2","1","2","0","0","0","0","3.05636763572693","0","26.4917430877686","47.0798645019531","0","0","501.754211425781","0","0","0","380.514312744141","110.760314941406","0","110.760314941406","140.327789306641","509.17919921875","0","0.00685864081606269","0.0421458855271339","0","0","73.1340179443359","0","1.29030013084412","0.0545520447194576","0","9","204","0","391","206","205","-1","0","205","0","4","0","13.8032894134521","0.0500000007450581","0.0301660895347595","18","385","20459.9997390151","1023","19.9999997448828","9.36572281924281","-4.43756659420933","10"
"DanielThomson_ModernPlaningHull","2","1","3","0","0","0","0","3.18133211135864","0","74.4066162109375","23.5939407348633","0","0","462.031433105469","0","0","0","377.3564453125","310.520935058594","0","310.520935058594","230.229049682617","503.806915283203","0","0.0112526416778564","0.117177076637745","0","0","97.6223526000977","0","4.97314548492432","0.0538361817598343","0","9","204","0","384","206","205","-1","0","205","0","4","0","9.36252975463867","0.100000001490116","0.0301660895347595","23","360","20460.0000847512","1023","20.0000000828457","5.51066793247778","-3.85186182216089","10"
"DanielThomson_ModernPlaningHull","2","1","4","0","0","0","0","3.24441170692444","0","132.882949829102","14.0693616867065","0","0","405.584564208984","0","0","0","418.012390136719","512.533020019531","0","512.533020019531","296.320343017578","500.661682128906","0","0.0144829107448459","0.214245140552521","0","0","146.641403198242","0","10.4304275512695","0.0526695810258389","0","9","206","1","376","209","206","-1","0","208","0","5","0","7.39849328994751","0.150000005960464","0.0301660895347595","34","333","20459.9992527767","1023","19.9999992695764","3.87613420027494","-3.52235908967257","10"
"DanielThomson_ModernPlaningHull","2","1","5","0","0","0","0","3.09701800346375","0","177.726776123047","9.84712982177734","0","0","354.091552734375","0","0","0","448.166198730469","661.880493164063","0","661.880493164063","324.479309082031","499.611053466797","0","0.0158592015504837","0.296632468700409","0","0","187.311706542969","0","15.506724357605","0.0551592893898487","0","9","206","1","365","209","206","-1","0","208","0","5","0","6.35056495666504","0.200000002980232","0.0301660895347595","43","312","20460.0028601146","1023","20.000002795811","3.0647311803877","-3.28583377627734","10"
"DanielThomson_ModernPlaningHull","2","1","6","0","0","0","0","2.96689605712891","0","212.781616210938","7.6352481842041","0","0","312.933624267578","0","0","0","479.219268798828","761.403503417969","0","761.403503417969","333.957550048828","499.489196777344","0","0.0163224600255489","0.364879220724106","0","0","220.190155029297","0","19.6031761169434","0.0594074055552483","0","9","206","1","356","209","206","-1","0","208","0","5","0","5.6454119682312","0.25","0.0301660895347595","51","297","20460.0010982473","1023","20.0000010735555","2.56391755149271","-3.08149441673849","10"
"DanielThomson_ModernPlaningHull","2","1","7","0","0","0","0","2.72932577133179","0","249.70361328125","5.92394161224365","0","0","265.877502441406","0","0","0","480.953491210938","910.620666503906","0","910.620666503906","327.952606201172","500.312622070313","0","0.0160289630293846","0.437966197729111","0","0","255.43962097168","0","24.3471813201904","0.0722309872508049","0","9","206","1","345","209","206","-1","0","208","0","5","0","4.84747838973999","0.300000011920929","0.0301660895347595","56","278","20460.0014111931","1023","20.0000013794654","2.09741551683911","-2.75006287290088","10"
"DanielThomson_ModernPlaningHull","2","1","8","0","0","0","0","2.34759759902954","0","301.360382080078","4.82610368728638","0","0","207.104919433594","0","0","0","482.167510986328","1109.79113769531","0","1109.79113769531","280.502716064453","503.533538818359","0","0.0137098105624318","0.535105228424072","0","0","306.044189453125","0","30.3881893157959","0.0950853377580643","0","9","207","2","337","211","207","-1","0","210","0","6","0","3.63597178459167","0.349999994039536","0.0301660895347595","65","257","20459.999413347","1023","19.9999994265366","1.46812290755682","-2.16784887703486","10"
"DanielThomson_ModernPlaningHull","2","1","9","0","0","0","0","1.21101772785187","0","384.089721679688","56830.453125","0","0","100860.515625","0","0","0","471.960144042969","1505.93176269531","0","1505.93176269531","10104.7734375","51644.57421875","0","0.493879467248917","0.71073979139328","0","0","57106.8515625","0","39.7823066711426","1.03627717494965","0","7","207","2","326","211","207","-1","0","210","0","6","0","45","0.400000005960464","0.0301660895347595","73","223","20459.9990637132","1023","19.9999990847636","44.0177244440864","-0.982275555913574","10"
"DanielThomson_ModernPlaningHull","2","1","10","0","0","0","0","0.867096960544586","0","397.192169189453","59765.62890625","29.4240646362305","0","105302.7109375","0","0","0","459.10009765625","1604.96166992188","0","1604.96166992188","10547.392578125","48430.7265625","0","0.515512824058533","0.736838042736053","0","0","60071.0546875","0","41.0098838806152","1.09583580493927","0","7","207","2","323","211","207","-1","0","210","0","6","0","45","0.416666686534882","0.0301660895347595","71","219","20460.0003838652","1023","20.0000003752348","44.3971971544215","-0.602802845578474","10"
"DanielThomson_ModernPlaningHull","2","2","0","0","0","0","0","4.30250358581543","0","1.73384094238281","210.154510498047","0","0","428.117218017578","0","0","0","51.320140838623","34.8540344238281","0","34.8540344238281","43.2976379394531","412.306488037109","0","0.0021162093617022","0.00178871396929026","0","0","211.467437744141","0","0.0409056879580021","0.266640484333038","0","9","209","0","399","215","209","-1","0","214","2","8","0","45","0.0166666675359011","0.060332179069519","7","397","20459.9973532987","1023","19.9999974128043","NaN","NaN","10"
"DanielThomson_ModernPlaningHull","2","2","1","0","0","0","0","3.79239249229431","0","9.09514713287354","95.4384460449219","0","0","533.122985839844","0","0","0","165.133590698242","74.1831512451172","0","74.1831512451172","85.8889770507813","512.995727539063","0","0.00419789692386985","0.0122501300647855","0","0","104.028930664063","0","0.372379809617996","0.281574875116348","0","9","209","0","396","215","209","-1","0","214","2","8","0","22.9594383239746","0.0333333350718021","0.060332179069519","10","391","20460.0014265248","1023","20.0000013944524","20.0403496870395","-2.91908863693512","10"
"DanielThomson_ModernPlaningHull","2","2","2","0","0","0","0","3.74279642105103","0","16.0467872619629","65.4343948364258","0","0","519.726684570313","0","0","0","202.006042480469","123.363227844238","0","123.363227844238","111.291702270508","511.2021484375","0","0.00543947704136372","0.024920117110014","0","0","81.0100936889648","0","0.758135795593262","0.218584790825844","0","9","209","0","395","215","209","-1","0","214","3","8","0","17.5940933227539","0.0500000007450581","0.060332179069519","13","385","20460.0003684557","1023","20.0000003601717","12.6078261091983","-4.9862672135556","10"
"DanielThomson_ModernPlaningHull","2","2","3","0","0","0","0","3.75551891326904","0","49.2721099853516","31.8352603912354","0","0","488.069671630859","0","0","0","290.800231933594","269.894592285156","0","269.894592285156","192.267868041992","506.317199707031","0","0.00939725618809462","0.0784854143857956","0","0","80.7023391723633","0","3.02918076515198","0.156221196055412","0","9","209","0","388","216","209","-1","0","215","0","8","0","10.9085092544556","0.100000001490116","0.060332179069519","17","357","20460.0006846229","1023","20.0000006692306","6.87666599806308","-4.03184325639249","10"
"DanielThomson_ModernPlaningHull","2","2","4","0","0","0","0","3.72476172447205","0","89.3256072998047","20.213888168335","0","0","448.807891845703","0","0","0","306.026458740234","468.657379150391","0","468.657379150391","253.362976074219","503.03662109375","0","0.0123833324760199","0.143421560525894","0","0","109.185340881348","0","6.58904981613159","0.13440352678299","0","9","210","1","380","217","210","-1","0","216","0","9","0","8.572585105896","0.150000005960464","0.060332179069519","21","331","20459.9994843757","1023","19.9999994959684","4.95321089628411","-3.61937420961189","10"
"DanielThomson_ModernPlaningHull","2","2","5","0","0","0","0","3.59887409210205","0","108.58260345459","17.1591167449951","0","0","430.431213378906","0","0","0","311.332214355469","566.364685058594","0","566.364685058594","276.281829833984","502.138824462891","0","0.013503510504961","0.176327586174011","0","0","125.4111328125","0","8.54742527008057","0.163970991969109","0","9","210","1","369","217","210","-1","0","216","0","9","0","7.70729637145996","0.200000002980232","0.060332179069519","19","309","20460.0003630524","1023","20.0000003548899","4.39212323095702","-3.31517314050294","10"
"DanielThomson_ModernPlaningHull","2","2","6","0","0","0","0","3.54108595848083","0","111.663597106934","17.3984146118164","0","0","430.750396728516","0","0","0","302.617797851563","612.588500976563","0","612.588500976563","280.362396240234","502.556274414063","0","0.0137029513716698","0.185380175709724","0","0","128.739135742188","0","9.23320007324219","0.244066759943962","0","9","210","1","360","218","210","-1","0","217","0","9","0","7.26073884963989","0.25","0.060332179069519","15","287","20460.0008155813","1023","20.0000007972447","4.23906158473457","-3.02167726490532","10"
"DanielThomson_ModernPlaningHull","2","2","7","0","0","0","0","2.89845252037048","0","232.312377929688","7.13776111602783","0","0","288.280059814453","0","0","0","421.822509765625","952.651000976563","0","952.651000976563","326.198669433594","500.402008056641","0","0.0159432385116816","0.401849657297134","0","0","239.246032714844","0","22.1804389953613","0.0952437594532967","0","9","210","1","349","218","210","-1","0","217","0","9","0","4.94584941864014","0.300000011920929","0.060332179069519","45","277","20460.0005948973","1023","20.0000005815223","2.27378604880538","-2.67206336983476","10"
"DanielThomson_ModernPlaningHull","2","2","8","0","0","0","0","2.82655835151672","0","207.177795410156","9.79331493377686","0","0","318.061157226563","0","0","0","353.827545166016","1003.26409912109","0","1003.26409912109","312.722595214844","501.376586914063","0","0.0152845839038491","0.3549824655056","0","0","216.747467041016","0","19.5139045715332","0.155547469854355","0","9","211","2","341","219","211","-1","0","218","0","10","0","4.81559228897095","0.349999994039536","0.060332179069519","25","263","20460.0005588697","1023","20.0000005463047","2.46776400312831","-2.34782828584263","10"
"DanielThomson_ModernPlaningHull","2","2","9","0","0","0","0","0.858322978019714","0","313.794250488281","3.11825227737427","0","0","202.174896240234","0","0","0","346.885192871094","1632.35668945313","0","1632.35668945313","164.067169189453","510.719635009766","0","0.00801892392337322","0.56624037027359","0","0","316.776550292969","0","31.4693965911865","0.179908931255341","0","7","211","2","330","219","211","-1","0","218","0","10","0","1.70832324028015","0.400000005960464","0.060332179069519","27","224","20459.9982188679","1023","19.9999982589129","0.811432536778179","-0.896890703501973","10"
"DanielThomson_ModernPlaningHull","2","3","0","0","0","0","0","3.71887183189392","0","4.26543617248535","365.268096923828","0","0","785.187927246094","0","0","0","49.8609848022461","111.234474182129","0","111.234474182129","80.0879821777344","515.183410644531","0","0.0039143692702055","0.00554626015946269","0","0","368.567047119141","0","0.155276879668236","0.854756116867065","0","9","214","0","398","226","214","-1","0","225","0","13","0","42.8993988037109","0.0666666701436043","0.0904982686042786","5","391","20459.9966557396","1023","19.9999967309283","44.891566779284","1.99216797557302","10"
"DanielThomson_ModernPlaningHull","2","3","1","0","0","0","0","4.16050338745117","0","11.9914884567261","108.114631652832","0","0","640.235412597656","0","0","0","78.7246704101563","204.768798828125","0","204.768798828125","108.327705383301","512.813293457031","0","0.0052946088835597","0.0161203555762768","0","0","119.514060974121","0","0.524633407592773","0.64785635471344","0","9","214","0","396","226","214","-1","0","225","0","13","0","21.8034934997559","0.0833333358168602","0.0904982686042786","6","371","20460.0014402705","1023","20.0000014078891","19.1742642776735","-2.62922922208241","10"
"DanielThomson_ModernPlaningHull","2","3","2","0","0","0","0","4.19373321533203","0","17.7094497680664","71.8070907592773","0","0","573.40673828125","0","0","0","96.2786254882813","251.547500610352","0","251.547500610352","123.893074035645","511.30517578125","0","0.006055380217731","0.0242186486721039","0","0","89.007926940918","0","0.842554569244385","0.487662613391876","0","9","214","0","393","226","214","-1","0","225","0","13","0","17.5705184936523","0.100000001490116","0.0904982686042786","8","368","20459.9991381001","1023","19.9999991574781","14.479267297946","-3.09125119570637","10"
"DanielThomson_ModernPlaningHull","2","3","3","0","0","0","0","4.16397953033447","0","45.586555480957","35.6495780944824","0","0","513.891052246094","0","0","0","169.121765136719","391.87353515625","0","391.87353515625","191.288818359375","507.129608154297","0","0.0093494039028883","0.0662743449211121","0","0","80.8162307739258","0","2.80093312263489","0.337952673435211","0","9","214","0","384","226","214","-1","0","225","0","13","0","11.4507656097412","0.150000005960464","0.0904982686042786","12","339","20460.0015515728","1023","20.0000015166889","8.10983903670747","-3.34092657303374","10"
"DanielThomson_ModernPlaningHull","2","3","4","0","0","0","0","4.05370140075684","0","61.933910369873","29.0267677307129","0","0","500.191558837891","0","0","0","195.712951660156","482.750122070313","0","482.750122070313","222.279205322266","505.669250488281","0","0.0108640864491463","0.0944804549217224","0","0","90.5641403198242","0","4.21767330169678","0.349950015544891","0","9","214","0","373","227","214","-1","0","226","0","13","0","9.93043804168701","0.200000002980232","0.0904982686042786","12","317","20459.9996845324","1023","19.999999691625","6.60291356451646","-3.32752447717055","10"
"DanielThomson_ModernPlaningHull","2","3","5","0","0","0","0","3.84570550918579","0","74.4974136352539","25.9807281494141","0","0","491.973876953125","0","0","0","184.470458984375","643.801696777344","0","643.801696777344","243.382186889648","504.971618652344","0","0.0118955122306943","0.118762396275997","0","0","100.09984588623","0","5.42960262298584","0.377333790063858","0","9","215","1","365","228","215","-1","0","227","0","14","0","8.88485240936279","0.25","0.0904982686042786","12","299","20460.0005590044","1023","20.0000005464363","5.74851536379144","-3.13633704557135","10"
"DanielThomson_ModernPlaningHull","2","3","6","0","0","0","0","4.01143980026245","0","59.2255859375","37.9808082580566","0","0","577.890319824219","0","0","0","162.110076904297","561.527465820313","0","561.527465820313","233.993347167969","507.123107910156","0","0.0114366244524717","0.0910292640328407","0","0","96.7613220214844","0","4.12106561660767","0.616297781467438","0","9","216","2","355","230","216","-1","0","229","0","15","0","9.85590839385986","0.300000011920929","0.0904982686042786","8","287","20460.00095049","1023","20.0000009291202","7.21753129636971","-2.63837709749015","10"
"DanielThomson_ModernPlaningHull","2","3","7","0","0","0","0","3.79994916915894","0","32.8092613220215","133.227905273438","0","0","1081.04931640625","0","0","0","244.107009887695","201.664169311523","0","201.664169311523","240.094390869141","511.905059814453","0","0.0117348181083798","0.049227636307478","0","0","165.161926269531","0","1.96117722988129","1.0945063829422","0","9","216","2","346","230","216","-1","0","229","0","15","0","15.4674673080444","0.349999994039536","0.0904982686042786","2","282","20460.0010542719","1023","20.0000010305688","13.7908671559657","-1.67660015207875","10"
"DanielThomson_ModernPlaningHull","2","3","8","0","0","0","0","0.921898901462555","0","250.499420166016","7.87428283691406","0","0","268.633026123047","0","0","0","276.780303955078","1595.84753417969","0","1595.84753417969","259.646514892578","505.320159912109","0","0.0126904454082251","0.441699177026749","0","0","258.194152832031","0","24.755542755127","0.194074362516403","0","7","217","3","336","231","217","-1","0","230","0","16","0","2.81305623054504","0.400000005960464","0.0904982686042786","27","236","20460.0001450141","1023","20.0000001417538","1.64638987382695","-1.1666663567181","10"
"DanielThomson_ModernPlaningHull","2","4","0","0","0","0","0","3.2139720916748","0","9.35337924957275","575.037963867188","0","0","1461.32043457031","0","0","0","28.1808528900146","443.734985351563","0","443.734985351563","155.284515380859","514.932434082031","0","0.00758966337889433","0.0125048300251365","0","0","582.672912597656","0","0.364113479852676","1.2119756937027","0","9","235","1","398","256","235","-1","0","255","0","34","0","38.0008010864258","0.183333337306976","0.120664358139038","22","360","20460.0003489854","1023","20.0000003411392","37.3684666092817","-0.632334477144049","10"
"DanielThomson_ModernPlaningHull","2","4","1","0","0","0","0","2.62645649909973","0","7.36765050888062","764.768432617188","0","0","1423.66979980469","0","0","0","23.743673324585","406.670318603516","0","406.670318603516","143.300582885742","413.462677001953","0","0.00700393784791231","0.00965584814548492","0","0","770.182983398438","0","0.268162846565247","1.27704524993896","0","9","235","1","394","256","235","-1","0","255","0","34","0","45","0.200000002980232","0.120664358139038","21","360","20460.0020727563","1023","20.0000020261547","46.4985670027568","1.49856700275683","10"
"DanielThomson_ModernPlaningHull","2","4","2","0","0","0","0","3.60208344459534","0","22.8009185791016","116.868690490723","0","0","859.781066894531","0","0","0","55.5546760559082","569.544921875","0","569.544921875","174.090621948242","511.960174560547","0","0.00850882846862078","0.0316408835351467","0","0","138.915756225586","0","1.14956951141357","0.944704830646515","0","9","237","3","387","259","237","-1","0","258","0","36","0","17.9145164489746","0.25","0.120664358139038","25","336","20459.9989987178","1023","19.9999990212295","15.5999393068596","-2.31457714211497","10"
"DanielThomson_ModernPlaningHull","2","4","3","0","0","0","0","3.2526228427887","0","48.3786849975586","47.1228332519531","0","0","624.655029296875","0","0","0","92.0150985717773","800.517028808594","0","800.517028808594","219.187774658203","508.252868652344","0","0.0107129905372858","0.0736596509814262","0","0","95.0088119506836","0","3.1602988243103","0.689954936504364","0","9","239","5","378","261","239","-1","0","260","0","38","0","11.1351613998413","0.300000011920929","0.120664358139038","30","316","20459.9989046322","1023","19.9999989292593","8.36270484370576","-2.77245655613555","10"
"DanielThomson_ModernPlaningHull","2","4","4","0","0","0","0","-0.719263255596161","0","7.37848949432373","840.020263671875","0","0","1496.10473632813","0","0","0","24.4957809448242","417.229614257813","0","417.229614257813","150.02424621582","243.597183227539","0","0.00733256293460727","0.0102203655987978","0","0","845.339050292969","0","0.301545977592468","1.40873873233795","0","9","240","6","370","264","240","-1","0","263","0","39","0","45","0.349999994039536","0.120664358139038","6","329","20460.0011692713","1023","20.0000011429827","45.8440404085267","0.844040408526688","10"
"DanielThomson_ModernPlaningHull","2","4","5","0","0","0","0","2.82576537132263","0","13.4372406005859","1605.77587890625","0","0","2878.556640625","0","0","0","38.7991523742676","506.391998291016","0","506.391998291016","288.638305664063","369.084594726563","0","0.0141074433922768","0.0196475796401501","0","0","1615.48852539063","0","0.671711623668671","1.44417440891266","0","9","242","8","361","266","242","-1","0","265","0","41","0","45","0.400000005960464","0.120664358139038","8","312","20460.000982324","1023","20.0000009602385","45.8916167923617","0.891616792361745","10"
"DanielThomson_ModernPlaningHull","2","4","6","0","0","0","0","3.31336712837219","0","20.5142288208008","2693.08569335938","1.42467653751373","0","4698.25634765625","0","0","0","51.2030143737793","625.007202148438","0","625.007202148438","471.176635742188","445.213562011719","0","0.0230291597545147","0.032002255320549","0","0","2708.78491210938","0","1.17643678188324","1.47811365127563","0","8","244","10","354","269","244","-1","0","268","0","43","0","45","0.449999988079071","0.120664358139038","10","297","20460.0011795835","1023","20.000001153063","46.0223387824263","1.02233878242626","10"
"DanielThomson_ModernPlaningHull","20","0","0","0","0","0","0","1.02541494369507","0","33.620719909668","41.3196678161621","0","0","496.778045654297","0","0","0","322.665161132813","169.952880859375","0","169.952880859375","156.276168823242","508.056915283203","0","0.00763812987133861","0.0548378713428974","0","0","74.5060806274414","0","1.81145918369293","-0.0793096870183945","0","9","95","4","389","203","203","-1","0","96","0","2","0","12.3571586608887","0.0500000007450581","0","21","386","20460.0041444247","1023","20.0000040512461","8.00651305566087","-4.3506456052278","10"
"DanielThomson_ModernPlaningHull","20","0","1","0","0","0","0","2.98214626312256","0","79.6684036254883","22.5532913208008","0","0","457.131103515625","0","0","0","410.739837646484","319.269561767578","0","319.269561767578","237.237289428711","503.518646240234","0","0.0115951774641871","0.131136730313301","0","0","101.852096557617","0","5.43593215942383","-0.049395851790905","0","9","107","6","384","205","205","-1","0","108","1","4","0","8.84171485900879","0.100000001490116","0","38","372","20459.9964219126","1023","19.9999965023584","5.0727471747584","-3.76896768425039","10"
"DanielThomson_ModernPlaningHull","20","0","2","0","0","0","0","3.22871065139771","0","147.638046264648","12.5297346115112","0","0","389.512969970703","0","0","0","465.555389404297","520.9755859375","0","520.9755859375","306.775451660156","500.096282958984","0","0.0149939116090536","0.242542997002602","0","0","159.870620727539","0","11.9694576263428","-0.0335073284804821","0","9","120","9","378","208","208","-1","0","121","1","7","0","6.85041475296021","0.150000005960464","0","59","350","20460.0013431398","1023","20.0000013129421","3.54426232323153","-3.30615242972867","10"
"DanielThomson_ModernPlaningHull","20","0","3","0","0","0","0","3.20418214797974","0","196.859664916992","8.54691028594971","77.2513885498047","0","334.148315429688","0","0","0","486.816192626953","684.288146972656","0","684.288146972656","331.599975585938","493.507690429688","0","0.0162072349339724","0.333122551441193","0","0","282.35888671875","0","17.1499328613281","-0.0286996401846409","0","9","131","11","369","210","210","-1","0","132","1","9","0","5.91790819168091","0.200000002980232","0","75","334","20459.9968431915","1023","19.9999969141657","2.78868210481393","-3.12922608686698","10"
"DanielThomson_ModernPlaningHull","20","0","4","0","0","0","0","3.20300674438477","0","210.093124389648","7.7075080871582","85.9085540771484","0","318.328765869141","0","0","0","509.660614013672","699.495483398438","0","699.495483398438","334.854034423828","492.815521240234","0","0.0163662768900394","0.356505304574966","0","0","303.417816162109","0","18.6870498657227","-0.0237848404794931","0","9","135","12","367","211","211","-1","0","136","1","10","0","5.68580913543701","0.216666668653488","0","78","329","20460.0005654078","1023","20.0000005526958","2.63123236914498","-3.05457676629203","10"
"DanielThomson_ModernPlaningHull","20","1","0","0","0","0","0","4.30391311645508","0","1.97448003292084","230.877655029297","0","0","472.961547851563","0","0","0","236.280654907227","16.2662792205811","0","16.2662792205811","47.8573684692383","465.686187744141","0","0.00233906949870288","0.00384340691380203","0","0","232.37548828125","0","0.0498273894190788","0.166066750884056","0","9","107","0","395","205","205","-1","0","108","1","4","0","45","0.0166666675359011","0.0301660895347595","11","395","20460.0027899031","1023","20.000002727178","37.4878152425805","-7.51218475741947","10"
"DanielThomson_ModernPlaningHull","20","1","1","0","0","0","0","4.02513074874878","0","8.49982738494873","90.2428283691406","0","0","513.001586914063","0","0","0","338.85546875","48.9974479675293","0","48.9974479675293","83.9076843261719","513.279479980469","0","0.00410105939954519","0.0166030526161194","0","0","98.2913818359375","0","0.345240235328674","0.0423186346888542","0","9","112","1","393","206","206","-1","0","113","0","5","0","22.5734806060791","0.0333333350718021","0.0301660895347595","15","392","20460.0021973535","1023","20.0000021479506","14.3004332325252","-8.27304737355392","10"
"DanielThomson_ModernPlaningHull","20","1","2","0","0","0","0","3.61962580680847","0","27.2588748931885","46.5545310974121","0","0","500.573669433594","0","0","0","395.996429443359","106.317878723145","0","106.317878723145","141.682708740234","509.029937744141","0","0.0069248634390533","0.0421014986932278","0","0","73.3741912841797","0","1.32696533203125","0.00578574696555734","0","9","116","2","393","207","207","-1","0","117","0","6","0","13.7892084121704","0.0500000007450581","0.0301660895347595","19","385","20460.0004010482","1023","20.0000003920315","9.46703989979048","-4.32216851237993","10"
"DanielThomson_ModernPlaningHull","20","1","3","0","0","0","0","3.8119490146637","0","75.5413131713867","23.9272842407227","0","0","461.833374023438","0","0","0","437.418762207031","266.708618164063","0","266.708618164063","229.568817138672","503.655059814453","0","0.011220371350646","0.116663351655006","0","0","99.0854797363281","0","4.92113161087036","0.0104641346260905","0","9","127","4","388","209","209","-1","0","128","0","8","0","9.15306663513184","0.100000001490116","0.0301660895347595","25","360","20460.0017204827","1023","20.0000016818012","5.51908689927015","-3.63397973586168","10"
"DanielThomson_ModernPlaningHull","20","1","4","0","0","0","0","3.75287222862244","0","123.113327026367","15.5958490371704","0","0","415.246154785156","0","0","0","477.113250732422","417.145172119141","0","417.145172119141","282.969940185547","500.810791015625","0","0.0138303972780704","0.199025481939316","0","0","138.377670288086","0","9.42112350463867","0.00992590095847845","0","9","138","6","381","211","211","-1","0","139","0","10","0","7.41390800476074","0.150000005960464","0.0301660895347595","34","338","20460.0008587046","1023","20.0000008393984","3.98472852634504","-3.4291794784157","10"
"DanielThomson_ModernPlaningHull","20","1","5","0","0","0","0","3.55259108543396","0","183.44026184082","9.67452144622803","238.684661865234","0","343.491546630859","0","0","0","529.5224609375","556.775451660156","0","556.775451660156","317.416809082031","475.673461914063","0","0.0155140189453959","0.294825106859207","0","0","431.241149902344","0","15.3248853683472","0.0219148229807615","0","9","149","9","373","214","214","-1","0","150","0","13","0","6.10633659362793","0.200000002980232","0.0301660895347595","43","311","20459.9988049022","1023","19.9999988317715","3.01635958853089","-3.08997700509704","10"
"DanielThomson_ModernPlaningHull","20","1","6","0","0","0","0","3.18065929412842","0","232.104858398438","6.91482543945313","116.426666259766","0","295.2431640625","0","0","0","540.111083984375","714.987731933594","0","714.987731933594","334.11962890625","489.160247802734","0","0.0163303837180138","0.38617280125618","0","0","355.123107910156","0","20.7968349456787","0.00590603472664952","0","9","159","11","366","216","216","-1","0","160","1","15","0","5.28881597518921","0.25","0.0301660895347595","73","313","20459.9986550033","1023","19.9999986852428","2.42363304498484","-2.86518293020437","10"
"DanielThomson_ModernPlaningHull","20","1","7","0","0","0","0","3.22054648399353","0","221.645263671875","8.50873565673828","312.559020996094","0","294.644897460938","0","0","0","547.071960449219","663.100280761719","0","663.100280761719","307.132507324219","464.788024902344","0","0.0150113655254245","0.362763553857803","0","0","541.987182617188","0","19.6661262512207","0.0408375225961208","0","9","170","14","358","219","219","-1","0","171","0","18","0","4.98441505432129","0.300000011920929","0.0301660895347595","43","286","20459.9979131834","1023","19.9999979601011","2.37160952939995","-2.61280552492134","10"
"DanielThomson_ModernPlaningHull","20","1","8","0","0","0","0","2.43669438362122","0","336.562255859375","43896.078125","406.919311523438","0","79576.6640625","0","0","0","607.818603515625","941.737854003906","0","941.737854003906","7984.3896484375","60908.6015625","0","0.390243887901306","0.572405755519867","0","0","44417.01171875","0","32.1888122558594","0.697500288486481","0","9","183","20","355","225","225","-1","0","184","1","24","0","45","0.349999994039536","0.0301660895347595","69","253","20459.9992363155","1023","19.9999992534853","42.9814001329814","-2.01859986701859","10"
"DanielThomson_ModernPlaningHull","20","1","9","0","0","0","0","1.91787362098694","0","378.994842529297","52279.67578125","460.802490234375","0","91874.4921875","0","0","0","608.978759765625","1070.35974121094","0","1070.35974121094","9225.4404296875","64059.7109375","0","0.450901329517365","0.651826322078705","0","0","52855.17578125","0","36.7673797607422","0.798376739025116","0","9","196","27","351","232","232","-1","0","197","0","31","0","45","0.400000005960464","0.0301660895347595","73","246","20459.9982873464","1023","19.9999983258518","43.7688518688358","-1.23114813116422","10"
"DanielThomson_ModernPlaningHull","20","1","10","0","0","0","0","1.27322196960449","0","430.3349609375","63733.1171875","162.020401000977","0","107809.90625","0","0","0","608.548706054688","1232.4150390625","0","1232.4150390625","10844.26953125","66369.109375","0","0.530022978782654","0.749984622001648","0","0","64180.06640625","0","41.8676834106445","0.909448862075806","0","8","209","34","349","239","239","-1","0","210","0","38","0","45","0.449999988079071","0.0301660895347595","74","242","20459.9988403463","1023","19.9999988664187","44.9680072517129","-0.0319927482871023","10"
"DanielThomson_ModernPlaningHull","20","2","0","0","0","0","0","4.44968605041504","0","6.15592622756958","114.864471435547","0","0","518.510620117188","0","0","0","447.478912353516","18.5759582519531","0","18.5759582519531","72.0096206665039","513.967529296875","0","0.00351953227072954","0.00831235013902187","0","0","120.531219482422","0","0.236833333969116","0.132376462221146","0","9","131","1","397","210","210","-1","0","132","2","9","0","27.2632236480713","0.0333333350718021","0.060332179069519","10","394","20459.997274461","1023","19.999997335739","25.0500655281026","-2.21315811996864","10"
"DanielThomson_ModernPlaningHull","20","2","1","0","0","0","0","4.33307886123657","0","14.8341112136841","66.9000778198242","0","0","511.613891601563","0","0","0","253.651443481445","84.0807495117188","0","84.0807495117188","106.169700622559","511.419128417969","0","0.00518913473933935","0.0213272031396627","0","0","81.2697219848633","0","0.662361562252045","0.111632727086544","0","9","135","2","397","211","211","-1","0","136","2","10","0","18.4922847747803","0.0500000007450581","0.060332179069519","14","388","20460.0007430286","1023","20.0000007263232","14.0820175733325","-4.41026720144775","10"
"DanielThomson_ModernPlaningHull","20","2","2","0","0","0","0","4.10896015167236","0","48.2060966491699","32.9922943115234","0","0","484.256744384766","0","0","0","328.681854248047","233.87858581543","0","233.87858581543","186.254608154297","506.335754394531","0","0.00910335220396519","0.0768716484308243","0","0","80.7886962890625","0","2.92423415184021","0.0664324834942818","0","9","145","4","392","213","213","-1","0","146","0","12","0","11.0254440307617","0.100000001490116","0.060332179069519","21","362","20460.0024234116","1023","20.0000023689263","6.80108399100392","-4.2243600397578","10"
"DanielThomson_ModernPlaningHull","20","2","3","0","0","0","0","3.94048690795898","0","86.9788665771484","21.5113716125488","82.6690521240234","0","447.411560058594","0","0","0","380.689544677734","345.298889160156","0","345.298889160156","242.254058837891","491.755126953125","0","0.0118403751403093","0.131451666355133","0","0","190.599548339844","0","5.85360336303711","0.0638368800282478","0","9","155","6","385","215","215","-1","0","156","0","14","0","8.73497486114502","0.150000005960464","0.060332179069519","24","336","20459.9986036897","1023","19.9999986350827","5.16786286714123","-3.56711199400379","10"
"DanielThomson_ModernPlaningHull","20","2","4","0","0","0","0","3.62609100341797","0","135.820709228516","13.9684038162231","208.686767578125","0","391.327239990234","0","0","0","450.998291015625","465.210418701172","0","465.210418701172","286.303344726563","474.119476318359","0","0.0139933219179511","0.209809094667435","0","0","357.741394042969","0","10.5310840606689","0.0547474399209023","0","9","166","9","377","218","218","-1","0","167","0","17","0","7.05391311645508","0.200000002980232","0.060332179069519","30","313","20459.9984482086","1023","19.9999984830973","3.82420912396688","-3.2297039924882","10"
"DanielThomson_ModernPlaningHull","20","2","5","0","0","0","0","3.63317561149597","0","116.981155395508","16.4980659484863","368.309020996094","0","397.013885498047","0","0","0","393.188659667969","454.649932861328","0","454.649932861328","263.376068115234","446.552001953125","0","0.0128727313131094","0.178763195872307","0","0","500.406311035156","0","8.78651237487793","0.113373219966888","0","9","178","14","373","223","223","-1","0","179","0","22","0","7.38622283935547","0.25","0.060332179069519","27","298","20459.9988696273","1023","19.9999988950414","4.12944106381737","-3.2567817755381","10"
"DanielThomson_ModernPlaningHull","20","2","6","0","0","0","0","3.32499361038208","0","134.321304321289","14.9610948562622","391.541839599609","0","380.436706542969","0","0","0","380.616729736328","545.341125488281","0","545.341125488281","274.171539306641","444.434997558594","0","0.0134003683924675","0.20756596326828","0","0","539.4619140625","0","10.2821779251099","0.103609479963779","0","9","191","20","368","229","229","-1","0","192","0","28","0","6.68828535079956","0.300000011920929","0.060332179069519","34","296","20460.0001490075","1023","20.0000001456574","3.70156512004913","-2.98672023075043","10"
"DanielThomson_ModernPlaningHull","20","2","7","0","0","0","0","2.1996922492981","0","291.793762207031","37504.19921875","413.400024414063","0","67691.375","0","0","0","527.079711914063","926.437744140625","0","926.437744140625","6792.9970703125","47679.74609375","0","0.332013517618179","0.488306552171707","0","0","37995.46484375","0","27.2055950164795","0.78752475976944","0","9","204","27","366","236","236","-1","0","205","0","35","0","45","0.349999994039536","0.060332179069519","54","261","20460.0015054946","1023","20.0000014716467","42.8380536050828","-2.16194639491719","10"
"DanielThomson_ModernPlaningHull","20","2","8","0","0","0","0","1.79338884353638","0","286.891876220703","38480.640625","479.994750976563","0","67488.1171875","0","0","0","484.176300048828","983.033386230469","0","983.033386230469","6775.80322265625","41733.32421875","0","0.331173151731491","0.475961476564407","0","0","39005.16796875","0","26.6008892059326","0.902626812458038","0","9","217","34","362","243","243","-1","0","218","0","42","0","45","0.400000005960464","0.060332179069519","53","258","20460.0016252222","1023","20.0000015886825","44.0908608220481","-0.90913917795185","10"
"DanielThomson_ModernPlaningHull","20","2","9","0","0","0","0","1.23336851596832","0","313.271362304688","44945.44921875","202.017166137695","0","75767.6796875","0","0","0","470.817718505859","1103.80310058594","0","1103.80310058594","7624.50537109375","42060.23828125","0","0.37265419960022","0.519690096378326","0","0","45294.578125","0","28.9971446990967","0.983588755130768","0","8","228","41","360","250","250","-1","0","229","0","49","0","45","0.449999988079071","0.060332179069519","57","257","20460.0012002367","1023","20.0000011732519","45.813108952695","0.813108952694961","10"
"DanielThomson_ModernPlaningHull","20","2","10","0","0","0","0","0.789387881755829","0","333.781341552734","48409.83203125","316.177337646484","0","81550.015625","0","0","0","469.929077148438","1226.11279296875","0","1226.11279296875","8204.384765625","45371.7421875","0","0.400996267795563","0.576186060905457","0","0","48851.19921875","0","31.9330577850342","0.981620371341705","0","8","233","44","359","253","253","-1","0","234","0","52","0","45","0.466666668653488","0.060332179069519","62","258","20460.0028093224","1023","20.0000027461607","44.1029107474939","-0.897089252506085","10"
"DanielThomson_ModernPlaningHull","20","3","0","0","0","0","0","4.28144073486328","0","3.29079079627991","256.960235595703","0","0","605.853088378906","0","0","0","109.460372924805","41.022518157959","0","41.022518157959","63.567699432373","515.401733398438","0","0.00310692517086864","0.00449034012854099","0","0","259.600921630859","0","0.118360742926598","0.551969587802887","0","9","154","0","398","214","214","-1","0","155","0","13","0","39.8491439819336","0.0666666701436043","0.0904982686042786","4","390","20460.003359077","1023","20.0000032835552","43.7817388754159","3.93259489348235","10"
"DanielThomson_ModernPlaningHull","20","3","1","0","0","0","0","4.48475122451782","0","16.3750514984131","67.0313415527344","0","0","522.428100585938","0","0","0","148.475051879883","149.890594482422","0","149.890594482422","112.824401855469","511.30517578125","0","0.0055143884383142","0.0222550146281719","0","0","82.948600769043","0","0.755370378494263","0.240121483802795","0","9","159","2","398","216","216","-1","0","160","0","15","0","17.52317237854","0.0833333358168602","0.0904982686042786","10","373","20460.0026127213","1023","20.0000025539798","14.3462920916519","-3.17688028688817","10"
"DanielThomson_ModernPlaningHull","20","3","2","0","0","0","0","4.40226650238037","0","17.2669277191162","65.5319747924805","0","0","521.601379394531","0","0","0","142.994781494141","164.750991821289","0","164.750991821289","115.469520568848","511.120300292969","0","0.00564367230981588","0.0235585309565067","0","0","82.342887878418","0","0.794334530830383","0.237531736493111","0","9","163","3","396","217","217","-1","0","164","0","16","0","17.0897026062012","0.100000001490116","0.0904982686042786","11","372","20459.9973616496","1023","19.9999974209673","13.860548536198","-3.22915407000316","10"
"DanielThomson_ModernPlaningHull","20","3","3","0","0","0","0","4.19346761703491","0","42.036808013916","38.3167839050293","0","0","495.797912597656","0","0","0","200.350936889648","293.387329101563","0","293.387329101563","173.897583007813","507.12255859375","0","0.0084993951022625","0.0587804280221462","0","0","79.9289398193359","0","2.34330534934998","0.160673499107361","0","9","174","7","391","221","221","-1","0","175","0","20","0","11.7661800384521","0.150000005960464","0.0904982686042786","18","350","20459.9952014846","1023","19.9999953093691","8.31386602611606","-3.45231401233609","10"
"DanielThomson_ModernPlaningHull","20","3","4","0","0","0","0","3.66374039649963","0","87.7814331054688","22.602933883667","0","0","453.400238037109","0","0","0","290.735748291016","455.760314941406","0","455.760314941406","243.179000854492","502.948791503906","0","0.0118855815380812","0.132505819201469","0","0","110.010116577148","0","5.97747373580933","0.106031112372875","0","9","187","13","386","227","227","-1","0","188","0","26","0","8.43817901611328","0.200000002980232","0.0904982686042786","31","326","20460.00021752","1023","20.0000002126295","5.14626598633637","-3.29191302977691","10"
"DanielThomson_ModernPlaningHull","20","3","5","0","0","0","0","3.27158761024475","0","123.217575073242","16.8852348327637","146.807189941406","0","409.056091308594","0","0","0","340.226776123047","551.191650390625","0","551.191650390625","272.647308349609","479.715301513672","0","0.0133258700370789","0.187530145049095","0","0","286.175231933594","0","9.18180751800537","0.0983412116765976","0","9","200","20","384","234","234","-1","0","201","0","33","0","6.99736595153809","0.25","0.0904982686042786","39","310","20460.0005546337","1023","20.0000005421639","4.07486532484826","-2.92250062668983","10"
"DanielThomson_ModernPlaningHull","20","3","6","0","0","0","0","3.11943173408508","0","113.347770690918","19.6593055725098","151.654586791992","0","420.539123535156","0","0","0","288.762634277344","575.050537109375","0","575.050537109375","258.821563720703","477.660247802734","0","0.0126501237973571","0.166053101420403","0","0","283.81396484375","0","8.10860252380371","0.133048564195633","0","9","213","27","380","241","241","-1","0","214","0","40","0","6.98440408706665","0.300000011920929","0.0904982686042786","40","305","20460.0024368755","1023","20.0000023820875","4.36909384403699","-2.61531024302966","10"
"DanielThomson_ModernPlaningHull","20","3","7","0","0","0","0","3.0517725944519","0","30.284782409668","54.9643325805664","0","0","524.277587890625","0","0","0","89.8511505126953","458.541076660156","0","458.541076660156","147.854782104492","509.017272949219","0","0.00722652859985828","0.041200440376997","0","0","84.7829208374023","0","1.54675507545471","0.315787136554718","0","9","225","34","378","248","248","-1","0","226","0","47","0","11.5088682174683","0.349999994039536","0.0904982686042786","34","322","20460.0009619268","1023","20.0000009402999","10.1018952874646","-1.40697293000363","10"
"DanielThomson_ModernPlaningHull","20","3","8","0","0","0","0","1.75055181980133","0","209.745056152344","11.2820291519165","304.431274414063","0","307.151153564453","0","0","0","395.137756347656","862.303344726563","0","862.303344726563","281.428527832031","461.681427001953","0","0.0137550598010421","0.340728610754013","0","0","524.557373046875","0","18.294771194458","0.0594577118754387","0","9","236","41","374","255","255","-1","0","237","0","54","0","4.60564517974854","0.400000005960464","0.0904982686042786","68","306","20460.0003128093","1023","20.0000003057764","2.31363341101238","-2.29201176873616","10"
"DanielThomson_ModernPlaningHull","20","3","9","0","0","0","0","0.903458178043365","0","205.640991210938","27587.474609375","578.253295898438","0","47450.2734375","0","0","0","316.722595214844","1021.1689453125","0","1021.1689453125","4767.71923828125","24377.39453125","0","0.233026325702667","0.32342728972435","0","0","28119.888671875","0","17.3736705780029","1.02824723720551","0","9","247","49","373","263","263","-1","0","248","0","62","0","45","0.449999988079071","0.0904982686042786","59","276","20460.002636632","1023","20.0000025773529","46.0950031496428","1.09500314964279","10"
"DanielThomson_ModernPlaningHull","20","3","10","0","0","0","0","0.711563289165497","0","225.947814941406","12.4197435379028","365.398193359375","0","291.837921142578","0","0","0","358.8291015625","1011.54602050781","0","1011.54602050781","249.866394042969","461.331115722656","0","0.0122124347835779","0.362972170114517","0","0","602.866638183594","0","19.8049697875977","0.0619879104197025","0","9","258","57","370","271","271","-1","0","259","0","70","0","3.94302129745483","0.5","0.0904982686042786","83","312","20459.9982289334","1023","19.9999982687521","1.92811777986905","-2.01490351758578","10"
"DanielThomson_ModernPlaningHull","20","3","11","0","0","0","0","-0.212285846471786","0","219.626266479492","17.4573268890381","166.985427856445","0","583.677368164063","0","0","0","287.102752685547","1222.00317382813","0","1222.00317382813","83.691291809082","748.697082519531","0","0.00409048376604915","0.350840508937836","0","0","425.701171875","0","18.73996925354","0.0283150281757116","0","8","262","60","370","274","274","-1","0","263","0","73","0","0.0057295779697597","0.516666650772095","0.0904982686042786","67","280","20459.9985223548","1023","19.9999985555766","0.668032290351784","0.662302712382025","10"
"DanielThomson_ModernPlaningHull","20","3","12","0","0","0","0","-0.40628319978714","0","204.237823486328","14.3394069671631","174.417617797852","0","523.845092773438","0","0","0","267.523132324219","1239.39111328125","0","1239.39111328125","97.9671936035156","674.348022460938","0","0.00478823110461235","0.331565797328949","0","0","420.043884277344","0","17.2390880584717","0.0396661534905434","0","8","266","63","370","277","277","-1","0","267","0","76","0","0.0057295779697597","0.533333301544189","0.0904982686042786","68","282","20459.9969097454","1023","19.9999969792233","0.82745257889405","0.821723000924291","10"
"DanielThomson_ModernPlaningHull","20","4","0","0","0","0","0","-5.83829784393311","0","1.64311456680298","631.0859375","0","0","496.646575927734","0","0","0","10.1234760284424","260.725036621094","0","260.725036621094","62.5420417785645","317.073883056641","0","0.00305679556913674","0.00263944384641945","0","0","631.974243164063","0","0.0511274449527264","0.877402007579803","0","9","204","2","399","236","236","-1","0","205","0","35","0","45","0.183333337306976","0.120664358139038","18","371","20460.0014505474","1023","20.0000014179349","NaN","NaN","10"
"DanielThomson_ModernPlaningHull","20","4","1","0","0","0","0","0.00160301860887557","0","4.87436008453369","226.852630615234","0","0","611.874328613281","0","0","0","24.7672481536865","292.720245361328","0","292.720245361328","78.1222763061523","515.069458007813","0","0.00381829286925495","0.00724987545982003","0","0","231.162658691406","0","0.185997426509857","0.570305466651917","0","9","208","4","397","238","238","-1","0","209","0","37","0","25.6153526306152","0.200000002980232","0.120664358139038","24","371","20460.0011002813","1023","20.0000010755438","31.7807464130563","6.16539378244111","10"
"DanielThomson_ModernPlaningHull","20","4","2","0","0","0","0","3.19314527511597","0","36.0887031555176","46.2566833496094","0","0","509.690490722656","0","0","0","113.252342224121","432.724029541016","0","432.724029541016","160.232498168945","508.040344238281","0","0.0078315008431673","0.0490070097148418","0","0","81.8984985351563","0","1.88617253303528","0.245090410113335","0","9","220","11","395","245","245","-1","0","221","0","44","0","11.9180593490601","0.25","0.120664358139038","36","345","20459.9988402915","1023","19.9999988663651","9.19550167131497","-2.72255767774509","10"
"DanielThomson_ModernPlaningHull","20","4","3","0","0","0","0","-4.65038204193115","0","2.97310161590576","866.294189453125","0","0","784.889221191406","0","0","0","10.4578371047974","418.974456787109","0","418.974456787109","93.3130645751953","457.744964599609","0","0.00456075556576252","0.00438156677410007","0","0","867.986511230469","0","0.103694252669811","0.947583973407745","0","9","233","19","392","253","253","-1","0","234","0","52","0","45","0.300000011920929","0.120664358139038","19","361","20460.0012497259","1023","20.0000012216284","NaN","NaN","10"
"DanielThomson_ModernPlaningHull","20","4","4","0","0","0","0","-0.954249680042267","0","7.3256688117981","170.477996826172","0","0","593.680786132813","0","0","0","20.3562850952148","494.912109375","0","494.912109375","85.931999206543","514.2138671875","0","0.00419999985024333","0.0100745717063546","0","0","177.276062011719","0","0.287554323673248","0.525457859039307","0","9","243","26","390","260","260","-1","0","244","0","59","0","18.5876026153564","0.349999994039536","0.120664358139038","32","355","20460.0005406106","1023","20.0000005284561","24.6384674443195","6.05086482896303","10"
"DanielThomson_ModernPlaningHull","20","4","5","0","0","0","0","-1.80405354499817","0","11.023383140564","123.498168945313","0","0","581.232604980469","0","0","0","25.9665489196777","566.934753417969","0","566.934753417969","98.366340637207","513.142578125","0","0.00480773951858282","0.0147213395684958","0","0","134.015533447266","0","0.46922355890274","0.495861351490021","0","9","254","34","387","268","268","-1","0","255","0","67","0","15.7821235656738","0.400000005960464","0.120664358139038","34","347","20459.9979381168","1023","19.9999979844739","19.0615100780236","3.27938651234982","10"
"DanielThomson_ModernPlaningHull","20","4","6","0","0","0","0","1.4834988117218","0","70.364875793457","31.8259506225586","119.602485656738","0","467.247253417969","0","0","0","124.911476135254","795.571838378906","0","795.571838378906","207.031661987305","482.095306396484","0","0.0101188505068421","0.0993760600686073","0","0","220.80793762207","0","4.43407487869263","0.220676213502884","0","9","265","42","386","276","276","-1","0","266","0","75","0","7.92680358886719","0.449999988079071","0.120664358139038","66","328","20459.9980844973","1023","19.9999981275633","5.84420453578319","-2.082599053084","10"
"DanielThomson_ModernPlaningHull","20","4","7","0","0","0","0","0.269604325294495","0","148.475158691406","18.2416725158691","407.570098876953","0","365.598114013672","0","0","0","227.899826049805","1016.39196777344","0","1016.39196777344","250.372665405273","441.745422363281","0","0.0122371781617403","0.231635555624962","0","0","572.764099121094","0","11.7452793121338","0.133015379309654","0","9","276","51","384","285","285","-1","0","277","1","84","0","5.06643772125244","0.5","0.120664358139038","85","322","20460.0000176566","1023","20.0000000172596","3.02831411075646","-2.03812361049599","10"
"DanielThomson_ModernPlaningHull","20","4","8","0","0","0","0","0.387039691209793","0","36.2254028320313","48.3759918212891","349.694702148438","0","493.178741455078","0","0","0","54.7412986755371","913.291381835938","0","913.291381835938","153.903396606445","430.956085205078","0","0.00752216018736362","0.0499947555363178","0","0","431.249114990234","0","2.01006698608398","0.397780776023865","0","9","288","60","384","294","294","-1","0","289","0","93","0","9.89597988128662","0.550000011920929","0.120664358139038","64","334","20459.9998900563","1023","19.9999998925281","8.65352622035374","-1.24245366093288","10"
"DanielThomson_ModernPlaningHull","20","4","9","0","0","0","0","-0.578911602497101","0","71.5238265991211","7670.74267578125","286.023742675781","0","14336.7177734375","0","0","0","96.0564575195313","1047.69848632813","0","1047.69848632813","1442.46630859375","7619.76416015625","0","0.0705017745494843","0.100638210773468","0","0","7931.181640625","0","4.51723575592041","1.00332176685333","0","9","300","70","383","304","304","-1","0","301","0","103","0","45","0.600000023841858","0.120664358139038","92","345","20460.0000185996","1023","20.0000000181814","44.4708918972785","-0.529108102721509","10"
"DanielThomson_ModernPlaningHull","20","4","10","0","0","0","0","-1.64916062355042","0","138.537689208984","23.0193881988525","375.867004394531","0","383.700317382813","0","0","0","166.160751342773","1245.1884765625","0","1245.1884765625","214.238021850586","451.790557861328","0","0.0104710664600134","0.20690144598484","0","0","536.007934570313","0","10.5090436935425","0.142748057842255","0","9","304","73","383","307","307","-1","0","305","0","106","0","4.19490003585815","0.616666674613953","0.120664358139038","100","331","20460.0001985196","1023","20.0000001940563","2.90091880452236","-1.29398123133579","10"
"DanielThomson_ModernPlaningHull","20","4","11","0","0","0","0","-1.22592008113861","0","45.5407829284668","40.243579864502","548.250610351563","0","464.125183105469","0","0","0","56.7623100280762","1125.33142089844","0","1125.33142089844","164.953796386719","392.77197265625","0","0.00806225836277008","0.0638764128088951","0","0","629.7568359375","0","2.67756962776184","0.392210781574249","0","9","309","77","384","311","311","-1","0","310","0","110","0","8.38620567321777","0.633333325386047","0.120664358139038","77","340","20459.9987949335","1023","19.9999988220269","7.25101374729806","-1.13519192591971","10"
"DanielThomson_ModernPlaningHull","30","0","0","0","0","0","0","-0.175679922103882","0","31.5370121002197","43.4243698120117","0","0","501.293884277344","0","0","0","350.099975585938","137.012084960938","0","137.012084960938","151.953811645508","508.389373779297","0","0.00742687238380313","0.0479679256677628","0","0","74.5217819213867","0","1.61160552501678","-0.124907307326794","0","9","61","5","390","204","204","-1","0","62","0","3","0","12.5011720657349","0.0500000007450581","0","21","388","20460.0003598952","1023","20.0000003518037","8.90693471450946","-3.59423735122541","10"
"DanielThomson_ModernPlaningHull","30","0","1","0","0","0","0","3.10224032402039","0","88.2611236572266","21.1543922424316","0","0","451.948455810547","0","0","0","427.227874755859","323.907897949219","0","323.907897949219","248.628280639648","502.9814453125","0","0.0121519202366471","0.138382494449615","0","0","109.054359436035","0","5.99207448959351","-0.0736365988850594","0","9","77","9","387","208","208","-1","0","78","1","7","0","8.21352291107178","0.100000001490116","0","41","372","20459.9993908657","1023","19.9999994045608","5.03786089477347","-3.17566201629831","10"
"DanielThomson_ModernPlaningHull","30","0","2","0","0","0","0","3.28553056716919","0","150.004333496094","12.5423040390015","60.2654762268066","0","387.041259765625","0","0","0","467.276519775391","525.150329589844","0","525.150329589844","306.128692626953","495.476989746094","0","0.0149623025208712","0.245390430092812","0","0","222.471054077148","0","12.0288314819336","-0.0580730959773064","0","9","92","12","381","211","211","-1","0","93","2","10","0","6.5761284828186","0.150000005960464","0","64","354","20459.9988671482","1023","19.999998892618","3.49569015176799","-3.08043833105061","10"
"DanielThomson_ModernPlaningHull","30","0","3","0","0","0","0","3.25455451011658","0","210.336059570313","8.12398433685303","93.6845245361328","0","323.623352050781","0","0","0","513.83642578125","682.429931640625","0","682.429931640625","333.224639892578","492.279022216797","0","0.0162866376340389","0.350657373666763","0","0","311.843383789063","0","18.1641025543213","-0.050025749951601","0","9","105","15","373","214","214","-1","0","106","2","13","0","5.37779855728149","0.200000002980232","0","80","333","20460.0020814696","1023","20.0000020346722","2.66211848169968","-2.71568007558182","10"
"DanielThomson_ModernPlaningHull","30","1","0","0","0","0","0","4.68281078338623","0","1.69531118869781","203.308746337891","0","0","418.870056152344","0","0","0","2231.69262695313","1.72219395637512","0","1.72219395637512","42.4378433227539","399.676940917969","0","0.00207418575882912","0.00384340714663267","0","0","204.597793579102","0","0.0383631661534309","0.298525243997574","0","9","68","1","396","206","206","-1","0","69","1","5","0","45","0.0166666675359011","0.0301660895347595","12","396","20460.0013003224","1023","20.0000012710874","32.6614251159238","-12.3385748840762","10"
"DanielThomson_ModernPlaningHull","30","1","1","0","0","0","0","4.29053449630737","0","8.56438064575195","90.0567779541016","0","0","515.854064941406","0","0","0","505.416564941406","32.8502349853516","0","32.8502349853516","85.069694519043","513.3291015625","0","0.00415785424411297","0.0166030544787645","0","0","98.1760482788086","0","0.337599068880081","0.111621022224426","0","9","73","2","394","207","207","-1","0","74","0","6","0","22.4916687011719","0.0333333350718021","0.0301660895347595","16","393","20459.9992025915","1023","19.9999992205195","14.5027866572845","-7.98888204388738","10"
"DanielThomson_ModernPlaningHull","30","1","2","0","0","0","0","3.81512594223022","0","24.3134212493896","50.4167633056641","0","0","502.630035400391","0","0","0","444.548950195313","90.7041397094727","0","90.7041397094727","133.879531860352","509.59375","0","0.00654347613453865","0.0403224341571331","0","0","74.2890930175781","0","1.21404457092285","0.0508546903729439","0","9","78","3","394","208","208","-1","0","79","0","7","0","14.1849126815796","0.0500000007450581","0.0301660895347595","20","387","20460.0015508104","1023","20.0000015159437","9.33919156195058","-4.84572111962901","10"
"DanielThomson_ModernPlaningHull","30","1","3","0","0","0","0","3.98600196838379","0","69.2877426147461","25.8620357513428","0","0","466.058319091797","0","0","0","473.276702880859","232.279449462891","0","232.279449462891","218.86833190918","504.196533203125","0","0.0106973769143224","0.109932452440262","0","0","94.7580871582031","0","4.53108930587769","0.0167265348136425","0","9","92","6","390","211","211","-1","0","93","0","10","0","9.2515697479248","0.100000001490116","0.0301660895347595","26","363","20460.0000226358","1023","20.0000000221269","5.58421067882696","-3.66735906909785","10"
"DanielThomson_ModernPlaningHull","30","1","4","0","0","0","0","3.71092534065247","0","131.298645019531","14.7278776168823","183.280883789063","0","400.577301025391","0","0","0","556.978576660156","367.670837402344","0","367.670837402344","283.727874755859","482.068176269531","0","0.0138674415647984","0.204784780740738","0","0","328.748138427734","0","9.94879817962646","0.00959756039083004","0","9","106","9","384","214","214","-1","0","107","0","13","0","7.09950160980225","0.150000005960464","0.0301660895347595","35","336","20460.0014667511","1023","20.0000014337743","3.88287830057831","-3.21662330922394","10"
"DanielThomson_ModernPlaningHull","30","1","5","0","0","0","0","3.46963953971863","0","163.021850585938","11.629322052002","218.064025878906","0","367.519439697266","0","0","0","565.270690917969","454.85205078125","0","454.85205078125","303.95556640625","477.573760986328","0","0.0148560870438814","0.25711452960968","0","0","392.144836425781","0","13.0171508789063","0.00184953771531582","0","9","119","12","376","217","217","-1","0","120","0","16","0","6.28628873825073","0.200000002980232","0.0301660895347595","38","318","20460.0017156897","1023","20.0000016771161","3.31239705593516","-2.97389168231557","10"
"DanielThomson_ModernPlaningHull","30","1","6","0","0","0","0","3.08439564704895","0","206.050552368164","8.7803955078125","304.827026367188","0","317.216217041016","0","0","0","598.5458984375","555.090698242188","0","555.090698242188","313.798309326172","467.403076171875","0","0.015337161719799","0.332247287034988","0","0","518.993896484375","0","17.5235500335693","0.00678150914609432","0","9","135","18","373","223","223","-1","0","136","0","22","0","5.25433015823364","0.25","0.0301660895347595","50","304","20459.9987311266","1023","19.9999987596545","2.64582174952791","-2.60850840870574","10"
"DanielThomson_ModernPlaningHull","30","1","7","0","0","0","0","2.54126334190369","0","271.154968261719","5.87563705444336","134.496368408203","0","261.060607910156","0","0","0","621.095031738281","726.796447753906","0","726.796447753906","313.594268798828","495.430847167969","0","0.0153271872550249","0.451409667730331","0","0","411.211608886719","0","24.5168209075928","0.0122830159962177","0","9","151","25","369","230","230","-1","0","152","2","29","0","4.28567504882813","0.300000011920929","0.0301660895347595","85","303","20460.0011457431","1023","20.0000011199834","1.94579788860305","-2.33987716022507","10"
"DanielThomson_ModernPlaningHull","30","1","8","0","0","0","0","2.11079359054565","0","351.317077636719","45015.29296875","821.136840820313","0","81270.2109375","0","0","0","695.100402832031","823.319458007813","0","823.319458007813","8150.6806640625","68588.90625","0","0.398371517658234","0.572289705276489","0","0","45838.32421875","0","32.3261680603027","0.55730676651001","0","9","168","33","368","238","238","-1","0","169","1","37","0","45","0.349999994039536","0.0301660895347595","78","263","20459.9985259364","1023","19.9999985590776","44.1150308859007","-0.884969114099277","10"
"DanielThomson_ModernPlaningHull","30","1","9","0","0","0","0","1.56603264808655","0","411.538818359375","55708.0859375","652.46826171875","0","97792.421875","0","0","0","702.532287597656","975.226684570313","0","975.226684570313","9817.361328125","79682.484375","0","0.479831904172897","0.685128271579742","0","0","56449.34375","0","38.749626159668","0.614180028438568","0","9","184","41","365","246","246","-1","0","185","1","45","0","45","0.400000005960464","0.0301660895347595","95","259","20460.0011853058","1023","20.0000011586567","44.4553661236628","-0.544633876337173","10"
"DanielThomson_ModernPlaningHull","30","1","10","0","0","0","0","1.38761508464813","0","421.280181884766","57601.46484375","922.968627929688","0","100543.2734375","0","0","0","700.957824707031","1000.00286865234","0","1000.00286865234","10094.3017578125","79732.7265625","0","0.493367612361908","0.700959861278534","0","0","58526.265625","0","39.644214630127","0.648852288722992","0","9","191","44","365","249","249","-1","0","192","1","48","0","45","0.416666686534882","0.0301660895347595","94","259","20460.0008287692","1023","20.000000810136","44.7363705090307","-0.263629490969294","10"
"DanielThomson_ModernPlaningHull","30","1","11","0","0","0","0","1.21684908866882","0","437.865478515625","61398.76171875","666.3369140625","0","105472.4609375","0","0","0","699.742736816406","1049.09045410156","0","1049.09045410156","10598.2626953125","80979.9921875","0","0.517999172210693","0.734093427658081","0","0","62148.4453125","0","41.440860748291","0.692363560199738","0","9","196","46","364","251","251","-1","0","197","1","50","0","45","0.433333367109299","0.0301660895347595","93","257","20459.9992893458","1023","19.9999993053234","44.8805545341735","-0.119445465826516","10"
"DanielThomson_ModernPlaningHull","30","2","0","0","0","0","0","4.56406831741333","0","6.54375648498535","108.783073425293","0","0","514.059265136719","0","0","0","1147.56726074219","8.0434045791626","0","8.0434045791626","73.5758590698242","513.80908203125","0","0.00359608302824199","0.00923034828156233","0","0","114.844917297363","0","0.254905462265015","0.0366797186434269","0","9","88","1","397","210","210","-1","0","89","2","9","0","26.5004653930664","0.0333333350718021","0.060332179069519","11","394","20460.0000867591","1023","20.0000000848085","22.9292050397287","-3.57126035333768","10"
"DanielThomson_ModernPlaningHull","30","2","1","0","0","0","0","4.36197328567505","0","14.3191537857056","67.6454010009766","0","0","511.407806396484","0","0","0","450.186553955078","52.7771987915039","0","52.7771987915039","105.33812713623","511.630096435547","0","0.00514849089086056","0.0237595848739147","0","0","81.5108795166016","0","0.655984342098236","0.104856379330158","0","9","93","2","397","211","211","-1","0","94","2","10","0","18.6892375946045","0.0500000007450581","0.060332179069519","15","388","20460.0006816023","1023","20.000000666278","12.5147599184914","-6.17447767611307","10"
"DanielThomson_ModernPlaningHull","30","2","2","0","0","0","0","4.11528348922729","0","48.4557189941406","33.1037979125977","0","0","484.72216796875","0","0","0","424.717926025391","169.942138671875","0","169.942138671875","186.318588256836","506.268524169922","0","0.00910648051649332","0.0721774771809578","0","0","81.1493835449219","0","2.79598116874695","0.0339923091232777","0","9","106","5","393","214","214","-1","0","107","0","13","0","10.9944753646851","0.100000001490116","0.060332179069519","21","363","20459.9996584172","1023","19.9999996660969","7.24820581517445","-3.74626954951061","10"
"DanielThomson_ModernPlaningHull","30","2","3","0","0","0","0","3.68851184844971","0","89.1317138671875","21.1965312957764","269.057830810547","0","430.401672363281","0","0","0","441.471435546875","311.200012207031","0","311.200012207031","236.151611328125","465.988067626953","0","0.0115421116352081","0.137385919690132","0","0","378.377258300781","0","6.19718837738037","0.0329105146229267","0","9","121","9","388","218","218","-1","0","122","0","17","0","8.59313201904297","0.150000005960464","0.060332179069519","27","336","20460.0006300205","1023","20.0000006158558","4.81923269345968","-3.77389932558329","10"
"DanielThomson_ModernPlaningHull","30","2","4","0","0","0","0","3.27939558029175","0","133.435821533203","14.2529029846191","380.170715332031","0","385.283416748047","0","0","0","489.548797607422","423.502563476563","0","423.502563476563","276.903564453125","454.816650390625","0","0.0135338995605707","0.207325175404549","0","0","526.845153808594","0","10.1312999725342","0.0307271499186754","0","9","135","14","382","223","223","-1","0","136","0","22","0","6.93374538421631","0.200000002980232","0.060332179069519","34","315","20459.9984811361","1023","19.9999985152845","3.74285046009065","-3.19089492412565","10"
"DanielThomson_ModernPlaningHull","30","2","5","0","0","0","0","3.19644737243652","0","112.597396850586","17.518798828125","517.799011230469","0","392.66162109375","0","0","0","412.141204833984","412.114044189453","0","412.114044189453","252.039047241211","427.651489257813","0","0.012318623252213","0.169849187135696","0","0","646.225158691406","0","8.15534591674805","0.0817915499210358","0","9","153","22","381","231","231","-1","0","154","1","30","0","7.5028076171875","0.25","0.060332179069519","34","305","20460.0012583332","1023","20.0000012300423","4.15913323181349","-3.34367438537401","10"
"DanielThomson_ModernPlaningHull","30","2","6","0","0","0","0","3.46662044525146","0","58.7503662109375","33.3759384155273","496.134887695313","0","440.307342529297","0","0","0","242.830368041992","334.781646728516","0","334.781646728516","184.262634277344","419.505004882813","0","0.00900599360466003","0.0812951475381851","0","0","585.884094238281","0","3.44092226028442","0.16135647892952","0","9","169","29","377","238","238","-1","0","170","0","37","0","10.1006202697754","0.300000011920929","0.060332179069519","29","309","20460.0005691764","1023","20.0000005563797","6.36036394493331","-3.74025632484208","10"
"DanielThomson_ModernPlaningHull","30","2","7","0","0","0","0","1.86906719207764","0","315.195953369141","2.29786896705627","715.804565429688","0","197.293472290039","0","0","0","620.403198242188","815.105773925781","0","815.105773925781","11.8724918365479","447.221893310547","0","0.000580277759581804","0.505694210529327","0","0","1032.25048828125","0","28.4701385498047","0.0177493747323751","0","9","186","37","376","246","246","-1","0","187","0","45","0","1.4181125164032","0.349999994039536","0.060332179069519","66","270","20460.0152952685","1023","20.0000149513866","0.065746199888748","-1.35236631651445","10"
"DanielThomson_ModernPlaningHull","30","2","8","0","0","0","0","1.45891511440277","0","310.157745361328","40278.078125","1062.91284179688","0","70819.90625","0","0","0","584.363586425781","851.67626953125","0","851.67626953125","7108.78564453125","53099.078125","0","0.34744793176651","0.497688621282578","0","0","41231.6171875","0","27.8259677886963","0.713056623935699","0","9","202","45","373","254","254","-1","0","203","0","53","0","45","0.400000005960464","0.060332179069519","65","268","20460.0027646976","1023","20.0000027025392","44.2766171980586","-0.72338280194144","10"
"DanielThomson_ModernPlaningHull","30","2","9","0","0","0","0","0.822217106819153","0","337.704650878906","46714.8046875","682.178588867188","0","79183.875","0","0","0","562.165344238281","975.204223632813","0","975.204223632813","7960.478515625","55530.59375","0","0.389075219631195","0.548225998878479","0","0","47417.015625","0","30.8632469177246","0.789767563343048","0","9","219","54","373","263","263","-1","0","220","0","62","0","45","0.449999988079071","0.060332179069519","71","269","20459.9987713706","1023","19.9999987989938","45.2103952330721","0.210395233072106","10"
"DanielThomson_ModernPlaningHull","30","2","10","0","0","0","0","0.554645776748657","0","344.710510253906","47994.7265625","861.843872070313","0","81109.03125","0","0","0","546.951843261719","1026.35864257813","0","1026.35864257813","8156.3291015625","56357.24609375","0","0.398647546768188","0.561368703842163","0","0","48812.2734375","0","31.5932731628418","0.797436833381653","0","9","225","57","372","266","266","-1","0","226","0","65","0","45","0.466666668653488","0.060332179069519","74","271","20460.0007392128","1023","20.0000007225931","45.2458928933789","0.245892893378866","10"
"DanielThomson_ModernPlaningHull","30","3","0","0","0","0","0","3.41922473907471","0","2.8432981967926","237.660614013672","0","0","557.504821777344","0","0","0","243.364318847656","17.307430267334","0","17.307430267334","58.6989059448242","515.613464355469","0","0.00286895898170769","0.00421201111748815","0","0","239.943435668945","0","0.104413956403732","0.387706220149994","0","9","111","1","399","215","215","-1","0","112","0","14","0","39.2490348815918","0.0666666701436043","0.0904982686042786","5","392","20460.001805214","1023","20.0000017646275","42.9326019586848","3.68356707709296","10"
"DanielThomson_ModernPlaningHull","30","3","1","0","0","0","0","4.45289039611816","0","15.3100833892822","70.6555099487305","0","0","514.544311523438","0","0","0","251.186248779297","80.9582290649414","0","80.9582290649414","107.730834960938","511.496978759766","0","0.00526543613523245","0.0203355941921473","0","0","85.5115051269531","0","0.683267533779144","0.156466871500015","0","9","116","2","398","216","216","-1","0","117","0","15","0","17.7326965332031","0.0833333358168602","0.0904982686042786","10","376","20460.0022095191","1023","20.0000021598427","15.0064089669009","-2.72628756630222","10"
"DanielThomson_ModernPlaningHull","30","3","2","0","0","0","0","4.25714921951294","0","20.3752498626709","58.7117195129395","0","0","509.617858886719","0","0","0","261.508056640625","105.288963317871","0","105.288963317871","123.122421264648","510.444763183594","0","0.00601771380752325","0.0275339111685753","0","0","78.6451263427734","0","0.957315683364868","0.134980484843254","0","9","121","4","397","218","218","-1","0","122","0","17","0","15.7480478286743","0.100000001490116","0.0904982686042786","13","372","20459.999462042","1023","19.9999994741369","12.6242598751072","-3.12378795356708","10"
"DanielThomson_ModernPlaningHull","30","3","3","0","0","0","0","4.08212041854858","0","32.571949005127","45.4572219848633","0","0","499.752563476563","0","0","0","239.287292480469","187.422744750977","0","187.422744750977","152.716567993164","508.431365966797","0","0.00746415322646499","0.0448478795588017","0","0","77.6019592285156","0","1.6987829208374","0.113544158637524","0","9","136","9","393","223","223","-1","0","137","0","22","0","12.8855648040771","0.150000005960464","0.0904982686042786","19","361","20459.9990594634","1023","19.9999990806093","9.58047210695808","-3.30509269711907","10"
"DanielThomson_ModernPlaningHull","30","3","4","0","0","0","0","3.44817662239075","0","85.6969604492188","24.1715679168701","0","0","454.116455078125","0","0","0","354.143249511719","358.308288574219","0","358.308288574219","235.940002441406","503.061981201172","0","0.011531769298017","0.12689246237278","0","0","109.486366271973","0","5.76421594619751","0.0685244724154472","0","9","153","17","390","231","231","-1","0","154","1","30","0","8.27081966400146","0.200000002980232","0.0904982686042786","34","328","20460.0002258091","1023","20.0000002207322","5.21413618731259","-3.05668347668888","10"
"DanielThomson_ModernPlaningHull","30","3","5","0","0","0","0","3.0852267742157","0","93.1877288818359","23.2166404724121","130.926467895508","0","440.013336181641","0","0","0","324.982543945313","423.330688476563","0","423.330688476563","237.967193603516","484.453826904297","0","0.0116308508440852","0.137575089931488","0","0","246.629669189453","0","6.31216144561768","0.0896154418587685","0","9","170","25","389","239","239","-1","0","171","0","38","0","7.77460956573486","0.25","0.0904982686042786","39","318","20459.998739003","1023","19.9999987673539","4.84967944485714","-2.92493012087772","10"
"DanielThomson_ModernPlaningHull","30","3","6","0","0","0","0","2.68420505523682","0","109.512084960938","17.6900672912598","677.315063476563","0","385.363220214844","0","0","0","327.344909667969","489.352935791016","0","489.352935791016","243.394073486328","402.452331542969","0","0.0118960933759809","0.1601871997118","0","0","802.317993164063","0","7.68881368637085","0.100173085927963","0","9","187","33","386","247","247","-1","0","188","0","46","0","7.42116451263428","0.300000011920929","0.0904982686042786","44","309","20460.0002533403","1023","20.0000002476445","4.25891735475835","-3.16224715787593","10"
"DanielThomson_ModernPlaningHull","30","3","7","0","0","0","0","1.65482711791992","0","199.125274658203","9.08796787261963","877.60546875","0","290.672485351563","0","0","0","448.596618652344","690.900451660156","0","690.900451660156","267.915161132813","392.386932373047","0","0.0130945835262537","0.309935599565506","0","0","1083.74951171875","0","16.488525390625","0.0634272992610931","0","9","203","41","385","255","255","-1","0","204","0","54","0","4.44336271286011","0.349999994039536","0.0904982686042786","61","290","20459.9986395644","1023","19.9999986701509","2.42143122381318","-2.02193148904693","10"
"DanielThomson_ModernPlaningHull","30","3","8","0","0","0","0","1.97434258460999","0","34.22802734375","52.8585891723633","189.678924560547","0","488.831420898438","0","0","0","95.7969436645508","481.225189208984","0","481.225189208984","146.123138427734","475.714324951172","0","0.00714189372956753","0.0460999011993408","0","0","275.581695556641","0","1.7672792673111","0.195824891328812","0","9","219","49","382","263","263","-1","0","220","0","62","0","10.7172842025757","0.400000005960464","0.0904982686042786","49","332","20459.9989807721","1023","19.9999990036873","8.91227839982527","-1.80500580275042","10"
"DanielThomson_ModernPlaningHull","30","3","9","0","0","0","0","1.57859432697296","0","60.6375503540039","31.3491706848145","694.4228515625","0","419.514953613281","0","0","0","136.919342041016","608.394470214844","0","608.394470214844","181.279525756836","375.907196044922","0","0.00886019319295883","0.0833009704947472","0","0","782.798645019531","0","3.56096243858337","0.194751679897308","0","9","236","58","382","272","272","-1","0","237","0","71","0","8.77472877502441","0.449999988079071","0.0904982686042786","58","313","20459.996955924","1023","19.9999970243636","6.10573651427159","-2.66899226075282","10"
"DanielThomson_ModernPlaningHull","30","3","10","0","0","0","0","-0.211108550429344","0","218.491607666016","3.97874855995178","783.799743652344","0","352.730773925781","0","0","0","348.336883544922","972.888854980469","0","972.888854980469","34.3030090332031","483.680908203125","0","0.00167658878490329","0.338893055915833","0","0","1004.20983886719","0","18.0446147918701","0.0249015428125858","0","9","252","67","380","281","281","-1","0","253","0","80","0","0.0057295779697597","0.5","0.0904982686042786","74","288","20460.0014875931","1023","20.0000014541477","0.283457707497779","0.27772812952802","10"
"DanielThomson_ModernPlaningHull","30","3","11","0","0","0","0","-0.420164108276367","0","218.398239135742","7.36453199386597","537.431518554688","0","409.666259765625","0","0","0","336.894104003906","994.070068359375","0","994.070068359375","59.4742889404297","550.226806640625","0","0.00290685635991395","0.334896326065063","0","0","761.22900390625","0","17.7410354614258","0.032456673681736","0","9","257","70","380","284","284","-1","0","258","0","83","0","0.0057295779697597","0.516666650772095","0.0904982686042786","76","290","20460.0026890184","1023","20.0000026285615","0.497326097930461","0.491596519960701","10"
"DanielThomson_ModernPlaningHull","30","3","12","0","0","0","0","0.567997515201569","0","67.4488372802734","30.7718639373779","601.930969238281","0","420.789794921875","0","0","0","123.797515869141","754.503051757813","0","754.503051757813","188.508041381836","389.072387695313","0","0.00921349227428436","0.0934056043624878","0","0","696.753295898438","0","4.07717704772949","0.192884251475334","0","9","262","73","380","287","287","-1","0","263","0","86","0","8.29148769378662","0.533333301544189","0.0904982686042786","73","323","20459.9988549378","1023","19.9999988806821","5.66083854048016","-2.63064915330646","10"
"DanielThomson_ModernPlaningHull","30","4","0","0","0","0","0","0.0482180900871754","0","6.06494665145874","186.469741821289","0","0","539.115966796875","0","0","0","42.0880699157715","209.287017822266","0","209.287017822266","79.2477493286133","514.558471679688","0","0.00387330143712461","0.00880848616361618","0","0","192.05436706543","0","0.242798388004303","0.305149137973785","0","9","165","2","399","236","236","-1","0","166","0","35","0","20.3193893432617","0.183333337306976","0.120664358139038","23","372","20460.0004970033","1023","20.0000004858293","26.0862614161296","5.76687207286787","10"
"DanielThomson_ModernPlaningHull","30","4","1","0","0","0","0","-1.53265941143036","0","3.86651873588562","239.94482421875","0","0","550.477416992188","0","0","0","28.4838409423828","227.395294189453","0","227.395294189453","72.9643478393555","515.519348144531","0","0.00356619479134679","0.00647709146142006","0","0","243.329650878906","0","0.161055192351341","0.358339071273804","0","9","171","5","398","239","239","-1","0","172","0","38","0","22.9006366729736","0.200000002980232","0.120664358139038","25","375","20460.0006753417","1023","20.0000006601581","33.4072131926467","10.506576519673","10"
"DanielThomson_ModernPlaningHull","30","4","2","0","0","0","0","-33.0854797363281","0","1.72469091415405","1016.39593505859","0","0","317.881317138672","0","0","0","6.9422812461853","274.838256835938","0","274.838256835938","68.3493347167969","238.072738647461","0","0.00334063218906522","0.00190800451673567","0","0","1016.99877929688","0","0.035703893750906","0.720333278179169","0","9","187","13","397","247","247","-1","0","188","0","46","0","45","0.25","0.120664358139038","15","371","20460.0000384725","1023","20.0000000376075","NaN","NaN","10"
"DanielThomson_ModernPlaningHull","30","4","3","0","0","0","0","-3.18673920631409","0","3.9415135383606","267.176330566406","0","0","540.664672851563","0","0","0","16.7793350219727","355.453002929688","0","355.453002929688","72.9725112915039","515.413513183594","0","0.00356659386307001","0.00596426520496607","0","0","270.609375","0","0.147964179515839","0.305748581886292","0","9","204","21","394","255","255","-1","0","205","0","54","0","17.2015857696533","0.300000011920929","0.120664358139038","31","366","20460.0002391894","1023","20.0000002338117","36.7263531764116","19.5247674067583","10"
"DanielThomson_ModernPlaningHull","30","4","4","0","0","0","0","-2.08694076538086","0","5.84526538848877","190.060028076172","0","0","533.445922851563","0","0","0","19.3350009918213","426.4716796875","0","426.4716796875","77.5994338989258","514.751647949219","0","0.003792739007622","0.00824583042412996","0","0","195.449645996094","0","0.225626423954964","0.267463684082031","0","9","220","29","393","263","263","-1","0","221","0","62","0","14.5929517745972","0.349999994039536","0.120664358139038","35","363","20459.9983660831","1023","19.9999984028183","27.3844237369768","12.7914719623796","10"
"DanielThomson_ModernPlaningHull","30","4","5","0","0","0","0","0.85961526632309","0","15.2751531600952","91.5984497070313","0","0","522.503173828125","0","0","0","39.0013771057129","526.817199707031","0","526.817199707031","107.602020263672","512.138732910156","0","0.00525914086028934","0.0205465946346521","0","0","106.449813842773","0","0.686282396316528","0.231626242399216","0","9","236","38","391","272","272","-1","0","237","0","71","0","12.1030101776123","0.400000005960464","0.120664358139038","50","352","20459.9996695567","1023","19.999999676986","14.8305754044973","2.72756522688503","10"
"DanielThomson_ModernPlaningHull","30","4","6","0","0","0","0","0.48955562710762","0","16.1407356262207","94.37890625","0","0","524.170715332031","0","0","0","35.8136253356934","600.428405761719","0","600.428405761719","109.123268127441","512.016296386719","0","0.00533349299803376","0.0215035174041986","0","0","110.091522216797","0","0.739058315753937","0.249358266592026","0","9","252","47","391","281","281","-1","0","253","0","80","0","11.2694358825684","0.449999988079071","0.120664358139038","47","348","20460.0002601805","1023","20.0000002543308","14.3609007430855","3.09146486051717","10"
"DanielThomson_ModernPlaningHull","30","4","7","0","0","0","0","0.420915722846985","0","34.8700675964355","54.4343795776367","540.585021972656","0","456.471588134766","0","0","0","67.8977737426758","700.812133789063","0","700.812133789063","138.268203735352","403.337890625","0","0.00675797648727894","0.0475835874676704","0","0","626.689392089844","0","1.8656542301178","0.249714851379395","0","9","267","56","389","290","290","-1","0","268","0","89","0","10.9668474197388","0.5","0.120664358139038","70","341","20460.0007111041","1023","20.0000006951164","8.16494152405282","-2.80190589568595","10"
"DanielThomson_ModernPlaningHull","30","4","8","0","0","0","0","-0.123016163706779","0","32.8913803100586","55.5229644775391","336.570739746094","0","484.142852783203","0","0","0","55.0059928894043","807.246154785156","0","807.246154785156","139.940795898438","451.775848388672","0","0.00683972658589482","0.0444033779203892","0","0","423.221801757813","0","1.74880599975586","0.261330664157867","0","9","282","66","390","300","300","-1","0","283","0","99","0","9.73080444335938","0.550000011920929","0.120664358139038","66","341","20459.9985307935","1023","19.9999985638255","8.8609023106454","-0.869902132713976","10"
"DanielThomson_ModernPlaningHull","30","4","9","0","0","0","0","-1.03238487243652","0","55.6910934448242","33.4123306274414","775.859130859375","0","416.549926757813","0","0","0","82.3190765380859","935.380310058594","0","935.380310058594","169.564666748047","359.339965820313","0","0.00828761886805296","0.0769996419548988","0","0","860.67236328125","0","3.28900480270386","0.225220337510109","0","9","296","76","389","310","310","-1","0","297","0","109","0","8.39048480987549","0.600000023841858","0.120664358139038","89","341","20459.9981547997","1023","19.9999981962852","6.17882361131313","-2.21166119856235","10"
"DanielThomson_ModernPlaningHull","30","4","10","0","0","0","0","-2.27144265174866","0","174.494659423828","13.5056762695313","648.173767089844","0","324.398468017578","0","0","0","227.951705932617","1145.54956054688","0","1145.54956054688","192.812088012695","399.719970703125","0","0.00942385569214821","0.261129975318909","0","0","833.451721191406","0","13.5290260314941","0.0762903988361359","0","9","301","80","390","314","314","-1","0","302","0","113","0","2.71386194229126","0.616666674613953","0.120664358139038","107","329","20460.000058505","1023","20.0000000571897","2.0681824359472","-0.645679506344063","10"
"DanielThomson_ModernPlaningHull","45","0","0","0","0","0","0","2.22677731513977","0","33.0959663391113","43.2445602416992","0","0","508.782470703125","0","0","0","323.411773681641","158.84587097168","0","158.84587097168","157.756057739258","508.365295410156","0","0.00771046103909612","0.0513726249337196","0","0","75.9035263061523","0","1.6742604970932","-0.217936143279076","0","9","40","7","392","206","206","-1","0","41","1","5","0","11.6669244766235","0.0500000007450581","0","24","390","20460.0032267009","1023","20.0000031541553","8.63207879494316","-3.03484568168037","10"
"DanielThomson_ModernPlaningHull","45","0","1","0","0","0","0","2.92701029777527","0","87.9678268432617","21.5953273773193","0","0","453.914184570313","0","0","0","431.4052734375","326.158264160156","0","326.158264160156","248.16130065918","503.088348388672","0","0.012129096314311","0.140706390142441","0","0","109.199981689453","0","5.98706865310669","-0.116688698530197","0","9","58","13","391","212","212","-1","0","59","2","11","0","7.66236066818237","0.100000001490116","0","44","374","20459.9991811736","1023","19.9999991995832","4.9451169082313","-2.71724375995108","10"
"DanielThomson_ModernPlaningHull","45","0","2","0","0","0","0","2.92893242835999","0","108.941680908203","17.9821262359619","0","0","434.031799316406","0","0","0","435.347015380859","404.457214355469","0","404.457214355469","271.862701416016","501.782104492188","0","0.0132875237613916","0.176079243421555","0","0","126.580932617188","0","7.8231840133667","-0.102636642754078","0","9","62","14","389","213","213","-1","0","63","3","12","0","6.93310499191284","0.116666667163372","0","52","368","20459.9973853625","1023","19.9999974441472","4.32784391288861","-2.60526107902423","10"
"DanielThomson_ModernPlaningHull","45","0","3","0","0","0","0","2.87847423553467","0","132.182403564453","14.8778285980225","63.8818283081055","0","409.235687255859","0","0","0","435.735961914063","495.034545898438","0","495.034545898438","292.606872558594","495.440338134766","0","0.0143014099448919","0.215704351663589","0","0","210.567230224609","0","9.97263240814209","-0.104440130293369","0","9","67","15","387","214","214","-1","0","68","4","13","0","6.36322259902954","0.133333340287209","0","63","364","20460.0017541001","1023","20.0000017146629","3.80155493540022","-2.56166766362932","10"
"DanielThomson_ModernPlaningHull","45","1","0","0","0","0","0","4.59697484970093","0","1.70709300041199","194.552368164063","0","0","397.874267578125","0","0","0","291.852569580078","13.169002532959","0","13.169002532959","40.2662200927734","345.130279541016","0","0.00196804595179856","0.00384340714663267","0","0","195.84765625","0","0.045451570302248","0.518191397190094","0","9","39","1","396","206","206","-1","0","40","0","5","0","45","0.0166666675359011","0.0301660895347595","12","396","20459.9999588297","1023","19.9999999597553","30.8009841207002","-14.1990158792998","10"
"DanielThomson_ModernPlaningHull","45","1","1","0","0","0","0","4.12063121795654","0","12.5165033340454","75.6879119873047","0","0","517.724060058594","0","0","0","616.994689941406","35.0931396484375","0","35.0931396484375","99.1876373291016","512.1298828125","0","0.00484788091853261","0.0216522812843323","0","0","87.7405548095703","0","0.510799407958984","0.169486984610558","0","9","45","3","395","208","208","-1","0","46","0","7","0","19.2249507904053","0.0333333350718021","0.0301660895347595","17","392","20459.9987078735","1023","19.9999987369242","12.9380268247269","-6.28692396567839","10"
"DanielThomson_ModernPlaningHull","45","1","2","0","0","0","0","4.03378438949585","0","27.6910839080811","47.3100166320801","0","0","502.972869873047","0","0","0","497.375396728516","88.229377746582","0","88.229377746582","142.423782348633","509.015289306641","0","0.00696108397096395","0.0438831225037575","0","0","74.5581893920898","0","1.3704833984375","0.106535583734512","0","9","50","4","395","209","209","-1","0","51","0","8","0","13.2775602340698","0.0500000007450581","0.0301660895347595","21","386","20460.0006181092","1023","20.0000006042124","9.12725900440978","-4.15030122966004","10"
"DanielThomson_ModernPlaningHull","45","1","3","0","0","0","0","3.67623925209045","0","74.8550338745117","24.9860916137695","0","0","462.798461914063","0","0","0","576.308776855469","201.549987792969","0","201.549987792969","226.05354309082","503.816986083984","0","0.011048560962081","0.116155035793781","0","0","99.4550552368164","0","4.89809703826904","0.054145984351635","0","9","67","9","393","214","214","-1","0","68","0","13","0","8.45122051239014","0.100000001490116","0.0301660895347595","29","363","20459.9987153661","1023","19.9999987442484","5.45817445437986","-2.99304605801028","10"
"DanielThomson_ModernPlaningHull","45","1","4","0","0","0","0","3.17372608184814","0","133.419357299805","15.3477430343628","193.928359985352","0","403.951171875","0","0","0","680.006652832031","294.993072509766","0","294.993072509766","282.719848632813","483.601623535156","0","0.0138181736692786","0.200597256422043","0","0","342.178314208984","0","9.71316146850586","0.0359380207955837","0","9","82","13","388","218","218","-1","0","83","0","17","0","6.51685857772827","0.150000005960464","0.0301660895347595","36","336","20460.0011115341","1023","20.0000010865436","3.94995698148717","-2.5669015962411","10"
"DanielThomson_ModernPlaningHull","45","1","5","0","0","0","0","2.78750920295715","0","179.317245483398","11.0908603668213","265.957702636719","0","355.60546875","0","0","0","731.607116699219","376.799957275391","0","376.799957275391","307.38720703125","477.197387695313","0","0.0150238126516342","0.275669544935226","0","0","455.847198486328","0","14.1925830841064","0.019996028393507","0","9","99","19","383","224","224","-1","0","100","1","23","0","5.40040588378906","0.200000002980232","0.0301660895347595","45","318","20460.000011902","1023","20.0000000116344","3.12413108938995","-2.27627479439911","10"
"DanielThomson_ModernPlaningHull","45","1","6","0","0","0","0","2.67567181587219","0","196.687469482422","9.42214965820313","466.927032470703","0","328.226135253906","0","0","0","765.14599609375","396.680786132813","0","396.680786132813","309.954895019531","454.527008056641","0","0.0151493092998862","0.303518712520599","0","0","672.232299804688","0","15.7879400253296","0.0150901582092047","0","9","105","22","383","227","227","-1","0","106","1","26","0","5.0971999168396","0.216666668653488","0.0301660895347595","49","312","20460.0017653517","1023","20.0000017256615","2.86095137332886","-2.23624854351074","10"
"DanielThomson_ModernPlaningHull","45","2","0","0","0","0","0","4.53285074234009","0","5.87132167816162","117.451705932617","0","0","515.874877929688","0","0","0","542.362060546875","17.0187931060791","0","17.0187931060791","70.5123291015625","514.084350585938","0","0.00344635033980012","0.00923034735023975","0","0","122.839141845703","0","0.227506190538406","0.0823688432574272","0","9","55","2","398","211","211","-1","0","56","2","10","0","27.6362609863281","0.0333333350718021","0.060332179069519","12","395","20460.0003334693","1023","20.0000003259719","21.9237078398535","-5.71255314647463","10"
"DanielThomson_ModernPlaningHull","45","2","1","0","0","0","0","4.3185133934021","0","14.3213958740234","67.307487487793","0","0","508.550598144531","0","0","0","1515.45190429688","15.6782178878784","0","15.6782178878784","104.687797546387","511.597290039063","0","0.00511670578271151","0.0237595848739147","0","0","81.176139831543","0","0.662453830242157","0.0114052798599005","0","9","60","3","398","212","212","-1","0","61","2","11","0","18.4567241668701","0.0500000007450581","0.060332179069519","16","389","20459.9994590483","1023","19.9999994712105","12.436257218986","-6.02046694788416","10"
"DanielThomson_ModernPlaningHull","45","2","2","0","0","0","0","3.66977643966675","0","55.0065841674805","31.0865287780762","60.7802467346191","0","476.524230957031","0","0","0","597.083374023438","131.206680297852","0","131.206680297852","194.394287109375","496.920135498047","0","0.00950118619948626","0.0783413276076317","0","0","146.312072753906","0","3.12513947486877","0.015819301828742","0","9","75","7","395","216","216","-1","0","76","0","15","0","10.1636333465576","0.100000001490116","0.060332179069519","23","361","20460.0018384953","1023","20.0000017971606","6.96594393695175","-3.19768940960586","10"
"DanielThomson_ModernPlaningHull","45","2","3","0","0","0","0","3.24140048027039","0","91.2758102416992","21.9016284942627","295.893096923828","0","432.876647949219","0","0","0","646.366760253906","204.919937133789","0","204.919937133789","236.299911499023","467.913909912109","0","0.0115493610501289","0.132453441619873","0","0","408.163635253906","0","6.02411699295044","0.0061582587659359","0","9","91","12","391","221","221","-1","0","92","0","20","0","8.19817733764648","0.150000005960464","0.060332179069519","29","338","20459.9986504349","1023","19.999998680777","5.00229421927137","-3.19588311837511","10"
"DanielThomson_ModernPlaningHull","45","2","4","0","0","0","0","2.78325271606445","0","146.352035522461","14.9017114639282","0","0","398.748657226563","0","0","0","687.610900878906","319.190063476563","0","319.190063476563","288.944427490234","499.763793945313","0","0.0141224060207605","0.219478562474251","0","0","160.922286987305","0","11.013370513916","0.011357132345438","0","9","110","20","388","229","229","-1","0","111","0","28","0","5.8240795135498","0.200000002980232","0.060332179069519","41","320","20460.0000216304","1023","20.0000000211441","3.68926074997164","-2.13481876357816","10"
"DanielThomson_ModernPlaningHull","45","2","5","0","0","0","0","2.27675342559814","0","183.085250854492","10.6505861282349","523.038940429688","0","333.012023925781","0","0","0","730.701965332031","382.290588378906","0","382.290588378906","292.468658447266","440.197509765625","0","0.0142946587875485","0.279340505599976","0","0","715.647583007813","0","14.5937471389771","0.00460960203781724","0","9","130","29","388","238","238","-1","0","131","0","37","0","5.03646373748779","0.25","0.060332179069519","49","302","20459.9957784248","1023","19.999995873338","2.93327155981134","-2.10319217767645","10"
"DanielThomson_ModernPlaningHull","45","2","6","0","0","0","0","2.25042533874512","0","123.73868560791","16.033561706543","867.779418945313","0","368.279968261719","0","0","0","556.074523925781","318.108123779297","0","318.108123779297","248.915023803711","389.993682861328","0","0.0121659357100725","0.176891803741455","0","0","1005.34265136719","0","8.61527252197266","0.0451663620769978","0","9","148","37","385","246","246","-1","0","149","0","45","0","6.74585676193237","0.300000011920929","0.060332179069519","44","302","20459.9982883049","1023","19.9999983267887","3.94369542106663","-2.80216134086574","10"
"DanielThomson_ModernPlaningHull","45","2","7","0","0","0","0","1.64248239994049","0","142.96662902832","14.0700263977051","953.741394042969","0","348.068908691406","0","0","0","513.938171386719","397.017578125","0","397.017578125","257.994812011719","381.528747558594","0","0.0126097155734897","0.204042494297028","0","0","1108.53588867188","0","10.2036924362183","0.0440595075488091","0","9","167","46","385","255","255","-1","0","168","0","54","0","5.95371627807617","0.349999994039536","0.060332179069519","55","302","20460.0024884082","1023","20.0000024324616","3.54310596623142","-2.41061031184475","10"
"DanielThomson_ModernPlaningHull","45","2","8","0","0","0","0","0.868828654289246","0","316.088684082031","40436.03515625","938.302978515625","0","70446.6875","0","0","0","751.240295410156","662.489196777344","0","662.489196777344","7065.236328125","62304.32421875","0","0.345319449901581","0.497688561677933","0","0","41314.8515625","0","27.7221355438232","0.469519793987274","0","9","185","55","383","264","264","-1","0","186","0","63","0","45","0.400000005960464","0.060332179069519","75","278","20460.0011095195","1023","20.0000010845743","43.9353646028942","-1.06463539710583","10"
"DanielThomson_ModernPlaningHull","45","2","9","0","0","0","0","0.274496138095856","0","340.396911621094","4.8772439956665","1025.11022949219","0","393.974609375","0","0","0","728.723510742188","748.540466308594","0","748.540466308594","29.9799385070801","655.065979003906","0","0.0014652949757874","0.54547905921936","0","0","1368.39331054688","0","30.2773323059082","0.0176731403917074","0","9","205","65","384","274","274","-1","0","206","0","73","0","0.280225723981857","0.449999988079071","0.060332179069519","81","279","20460.0022537918","1023","20.0000022031201","0.153911173849325","-0.126314550132532","10"
"DanielThomson_ModernPlaningHull","45","2","10","0","0","0","0","-0.0260118264704943","0","295.547698974609","6.35302972793579","730.688110351563","0","226.442932128906","0","0","0","675.880859375","685.024719238281","0","685.024719238281","178.423278808594","449.463989257813","0","0.00872058980166912","0.462995082139969","0","0","1031.6396484375","0","25.6771392822266","0.0162711404263973","0","9","211","68","383","277","277","-1","0","212","0","76","0","2.08015966415405","0.466666668653488","0.060332179069519","90","299","20460.0013148702","1023","20.0000012853081","1.07923937578581","-1.00092028836824","10"
"DanielThomson_ModernPlaningHull","45","2","11","0","0","0","0","-0.183018535375595","0","241.968978881836","4.91014194488525","748.36962890625","0","285.220458984375","0","0","0","555.567443847656","663.130920410156","0","663.130920410156","83.490608215332","446.211578369141","0","0.00408067554235458","0.368413954973221","0","0","993.919067382813","0","19.6620311737061","0.0218914095312357","0","9","217","71","383","280","280","-1","0","218","0","79","0","0.840636312961578","0.483333349227905","0.060332179069519","77","290","20459.9967208266","1023","19.9999967945519","0.634640102254555","-0.205996210707023","10"
"DanielThomson_ModernPlaningHull","45","3","0","0","0","0","0","3.96951293945313","0","3.77256464958191","160.029937744141","0","0","519.905944824219","0","0","0","184.736129760742","30.0226020812988","0","30.0226020812988","61.5731964111328","515.142700195313","0","0.00300944270566106","0.0055462596938014","0","0","163.33219909668","0","0.143564879894257","0.130313783884048","0","9","74","1","399","215","215","-1","0","75","0","14","0","31.7468929290771","0.0666666701436043","0.0904982686042786","6","392","20459.999552511","1023","19.9999995625719","32.8613295985987","1.11443666952156","10"
"DanielThomson_ModernPlaningHull","45","3","1","0","0","0","0","3.95568823814392","0","9.62845993041992","93.2649688720703","0","0","514.051025390625","0","0","0","2107.1455078125","6.26547050476074","0","6.26547050476074","88.2116165161133","513.084838867188","0","0.00431141862645745","0.0132022583857179","0","0","102.451194763184","0","0.404073983430862","0.0924768894910812","0","9","79","3","399","217","217","-1","0","80","0","16","0","20.3557968139648","0.0833333358168602","0.0904982686042786","9","380","20459.998009656","1023","19.9999980544047","19.0605237076319","-1.29527310633296","10"
"DanielThomson_ModernPlaningHull","45","3","2","0","0","0","0","4.04526996612549","0","24.2410583496094","53.3151168823242","0","0","502.843048095703","0","0","0","549.770324707031","59.1195030212402","0","59.1195030212402","132.752212524414","509.7470703125","0","0.0064883790910244","0.0325021483004093","0","0","77.1251449584961","0","1.17479360103607","0.0394959226250648","0","9","85","5","398","219","219","-1","0","86","0","18","0","14.2644147872925","0.100000001490116","0.0904982686042786","15","371","20459.9963507149","1023","19.9999964327614","11.5152786842012","-2.74913610309127","10"
"DanielThomson_ModernPlaningHull","45","3","3","0","0","0","0","3.38670921325684","0","59.5201835632324","31.1459941864014","0","0","475.363647460938","0","0","0","527.911865234375","166.557540893555","0","166.557540893555","200.331771850586","505.186584472656","0","0.00979138631373644","0.0879276990890503","0","0","90.2627716064453","0","3.65292644500732","0.0162300430238247","0","9","103","12","396","226","226","-1","0","104","1","25","0","9.56564521789551","0.150000005960464","0.0904982686042786","29","348","20460.0008039248","1023","20.0000007858503","6.39356047553182","-3.17208474236369","10"
"DanielThomson_ModernPlaningHull","45","3","4","0","0","0","0","2.87099456787109","0","84.5687866210938","22.9973430633545","572.421203613281","0","417.123046875","0","0","0","533.390747070313","237.89778137207","0","237.89778137207","219.976226806641","428.440551757813","0","0.0107515268027782","0.126892477273941","0","0","678.272705078125","0","5.63961172103882","0.0252195410430431","0","9","121","20","393","234","234","-1","0","122","1","33","0","8.58942031860352","0.200000002980232","0.0904982686042786","37","331","20459.9989231109","1023","19.9999989473225","4.86046608491621","-3.7289542336873","10"
"DanielThomson_ModernPlaningHull","45","3","5","0","0","0","0","2.28667736053467","0","119.440467834473","16.1448574066162","726.140747070313","0","379.748565673828","0","0","0","569.530822753906","317.564483642578","0","317.564483642578","252.051422119141","413.546264648438","0","0.0123192286118865","0.18086276948452","0","0","859.97900390625","0","8.62061214447021","0.0252930670976639","0","9","141","29","393","243","243","-1","0","142","0","42","0","6.97476625442505","0.25","0.0904982686042786","47","317","20460.0003831362","1023","20.0000003745222","3.90565050567167","-3.06911574875338","10"
"DanielThomson_ModernPlaningHull","45","3","6","0","0","0","0","1.59119987487793","0","161.262420654297","12.1021919250488","917.893615722656","0","329.972320556641","0","0","0","592.864807128906","416.975402832031","0","416.975402832031","266.982604980469","392.736511230469","0","0.0130490027368069","0.247210040688515","0","0","1089.34924316406","0","12.5438814163208","0.0272603072226048","0","9","160","38","391","252","252","-1","0","161","0","51","0","5.33261394500732","0.300000011920929","0.0904982686042786","57","303","20460.000688589","1023","20.0000006731076","3.02576872474031","-2.30684522026701","10"
"DanielThomson_ModernPlaningHull","45","3","7","0","0","0","0","0.275195449590683","0","18.7166061401367","113.19807434082","0","0","508.146728515625","0","0","0","95.3841247558594","269.444061279297","0","269.444061279297","113.896858215332","511.876770019531","0","0.00556680606678128","0.0257006864994764","0","0","131.514450073242","0","0.865741312503815","0.0776046365499496","0","9","178","47","391","261","261","-1","0","179","0","60","0","10.2413539886475","0.349999994039536","0.0904982686042786","47","354","20460.0010938026","1023","20.0000010692108","12.50949833894","2.26814435029254","10"
"DanielThomson_ModernPlaningHull","45","3","8","0","0","0","0","0.385792881250381","0","264.876495361328","6.50202417373657","744.219909667969","0","269.610504150391","0","0","0","670.651062011719","618.565795898438","0","618.565795898438","259.357147216797","474.835144042969","0","0.0126763032749295","0.414841800928116","0","0","1019.52294921875","0","22.6368980407715","0.00307901715859771","0","9","197","56","389","270","270","-1","0","198","0","69","0","3.52749633789063","0.400000005960464","0.0904982686042786","90","316","20459.9985967312","1023","19.9999986282807","1.75105724305624","-1.77643909483438","10"
"DanielThomson_ModernPlaningHull","45","3","9","0","0","0","0","0.700811326503754","0","50.0536956787109","44.5912208557129","946.412414550781","0","411.180114746094","0","0","0","157.852645874023","428.195220947266","0","428.195220947266","152.144424438477","352.886352539063","0","0.00743618840351701","0.0675917491316795","0","0","1037.07751464844","0","2.76154685020447","0.122546158730984","0","9","215","65","389","279","279","-1","0","216","0","78","0","10.4738216400146","0.449999988079071","0.0904982686042786","65","330","20460.0013047704","1023","20.0000012754354","6.31625034457816","-4.15757129543649","10"
"DanielThomson_ModernPlaningHull","45","3","10","0","0","0","0","-0.74062043428421","0","229.238037109375","4.68855714797974","886.343994140625","0","304.864379882813","0","0","0","470.306884765625","720.578552246094","0","720.578552246094","77.3838348388672","452.622741699219","0","0.00378220132552087","0.338893055915833","0","0","1118.70874023438","0","18.0233268737793","0.0200460944324732","0","9","234","75","388","289","289","-1","0","235","0","88","0","0.435301542282104","0.5","0.0904982686042786","82","296","20459.9988680428","1023","19.9999988934925","0.639460353216184","0.20415881093408","10"
"DanielThomson_ModernPlaningHull","45","3","11","0","0","0","0","-0.938822090625763","0","231.965744018555","2.08666753768921","895.75146484375","0","298.490051269531","0","0","0","469.002258300781","740.346862792969","0","740.346862792969","60.2644844055176","446.265625","0","0.00294547830708325","0.347224324941635","0","0","1128.30065917969","0","18.3400764465332","0.01721684448421","0","9","240","78","388","292","292","-1","0","241","0","91","0","0.114564776420593","0.516666650772095","0.0904982686042786","84","297","20459.9994033547","1023","19.999999416769","0.486041659999438","0.371476883578845","10"
"DanielThomson_ModernPlaningHull","45","3","12","0","0","0","0","-0.577828586101532","0","140.176361083984","18.5968055725098","647.466918945313","0","365.051605224609","0","0","0","312.585845947266","637.652587890625","0","637.652587890625","241.359756469727","407.878967285156","0","0.0117966635152698","0.199321180582047","0","0","804.139404296875","0","9.85266208648682","0.0584097318351269","0","9","246","81","388","295","295","-1","0","247","0","94","0","5.24136781692505","0.533333301544189","0.0904982686042786","89","325","20460.0017756976","1023","20.0000017357748","3.39298745419929","-1.84838036272576","10"
"DanielThomson_ModernPlaningHull","45","4","0","0","0","0","0","-7.30224227905273","0","2.77640008926392","413.812225341797","0","0","527.01708984375","0","0","0","40.6192932128906","92.9833679199219","0","92.9833679199219","69.0545425415039","515.572937011719","0","0.00337509997189045","0.00377691839821637","0","0","415.916015625","0","0.079615131020546","0.201499819755554","0","9","127","3","400","237","237","-1","0","128","0","36","0","22.3323078155518","0.183333337306976","0.120664358139038","22","374","20459.9991456921","1023","19.9999991648994","63.3307021845795","40.9983943690277","10"
"DanielThomson_ModernPlaningHull","45","4","1","0","0","0","0","-16.6496677398682","0","2.45644569396973","481.2060546875","0","0","524.563537597656","0","0","0","24.659912109375","107.033805847168","0","107.033805847168","66.0957717895508","515.514709472656","0","0.00323048746213317","0.00263944431208074","0","0","482.893981933594","0","0.0512291938066483","0.17436172068119","0","9","134","6","399","240","240","-1","0","135","0","39","0","19.5035762786865","0.200000002980232","0.120664358139038","22","375","20459.9994781921","1023","19.9999994899239","NaN","NaN","10"
"DanielThomson_ModernPlaningHull","45","4","2","0","0","0","0","-19.3562107086182","0","2.36518049240112","1475.80126953125","0","0","352.483764648438","0","0","0","14.7576465606689","155.920303344727","0","155.920303344727","92.8472213745117","313.2001953125","0","0.00453798705711961","0.00230101658962667","0","0","1476.56579589844","0","0.0449676774442196","0.467109709978104","0","9","152","14","398","248","248","-1","0","153","0","47","0","45","0.25","0.120664358139038","18","371","20460.0013631252","1023","20.0000013324782","NaN","NaN","10"
"DanielThomson_ModernPlaningHull","45","4","3","0","0","0","0","1.94983458518982","0","61.1237525939941","36.8237342834473","195.18815612793","0","468.427001953125","0","0","0","270.461517333984","306.556823730469","0","306.556823730469","189.120483398438","486.811096191406","0","0.00924342591315508","0.0829118266701698","0","0","292.503448486328","0","3.49983763694763","0.0576173327863216","0","9","171","23","396","257","257","-1","0","172","0","56","0","8.66485118865967","0.300000011920929","0.120664358139038","49","334","20459.9988332556","1023","19.9999988594874","6.40092725911797","-2.2639239295417","10"
"DanielThomson_ModernPlaningHull","45","4","4","0","0","0","0","-6.99312448501587","0","5.21436071395874","282.9990234375","0","0","516.291809082031","0","0","0","26.6274013519287","277.208465576172","0","277.208465576172","79.0450820922852","515.037841796875","0","0.003863395890221","0.00738134142011404","0","0","287.702941894531","0","0.19820374250412","0.0735205262899399","0","9","189","32","396","266","266","-1","0","190","0","65","0","8.84842491149902","0.349999994039536","0.120664358139038","32","363","20460.0005638468","1023","20.0000005511699","31.5606123432191","22.7121874317201","10"
"DanielThomson_ModernPlaningHull","45","4","5","0","0","0","0","-4.90873432159424","0","9.24856758117676","208.900131225586","0","0","514.120422363281","0","0","0","37.2788505554199","339.694580078125","0","339.694580078125","88.8616790771484","514.032958984375","0","0.00434319069609046","0.0126634230837226","0","0","217.693298339844","0","0.381560474634171","0.0780671685934067","0","9","208","41","394","275","275","-1","0","209","0","74","0","8.78481388092041","0.400000005960464","0.120664358139038","45","362","20459.999409452","1023","19.9999994227293","20.0580048992459","11.2731910183255","10"
"DanielThomson_ModernPlaningHull","45","4","6","0","0","0","0","-5.63743829727173","0","14.6494426727295","139.435592651367","0","0","511.2763671875","0","0","0","48.0992698669434","406.449096679688","0","406.449096679688","102.045585632324","512.886169433594","0","0.00498756486922503","0.0195499043911695","0","0","153.683654785156","0","0.656674921512604","0.0897141620516777","0","9","227","51","395","285","285","-1","0","228","0","84","0","8.70233154296875","0.449999988079071","0.120664358139038","55","359","20460.0016857886","1023","20.0000016478872","14.7806750949917","6.07834355202294","10"
"DanielThomson_ModernPlaningHull","45","4","7","0","0","0","0","-0.173706039786339","0","40.2176666259766","48.9792556762695","0","0","493.606292724609","0","0","0","104.443626403809","515.134765625","0","515.134765625","161.649749755859","507.924346923828","0","0.00790076982229948","0.0538025423884392","0","0","88.7825469970703","0","2.15163278579712","0.0870692208409309","0","9","246","61","394","295","295","-1","0","247","0","94","0","7.56890487670898","0.5","0.120664358139038","77","344","20459.9998976824","1023","19.9999998999828","8.4442794514925","0.875374574783518","10"
"DanielThomson_ModernPlaningHull","45","4","8","0","0","0","0","-0.593057692050934","0","43.1390037536621","46.6480979919434","980.503540039063","0","412.322845458984","0","0","0","97.3283767700195","597.455200195313","0","597.455200195313","140.205047607422","341.08203125","0","0.00685264216735959","0.0581493452191353","0","0","1066.06127929688","0","2.36392831802368","0.172763243317604","0","9","263","70","394","304","304","-1","0","264","0","103","0","10.2404804229736","0.550000011920929","0.120664358139038","70","336","20459.9983748232","1023","19.9999984113618","6.7677800423138","-3.47270038065984","10"
"DanielThomson_ModernPlaningHull","45","4","9","0","0","0","0","-1.3241662979126","0","55.1723937988281","33.5650672912598","1029.54321289063","0","399.019317626953","0","0","0","108.749114990234","692.178588867188","0","692.178588867188","161.088912963867","333.608581542969","0","0.00787335820496082","0.0752738118171692","0","0","1113.96301269531","0","3.18427348136902","0.155330166220665","0","9","282","81","394","315","315","-1","0","283","0","114","0","8.32456493377686","0.600000023841858","0.120664358139038","81","339","20460.0005195202","1023","20.0000005078399","6.00390535106257","-2.32065958271429","10"
"DanielThomson_ModernPlaningHull","45","4","10","0","0","0","0","-1.61835718154907","0","61.1032791137695","31.1104907989502","1015.56018066406","0","398.112030029297","0","0","0","114.148574829102","732.23583984375","0","732.23583984375","169.562515258789","341.908630371094","0","0.00828751362860203","0.0835836753249168","0","0","1103.76879882813","0","3.59746098518372","0.139966309070587","0","9","288","84","394","318","318","-1","0","289","0","117","0","7.64042901992798","0.616666674613953","0.120664358139038","88","341","20459.9983610997","1023","19.9999983979469","5.69035807611762","-1.95007094381036","10"
"DanielThomson_ModernPlaningHull","5","0","0","0","0","0","0","0","0","32.469970703125","41.7451972961426","0","0","496.543701171875","0","0","0","359.240173339844","143.00358581543","0","143.00358581543","153.494232177734","508.131072998047","0","0.00750216189771891","0.0513726323843002","0","0","73.7772827148438","0","1.69812941551208","-0.0248135812580585","0","9","187","2","387","201","201","-1","0","188","0","0","0","12.7159471511841","0.0500000007450581","0","19","385","20459.9999667303","1023","19.9999999674783","8.3971726128844","-4.31877453829968","10"
"DanielThomson_ModernPlaningHull","5","0","1","0","0","0","0","2.85416865348816","0","85.8574829101563","21.0764999389648","0","0","451.337158203125","0","0","0","410.724243164063","337.084228515625","0","337.084228515625","245.827484130859","503.002990722656","0","0.0120150288566947","0.138448670506477","0","0","106.570510864258","0","5.93608379364014","-0.0134462649002671","0","9","189","3","381","202","202","-1","0","190","0","1","0","8.86066055297852","0.100000001490116","0","37","368","20459.9994775615","1023","19.9999994893074","4.97857813430135","-3.88208241867717","10"
"DanielThomson_ModernPlaningHull","5","0","2","0","0","0","0","2.93431282043457","0","139.931900024414","13.14768409729","0","0","395.155212402344","0","0","0","478.116973876953","484.884765625","0","484.884765625","300.932342529297","500.475616455078","0","0.0147083261981606","0.231831625103951","0","0","152.77897644043","0","11.4058609008789","-0.00875722244381905","0","9","191","4","373","203","203","-1","0","192","0","2","0","7.27773237228394","0.150000005960464","0","55","350","20459.999219145","1023","19.9999992367009","3.63751643541072","-3.64021593687322","10"
"DanielThomson_ModernPlaningHull","5","0","3","0","0","0","0","2.78429698944092","0","195.226364135742","8.45072841644287","0","0","332.381103515625","0","0","0","493.529174804688","681.390014648438","0","681.390014648438","331.860687255859","499.385467529297","0","0.0162199754267931","0.336285829544067","0","0","203.434280395508","0","17.6064739227295","-0.00890955049544573","0","9","192","4","362","203","203","-1","0","193","0","2","0","6.15324926376343","0.200000002980232","0","75","333","20459.9993849357","1023","19.9999993987642","2.76460291907412","-3.3886463446893","10"
"DanielThomson_ModernPlaningHull","5","0","4","0","0","0","0","2.59835839271545","0","253.686248779297","5.18251848220825","0","0","262.481140136719","0","0","0","505.548065185547","876.766662597656","0","876.766662597656","340.147857666016","499.486511230469","0","0.0166250169277191","0.443247705698013","0","0","258.682281494141","0","24.5754909515381","-0.00299691804684699","0","9","193","5","354","204","204","-1","0","194","0","3","0","5.12873840332031","0.25","0","91","313","20460.0006811952","1023","20.00000066588","2.14951325543204","-2.97922514788828","10"
"DanielThomson_ModernPlaningHull","5","0","5","0","0","0","0","2.34717845916748","0","313.090667724609","3.08248043060303","0","0","190.510406494141","0","0","0","521.448608398438","1076.9287109375","0","1076.9287109375","319.406829833984","501.0478515625","0","0.0156112788245082","0.561563014984131","0","0","316.039642333984","0","31.8247356414795","-0.00236179889179766","0","9","195","6","344","205","205","-1","0","196","0","4","0","4.07583236694336","0.300000011920929","0","109","292","20460.0041690721","1023","20.0000040753393","1.59301035687551","-2.48282201006785","10"
"DanielThomson_ModernPlaningHull","5","0","6","0","0","0","0","2.10631394386292","0","347.767150878906","2.26418399810791","0","0","148.483001708984","0","0","0","537.552062988281","1179.37902832031","0","1179.37902832031","289.148620605469","502.887573242188","0","0.0141323879361153","0.633977591991425","0","0","349.927612304688","0","36.1044425964355","-0.00617477437481284","0","9","196","6","335","205","205","-1","0","197","0","4","0","3.3972225189209","0.349999994039536","0","121","280","20459.9974125074","1023","19.9999974706817","1.27732150353962","-2.11990101538128","10"
"DanielThomson_ModernPlaningHull","5","0","7","0","0","0","0","1.84618544578552","0","374.915557861328","1.84816098213196","0","0","120.441009521484","0","0","0","538.447570800781","1276.77954101563","0","1276.77954101563","259.217590332031","504.633850097656","0","0.0126694813370705","0.687478840351105","0","0","376.679656982422","0","38.9861068725586","-0.0107690077275038","0","9","196","6","331","205","205","-1","0","197","1","4","0","2.84744310379028","0.366666674613953","0","131","272","20460.0001717173","1023","20.0000001678566","1.05595817672377","-1.79148492706652","10"
"DanielThomson_ModernPlaningHull","5","0","8","0","0","0","0","1.69639372825623","0","393.134155273438","1.58013296127319","0","0","100.436065673828","0","0","0","545.088500976563","1331.13220214844","0","1331.13220214844","231.071853637695","506.217956542969","0","0.0112938350066543","0.725584864616394","0","0","394.644165039063","0","41.0580139160156","-0.00761952437460423","0","9","197","6","328","205","205","-1","0","198","1","4","0","2.4722273349762","0.38333335518837","0","137","265","20459.999061572","1023","19.9999990826706","0.891853249260802","-1.58037408571539","10"
"DanielThomson_ModernPlaningHull","5","1","0","0","0","0","0","3.7113938331604","0","2.03764200210571","244.594161987305","0","0","494.682159423828","0","0","0","138.464324951172","27.7573776245117","0","27.7573776245117","49.9682693481445","493.760467529297","0","0.00244224164634943","0.00384340691380203","0","0","246.132415771484","0","0.0518733263015747","0.0207299683243036","0","9","196","0","395","205","205","-1","0","197","1","4","0","45","0.0166666675359011","0.0301660895347595","11","395","20460.0021553294","1023","20.0000021068713","39.452382535184","-5.54761746481602","10"
"DanielThomson_ModernPlaningHull","5","1","1","0","0","0","0","3.43827486038208","0","13.4867115020752","69.7474365234375","0","0","510.445068359375","0","0","0","405.916229248047","57.0601463317871","0","57.0601463317871","101.950233459473","511.759429931641","0","0.00498290546238422","0.0231616403907537","0","0","82.7733306884766","0","0.574071288108826","0.0613185130059719","0","9","196","0","392","205","205","-1","0","197","0","4","0","18.647777557373","0.0333333350718021","0.0301660895347595","15","389","20459.9975313783","1023","19.9999975868801","12.4235138445646","-6.22426371280841","10"
"DanielThomson_ModernPlaningHull","5","1","2","0","0","0","0","3.15872597694397","0","28.8701972961426","44.7844200134277","0","0","499.692779541016","0","0","0","290.441131591797","157.810791015625","0","157.810791015625","145.94580078125","508.781616210938","0","0.00713322684168816","0.0458347424864769","0","0","73.2191619873047","0","1.45884168148041","0.0479865111410618","0","9","198","1","392","206","206","-1","0","199","0","5","0","13.4018478393555","0.0500000007450581","0.0301660895347595","19","384","20459.9971401877","1023","19.9999972044846","8.95329237251006","-4.4485554668454","10"
"DanielThomson_ModernPlaningHull","5","1","3","0","0","0","0","3.33304405212402","0","73.0719375610352","23.9870204925537","0","0","462.995727539063","0","0","0","376.853820800781","304.807464599609","0","304.807464599609","227.775146484375","503.890869140625","0","0.0111327059566975","0.114867858588696","0","0","96.6778182983398","0","4.87336730957031","0.0505070574581623","0","9","198","1","385","206","206","-1","0","199","0","5","0","9.42094421386719","0.100000001490116","0.0301660895347595","23","360","20459.9984379669","1023","19.9999984730859","5.56169401101582","-3.85925020285137","10"
"DanielThomson_ModernPlaningHull","5","1","4","0","0","0","0","3.33640718460083","0","132.289947509766","14.163914680481","0","0","406.013671875","0","0","0","418.488159179688","504.700744628906","0","504.700744628906","295.025970458984","500.615936279297","0","0.0144196460023522","0.211211264133453","0","0","146.140289306641","0","10.3710021972656","0.0453793480992317","0","9","200","2","377","207","207","-1","0","201","0","6","0","7.41059112548828","0.150000005960464","0.0301660895347595","34","334","20460.0009189447","1023","20.0000008982842","3.91469616560273","-3.49589495988555","10"
"DanielThomson_ModernPlaningHull","5","1","5","0","0","0","0","3.24190402030945","0","172.218353271484","10.396577835083","0","0","361.840667724609","0","0","0","470.799346923828","605.054443359375","0","605.054443359375","321.287078857422","499.568695068359","0","0.0157031808048487","0.284859240055084","0","0","182.343399047852","0","14.7179822921753","0.0466305874288082","0","9","201","2","366","207","207","-1","0","202","0","6","0","6.46499061584473","0.200000002980232","0.0301660895347595","42","315","20459.9999739045","1023","19.9999999744912","3.16009518898968","-3.30489542685504","10"
"DanielThomson_ModernPlaningHull","5","1","6","0","0","0","0","3.0984959602356","0","218.009307861328","7.59076595306396","0","0","307.609680175781","0","0","0","490.689208984375","754.508056640625","0","754.508056640625","331.727447509766","499.467498779297","0","0.0162134636193514","0.370228976011276","0","0","225.374603271484","0","20.1209449768066","0.0531859062612057","0","9","202","3","358","208","208","-1","0","203","0","7","0","5.52221584320068","0.25","0.0301660895347595","52","296","20459.9988810433","1023","19.9999989062007","2.50996092307329","-3.01225492012739","10"
"DanielThomson_ModernPlaningHull","5","1","7","0","0","0","0","2.84103918075562","0","251.860916137695","6.4662880897522","0","0","266.845458984375","0","0","0","484.235382080078","904.98876953125","0","904.98876953125","320.947814941406","500.434814453125","0","0.0156865995377302","0.438227564096451","0","0","258.13427734375","0","24.2407283782959","0.0631429925560951","0","9","203","3","347","208","208","-1","0","204","0","7","0","4.79249286651611","0.300000011920929","0.0301660895347595","59","281","20459.99926048","1023","19.9999992771066","2.05137246433395","-2.74112040218216","10"
"DanielThomson_ModernPlaningHull","5","1","8","0","0","0","0","2.19146752357483","0","340.632873535156","46856.83984375","0","0","85506.828125","0","0","0","506.412384033203","1205.443359375","0","1205.443359375","8577.4892578125","55029.6640625","0","0.419232130050659","0.610451459884644","0","0","47104.640625","0","34.7811126708984","0.874683737754822","0","9","205","4","339","209","209","-1","0","206","0","8","0","45","0.349999994039536","0.0301660895347595","71","242","20459.9997065492","1023","19.9999997131469","43.3739845735081","-1.62601542649186","10"
"DanielThomson_ModernPlaningHull","5","1","9","0","0","0","0","1.63081634044647","0","390.908996582031","57164.3203125","0","0","101547.9140625","0","0","0","507.462554931641","1402.75744628906","0","1402.75744628906","10180.08984375","57383.0625","0","0.497560650110245","0.711846888065338","0","0","57445.796875","0","40.1912841796875","0.973253130912781","0","8","205","4","328","209","209","-1","0","206","0","8","0","45","0.400000005960464","0.0301660895347595","78","226","20459.9978746197","1023","19.9999979224044","44.3445420897674","-0.655457910232606","10"
"DanielThomson_ModernPlaningHull","5","1","10","0","0","0","0","1.3010528087616","0","392.928680419922","58360.4296875","0","0","102762.171875","0","0","0","482.190551757813","1504.75427246094","0","1504.75427246094","10300.982421875","51811.03515625","0","0.503469288349152","0.725578308105469","0","0","58642.453125","0","40.5867652893066","1.04540193080902","0","7","207","5","326","210","210","-1","0","208","0","9","0","45","0.416666686534882","0.0301660895347595","70","222","20460.0015537221","1023","20.0000015187899","43.9385855151751","-1.06141448482485","10"
"DanielThomson_ModernPlaningHull","5","1","11","0","0","0","0","0.953238070011139","0","402.119384765625","60998.859375","-133.686599731445","0","106279.3046875","0","0","0","465.302368164063","1603.43188476563","0","1603.43188476563","10651.42578125","47195.82421875","0","0.520597577095032","0.746080696582794","0","0","61383.7734375","0","41.2071075439453","1.11411881446838","0","7","207","5","323","210","210","-1","0","208","0","9","0","45","0.433333367109299","0.0301660895347595","64","218","20459.9987588987","1023","19.9999987868022","44.2488866250283","-0.751113374971695","10"
"DanielThomson_ModernPlaningHull","5","2","0","0","0","0","0","3.90966892242432","0","8.76118659973145","96.5260772705078","0","0","529.52587890625","0","0","0","179.119445800781","68.3908386230469","0","68.3908386230469","84.1717376708984","513.080200195313","0","0.00411396566778421","0.0122501300647855","0","0","104.785552978516","0","0.352297902107239","0.255231946706772","0","9","205","0","396","209","209","-1","0","206","2","8","0","23.32936668396","0.0333333350718021","0.060332179069519","10","391","20460.0000262602","1023","20.0000000256698","19.6230415874128","-3.70632509654711","10"
"DanielThomson_ModernPlaningHull","5","2","1","0","0","0","0","3.80822539329529","0","16.1592044830322","64.6570129394531","0","0","517.203430175781","0","0","0","211.377655029297","117.893814086914","0","117.893814086914","111.482963562012","511.17138671875","0","0.00544882519170642","0.024920117110014","0","0","80.3489151000977","0","0.764563381671906","0.196205362677574","0","9","205","0","395","209","209","-1","0","206","3","8","0","17.6330184936523","0.0500000007450581","0.060332179069519","13","385","20460.0000256383","1023","20.0000000250618","12.6298509168728","-5.00316757677949","10"
"DanielThomson_ModernPlaningHull","5","2","2","0","0","0","0","3.90770268440247","0","48.9727478027344","31.9782676696777","0","0","486.786163330078","0","0","0","285.317047119141","269.425354003906","0","269.425354003906","190.749877929688","506.307800292969","0","0.00932306423783302","0.0768716484308243","0","0","80.5446395874023","0","3.02041244506836","0.137234136462212","0","9","207","1","389","210","210","-1","0","208","0","9","0","10.9925022125244","0.100000001490116","0.060332179069519","18","359","20459.9982434556","1023","19.9999982829478","6.96603404739822","-4.02646816512619","10"
"DanielThomson_ModernPlaningHull","5","2","3","0","0","0","0","3.76344323158264","0","91.3803939819336","20.0608024597168","0","0","447.257141113281","0","0","0","304.986907958984","470.254821777344","0","470.254821777344","254.209442138672","502.778564453125","0","0.012424704618752","0.143421560525894","0","0","111.084281921387","0","6.63289403915405","0.117156744003296","0","9","209","2","381","211","211","-1","0","210","0","10","0","8.5155553817749","0.150000005960464","0.060332179069519","22","332","20459.9988441581","1023","19.9999988701448","4.96980069637832","-3.54575468539659","10"
"DanielThomson_ModernPlaningHull","5","2","4","0","0","0","0","3.68610072135925","0","115.492462158203","16.4407939910889","0","0","423.092102050781","0","0","0","353.209167480469","519.666870117188","0","519.666870117188","280.201049804688","501.612701416016","0","0.0136950649321079","0.183551102876663","0","0","131.603851318359","0","9.05356311798096","0.13371567428112","0","9","209","2","370","211","211","-1","0","210","0","10","0","7.54111099243164","0.200000002980232","0.060332179069519","21","310","20460.0015548491","1023","20.0000015198916","4.27891344883529","-3.26219754359635","10"
"DanielThomson_ModernPlaningHull","5","2","5","0","0","0","0","3.68410801887512","0","115.882804870605","17.4908771514893","0","0","426.520782470703","0","0","0","323.434326171875","573.161743164063","0","573.161743164063","279.724029541016","502.147705078125","0","0.013671750202775","0.185380175709724","0","0","133.046981811523","0","9.23760890960693","0.203310012817383","0","9","211","3","362","213","212","-1","0","212","0","11","0","7.12376928329468","0.25","0.060332179069519","17","289","20460.0014915602","1023","20.0000014580257","4.22939181340709","-2.89437746988758","10"
"DanielThomson_ModernPlaningHull","5","2","6","0","0","0","0","3.1086733341217","0","222.235702514648","8.1247615814209","0","0","304.116851806641","0","0","0","430.180419921875","874.656860351563","0","874.656860351563","324.123321533203","500.028045654297","0","0.0158418044447899","0.376260250806808","0","0","230.138153076172","0","20.548433303833","0.0791482850909233","0","9","212","4","352","214","213","-1","0","213","0","12","0","5.16103172302246","0.300000011920929","0.060332179069519","45","285","20460.0001636684","1023","20.0000001599886","2.41305560322936","-2.7479761197931","10"
"DanielThomson_ModernPlaningHull","5","2","7","0","0","0","0","3.66357517242432","0","116.312477111816","19.9230079650879","0","0","434.376220703125","0","0","0","298.120025634766","629.228698730469","0","629.228698730469","274.416870117188","503.158203125","0","0.0134123610332608","0.187585681676865","0","0","135.910095214844","0","9.51679801940918","0.296364575624466","0","9","213","4","343","216","213","-1","0","215","0","12","0","6.47714519500732","0.349999994039536","0.060332179069519","12","267","20459.9972694346","1023","19.9999973308256","4.10014227683641","-2.37700291817091","10"
"DanielThomson_ModernPlaningHull","5","2","8","0","0","0","0","1.59630870819092","0","292.713470458984","42704.83203125","0","0","74888.2890625","0","0","0","370.940521240234","1412.52038574219","0","1412.52038574219","7512.4384765625","27966.802734375","0","0.36717689037323","0.523961067199707","0","0","42914.80078125","0","29.1992721557617","1.19120419025421","0","7","214","5","333","218","214","-1","0","217","0","13","0","45","0.400000005960464","0.060332179069519","27","228","20459.9980922716","1023","19.9999981351628","44.4889222197032","-0.511077780296773","10"
"DanielThomson_ModernPlaningHull","5","2","9","0","0","0","0","1.25681686401367","0","294.504241943359","43613.046875","0","0","76152.1640625","0","0","0","350.064483642578","1509.28186035156","0","1509.28186035156","7635.2587890625","25041.91796875","0","0.373179793357849","0.528346002101898","0","0","43823.83984375","0","29.5047149658203","1.23890554904938","0","7","214","5","330","218","214","-1","0","217","0","13","0","45","0.416666686534882","0.060332179069519","25","225","20460.0005813844","1023","20.0000005683132","44.9360484704654","-0.0639515295346413","10"
"DanielThomson_ModernPlaningHull","5","2","10","0","0","0","0","0.898691833019257","0","302.347076416016","46814.12109375","0","0","79737.4296875","0","0","0","334.912170410156","1606.05981445313","0","1606.05981445313","7996.83203125","22390.052734375","0","0.390852004289627","0.537889003753662","0","0","47028.4609375","0","29.8631973266602","1.2893134355545","0","6","214","5","327","218","214","-1","0","217","0","13","0","45","0.433333367109299","0.060332179069519","23","222","20460.0000600847","1023","20.0000000587338","46.6055033894892","1.60550338948915","10"
"DanielThomson_ModernPlaningHull","5","3","0","0","0","0","0","4.26448774337769","0","14.7431774139404","80.9304275512695","0","0","575.905700683594","0","0","0","98.4189376831055","200.660003662109","0","200.660003662109","113.168685913086","511.904541015625","0","0.00553121650591493","0.0197487436234951","0","0","95.1547775268555","0","0.667214334011078","0.488213777542114","0","9","214","0","396","218","214","-1","0","217","0","13","0","19.0640850067139","0.0833333358168602","0.0904982686042786","7","370","20459.9993133638","1023","19.9999993288014","16.2649436787197","-2.79914132799416","10"
"DanielThomson_ModernPlaningHull","5","3","1","0","0","0","0","4.26448774337769","0","18.0774421691895","67.9701690673828","0","0","555.886535644531","0","0","0","120.694953918457","200.660003662109","0","200.660003662109","122.73802947998","511.100463867188","0","0.00599892577156425","0.0242186486721039","0","0","85.5527954101563","0","0.860068202018738","0.425644636154175","0","9","214","0","393","218","214","-1","0","217","0","13","0","17.2773761749268","0.100000001490116","0.0904982686042786","8","368","20460.0013658739","1023","20.0000013351651","14.3413691158512","-2.93600705907552","10"
"DanielThomson_ModernPlaningHull","5","3","2","0","0","0","0","4.2474627494812","0","39.5872077941895","39.7365379333496","0","0","519.948974609375","0","0","0","154.997894287109","371.228729248047","0","371.228729248047","177.192016601563","507.733612060547","0","0.00866041053086519","0.0575396753847599","0","0","78.8870544433594","0","2.30319428443909","0.340369254350662","0","9","215","1","385","220","215","-1","0","219","0","14","0","12.2206935882568","0.150000005960464","0.0904982686042786","11","340","20460.001979128","1023","20.0000019346314","8.65659837998049","-3.56409520827634","10"
"DanielThomson_ModernPlaningHull","5","3","3","0","0","0","0","4.07204008102417","0","63.3742065429688","28.0907325744629","0","0","488.738189697266","0","0","0","194.541595458984","491.897125244141","0","491.897125244141","220.162353515625","505.291839599609","0","0.0107606230303645","0.0956944525241852","0","0","91.0707092285156","0","4.27687120437622","0.284497410058975","0","9","217","3","376","222","217","-1","0","221","0","16","0","9.84889507293701","0.200000002980232","0.0904982686042786","16","322","20460.0005868031","1023","20.0000005736101","6.45643530844367","-3.39245976449335","10"
"DanielThomson_ModernPlaningHull","5","3","4","0","0","0","0","3.94400405883789","0","72.5590057373047","26.9282608032227","0","0","488.457244873047","0","0","0","192.751876831055","561.670104980469","0","561.670104980469","234.648559570313","504.802734375","0","0.0114686489105225","0.108262963593006","0","0","99.0977783203125","0","5.03961181640625","0.335688591003418","0","9","219","5","369","225","219","-1","0","224","0","18","0","9.05711650848389","0.25","0.0904982686042786","15","304","20460.0002494647","1023","20.000000243856","6.08093825638184","-2.97617825210205","10"
"DanielThomson_ModernPlaningHull","5","3","5","0","0","0","0","4.01419973373413","0","59.9351387023926","34.7229766845703","0","0","532.6689453125","0","0","0","172.751434326172","526.937866210938","0","526.937866210938","221.0390625","506.424255371094","0","0.0108034731820226","0.0910292640328407","0","0","94.233024597168","0","4.03204202651978","0.481455743312836","0","9","220","6","359","227","220","-1","0","226","0","19","0","9.5558500289917","0.300000011920929","0.0904982686042786","12","291","20460.0001106883","1023","20.0000001081997","6.81600329193364","-2.73984673705806","10"
"DanielThomson_ModernPlaningHull","5","3","6","0","0","0","0","4.04532670974731","0","34.0322151184082","73.8515777587891","0","0","728.866943359375","0","0","0","130.364212036133","377.616607666016","0","377.616607666016","195.021224975586","510.170715332031","0","0.00953182950615883","0.0492276921868324","0","0","107.276184082031","0","1.95354616641998","0.824490070343018","0","9","223","9","353","231","223","-1","0","230","0","22","0","12.9522657394409","0.349999994039536","0.0904982686042786","9","289","20459.9992949492","1023","19.9999993108008","11.1645507837494","-1.78771495569156","10"
"DanielThomson_ModernPlaningHull","5","3","7","0","0","0","0","3.98977851867676","0","42.8859062194824","62.0103569030762","0","0","699.804443359375","0","0","0","142.279632568359","455.869232177734","0","455.869232177734","215.37841796875","509.35888671875","0","0.010526804253459","0.0648609101772308","0","0","104.337036132813","0","2.71778964996338","0.801561653614044","0","9","227","13","346","235","227","-1","0","234","0","26","0","10.9706916809082","0.400000005960464","0.0904982686042786","13","280","20460.0002795701","1023","20.0000002732845","9.34031347533775","-1.63037820557045","10"
"DanielThomson_ModernPlaningHull","5","3","8","0","0","0","0","0.202252328395844","0","232.500961303711","6.48073625564575","0","0","293.511352539063","0","0","0","250.355545043945","1656.8466796875","0","1656.8466796875","92.0691528320313","514.110290527344","0","0.0044999597594142","0.414800733327866","0","0","238.780532836914","0","22.4595947265625","0.130222380161285","0","7","230","16","340","239","230","-1","0","238","0","29","0","0.942134857177734","0.449999988079071","0.0904982686042786","34","242","20459.9947009341","1023","19.9999948200725","0.621584598267833","-0.320550258909901","10"
"DanielThomson_ModernPlaningHull","5","4","0","0","0","0","0","2.90449666976929","0","12.5697603225708","149.864730834961","0","0","783.777099609375","0","0","0","41.1539611816406","399.965484619141","0","399.965484619141","122.493644714355","513.215087890625","0","0.00598698109388351","0.0164601635187864","0","0","161.689224243164","0","0.519234478473663","0.861006438732147","0","9","235","1","398","245","235","-1","0","244","0","34","0","22.758508682251","0.183333337306976","0.120664358139038","23","360","20460.0019264298","1023","20.0000018831181","21.3291677163689","-1.42934096588206","10"
"DanielThomson_ModernPlaningHull","5","4","1","0","0","0","0","1.03374886512756","0","7.32659196853638","708.157653808594","0","0","1381.81005859375","0","0","0","26.1907043457031","368.674621582031","0","368.674621582031","140.173675537109","515.135070800781","0","0.0068511082790792","0.00965584814548492","0","0","713.663391113281","0","0.267204880714417","1.18946647644043","0","9","236","2","395","247","236","-1","0","246","0","35","0","43.1637687683105","0.200000002980232","0.120664358139038","22","361","20460.0000214781","1023","20.0000000209952","45.1966408590505","2.03287209073997","10"
"DanielThomson_ModernPlaningHull","5","4","2","0","0","0","0","3.5490939617157","0","25.9064502716064","71.9154739379883","0","0","649.823425292969","0","0","0","64.6909103393555","561.960632324219","0","561.960632324219","158.879898071289","510.477203369141","0","0.00776539044454694","0.0363537445664406","0","0","97.2537078857422","0","1.31847429275513","0.689512491226196","0","9","240","6","390","252","240","-1","0","251","0","39","0","15.1408882141113","0.25","0.120664358139038","29","340","20460.0012331458","1023","20.0000012054211","12.3337772656607","-2.80711094845062","10"
"DanielThomson_ModernPlaningHull","5","4","3","0","0","0","0","3.16101908683777","0","55.8131484985352","35.9973106384277","0","0","537.114318847656","0","0","0","106.889228820801","775.68017578125","0","775.68017578125","214.530731201172","506.673736572266","0","0.0104853734374046","0.0829118564724922","0","0","91.3775634765625","0","3.62238192558289","0.480265974998474","0","9","243","9","382","256","243","-1","0","255","0","42","0","10.0447807312012","0.300000011920929","0.120664358139038","35","320","20459.9991103677","1023","19.9999991303692","7.2653137199793","-2.77946701122187","10"
"DanielThomson_ModernPlaningHull","5","4","4","0","0","0","0","-0.909719169139862","0","7.25433778762817","859.302429199219","0","0","1470.787109375","0","0","0","20.744348526001","473.939544677734","0","473.939544677734","147.783432006836","350.859985351563","0","0.0072230426594615","0.00983156636357307","0","0","864.466491699219","0","0.288794696331024","1.33110511302948","0","9","247","13","377","261","247","-1","0","260","0","46","0","45","0.349999994039536","0.120664358139038","13","337","20459.9971195316","1023","19.9999971842928","47.2800713008479","2.28007130084794","10"
"DanielThomson_ModernPlaningHull","5","4","5","0","0","0","0","2.63160514831543","0","58.5027656555176","39.3069267272949","0","0","566.964538574219","0","0","0","98.611572265625","898.175659179688","0","898.175659179688","224.492385864258","507.068237304688","0","0.0109722577035427","0.0885705128312111","0","0","97.3621597290039","0","3.93083429336548","0.582539260387421","0","9","251","17","370","266","251","-1","0","265","0","50","0","9.39739322662354","0.400000005960464","0.120664358139038","41","310","20459.9993847915","1023","19.9999993986232","7.11617466087282","-2.28121856575071","10"
"DanielThomson_ModernPlaningHull","5","4","6","0","0","0","0","2.81596493721008","0","27.2471008300781","144.628219604492","0","0","1053.46545410156","0","0","0","51.5367088317871","786.520263671875","0","786.520263671875","213.744842529297","512.272094726563","0","0.0104469619691372","0.0405346639454365","0","0","170.989715576172","0","1.58801293373108","1.07672035694122","0","9","255","21","365","271","255","-1","0","270","0","54","0","15.8547315597534","0.449999988079071","0.120664358139038","33","310","20460.0000613336","1023","20.0000000599547","14.9353561109331","-0.91937544882032","10"
"DanielThomson_ModernPlaningHull","5","4","7","0","0","0","0","2.41627812385559","0","28.1923503875732","218.931869506836","0","0","1397.93762207031","0","0","0","48.1932144165039","887.559753417969","0","887.559753417969","255.271057128906","513.110961914063","0","0.0124765923246741","0.042774360626936","0","0","245.969497680664","0","1.6819920539856","1.20575070381165","0","9","260","26","359","277","260","-1","0","276","0","59","0","16.7598876953125","0.5","0.120664358139038","28","304","20459.9982500088","1023","19.9999982893537","16.958796855108","0.198909159795502","10"
"DanielThomson_ModernPlaningHull","5","4","8","0","0","0","0","2.07448267936707","0","35.1749725341797","137.599639892578","0","0","1118.92590332031","0","0","0","55.8957366943359","986.23974609375","0","986.23974609375","253.685348510742","511.980133056641","0","0.0123990876600146","0.0551265962421894","0","0","171.892272949219","0","2.24273657798767","1.11466944217682","0","8","261","27","357","279","261","-1","0","278","0","60","0","13.0212287902832","0.516666650772095","0.120664358139038","33","299","20460.0012087053","1023","20.0000011815301","12.9981882422884","-0.0230405479948033","10"
"DanielThomson_ModernPlaningHull","60","0","0","0","0","0","0","2.24283647537231","0","33.2182426452637","43.2594680786133","0","0","507.216735839844","0","0","0","421.311431884766","122.000907897949","0","122.000907897949","157.751373291016","508.371887207031","0","0.00771023286506534","0.0514003783464432","0","0","76.0425033569336","0","1.74350786209106","-0.210166618227959","0","9","31","10","395","209","209","-1","0","32","0","8","0","11.252908706665","0.0500000007450581","0","23","388","20460.0011506499","1023","20.00000112478","8.62712531201092","-2.62578339465412","10"
"DanielThomson_ModernPlaningHull","60","0","1","0","0","0","0","2.36300778388977","0","47.0545921325684","34.7205963134766","0","0","492.669036865234","0","0","0","456.769714355469","159.826034545898","0","159.826034545898","185.189880371094","506.648864746094","0","0.00905131455510855","0.0730036944150925","0","0","81.3609085083008","0","2.70794892311096","-0.170614898204803","0","9","37","12","395","211","211","-1","0","38","1","10","0","9.52857875823975","0.0666666701436043","0","27","383","20459.99829567","1023","19.9999983339882","7.12210646425838","-2.40647229398136","10"
"DanielThomson_ModernPlaningHull","60","1","0","0","0","0","0","4.57734537124634","0","3.67613935470581","278.458831787109","0","0","659.774841308594","0","0","0","314.685577392578","24.3515605926514","0","24.3515605926514","69.029182434082","515.296020507813","0","0.00337386038154364","0.00766308512538671","0","0","281.399963378906","0","0.115559943020344","0.673144698143005","0","9","25","1","396","206","206","-1","0","26","0","5","0","41.0414543151855","0.0166666675359011","0.0301660895347595","13","394","20459.9997118136","1023","19.9999997182928","26.121392514781","-14.9200618004046","10"
"DanielThomson_ModernPlaningHull","60","1","1","0","0","0","0","3.65423011779785","0","17.5359420776367","63.9006958007813","0","0","523.93359375","0","0","0","1154.49670410156","24.0951538085938","0","24.0951538085938","116.733413696289","510.989318847656","0","0.00570544600486755","0.0278177745640278","0","0","80.9689254760742","0","0.75252228975296","0.252578347921371","0","9","31","4","396","209","209","-1","0","32","0","8","0","15.8994541168213","0.0333333350718021","0.0301660895347595","20","392","20459.9979732871","1023","19.9999980188535","11.8353955610637","-4.06405855575763","10"
"DanielThomson_ModernPlaningHull","60","1","2","0","0","0","0","3.80515336990356","0","30.0931873321533","45.4106903076172","0","0","504.943939208984","0","0","0","832.667907714844","56.9992179870605","0","56.9992179870605","149.421188354492","508.750122070313","0","0.00730308890342712","0.0474614165723324","0","0","75.0668182373047","0","1.54785656929016","0.163515105843544","0","9","38","7","398","212","212","-1","0","39","0","11","0","12.1549272537231","0.0500000007450581","0.0301660895347595","24","387","20459.9985472412","1023","19.9999985799034","8.85151053098926","-3.30341672273388","10"
"DanielThomson_ModernPlaningHull","60","1","3","0","0","0","0","2.88114500045776","0","75.2167587280273","24.9067573547363","54.0408630371094","0","460.573883056641","0","0","0","766.496826171875","147.881927490234","0","147.881927490234","225.748687744141","496.577331542969","0","0.0110336598008871","0.11335102468729","0","0","153.65576171875","0","4.87837743759155","0.0902787074446678","0","9","53","11","395","216","216","-1","0","54","0","15","0","7.8430027961731","0.100000001490116","0.0301660895347595","30","364","20460.0007448109","1023","20.0000007280654","5.58605221863859","-2.25695057753451","10"
"DanielThomson_ModernPlaningHull","60","1","4","0","0","0","0","2.26788020133972","0","135.344696044922","15.2322187423706","191.600738525391","0","401.376129150391","0","0","0","845.317199707031","251.068984985352","0","251.068984985352","283.295715332031","485.568908691406","0","0.0138463191688061","0.212232917547226","0","0","341.693939208984","0","10.1253700256348","0.064667135477066","0","9","69","16","391","221","221","-1","0","70","1","20","0","5.7100887298584","0.150000005960464","0.0301660895347595","42","340","20460.0018155192","1023","20.0000017747011","3.74069904768701","-1.96938968217138","10"
"DanielThomson_ModernPlaningHull","60","1","5","0","0","0","0","1.96852087974548","0","183.590530395508","8.70023250579834","684.155334472656","0","346.306121826172","0","0","0","909.88037109375","318.130340576172","0","318.130340576172","289.168273925781","467.380340576172","0","0.014133345335722","0.289460569620132","0","0","875.089294433594","0","14.677227973938","0.0560615137219429","0","9","89","25","389","230","230","-1","0","90","1","29","0","4.78263568878174","0.200000002980232","0.0301660895347595","59","329","20460.0020063834","1023","20.0000019612741","2.79866508201987","-1.98397060676187","10"
"DanielThomson_ModernPlaningHull","60","1","6","0","0","0","0","1.93583166599274","0","216.829406738281","7.31766891479492","526.7080078125","0","319.322998046875","0","0","0","880.078430175781","394.258117675781","0","394.258117675781","308.065093994141","478.900787353516","0","0.0150569453835487","0.346978068351746","0","0","749.871337890625","0","17.9272041320801","0.0510627813637257","0","9","95","28","389","233","233","-1","0","96","2","32","0","4.18328952789307","0.216666668653488","0.0301660895347595","76","328","20459.9994319388","1023","19.9999994447105","2.48710363790533","-1.69618588998773","10"
"DanielThomson_ModernPlaningHull","60","1","7","0","0","0","0","1.8670539855957","0","229.05793762207","5.65536022186279","716.515563964844","0","301.873046875","0","0","0","887.221557617188","414.038848876953","0","414.038848876953","300.574920654297","469.098052978516","0","0.014690856449306","0.367344200611115","0","0","949.893920898438","0","19.168249130249","0.0462104007601738","0","9","102","31","389","236","236","-1","0","103","2","35","0","4.02515077590942","0.233333334326744","0.0301660895347595","80","325","20459.9998435419","1023","19.9999998470595","2.29198833632877","-1.73316243958065","10"
"DanielThomson_ModernPlaningHull","60","2","0","0","0","0","0","4.14791107177734","0","8.00422191619873","98.1827163696289","0","0","516.831665039063","0","0","0","260.232086181641","45.0626258850098","0","45.0626258850098","80.3156661987305","513.318725585938","0","0.00392549717798829","0.0117267416790128","0","0","105.703826904297","0","0.317016541957855","0.124286003410816","0","9","38","3","399","212","212","-1","0","39","1","11","0","24.1376972198486","0.0333333350718021","0.060332179069519","14","395","20459.9984555052","1023","19.9999984902299","19.5571837532483","-4.58051346660036","10"
"DanielThomson_ModernPlaningHull","60","2","1","0","0","0","0","3.88696885108948","0","15.8150444030762","64.9943237304688","0","0","512.969177246094","0","0","0","2146.53881835938","12.2018346786499","0","12.2018346786499","110.584411621094","511.37060546875","0","0.00540490727871656","0.0261917114257813","0","0","80.3606491088867","0","0.728262782096863","0.142853707075119","0","9","43","4","399","213","213","-1","0","44","0","12","0","17.3077640533447","0.0500000007450581","0.060332179069519","18","390","20460.0016093806","1023","20.0000015731971","11.9090916279437","-5.398672425401","10"
"DanielThomson_ModernPlaningHull","60","2","2","0","0","0","0","3.14973115921021","0","50.5061454772949","33.2901077270508","56.6046981811523","0","479.560394287109","0","0","0","1097.12915039063","68.5858001708984","0","68.5858001708984","186.581100463867","498.135589599609","0","0.0091193113476038","0.0752474740147591","0","0","139.851043701172","0","2.97019934654236","0.0623944289982319","0","9","58","8","396","217","217","-1","0","59","0","16","0","9.96742343902588","0.100000001490116","0.060332179069519","24","364","20459.9989354343","1023","19.9999989593688","6.96083888148539","-3.00658455754049","10"
"DanielThomson_ModernPlaningHull","60","2","3","0","0","0","0","2.57835817337036","0","90.5022583007813","22.7872047424316","287.322692871094","0","435.223907470703","0","0","0","1081.482421875","125.255599975586","0","125.255599975586","234.028991699219","472.246154785156","0","0.0114383678883314","0.135461732745171","0","0","399.778747558594","0","6.05358409881592","0.0472230762243271","0","9","76","15","394","224","224","-1","0","77","0","23","0","7.46085023880005","0.150000005960464","0.060332179069519","33","343","20459.9986627426","1023","19.999998692808","4.84381473457761","-2.61703550422244","10"
"DanielThomson_ModernPlaningHull","60","2","4","0","0","0","0","1.98483800888062","0","125.493522644043","15.923210144043","551.334045410156","0","388.520965576172","0","0","0","1031.537109375","185.839645385742","0","185.839645385742","261.379028320313","442.758605957031","0","0.0127751231193542","0.191700473427773","0","0","691.546264648438","0","9.20911598205566","0.0315803624689579","0","9","97","25","393","234","234","-1","0","98","0","33","0","6.25936937332153","0.200000002980232","0.060332179069519","43","326","20460.0007278462","1023","20.0000007114821","3.82108307251428","-2.43828630080726","10"
"DanielThomson_ModernPlaningHull","60","2","5","0","0","0","0","1.60717916488647","0","198.359161376953","8.93973350524902","690.630493164063","0","316.662628173828","0","0","0","1080.56091308594","275.448699951172","0","275.448699951172","302.850494384766","430.941467285156","0","0.0148020749911666","0.297639101743698","0","0","896.798217773438","0","15.7740383148193","0.0283297337591648","0","9","116","34","393","243","243","-1","0","117","0","42","0","4.47759628295898","0.25","0.060332179069519","57","314","20460.0027067487","1023","20.0000026458932","2.8505878713045","-1.62700841165449","10"
"DanielThomson_ModernPlaningHull","60","2","6","0","0","0","0","1.08803153038025","0","215.118560791016","8.30220413208008","655.08349609375","0","301.422546386719","0","0","0","1071.19775390625","305.039154052734","0","305.039154052734","303.015289306641","435.046905517578","0","0.0148101337254047","0.326757252216339","0","0","877.434448242188","0","17.4913883209229","0.0213964190334082","0","9","136","43","391","252","252","-1","0","137","0","51","0","4.0183310508728","0.300000011920929","0.060332179069519","66","313","20459.9968457314","1023","19.9999969166484","2.59779681291795","-1.42053423795485","10"
"DanielThomson_ModernPlaningHull","60","2","7","0","0","0","0","0.687175154685974","0","279.772918701172","3.4726197719574","771.845581054688","0","260.903411865234","0","0","0","1053.08227539063","415.828247070313","0","415.828247070313","271.598693847656","481.919006347656","0","0.0132746193557978","0.437901347875595","0","0","1053.55651855469","0","23.8609943389893","0.0167981311678886","0","9","155","52","391","261","261","-1","0","156","2","60","0","3.10549020767212","0.349999994039536","0.060332179069519","100","321","20459.9986310744","1023","19.9999986618518","1.7371405443238","-1.36834966334832","10"
"DanielThomson_ModernPlaningHull","60","2","8","0","0","0","0","0.188127934932709","0","317.411499023438","3.77944278717041","697.913452148438","0","229.066070556641","0","0","0","1046.04211425781","479.693450927734","0","479.693450927734","245.028961181641","491.092468261719","0","0.0119759999215603","0.501779556274414","0","0","1076.25939941406","0","27.4872856140137","0.00651463866233826","0","9","175","62","390","271","271","-1","0","176","2","70","0","2.52921533584595","0.400000005960464","0.060332179069519","117","319","20460.0002326751","1023","20.0000002274439","1.36761135527481","-1.16160398057114","10"
"DanielThomson_ModernPlaningHull","60","2","9","0","0","0","0","-0.189860045909882","0","354.884887695313","0.804047703742981","827.323303222656","0","207.090301513672","0","0","0","1076.93896484375","506.5087890625","0","506.5087890625","-5.57089233398438","492.526977539063","0","-0.000272283563390374","0.54547905921936","0","0","1182.33850097656","0","30.40842628479","0.00964079145342112","0","9","194","71","390","280","280","-1","0","195","0","79","0","0.0057295779697597","0.449999988079071","0.060332179069519","87","285","20459.8921235556","1023","19.9998945489302","-0.0285999978055254","-0.0343295757752851","10"
"DanielThomson_ModernPlaningHull","60","2","10","0","0","0","0","-0.386906951665878","0","363.687072753906","1.18732917308807","758.365844726563","0","219.081100463867","0","0","0","1070.62866210938","522.64990234375","0","522.64990234375","5.22341918945313","512.697021484375","0","0.000255299150012434","0.559563934803009","0","0","1122.54028320313","0","31.2405986785889","0.0103821586817503","0","9","201","75","390","284","284","-1","0","202","0","83","0","0.0057295779697597","0.466666668653488","0.060332179069519","91","288","20459.9944386761","1023","19.9999945637108","0.0261410048058181","0.0204114268360584","10"
"DanielThomson_ModernPlaningHull","60","3","0","0","0","0","0","3.50762391090393","0","5.92110013961792","118.686592102051","0","0","514.221862792969","0","0","0","113.301879882813","73.0669860839844","0","73.0669860839844","72.167594909668","514.237976074219","0","0.00352725270204246","0.00827862694859505","0","0","124.154861450195","0","0.237454384565353","0.0214771591126919","0","9","54","2","400","216","216","-1","0","55","0","15","0","25.2211437225342","0.0666666701436043","0.0904982686042786","8","390","20460.0013114681","1023","20.0000012819825","25.2182425581026","-0.00290116443153821","10"
"DanielThomson_ModernPlaningHull","60","3","1","0","0","0","0","3.37602829933167","0","13.1776943206787","74.9746627807617","0","0","509.727935791016","0","0","0","357.012664794922","49.7540969848633","0","49.7540969848633","100.694580078125","512.051330566406","0","0.0049215336330235","0.0177628435194492","0","0","87.7110595703125","0","0.581285357475281","0.0257217679172754","0","9","59","4","400","218","218","-1","0","60","0","17","0","17.78662109375","0.0833333358168602","0.0904982686042786","12","382","20460.0003954995","1023","20.0000003866075","16.0853529430912","-1.70126815065878","10"
"DanielThomson_ModernPlaningHull","60","3","2","0","0","0","0","3.50553107261658","0","24.1280212402344","55.6962242126465","0","0","502.642547607422","0","0","0","2069.79858398438","16.0738887786865","0","16.0738887786865","131.808242797852","509.806335449219","0","0.00644224043935537","0.0332697108387947","0","0","79.3926162719727","0","1.18018019199371","0.0293196197599173","0","9","64","5","398","219","219","-1","0","65","0","18","0","13.7136344909668","0.100000001490116","0.0904982686042786","16","374","20460.0005291079","1023","20.0000005172121","11.1650999327647","-2.54853455820215","10"
"DanielThomson_ModernPlaningHull","60","3","3","0","0","0","0","2.79952907562256","0","43.0809860229492","38.5616493225098","66.4778747558594","0","482.216369628906","0","0","0","1642.25915527344","39.7845458984375","0","39.7845458984375","171.260986328125","494.323120117188","0","0.0083705261349678","0.0653365328907967","0","0","147.404922485352","0","2.45494890213013","0.0366934202611446","0","9","84","14","398","228","228","-1","0","85","1","27","0","10.607629776001","0.150000005960464","0.0904982686042786","31","367","20460.0025812814","1023","20.0000025232468","7.36062232264755","-3.24700745335343","10"
"DanielThomson_ModernPlaningHull","60","3","4","0","0","0","0","2.13681840896606","0","71.6249465942383","26.8928451538086","500.729339599609","0","429.921539306641","0","0","0","1006.45574951172","106.560493469238","0","106.560493469238","199.657791137695","431.797271728516","0","0.00975844636559486","0.107248425483704","0","0","597.32568359375","0","4.52091026306152","0.0109782898798585","0","9","103","23","396","237","237","-1","0","104","0","36","0","8.89572143554688","0.200000002980232","0.0904982686042786","40","346","20459.997796537","1023","19.9999978460772","5.22051667754645","-3.67520475800043","10"
"DanielThomson_ModernPlaningHull","60","3","5","0","0","0","0","1.55320656299591","0","100.178733825684","20.5422344207764","684.695434570313","0","400.809020996094","0","0","0","924.122253417969","162.459533691406","0","162.459533691406","230.639526367188","419.95458984375","0","0.011272706091404","0.150132477283478","0","0","803.5439453125","0","6.82961130142212","0.00446346122771502","0","9","123","32","396","246","246","-1","0","124","0","45","0","7.38459062576294","0.25","0.0904982686042786","49","330","20459.9964282811","1023","19.9999965085837","4.30610987342439","-3.07848075233855","10"
"DanielThomson_ModernPlaningHull","60","3","6","0","0","0","0","0.891690075397491","0","152.889099121094","12.9308261871338","835.648071289063","0","354.248107910156","0","0","0","942.026794433594","235.312728881836","0","235.312728881836","271.941864013672","412.611328125","0","0.013291391544044","0.221670895814896","0","0","999.807739257813","0","11.1035032272339","0.00575869670137763","0","9","142","41","394","255","255","-1","0","143","0","54","0","5.57935905456543","0.300000011920929","0.0904982686042786","60","316","20459.9994750385","1023","19.9999994868412","3.43751800389518","-2.14184105067025","10"
"DanielThomson_ModernPlaningHull","60","3","7","0","0","0","0","0.273803055286407","0","181.738708496094","10.6813793182373","735.873046875","0","330.164337158203","0","0","0","896.206298828125","296.339630126953","0","296.339630126953","287.433990478516","417.804321289063","0","0.0140485838055611","0.265581458806992","0","0","926.823608398438","0","13.7615985870361","0.00274045788682997","0","9","162","51","395","265","265","-1","0","163","0","64","0","4.63265943527222","0.349999994039536","0.0904982686042786","71","314","20459.9975667822","1023","19.999997621488","3.03221643169779","-1.60044300357443","10"
"DanielThomson_ModernPlaningHull","60","3","8","0","0","0","0","-0.119094796478748","0","187.138031005859","11.4096641540527","765.081787109375","0","325.340240478516","0","0","0","858.032836914063","321.166717529297","0","321.166717529297","275.963684082031","418.763854980469","0","0.0134879592806101","0.275571584701538","0","0","962.174255371094","0","14.2902002334595","0.00371624040417373","0","9","181","60","393","274","274","-1","0","182","0","73","0","4.28041648864746","0.400000005960464","0.0904982686042786","79","315","20460.002758071","1023","20.0000026960616","2.8054852677209","-1.47493122092656","10"
"DanielThomson_ModernPlaningHull","60","3","9","0","0","0","0","-0.631777167320251","0","204.019943237305","6.69120979309082","984.245727539063","0","329.907257080078","0","0","0","816.128662109375","366.850036621094","0","366.850036621094","253.527069091797","454.871734619141","0","0.0123913530260324","0.299396842718124","0","0","1192.20166015625","0","15.6349325180054","0.00798162166029215","0","9","201","70","394","284","284","-1","0","202","0","83","0","3.97176146507263","0.449999988079071","0.0904982686042786","89","318","20459.9988846394","1023","19.9999989097159","2.37201936518973","-1.5997420998829","10"
"DanielThomson_ModernPlaningHull","60","3","10","0","0","0","0","-1.186518907547","0","221.462478637695","9.78558921813965","925.023681640625","0","302.211517333984","0","0","0","747.037658691406","430.570159912109","0","430.570159912109","247.913833618164","425.67333984375","0","0.0121170002967119","0.321652114391327","0","0","1154.86010742188","0","16.9465560913086","0.0225698351860046","0","9","221","80","393","294","294","-1","0","222","0","93","0","2.79866600036621","0.5","0.0904982686042786","92","310","20460.0006228801","1023","20.0000006088759","2.15890782060382","-0.639758179762389","10"
"DanielThomson_ModernPlaningHull","60","4","0","0","0","0","0","-4.49093818664551","0","10.1002216339111","203.929946899414","0","0","511.919128417969","0","0","0","812.259216308594","17.4487953186035","0","17.4487953186035","94.2960357666016","513.346008300781","0","0.00460879923775792","0.0141729451715946","0","0","213.525329589844","0","0.421799570322037","0.020905239507556","0","9","104","3","400","237","237","-1","0","105","0","36","0","15.2511444091797","0.183333337306976","0.120664358139038","26","376","20460.0007294903","1023","20.0000007130893","18.9766560493492","3.72551164016956","10"
"DanielThomson_ModernPlaningHull","60","4","1","0","0","0","0","-22.4222469329834","0","2.9017174243927","430.189331054688","0","0","516.586181640625","0","0","0","190.79426574707","15.7201242446899","0","15.7201242446899","68.0006942749023","515.333862304688","0","0.00332359201274812","0.00299930921755731","0","0","432.361358642578","0","0.0590148381888866","0.0236272644251585","0","9","110","6","399","240","240","-1","0","111","0","39","0","12.7432374954224","0.200000002980232","0.120664358139038","23","375","20460.0005097123","1023","20.0000004982525","NaN","NaN","10"
"DanielThomson_ModernPlaningHull","60","4","2","0","0","0","0","0.988067030906677","0","36.4396705627441","67.208251953125","170.979248046875","0","480.795471191406","0","0","0","802.675476074219","61.2742233276367","0","61.2742233276367","145.494674682617","480.111724853516","0","0.00711117684841156","0.0491833165287971","0","0","273.618865966797","0","1.85640633106232","0.0032854073215276","0","9","129","15","399","249","249","-1","0","130","0","48","0","10.4118528366089","0.25","0.120664358139038","42","364","20459.9994887086","1023","19.9999995002039","8.31325650219605","-2.09859633441284","10"
"DanielThomson_ModernPlaningHull","60","4","3","0","0","0","0","0.65804523229599","0","41.236888885498","59.9817810058594","201.476593017578","0","477.623901367188","0","0","0","554.085510253906","98.1148071289063","0","98.1148071289063","152.821075439453","479.529235839844","0","0.00746926059946418","0.054363988339901","0","0","301.785003662109","0","2.14337110519409","0.00299144349992275","0","9","149","24","397","258","258","-1","0","150","0","57","0","9.7515115737915","0.300000011920929","0.120664358139038","50","360","20460.0004785502","1023","20.000000467791","7.8970486812812","-1.85446289251031","10"
"DanielThomson_ModernPlaningHull","60","4","4","0","0","0","0","0.686251699924469","0","60.4155616760254","38.9629211425781","893.911254882813","0","418.460327148438","0","0","0","458.431396484375","174.47721862793","0","174.47721862793","165.061553955078","385.825469970703","0","0.00806752592325211","0.0799858346581459","0","0","989.974243164063","0","3.38558459281921","0.0273809283971786","0","9","169","34","398","268","268","-1","0","170","0","67","0","9.93421173095703","0.349999994039536","0.120664358139038","59","340","20459.9967233251","1023","19.9999967969942","5.78880655590341","-4.14540517505362","10"
"DanielThomson_ModernPlaningHull","60","4","5","0","0","0","0","0.208259329199791","0","62.7941932678223","42.117618560791","960.757385253906","0","413.304260253906","0","0","0","419.910491943359","197.052627563477","0","197.052627563477","164.739013671875","378.474822998047","0","0.00805175863206387","0.0827444642782211","0","0","1062.42321777344","0","3.54226207733154","0.0346767492592335","0","9","188","43","396","277","277","-1","0","189","0","76","0","9.53706455230713","0.400000005960464","0.120664358139038","67","340","20460.00398172","1023","20.0000038921994","5.58421593956491","-3.95284861274222","10"
"DanielThomson_ModernPlaningHull","60","4","6","0","0","0","0","-0.141778513789177","0","98.7422714233398","19.8325309753418","1150.10925292969","0","369.845764160156","0","0","0","479.885467529297","277.591033935547","0","277.591033935547","214.259536743164","344.985656738281","0","0.0104721179232001","0.133211895823479","0","0","1265.35229492188","0","6.20529890060425","0.0374858602881432","0","9","208","53","397","287","287","-1","0","209","0","86","0","7.41034460067749","0.449999988079071","0.120664358139038","78","327","20460.0003852601","1023","20.0000003765984","4.50881543729065","-2.90152916338684","10"
"DanielThomson_ModernPlaningHull","60","4","7","0","0","0","0","-0.678572595119476","0","94.3036880493164","15.6369771957397","1381.61193847656","0","372.8779296875","0","0","0","377.771697998047","341.099304199219","0","341.099304199219","203.245147705078","343.931488037109","0","0.00993378274142742","0.128857657313347","0","0","1486.59899902344","0","5.89303493499756","0.0606362596154213","0","9","227","63","396","297","297","-1","0","228","0","96","0","7.21368217468262","0.5","0.120664358139038","83","320","20459.9952500947","1023","19.9999953568864","4.42138313527123","-2.79229903941139","10"
"DanielThomson_ModernPlaningHull","60","4","8","0","0","0","0","-1.05388903617859","0","82.1960144042969","18.9788093566895","1425.40295410156","0","366.177795410156","0","0","0","300.854797363281","372.741485595703","0","372.741485595703","189.840805053711","312.559173583984","0","0.00927863176912069","0.112141065299511","0","0","1521.654296875","0","5.05163049697876","0.0818979442119598","0","9","247","73","397","307","307","-1","0","248","0","106","0","7.17748117446899","0.550000011920929","0.120664358139038","82","325","20459.9998984227","1023","19.9999999007064","4.74611961857583","-2.43136155589316","10"
"DanielThomson_ModernPlaningHull","60","4","9","0","0","0","0","-1.2501859664917","0","84.6448822021484","18.5091972351074","1451.47033691406","0","361.008941650391","0","0","0","285.748626708984","404.610687255859","0","404.610687255859","191.977661132813","305.826110839844","0","0.00938307214528322","0.115616947412491","0","0","1549.72277832031","0","5.23320150375366","0.0831444934010506","0","9","253","76","396","310","310","-1","0","254","0","109","0","7.04940414428711","0.566666662693024","0.120664358139038","84","327","20460.0005371714","1023","20.0000005250942","4.6550471065899","-2.39435703769721","10"
"DanielThomson_ModernPlaningHull","60","4","10","0","0","0","0","-1.42835700511932","0","89.1179656982422","17.7258434295654","1467.50061035156","0","356.318908691406","0","0","0","290.525512695313","423.803161621094","0","423.803161621094","196.219192504883","304.090118408203","0","0.00959037989377975","0.12312563508749","0","0","1569.61682128906","0","5.61668539047241","0.0845739096403122","0","9","260","80","397","314","314","-1","0","261","0","113","0","6.55316781997681","0.583333313465118","0.120664358139038","86","329","20460.0020727176","1023","20.0000020261169","4.46735123940993","-2.08581658056687","10"
"DanielThomson_ModernPlaningHull","75","0","0","0","0","0","0","2.69702887535095","0","27.634147644043","48.6515617370605","0","0","517.692504882813","0","0","0","844.4873046875","54.0814552307129","0","54.0814552307129","146.167495727539","509.261962890625","0","0.00714406138285995","0.0456711016595364","0","0","75.8395080566406","0","1.46223926544189","0.267184495925903","0","9","31","8","399","213","213","-1","0","32","0","12","0","12.0855913162231","0.0500000007450581","0.0301660895347595","25","389","20459.9999767954","1023","19.9999999773171","8.99939910575684","-3.0861922104663","10"
"DanielThomson_ModernPlaningHull","75","0","1","0","0","0","0","1.59796357154846","0","83.3024291992188","22.3904609680176","107.131469726563","0","453.290496826172","0","0","0","856.846984863281","149.011215209961","0","149.011215209961","239.389541625977","490.810424804688","0","0.0117003684863448","0.12767980992794","0","0","212.262435913086","0","5.55865907669067","0.137893423438072","0","9","45","13","397","218","218","-1","0","46","1","17","0","6.64585828781128","0.100000001490116","0.0301660895347595","35","366","20460.0002047253","1023","20.0000002001225","5.25786777942964","-1.38799050838164","10"
"DanielThomson_ModernPlaningHull","75","0","2","0","0","0","0","1.33216500282288","0","137.866058349609","14.1629486083984","188.813415527344","0","399.962432861328","0","0","0","981.050537109375","219.637420654297","0","219.637420654297","291.461486816406","484.017852783203","0","0.0142454290762544","0.215475410223007","0","0","340.338317871094","0","10.311882019043","0.101845070719719","0","9","64","21","396","226","226","-1","0","65","2","25","0","4.85742998123169","0.150000005960464","0.0301660895347595","52","350","20460.000555704","1023","20.0000005432102","3.79068176357245","-1.06674821765923","10"
"DanielThomson_ModernPlaningHull","75","0","3","0","0","0","0","1.09251844882965","0","195.41569519043","8.8481616973877","515.741149902344","0","330.956085205078","0","0","0","1104.11779785156","278.456146240234","0","278.456146240234","318.414306640625","453.083618164063","0","0.0155627718195319","0.307448387145996","0","0","719.218872070313","0","15.5323581695557","0.0747461766004562","0","9","84","31","395","236","236","-1","0","85","3","35","0","3.86624193191528","0.200000002980232","0.0301660895347595","73","338","20459.9996924071","1023","19.9999996993227","2.90150286117938","-0.964739070735904","10"
"DanielThomson_ModernPlaningHull","75","0","4","0","0","0","0","1.04396116733551","0","201.371398925781","6.78826951980591","545.552551269531","0","339.336151123047","0","0","0","1255.65393066406","250.712051391602","0","250.712051391602","302.818939208984","480.222015380859","0","0.0148005345836282","0.314807564020157","0","0","752.433532714844","0","16.0457229614258","0.0723147466778755","0","9","91","34","395","239","239","-1","0","92","2","38","0","3.75734806060791","0.216666668653488","0.0301660895347595","74","336","20460.0001099928","1023","20.0000001075198","2.69472831098233","-1.06261974962558","10"
"DanielThomson_ModernPlaningHull","75","1","0","0","0","0","0","3.65704679489136","0","7.60434865951538","105.260589599609","0","0","531.643432617188","0","0","0","260.944000244141","51.8504943847656","0","51.8504943847656","79.7539749145508","513.516296386719","0","0.00389804434962571","0.0135300764814019","0","0","112.367362976074","0","0.314337491989136","0.265819698572159","0","9","29","3","399","212","212","-1","0","30","1","11","0","24.136157989502","0.0333333350718021","0.060332179069519","15","395","20459.9967987047","1023","19.9999968706791","16.7443709251523","-7.39178706434962","10"
"DanielThomson_ModernPlaningHull","75","1","1","0","0","0","0","3.28449630737305","0","12.6033744812012","76.6615905761719","0","0","529.746643066406","0","0","0","584.354614257813","40.5831604003906","0","40.5831604003906","101.222450256348","512.192687988281","0","0.00494733359664679","0.0237149577587843","0","0","88.7965698242188","0","0.579721212387085","0.276356846094131","0","9","33","5","400","214","214","-1","0","34","0","13","0","18.5979194641113","0.0500000007450581","0.060332179069519","19","393","20460.0009841573","1023","20.0000009620306","12.0412935139385","-6.55662595017282","10"
"DanielThomson_ModernPlaningHull","75","1","2","0","0","0","0","2.28274583816528","0","48.150951385498","34.5163154602051","49.2662391662598","0","484.673583984375","0","0","0","8184.31494140625","8.63249969482422","0","8.63249969482422","183.92561340332","499.479248046875","0","0.00898952037096024","0.0706510916352272","0","0","131.401229858398","0","2.73507714271545","0.111597761511803","0","9","48","10","398","219","219","-1","0","49","0","18","0","9.47362804412842","0.100000001490116","0.060332179069519","26","369","20460.0029604999","1023","20.0000028939393","7.31002912681336","-2.16359891731505","10"
"DanielThomson_ModernPlaningHull","75","1","3","0","0","0","0","1.70565819740295","0","96.7970504760742","19.7725830078125","381.329528808594","0","423.111541748047","0","0","0","2356.23486328125","60.8584785461426","0","60.8584785461426","242.743637084961","457.417724609375","0","0.0118643008172512","0.143396854400635","0","0","496.791809082031","0","6.60872793197632","0.0801483020186424","0","9","67","19","398","228","228","-1","0","68","0","27","0","6.61657476425171","0.150000005960464","0.060332179069519","38","346","20460.003570712","1023","20.0000034904321","4.74593576167004","-1.87063900258167","10"
"DanielThomson_ModernPlaningHull","75","1","4","0","0","0","0","1.38147103786469","0","148.295623779297","12.7684946060181","607.458129882813","0","372.140808105469","0","0","0","2003.19055175781","110.789054870605","0","110.789054870605","282.793212890625","445.007293701172","0","0.0138217601925135","0.221931591629982","0","0","767.441650390625","0","11.0027484893799","0.0608836151659489","0","9","87","28","396","237","237","-1","0","88","0","36","0","4.92906427383423","0.200000002980232","0.060332179069519","49","327","20459.9999531029","1023","19.9999999541573","3.57065603991765","-1.35840823391658","10"
"DanielThomson_ModernPlaningHull","75","1","5","0","0","0","0","0.810574114322662","0","196.40007019043","8.56024742126465","900.430908203125","0","313.923065185547","0","0","0","2176.630859375","134.39306640625","0","134.39306640625","302.098236083984","415.751739501953","0","0.0147653101012111","0.292524099349976","0","0","1104.09020996094","0","15.3079891204834","0.0441066324710846","0","9","107","38","397","247","247","-1","0","108","0","46","0","4.01315641403198","0.25","0.060332179069519","60","314","20459.9994184481","1023","19.9999994315231","2.89326455426582","-1.11989185976616","10"
"DanielThomson_ModernPlaningHull","75","1","6","0","0","0","0","0.308242529630661","0","230.896682739258","1.61749362945557","807.155090332031","0","305.890533447266","0","0","0","1676.77453613281","215.589447021484","0","215.589447021484","276.390289306641","473.614227294922","0","0.0135088106617332","0.361494898796082","0","0","1037.68884277344","0","18.9960765838623","0.0481026843190193","0","9","126","47","395","256","256","-1","0","127","2","55","0","3.19454860687256","0.300000011920929","0.060332179069519","88","333","20460.0017149978","1023","20.0000016764397","2.14160173359529","-1.05294687327727","10"
"DanielThomson_ModernPlaningHull","75","1","7","0","0","0","0","-0.028757443651557","0","242.556900024414","-1.10210418701172","915.855224609375","0","301.649017333984","0","0","0","2043.20788574219","182.267578125","0","182.267578125","257.097564697266","483.057861328125","0","0.0125658623874187","0.372410535812378","0","0","1154.99035644531","0","19.8799495697021","0.0415765047073364","0","9","147","57","396","266","266","-1","0","148","1","65","0","2.96922492980957","0.349999994039536","0.060332179069519","91","331","20460.0016115629","1023","20.0000015753303","1.93363899589897","-1.0355859339106","10"
"DanielThomson_ModernPlaningHull","75","1","8","0","0","0","0","-0.331411063671112","0","309.339447021484","0.371135473251343","697.786254882813","0","239.088653564453","0","0","0","1739.48779296875","282.860748291016","0","282.860748291016","255.460037231445","494.398559570313","0","0.012485827319324","0.492032825946808","0","0","1006.07983398438","0","26.658031463623","0.0209216251969337","0","9","167","67","395","276","276","-1","0","168","3","75","0","2.15216827392578","0.400000005960464","0.060332179069519","127","332","20460.0008231794","1023","20.000000804672","1.45409408035655","-0.698074193569231","10"
"DanielThomson_ModernPlaningHull","75","1","9","0","0","0","0","-0.710503935813904","0","310.186157226563","-1.6041042804718","697.669311523438","0","249.431884765625","0","0","0","1966.74340820313","245.026382446289","0","245.026382446289","229.987640380859","509.696685791016","0","0.0112408427521586","0.481904000043869","0","0","1140.40844726563","0","26.3871688842773","0.0150327999144793","0","9","187","77","396","286","286","-1","0","188","1","85","0","1.9453934431076","0.449999988079071","0.060332179069519","115","323","20459.9997928708","1023","19.9999997975277","1.33659657662692","-0.608796866480686","10"
"DanielThomson_ModernPlaningHull","75","1","10","0","0","0","0","-0.903667867183685","0","312.912841796875","-1.33381509780884","769.311157226563","0","243.527679443359","0","0","0","2073.447265625","236.485473632813","0","236.485473632813","221.46435546875","508.067260742188","0","0.0108242593705654","0.490340113639832","0","0","1078.93713378906","0","26.8930854797363","0.0114128086715937","0","9","193","80","395","289","289","-1","0","194","1","88","0","1.88158440589905","0.466666668653488","0.060332179069519","117","323","20460.0008080905","1023","20.0000007899223","1.26490712267934","-0.616677283219704","10"
"DanielThomson_ModernPlaningHull","75","1","11","0","0","0","0","-0.892516732215881","0","340.174468994141","4.37249279022217","743.029235839844","0","208.618865966797","0","0","0","2021.04638671875","259.199371337891","0","259.199371337891","236.177917480469","486.183013916016","0","0.0115433968603611","0.523853957653046","0","0","1086.80383300781","0","29.2796592712402","1.86733677765005E-06","0","9","199","83","395","292","292","-1","0","200","0","91","0","1.53450334072113","0.483333349227905","0.060332179069519","106","308","20460.0015348585","1023","20.0000015003504","1.26264477685672","-0.271858563864412","10"
"DanielThomson_ModernPlaningHull","75","2","0","0","0","0","0","2.70041513442993","0","5.60043954849243","124.682083129883","0","0","519.032348632813","0","0","0","64.937385559082","127.486305236816","0","127.486305236816","70.8240127563477","514.367309570313","0","0.00346158421598375","0.00827862694859505","0","0","129.821823120117","0","0.227182552218437","0.135555505752563","0","9","40","2","400","216","216","-1","0","41","0","15","0","25.2129402160645","0.0666666701436043","0.0904982686042786","8","390","20459.9999125603","1023","19.9999999145262","24.7169009119634","-0.496039304101039","10"
"DanielThomson_ModernPlaningHull","75","2","1","0","0","0","0","2.86594319343567","0","14.6855230331421","76.4803848266602","0","0","511.491241455078","0","0","0","220.944946289063","91.8165130615234","0","91.8165130615234","105.198692321777","511.720092773438","0","0.0051416764035821","0.0202863942831755","0","0","90.7178344726563","0","0.668540239334106","0.107874184846878","0","9","45","4","400","218","218","-1","0","46","0","17","0","16.2241344451904","0.0833333358168602","0.0904982686042786","13","382","20459.998658898","1023","19.9999986890499","14.6820216794287","-1.54211276576177","10"
"DanielThomson_ModernPlaningHull","75","2","2","0","0","0","0","2.59964895248413","0","23.7474308013916","54.591667175293","0","0","504.462371826172","0","0","0","448.281036376953","76.1288299560547","0","76.1288299560547","131.630142211914","509.860809326172","0","0.00643353536725044","0.0341271124780178","0","0","77.9056091308594","0","1.18138182163239","0.0895344913005829","0","9","51","6","399","220","220","-1","0","52","0","19","0","13.1029100418091","0.100000001490116","0.0904982686042786","18","376","20460.0013364301","1023","20.0000013063832","10.8662418024659","-2.23666823934315","10"
"DanielThomson_ModernPlaningHull","75","2","3","0","0","0","0","1.96693801879883","0","34.5556907653809","45.421329498291","0","0","496.362030029297","0","0","0","792.348754882813","63.2329406738281","0","63.2329406738281","155.78938293457","508.282867431641","0","0.00761433923617005","0.0501025430858135","0","0","79.5605316162109","0","1.83574688434601","0.0717248618602753","0","9","70","15","399","229","229","-1","0","71","0","28","0","10.7118968963623","0.150000005960464","0.0904982686042786","29","371","20460.0002840077","1023","20.0000002776224","8.74140438181247","-1.97049251454984","10"
"DanielThomson_ModernPlaningHull","75","2","4","0","0","0","0","1.29772698879242","0","67.7994689941406","29.6480121612549","382.268493652344","0","438.738342285156","0","0","0","4635.2861328125","21.8206615447998","0","21.8206615447998","199.736938476563","442.026977539063","0","0.00976231414824724","0.101145014166832","0","0","478.01513671875","0","4.21490240097046","0.054726779460907","0","9","91","25","398","239","239","-1","0","92","0","38","0","8.03265476226807","0.200000002980232","0.0904982686042786","42","352","20459.9990784382","1023","19.9999990991575","5.53869639794048","-2.49395836432759","10"
"DanielThomson_ModernPlaningHull","75","2","5","0","0","0","0","0.673018634319305","0","106.399124145508","18.8916435241699","718.50146484375","0","398.505096435547","0","0","0","6084.4189453125","25.6118717193604","0","25.6118717193604","233.932006835938","424.882598876953","0","0.0114336274564266","0.155833348631859","0","0","841.963989257813","0","7.33253049850464","0.0376940220594406","0","9","110","34","398","248","248","-1","0","111","0","47","0","6.52985954284668","0.25","0.0904982686042786","51","329","20459.9990446994","1023","19.9999990661773","4.2076215272214","-2.32223801562528","10"
"DanielThomson_ModernPlaningHull","75","2","6","0","0","0","0","0.0201442036777735","0","156.569580078125","12.3527965545654","826.2236328125","0","358.158935546875","0","0","0","3049.9951171875","73.5312957763672","0","73.5312957763672","273.949157714844","421.868591308594","0","0.0133894998580217","0.224270090460777","0","0","993.550354003906","0","11.1860399246216","0.0254884101450443","0","9","130","44","397","258","258","-1","0","131","0","57","0","5.00202703475952","0.300000011920929","0.0904982686042786","62","313","20459.9992994301","1023","19.9999993151809","3.42274040411197","-1.57928663064755","10"
"DanielThomson_ModernPlaningHull","75","2","7","0","0","0","0","-0.472236931324005","0","181.232711791992","10.7949876785278","904.038269042969","0","329.747650146484","0","0","0","2754.48120117188","94.7177581787109","0","94.7177581787109","280.66943359375","411.421478271484","0","0.0137179596349597","0.260898292064667","0","0","1094.48083496094","0","13.4913721084595","0.0197164434939623","0","9","150","54","398","268","268","-1","0","151","0","67","0","4.2448935508728","0.349999994039536","0.0904982686042786","73","314","20459.9985028732","1023","19.9999985365329","3.01398608837374","-1.23090746249906","10"
"DanielThomson_ModernPlaningHull","75","2","8","0","0","0","0","-0.830940127372742","0","189.211578369141","10.7596435546875","925.446228027344","0","320.650665283203","0","0","0","2385.87084960938","115.251510620117","0","115.251510620117","276.351196289063","409.288604736328","0","0.0135069023817778","0.27497524023056","0","0","1123.8583984375","0","14.2872362136841","0.0113162444904447","0","9","169","63","396","277","277","-1","0","170","0","76","0","3.94738101959229","0.400000005960464","0.0904982686042786","81","314","20459.9980423261","1023","19.9999980863403","2.81552660986074","-1.13185440973155","10"
"DanielThomson_ModernPlaningHull","75","2","9","0","0","0","0","-1.2227281332016","0","221.522125244141","-8.50680160522461","822.369873046875","0","329.902862548828","0","0","0","2392.32983398438","138.000549316406","0","138.000549316406","215.263381958008","495.235778808594","0","0.010521181859076","0.330142825841904","0","0","1032.0068359375","0","17.6563262939453","0.0258393883705139","0","9","189","73","397","287","287","-1","0","190","0","86","0","2.97778606414795","0.449999988079071","0.0904982686042786","98","334","20460.0001065767","1023","20.0000001041805","1.82624410850075","-1.1515419556472","10"
"DanielThomson_ModernPlaningHull","75","2","10","0","0","0","0","-1.4986869096756","0","214.893325805664","1.778883934021","886.762573242188","0","335.634735107422","0","0","0","2139.95263671875","145.798049926758","0","145.798049926758","228.016799926758","485.132690429688","0","0.0111445169895887","0.312000930309296","0","0","1100.38415527344","0","16.571117401123","0.00404090480878949","0","9","209","83","396","297","297","-1","0","210","0","96","0","3.04734706878662","0.5","0.0904982686042786","101","324","20459.9984135492","1023","19.9999984492172","2.04701205945025","-1.00033500933637","10"
"DanielThomson_ModernPlaningHull","75","2","11","0","0","0","0","-1.6558051109314","0","264.437683105469","6.96284437179565","778.985778808594","0","284.885559082031","0","0","0","1923.29675292969","202.343627929688","0","202.343627929688","243.720779418945","472.312713623047","0","0.0119120609015226","0.389166861772537","0","0","1049.19653320313","0","20.9905452728271","0.0103815943002701","0","9","217","87","397","301","301","-1","0","218","0","100","0","2.0315682888031","0.516666650772095","0.0904982686042786","104","314","20460.0011227102","1023","20.0000010974684","1.75404829367223","-0.277519995130876","10"
"DanielThomson_ModernPlaningHull","75","3","0","0","0","0","0","-6.65120840072632","0","9.32090854644775","206.368286132813","0","0","512.816101074219","0","0","0","102.02042388916","131.063552856445","0","131.063552856445","91.9051971435547","513.646789550781","0","0.00449194526299834","0.0133711583912373","0","0","215.194122314453","0","0.398833453655243","0.0494946390390396","0","9","87","3","400","237","237","-1","0","88","0","36","0","14.5497608184814","0.183333337306976","0.120664358139038","26","378","20459.9993460759","1023","19.999999360778","19.6298820291114","5.08012121062998","10"
"DanielThomson_ModernPlaningHull","75","3","1","0","0","0","0","-1.62378704547882","0","13.552544593811","133.793228149414","0","0","510.493530273438","0","0","0","165.78254699707","114.149757385254","0","114.149757385254","100.890083312988","512.758911132813","0","0.00493108946830034","0.0189240369945765","0","0","146.917892456055","0","0.592457592487335","0.0520927086472511","0","9","93","6","399","240","240","-1","0","94","0","39","0","12.5966930389404","0.200000002980232","0.120664358139038","30","376","20459.9985381655","1023","19.9999985710318","15.1040528534078","2.50735981446742","10"
"DanielThomson_ModernPlaningHull","75","3","2","0","0","0","0","0.336024343967438","0","36.765308380127","66.5355834960938","171.958343505859","0","481.864562988281","0","0","0","676.174987792969","72.7375564575195","0","72.7375564575195","145.979537963867","481.891174316406","0","0.00713487481698394","0.0491833202540874","0","0","274.326904296875","0","1.89867830276489","0.0501665584743023","0","9","113","16","400","250","250","-1","0","114","0","49","0","9.56234645843506","0.25","0.120664358139038","43","365","20459.9998890486","1023","19.9999998915431","8.34115745575224","-1.22118900268282","10"
"DanielThomson_ModernPlaningHull","75","3","3","0","0","0","0","-0.0200509130954742","0","47.0544052124023","49.8724822998047","392.688903808594","0","455.814270019531","0","0","0","1111.7333984375","56.5378112792969","0","56.5378112792969","159.779113769531","442.819152832031","0","0.00780934141948819","0.0628549754619598","0","0","487.878326416016","0","2.52967143058777","0.0431528985500336","0","9","134","26","399","260","260","-1","0","135","0","59","0","9.10374164581299","0.300000011920929","0.120664358139038","53","361","20459.9985052264","1023","19.9999985388333","7.13708895114167","-1.96665269467132","10"
"DanielThomson_ModernPlaningHull","75","3","4","0","0","0","0","-0.0935854688286781","0","66.1893005371094","38.5054969787598","903.577697753906","0","420.255218505859","0","0","0","3429.5830078125","25.7359848022461","0","25.7359848022461","168.442260742188","397.653198242188","0","0.00823276024311781","0.0882636979222298","0","0","1005.13952636719","0","3.7914867401123","0.023017467930913","0","9","153","35","399","269","269","-1","0","154","0","68","0","8.72439098358154","0.349999994039536","0.120664358139038","61","342","20459.9983198827","1023","19.9999983576566","5.35202023280819","-3.37237075077335","10"
"DanielThomson_ModernPlaningHull","75","3","5","0","0","0","0","-0.355178356170654","0","79.3029861450195","35.2569732666016","1014.85504150391","0","407.706359863281","0","0","0","7513.78271484375","14.0882921218872","0","14.0882921218872","178.553787231445","392.070007324219","0","0.00872696842998266","0.105856359004974","0","0","1126.40002441406","0","4.75693130493164","0.0145152490586042","0","9","173","45","398","279","279","-1","0","174","0","78","0","7.91235065460205","0.400000005960464","0.120664358139038","71","340","20460.0015072817","1023","20.0000014733937","4.72892300976778","-3.18342764483427","10"
"DanielThomson_ModernPlaningHull","75","3","6","0","0","0","0","-0.707608699798584","0","74.9847793579102","25.5173606872559","1219.42419433594","0","390.645904541016","0","0","0","5143.5986328125","19.6985263824463","0","19.6985263824463","182.175842285156","351.312835693359","0","0.00890400074422359","0.101321309804916","0","0","1316.26538085938","0","4.42493915557861","0.0122553259134293","0","9","193","55","399","289","289","-1","0","194","0","88","0","8.29597759246826","0.449999988079071","0.120664358139038","76","325","20459.9985465344","1023","19.9999985792125","5.04159071666376","-3.2543868758045","10"
"DanielThomson_ModernPlaningHull","75","3","7","0","0","0","0","-0.93042403459549","0","57.9899482727051","39.0836334228516","1367.07202148438","0","403.428436279297","0","0","0","3034.83862304688","25.9027194976807","0","25.9027194976807","147.609527587891","354.170776367188","0","0.0072145420126617","0.0786105766892433","0","0","1460.39819335938","0","3.30110001564026","0.0227584540843964","0","9","213","65","398","299","299","-1","0","214","0","98","0","9.08456230163574","0.5","0.120664358139038","82","334","20459.9997240064","1023","19.9999997302115","5.26577122700788","-3.81879107462786","10"
"DanielThomson_ModernPlaningHull","75","3","8","0","0","0","0","-1.15815508365631","0","70.2577590942383","29.5381927490234","1312.61840820313","0","390.122222900391","0","0","0","1433.48901367188","66.7110977172852","0","66.7110977172852","172.776107788086","344.601318359375","0","0.00844458024948835","0.0956296250224113","0","0","1409.04528808594","0","4.17196178436279","0.0406702682375908","0","9","233","75","399","309","309","-1","0","234","0","108","0","7.64640855789185","0.550000011920929","0.120664358139038","83","330","20459.999512534","1023","19.9999995234936","5.06610617008494","-2.5803023878069","10"
"DanielThomson_ModernPlaningHull","75","3","9","0","0","0","0","-1.36417102813721","0","94.8371963500977","16.1461811065674","1668.31579589844","0","361.814788818359","0","0","0","1241.25463867188","105.54386138916","0","105.54386138916","192.137619018555","324.269683837891","0","0.00939089059829712","0.131006807088852","0","0","1774.1669921875","0","5.98944473266602","0.0482189208269119","0","9","239","78","398","312","312","-1","0","240","0","111","0","6.71842765808105","0.566666662693024","0.120664358139038","85","326","20459.9997207289","1023","19.9999997270077","4.11062804328914","-2.60779961479191","10"
"DanielThomson_ModernPlaningHull","75","3","10","0","0","0","0","-1.45494508743286","0","89.5648727416992","17.8621673583984","1567.18090820313","0","371.580993652344","0","0","0","1066.03735351563","115.914047241211","0","115.914047241211","187.352737426758","335.556701660156","0","0.00915702525526285","0.123568698763847","0","0","1669.56115722656","0","5.5868821144104","0.0520517453551292","0","9","246","82","399","316","316","-1","0","247","0","115","0","6.86013269424438","0.583333313465118","0.120664358139038","85","330","20460.0000768896","1023","20.0000000751609","4.24978386839938","-2.610348825845","10"
"DanielThomson_ModernPlaningHull","90","0","0","0","0","0","0","2.74279451370239","0","16.8881340026855","68.6446685791016","0","0","546.908142089844","0","0","0","925.462951660156","30.9239749908447","0","30.9239749908447","117.967903137207","511.344390869141","0","0.00576578266918659","0.0286189932376146","0","0","85.0492782592773","0","0.863021373748779","0.387401700019836","0","9","27","5","400","214","214","-1","0","28","1","13","0","15.5032739639282","0.0500000007450581","0.060332179069519","20","391","20459.9982180475","1023","19.999998258111","11.6227582609779","-3.88051570295032","10"
"DanielThomson_ModernPlaningHull","90","0","1","0","0","0","0","1.45691430568695","0","51.6952209472656","32.1745834350586","133.433792114258","0","477.110382080078","0","0","0","2402.53637695313","31.3200206756592","0","31.3200206756592","189.84651184082","483.718048095703","0","0.0092789102345705","0.0752474889159203","0","0","216.393920898438","0","3.00693726539612","0.159560322761536","0","9","39","11","399","220","220","-1","0","40","0","19","0","8.24129199981689","0.100000001490116","0.060332179069519","27","367","20460.0009097521","1023","20.0000008892982","7.08328010693374","-1.15801189288315","10"
"DanielThomson_ModernPlaningHull","90","0","2","0","0","0","0","1.02558314800262","0","102.167388916016","19.4975891113281","109.947052001953","0","437.129272460938","0","0","0","19106.28515625","7.82089900970459","0","7.82089900970459","255.792953491211","489.784576416016","0","0.0125020984560251","0.149428322911263","0","0","231.041641235352","0","6.94926500320435","0.109332829713821","0","9","59","21","400","230","230","-1","0","60","0","29","0","5.44772577285767","0.150000005960464","0.060332179069519","40","345","20460.0015262187","1023","20.0000014919049","4.79932984302948","-0.648395929828188","10"
"DanielThomson_ModernPlaningHull","90","0","3","0","0","0","0","1.02558314800262","0","148.906021118164","19001.4140625","0","0","32437.439453125","0","0","0","NaN","0","0","0","3243.744140625","30631.529296875","0","0.158540770411491","0.21947854757309","0","0","19106.70703125","0","10.8631811141968","0.336155533790588","0","9","80","32","400","241","241","-1","0","81","0","40","0","45","0.200000002980232","0.060332179069519","53","332","20459.9998612716","1023","19.9999998643906","NaN","NaN","10"
"DanielThomson_ModernPlaningHull","90","0","4","0","0","0","0","0.00673049548640847","0","186.821105957031","7.41946029663086","740.206115722656","0","329.949401855469","0","0","0","44229.09765625","6.25967645645142","0","6.25967645645142","270.800842285156","429.258636474609","0","0.0132356220856309","0.276859849691391","0","0","933.276733398438","0","14.4187259674072","0.0629661679267883","0","9","99","41","400","250","250","-1","0","100","0","49","0","3.3381519317627","0.25","0.060332179069519","62","319","20460.0010889664","1023","20.0000010644833","2.74013896984217","-0.598012961920526","10"
"DanielThomson_ModernPlaningHull","90","0","5","0","0","0","0","-0.462991297245026","0","229.954513549805","-0.208860397338867","846.2001953125","0","307.044189453125","0","0","0","6300.06298828125","56.4575843811035","0","56.4575843811035","271.297058105469","471.799072265625","0","0.0132598746567965","0.355686336755753","0","0","1074.02062988281","0","18.8111457824707","0.0603578947484493","0","9","119","51","399","260","260","-1","0","120","2","59","0","2.39546012878418","0.300000011920929","0.060332179069519","87","333","20460.0017064576","1023","20.0000016680914","2.13646367854642","-0.258996450237762","10"
"DanielThomson_ModernPlaningHull","90","0","6","0","0","0","0","-0.702046394348145","0","264.212982177734","-0.55690860748291","768.084045410156","0","280.757385253906","0","0","0","7094.47265625","58.2627334594727","0","58.2627334594727","269.165222167969","485.241302490234","0","0.0131556792184711","0.413343369960785","0","0","1030.14526367188","0","22.0762367248535","0.0476379543542862","0","9","139","61","400","270","270","-1","0","140","2","69","0","1.9289186000824","0.349999994039536","0.060332179069519","103","332","20460.0019275364","1023","20.0000018841998","1.8238884881453","-0.105030111937093","10"
"DanielThomson_ModernPlaningHull","90","0","7","0","0","0","0","-0.702046394348145","0","332.153564453125","43103.83984375","0","0","73582.84375","0","0","0","NaN","0","0","0","7358.28466796875","73191.3515625","0","0.35964247584343","0.507468283176422","0","0","43338.7109375","0","28.2233867645264","0.109572358429432","0","9","160","72","400","281","281","-1","0","161","0","80","0","45","0.400000005960464","0.060332179069519","92","294","20459.9989217408","1023","19.9999989459832","NaN","NaN","10"
"DanielThomson_ModernPlaningHull","90","0","8","0","0","0","0","-1.12358343601227","0","309.209777832031","-4.89065361022949","1187.64599609375","0","265.629516601563","0","0","0","473457.6875","1.00564908981323","0","1.00564908981323","239.431533813477","539.958068847656","0","0.0117024211212993","0.476132303476334","0","0","1488.43994140625","0","26.2840576171875","0.0213082935661077","0","9","179","81","400","290","290","-1","0","180","1","89","0","1.39850902557373","0.449999988079071","0.060332179069519","113","323","20459.9998010406","1023","19.9999998055138","1.40836249797755","0.00985347240381929","10"
"DanielThomson_ModernPlaningHull","90","0","9","0","0","0","0","-1.17390501499176","0","329.538024902344","-7.97211599349976","759.378540039063","0","234.248168945313","0","0","0","32160.7890625","15.827202796936","0","15.827202796936","193.460144042969","509.564605712891","0","0.00945552904158831","0.509015321731567","0","0","1079.13635253906","0","27.8938007354736","0.0161432363092899","0","9","187","85","400","294","294","-1","0","188","1","93","0","1.31319379806519","0.466666668653488","0.060332179069519","120","322","20460.00209952","1023","20.0000020523167","1.06439440472603","-0.248799393339151","10"
"DanielThomson_ModernPlaningHull","90","0","10","0","0","0","0","-1.20482647418976","0","363.890655517578","-0.656861305236816","798.573852539063","0","193.784362792969","0","0","0","18407.185546875","30.5828666687012","0","30.5828666687012","231.15966796875","490.780853271484","0","0.0112981274724007","0.56294447183609","0","0","1160.83752441406","0","30.9869918823242","0.00273418566212058","0","9","193","88","400","297","297","-1","0","194","1","96","0","1.25189161300659","0.483333349227905","0.060332179069519","114","311","20459.9982194777","1023","19.999998259509","1.14998633775077","-0.101905275255827","10"
"DanielThomson_ModernPlaningHull","90","1","0","0","0","0","0","1.90985786914825","0","5.8657283782959","126.368385314941","0","0","530.572082519531","0","0","0","55.0331001281738","158.262481689453","0","158.262481689453","72.5133514404297","514.273803710938","0","0.00354415224865079","0.00870967470109463","0","0","131.755416870117","0","0.242743834853172","0.250074207782745","0","9","31","2","400","216","216","-1","0","32","0","15","0","24.1998252868652","0.0666666701436043","0.0904982686042786","8","389","20459.9989935631","1023","19.9999990161908","24.0115816579387","-0.188243628926521","10"
"DanielThomson_ModernPlaningHull","90","1","1","0","0","0","0","1.90067899227142","0","13.1214532852173","84.2661972045898","0","0","519.2451171875","0","0","0","123.217796325684","144.158096313477","0","144.158096313477","99.2428817749023","512.102172851563","0","0.00485058082267642","0.0177628435194492","0","0","96.9181594848633","0","0.562533617019653","0.191301003098488","0","9","35","4","400","218","218","-1","0","36","0","17","0","16.9359760284424","0.0833333358168602","0.0904982686042786","12","382","20459.9996171475","1023","19.9999996257551","15.8473043211788","-1.08867170726355","10"
"DanielThomson_ModernPlaningHull","90","1","2","0","0","0","0","1.65385973453522","0","22.6591548919678","56.184326171875","0","0","509.519378662109","0","0","0","253.535095214844","127.719696044922","0","127.719696044922","129.271453857422","510.063354492188","0","0.00631825299933553","0.0323814265429974","0","0","78.4032821655273","0","1.11283373832703","0.157273411750793","0","9","39","6","399","220","220","-1","0","40","0","19","0","12.5227403640747","0.100000001490116","0.0904982686042786","17","376","20459.9996028993","1023","19.9999996118272","11.2517144295398","-1.27102593453488","10"
"DanielThomson_ModernPlaningHull","90","1","3","0","0","0","0","0.901148796081543","0","39.9908752441406","42.0234527587891","125.356521606445","0","481.6044921875","0","0","0","449.445404052734","128.618576049805","0","128.618576049805","162.943023681641","482.141174316406","0","0.00796397868543863","0.0578070282936096","0","0","206.291885375977","0","2.1920325756073","0.114709630608559","0","9","59","16","400","230","230","-1","0","60","0","29","0","9.3156566619873","0.150000005960464","0.0904982686042786","30","365","20460.0024833776","1023","20.0000024275441","7.91873062252401","-1.3969260394633","10"
"DanielThomson_ModernPlaningHull","90","1","4","0","0","0","0","0.252279549837112","0","80.6613616943359","24.3988990783691","590.599609375","0","428.068023681641","0","0","0","1030.34631347656","112.718444824219","0","112.718444824219","209.821624755859","436.802337646484","0","0.0102552128955722","0.11613903939724","0","0","693.793579101563","0","5.09188842773438","0.0808961167931557","0","9","79","26","399","240","240","-1","0","80","0","39","0","6.81835126876831","0.200000002980232","0.0904982686042786","42","338","20459.9969686102","1023","19.9999970367646","5.06588231468807","-1.75246895408024","10"
"DanielThomson_ModernPlaningHull","90","1","5","0","0","0","0","-0.239248931407928","0","103.960662841797","18.1166839599609","844.932983398438","0","394.136566162109","0","0","0","1228.71545410156","119.3720703125","0","119.3720703125","228.402984619141","405.672485351563","0","0.011163393035531","0.146674305200577","0","0","964.656616210938","0","6.85859251022339","0.0622525438666344","0","9","99","36","400","250","250","-1","0","100","0","49","0","5.93246412277222","0.25","0.0904982686042786","49","324","20459.996695644","1023","19.9999967699355","4.36500743120401","-1.56745669156821","10"
"DanielThomson_ModernPlaningHull","90","1","6","0","0","0","0","-0.661778211593628","0","134.472259521484","14.7817420959473","768.367126464844","0","383.491790771484","0","0","0","1501.41857910156","124.938896179199","0","124.938896179199","250.567443847656","431.727722167969","0","0.0122466990724206","0.187585577368736","0","0","915.707458496094","0","9.17846870422363","0.0440753437578678","0","9","119","46","399","260","260","-1","0","120","0","59","0","5.10691928863525","0.300000011920929","0.0904982686042786","59","314","20459.998434348","1023","19.9999984695484","3.74327060532072","-1.36364868331454","10"
"DanielThomson_ModernPlaningHull","90","1","7","0","0","0","0","-1.08009850978851","0","158.823059082031","11.7556324005127","973.93701171875","0","347.843933105469","0","0","0","1961.13684082031","115.057250976563","0","115.057250976563","266.889099121094","406.874664306641","0","0.0130444336682558","0.225643008947372","0","0","1142.677734375","0","11.470085144043","0.0292617175728083","0","9","139","56","400","270","270","-1","0","140","0","69","0","4.16229629516602","0.349999994039536","0.0904982686042786","69","309","20459.9989473349","1023","19.9999989710019","3.31411953514344","-0.848176760022573","10"
"DanielThomson_ModernPlaningHull","90","1","8","0","0","0","0","-1.42830574512482","0","184.045928955078","10.7220106124878","613.632934570313","0","338.826843261719","0","0","0","2599.36743164063","103.291465759277","0","103.291465759277","284.116363525391","440.513732910156","0","0.0138864303007722","0.268492460250854","0","0","807.162353515625","0","14.0448198318481","0.0298925060778856","0","9","159","66","399","280","280","-1","0","160","0","79","0","3.51812982559204","0.400000005960464","0.0904982686042786","84","319","20459.9999691491","1023","19.9999999698428","2.96466036773726","-0.553469457854779","10"
"DanielThomson_ModernPlaningHull","90","1","9","0","0","0","0","-1.67192804813385","0","213.309463500977","-14.8471565246582","880.303466796875","0","348.911560058594","0","0","0","3009.89575195313","104.981903076172","0","104.981903076172","198.269470214844","518.945434570313","0","0.00969059020280838","0.315984606742859","0","0","1074.34912109375","0","16.9502868652344","0.0319824032485485","0","9","179","76","400","290","290","-1","0","180","0","89","0","2.28773474693298","0.449999988079071","0.0904982686042786","98","331","20459.9994495056","1023","19.9999994618823","1.75741798390419","-0.530316763028796","10"
"DanielThomson_ModernPlaningHull","90","1","10","0","0","0","0","-1.72760963439941","0","227.902191162109","-12.5307292938232","858.456787109375","0","323.872375488281","0","0","0","3749.11010742188","90.4655456542969","0","90.4655456542969","198.672500610352","497.564758300781","0","0.0097102876752615","0.339165300130844","0","0","1070.96557617188","0","18.3793907165527","0.0325460843741894","0","9","187","80","400","294","294","-1","0","188","0","93","0","2.09401679039001","0.466666668653488","0.0904982686042786","104","335","20460.0015215308","1023","20.0000014873223","1.64059987556539","-0.453416914824622","10"
"DanielThomson_ModernPlaningHull","90","1","11","0","0","0","0","-1.77710783481598","0","237.045745849609","-8.28919219970703","756.509094238281","0","318.351440429688","0","0","0","3878.44189453125","90.6844863891602","0","90.6844863891602","197.306884765625","497.205718994141","0","0.0096435435116291","0.3517145216465","0","0","982.648071289063","0","18.9008865356445","0.0199993252754211","0","9","193","83","400","297","297","-1","0","194","0","96","0","2.31627225875854","0.483333349227905","0.0904982686042786","104","325","20459.9983945418","1023","19.9999984306371","1.57117087760071","-0.74510138115783","10"
"DanielThomson_ModernPlaningHull","90","2","0","0","0","0","0","-0.856621503829956","0","15.8688774108887","132.808837890625","0","0","511.323669433594","0","0","0","105.560287475586","209.29850769043","0","209.29850769043","107.237594604492","512.105102539063","0","0.00524132885038853","0.0220936108380556","0","0","148.227752685547","0","0.724866926670074","0.111556425690651","0","9","73","3","400","237","237","-1","0","74","0","36","0","11.5993785858154","0.183333337306976","0.120664358139038","28","375","20460.0012068586","1023","20.000001179725","13.7232746243267","2.12389603851124","10"
"DanielThomson_ModernPlaningHull","90","2","1","0","0","0","0","-3.11265134811401","0","13.8096523284912","126.978271484375","0","0","512.440246582031","0","0","0","85.8491287231445","225.970275878906","0","225.970275878906","101.880516052246","512.670104980469","0","0.00497949682176113","0.0193993523716927","0","0","140.361358642578","0","0.61738908290863","0.107058346271515","0","9","79","6","399","240","240","-1","0","80","0","39","0","11.5751094818115","0.200000002980232","0.120664358139038","30","375","20460.0022249263","1023","20.0000021749035","14.8733738490196","3.29826436720811","10"
"DanielThomson_ModernPlaningHull","90","2","2","0","0","0","0","-0.671493887901306","0","36.1434631347656","61.1977653503418","313.857696533203","0","467.090881347656","0","0","0","231.370330810547","212.574020385742","0","212.574020385742","143.2724609375","448.979064941406","0","0.00700256414711475","0.0491833202540874","0","0","409.335998535156","0","1.88048720359802","0.0949975028634071","0","9","99","16","400","250","250","-1","0","100","0","49","0","9.27243614196777","0.25","0.120664358139038","43","365","20459.9997840123","1023","19.9999997888683","8.18540512126695","-1.08703102070083","10"
"DanielThomson_ModernPlaningHull","90","2","3","0","0","0","0","-0.950232863426208","0","39.0873641967773","73.1947021484375","288.988800048828","0","474.270111083984","0","0","0","235.843185424805","222.409484863281","0","222.409484863281","144.363265991211","467.829498291016","0","0.0070558781735599","0.0524537600576878","0","0","400.104644775391","0","2.05273199081421","0.0818705409765244","0","9","119","26","399","260","260","-1","0","120","0","59","0","8.24291038513184","0.300000011920929","0.120664358139038","52","364","20459.9997959397","1023","19.9999998005276","7.73064228123686","-0.51226810389498","10"
"DanielThomson_ModernPlaningHull","90","2","4","0","0","0","0","-0.775533854961395","0","70.4273300170898","29.3708343505859","984.659790039063","0","414.219787597656","0","0","0","472.813598632813","201.593292236328","0","201.593292236328","174.243576049805","391.613189697266","0","0.00851630419492722","0.0953160524368286","0","0","1081.08728027344","0","4.13484287261963","0.0511495433747768","0","9","139","36","400","270","270","-1","0","140","0","69","0","7.88388776779175","0.349999994039536","0.120664358139038","61","332","20459.9990866453","1023","19.9999991071802","5.12610260681553","-2.75778516097622","10"
"DanielThomson_ModernPlaningHull","90","2","5","0","0","0","0","-1.21357953548431","0","52.7546768188477","49.9610786437988","722.778381347656","0","442.394439697266","0","0","0","299.214050292969","236.374099731445","0","236.374099731445","155.316711425781","423.086059570313","0","0.00759123731404543","0.0707264542579651","0","0","823.566162109375","0","2.90144467353821","0.052174124866724","0","9","159","46","399","280","280","-1","0","160","0","79","0","8.05932426452637","0.400000005960464","0.120664358139038","69","346","20459.9994704963","1023","19.9999994824011","6.16156078715227","-1.8977634773741","10"
"DanielThomson_ModernPlaningHull","90","2","6","0","0","0","0","-1.17308938503265","0","68.1189880371094","29.6226654052734","1087.89416503906","0","411.431396484375","0","0","0","412.942810058594","225.203643798828","0","225.203643798828","163.865371704102","384.010009765625","0","0.00800906028598547","0.0929962247610092","0","0","1182.00659179688","0","3.99688196182251","0.0287731941789389","0","9","179","56","400","290","290","-1","0","180","0","89","0","8.07560348510742","0.449999988079071","0.120664358139038","77","330","20459.9997818519","1023","19.9999997867565","4.94057168201224","-3.13503180309518","10"
"DanielThomson_ModernPlaningHull","90","2","7","0","0","0","0","-1.21156489849091","0","70.4883499145508","24.4907836914063","1324.37194824219","0","378.884460449219","0","0","0","431.900543212891","226.91618347168","0","226.91618347168","173.274627685547","323.864807128906","0","0.00846894551068544","0.0980052202939987","0","0","1414.92297363281","0","4.22957944869995","0.0128587502986193","0","9","199","66","399","300","300","-1","0","200","0","99","0","8.30569458007813","0.5","0.120664358139038","84","328","20460.0002995559","1023","20.000000292821","4.95729465154542","-3.34839992853271","10"
"DanielThomson_ModernPlaningHull","90","2","8","0","0","0","0","-1.25453782081604","0","73.1073303222656","10.5884952545166","1477.22668457031","0","403.858367919922","0","0","0","474.708160400391","211.625442504883","0","211.625442504883","143.091873168945","377.057067871094","0","0.00699373707175255","0.100460328161716","0","0","1553.39514160156","0","4.38811874389648","0.000784638861659914","0","9","219","76","400","310","310","-1","0","220","0","109","0","8.24059295654297","0.550000011920929","0.120664358139038","87","332","20460.0018131777","1023","20.0000017724122","3.99198392892371","-4.24860902761926","10"
"DanielThomson_ModernPlaningHull","90","2","9","0","0","0","0","-1.35722613334656","0","87.8963317871094","15.7372312545776","1377.28234863281","0","390.853332519531","0","0","0","608.514343261719","195.990097045898","0","195.990097045898","168.393005371094","369.630676269531","0","0.00823035184293985","0.119262792170048","0","0","1475.27270507813","0","5.31700992584229","0.0124500514939427","0","9","227","80","400","314","314","-1","0","228","0","113","0","7.43742561340332","0.566666662693024","0.120664358139038","87","330","20460.0008097521","1023","20.0000007915465","3.95713990317701","-3.48028571022631","10"
