"board","drift_deg","roll_case","element_index","boundary_layer_mm","Cl0_Savitsky","Cl0_theorique","Cv_Savitsky","delta_plan_horizontal_deg","deviation_rail_deg","Fx_friction_n","Fx_planing","Fx_rail_n","Fx_rocker","Fz_planing_n","lamda_Savitsky","laminar_boundary_layer_mm","laminar_turbulent_transition_mm","largeur_B_element_mm","longueur_calcul_largeur_element_mm","longueur_element_mm","longueur_mouillee_element_mm","masse_flux_devie_kg_sec_planing","portance_globale_verticale_n","pression_dynamique_B","section_frontale_flux_devie_m2_planing","surface_contact_m2","surface_coupe_partie_immergee_m2","surface_max_element_m2","trainee_globale_horizontale_n","volume_deplacement_litres","volume_litres","inclinaison_roulis_rad_ligne_attack","inclinaison_roulis_rad_ligne_surface","index_dernier_element_on_attack","index_L1_max","index_L1_min","index_L2_max","index_L2_min","index_nose","index_point_contact","index_point_decrochage","index_point_roulis_avant_dans_tab_index_axe_roulis","index_premier_element_on_attack","index_tail","point_attack_on_outline","incidence_deg_stored","pos_x","pos_y","attack_index_1","attack_index_2","rho_v_kg_m2_s","rho_kgm3","scan_speed_ms","incidence_deg_derived","incidence_deg_residual","n_sub_elements"
"Mini_Simmons","0","0","0","0","0","0","0","3.11647605895996","0","5.00707054138184","117.254837036133","0","0","508.484924316406","0","0","0","247.31428527832","33.2911834716797","0","33.2911834716797","68.8393325805664","507.8759765625","0","0.00336458091624081","0.00823338516056538","0","0","121.836708068848","0","0.168917387723923","-0.0335677564144135","0","9","199","1","387","201","200","-1","0","200","0","0","0","26.3825969696045","0.0166666675359011","0","12","387","20460.0020906852","1023","20.0000020436805","24.1201193515472","-2.26247761805727","10"
"Mini_Simmons","0","0","1","0","0","0","0","2.5951817035675","0","22.5673046112061","50.8478507995605","0","0","498.206298828125","0","0","0","390.239837646484","82.9333267211914","0","82.9333267211914","128.315521240234","503.262908935547","0","0.00627153087407351","0.0323638878762722","0","0","72.9684066772461","0","0.949091076850891","-0.00106454128399491","0","9","199","1","385","201","200","-1","0","200","0","0","0","13.4241847991943","0.0333333350718021","0","16","385","20459.999929314","1023","19.9999999309032","11.1735656577692","-2.25061914142512","10"
"Mini_Simmons","0","0","2","0","0","0","0","2.11158967018127","0","31.0332870483398","42.0396423339844","0","0","492.75341796875","0","0","0","349.195465087891","124.286674499512","0","124.286674499512","149.62663269043","501.834808349609","0","0.00731312902644277","0.043400339782238","0","0","72.6371078491211","0","1.42128086090088","-0.000667007348965853","0","9","199","1","384","201","200","-1","0","200","0","0","0","11.4538259506226","0.0500000007450581","0","18","383","20460.0017515636","1023","20.0000017121834","9.7008466413425","-1.75297930928005","10"
"Mini_Simmons","0","0","3","0","0","0","0","1.73605799674988","0","69.3978042602539","24.087100982666","0","0","459.492340087891","0","0","0","367.998443603516","289.816680908203","0","289.816680908203","222.248336791992","497.773254394531","0","0.010862578637898","0.106652088463306","0","0","93.1088638305664","0","4.5332236289978","-0.000127542269183323","0","9","199","1","379","201","200","-1","0","200","0","0","0","7.40403509140015","0.100000001490116","0","35","366","20459.9979618651","1023","19.9999980076883","5.84574598626238","-1.55828910513777","10"
"Mini_Simmons","0","0","4","0","0","0","0","1.39663505554199","0","108.534301757813","16.2640018463135","0","0","418.434814453125","0","0","0","415.958404541016","413.919647216797","0","413.919647216797","271.206085205078","495.400207519531","0","0.0132554275915027","0.172173365950584","0","0","124.472763061523","0","8.50617504119873","-0.000880364677868783","0","9","199","1","370","201","200","-1","0","200","0","0","0","5.65658044815063","0.150000005960464","0","52","349","20460.0027673897","1023","20.0000027051708","4.41550514963855","-1.24107529851208","10"
"Mini_Simmons","0","0","5","0","0","0","0","1.17628872394562","0","150.838424682617","11.1649589538574","0","0","368.402862548828","0","0","0","427.723114013672","579.410949707031","0","579.410949707031","305.316558837891","493.965972900391","0","0.0149226086214185","0.247827455401421","0","0","161.727600097656","0","13.4201374053955","-0.000540503358934075","0","9","199","1","359","201","200","-1","0","200","0","0","0","4.55559873580933","0.200000002980232","0","70","331","20459.9990915575","1023","19.9999991119819","3.45207918154386","-1.10351955426547","10"
"Mini_Simmons","0","0","6","0","0","0","0","1.092045545578","0","194.669342041016","7.58325052261353","0","0","313.283721923828","0","0","0","466.670532226563","703.538513183594","0","703.538513183594","324.559234619141","493.386779785156","0","0.0158631093800068","0.32832071185112","0","0","202.025177001953","0","18.8836364746094","-0.000629405840300024","0","9","199","1","350","201","200","-1","0","200","0","0","0","3.77621340751648","0.25","0","88","313","20460.0010530219","1023","20.0000010293469","2.76937528748572","-1.00683812003076","10"
"Mini_Simmons","0","0","7","0","0","0","0","0.978693425655365","0","239.177185058594","4.89918184280396","0","0","252.848236083984","0","0","0","479.307922363281","869.033569335938","0","869.033569335938","327.162231445313","493.698272705078","0","0.0159903336316347","0.416534662246704","0","0","243.897232055664","0","24.9212398529053","-0.00012640432396438","0","9","199","1","339","201","200","-1","0","200","0","0","0","3.09183526039124","0.300000011920929","0","107","294","20460.000334081","1023","20.0000003265699","2.20006608336491","-0.891769177026323","10"
"Mini_Simmons","0","0","8","0","0","0","0","0.773256599903107","0","283.508880615234","3.07782578468323","0","0","197.146057128906","0","0","0","484.579254150391","1034.49426269531","0","1034.49426269531","317.709716796875","494.645751953125","0","0.0155283361673355","0.501294493675232","0","0","286.450164794922","0","30.5188961029053","-0.00161378108896315","0","9","199","1","330","201","200","-1","0","200","0","0","0","2.42167901992798","0.349999994039536","0","125","276","20459.9973476354","1023","19.9999974072682","1.77510534476943","-0.646573675158553","10"
"Mini_Simmons","0","0","9","0","0","0","0","0.413540154695511","0","329.277770996094","1.75650060176849","0","0","140.753265380859","0","0","0","497.152984619141","1199.92028808594","0","1199.92028808594","289.955841064453","496.506591796875","0","0.0141718396916986","0.596543967723846","0","0","330.938537597656","0","36.2308502197266","-0.000739280425477773","0","9","199","1","319","201","200","-1","0","200","0","0","0","1.61884570121765","0.400000005960464","0","145","255","20460.0000686079","1023","20.0000000670654","1.3612794089839","-0.257566292233754","10"
"Mini_Simmons","0","0","10","0","0","0","0","-0.123274482786655","0","374.021057128906","1.15603649616241","0","0","100.70751953125","0","0","0","501.828735351563","1365.37573242188","0","1365.37573242188","252.122467041016","498.762084960938","0","0.0123227024450898","0.68518477678299","0","0","375.109252929688","0","40.333683013916","-0.0063550635240972","0","8","199","1","310","201","200","-1","0","200","0","0","0","0.674597799777985","0.449999988079071","0","165","235","20459.9979723991","1023","19.9999980179855","1.03049123667406","0.355893436896072","10"
"Mini_Simmons","0","0","11","0","0","0","0","-1.02288937568665","0","410.41845703125","1.08927226066589","0","0","109.799201965332","0","0","0","491.569366455078","1572.47045898438","0","1572.47045898438","288.909118652344","524.13525390625","0","0.014120677486062","0.77297830581665","0","0","411.436004638672","0","42.0381889343262","-0.0157709736377001","0","7","199","1","299","201","200","-1","0","200","2","0","0","0.0057295779697597","0.5","0","186","214","20460.0040569947","1023","20.0000039657818","1.04673083577556","1.0410012578058","10"
"Mini_Simmons","0","1","0","0","0","0","0","3.27088689804077","0","1.91831982135773","282.672393798828","0","0","539.378112792969","0","0","0","198.173797607422","20.3474578857422","0","20.3474578857422","54.1891403198242","533.893371582031","0","0.00264854053966701","0.00403233291581273","0","0","284.089965820313","0","0.0697755515575409","0.134956449270248","0","9","206","0","393","213","206","-1","0","212","1","5","0","45","0.0166666675359011","0.0343889780342579","12","393","20460.0003315929","1023","20.0000003241377","41.0582407830269","-3.94175921697315","10"
"Mini_Simmons","0","1","1","0","0","0","0","2.69328689575195","0","11.2015571594238","76.5529327392578","0","0","506.634643554688","0","0","0","346.691925048828","44.9230613708496","0","44.9230613708496","93.1791458129883","505.871063232422","0","0.00455421023070812","0.0155744627118111","0","0","87.2949676513672","0","0.401780068874359","0.0802844539284706","0","9","206","0","391","213","206","-1","0","212","0","5","0","18.7828102111816","0.0333333350718021","0.0343889780342579","17","391","20460.0009864938","1023","20.0000009643146","17.0026083946389","-1.78020181654272","10"
"Mini_Simmons","0","1","2","0","0","0","0","1.89743876457214","0","25.6487331390381","47.0789566040039","0","0","497.360717773438","0","0","0","282.292175292969","126.910858154297","0","126.910858154297","137.264053344727","502.777587890625","0","0.00670889765024185","0.0358259454369545","0","0","72.2886734008789","0","1.14429128170013","0.0738654732704163","0","9","206","0","390","213","206","-1","0","212","0","5","0","12.5149278640747","0.0500000007450581","0.0343889780342579","20","384","20460.0011061099","1023","20.0000010812414","10.7931383674498","-1.72178949662491","10"
"Mini_Simmons","0","1","3","0","0","0","0","1.46184992790222","0","66.1584701538086","25.1013965606689","0","0","464.036651611328","0","0","0","332.441711425781","290.926391601563","0","290.926391601563","217.831069946289","498.077667236328","0","0.0106466803699732","0.0967160686850548","0","0","90.8796463012695","0","4.21419525146484","0.0716456025838852","0","9","206","0","385","213","206","-1","0","212","0","5","0","7.62520265579224","0.100000001490116","0.0343889780342579","24","357","20459.9990209754","1023","19.9999990429867","6.32003193531182","-1.30517072048042","10"
"Mini_Simmons","0","1","4","0","0","0","0","1.21708035469055","0","105.276390075684","16.7747592926025","0","0","422.463195800781","0","0","0","397.778106689453","413.922668457031","0","413.922668457031","268.282012939453","495.617889404297","0","0.0131125133484602","0.164649367332458","0","0","121.722602844238","0","8.20259666442871","0.064299963414669","0","9","206","0","376","213","206","-1","0","212","0","5","0","5.75887727737427","0.150000005960464","0.0343889780342579","34","332","20459.9992244017","1023","19.9999992418394","4.56781636146396","-1.1910609159103","10"
"Mini_Simmons","0","1","5","0","0","0","0","1.04997658729553","0","146.835494995117","11.5059795379639","0","0","372.331909179688","0","0","0","413.616516113281","577.928039550781","0","577.928039550781","302.890350341797","494.159606933594","0","0.0148040251806378","0.239040583372116","0","0","158.06298828125","0","13.1048555374146","0.0599183961749077","0","9","206","0","365","213","206","-1","0","212","0","5","0","4.60868215560913","0.200000002980232","0.0343889780342579","46","308","20459.9996721126","1023","19.9999996794845","3.55065781113581","-1.05802434447332","10"
"Mini_Simmons","0","1","6","0","0","0","0","0.960622370243073","0","189.467330932617","7.99434185028076","0","0","320.811401367188","0","0","0","425.149932861328","741.939514160156","0","741.939514160156","324.044677734375","493.513061523438","0","0.0158379599452019","0.315435528755188","0","0","197.229537963867","0","18.1969108581543","0.0597744807600975","0","9","206","0","356","213","206","-1","0","212","0","5","0","3.78016185760498","0.25","0.0343889780342579","57","285","20460.0010895055","1023","20.0000010650103","2.87802063452704","-0.90214122307794","10"
"Mini_Simmons","0","1","7","0","0","0","0","0.878409802913666","0","214.813568115234","6.39586734771729","0","0","286.393859863281","0","0","0","423.742797851563","864.939758300781","0","864.939758300781","327.007202148438","493.699371337891","0","0.0159827563911676","0.36651200056076","0","0","221.006011962891","0","21.6575374603271","0.0743761733174324","0","9","206","0","345","213","206","-1","0","212","0","5","0","3.29127836227417","0.300000011920929","0.0343889780342579","61","267","20460.0003995023","1023","20.0000003905203","2.49933150108227","-0.791946861191898","10"
"Mini_Simmons","0","1","8","0","0","0","0","0.743693888187408","0","252.704025268555","5.20034790039063","0","0","242.474273681641","0","0","0","439.846710205078","987.922729492188","0","987.922729492188","317.279022216797","494.744812011719","0","0.0155072845518589","0.434534579515457","0","0","257.736572265625","0","26.1317939758301","0.101641662418842","0","9","206","0","336","213","206","-1","0","212","0","5","0","2.50641465187073","0.349999994039536","0.0343889780342579","68","247","20459.9987287113","1023","19.9999987572935","2.04515529098475","-0.461259360885973","10"
"Mini_Simmons","0","1","9","0","0","0","0","0.444115310907364","0","284.532562255859","3.9070725440979","0","0","202.651382446289","0","0","0","435.815368652344","1151.87268066406","0","1151.87268066406","301.169616699219","495.959625244141","0","0.0147199220955372","0.502003788948059","0","0","288.302307128906","0","30.1431369781494","0.103166878223419","0","8","206","0","325","213","206","-1","0","212","0","5","0","1.91311490535736","0.400000005960464","0.0343889780342579","77","232","20460.0007217788","1023","20.0000007055511","1.68028665657802","-0.23282824877934","10"
"Mini_Simmons","0","1","10","0","0","0","0","-0.0093816202133894","0","313.756713867188","2.97899603843689","0","0","171.692230224609","0","0","0","428.4345703125","1315.83178710938","0","1315.83178710938","282.167907714844","497.282958984375","0","0.0137911988422275","0.563747823238373","0","0","316.621368408203","0","33.307014465332","0.118702873587608","0","7","206","0","322","213","206","-1","0","212","0","5","0","1.35803639888763","0.416666686534882","0.0343889780342579","83","222","20459.9985065018","1023","19.99999854008","1.40179045880887","0.0437540599212323","10"
"Mini_Simmons","0","2","0","0","0","0","0","2.23497819900513","0","5.0781044960022","136.30192565918","0","0","531.076965332031","0","0","0","132.525817871094","53.471996307373","0","53.471996307373","67.4539031982422","507.936859130859","0","0.0032968670129776","0.00708641996607184","0","0","140.865783691406","0","0.174873426556587","0.293849915266037","0","9","210","0","395","221","210","-1","0","220","0","9","0","28.1062393188477","0.0333333350718021","0.0687779560685158","8","394","20460.0012474633","1023","20.0000012194167","27.7255815546419","-0.380657764205761","10"
"Mini_Simmons","0","2","1","0","0","0","0","2.09468841552734","0","14.6934232711792","67.3863906860352","0","0","514.119995117188","0","0","0","217.597930908203","93.6098861694336","0","93.6098861694336","106.417121887207","505.037506103516","0","0.00520122842863202","0.0203693173825741","0","0","81.6150360107422","0","0.617240905761719","0.213713690638542","0","9","210","0","394","221","210","-1","0","220","0","9","0","16.3823184967041","0.0500000007450581","0.0687779560685158","14","385","20459.997738495","1023","19.9999977893402","14.7941018270856","-1.58821666961849","10"
"Mini_Simmons","0","2","2","0","0","0","0","1.5518182516098","0","40.6973495483398","35.4799766540527","0","0","491.865295410156","0","0","0","232.661376953125","254.116836547852","0","254.116836547852","175.272323608398","500.905364990234","0","0.00856658443808556","0.0591231733560562","0","0","75.7675399780273","0","2.37713170051575","0.193390011787415","0","9","210","0","389","221","210","-1","0","220","0","9","0","9.65326404571533","0.100000001490116","0.0687779560685158","18","355","20460.0007009991","1023","20.0000006852386","8.33113258580517","-1.32213145991016","10"
"Mini_Simmons","0","2","3","0","0","0","0","1.24543964862823","0","70.1068572998047","23.8429412841797","0","0","461.53955078125","0","0","0","258.804229736328","414.602600097656","0","414.602600097656","226.951049804688","498.129821777344","0","0.0110924262553453","0.107300914824009","0","0","93.5842971801758","0","5.01825094223022","0.171063721179962","0","9","210","0","380","221","210","-1","0","220","0","9","0","7.18617868423462","0.150000005960464","0.0687779560685158","21","328","20460.0007771358","1023","20.0000007596636","5.93365613016587","-1.25252255406875","10"
"Mini_Simmons","0","2","4","0","0","0","0","1.12357044219971","0","106.439826965332","16.5466442108154","0","0","421.610961914063","0","0","0","310.279937744141","534.970153808594","0","534.970153808594","271.600006103516","495.902740478516","0","0.0132746817544103","0.165990501642227","0","0","122.66561126709","0","8.69244766235352","0.150949239730835","0","9","210","0","369","221","210","-1","0","220","0","9","0","5.61713457107544","0.200000002980232","0.0687779560685158","24","303","20460.0013113897","1023","20.0000012819059","4.5869871190402","-1.03014745203524","10"
"Mini_Simmons","0","2","5","0","0","0","0","0.999069392681122","0","146.886856079102","11.5751848220825","0","0","372.547119140625","0","0","0","324.495574951172","735.585021972656","0","735.585021972656","304.229339599609","494.562744140625","0","0.0148694682866335","0.238694101572037","0","0","158.188873291016","0","13.4230070114136","0.144350275397301","0","9","210","0","360","221","210","-1","0","220","0","9","0","4.43961334228516","0.25","0.0687779560685158","26","277","20460.0012411397","1023","20.0000012132353","3.57155800971058","-0.868055332574575","10"
"Mini_Simmons","0","2","6","0","0","0","0","0.910983860492706","0","177.047760009766","9.11719036102295","0","0","335.30615234375","0","0","0","343.477966308594","855.944641113281","0","855.944641113281","318.088562011719","494.145050048828","0","0.0155468499287963","0.293998122215271","0","0","185.924667358398","0","17.0328407287598","0.135412499308586","0","9","210","0","349","221","210","-1","0","220","0","9","0","3.73672986030579","0.300000011920929","0.0687779560685158","32","264","20460.0008019983","1023","20.000000783967","3.03125934691118","-0.705470513394608","10"
"Mini_Simmons","0","2","7","0","0","0","0","0.828100919723511","0","200.696655273438","8.29522228240967","0","0","310.301116943359","0","0","0","357.393127441406","936.175903320313","0","936.175903320313","319.81005859375","494.445861816406","0","0.0156309921294451","0.334582805633545","0","0","208.773941040039","0","19.6136226654053","0.156945899128914","0","9","210","0","340","221","210","-1","0","220","0","9","0","3.13361358642578","0.349999994039536","0.0687779560685158","35","251","20459.99741701","1023","19.9999974750831","2.67771053272524","-0.455903053700546","10"
"Mini_Simmons","0","2","8","0","0","0","0","0.40099236369133","0","241.238159179688","6.50274848937988","0","0","263.056762695313","0","0","0","352.036010742188","1176.82775878906","0","1176.82775878906","309.494323730469","495.694946289063","0","0.0151267983019352","0.414285749197006","0","0","247.563140869141","0","24.4720859527588","0.18936961889267","0","8","210","0","329","221","210","-1","0","220","0","9","0","2.13417315483093","0.400000005960464","0.0687779560685158","40","232","20460.002014496","1023","20.0000019692043","2.09250353748894","-0.0416696173419946","10"
"Mini_Simmons","0","3","0","0","0","0","0","1.54781341552734","0","6.1175389289856","281.372100830078","0","0","838.904846191406","0","0","0","62.6262817382813","125.077331542969","0","125.077331542969","93.6384887695313","508.287170410156","0","0.0045766606926918","0.00783312786370516","0","0","286.5703125","0","0.230751469731331","0.920451402664185","0","9","215","0","396","231","215","-1","0","230","0","14","0","33.2838821411133","0.0833333358168602","0.103166937828064","5","379","20460.0024028561","1023","20.0000023488329","35.7514254617126","2.4675433205993","10"
"Mini_Simmons","0","3","1","0","0","0","0","1.34306442737579","0","12.4028091430664","101.02806854248","0","0","625.909790039063","0","0","0","83.3763580322266","200.973190307617","0","200.973190307617","109.165008544922","506.204345703125","0","0.00533553306013346","0.0167564116418362","0","0","112.857467651367","0","0.558858394622803","0.635829091072083","0","9","215","0","394","231","215","-1","0","230","0","14","0","18.9186725616455","0.100000001490116","0.103166937828064","7","367","20460.0004000709","1023","20.0000003910761","18.5672418485883","-0.351430713057159","10"
"Mini_Simmons","0","3","2","0","0","0","0","1.26725113391876","0","30.6629333496094","47.4415283203125","0","0","541.01953125","0","0","0","126.236740112305","352.769165039063","0","352.769165039063","160.318740844727","502.719879150391","0","0.00783571507781744","0.0445324294269085","0","0","77.6523056030273","0","1.82657372951508","0.441557198762894","0","9","215","0","385","231","215","-1","0","230","0","14","0","11.1839838027954","0.150000005960464","0.103166937828064","11","338","20460.0013212045","1023","20.0000012915","10.1342529682867","-1.04973083450874","10"
"Mini_Simmons","0","3","3","0","0","0","0","1.21165370941162","0","52.1943473815918","31.871244430542","0","0","506.655578613281","0","0","0","165.087844848633","466.610717773438","0","466.610717773438","205.823120117188","500.246734619141","0","0.0100597823038697","0.0770317614078522","0","0","83.6640701293945","0","3.68420720100403","0.386668056249619","0","9","215","0","374","231","215","-1","0","230","0","14","0","8.30267906188965","0.200000002980232","0.103166937828064","13","311","20459.9974333453","1023","19.9999974910512","7.50384131525333","-0.798837746636313","10"
"Mini_Simmons","0","3","4","0","0","0","0","1.14186191558838","0","68.1982421875","25.7873458862305","7.22317409515381","0","485.758392333984","0","0","0","180.877059936523","580.445251464844","0","580.445251464844","233.246627807617","498.673828125","0","0.0114001287147403","0.104989223182201","0","0","100.834449768066","0","5.38739252090454","0.378532320261002","0","9","215","0","365","231","215","-1","0","230","0","14","0","7.02658128738403","0.25","0.103166937828064","15","290","20459.9995003592","1023","19.9999995115926","6.23368379124891","-0.79289749613512","10"
"Mini_Simmons","0","3","5","0","0","0","0","1.07729721069336","0","79.4793090820313","23.7657585144043","0","0","484.451599121094","0","0","0","178.082260131836","694.276062011719","0","694.276062011719","253.702529907227","498.578094482422","0","0.0123999277129769","0.123638242483139","0","0","102.884582519531","0","6.5659818649292","0.434213519096375","0","9","215","0","354","231","215","-1","0","230","0","14","0","6.25277376174927","0.300000011920929","0.103166937828064","13","273","20460.0007177234","1023","20.0000007015869","5.75598552481164","-0.496788236937626","10"
"Mini_Simmons","0","3","6","0","0","0","0","1.05299282073975","0","82.8311157226563","24.0617160797119","8.36829948425293","0","492.494689941406","0","0","0","181.281677246094","732.218139648438","0","732.218139648438","262.280578613281","498.134033203125","0","0.0128191877156496","0.132737725973129","0","0","114.893409729004","0","7.10761070251465","0.49304124712944","0","8","215","0","345","231","215","-1","0","230","0","14","0","5.87387180328369","0.349999994039536","0.103166937828064","11","258","20459.9998401685","1023","19.999999843762","5.54199540522065","-0.331876398063045","10"
"Mini_Simmons","0","3","7","0","0","0","0","0.771821856498718","0","113.020950317383","17.8837757110596","5.00423049926758","0","439.006164550781","0","0","0","186.189193725586","997.773010253906","0","997.773010253906","288.009094238281","497.396545410156","0","0.0140766901895404","0.185774549841881","0","0","135.600875854492","0","10.2873439788818","0.416036397218704","0","7","215","0","334","231","215","-1","0","230","0","14","0","4.33034801483154","0.400000005960464","0.103166937828064","15","244","20460.0009206912","1023","20.0000008999914","4.3456367993577","0.0152887845261596","10"
"Mini_Simmons","0","4","0","0","0","0","0","1.49228060245514","0","1.31084406375885","171.644958496094","0","0","306.679718017578","0","0","0","5.01532173156738","350.915740966797","0","350.915740966797","30.6977996826172","72.2545318603516","0","0.0015003812732175","0.00175995519384742","0","0","172.590270996094","0","0.0409294664859772","1.33362007141113","0","9","240","0","396","267","240","-1","0","266","0","39","0","45","0.216666668653488","0.137555912137032","22","373","20459.9992219225","1023","19.999999239416","58.4858381062077","13.4858381062077","10"
"Mini_Simmons","0","4","1","0","0","0","0","1.08814907073975","0","13.7869138717651","332.316284179688","0","0","1339.47961425781","0","0","0","38.8217315673828","491.793548583984","0","491.793548583984","173.453033447266","507.794921875","0","0.00847766455262899","0.0190922766923904","0","0","344.782867431641","0","0.718360185623169","1.1860044002533","0","9","240","0","393","267","240","-1","0","266","0","39","0","26.2791919708252","0.233333334326744","0.137555912137032","27","341","20460.0019699383","1023","20.0000019256484","26.3616995229059","0.0825075520806919","10"
"Mini_Simmons","0","4","2","0","0","0","0","1.16280174255371","0","8.49341773986816","954.66015625","0","0","1700.48291015625","0","0","0","26.0555171966553","435.441650390625","0","435.441650390625","170.177520751953","372.103790283203","0","0.00831757299602032","0.0113456565886736","0","0","960.771545410156","0","0.396934658288956","1.35181713104248","0","9","240","0","390","267","240","-1","0","266","0","39","0","45","0.25","0.137555912137032","25","344","20459.9972652332","1023","19.9999973267187","47.1474427404195","2.14744274041955","10"
"Mini_Simmons","0","4","3","0","0","0","0","0.989843189716339","0","22.5374603271484","181.827011108398","0","0","1152.92456054688","0","0","0","53.1282119750977","604.497802734375","0","604.497802734375","204.874740600586","506.516082763672","0","0.0100134275853634","0.032115887850523","0","0","203.366088867188","0","1.38929462432861","1.12662494182587","0","9","240","0","379","267","240","-1","0","266","0","39","0","17.9161472320557","0.300000011920929","0.137555912137032","27","317","20460.0012187686","1023","20.0000011913671","18.1671656230357","0.251018390980004","10"
"Mini_Simmons","0","4","4","0","0","0","0","0.88030731678009","0","36.8413734436035","92.4070739746094","0","0","907.45166015625","0","0","0","69.5148162841797","801.728820800781","0","801.728820800781","235.676239013672","504.573669433594","0","0.0115188769996166","0.055732037872076","0","0","128.535873413086","0","2.65511226654053","1.01116156578064","0","8","240","0","370","267","240","-1","0","266","0","39","0","11.813440322876","0.349999994039536","0.137555912137032","28","295","20460.0013544303","1023","20.0000013239788","11.9280522166324","0.114611893756466","10"
"Mini_Simmons","0","4","5","0","0","0","0","0.70470517873764","0","41.4952735900879","126.842346191406","0","0","1172.57189941406","0","0","0","69.1501998901367","942.595520019531","0","942.595520019531","288.710845947266","505.253540039063","0","0.0141109898686409","0.0651806741952896","0","0","167.441116333008","0","3.12877607345581","1.15153789520264","0","7","240","0","359","267","240","-1","0","266","0","39","0","12.1205739974976","0.400000005960464","0.137555912137032","27","281","20459.9995205774","1023","19.9999995313562","12.5029812548951","0.382407257397505","10"
"Mini_Simmons","0","4","6","0","0","0","0","-0.454862684011459","0","54.1673164367676","183.590896606445","0","0","1657.73034667969","0","0","0","66.2732086181641","1337.02722167969","0","1337.02722167969","400.092498779297","505.841217041016","0","0.0195548608899117","0.088609091937542","0","0","236.539993286133","0","4.38663101196289","1.28647136688232","0","6","240","0","350","267","240","-1","0","266","0","39","0","11.8990030288696","0.449999988079071","0.137555912137032","27","268","20460.0022997711","1023","20.0000022480656","12.7493790284143","0.850375999544671","10"
"Mini_Simmons","10","0","0","0","0","0","0","2.97505593299866","0","5.14929962158203","115.897155761719","0","0","508.964233398438","0","0","0","229.196578979492","35.9228096008301","0","35.9228096008301","69.5232543945313","508.094177246094","0","0.00339800887741148","0.00823338516056538","0","0","120.618316650391","0","0.171823754906654","-0.0461622998118401","0","9","170","2","388","201","201","-1","0","171","0","0","0","26.0373764038086","0.0166666675359011","0","13","388","20459.9978701328","1023","19.9999979180184","24.3752519722531","-1.66212443155548","10"
"Mini_Simmons","10","0","1","0","0","0","0","2.66772985458374","0","23.2630100250244","50.1639938354492","0","0","498.227264404297","0","0","0","452.852905273438","71.4666748046875","0","71.4666748046875","129.917602539063","503.111145019531","0","0.00634983368217945","0.0323638916015625","0","0","72.9780960083008","0","0.978789210319519","-0.039823304861784","0","9","173","3","387","202","202","-1","0","174","0","1","0","13.2305498123169","0.0333333350718021","0","18","387","20460.0008506791","1023","20.0000008315534","11.3149017575981","-1.91564805471878","10"
"Mini_Simmons","10","0","2","0","0","0","0","2.0110809803009","0","34.1010704040527","39.5176162719727","0","0","490.436950683594","0","0","0","339.557830810547","144.509567260742","0","144.509567260742","157.108108520508","501.426391601563","0","0.00767879327759147","0.0490693561732769","0","0","73.1900329589844","0","1.65685617923737","-0.0320523791015148","0","9","174","3","386","202","202","-1","0","175","0","1","0","10.9221067428589","0.0500000007450581","0","21","384","20459.9997474846","1023","19.9999997531619","9.00313870385647","-1.91896803900242","10"
"Mini_Simmons","10","0","3","0","0","0","0","1.49168038368225","0","71.3367156982422","23.5233726501465","0","0","457.705139160156","0","0","0","369.548919677734","293.535583496094","0","293.535583496094","225.68717956543","497.662658691406","0","0.0110306544229388","0.108475759625435","0","0","94.4884414672852","0","4.7206826210022","-0.025558540597558","0","9","178","4","382","203","203","-1","0","179","0","2","0","7.25648880004883","0.100000001490116","0","39","369","20459.9990999719","1023","19.9999991202072","5.83636622533919","-1.42012257470963","10"
"Mini_Simmons","10","0","4","0","0","0","0","1.23140811920166","0","111.784881591797","15.73876953125","0","0","414.379943847656","0","0","0","433.573516845703","411.051483154297","0","411.051483154297","274.792846679688","495.293273925781","0","0.013430736027658","0.17822103202343","0","0","127.203437805176","0","8.91011714935303","-0.0159208215773106","0","9","182","5","374","204","204","-1","0","183","0","3","0","5.5117130279541","0.150000005960464","0","57","351","20459.9990733051","1023","19.9999990941399","4.32190689487003","-1.18980613308408","10"
"Mini_Simmons","10","0","5","0","0","0","0","1.04439032077789","0","158.396423339844","10.441258430481","0","0","358.709869384766","0","0","0","457.680389404297","569.883728027344","0","569.883728027344","309.668029785156","493.826263427734","0","0.0151352901011705","0.260824590921402","0","0","168.570816040039","0","14.3800649642944","-0.00759185571223497","0","9","187","7","365","206","206","-1","0","188","0","5","0","4.38411092758179","0.200000002980232","0","76","331","20459.9996244015","1023","19.999999632846","3.32666337840441","-1.05744754917738","10"
"Mini_Simmons","10","0","6","0","0","0","0","0.953722238540649","0","200.82942199707","7.1933913230896","0","0","305.235443115234","0","0","0","466.202941894531","728.591003417969","0","728.591003417969","325.445770263672","493.358306884766","0","0.0159064382314682","0.339671283960342","0","0","207.801208496094","0","19.6847305297852","-0.00602884404361248","0","9","189","8","357","207","207","-1","0","190","0","6","0","3.65441536903381","0.25","0","94","314","20460.0027691826","1023","20.0000027069234","2.68408101568466","-0.970334353349152","10"
"Mini_Simmons","10","0","7","0","0","0","0","0.836515724658966","0","248.653350830078","4.68746757507324","0","0","246.325057983398","0","0","0","480.58056640625","895.852416992188","0","895.852416992188","327.853454589844","493.611511230469","0","0.0160241182893515","0.43052926659584","0","0","253.165252685547","0","25.5669174194336","-2.3104688807507E-05","0","9","192","9","347","208","208","-1","0","193","1","7","0","2.94745087623596","0.300000011920929","0","113","294","20459.9996498848","1023","19.9999996577564","2.1330175173247","-0.814433358911261","10"
"Mini_Simmons","10","0","8","0","0","0","0","0.796402752399445","0","263.859558105469","4.05465221405029","0","0","227.323226928711","0","0","0","488.0068359375","935.046875","0","935.046875","324.797027587891","493.8955078125","0","0.015874732285738","0.456309258937836","0","0","267.752960205078","0","27.4745483398438","-0.00188547803554684","0","9","192","9","344","208","208","-1","0","193","1","7","0","2.71742820739746","0.316666692495346","0","119","289","20460.0003163323","1023","20.0000003092203","1.99368892933874","-0.723739278058717","10"
"Mini_Simmons","10","0","9","0","0","0","0","0.735840082168579","0","280.046661376953","3.5241904258728","0","0","207.293807983398","0","0","0","494.178070068359","980.885925292969","0","980.885925292969","317.835113525391","494.348602294922","0","0.0155344624072313","0.484732300043106","0","0","283.423736572266","0","29.4932746887207","-0.00596655858680606","0","9","194","10","342","209","209","-1","0","195","1","8","0","2.46850848197937","0.333333373069763","0","122","280","20460.0008158272","1023","20.0000007974851","1.83650137067984","-0.632007111299531","10"
"Mini_Simmons","10","1","0","0","0","0","0","2.95147490501404","0","1.90881156921387","283.822174072266","0","0","542.581115722656","0","0","0","227.973709106445","17.6877098083496","0","17.6877098083496","54.5152282714844","541.968688964844","0","0.0026644782628864","0.00403233291581273","0","0","285.233489990234","0","0.0703845769166946","0.0111623946577311","0","9","187","0","393","206","206","-1","0","188","1","5","0","45","0.0166666675359011","0.0343889780342579","12","393","20460.0011307386","1023","20.0000011053164","41.3592620200443","-3.64073797995574","10"
"Mini_Simmons","10","1","1","0","0","0","0","2.3983473777771","0","16.9041519165039","60.1164016723633","0","0","501.984832763672","0","0","0","333.419677734375","71.0601119995117","0","71.0601119995117","112.244529724121","504.445983886719","0","0.00548604782670736","0.0236928407102823","0","0","76.5690307617188","0","0.670131921768188","0.0393042527139187","0","9","188","1","392","207","207","-1","0","189","0","6","0","15.4016170501709","0.0333333350718021","0.0343889780342579","19","389","20459.9983940513","1023","19.9999984301576","13.3882713452507","-2.01334570492025","10"
"Mini_Simmons","10","1","2","0","0","0","0","1.95787584781647","0","25.2521743774414","47.4556884765625","0","0","496.494323730469","0","0","0","324.940704345703","110.253784179688","0","110.253784179688","135.819091796875","502.815612792969","0","0.00663827499374747","0.0358259417116642","0","0","72.2673568725586","0","1.12611174583435","0.0340825133025646","0","9","189","1","391","207","207","-1","0","190","0","6","0","12.619348526001","0.0500000007450581","0.0343889780342579","21","385","20459.9978043696","1023","19.9999978537337","10.6781806956985","-1.94116783030245","10"
"Mini_Simmons","10","1","3","0","0","0","0","1.5555499792099","0","66.1613616943359","25.1630897521973","0","0","463.384185791016","0","0","0","365.953887939453","268.669708251953","0","268.669708251953","216.778106689453","498.005493164063","0","0.0105952145531774","0.0983207225799561","0","0","90.9414291381836","0","4.20356178283691","0.0449200980365276","0","9","192","2","387","208","208","-1","0","193","0","7","0","7.62279748916626","0.100000001490116","0.0343889780342579","26","358","20460.0015980275","1023","20.0000015620992","6.18630700460007","-1.43649048456619","10"
"Mini_Simmons","10","1","4","0","0","0","0","1.3025803565979","0","103.243186950684","17.2681674957275","0","0","425.071990966797","0","0","0","410.253967285156","389.043090820313","0","389.043090820313","264.128387451172","495.569519042969","0","0.0129094999283552","0.159606471657753","0","0","120.174736022949","0","7.9015588760376","0.0477741919457912","0","9","194","3","379","209","209","-1","0","195","0","8","0","5.84738874435425","0.150000005960464","0.0343889780342579","34","334","20460.0014653569","1023","20.0000014324114","4.63934029550991","-1.20804844884434","10"
"Mini_Simmons","10","1","5","0","0","0","0","1.15838658809662","0","145.245483398438","11.9874105453491","0","0","377.993103027344","0","0","0","452.538055419922","510.934387207031","0","510.934387207031","300.223999023438","493.926055908203","0","0.0146737042814493","0.231217265129089","0","0","156.943969726563","0","12.4984655380249","0.0436840653419495","0","9","196","4","369","210","210","-1","0","197","0","9","0","4.65402603149414","0.200000002980232","0.0343889780342579","46","311","20460.0006423044","1023","20.0000006278635","3.63859827896456","-1.01542775252958","10"
"Mini_Simmons","10","1","6","0","0","0","0","1.07860481739044","0","170.425170898438","9.74087715148926","0","0","347.123382568359","0","0","0","465.905670166016","597.466125488281","0","597.466125488281","313.115692138672","493.408142089844","0","0.0153037961572409","0.278362840414047","0","0","179.904113769531","0","15.5546321868896","0.0492229759693146","0","9","199","5","361","211","211","-1","0","200","0","10","0","4.09813928604126","0.25","0.0343889780342579","51","294","20460.0014873123","1023","20.0000014538732","3.15158877646673","-0.946550509574527","10"
"Mini_Simmons","10","1","7","0","0","0","0","1.02772951126099","0","205.695327758789","7.58038139343262","0","0","304.813995361328","0","0","0","467.990875244141","721.9130859375","0","721.9130859375","321.354187011719","493.255249023438","0","0.0157064627856016","0.337848752737045","0","0","213.048645019531","0","19.77174949646","0.0577908419072628","0","9","201","6","351","212","212","-1","0","202","0","11","0","3.41094899177551","0.300000011920929","0.0343889780342579","56","274","20459.9973525745","1023","19.9999974120963","2.66462001432686","-0.746328977448657","10"
"Mini_Simmons","10","1","8","0","0","0","0","0.983832716941833","0","218.099533081055","7.28984689712524","0","0","288.704345703125","0","0","0","474.678649902344","766.874450683594","0","766.874450683594","316.607421875","493.615386962891","0","0.0154744582250714","0.36401891708374","0","0","225.174255371094","0","21.4106292724609","0.0679566040635109","0","9","203","7","343","213","213","-1","0","204","0","12","0","3.09220600128174","0.349999994039536","0.0343889780342579","56","262","20460.0004258655","1023","20.0000004162909","2.43637989546778","-0.655826105813959","10"
"Mini_Simmons","10","1","9","0","0","0","0","0.941786527633667","0","234.008178710938","6.48915576934814","0","0","268.329193115234","0","0","0","484.128784179688","811.458557128906","0","811.458557128906","314.782073974609","493.879516601563","0","0.0153852440416813","0.392850428819656","0","0","240.298751831055","0","23.4402370452881","0.0627186894416809","0","9","204","8","340","214","214","-1","0","205","0","13","0","2.85386228561401","0.366666674613953","0.0343889780342579","66","261","20459.9987573684","1023","19.9999987853064","2.24445473770107","-0.609407547912943","10"
"Mini_Simmons","10","2","0","0","0","0","0","2.17721104621887","0","7.89160537719727","97.6656799316406","0","0","516.769958496094","0","0","0","313.263702392578","35.3472595214844","0","35.3472595214844","80.0378799438477","506.8798828125","0","0.00391191989183426","0.0110730137676001","0","0","105.075981140137","0","0.293909549713135","0.198819696903229","0","9","198","1","396","211","211","-1","0","199","0","10","0","22.1396102905273","0.0333333350718021","0.0687779560685158","10","392","20459.9997333582","1023","19.9999997393531","20.6883192145506","-1.45129107597674","10"
"Mini_Simmons","10","2","1","0","0","0","0","2.09017014503479","0","13.9070491790771","68.2061920166016","0","0","508.067749023438","0","0","0","257.649108886719","75.6960906982422","0","75.6960906982422","103.054664611816","505.184143066406","0","0.00503688538447022","0.0195030309259892","0","0","81.6536636352539","0","0.577224969863892","0.14276796579361","0","9","199","1","395","211","211","-1","0","200","0","10","0","16.7326641082764","0.0500000007450581","0.0687779560685158","15","387","20459.9979442764","1023","19.999997990495","14.9669413839052","-1.76572272437115","10"
"Mini_Simmons","10","2","2","0","0","0","0","1.6405953168869","0","40.10009765625","35.6420974731445","0","0","487.921051025391","0","0","0","292.727416992188","198.083099365234","0","198.083099365234","171.900604248047","500.825408935547","0","0.00840178970247507","0.0579843558371067","0","0","75.3284454345703","0","2.28120994567871","0.132895335555077","0","9","201","2","391","212","212","-1","0","202","0","11","0","9.76680374145508","0.100000001490116","0.0687779560685158","20","358","20459.9984450226","1023","19.999998479983","8.33134545014058","-1.4354582913145","10"
"Mini_Simmons","10","2","3","0","0","0","0","1.31132411956787","0","72.7331161499023","23.4326419830322","0","0","457.454406738281","0","0","0","332.430572509766","322.776916503906","0","322.776916503906","227.016693115234","497.625244140625","0","0.0110956346616149","0.107300914824009","0","0","95.7934799194336","0","5.02855205535889","0.114722661674023","0","9","203","3","383","213","213","-1","0","204","0","12","0","7.11529874801636","0.150000005960464","0.0687779560685158","24","331","20460.00071547","1023","20.0000006993842","5.93537808689546","-1.1799206611209","10"
"Mini_Simmons","10","2","4","0","0","0","0","1.08876347541809","0","108.644523620605","16.5766124725342","0","0","419.372283935547","0","0","0","367.672637939453","451.462646484375","0","451.462646484375","268.931335449219","495.394989013672","0","0.0131442500278354","0.165990471839905","0","0","124.890434265137","0","8.61818790435791","0.0992622375488281","0","9","205","4","373","214","214","-1","0","206","0","13","0","5.58527326583862","0.200000002980232","0.0687779560685158","28","307","20459.9984692704","1023","19.9999985036856","4.54182330354519","-1.04344996229343","10"
"Mini_Simmons","10","2","5","0","0","0","0","0.995815634727478","0","134.030624389648","13.5239429473877","0","0","391.261383056641","0","0","0","386.403350830078","541.505249023438","0","541.505249023438","289.794647216797","494.428405761719","0","0.0141639616340399","0.209239453077316","0","0","147.251342773438","0","11.3771209716797","0.10425278544426","0","9","207","5","365","215","215","-1","0","208","0","14","0","4.76506471633911","0.25","0.0687779560685158","29","285","20459.9994482011","1023","19.9999994606071","3.88146840349257","-0.883596312846543","10"
"Mini_Simmons","10","2","6","0","0","0","0","0.950234055519104","0","128.696701049805","14.5418310165405","13.7704772949219","0","397.058959960938","0","0","0","351.65087890625","560.13818359375","0","560.13818359375","283.31005859375","494.232360839844","0","0.0138470195233822","0.196973070502281","0","0","156.696746826172","0","10.9569358825684","0.138516589999199","0","9","209","6","355","216","216","-1","0","210","0","15","0","4.72605609893799","0.300000011920929","0.0687779560685158","25","272","20460.0028269875","1023","20.0000027634286","4.03116348661936","-0.694892612318625","10"
"Mini_Simmons","10","2","7","0","0","0","0","0.745739817619324","0","216.304428100586","7.44628810882568","0","0","292.244537353516","0","0","0","433.230773925781","827.869506835938","0","827.869506835938","317.196990966797","493.563690185547","0","0.0155032742768526","0.358658581972122","0","0","223.532806396484","0","21.057710647583","0.0687655732035637","0","9","213","9","349","219","219","-1","0","214","0","18","0","3.12031054496765","0.349999994039536","0.0687779560685158","60","268","20459.9999524225","1023","19.9999999534921","2.47742328145288","-0.642887263514774","10"
"Mini_Simmons","10","2","8","0","0","0","0","0.663930475711823","0","213.568283081055","8.46236419677734","0","0","296.237884521484","0","0","0","397.854614257813","884.8193359375","0","884.8193359375","307.519683837891","494.142608642578","0","0.0150302872061729","0.352029472589493","0","0","221.809280395508","0","20.7415637969971","0.0908554568886757","0","9","217","12","341","222","222","-1","0","218","0","21","0","2.93244576454163","0.400000005960464","0.0687779560685158","48","258","20460.0005056186","1023","20.0000004942508","2.44705057957825","-0.485395184963378","10"
"Mini_Simmons","10","2","9","0","0","0","0","0.609802067279816","0","217.282836914063","9.32574653625488","0","0","294.710571289063","0","0","0","394.73974609375","904.21435546875","0","904.21435546875","296.355590820313","494.954040527344","0","0.0144846318289638","0.356929361820221","0","0","226.390121459961","0","20.9704742431641","0.103792101144791","0","9","223","17","337","227","227","-1","0","224","0","26","0","2.59913206100464","0.449999988079071","0.0687779560685158","45","253","20460.0016292933","1023","20.0000015926621","2.32577186257162","-0.273360198433021","10"
"Mini_Simmons","10","2","10","0","0","0","0","0.598752498626709","0","190.201385498047","11.650369644165","16.4357891082764","0","327.018310546875","0","0","0","340.080657958984","907.813537597656","0","907.813537597656","289.688293457031","495.118591308594","0","0.0141587629914284","0.308729827404022","0","0","218.043731689453","0","17.8752632141113","0.129757761955261","0","9","225","18","334","228","228","-1","0","226","0","27","0","2.84204697608948","0.466666668653488","0.0687779560685158","40","252","20460.0001873332","1023","20.0000001831214","2.62858311711295","-0.213463858976529","10"
"Mini_Simmons","10","2","11","0","0","0","0","-0.942023932933807","0","294.898712158203","6.47009181976318","-80.8232269287109","0","248.456115722656","0","0","0","359.338653564453","1452.55322265625","0","1452.55322265625","162.848663330078","541.697448730469","0","0.00795936770737171","0.521958529949188","0","0","382.005126953125","0","29.8555278778076","0.0716877058148384","0","6","227","20","333","230","230","-1","0","228","0","29","0","0.0057295779697597","0.483333349227905","0.0687779560685158","44","232","20460.0000046804","1023","20.0000000045752","0.87373964837626","0.8680100704065","10"
"Mini_Simmons","10","3","0","0","0","0","0","1.60086786746979","0","5.08447504043579","190.632354736328","0","0","636.778381347656","0","0","0","82.2847061157227","85.3134841918945","0","85.3134841918945","74.6594924926758","508.229583740234","0","0.00364904664456844","0.00701999478042126","0","0","195.066925048828","0","0.189907237887383","0.64641010761261","0","9","208","1","399","216","216","-1","0","209","0","15","0","30.7488765716553","0.0666666701436043","0.103166937828064","6","383","20459.9994915947","1023","19.9999995030251","31.3193456629842","0.570469091328899","10"
"Mini_Simmons","10","3","1","0","0","0","0","1.61055660247803","0","3.57879114151001","420.768920898438","0","0","765.554138183594","0","0","0","62.3073310852051","85.4069061279297","0","85.4069061279297","76.6691970825195","497.546813964844","0","0.00374727277085185","0.00532147660851479","0","0","423.3642578125","0","0.129137948155403","0.862794101238251","0","9","209","1","397","216","216","-1","0","210","0","15","0","45","0.0833333358168602","0.103166937828064","5","383","20459.9989834982","1023","19.9999990063521","44.7632678111521","-0.236732188847938","10"
"Mini_Simmons","10","3","2","0","0","0","0","1.21759450435638","0","10.0206832885742","100.18138885498","0","0","573.969970703125","0","0","0","109.303024291992","124.96614074707","0","124.96614074707","94.2632904052734","506.528289794922","0","0.00460719875991344","0.0136591773480177","0","0","109.669326782227","0","0.426905155181885","0.494983702898026","0","9","209","1","395","216","216","-1","0","210","0","15","0","20.1788063049316","0.100000001490116","0.103166937828064","7","369","20460.0008199005","1023","20.0000008014667","19.7122748711368","-0.466531433794824","10"
"Mini_Simmons","10","3","3","0","0","0","0","1.12666857242584","0","27.3451690673828","48.376049041748","0","0","519.305847167969","0","0","0","148.48616027832","254.173233032227","0","254.173233032227","145.614532470703","502.813507080078","0","0.00711703486740589","0.0377412065863609","0","0","75.268684387207","0","1.50446200370789","0.323260307312012","0","9","213","4","389","219","219","-1","0","214","0","18","0","11.7372541427612","0.150000005960464","0.103166937828064","13","342","20459.9998712355","1023","19.9999998741305","10.8696139074811","-0.867640235280096","10"
"Mini_Simmons","10","3","4","0","0","0","0","1.08992457389832","0","56.3432006835938","28.8239707946777","11.2848997116089","0","477.765106201172","0","0","0","209.240051269531","391.943634033203","0","391.943634033203","202.810028076172","498.178100585938","0","0.00991251319646835","0.082010306417942","0","0","96.0439682006836","0","3.82326865196228","0.214465796947479","0","9","216","6","380","221","221","-1","0","217","0","20","0","7.96276092529297","0.200000002980232","0.103166937828064","22","319","20460.0008147711","1023","20.0000007964527","6.94226437232536","-1.0204965529676","10"
"Mini_Simmons","10","3","5","0","0","0","0","1.0240843296051","0","68.522346496582","25.161111831665","10.0798740386963","0","466.16796875","0","0","0","216.795074462891","461.291412353516","0","461.291412353516","221.56494140625","497.020263671875","0","0.0108291748911142","0.100005701184273","0","0","103.363945007324","0","4.97502756118774","0.222443699836731","0","9","222","11","376","226","226","-1","0","223","0","25","0","7.0625057220459","0.25","0.103166937828064","25","305","20460.002136271","1023","20.0000020882415","6.21649561341758","-0.846010108628318","10"
"Mini_Simmons","10","3","6","0","0","0","0","0.946480989456177","0","81.2124404907227","22.3932094573975","14.3954706192017","0","453.535186767578","0","0","0","211.484909057617","563.645080566406","0","563.645080566406","238.315078735352","495.820495605469","0","0.01164785400033","0.119202427566051","0","0","117.613052368164","0","6.22279167175293","0.230308502912521","0","9","228","16","370","231","231","-1","0","229","0","30","0","6.22537803649902","0.300000011920929","0.103166937828064","29","292","20459.9987884979","1023","19.999998815736","5.60759966904163","-0.617778367457396","10"
"Mini_Simmons","10","3","7","0","0","0","0","0.902589738368988","0","84.3470764160156","22.4181461334229","15.3489799499512","0","452.519439697266","0","0","0","200.870971679688","627.4990234375","0","627.4990234375","241.552291870117","495.988189697266","0","0.0118060745298862","0.126046344637871","0","0","121.734657287598","0","6.60961055755615","0.256088823080063","0","9","234","21","366","236","236","-1","0","235","0","35","0","5.83603954315186","0.349999994039536","0.103166937828064","32","283","20460.0005919533","1023","20.0000005786445","5.37446186171935","-0.461577681432505","10"
"Mini_Simmons","10","3","8","0","0","0","0","0.849667310714722","0","92.6827926635742","21.1937675476074","13.9001893997192","0","443.281555175781","0","0","0","203.694580078125","689.442687988281","0","689.442687988281","249.876495361328","495.988891601563","0","0.0122129265218973","0.140435740351677","0","0","127.4150390625","0","7.48157405853271","0.25442498922348","0","9","240","26","360","242","241","-1","0","241","0","40","0","5.32889461517334","0.400000005960464","0.103166937828064","37","280","20460.0015330731","1023","20.0000014986052","4.98900194577313","-0.339892669400211","10"
"Mini_Simmons","10","3","9","0","0","0","0","0.638318419456482","0","131.733688354492","16.060640335083","9.22502040863037","0","394.818237304688","0","0","0","246.44367980957","846.133178710938","0","846.133178710938","276.737640380859","495.856811523438","0","0.013525789603591","0.208524167537689","0","0","156.7177734375","0","11.5984163284302","0.191106542944908","0","9","246","31","356","249","246","-1","0","248","0","45","0","3.98181128501892","0.449999988079071","0.103166937828064","49","275","20459.998897764","1023","19.9999989225455","3.71906579647268","-0.262745488546244","10"
"Mini_Simmons","10","3","10","0","0","0","0","0.866743981838226","0","46.9101104736328","40.859935760498","0","0","546.287841796875","0","0","0","117.838226318359","585.578552246094","0","585.578552246094","196.241439819336","501.203308105469","0","0.00959146767854691","0.0690035372972488","0","0","87.3207855224609","0","3.35841035842896","0.523966908454895","0","9","251","36","350","255","251","-1","0","254","0","50","0","7.51542949676514","0.5","0.103166937828064","36","282","20460.0011589745","1023","20.0000011329174","7.98996449295048","0.474534996185341","10"
"Mini_Simmons","10","4","0","0","0","0","0","1.11447942256927","0","13.7612857818604","99.7765274047852","0","0","639.524780273438","0","0","0","47.3346633911133","376.450256347656","0","376.450256347656","114.778656005859","505.918182373047","0","0.00560990488156676","0.0178191475570202","0","0","112.94303894043","0","0.657058715820313","0.666991651058197","0","9","244","4","397","247","244","-1","0","246","0","43","0","17.7439270019531","0.233333334326744","0.137555912137032","31","348","20460.0003795079","1023","20.0000003709755","18.3502230702166","0.606296068263521","10"
"Mini_Simmons","10","4","1","0","0","0","0","1.12169516086578","0","11.2755994796753","129.874984741211","0","0","698.369506835938","0","0","0","37.5047340393066","383.924346923828","0","383.924346923828","109.750160217285","506.715087890625","0","0.00536413304507732","0.0143989799544215","0","0","140.4892578125","0","0.522739589214325","0.764128684997559","0","9","245","5","395","248","245","-1","0","247","0","44","0","20.5296669006348","0.25","0.137555912137032","31","348","20459.9996485924","1023","19.9999996564931","21.8720803815074","1.34241348087262","10"
"Mini_Simmons","10","4","2","0","0","0","0","0.799380362033844","0","22.5306053161621","66.2878799438477","0","0","588.805847167969","0","0","0","61.4535064697266","491.406219482422","0","491.406219482422","139.715789794922","504.051513671875","0","0.0068287281319499","0.030198635533452","0","0","88.2895812988281","0","1.25853180885315","0.570693016052246","0","9","251","11","390","255","251","-1","0","254","0","50","0","13.0020322799683","0.300000011920929","0.137555912137032","38","331","20460.0017887997","1023","20.0000017485823","13.0691612513408","0.0671289713725365","10"
"Mini_Simmons","10","4","3","0","0","0","0","0.810336410999298","0","43.8172302246094","38.8323402404785","0","0","524.790893554688","0","0","0","99.6963882446289","617.445251464844","0","617.445251464844","185.448623657227","500.951629638672","0","0.00906396005302668","0.0615570619702339","0","0","82.2041931152344","0","2.92293238639832","0.428970038890839","0","9","256","16","386","261","256","-1","0","260","0","55","0","8.66558647155762","0.349999994039536","0.137555912137032","45","312","20460.0001072711","1023","20.0000001048593","8.46729495207352","-0.198291519484096","10"
"Mini_Simmons","10","4","4","0","0","0","0","0.993012726306915","0","6.69590044021606","834.66064453125","0","0","1396.70324707031","0","0","0","17.4393730163574","482.712799072266","0","482.712799072266","140.27734375","484.490997314453","0","0.00685617513954639","0.00841820891946554","0","0","839.375671386719","0","0.321040093898773","1.21775841712952","0","9","262","22","381","268","262","-1","0","267","0","61","0","45","0.400000005960464","0.137555912137032","22","337","20460.0000575949","1023","20.0000000563","54.5326068946467","9.53260689464669","10"
"Mini_Simmons","10","4","5","0","0","0","0","0.930202603340149","0","10.3602256774902","274.111450195313","0","0","1043.78308105469","0","0","0","24.245777130127","556.555847167969","0","556.555847167969","132.004241943359","507.805999755859","0","0.00645182002335787","0.0134941292926669","0","0","283.409271240234","0","0.558260381221771","1.06643712520599","0","9","268","28","378","275","268","-1","0","274","0","67","0","25.9231986999512","0.449999988079071","0.137555912137032","28","329","20460.0006611247","1023","20.0000006462607","28.562722164505","2.63952346455379","10"
"Mini_Simmons","10","4","6","0","0","0","0","0.595965445041656","0","20.2448406219482","104.118499755859","0","0","756.583557128906","0","0","0","39.3903121948242","705.270202636719","0","705.270202636719","152.224243164063","505.432189941406","0","0.00744008924812078","0.0277808122336864","0","0","123.68603515625","0","1.25398194789886","0.855439186096191","0","9","274","34","373","283","274","-1","0","282","0","73","0","14.396764755249","0.5","0.137555912137032","40","316","20460.0023047454","1023","20.000002252928","15.5342251553228","1.13746040007378","10"
"Mini_Simmons","10","4","7","0","0","0","0","0.289865851402283","0","28.6373023986816","71.7416076660156","0","0","674.077087402344","0","0","0","49.111156463623","824.7470703125","0","824.7470703125","171.094055175781","504.001525878906","0","0.00836236774921417","0.0405042842030525","0","0","99.8035583496094","0","1.91114950180054","0.759295761585236","0","9","281","41","371","291","281","-1","0","290","0","80","0","10.7803077697754","0.550000011920929","0.137555912137032","51","314","20460.0013186288","1023","20.0000012889823","11.9147677756027","1.13446000582736","10"
"Mini_Simmons","10","4","8","0","0","0","0","0.153835713863373","0","33.4486045837402","62.2489204406738","0","0","644.673706054688","0","0","0","55.2054824829102","885.741760253906","0","885.741760253906","180.7978515625","503.349182128906","0","0.00883664935827255","0.0488978028297424","0","0","95.1586685180664","0","2.30813241004944","0.720135271549225","0","9","283","43","369","293","283","-1","0","292","0","82","0","9.40563583374023","0.566666662693024","0.137555912137032","56","312","20460.0006441631","1023","20.0000006296805","10.4115084255115","1.00587259177127","10"
"Mini_Simmons","10","4","9","0","0","0","0","0.0464876629412174","0","35.3283729553223","60.5186729431152","0","0","642.528625488281","0","0","0","55.1297187805176","918.100158691406","0","918.100158691406","185.707916259766","503.194091796875","0","0.00907663255929947","0.0506146028637886","0","0","95.3158950805664","0","2.44657397270203","0.719792187213898","0","9","285","45","368","296","285","-1","0","295","0","84","0","8.88681507110596","0.583333313465118","0.137555912137032","56","312","20460.0015530538","1023","20.0000015181366","10.3306396446851","1.44382457357913","10"
"Mini_Simmons","15","0","0","0","0","0","0","2.99276232719421","0","8.26361846923828","90.3599548339844","0","0","509.246490478516","0","0","0","434.019683837891","28.2000923156738","0","28.2000923156738","82.5819396972656","506.840698242188","0","0.00403626309707761","0.0122393947094679","0","0","98.1725845336914","0","0.275316894054413","-0.0989237129688263","0","9","131","2","388","201","201","-1","0","132","0","0","0","21.4729042053223","0.0166666675359011","0","15","388","20459.9991901068","1023","19.9999992083155","19.2552016019248","-2.21770260339743","10"
"Mini_Simmons","15","0","1","0","0","0","0","2.42823004722595","0","18.5106010437012","57.2700271606445","0","0","501.281402587891","0","0","0","319.689178466797","84.3902130126953","0","84.3902130126953","116.735282897949","504.063110351563","0","0.00570553727447987","0.026978638023138","0","0","75.3269500732422","0","0.741957724094391","-0.0487881265580654","0","9","135","3","387","202","202","-1","0","136","0","1","0","14.8186502456665","0.0333333350718021","0","17","387","20459.998293253","1023","19.9999983316256","12.2093044241088","-2.60934582155772","10"
"Mini_Simmons","15","0","2","0","0","0","0","1.94093298912048","0","33.8507537841797","39.6958351135254","0","0","490.735504150391","0","0","0","342.930572509766","143.088317871094","0","143.088317871094","156.651733398438","501.476776123047","0","0.00765648763626814","0.0490693561732769","0","0","73.1180572509766","0","1.66816127300262","-0.0510244704782963","0","9","139","4","387","203","203","-1","0","140","0","2","0","10.910382270813","0.0500000007450581","0","22","385","20459.9995246373","1023","19.9999995353248","8.97676896164814","-1.93361330916485","10"
"Mini_Simmons","15","0","3","0","0","0","0","1.49581372737885","0","71.281982421875","23.5493640899658","0","0","457.963104248047","0","0","0","398.586517333984","272.151123046875","0","272.151123046875","225.671203613281","497.664337158203","0","0.0110298730432987","0.108475759625435","0","0","94.4594116210938","0","4.70200204849243","-0.0309337638318539","0","9","148","5","383","204","204","-1","0","149","0","3","0","7.2335000038147","0.100000001490116","0","39","369","20460.0001040256","1023","20.0000001016868","5.83595078841293","-1.39754921540177","10"
"Mini_Simmons","15","0","4","0","0","0","0","1.13460314273834","0","118.770446777344","14.9166383743286","0","0","408.467437744141","0","0","0","422.798461914063","445.532287597656","0","445.532287597656","281.634216308594","494.929565429688","0","0.0137651134282351","0.188370361924171","0","0","133.372543334961","0","9.48191070556641","-0.017171448096633","0","9","159","8","377","207","207","-1","0","160","0","6","0","5.29784822463989","0.150000005960464","0","61","350","20459.999677947","1023","19.9999996851877","4.19060879807878","-1.10723942656111","10"
"Mini_Simmons","15","0","5","0","0","0","0","1.00507235527039","0","162.095016479492","10.2967739105225","0","0","357.730255126953","0","0","0","441.4443359375","595.848388671875","0","595.848388671875","312.412414550781","493.618133544922","0","0.0152694247663021","0.263033896684647","0","0","172.124877929688","0","14.4713401794434","-0.0168422646820545","0","9","166","9","367","208","208","-1","0","167","1","7","0","4.31037902832031","0.200000002980232","0","79","333","20459.9989411677","1023","19.9999989649733","3.3279578492393","-0.982421179081017","10"
"Mini_Simmons","15","0","6","0","0","0","0","0.937250316143036","0","205.184707641602","7.07752323150635","0","0","302.319458007813","0","0","0","480.502258300781","720.914001464844","0","720.914001464844","325.538543701172","493.183471679688","0","0.0159109737724066","0.346400797367096","0","0","212.040557861328","0","19.9665966033936","-0.00612626643851399","0","9","174","11","360","210","210","-1","0","175","1","9","0","3.58655452728271","0.25","0","95","312","20460.0012769635","1023","20.0000012482537","2.63265122560486","-0.95390330167786","10"
"Mini_Simmons","15","0","7","0","0","0","0","0.916343092918396","0","223.064590454102","6.07694339752197","0","0","281.209228515625","0","0","0","492.842681884766","764.287658691406","0","764.287658691406","328.703247070313","493.188751220703","0","0.016065651550889","0.376673579216003","0","0","228.937286376953","0","22.0704307556152","-0.00656437035650015","0","9","176","11","356","210","210","-1","0","177","1","9","0","3.33894085884094","0.266666680574417","0","103","307","20460.0010170221","1023","20.0000009941565","2.44448613521757","-0.894454723623376","10"
"Mini_Simmons","15","0","8","0","0","0","0","0.906959176063538","0","222.172500610352","6.17799997329712","0","0","283.190521240234","0","0","0","484.550445556641","772.255615234375","0","772.255615234375","328.440338134766","493.138610839844","0","0.0160528048872948","0.374196797609329","0","0","228.144027709961","0","21.8698959350586","-1.19319001896656E-05","0","9","179","12","354","211","211","-1","0","180","1","10","0","3.34751725196838","0.283333361148834","0","100","305","20459.9968940453","1023","19.9999969638761","2.45870705165144","-0.888810200316941","10"
"Mini_Simmons","15","1","0","0","0","0","0","2.77309894561768","0","2.29428863525391","200.958938598633","0","0","510.934020996094","0","0","0","308.418365478516","15.0909471511841","0","15.0909471511841","54.0470504760742","509.537658691406","0","0.0026415956672281","0.00465432507917285","0","0","202.826202392578","0","0.0830212384462357","0.05932841822505","0","9","158","1","394","207","207","-1","0","159","1","6","0","38.1569442749023","0.0166666675359011","0.0343889780342579","14","394","20460.0011828408","1023","20.0000011562472","34.5800548281703","-3.57688944673202","10"
"Mini_Simmons","15","1","1","0","0","0","0","2.52388119697571","0","12.7544040679932","70.8468704223633","0","0","504.060913085938","0","0","0","324.624114990234","54.6634254455566","0","54.6634254455566","98.391975402832","505.429809570313","0","0.00480899214744568","0.017745066434145","0","0","83.1434860229492","0","0.474307298660278","0.00509409699589014","0","9","160","1","392","207","207","-1","0","161","0","6","0","17.6110668182373","0.0333333350718021","0.0343889780342579","18","391","20459.9991819686","1023","19.9999992003603","15.7240471085903","-1.88701970964699","10"
"Mini_Simmons","15","1","2","0","0","0","0","2.04793548583984","0","26.4792957305908","46.1188926696777","0","0","495.495574951172","0","0","0","426.221862792969","87.2999877929688","0","87.2999877929688","138.866928100586","502.599700927734","0","0.00678724003955722","0.0372091643512249","0","0","72.1591491699219","0","1.19442903995514","0.0183128733187914","0","9","163","2","392","208","208","-1","0","164","0","7","0","12.3041639328003","0.0500000007450581","0.0343889780342579","22","385","20459.9995419707","1023","19.9999995522685","10.5100363592176","-1.79412757358266","10"
"Mini_Simmons","15","1","3","0","0","0","0","1.6026519536972","0","66.9671325683594","24.9655990600586","0","0","462.435485839844","0","0","0","379.382995605469","263.404754638672","0","263.404754638672","217.590286254883","497.909606933594","0","0.0106349112465978","0.0999312847852707","0","0","91.5494918823242","0","4.2723503112793","0.0333369337022305","0","9","171","3","388","209","209","-1","0","172","0","8","0","7.55247163772583","0.100000001490116","0.0343889780342579","27","358","20460.0002021166","1023","20.0000001975725","6.10911411556079","-1.44335752216504","10"
"Mini_Simmons","15","1","4","0","0","0","0","1.37559032440186","0","103.828903198242","17.2543334960938","0","0","424.850891113281","0","0","0","423.334197998047","377.022399902344","0","377.022399902344","264.112609863281","495.474090576172","0","0.012908729724586","0.159606471657753","0","0","120.744926452637","0","7.89848709106445","0.0363554619252682","0","9","177","4","380","210","210","-1","0","178","0","9","0","5.80056428909302","0.150000005960464","0.0343889780342579","35","335","20459.9999766245","1023","19.99999997715","4.63906278600287","-1.16150150309014","10"
"Mini_Simmons","15","1","5","0","0","0","0","1.20074927806854","0","143.821548461914","12.2465763092041","0","0","380.117767333984","0","0","0","459.238250732422","496.321990966797","0","496.321990966797","297.683044433594","493.863250732422","0","0.0145495142787695","0.227930039167404","0","0","155.773986816406","0","12.2773303985596","0.0395636186003685","0","9","184","6","371","212","212","-1","0","185","0","11","0","4.67103481292725","0.200000002980232","0.0343889780342579","45","311","20459.9987827752","1023","19.9999988101419","3.65986387226122","-1.01117094066603","10"
"Mini_Simmons","15","1","6","0","0","0","0","1.09509098529816","0","174.370574951172","9.62774848937988","0","0","343.707611083984","0","0","0","479.224609375","586.274230957031","0","586.274230957031","312.641815185547","493.216827392578","0","0.0152806350961328","0.280957043170929","0","0","183.735610961914","0","15.8797264099121","0.045955877751112","0","9","190","8","364","214","214","-1","0","191","0","13","0","3.9988956451416","0.25","0.0343889780342579","50","291","20460.0013820545","1023","20.0000013509819","3.11772971091564","-0.881165934225959","10"
"Mini_Simmons","15","1","7","0","0","0","0","1.02640867233276","0","186.673156738281","9.0315990447998","0","0","331.534729003906","0","0","0","493.897064208984","605.699401855469","0","605.699401855469","316.061737060547","493.073486328125","0","0.0154477879405022","0.29915314912796","0","0","195.451477050781","0","17.0980796813965","0.0542940124869347","0","9","195","9","354","215","215","-1","0","196","0","14","0","3.72664737701416","0.300000011920929","0.0343889780342579","48","280","20459.9997279787","1023","19.9999997340945","2.95997838990947","-0.766668987104691","10"
"Mini_Simmons","15","1","8","0","0","0","0","0.963235557079315","0","230.548919677734","7.33479690551758","0","0","278.775756835938","0","0","0","511.66064453125","741.205749511719","0","741.205749511719","311.038879394531","493.695526123047","0","0.0152022913098335","0.379245817661285","0","0","237.671875","0","22.3864707946777","0.0593551248311996","0","9","198","10","346","216","216","-1","0","199","0","15","0","2.85016393661499","0.349999994039536","0.0343889780342579","59","259","20459.9999470696","1023","19.9999999482597","2.29735053702702","-0.552813399587966","10"
"Mini_Simmons","15","1","9","0","0","0","0","0.664688944816589","0","281.8349609375","4.31722736358643","0","0","213.927627563477","0","0","0","508.444061279297","945.139709472656","0","945.139709472656","307.179626464844","494.511566162109","0","0.0150136658921838","0.480550706386566","0","0","285.994720458984","0","28.8487873077393","0.0287132374942303","0","9","200","11","343","217","217","-1","0","201","1","16","0","2.35501503944397","0.366666674613953","0.0343889780342579","111","271","20460.0014860304","1023","20.0000014526201","1.79036206855371","-0.564652970890255","10"
"Mini_Simmons","15","1","10","0","0","0","0","0.779693126678467","0","265.17626953125","5.52732944488525","0","0","235.474212646484","0","0","0","506.228149414063","882.543151855469","0","882.543151855469","304.991577148438","494.382080078125","0","0.014906725846231","0.446768194437027","0","0","270.527160644531","0","26.7126426696777","0.0471750907599926","0","9","202","12","341","218","218","-1","0","203","1","17","0","2.44851469993591","0.38333335518837","0.0343889780342579","89","263","20459.9977415934","1023","19.9999977923689","1.91206772313881","-0.536446976797107","10"
"Mini_Simmons","15","2","0","0","0","0","0","2.17207551002502","0","4.84082794189453","131.530319213867","0","0","513.179809570313","0","0","0","363.227874755859","20.7776470184326","0","20.7776470184326","65.3187866210938","508.008026123047","0","0.00319251185283065","0.00754702044650912","0","0","135.883895874023","0","0.168368279933929","0.136394545435905","0","9","179","1","396","211","211","-1","0","180","0","10","0","27.9618816375732","0.0333333350718021","0.0687779560685158","11","395","20459.9981557402","1023","19.9999981972045","25.0251588770046","-2.93672276056866","10"
"Mini_Simmons","15","2","1","0","0","0","0","2.13472580909729","0","13.5023212432861","68.889404296875","0","0","506.164947509766","0","0","0","325.515289306641","57.2583503723145","0","57.2583503723145","101.482292175293","505.274627685547","0","0.00496003357693553","0.0186384692788124","0","0","81.934326171875","0","0.552348375320435","0.108407229185104","0","9","181","1","395","211","211","-1","0","182","0","10","0","16.9457035064697","0.0500000007450581","0.0687779560685158","15","388","20460.0010466042","1023","20.0000010230735","15.4334002881107","-1.51230321835899","10"
"Mini_Simmons","15","2","2","0","0","0","0","1.53640472888947","0","39.4394454956055","35.9714279174805","0","0","486.962860107422","0","0","0","277.196044921875","209.181747436523","0","209.181747436523","169.80793762207","500.864837646484","0","0.0082995081320405","0.0579843521118164","0","0","74.9952011108398","0","2.24631357192993","0.110579445958138","0","9","188","3","392","213","213","-1","0","189","0","12","0","9.85692310333252","0.100000001490116","0.0687779560685158","21","359","20460.0001494693","1023","20.0000001461088","8.22921393644664","-1.62770916688588","10"
"Mini_Simmons","15","2","3","0","0","0","0","1.16995763778687","0","78.1829528808594","22.2335453033447","0","0","451.599243164063","0","0","0","342.623168945313","340.259735107422","0","340.259735107422","233.034545898438","497.093414306641","0","0.0113897630944848","0.116580866277218","0","0","100.046752929688","0","5.43985509872437","0.0827558115124702","0","9","193","5","385","215","215","-1","0","194","0","14","0","6.85891628265381","0.150000005960464","0.0687779560685158","28","334","20459.9993841205","1023","19.9999993979672","5.60664883246683","-1.25226745018698","10"
"Mini_Simmons","15","2","4","0","0","0","0","1.03257882595062","0","90.734245300293","19.7104072570801","0","0","438.772338867188","0","0","0","332.898132324219","401.411163330078","0","401.411163330078","248.364837646484","496.298767089844","0","0.0121390428394079","0.133629038929939","0","0","110.089424133301","0","6.74883413314819","0.101366482675076","0","9","197","6","375","216","216","-1","0","198","0","15","0","6.21457958221436","0.200000002980232","0.0687779560685158","26","313","20460.0017424931","1023","20.0000017033168","5.21201189364362","-1.00256768857074","10"
"Mini_Simmons","15","2","5","0","0","0","0","0.868714869022369","0","140.425247192383","12.9916076660156","0","0","385.425964355469","0","0","0","398.128875732422","546.480590820313","0","546.480590820313","292.702819824219","493.993194580078","0","0.0143061010167003","0.217569693922997","0","0","153.114456176758","0","11.8453044891357","0.0790971145033836","0","9","201","8","368","218","218","-1","0","202","0","17","0","4.64198303222656","0.25","0.0687779560685158","33","290","20459.9995122732","1023","19.9999995232387","3.77015278631837","-0.87183024590819","10"
"Mini_Simmons","15","2","6","0","0","0","0","0.897393822669983","0","100.309638977051","18.8991241455078","15.6269512176514","0","428.823608398438","0","0","0","315.677307128906","477.331573486328","0","477.331573486328","254.871032714844","495.534545898438","0","0.0124570392072201","0.150682747364044","0","0","134.48698425293","0","7.97299194335938","0.152410596609116","0","9","207","12","361","222","222","-1","0","208","0","21","0","5.45469045639038","0.300000011920929","0.0687779560685158","25","278","20460.0008457163","1023","20.0000008267021","4.74209091245663","-0.712599543933754","10"
"Mini_Simmons","15","2","7","0","0","0","0","0.677887976169586","0","220.367767333984","7.48416137695313","0","0","291.303314208984","0","0","0","449.399261474609","798.08447265625","0","798.08447265625","316.361968994141","493.328918457031","0","0.0154624618589878","0.358658581972122","0","0","227.630920410156","0","21.1178340911865","0.056823942810297","0","9","215","18","358","228","228","-1","0","216","0","27","0","3.07466459274292","0.349999994039536","0.0687779560685158","69","277","20459.9999585609","1023","19.9999999594926","2.47089723006243","-0.603767362680494","10"
"Mini_Simmons","15","2","8","0","0","0","0","0.680875301361084","0","176.971252441406","11.6303005218506","20.3140621185303","0","344.901794433594","0","0","0","384.932708740234","725.644470214844","0","725.644470214844","297.634521484375","493.305419921875","0","0.0145471431314945","0.279324293136597","0","0","208.643981933594","0","15.8921794891357","0.0974889397621155","0","9","223","24","353","234","234","-1","0","224","0","33","0","3.44485306739807","0.400000005960464","0.0687779560685158","47","270","20459.9981449277","1023","19.9999981866351","2.98530120993494","-0.459551857463132","10"
"Mini_Simmons","15","2","9","0","0","0","0","0.501661002635956","0","226.280670166016","9.43992519378662","0","0","287.077667236328","0","0","0","415.156799316406","892.150634765625","0","892.150634765625","289.617553710938","494.926452636719","0","0.0141553059220314","0.37038242816925","0","0","235.501342773438","0","21.6640491485596","0.0804022699594498","0","9","231","30","350","240","240","-1","0","232","0","39","0","2.46395516395569","0.449999988079071","0.0687779560685158","61","266","20459.9996147151","1023","19.9999996233775","2.19026835356898","-0.273686810386709","10"
"Mini_Simmons","15","2","10","0","0","0","0","0.472282707691193","0","219.299591064453","10.1322994232178","0","0","294.640502929688","0","0","0","398.644439697266","900.519653320313","0","900.519653320313","286.133575439453","495.105285644531","0","0.0139850238338113","0.358987152576447","0","0","229.206604003906","0","20.935338973999","0.0859531089663506","0","9","233","32","348","242","242","-1","0","234","0","41","0","2.47966194152832","0.466666668653488","0.0687779560685158","59","266","20459.9991276149","1023","19.9999991472287","2.23263047475622","-0.247031466772099","10"
"Mini_Simmons","15","3","0","0","0","0","0","1.53625392913818","0","5.56634712219238","151.848190307617","0","0","588.184204101563","0","0","0","117.065719604492","66.9122314453125","0","66.9122314453125","74.4501953125","507.967529296875","0","0.00363881699740887","0.00783312879502773","0","0","156.845764160156","0","0.215305358171463","0.528539180755615","0","9","198","1","397","216","216","-1","0","199","0","15","0","27.5165939331055","0.0833333358168602","0.103166937828064","6","380","20459.9998751008","1023","19.9999998779089","27.680583505007","0.163989571901521","10"
"Mini_Simmons","15","3","1","0","0","0","0","1.04577803611755","0","10.237491607666","91.5837097167969","0","0","549.370544433594","0","0","0","108.470603942871","129.273849487305","0","129.273849487305","93.4565353393555","506.380035400391","0","0.00456776795908809","0.0140224117785692","0","0","101.318984985352","0","0.436950117349625","0.405105978250504","0","9","199","2","396","217","217","-1","0","200","0","16","0","19.3678951263428","0.100000001490116","0.103166937828064","8","369","20460.0006340981","1023","20.0000006198418","19.0108774162077","-0.357017710135114","10"
"Mini_Simmons","15","3","2","0","0","0","0","1.16280376911163","0","27.5915699005127","46.9797515869141","0","0","509.810546875","0","0","0","156.568298339844","241.052658081055","0","241.052658081055","144.419815063477","502.656616210938","0","0.00705864140763879","0.0377412065863609","0","0","74.1243743896484","0","1.50626051425934","0.262764513492584","0","9","204","5","390","220","220","-1","0","205","0","19","0","11.5879144668579","0.150000005960464","0.103166937828064","14","343","20460.0016806615","1023","20.0000016428754","10.77936042745","-0.808554039407881","10"
"Mini_Simmons","15","3","3","0","0","0","0","1.06474173069","0","51.9774780273438","30.6186504364014","0","0","480.907653808594","0","0","0","206.369171142578","353.746673583984","0","353.746673583984","193.654495239258","499.491424560547","0","0.00946502760052681","0.0730024129152298","0","0","82.1894836425781","0","3.35441851615906","0.190791413187981","0","9","211","10","384","225","225","-1","0","212","0","24","0","8.32016944885254","0.200000002980232","0.103166937828064","23","325","20460.0032258204","1023","20.0000031532946","7.44957772300285","-0.870591725849688","10"
"Mini_Simmons","15","3","4","0","0","0","0","0.984930694103241","0","69.0757598876953","25.1181793212891","13.6960430145264","0","462.664642333984","0","0","0","232.84814453125","429.488983154297","0","429.488983154297","219.298492431641","496.564178466797","0","0.0107184024527669","0.100005708634853","0","0","107.486221313477","0","4.89427518844604","0.179096147418022","0","9","219","16","381","231","231","-1","0","220","0","30","0","7.0325870513916","0.25","0.103166937828064","31","310","20459.9979705959","1023","19.9999980162228","6.15265935884458","-0.879927692547019","10"
"Mini_Simmons","15","3","5","0","0","0","0","0.923527479171753","0","82.200813293457","22.3216552734375","0","0","450.477355957031","0","0","0","236.933624267578","503.104675292969","0","503.104675292969","236.598541259766","497.0634765625","0","0.0115639576688409","0.11920241266489","0","0","104.152366638184","0","6.13745832443237","0.181990593671799","0","9","227","22","376","237","237","-1","0","228","0","36","0","6.16786289215088","0.300000011920929","0.103166937828064","35","298","20459.9971770289","1023","19.9999972404974","5.56708227505333","-0.600780617097549","10"
"Mini_Simmons","15","3","6","0","0","0","0","0.940033793449402","0","70.3918228149414","25.8637313842773","0","0","465.991271972656","0","0","0","200.647064208984","507.943817138672","0","507.943817138672","220.884918212891","498.042297363281","0","0.0107959397137165","0.101917438209057","0","0","95.8671493530273","0","5.13598823547363","0.231333985924721","0","9","234","28","373","243","243","-1","0","235","0","42","0","6.5320086479187","0.349999994039536","0.103166937828064","36","294","20459.9992284369","1023","19.9999992457838","6.08065196037567","-0.451356687543027","10"
"Mini_Simmons","15","3","7","0","0","0","0","0.831541836261749","0","86.4927978515625","22.8659553527832","17.0187950134277","0","448.5537109375","0","0","0","206.385467529297","610.689575195313","0","610.689575195313","238.68815612793","495.482818603516","0","0.0116660874336958","0.126037448644638","0","0","125.989265441895","0","6.56947565078735","0.218258947134018","0","9","242","34","368","249","249","-1","0","243","0","48","0","5.56245803833008","0.400000005960464","0.103166937828064","43","288","20460.000620132","1023","20.0000006061896","5.31092696358265","-0.251531074747425","10"
"Mini_Simmons","15","3","8","0","0","0","0","0.721765756607056","0","84.6164627075195","23.7210292816162","0","0","452.236785888672","0","0","0","183.379837036133","683.249206542969","0","683.249206542969","236.226776123047","497.34814453125","0","0.0115457847714424","0.125294134020805","0","0","107.967407226563","0","6.48219347000122","0.235816523432732","0","9","250","41","366","256","256","-1","0","251","0","55","0","5.38019418716431","0.449999988079071","0.103166937828064","48","288","20460.0017061928","1023","20.0000016678327","5.28727538315696","-0.0929188040073514","10"
"Mini_Simmons","15","3","9","0","0","0","0","0.705647528171539","0","72.7836456298828","27.5106506347656","0","0","469.696228027344","0","0","0","155.159317016602","688.482604980469","0","688.482604980469","221.813385009766","498.355987548828","0","0.0108413193374872","0.106824494898319","0","0","99.9079284667969","0","5.4174656867981","0.283782780170441","0","9","258","47","361","262","262","-1","0","259","0","61","0","5.58661127090454","0.5","0.103166937828064","51","289","20459.9992034897","1023","19.9999992213975","5.82481697302162","0.238205702117082","10"
"Mini_Simmons","15","3","10","0","0","0","0","0.240239471197128","0","119.421104431152","20.0624656677246","17.9504814147949","0","411.892150878906","0","0","0","204.455474853516","897.947204589844","0","897.947204589844","256.452972412109","496.203308105469","0","0.0125343594700098","0.183590218424797","0","0","157.109909057617","0","9.99043846130371","0.196809351444244","0","9","267","54","359","269","269","-1","0","268","0","68","0","3.65410423278809","0.550000011920929","0.103166937828064","64","289","20459.9982173568","1023","19.9999982574357","3.91483266681283","0.26072843402474","10"
"Mini_Simmons","15","3","11","0","0","0","0","0.471304625272751","0","67.0234069824219","30.6585884094238","0","0","482.665130615234","0","0","0","126.013977050781","774.791564941406","0","774.791564941406","214.450805664063","499.205017089844","0","0.0104814674705267","0.0976345613598824","0","0","97.2907409667969","0","4.98682451248169","0.336117476224899","0","9","270","57","358","272","272","-1","0","271","0","71","0","5.19448471069336","0.566666662693024","0.103166937828064","57","292","20459.9982079882","1023","19.9999982482778","6.16281127468985","0.968326563996487","10"
"Mini_Simmons","15","4","0","0","0","0","0","1.26100170612335","0","8.28185081481934","134.649459838867","0","0","643.488525390625","0","0","0","34.4335899353027","302.272125244141","0","302.272125244141","93.0423049926758","507.361206054688","0","0.00454752240329981","0.0104083139449358","0","0","142.337753295898","0","0.348543345928192","0.665223479270935","0","9","233","2","398","242","242","-1","0","234","0","41","0","22.7106475830078","0.216666668653488","0.137555912137032","28","357","20459.9992569936","1023","19.9999992736985","25.9070501681816","3.19640258517375","10"
"Mini_Simmons","15","4","1","0","0","0","0","1.27075505256653","0","6.42541742324829","179.583221435547","0","0","698.039672851563","0","0","0","26.3868770599365","317.127746582031","0","317.127746582031","88.8329772949219","508.133361816406","0","0.0043417876586318","0.00836801063269377","0","0","185.365631103516","0","0.264869570732117","0.756780982017517","0","9","236","4","397","244","244","-1","0","237","0","43","0","26.6058540344238","0.233333334326744","0.137555912137032","29","358","20460.0004144181","1023","20.0000004051007","31.2555055548159","4.64965152039209","10"
"Mini_Simmons","15","4","2","0","0","0","0","1.26620185375214","0","4.67257881164551","299.895233154297","0","0","808.263488769531","0","0","0","17.731954574585","339.363372802734","0","339.363372802734","87.5015869140625","508.927917480469","0","0.00427671521902084","0.00601757597178221","0","0","303.777557373047","0","0.181891068816185","0.889991998672485","0","9","239","7","397","247","247","-1","0","240","0","46","0","34.227352142334","0.25","0.137555912137032","31","361","20459.9984878339","1023","19.9999985218317","45.2922229136181","11.0648707712842","10"
"Mini_Simmons","15","4","3","0","0","0","0","0.724364578723907","0","23.3251419067383","58.4674224853516","0","0","545.138549804688","0","0","0","69.0044860839844","446.729156494141","0","446.729156494141","136.047286987305","503.608154296875","0","0.00664942758157849","0.0308263134211302","0","0","81.3035049438477","0","1.28000783920288","0.431994676589966","0","9","247","13","392","253","253","-1","0","248","0","52","0","12.1562700271606","0.300000011920929","0.137555912137032","40","332","20459.9997997134","1023","19.9999998042164","12.4569620354817","0.300692008321048","10"
"Mini_Simmons","15","4","4","0","0","0","0","0.735003411769867","0","44.1172180175781","37.0541191101074","0","0","504.200744628906","0","0","0","104.986114501953","586.335266113281","0","586.335266113281","180.262313842773","500.583862304688","0","0.00881047546863556","0.0615570582449436","0","0","80.7351150512695","0","2.86526918411255","0.326049834489822","0","9","255","20","390","260","260","-1","0","256","0","59","0","8.46730804443359","0.349999994039536","0.137555912137032","49","316","20459.9983831168","1023","19.999998419469","8.22883097984564","-0.238477064587958","10"
"Mini_Simmons","15","4","5","0","0","0","0","0.894867181777954","0","6.13276624679565","302.980163574219","0","0","876.507568359375","0","0","0","15.072509765625","481.992706298828","0","481.992706298828","98.7317810058594","508.490112304688","0","0.00482559995725751","0.00726483948528767","0","0","308.201232910156","0","0.27007195353508","0.953108727931976","0","9","263","26","385","266","266","-1","0","264","0","65","0","30.8369789123535","0.400000005960464","0.137555912137032","26","345","20460.0012185782","1023","20.000001191181","41.624076054232","10.7870971418785","10"
"Mini_Simmons","15","4","6","0","0","0","0","0.549943923950195","0","23.1820602416992","63.2619323730469","0","0","569.708618164063","0","0","0","50.8542213439941","616.573120117188","0","616.573120117188","139.129776000977","503.892547607422","0","0.00680008716881275","0.0313553437590599","0","0","85.9352493286133","0","1.40094971656799","0.521472275257111","0","9","271","33","383","273","273","-1","0","272","0","72","0","11.8344583511353","0.449999988079071","0.137555912137032","55","325","20459.9989010534","1023","19.9999989257609","12.5253590221701","0.690900671034814","10"
"Mini_Simmons","15","4","7","0","0","0","0","0.468451231718063","0","21.2925224304199","71.7578582763672","0","0","598.512451171875","0","0","0","42.4302825927734","671.710815429688","0","671.710815429688","136.790222167969","504.395599365234","0","0.00668573938310146","0.0285008773207664","0","0","92.5119857788086","0","1.28107166290283","0.595641314983368","0","9","281","41","380","284","281","-1","0","283","0","80","0","12.4069766998291","0.5","0.137555912137032","51","325","20459.9991608576","1023","19.999999179724","13.5668727551501","1.15989605532095","10"
"Mini_Simmons","15","4","8","0","0","0","0","0.0522765554487705","0","32.0429458618164","51.9860038757324","0","0","558.725219726563","0","0","0","55.2455863952637","798.597473144531","0","798.597473144531","161.936584472656","502.672790527344","0","0.00791478902101517","0.0441189855337143","0","0","83.5440673828125","0","2.09830093383789","0.514549553394318","0","9","289","49","379","294","289","-1","0","293","0","88","0","9.09022045135498","0.550000011920929","0.137555912137032","60","320","20460.0001393197","1023","20.0000001361874","10.334606191613","1.24438574025802","10"
"Mini_Simmons","15","4","9","0","0","0","0","-0.298318415880203","0","33.2699890136719","52.193187713623","0","0","566.091918945313","0","0","0","52.03369140625","893.428405761719","0","893.428405761719","166.385711669922","502.666046142578","0","0.00813224352896214","0.0464883781969547","0","0","84.9781494140625","0","2.19329810142517","0.540410339832306","0","9","297","57","376","303","297","-1","0","302","0","96","0","8.60445785522461","0.600000023841858","0.137555912137032","61","323","20460.0011149883","1023","20.0000010899202","10.0746240892928","1.47016623406822","10"
"Mini_Simmons","15","4","10","0","0","0","0","-0.581377923488617","0","44.2283821105957","42.2675476074219","0","0","532.873229980469","0","0","0","64.505973815918","973.947937011719","0","973.947937011719","185.283004760742","501.398132324219","0","0.00905586592853069","0.0628254562616348","0","0","86.0532913208008","0","3.08423662185669","0.466866254806519","0","9","300","60","376","307","300","-1","0","306","0","99","0","6.73452186584473","0.616666674613953","0.137555912137032","71","321","20459.9986597642","1023","19.9999986898966","8.2876697788775","1.55314791303277","10"
"Mini_Simmons","15","4","11","0","0","0","0","-0.615994334220886","0","37.3750495910645","49.5731925964355","0","0","563.496948242188","0","0","0","54.5472259521484","964.643432617188","0","964.643432617188","175.85774230957","502.329345703125","0","0.00859519746154547","0.0526186190545559","0","0","86.475830078125","0","2.53365778923035","0.545085549354553","0","9","302","62","375","309","302","-1","0","308","0","101","0","7.52660274505615","0.633333325386047","0.137555912137032","62","324","20460.0002613494","1023","20.0000002554735","9.40133569061483","1.87473294555868","10"
"Mini_Simmons","2","0","0","0","0","0","0","3.09803509712219","0","5.07951498031616","116.740547180176","0","0","508.525787353516","0","0","0","248.298645019531","33.1592025756836","0","33.1592025756836","69.0934906005859","508.118804931641","0","0.00337700359523296","0.00823338516056538","0","0","121.391815185547","0","0.168209657073021","-0.0147070502862334","0","9","196","2","388","201","201","-1","0","197","0","0","0","26.2374420166016","0.0166666675359011","0","13","388","20459.9991241109","1023","19.9999991438035","24.2148737482354","-2.02256826836614","10"
"Mini_Simmons","2","0","1","0","0","0","0","2.58180451393127","0","24.9467735290527","47.970775604248","0","0","496.755554199219","0","0","0","424.131683349609","82.6869964599609","0","82.6869964599609","134.531845092773","502.821868896484","0","0.00657535949721932","0.035070177167654","0","0","72.4729385375977","0","1.0716712474823","-7.2011593147181E-05","0","9","197","2","386","201","201","-1","0","198","0","0","0","12.7922191619873","0.0333333350718021","0","17","385","20459.9984456616","1023","19.9999984806076","10.8064267039934","-1.98579245799395","10"
"Mini_Simmons","2","0","2","0","0","0","0","2.09536170959473","0","32.930850982666","40.4918098449707","0","0","491.408020019531","0","0","0","372.917633056641","123.917404174805","0","123.917404174805","154.144134521484","501.563751220703","0","0.00753392651677132","0.0462109819054604","0","0","72.9902801513672","0","1.54713690280914","-0.0147160664200783","0","9","197","2","385","201","201","-1","0","198","0","0","0","11.1159887313843","0.0500000007450581","0","20","384","20459.9997329869","1023","19.9999997389902","9.38300026768359","-1.73298846370069","10"
"Mini_Simmons","2","0","3","0","0","0","0","1.68666338920593","0","72.9289779663086","23.1808547973633","0","0","456.291442871094","0","0","0","381.766571044922","288.950347900391","0","288.950347900391","227.547592163086","497.500640869141","0","0.0111215831711888","0.110311582684517","0","0","95.738395690918","0","4.83922338485718","-0.00528385164216161","0","9","197","2","380","201","201","-1","0","198","0","0","0","7.21557426452637","0.100000001490116","0","37","366","20460.0000432099","1023","20.0000000422384","5.78637565044362","-1.42919861408275","10"
"Mini_Simmons","2","0","4","0","0","0","0","1.38044822216034","0","112.07723236084","15.7447814941406","0","0","414.403411865234","0","0","0","431.751037597656","412.786560058594","0","412.786560058594","274.688415527344","495.239593505859","0","0.0134256323799491","0.17822103202343","0","0","127.500701904297","0","8.89990139007568","-0.00117529404815286","0","9","198","3","372","202","202","-1","0","199","0","1","0","5.5388822555542","0.150000005960464","0","55","349","20459.9982893607","1023","19.9999983278208","4.32026174072095","-1.21862051483325","10"
"Mini_Simmons","2","0","5","0","0","0","0","1.1488231420517","0","154.852249145508","10.7904596328735","0","0","363.721649169922","0","0","0","440.203002929688","577.7724609375","0","577.7724609375","307.888854980469","493.874633789063","0","0.015048329718411","0.254337161779404","0","0","165.371398925781","0","13.8821907043457","-0.00277045113034546","0","9","198","3","361","202","202","-1","0","199","0","1","0","4.47794771194458","0.200000002980232","0","74","332","20460.0019232553","1023","20.000001880015","3.39199191441239","-1.08595579753219","10"
"Mini_Simmons","2","0","6","0","0","0","0","1.05880773067474","0","199.100326538086","7.30060005187988","0","0","308.082885742188","0","0","0","477.751495361328","701.521179199219","0","701.521179199219","325.993499755859","493.360534667969","0","0.0159332118928432","0.33515277504921","0","0","206.177963256836","0","19.4007720947266","-0.0037238544318825","0","9","198","3","352","202","202","-1","0","199","0","1","0","3.71001863479614","0.25","0","92","314","20459.9990226884","1023","19.9999990446612","2.72487664609671","-0.98514198869943","10"
"Mini_Simmons","2","0","7","0","0","0","0","0.965274333953857","0","246.085998535156","4.65338897705078","0","0","246.718307495117","0","0","0","491.042755126953","867.278442382813","0","867.278442382813","328.329162597656","493.707153320313","0","0.0160473678261042","0.425870805978775","0","0","250.56526184082","0","25.5327014923096","-0.00403538625687361","0","9","200","4","342","203","203","-1","0","201","0","2","0","3.00105452537537","0.300000011920929","0","109","292","20460.0010516095","1023","20.0000010279663","2.15949104983284","-0.841563475542524","10"
"Mini_Simmons","2","0","8","0","0","0","0","0.752640128135681","0","292.082397460938","2.82073664665222","0","0","187.186019897461","0","0","0","501.418884277344","1032.35925292969","0","1032.35925292969","314.27734375","494.895324707031","0","0.0153605742380023","0.51764440536499","0","0","294.773803710938","0","31.523904800415","-0.00353829702362418","0","9","200","4","333","203","203","-1","0","201","0","2","0","2.28388333320618","0.349999994039536","0","130","274","20459.9996641058","1023","19.9999996716577","1.70044386568733","-0.583439467518845","10"
"Mini_Simmons","2","0","9","0","0","0","0","0.38970211148262","0","334.63671875","1.69615972042084","0","0","136.219512939453","0","0","0","505.785095214844","1197.40808105469","0","1197.40808105469","286.13037109375","496.725769042969","0","0.0139848683029413","0.605631172657013","0","0","336.240142822266","0","36.6936683654785","-0.00432512629777193","0","9","200","4","322","203","203","-1","0","201","0","2","0","1.51346826553345","0.400000005960464","0","149","255","20459.9975413119","1023","19.9999975965903","1.32315707753795","-0.190311187995501","10"
"Mini_Simmons","2","0","10","0","0","0","0","0.272547662258148","0","350.988586425781","1.46095550060272","0","0","121.118408203125","0","0","0","514.220581054688","1238.67114257813","0","1238.67114257813","272.986511230469","497.522247314453","0","0.0133424503728747","0.636950254440308","0","0","352.367431640625","0","38.2385902404785","-0.0101052625104785","0","9","200","4","319","203","203","-1","0","201","0","2","0","1.17867910861969","0.416666686534882","0","156","248","20459.998246308","1023","19.9999982857361","1.20028539012694","0.0216062815072515","10"
"Mini_Simmons","2","0","11","0","0","0","0","0.00717549305409193","0","364.673522949219","1.34501373767853","0","0","109.315460205078","0","0","0","502.111267089844","1321.20971679688","0","1321.20971679688","257.975799560547","498.378631591797","0","0.0126087889075279","0.663394212722778","0","0","365.944458007813","0","39.4572677612305","-0.00985240377485752","0","9","200","4","316","203","203","-1","0","201","1","2","0","0.868915677070618","0.433333367109299","0","162","242","20459.9982958336","1023","19.9999983341482","1.08905655122788","0.220140874157263","10"
"Mini_Simmons","2","1","0","0","0","0","0","3.27265787124634","0","1.93807125091553","284.180267333984","0","0","542.589660644531","0","0","0","216.852310180664","18.5948352813721","0","18.5948352813721","54.5122184753418","538.665344238281","0","0.00266433111391962","0.00403233291581273","0","0","285.61279296875","0","0.0696332529187202","0.11077930778265","0","9","206","0","393","209","206","-1","0","208","1","5","0","45","0.0166666675359011","0.0343889780342579","12","393","20460.0014579819","1023","20.0000014252022","41.3564742128117","-3.64352578718835","10"
"Mini_Simmons","2","1","1","0","0","0","0","2.70764183998108","0","11.0796546936035","76.8115463256836","0","0","506.182067871094","0","0","0","359.632385253906","43.3066177368164","0","43.3066177368164","92.7822799682617","505.910827636719","0","0.00453481357544661","0.0155744627118111","0","0","87.4331970214844","0","0.400658845901489","0.0673646628856659","0","9","206","0","391","209","206","-1","0","208","0","5","0","18.8516063690186","0.0333333350718021","0.0343889780342579","17","391","20459.9987242307","1023","19.9999987529137","16.9280052285974","-1.92360114042118","10"
"Mini_Simmons","2","1","2","0","0","0","0","1.91474771499634","0","25.3610553741455","47.3151206970215","0","0","497.178344726563","0","0","0","284.834014892578","125.778312683105","0","125.778312683105","136.529693603516","502.829162597656","0","0.00667300634086132","0.0358259454369545","0","0","72.2375717163086","0","1.13413870334625","0.0648810416460037","0","9","206","0","390","209","206","-1","0","208","0","5","0","12.5785942077637","0.0500000007450581","0.0343889780342579","20","384","20459.9975827227","1023","19.9999976370701","10.734710130079","-1.84388407768468","10"
"Mini_Simmons","2","1","3","0","0","0","0","1.46271061897278","0","66.2192916870117","25.1037616729736","0","0","463.898010253906","0","0","0","337.358520507813","291.442810058594","0","291.442810058594","217.721603393555","498.060363769531","0","0.010641329921782","0.0983207225799561","0","0","90.9424057006836","0","4.21360683441162","0.0674436539411545","0","9","207","1","386","210","207","-1","0","209","0","6","0","7.60941791534424","0.100000001490116","0.0343889780342579","25","357","20459.9993604084","1023","19.9999993747883","6.21333912016111","-1.39607879518313","10"
"Mini_Simmons","2","1","4","0","0","0","0","1.21729731559753","0","105.432083129883","16.7786636352539","0","0","422.085723876953","0","0","0","395.509643554688","415.108154296875","0","415.108154296875","267.761474609375","495.574523925781","0","0.0130870714783669","0.164179265499115","0","0","121.881019592285","0","8.23254871368408","0.0622624680399895","0","9","207","1","377","210","207","-1","0","209","0","6","0","5.75449466705322","0.150000005960464","0.0343889780342579","34","332","20459.9994010875","1023","19.9999994145528","4.57201618629686","-1.18247848075637","10"
"Mini_Simmons","2","1","5","0","0","0","0","1.04527401924133","0","148.153182983398","11.4758529663086","0","0","372.277587890625","0","0","0","412.135467529297","580.0048828125","0","580.0048828125","303.639434814453","494.040313720703","0","0.0148406373336911","0.239040583372116","0","0","159.34944152832","0","13.0938167572021","0.0549893192946911","0","9","207","1","366","210","207","-1","0","209","0","6","0","4.58908271789551","0.200000002980232","0.0343889780342579","47","309","20459.9996608726","1023","19.9999996684971","3.55945030068581","-1.0296324172097","10"
"Mini_Simmons","2","1","6","0","0","0","0","0.988131821155548","0","183.416778564453","8.48638534545898","0","0","328.774353027344","0","0","0","431.450042724609","703.685668945313","0","703.685668945313","320.995361328125","493.484313964844","0","0.0156889241188765","0.303605198860168","0","0","191.662460327148","0","17.3978881835938","0.0568696036934853","0","9","207","1","357","210","207","-1","0","209","0","6","0","3.88146281242371","0.25","0.0343889780342579","56","289","20459.9983335959","1023","19.9999983710615","2.96210226306489","-0.91936054935882","10"
"Mini_Simmons","2","1","7","0","0","0","0","0.909894526004791","0","223.726348876953","6.0515193939209","0","0","277.212280273438","0","0","0","459.172180175781","826.222839355469","0","826.222839355469","326.847961425781","493.645324707031","0","0.0159749761223793","0.3793785572052","0","0","229.580123901367","0","22.5491828918457","0.0650006309151649","0","9","207","1","346","211","207","-1","0","210","0","6","0","3.16551828384399","0.300000011920929","0.0343889780342579","66","267","20459.9968677199","1023","19.9999969381427","2.41334000289261","-0.752178280951384","10"
"Mini_Simmons","2","1","8","0","0","0","0","0.83200204372406","0","239.465789794922","5.56491708755493","0","0","257.425140380859","0","0","0","451.880859375","909.473266601563","0","909.473266601563","321.464965820313","494.197479248047","0","0.0157118756324053","0.41097354888916","0","0","244.84928894043","0","24.5827751159668","0.0850541368126869","0","9","208","2","338","212","208","-1","0","211","0","7","0","2.79131937026978","0.349999994039536","0.0343889780342579","65","253","20459.999387807","1023","19.9999994015709","2.19100128482765","-0.600318085442128","10"
"Mini_Simmons","2","1","9","0","0","0","0","0.523745775222778","0","287.047821044922","4.29683780670166","0","0","198.717987060547","0","0","0","456.810607910156","1114.9990234375","0","1114.9990234375","288.693817138672","496.410400390625","0","0.0141101563349366","0.509343385696411","0","0","291.207550048828","0","30.5048656463623","0.0743445605039597","0","8","208","2","327","212","208","-1","0","211","0","7","0","1.88625001907349","0.400000005960464","0.0343889780342579","86","237","20460.0013129457","1023","20.0000012834269","1.58744744108397","-0.298802577989513","10"
"Mini_Simmons","2","1","10","0","0","0","0","0.333585828542709","0","304.419067382813","3.79397583007813","0","0","182.516906738281","0","0","0","452.466888427734","1197.20080566406","0","1197.20080566406","272.75146484375","497.527404785156","0","0.0133309606462717","0.541693687438965","0","0","308.0888671875","0","32.2187423706055","0.104158535599709","0","8","208","2","324","212","208","-1","0","211","0","7","0","1.478182554245","0.416666686534882","0.0343889780342579","86","228","20460.0007517111","1023","20.0000007348104","1.41017860988557","-0.0680039443594258","10"
"Mini_Simmons","2","1","11","0","0","0","0","-0.477663516998291","0","335.585662841797","2.64894104003906","-18.7941017150879","0","155.932922363281","0","0","0","418.422576904297","1443.90710449219","0","1443.90710449219","217.579696655273","500.923492431641","0","0.0106343934312463","0.604163348674774","0","0","356.925659179688","0","35.1131210327148","0.150130555033684","0","6","208","2","321","212","208","-1","0","211","0","7","0","0.457256287336349","0.433333367109299","0.0343889780342579","77","216","20460.000663129","1023","20.0000006482199","1.00856390480578","0.551307617469433","10"
"Mini_Simmons","2","2","0","0","0","0","0","2.25509834289551","0","6.75263404846191","111.087951660156","0","0","526.437133789063","0","0","0","196.501388549805","50.4299774169922","0","50.4299774169922","75.5037307739258","507.300750732422","0","0.00369030958972871","0.00990956090390682","0","0","117.343772888184","0","0.244786709547043","0.270509243011475","0","9","210","0","395","217","210","-1","0","216","0","9","0","24.1209239959717","0.0333333350718021","0.0687779560685158","10","392","20459.9990700174","1023","19.9999990909261","21.8636407315998","-2.2572832643719","10"
"Mini_Simmons","2","2","1","0","0","0","0","2.09671688079834","0","14.1446552276611","68.5878601074219","0","0","512.700988769531","0","0","0","213.814056396484","91.2149200439453","0","91.2149200439453","104.303764343262","505.151123046875","0","0.00509793590754271","0.0195030309259892","0","0","82.2679061889648","0","0.584686636924744","0.196772187948227","0","9","210","0","394","217","210","-1","0","216","0","9","0","16.6661605834961","0.0500000007450581","0.0687779560685158","14","386","20459.9991516053","1023","19.9999991706796","15.1526725639485","-1.51348801954762","10"
"Mini_Simmons","2","2","2","0","0","0","0","1.53753113746643","0","40.6465835571289","35.3205223083496","0","0","489.423431396484","0","0","0","233.465682983398","254.317077636719","0","254.317077636719","174.359939575195","500.855804443359","0","0.00852199271321297","0.0593743100762367","0","0","75.5574722290039","0","2.36015510559082","0.164185494184494","0","9","210","0","389","217","210","-1","0","216","0","9","0","9.71018695831299","0.100000001490116","0.0687779560685158","19","358","20459.9963227917","1023","19.999996405466","8.25216201974146","-1.45802493857153","10"
"Mini_Simmons","2","2","3","0","0","0","0","1.29024040699005","0","74.7608871459961","22.7605762481689","0","0","456.205963134766","0","0","0","295.956237792969","378.634368896484","0","378.634368896484","232.158416748047","497.661590576172","0","0.0113469418138266","0.112059198319912","0","0","97.1581954956055","0","5.34960985183716","0.147631242871284","0","9","211","1","381","218","211","-1","0","217","0","10","0","6.9931960105896","0.150000005960464","0.0687779560685158","23","329","20459.9988752172","1023","19.9999989005056","5.81164251964586","-1.18155349094374","10"
"Mini_Simmons","2","2","4","0","0","0","0","1.13686561584473","0","102.627807617188","17.1989650726318","0","0","425.456085205078","0","0","0","317.580871582031","500.754272460938","0","500.754272460938","266.397705078125","496.023651123047","0","0.0130204148590565","0.159029990434647","0","0","119.499092102051","0","8.29157733917236","0.146476313471794","0","9","211","1","370","218","211","-1","0","217","0","10","0","5.75166416168213","0.200000002980232","0.0687779560685158","24","304","20460.0013103906","1023","20.0000012809293","4.69628944863135","-1.05537471305078","10"
"Mini_Simmons","2","2","5","0","0","0","0","1.02737069129944","0","129.525360107422","13.5541124343872","0","0","394.076538085938","0","0","0","313.427734375","661.240417480469","0","661.240417480469","291.088897705078","495.010162353516","0","0.0142272170633078","0.207251086831093","0","0","142.784591674805","0","11.347804069519","0.148794934153557","0","9","211","1","361","219","211","-1","0","218","0","10","0","4.85371065139771","0.25","0.0687779560685158","25","282","20460.0025718172","1023","20.0000025139953","3.93629341990534","-0.917417231492361","10"
"Mini_Simmons","2","2","6","0","0","0","0","0.976323008537292","0","145.560165405273","11.9957656860352","10.1128225326538","0","373.816101074219","0","0","0","318.919342041016","742.361083984375","0","742.361083984375","300.952362060547","494.303283691406","0","0.0147093031555414","0.236753284931183","0","0","167.391296386719","0","13.4194498062134","0.16759580373764","0","9","211","1","350","219","211","-1","0","218","0","10","0","4.31398105621338","0.300000011920929","0.0687779560685158","24","264","20460.0013255672","1023","20.0000012957646","3.56203735827824","-0.751943697935136","10"
"Mini_Simmons","2","2","7","0","0","0","0","0.794550955295563","0","210.775421142578","7.39530515670776","0","0","295.690979003906","0","0","0","374.274536132813","946.369201660156","0","946.369201660156","320.882934570313","494.153869628906","0","0.0156834274530411","0.354201883077621","0","0","217.961013793945","0","20.8857002258301","0.119698941707611","0","9","212","2","342","220","212","-1","0","219","0","11","0","3.06947302818298","0.349999994039536","0.0687779560685158","44","253","20460.0005662724","1023","20.000000553541","2.53778452549255","-0.531688502690434","10"
"Mini_Simmons","2","2","8","0","0","0","0","0.675594389438629","0","221.973770141602","7.50130558013916","0","0","282.008728027344","0","0","0","366.900421142578","1027.32299804688","0","1027.32299804688","311.615844726563","494.894592285156","0","0.0152304898947477","0.376925230026245","0","0","229.277496337891","0","22.2683010101318","0.117315173149109","0","8","212","2","331","220","212","-1","0","219","0","11","0","2.64437460899353","0.400000005960464","0.0687779560685158","39","241","20460.0014103305","1023","20.0000013786222","2.31579193443803","-0.328582674555505","10"
"Mini_Simmons","2","2","9","0","0","0","0","0.523776412010193","0","236.086471557617","6.83486080169678","0","0","266.413909912109","0","0","0","364.309967041016","1108.27062988281","0","1108.27062988281","308.104553222656","495.306549072266","0","0.0150588732212782","0.403754055500031","0","0","242.736663818359","0","23.8946514129639","0.135975584387779","0","8","212","2","328","220","212","-1","0","219","0","11","0","2.3463671207428","0.416666686534882","0.0687779560685158","41","235","20460.0004724991","1023","20.000000461876","2.13746480771975","-0.208902313023051","10"
"Mini_Simmons","2","3","0","0","0","0","0","1.49362623691559","0","4.29709196090698","481.563262939453","0","0","877.174072265625","0","0","0","53.2152938842773","121.93138885498","0","121.93138885498","87.8491897583008","501.759368896484","0","0.00429370393976569","0.00648861471563578","0","0","484.681976318359","0","0.154615089297295","0.96163809299469","0","9","215","0","398","226","215","-1","0","225","0","14","0","45","0.0666666701436043","0.103166937828064","5","384","20460.0016653907","1023","20.0000016279479","41.4318631081845","-3.56813689181553","10"
"Mini_Simmons","2","3","1","0","0","0","0","1.49362623691559","0","4.63344192504883","394.046264648438","0","0","852.549011230469","0","0","0","55.3864364624023","121.93138885498","0","121.93138885498","86.9510879516602","508.688201904297","0","0.00424980837851763","0.00675334502011538","0","0","397.629486083984","0","0.166497007012367","0.931334435939789","0","9","215","0","396","226","215","-1","0","225","0","14","0","40.8639869689941","0.0833333358168602","0.103166937828064","5","383","20460.002006488","1023","20.0000019613763","38.9977138727414","-1.86627309625271","10"
"Mini_Simmons","2","3","2","0","0","0","0","1.38785350322723","0","12.5362710952759","94.3091735839844","0","0","601.676818847656","0","0","0","83.6038970947266","200.426208496094","0","200.426208496094","107.402526855469","506.057647705078","0","0.00524938991293311","0.0167564116418362","0","0","106.295440673828","0","0.563787639141083","0.579418122768402","0","9","215","0","394","226","215","-1","0","225","0","14","0","18.4650707244873","0.100000001490116","0.103166937828064","7","367","20460.0017596059","1023","20.0000017200448","18.2567981720908","-0.208272552396487","10"
"Mini_Simmons","2","3","3","0","0","0","0","1.21146297454834","0","27.1130428314209","52.6086845397949","0","0","551.481018066406","0","0","0","125.270965576172","301.276519775391","0","301.276519775391","151.211013793945","503.229187011719","0","0.00739056803286076","0.0377411991357803","0","0","79.2516632080078","0","1.52308702468872","0.467002272605896","0","9","216","1","386","228","216","-1","0","227","0","15","0","12.0027418136597","0.150000005960464","0.103166937828064","10","339","20459.9988961084","1023","19.9999989209271","11.2927630424616","-0.709978771198083","10"
"Mini_Simmons","2","3","4","0","0","0","0","1.17485415935516","0","51.7386817932129","31.5899257659912","0","0","499.567993164063","0","0","0","167.209518432617","454.595397949219","0","454.595397949219","202.021789550781","500.107330322266","0","0.00987398810684681","0.0760126784443855","0","0","82.9268188476563","0","3.59173321723938","0.345136940479279","0","9","216","1","375","228","216","-1","0","227","0","15","0","8.33822154998779","0.200000002980232","0.103166937828064","14","313","20459.999279389","1023","19.9999992955904","7.46376910764012","-0.874452442347669","10"
"Mini_Simmons","2","3","5","0","0","0","0","1.12485826015472","0","64.4086608886719","26.9405250549316","10.5724477767944","0","486.093078613281","0","0","0","185.065719604492","531.248657226563","0","531.248657226563","224.254638671875","497.795104980469","0","0.0109606375917792","0.0983159095048904","0","0","101.516479492188","0","4.909583568573","0.355339378118515","0","9","216","1","366","228","216","-1","0","227","0","15","0","7.28440427780151","0.25","0.103166937828064","14","293","20459.9994109897","1023","19.9999994242324","6.40086059590928","-0.883543681892234","10"
"Mini_Simmons","2","3","6","0","0","0","0","1.02808153629303","0","78.7191162109375","23.1776695251465","9.82225036621094","0","471.500244140625","0","0","0","186.101196289063","664.360168457031","0","664.360168457031","246.439270019531","497.266998291016","0","0.0120449289679527","0.123638227581978","0","0","111.344535827637","0","6.48087644577026","0.369408637285233","0","9","217","2","356","229","217","-1","0","228","0","16","0","6.31170415878296","0.300000011920929","0.103166937828064","15","275","20460.0019373479","1023","20.0000018937908","5.59066532353746","-0.721038835245498","10"
"Mini_Simmons","2","3","7","0","0","0","0","1.01422834396362","0","82.0364761352539","24.0869121551514","0","0","484.908660888672","0","0","0","185.264663696289","698.005615234375","0","698.005615234375","255.62109375","498.542602539063","0","0.0124936997890472","0.129315778613091","0","0","105.761627197266","0","6.83157920837402","0.449156433343887","0","9","217","2","347","230","217","-1","0","229","0","16","0","5.91137027740479","0.349999994039536","0.103166937828064","13","262","20459.9996851288","1023","19.999999692208","5.54421609269351","-0.367154184711274","10"
"Mini_Simmons","2","3","8","0","0","0","0","0.913102686405182","0","92.5711669921875","21.7791423797607","0","0","465.280364990234","0","0","0","184.845153808594","817.7197265625","0","817.7197265625","265.767852783203","498.111480712891","0","0.0129896309226751","0.151151522994041","0","0","114.010101318359","0","8.09403133392334","0.424798727035522","0","8","218","3","337","231","218","-1","0","230","0","17","0","5.18146228790283","0.400000005960464","0.103166937828064","14","252","20460.0003160421","1023","20.0000003089365","4.92995460281015","-0.251507685092684","10"
"Mini_Simmons","2","3","9","0","0","0","0","0.732644200325012","0","114.642082214355","17.6670589447021","5.50235557556152","0","430.330108642578","0","0","0","195.302459716797","965.638793945313","0","965.638793945313","283.705139160156","497.191375732422","0","0.0138663314282894","0.188591629266739","0","0","137.503753662109","0","10.4136590957642","0.376505881547928","0","8","218","3","334","231","218","-1","0","230","0","17","0","4.3248119354248","0.416666686534882","0.103166937828064","18","246","20459.9998656714","1023","19.9999998686915","4.21651714078182","-0.10829479464298","10"
"Mini_Simmons","2","4","0","0","0","0","0","1.54490995407104","0","1.28957498073578","180.142944335938","0","0","322.118072509766","0","0","0","4.79262542724609","347.079803466797","0","347.079803466797","32.2458381652832","91.4037246704102","0","0.00157604296691716","0.00166342360898852","0","0","181.073287963867","0","0.0401037633419037","1.28356897830963","0","9","241","1","397","259","241","-1","0","258","0","40","0","45","0.216666668653488","0.137555912137032","23","375","20459.9994049389","1023","19.9999994183176","71.3463741801728","26.3463741801728","10"
"Mini_Simmons","2","4","1","0","0","0","0","1.04731178283691","0","13.9030323028564","205.449661254883","0","0","1008.14141845703","0","0","0","39.4738998413086","472.731475830078","0","472.731475830078","148.031875610352","507.139617919922","0","0.00723518384620547","0.0186605546623468","0","0","218.388610839844","0","0.708909749984741","1.04892635345459","0","9","241","1","394","260","241","-1","0","259","0","40","0","22.4233798980713","0.233333334326744","0.137555912137032","28","343","20460.0019511581","1023","20.0000019072904","22.8130833653052","0.3897034672339","10"
"Mini_Simmons","2","4","2","0","0","0","0","1.17574167251587","0","8.66532516479492","971.015563964844","0","0","1727.00708007813","0","0","0","26.9442977905273","421.078277587891","0","421.078277587891","172.836715698242","459.320892333984","0","0.00844754371792078","0.0113456584513187","0","0","977.247497558594","0","0.399332344532013","1.30304324626923","0","9","242","2","392","261","242","-1","0","260","0","41","0","45","0.25","0.137555912137032","27","346","20459.9965942269","1023","19.9999966707986","48.1214731495895","3.12147314958953","10"
"Mini_Simmons","2","4","3","0","0","0","0","0.946911692619324","0","21.809513092041","124.035667419434","0","0","885.738708496094","0","0","0","52.8844184875488","582.899108886719","0","582.899108886719","173.466705322266","505.747589111328","0","0.00847833324223757","0.0308262798935175","0","0","145.06721496582","0","1.31262314319611","0.97669643163681","0","9","244","4","383","263","244","-1","0","262","0","43","0","16.1102676391602","0.300000011920929","0.137555912137032","31","323","20460.0008475823","1023","20.0000008285262","15.9641525466629","-0.146115092497283","10"
"Mini_Simmons","2","4","4","0","0","0","0","0.881582260131836","0","41.2010765075684","55.9129867553711","0","0","673.457275390625","0","0","0","81.0250930786133","759.728149414063","0","759.728149414063","211.496795654297","502.841247558594","0","0.0103370873257518","0.0615570433437824","0","0","96.5786285400391","0","2.94009947776794","0.781588554382324","0","9","245","5","375","265","245","-1","0","264","0","44","0","9.853928565979","0.349999994039536","0.137555912137032","34","301","20459.9989329117","1023","19.999998956903","9.66731000138881","-0.186618564590196","10"
"Mini_Simmons","2","4","5","0","0","0","0","1.42484927177429","0","6.04473161697388","716.505126953125","0","0","1237.04125976563","0","0","0","20.2420825958252","401.058258056641","0","401.058258056641","123.803588867188","203.12548828125","0","0.0060510067269206","0.00811825413256884","0","0","720.801513671875","0","0.308426260948181","1.40781772136688","0","9","247","7","366","267","247","-1","0","266","0","46","0","45","0.400000005960464","0.137555912137032","7","323","20459.9985513802","1023","19.9999985839494","48.1898668973741","3.18986689737406","10"
"Mini_Simmons","2","4","6","0","0","0","0","1.24870872497559","0","10.0519704818726","1257.94213867188","0","0","2150.77099609375","0","0","0","32.3851852416992","444.998138427734","0","444.998138427734","215.248657226563","290.876861572266","0","0.0105204619467258","0.0144113479182124","0","0","1265.06127929688","0","0.601757824420929","1.43752872943878","0","9","249","9","359","269","249","-1","0","268","0","48","0","45","0.449999988079071","0.137555912137032","9","308","20460.0005509788","1023","20.0000005385912","46.8874326110485","1.88743261104855","10"
"Mini_Simmons","2","4","7","0","0","0","0","-0.345255583524704","0","70.0914688110352","42.2525901794434","0","0","668.540161132813","0","0","0","89.7553863525391","1276.02111816406","0","1276.02111816406","280.697998046875","501.405883789063","0","0.0137193547561765","0.114529766142368","0","0","111.859687805176","0","5.86253833770752","0.83649092912674","0","7","250","10","356","271","250","-1","0","270","0","49","0","6.38599014282227","0.466666668653488","0.137555912137032","39","274","20459.999980721","1023","19.9999999811544","6.87989929087309","0.493909148050821","10"
"Mini_Simmons","20","0","0","0","0","0","0","2.85068368911743","0","6.52492189407349","103.249717712402","0","0","511.819091796875","0","0","0","247.58186340332","40.4005432128906","0","40.4005432128906","75.6573104858398","507.505859375","0","0.00369781535118818","0.0100024417042732","0","0","109.330627441406","0","0.218239098787308","-0.127538487315178","0","9","98","3","389","202","202","-1","0","99","0","1","0","23.7213706970215","0.0166666675359011","0","15","389","20460.0022717548","1023","20.0000022206791","21.6965780589362","-2.02479263808528","10"
"Mini_Simmons","20","0","1","0","0","0","0","2.01704287528992","0","23.9219799041748","49.1451072692871","0","0","498.348022460938","0","0","0","330.178802490234","106.215713500977","0","106.215713500977","132.410263061523","503.053894042969","0","0.00647166557610035","0.035070177167654","0","0","72.6236190795898","0","1.05422341823578","-0.0722865983843803","0","9","103","4","388","203","203","-1","0","104","0","2","0","12.9195957183838","0.0333333350718021","0","19","387","20459.9977400733","1023","19.999997790883","10.6340072190481","-2.28558849933566","10"
"Mini_Simmons","20","0","2","0","0","0","0","1.86225497722626","0","33.2912292480469","40.1349449157715","0","0","491.696838378906","0","0","0","371.960601806641","131.920837402344","0","131.920837402344","155.634811401367","501.572357177734","0","0.00760678434744477","0.0490693561732769","0","0","72.9972457885742","0","1.62712216377258","-0.068119190633297","0","9","106","4","387","203","203","-1","0","107","0","2","0","10.9064826965332","0.0500000007450581","0","22","385","20460.0004801828","1023","20.0000004693869","8.91801892530095","-1.98846377123225","10"
"Mini_Simmons","20","0","3","0","0","0","0","1.39862215518951","0","74.4157485961914","22.8134117126465","0","0","455.44287109375","0","0","0","390.183807373047","287.350982666016","0","287.350982666016","230.27262878418","497.418579101563","0","0.0112547716125846","0.112119697034359","0","0","96.8606491088867","0","4.94729661941528","-0.0352777317166328","0","9","120","7","385","206","206","-1","0","121","0","5","0","7.02673101425171","0.100000001490116","0","41","369","20460.0001413355","1023","20.0000001381579","5.76115368917209","-1.26557732507962","10"
"Mini_Simmons","20","0","4","0","0","0","0","1.09909451007843","0","117.328330993652","15.1196966171265","0","0","409.763702392578","0","0","0","419.882476806641","443.793334960938","0","443.793334960938","279.778961181641","494.982452392578","0","0.0136744352057576","0.186341047286987","0","0","132.131225585938","0","9.36698436737061","-0.0293625090271235","0","9","132","9","378","208","208","-1","0","133","1","7","0","5.32926797866821","0.150000005960464","0","62","352","20460.0012338235","1023","20.0000012060836","4.20837149113311","-1.12089648753511","10"
"Mini_Simmons","20","0","5","0","0","0","0","0.999283790588379","0","161.796325683594","10.3944025039673","0","0","358.415802001953","0","0","0","452.053161621094","586.580627441406","0","586.580627441406","311.115295410156","493.564300537109","0","0.0152060259133577","0.265165627002716","0","0","171.92138671875","0","14.4005365371704","-0.0171447210013866","0","9","143","11","369","210","210","-1","0","144","1","9","0","4.30054235458374","0.200000002980232","0","80","333","20460.0003434728","1023","20.0000003357506","3.28745221274935","-1.01309014183439","10"
"Mini_Simmons","20","0","6","0","0","0","0","0.952529966831207","0","209.180587768555","7.0626540184021","0","0","302.708953857422","0","0","0","485.152374267578","714.004150390625","0","714.004150390625","327.800048828125","492.961700439453","0","0.0160215049982071","0.346400797367096","0","0","216.020141601563","0","19.9184970855713","-0.0124198189005256","0","9","154","13","362","212","212","-1","0","155","2","11","0","3.53045535087585","0.25","0","97","314","20460.0035305552","1023","20.0000034511781","2.6509528645053","-0.879502486370551","10"
"Mini_Simmons","20","1","0","0","0","0","0","2.75598478317261","0","2.75613379478455","179.614273071289","0","0","513.353698730469","0","0","0","547.357360839844","9.69050598144531","0","9.69050598144531","56.3980751037598","509.236083984375","0","0.00275650434195995","0.00530417030677199","0","0","181.931610107422","0","0.0958681926131248","0.118469931185246","0","9","123","1","394","207","207","-1","0","124","1","6","0","35.3455505371094","0.0166666675359011","0.0343889780342579","15","394","20459.9986458426","1023","19.9999986762879","31.3112111565651","-4.0343393805443","10"
"Mini_Simmons","20","1","1","0","0","0","0","2.64397764205933","0","10.4767265319824","79.0055389404297","0","0","505.295959472656","0","0","0","420.341583251953","36.6440277099609","0","36.6440277099609","90.4055099487305","506.083770751953","0","0.00441864645108581","0.0154030080884695","0","0","89.0258178710938","0","0.384725868701935","0.00786991138011217","0","9","127","1","392","207","207","-1","0","128","0","6","0","19.2242584228516","0.0333333350718021","0.0343889780342579","16","391","20460.0008055668","1023","20.0000007874553","16.6706031306575","-2.55365529219407","10"
"Mini_Simmons","20","1","2","0","0","0","0","1.97119987010956","0","26.0343284606934","46.492992401123","0","0","495.59716796875","0","0","0","417.061431884766","89.2174682617188","0","89.2174682617188","137.895553588867","502.689178466797","0","0.00673976307734847","0.0372091643512249","0","0","72.0891723632813","0","1.18049263954163","0.000914581876713783","0","9","131","2","392","208","208","-1","0","132","0","7","0","12.3540649414063","0.0500000007450581","0.0343889780342579","22","385","20460.000152278","1023","20.0000001488543","10.4356909410743","-1.91837400033191","10"
"Mini_Simmons","20","1","3","0","0","0","0","1.65379881858826","0","64.675422668457","25.6390171051025","0","0","464.267395019531","0","0","0","407.354125976563","236.243743896484","0","236.243743896484","213.686447143555","498.081085205078","0","0.010444107465446","0.0962348580360413","0","0","89.92724609375","0","4.0870509147644","0.0248676873743534","0","9","142","4","389","210","210","-1","0","143","0","9","0","7.67236185073853","0.100000001490116","0.0343889780342579","27","359","20460.000804332","1023","20.0000007862483","6.23042634803316","-1.44193550270537","10"
"Mini_Simmons","20","1","4","0","0","0","0","1.39940083026886","0","103.992172241211","17.3801670074463","0","0","425.77685546875","0","0","0","464.259552001953","341.5380859375","0","341.5380859375","263.604675292969","495.386627197266","0","0.0128839043900371","0.158562317490578","0","0","121.03084564209","0","7.79318046569824","0.0301566813141108","0","9","153","6","382","212","212","-1","0","154","0","11","0","5.79580402374268","0.150000005960464","0.0343889780342579","35","335","20459.9993381518","1023","19.999999353032","4.66067896217414","-1.13512506156853","10"
"Mini_Simmons","20","1","5","0","0","0","0","1.21994543075562","0","134.529891967773","13.4042749404907","0","0","392.145935058594","0","0","0","486.498260498047","428.538604736328","0","428.538604736328","289.870361328125","494.031433105469","0","0.0141676627099514","0.208483278751373","0","0","147.625228881836","0","11.0835838317871","0.0365279614925385","0","9","163","8","373","214","214","-1","0","164","0","13","0","4.88763523101807","0.200000002980232","0.0343889780342579","40","314","20459.9987494422","1023","19.9999987775584","3.89658745368365","-0.991047777334413","10"
"Mini_Simmons","20","1","6","0","0","0","0","1.04563283920288","0","161.8427734375","10.8900623321533","0","0","361.096343994141","0","0","0","507.285003662109","502.822357177734","0","502.822357177734","305.365325927734","493.2587890625","0","0.0149249918758869","0.255074232816696","0","0","172.450912475586","0","14.1477174758911","0.0439547374844551","0","9","173","10","366","216","216","-1","0","174","0","15","0","4.2188868522644","0.25","0.0343889780342579","43","294","20459.9994738415","1023","19.999999485671","3.3544263368124","-0.864460515452005","10"
"Mini_Simmons","20","1","7","0","0","0","0","0.947889089584351","0","181.269866943359","9.66872024536133","0","0","340.207000732422","0","0","0","498.889221191406","575.844299316406","0","575.844299316406","312.251586914063","492.969177246094","0","0.0152615616098046","0.28728249669075","0","0","190.67399597168","0","16.2227077484131","0.0501688607037067","0","9","181","12","357","218","218","-1","0","182","0","17","0","3.78807973861694","0.300000011920929","0.0343889780342579","45","281","20460.0023836001","1023","20.0000023300099","3.04520756129492","-0.742872177322025","10"
"Mini_Simmons","20","1","8","0","0","0","0","0.880199670791626","0","220.051132202148","8.07067584991455","0","0","297.365783691406","0","0","0","510.225250244141","690.000610351563","0","690.000610351563","313.421813964844","493.165344238281","0","0.0153187587857246","0.352055728435516","0","0","227.891632080078","0","20.4990749359131","0.0521860681474209","0","9","192","17","353","223","223","-1","0","193","0","22","0","3.01990509033203","0.349999994039536","0.0343889780342579","58","268","20460.000601153","1023","20.0000005876373","2.49385917753596","-0.526045912796067","10"
"Mini_Simmons","20","1","9","0","0","0","0","0.62195885181427","0","272.991119384766","5.03525829315186","0","0","231.243103027344","0","0","0","526.627014160156","867.000305175781","0","867.000305175781","309.816131591797","494.000549316406","0","0.015142529271543","0.456585764884949","0","0","277.852600097656","0","27.0993213653564","0.0297364573925734","0","9","196","19","351","225","225","-1","0","197","1","24","0","2.45794749259949","0.366666674613953","0.0343889780342579","107","277","20459.99885726","1023","19.9999988829521","1.90054569610645","-0.557401796493034","10"
"Mini_Simmons","20","2","0","0","0","0","0","2.12532210350037","0","4.93790006637573","128.535461425781","0","0","510.48876953125","0","0","0","1502.86437988281","5.02175760269165","0","5.02175760269165","65.6666488647461","507.959991455078","0","0.00320951384492218","0.00754702044650912","0","0","132.990219116211","0","0.172152042388916","0.0915327519178391","0","9","148","1","396","211","211","-1","0","149","0","10","0","27.5316944122314","0.0333333350718021","0.0687779560685158","11","395","20459.99862834","1023","19.9999986591789","25.1676908386825","-2.36400357354893","10"
"Mini_Simmons","20","2","1","0","0","0","0","1.98802447319031","0","12.2965459823608","72.418098449707","0","0","506.057922363281","0","0","0","263.696350097656","65.0127487182617","0","65.0127487182617","97.3167419433594","505.590515136719","0","0.00475643901154399","0.0171436239033937","0","0","84.2577819824219","0","0.50353866815567","0.0936287418007851","0","9","152","2","396","212","212","-1","0","153","0","11","0","17.6132164001465","0.0500000007450581","0.0687779560685158","15","389","20459.9999510494","1023","19.9999999521499","16.1078641292183","-1.50535227092818","10"
"Mini_Simmons","20","2","2","0","0","0","0","1.55886733531952","0","40.5357360839844","35.3446922302246","0","0","485.341766357422","0","0","0","338.139526367188","171.480545043945","0","171.480545043945","171.550064086914","500.682891845703","0","0.00838465616106987","0.0579843558371067","0","0","75.4648590087891","0","2.28990197181702","0.0880807861685753","0","9","162","4","393","214","214","-1","0","163","0","13","0","9.71631336212158","0.100000001490116","0.0687779560685158","22","360","20459.9998844824","1023","19.9999998870796","8.31423571278635","-1.40207764933523","10"
"Mini_Simmons","20","2","3","0","0","0","0","1.20078885555267","0","70.0206451416016","24.3024864196777","0","0","459.347900390625","0","0","0","371.302825927734","272.709747314453","0","272.709747314453","221.085266113281","497.678955078125","0","0.0108057307079434","0.101257897913456","0","0","93.9414672851563","0","4.69282484054565","0.0809568539261818","0","9","172","6","386","216","216","-1","0","173","0","15","0","7.25845718383789","0.150000005960464","0.0687779560685158","26","335","20460.0014648485","1023","20.0000014319145","6.12598060337593","-1.13247658046196","10"
"Mini_Simmons","20","2","4","0","0","0","0","0.952573478221893","0","91.2922973632813","19.7193794250488","15.810019493103","0","436.663269042969","0","0","0","361.024139404297","378.743530273438","0","378.743530273438","246.696105957031","494.765533447266","0","0.012057482264936","0.136735558509827","0","0","126.447570800781","0","6.81216430664063","0.0841578170657158","0","9","181","8","377","218","218","-1","0","182","0","17","0","6.17178440093994","0.200000002980232","0.0687779560685158","28","313","20460.0015605614","1023","20.0000015254755","5.05897169482673","-1.11281270611321","10"
"Mini_Simmons","20","2","5","0","0","0","0","0.795487999916077","0","143.240707397461","12.8913745880127","0","0","383.521240234375","0","0","0","420.519622802734","522.181091308594","0","522.181091308594","292.907379150391","493.748168945313","0","0.0143160987645388","0.219587400555611","0","0","155.827453613281","0","11.9821004867554","0.0644259825348854","0","9","191","12","372","222","222","-1","0","192","0","21","0","4.56501579284668","0.25","0.0687779560685158","37","293","20459.9998901885","1023","19.9999998926574","3.73807532704837","-0.826940465798309","10"
"Mini_Simmons","20","2","6","0","0","0","0","0.859730422496796","0","101.607139587402","18.911922454834","17.7655982971191","0","427.466552734375","0","0","0","348.787414550781","432.018646240234","0","432.018646240234","253.800033569336","494.959930419922","0","0.0124046923592687","0.150682672858238","0","0","137.928512573242","0","7.91471290588379","0.12464365363121","0","9","202","18","367","228","228","-1","0","203","0","27","0","5.42871952056885","0.300000011920929","0.0687779560685158","31","284","20460.002249044","1023","20.000002198479","4.72212089052002","-0.706598630048824","10"
"Mini_Simmons","20","2","7","0","0","0","0","0.679616928100586","0","217.141876220703","7.86276149749756","0","0","298.137451171875","0","0","0","476.561889648438","734.978942871094","0","734.978942871094","315.097473144531","493.075378417969","0","0.0154006583616138","0.350262939929962","0","0","224.7744140625","0","20.4129180908203","0.0489289276301861","0","9","213","25","365","235","235","-1","0","214","0","34","0","3.12076473236084","0.349999994039536","0.0687779560685158","73","284","20460.0001990768","1023","20.000000194601","2.52004181265089","-0.600722919709949","10"
"Mini_Simmons","20","2","8","0","0","0","0","0.578620791435242","0","213.193817138672","9.03464412689209","0","0","304.996002197266","0","0","0","460.175720214844","746.095336914063","0","746.095336914063","306.387115478516","493.463562011719","0","0.0149749303236604","0.343334972858429","0","0","221.990081787109","0","19.7704639434814","0.0613545887172222","0","9","224","32","361","242","242","-1","0","225","0","41","0","2.97386407852173","0.400000005960464","0.0687779560685158","67","280","20460.0027416772","1023","20.0000026800363","2.4998112041308","-0.474052874390928","10"
"Mini_Simmons","20","2","9","0","0","0","0","0.432997554540634","0","243.238723754883","8.37241458892822","0","0","270.461486816406","0","0","0","468.063079833984","845.531555175781","0","845.531555175781","291.497955322266","494.565307617188","0","0.0142472116276622","0.395762115716934","0","0","251.400405883789","0","23.2557926177979","0.0587066188454628","0","9","233","39","359","249","249","-1","0","234","0","48","0","2.39054751396179","0.449999988079071","0.0687779560685158","84","279","20460.0003804462","1023","20.0000003718927","2.0630613883623","-0.327486125599491","10"
"Mini_Simmons","20","2","10","0","0","0","0","0.36654070019722","0","255.208236694336","8.55699920654297","13.637001991272","0","256.544006347656","0","0","0","468.909149169922","888.046020507813","0","888.046020507813","273.172607421875","495.368530273438","0","0.0133515447378159","0.416412889957428","0","0","277.201354980469","0","24.6824054718018","0.0601395703852177","0","9","236","41","357","251","251","-1","0","237","0","50","0","2.06834292411804","0.466666668653488","0.0687779560685158","86","275","20460.0001562488","1023","20.0000001527359","1.83740295094838","-0.23093997316966","10"
"Mini_Simmons","20","3","0","0","0","0","0","1.28988516330719","0","6.3711109161377","120.807952880859","0","0","543.713012695313","0","0","0","112.921592712402","78.1657333374023","0","78.1657333374023","75.3627090454102","507.532989501953","0","0.00368341687135398","0.00882659945636988","0","0","126.667846679688","0","0.246963009238243","0.36760687828064","0","9","173","1","399","216","216","-1","0","174","0","15","0","24.5738468170166","0.0666666701436043","0.103166937828064","7","383","20459.9999613152","1023","19.9999999621849","24.664792648819","0.090945831802383","10"
"Mini_Simmons","20","3","1","0","0","0","0","1.51881194114685","0","4.87766265869141","153.854110717773","0","0","565.298583984375","0","0","0","152.377044677734","46.069896697998","0","46.069896697998","69.5207672119141","508.186218261719","0","0.00339788687415421","0.00701999478042126","0","0","158.191131591797","0","0.18589760363102","0.452814280986786","0","9","176","1","397","216","216","-1","0","177","0","15","0","28.616584777832","0.0833333358168602","0.103166937828064","6","383","20460.0005199464","1023","20.0000005082565","28.9489293213455","0.332344543513504","10"
"Mini_Simmons","20","3","2","0","0","0","0","1.0501697063446","0","9.86111068725586","89.4518280029297","0","0","536.134826660156","0","0","0","135.403411865234","103.560264587402","0","103.560264587402","91.1636657714844","506.448120117188","0","0.00445570191368461","0.0140224117785692","0","0","98.8283004760742","0","0.422210156917572","0.341992199420929","0","9","179","2","396","217","217","-1","0","180","0","16","0","19.3581409454346","0.100000001490116","0.103166937828064","8","369","20460.001036312","1023","20.0000010130127","18.5272541852988","-0.830886760135815","10"
"Mini_Simmons","20","3","3","0","0","0","0","1.16487348079681","0","29.4631767272949","44.4195709228516","0","0","501.754211425781","0","0","0","182.769989013672","219.436264038086","0","219.436264038086","147.611099243164","502.275024414063","0","0.0072146188467741","0.0401063598692417","0","0","73.4421768188477","0","1.60045218467712","0.205709367990494","0","9","189","6","391","221","221","-1","0","190","0","20","0","11.1554555892944","0.150000005960464","0.103166937828064","16","344","20459.9996726322","1023","19.9999996799924","10.3631858231476","-0.79226976614688","10"
"Mini_Simmons","20","3","4","0","0","0","0","1.06877279281616","0","48.7632751464844","31.9089241027832","0","0","481.555114746094","0","0","0","227.8408203125","300.966552734375","0","300.966552734375","186.695983886719","499.746765136719","0","0.00912492349743843","0.0685724690556526","0","0","80.2598495483398","0","3.07186555862427","0.163348391652107","0","9","201","13","387","228","228","-1","0","202","0","27","0","8.55660247802734","0.200000002980232","0.103166937828064","25","329","20460.0053840592","1023","20.00000526301","7.64701981601624","-0.909582662011103","10"
"Mini_Simmons","20","3","5","0","0","0","0","0.926319539546967","0","70.7099761962891","24.8057670593262","13.0656700134277","0","459.713653564453","0","0","0","245.028106689453","408.139678955078","0","408.139678955078","219.752914428711","496.110717773438","0","0.0107406117022038","0.100005693733692","0","0","108.169692993164","0","4.91212272644043","0.145463183522224","0","9","212","19","384","234","234","-1","0","213","0","33","0","6.93390989303589","0.25","0.103166937828064","33","313","20459.9999070465","1023","19.9999999091363","6.16545870606862","-0.768451186967265","10"
"Mini_Simmons","20","3","6","0","0","0","0","0.937646448612213","0","64.5169830322266","27.231086730957","0","0","468.666046142578","0","0","0","214.905944824219","423.651031494141","0","423.651031494141","210.643218994141","498.277679443359","0","0.0102953668683767","0.0910451263189316","0","0","91.3497314453125","0","4.42416667938232","0.183015942573547","0","9","223","26","380","241","241","-1","0","224","0","40","0","7.04028367996216","0.300000011920929","0.103166937828064","35","304","20460.0012498003","1023","20.0000012217012","6.49288468362041","-0.547398996341745","10"
"Mini_Simmons","20","3","7","0","0","0","0","0.890833914279938","0","59.9695816040039","29.4737567901611","0","0","475.633483886719","0","0","0","176.037414550781","470.261444091797","0","470.261444091797","203.09196472168","498.748748779297","0","0.00992629397660494","0.0827836096286774","0","0","89.0349884033203","0","4.06193733215332","0.214732468128204","0","9","232","33","378","248","248","-1","0","233","0","47","0","7.11307859420776","0.349999994039536","0.103166937828064","39","300","20459.9989885795","1023","19.9999990113191","6.88670729134367","-0.226371302864096","10"
"Mini_Simmons","20","3","8","0","0","0","0","0.739311039447784","0","83.9768676757813","23.4259338378906","19.9327907562256","0","448.439636230469","0","0","0","209.859024047852","576.445678710938","0","576.445678710938","232.601501464844","495.018920898438","0","0.0113685978576541","0.120972335338593","0","0","126.932945251465","0","6.22469758987427","0.180675759911537","0","9","241","40","374","255","255","-1","0","242","0","54","0","5.65845203399658","0.400000005960464","0.103166937828064","48","294","20459.9990585682","1023","19.9999990797344","5.39243397516883","-0.266018058827757","10"
"Mini_Simmons","20","3","9","0","0","0","0","0.673157334327698","0","79.014404296875","25.0568828582764","18.2721462249756","0","455.068420410156","0","0","0","181.696029663086","622.08935546875","0","622.08935546875","225.954528808594","495.598907470703","0","0.0110437208786607","0.113031156361103","0","0","121.934982299805","0","5.78494262695313","0.201696947216988","0","9","251","47","372","262","262","-1","0","252","0","61","0","5.66083574295044","0.449999988079071","0.103166937828064","53","295","20459.9999666051","1023","19.9999999673559","5.60703492318456","-0.0538008197658808","10"
"Mini_Simmons","20","3","10","0","0","0","0","0.54184091091156","0","49.8246459960938","35.055778503418","0","0","492.560729980469","0","0","0","112.213607788086","614.930114746094","0","614.930114746094","186.91764831543","499.985107421875","0","0.00913576036691666","0.0690035223960876","0","0","84.4536514282227","0","3.3433198928833","0.286093324422836","0","9","261","55","369","270","270","-1","0","262","0","69","0","6.9862642288208","0.5","0.103166937828064","55","301","20459.9990376625","1023","19.9999990592986","7.6080444181913","0.621780189370501","10"
"Mini_Simmons","20","3","11","0","0","0","0","0.351891368627548","0","61.0619812011719","31.1376266479492","0","0","478.882568359375","0","0","0","120.637428283691","719.188537597656","0","719.188537597656","203.038421630859","499.098602294922","0","0.00992367602884769","0.0867610573768616","0","0","91.7938613891602","0","4.3274564743042","0.264568328857422","0","9","271","63","368","278","278","-1","0","272","0","77","0","5.82729339599609","0.550000011920929","0.103166937828064","63","301","20460.0010158167","1023","20.0000009929782","6.56783012753141","0.740536731535316","10"
"Mini_Simmons","20","4","0","0","0","0","0","1.20692908763885","0","8.16235733032227","115.027938842773","0","0","587.085571289063","0","0","0","37.2194671630859","279.646942138672","0","279.646942138672","89.3884124755859","507.302642822266","0","0.00436893524602056","0.0104083102196455","0","0","122.677200317383","0","0.341115534305573","0.530716419219971","0","9","225","3","399","243","243","-1","0","226","0","42","0","21.0859069824219","0.216666668653488","0.137555912137032","29","358","20459.999391615","1023","19.9999994052933","24.8190902979265","3.73318331550464","10"
"Mini_Simmons","20","4","1","0","0","0","0","1.32263767719269","0","5.45758628845215","162.209167480469","0","0","632.54345703125","0","0","0","24.7528381347656","287.787933349609","0","287.787933349609","80.8149871826172","508.407531738281","0","0.0039499020203948","0.00712356856092811","0","0","167.127197265625","0","0.215843915939331","0.637937724590302","0","9","228","5","398","245","245","-1","0","229","0","44","0","26.3487968444824","0.233333334326744","0.137555912137032","30","364","20459.9979354778","1023","19.9999979818942","33.6751568707121","7.32636002622968","10"
"Mini_Simmons","20","4","2","0","0","0","0","1.212322473526","0","10.2400245666504","97.6507263183594","0","0","571.372924804688","0","0","0","42.0056571960449","308.459106445313","0","308.459106445313","96.4305267333984","506.609405517578","0","0.00471312459558249","0.0129570281133056","0","0","107.386123657227","0","0.45128720998764","0.487261533737183","0","9","231","7","397","247","247","-1","0","232","0","46","0","18.6096210479736","0.25","0.137555912137032","33","354","20459.9994712172","1023","19.9999994831058","21.3307035616213","2.72108251364763","10"
"Mini_Simmons","20","4","3","0","0","0","0","0.508964538574219","0","26.5175800323486","50.5984001159668","0","0","517.721374511719","0","0","0","84.0686569213867","419.278533935547","0","419.278533935547","140.939712524414","502.873870849609","0","0.0068885488435626","0.0352481827139854","0","0","76.6545028686523","0","1.47555005550385","0.311988234519958","0","9","240","14","393","254","254","-1","0","241","0","53","0","11.101487159729","0.300000011920929","0.137555912137032","42","334","20460.0004623794","1023","20.0000004519838","11.2698381109016","0.16835095117264","10"
"Mini_Simmons","20","4","4","0","0","0","0","0.648440539836884","0","45.4623985290527","35.8401260375977","0","0","493.353698730469","0","0","0","115.34001159668","533.700866699219","0","533.700866699219","179.464797973633","500.243316650391","0","0.0087714958935976","0.0615570656955242","0","0","80.8711395263672","0","2.87962222099304","0.255626142024994","0","9","250","22","392","262","262","-1","0","251","0","61","0","8.23312759399414","0.349999994039536","0.137555912137032","51","318","20459.9990868862","1023","19.9999991074156","8.19217365938172","-0.0409539346124177","10"
"Mini_Simmons","20","4","5","0","0","0","0","0.781835973262787","0","5.38976287841797","227.66828918457","0","0","700.410339355469","0","0","0","12.7380828857422","467.985931396484","0","467.985931396484","84.3608703613281","508.501068115234","0","0.00412320950999856","0.00596124352887273","0","0","232.392425537109","0","0.211305767297745","0.758869767189026","0","9","260","29","388","269","269","-1","0","261","0","68","0","26.904806137085","0.400000005960464","0.137555912137032","29","353","20460.0009184005","1023","20.0000008977522","43.762398552009","16.8575924149241","10"
"Mini_Simmons","20","4","6","0","0","0","0","0.486278206110001","0","19.5571422576904","67.1393203735352","0","0","548.416015625","0","0","0","43.9794731140137","579.593078613281","0","579.593078613281","125.280700683594","504.418975830078","0","0.00612320145592093","0.0254901982843876","0","0","86.2073822021484","0","1.11272394657135","0.435861587524414","0","9","270","37","387","277","277","-1","0","271","0","76","0","12.486307144165","0.449999988079071","0.137555912137032","57","334","20459.9998196126","1023","19.9999998236682","13.8994003519771","1.41309320781201","10"
"Mini_Simmons","20","4","7","0","0","0","0","0.384912967681885","0","14.9212846755981","87.0681686401367","0","0","586.348022460938","0","0","0","29.8067531585693","635.672729492188","0","635.672729492188","114.040489196777","505.551330566406","0","0.00557382591068745","0.0189473405480385","0","0","101.458213806152","0","0.819106578826904","0.54745215177536","0","9","280","45","384","285","285","-1","0","281","0","84","0","14.5683240890503","0.5","0.137555912137032","45","335","20460.0019850122","1023","20.0000019403833","17.1080484482136","2.53972435916333","10"
"Mini_Simmons","20","4","8","0","0","0","0","-0.0918774902820587","0","25.9113292694092","56.3232727050781","0","0","543.343994140625","0","0","0","46.1729354858398","744.756469726563","0","744.756469726563","142.657592773438","503.283447265625","0","0.00697251223027706","0.0343875922262669","0","0","81.7496795654297","0","1.58270561695099","0.438851356506348","0","9","291","54","384","294","294","-1","0","292","0","93","0","10.1789741516113","0.550000011920929","0.137555912137032","59","329","20459.9989303667","1023","19.9999989544152","11.6985458222433","1.519571670632","10"
"Mini_Simmons","20","4","9","0","0","0","0","-0.524547934532166","0","42.1887054443359","40.1136054992676","0","0","509.464233398438","0","0","0","67.0217056274414","884.420776367188","0","884.420776367188","175.504043579102","501.071716308594","0","0.00857790932059288","0.0592753849923611","0","0","81.8634643554688","0","2.84630942344666","0.352884560823441","0","9","301","62","381","303","302","-1","0","302","0","101","0","7.09859180450439","0.600000023841858","0.137555912137032","74","325","20460.0022009758","1023","20.0000021514915","8.32065020740758","1.22205840290319","10"
"Mini_Simmons","20","4","10","0","0","0","0","-1.79086196422577","0","113.611190795898","23.0569114685059","54.4375419616699","0","415.255187988281","0","0","0","149.509674072266","1134.80065917969","0","1134.80065917969","239.512634277344","487.199005126953","0","0.0117063838988543","0.169663667678833","0","0","190.52978515625","0","9.11181163787842","0.183859899640083","0","9","312","72","382","316","312","-1","0","315","0","111","0","3.11323237419128","0.649999976158142","0.137555912137032","102","327","20460.0016834221","1023","20.0000016455739","3.95641383781584","0.843181463624555","10"
"Mini_Simmons","30","0","0","0","0","0","0","2.50831937789917","0","8.13727188110352","95.4446487426758","0","0","518.425048828125","0","0","0","247.977615356445","49.3568534851074","0","49.3568534851074","81.7977905273438","506.847045898438","0","0.00399793684482574","0.0122393947094679","0","0","103.10767364502","0","0.268347471952438","-0.211895897984505","0","9","57","3","389","202","202","-1","0","58","0","1","0","21.8776016235352","0.0166666675359011","0","16","389","20460.0006708983","1023","20.0000006558146","19.06526525816","-2.81233636537512","10"
"Mini_Simmons","30","0","1","0","0","0","0","2.06766247749329","0","18.5747947692871","57.7280540466309","0","0","504.342193603516","0","0","0","295.388031005859","91.332878112793","0","91.332878112793","117.262145996094","504.071746826172","0","0.00573128741234541","0.026978638023138","0","0","75.846061706543","0","0.746228814125061","-0.121134951710701","0","9","62","4","388","203","203","-1","0","63","0","2","0","14.6301898956299","0.0333333350718021","0","18","388","20460.0009665379","1023","20.0000009448074","12.265262119778","-2.36492777585183","10"
"Mini_Simmons","30","0","2","0","0","0","0","1.72596383094788","0","31.5270366668701","41.6717948913574","0","0","495.503112792969","0","0","0","350.907470703125","131.68994140625","0","131.68994140625","152.512176513672","501.890411376953","0","0.00745416386052966","0.0462109819054604","0","0","72.7685546875","0","1.48878943920135","-0.117203049361706","0","9","68","6","389","205","205","-1","0","69","0","4","0","11.0268249511719","0.0500000007450581","0","24","388","20459.997843787","1023","19.9999978922649","9.28277814419693","-1.74404680697495","10"
"Mini_Simmons","30","0","3","0","0","0","0","1.25700628757477","0","73.8293609619141","23.032844543457","0","0","457.060791015625","0","0","0","384.579376220703","291.538513183594","0","291.538513183594","229.778900146484","497.471740722656","0","0.0112306401133537","0.112119697034359","0","0","96.4924392700195","0","4.84532833099365","-0.0610484555363655","0","9","84","9","387","208","208","-1","0","85","1","7","0","6.96605157852173","0.100000001490116","0","43","371","20460.0003051711","1023","20.00000029831","5.74875950950567","-1.21729206901606","10"
"Mini_Simmons","30","0","4","0","0","0","0","1.05139815807343","0","119.462188720703","14.9819631576538","0","0","408.722381591797","0","0","0","430.891052246094","442.040740966797","0","442.040740966797","281.047485351563","494.808319091797","0","0.0137364352121949","0.190471395850182","0","0","134.12629699707","0","9.47617530822754","-0.0394578613340855","0","9","99","13","382","212","212","-1","0","100","2","11","0","5.16999769210815","0.150000005960464","0","64","352","20460.001522233","1023","20.0000014880088","4.13565291071122","-1.03434478139694","10"
"Mini_Simmons","30","0","5","0","0","0","0","1.02276349067688","0","135.513870239258","13.1449947357178","0","0","391.630462646484","0","0","0","447.849914550781","480.586853027344","0","480.586853027344","294.072387695313","494.146057128906","0","0.0143730407580733","0.215230777859688","0","0","148.356842041016","0","11.1330690383911","-0.030766325071454","0","9","104","14","379","213","213","-1","0","105","2","12","0","4.77869939804077","0.16666667163372","0","69","345","20459.9981761084","1023","19.9999982171148","3.82904286407818","-0.949656533962592","10"
"Mini_Simmons","30","1","0","0","0","0","0","3.05275368690491","0","1.9699535369873","284.894348144531","0","0","539.535888671875","0","0","0","401.837585449219","10.0347347259521","0","10.0347347259521","54.1639366149902","523.405517578125","0","0.00264730816707015","0.00403233338147402","0","0","286.345642089844","0","0.0700444206595421","0.240588203072548","0","9","77","1","394","207","207","-1","0","78","1","6","0","45","0.0166666675359011","0.0343889780342579","13","394","20460.0043503568","1023","20.0000042525481","41.0350151143053","-3.96498488569472","10"
"Mini_Simmons","30","1","1","0","0","0","0","2.33305954933167","0","12.2168369293213","72.4125747680664","0","0","505.730865478516","0","0","0","456.044616699219","38.910816192627","0","38.910816192627","97.1260757446289","505.617218017578","0","0.00474712019786239","0.0177450682967901","0","0","84.1751403808594","0","0.455537050962448","0.0742778331041336","0","9","82","2","393","208","208","-1","0","83","0","7","0","17.7867469787598","0.0333333350718021","0.0343889780342579","19","392","20459.9992619451","1023","19.9999992785387","15.5166099575676","-2.2701370211922","10"
"Mini_Simmons","30","1","2","0","0","0","0","1.81671869754791","0","26.2369403839111","46.3591804504395","0","0","495.846282958984","0","0","0","401.477478027344","92.6805725097656","0","92.6805725097656","138.359222412109","502.648773193359","0","0.00676242541521788","0.0372091643512249","0","0","72.157112121582","0","1.19020652770996","0.038475513458252","0","9","87","3","393","209","209","-1","0","88","0","8","0","12.2025499343872","0.0500000007450581","0.0343889780342579","23","386","20459.9997658757","1023","19.9999997711395","10.4711767663248","-1.7313731680624","10"
"Mini_Simmons","30","1","3","0","0","0","0","1.696657538414","0","66.1738586425781","25.2833976745605","0","0","463.373199462891","0","0","0","478.341979980469","201.184234619141","0","201.184234619141","215.798538208008","497.919891357422","0","0.0105473389849067","0.0962348580360413","0","0","91.0703811645508","0","4.1538610458374","0.00141172774601728","0","9","101","6","391","212","212","-1","0","102","0","11","0","7.51179361343384","0.100000001490116","0.0343889780342579","29","361","20459.9983480968","1023","19.9999983852364","6.29225650585049","-1.21953710758335","10"
"Mini_Simmons","30","1","4","0","0","0","0","1.38165426254272","0","95.7265243530273","18.8937149047852","0","0","434.810028076172","0","0","0","515.391296386719","277.53125","0","277.53125","253.271484375","495.739349365234","0","0.0123788602650166","0.143037185072899","0","0","114.2646484375","0","6.89922761917114","0.0190637521445751","0","9","115","9","385","215","215","-1","0","116","0","14","0","6.03363084793091","0.150000005960464","0.0343889780342579","33","338","20460.0002708457","1023","20.0000002647563","4.96475631938162","-1.06887452854929","10"
"Mini_Simmons","30","1","5","0","0","0","0","1.112220287323","0","122.646446228027","15.1057615280151","0","0","407.411254882813","0","0","0","523.449584960938","354.928558349609","0","354.928558349609","278.394073486328","494.298034667969","0","0.013606745749712","0.185787215828896","0","0","137.422775268555","0","9.56551551818848","0.0279195513576269","0","9","128","11","376","217","217","-1","0","129","0","16","0","5.11709451675415","0.200000002980232","0.0343889780342579","35","316","20460.0040749803","1023","20.0000039833629","4.20000794459837","-0.917086572155778","10"
"Mini_Simmons","30","1","6","0","0","0","0","0.928835690021515","0","147.176239013672","12.5933656692505","0","0","381.521148681641","0","0","0","547.613037109375","409.561676025391","0","409.561676025391","295.148986816406","493.376617431641","0","0.0144256604835391","0.224281296133995","0","0","159.46337890625","0","12.1045665740967","0.033212922513485","0","9","142","15","371","221","221","-1","0","143","0","20","0","4.46419620513916","0.25","0.0343889780342579","39","300","20459.9981507395","1023","19.9999981923162","3.68778123107713","-0.776414974062033","10"
"Mini_Simmons","30","1","7","0","0","0","0","0.875967442989349","0","187.014450073242","9.48701095581055","0","0","337.572479248047","0","0","0","568.860412597656","510.722503662109","0","510.722503662109","313.347747802734","492.586639404297","0","0.0153151396661997","0.290529817342758","0","0","196.234786987305","0","16.4390525817871","0.0303992331027985","0","9","158","22","367","228","228","-1","0","159","0","27","0","3.66009378433228","0.300000011920929","0.0343889780342579","57","292","20459.9993622186","1023","19.9999993765578","3.02172008169965","-0.638373702632627","10"
"Mini_Simmons","30","1","8","0","0","0","0","0.722322463989258","0","234.598205566406","6.46929979324341","213.782409667969","0","276.339935302734","0","0","0","598.626281738281","620.186645507813","0","620.186645507813","315.507110595703","472.242462158203","0","0.015420681796968","0.371259987354279","0","0","454.375244140625","0","21.5370597839355","0.0431503280997276","0","9","176","30","366","236","236","-1","0","177","1","35","0","2.90264344215393","0.349999994039536","0.0343889780342579","71","274","20459.9974728574","1023","19.9999975296749","2.3805262472026","-0.52211719495133","10"
"Mini_Simmons","30","1","9","0","0","0","0","0.683421313762665","0","247.857818603516","7.52326679229736","94.5647964477539","0","265.799377441406","0","0","0","584.137390136719","676.673828125","0","676.673828125","298.216949462891","482.429779052734","0","0.0145756080746651","0.395270466804504","0","0","349.564697265625","0","23.0960788726807","0.0449759103357792","0","9","193","38","363","244","244","-1","0","194","1","43","0","2.44074487686157","0.400000005960464","0.0343889780342579","80","275","20460.0005663739","1023","20.0000005536401","2.11326227996427","-0.3274825968973","10"
"Mini_Simmons","30","2","0","0","0","0","0","2.02006196975708","0","4.05810213088989","144.242492675781","0","0","508.897796630859","0","0","0","785.259704589844","8.12710189819336","0","8.12710189819336","61.2866630554199","508.376770019531","0","0.00299543817527592","0.00638188561424613","0","0","147.822265625","0","0.141600430011749","0.0110386032611132","0","9","100","2","397","212","212","-1","0","101","0","11","0","30.1104965209961","0.0333333350718021","0.0687779560685158","11","397","20459.9993287375","1023","19.9999993438294","27.9931301837312","-2.11736633726489","10"
"Mini_Simmons","30","2","1","0","0","0","0","1.90198957920074","0","11.2945680618286","76.0314559936523","0","0","505.202056884766","0","0","0","452.13720703125","35.9896774291992","0","35.9896774291992","93.3031234741211","505.843536376953","0","0.00456027034670115","0.0162722710520029","0","0","86.86767578125","0","0.452305495738983","0.0533977597951889","0","9","105","3","397","213","213","-1","0","106","0","12","0","18.1170959472656","0.0500000007450581","0.0687779560685158","15","389","20459.9982853244","1023","19.9999983238753","16.2750015311975","-1.8420944160681","10"
"Mini_Simmons","30","2","2","0","0","0","0","1.43949699401855","0","37.6713752746582","36.9603996276855","0","0","486.439178466797","0","0","0","374.471466064453","144.71745300293","0","144.71745300293","165.165222167969","501.022308349609","0","0.00807259138673544","0.0541925542056561","0","0","74.2121887207031","0","2.09345960617065","0.0586991868913174","0","9","117","5","394","215","215","-1","0","118","0","14","0","9.96733474731445","0.100000001490116","0.0687779560685158","22","361","20460.0002967277","1023","20.0000002900564","8.56673469697558","-1.40060005033887","10"
"Mini_Simmons","30","2","3","0","0","0","0","1.09290444850922","0","69.6725006103516","24.5517425537109","0","0","459.336517333984","0","0","0","421.116607666016","240.450958251953","0","240.450958251953","219.069564819336","497.595642089844","0","0.0107072135433555","0.101257897913456","0","0","93.8374862670898","0","4.59936094284058","0.0509769469499588","0","9","130","7","387","217","217","-1","0","131","0","16","0","7.22219085693359","0.150000005960464","0.0687779560685158","27","336","20459.9977325831","1023","19.9999977835612","6.06991890607934","-1.15227195085426","10"
"Mini_Simmons","30","2","4","0","0","0","0","0.859968066215515","0","99.8461380004883","18.5037326812744","0","0","430.459838867188","0","0","0","453.845794677734","321.205841064453","0","321.205841064453","255.039611816406","495.450286865234","0","0.0124652776867151","0.145777925848961","0","0","117.993728637695","0","7.36471557617188","0.0503174029290676","0","9","145","12","381","222","222","-1","0","146","0","21","0","5.78075885772705","0.200000002980232","0.0687779560685158","33","315","20460.0024344596","1023","20.0000023797259","4.90527664836485","-0.875482209362206","10"
"Mini_Simmons","30","2","5","0","0","0","0","0.709446609020233","0","118.974327087402","15.7400074005127","13.3827047348022","0","408.750671386719","0","0","0","446.704711914063","399.893981933594","0","399.893981933594","271.516906738281","492.387329101563","0","0.0132706211879849","0.178634524345398","0","0","147.719497680664","0","9.38094329833984","0.0542480684816837","0","9","162","20","380","230","230","-1","0","163","0","29","0","5.13575458526611","0.25","0.0687779560685158","41","304","20459.9997914272","1023","19.9999997961165","4.26038418834348","-0.875370396922629","10"
"Mini_Simmons","30","2","6","0","0","0","0","0.756990194320679","0","212.94709777832","7.57196998596191","185.891754150391","0","301.5556640625","0","0","0","575.96240234375","576.308166503906","0","576.308166503906","314.852600097656","473.173919677734","0","0.0153886880725622","0.331931859254837","0","0","405.903381347656","0","19.0777320861816","0.0465239211916924","0","9","178","27","376","237","237","-1","0","179","0","36","0","3.23275876045227","0.300000011920929","0.0687779560685158","59","276","20460.0027379224","1023","20.000002676366","2.65724144838974","-0.575517312062532","10"
"Mini_Simmons","30","2","7","0","0","0","0","0.526762425899506","0","172.690124511719","12.6436777114868","22.2299766540527","0","354.931060791016","0","0","0","474.807312011719","555.8154296875","0","555.8154296875","289.529632568359","493.055725097656","0","0.0141510097309947","0.263905256986618","0","0","207.272277832031","0","14.7854309082031","0.0621317252516747","0","9","195","35","375","245","245","-1","0","196","0","44","0","3.38724327087402","0.349999994039536","0.0687779560685158","55","277","20459.9981253781","1023","19.9999981675251","3.07376317745459","-0.313480093419433","10"
"Mini_Simmons","30","2","8","0","0","0","0","0.428064703941345","0","210.142944335938","8.84610652923584","94.3483200073242","0","307.784790039063","0","0","0","515.436706542969","633.53173828125","0","633.53173828125","306.890411376953","481.406127929688","0","0.0149995302781463","0.326545536518097","0","0","312.91455078125","0","18.8676357269287","0.0463753007352352","0","9","211","43","372","253","253","-1","0","212","0","52","0","3.05958342552185","0.400000005960464","0.0687779560685158","72","290","20460.0014591177","1023","20.0000014263125","2.63274872626428","-0.426834699257575","10"
"Mini_Simmons","30","2","9","0","0","0","0","0.365349739789963","0","259.789855957031","6.2409930229187","298.554534912109","0","239.552673339844","0","0","0","542.344970703125","762.451477050781","0","762.451477050781","282.064636230469","452.11865234375","0","0.0137861501425505","0.413511723279953","0","0","563.626647949219","0","24.2044162750244","0.0500906519591808","0","9","227","51","371","261","261","-1","0","228","0","60","0","2.11114168167114","0.449999988079071","0.0687779560685158","88","281","20460.0003129145","1023","20.0000003058793","1.91054950418289","-0.200592177488256","10"
"Mini_Simmons","30","2","10","0","0","0","0","0.241883218288422","0","207.37028503418","8.7446231842041","295.611083984375","0","298.653747558594","0","0","0","453.665130615234","703.363342285156","0","703.363342285156","290.266082763672","451.336700439453","0","0.0141870034858584","0.319091439247131","0","0","510.64208984375","0","18.3091163635254","0.0649383813142776","0","9","232","54","370","264","264","-1","0","233","0","63","0","2.75699687004089","0.466666668653488","0.0687779560685158","75","284","20459.9993968429","1023","19.9999994104036","2.54824607089936","-0.208750799141531","10"
"Mini_Simmons","30","3","0","0","0","0","0","1.16481101512909","0","4.2986216545105","149.641479492188","0","0","536.134826660156","0","0","0","243.32666015625","26.6662578582764","0","26.6662578582764","65.0766448974609","508.398986816406","0","0.00318067683838308","0.00648861145600677","0","0","153.444946289063","0","0.164922252297401","0.321622729301453","0","9","124","1","399","216","216","-1","0","125","0","15","0","29.0772018432617","0.0666666701436043","0.103166937828064","6","385","20459.9989889395","1023","19.999999011671","29.3533175293507","0.276115686088957","10"
"Mini_Simmons","30","3","1","0","0","0","0","1.40047371387482","0","4.69644594192505","139.128967285156","0","0","534.631408691406","0","0","0","288.124847412109","24.364408493042","0","24.364408493042","67.3753128051758","508.243713378906","0","0.0032930257730186","0.00701999152079225","0","0","143.33967590332","0","0.182173147797585","0.314592182636261","0","9","128","2","398","217","217","-1","0","129","0","16","0","27.5841503143311","0.0833333358168602","0.103166937828064","7","384","20460.0016669214","1023","20.0000016294442","27.9754087408955","0.39125842656448","10"
"Mini_Simmons","30","3","2","0","0","0","0","0.775611102581024","0","10.210560798645","82.8153533935547","0","0","518.688415527344","0","0","0","234.309555053711","59.8456649780273","0","59.8456649780273","91.2898941040039","506.283416748047","0","0.00446187099441886","0.0140224108472466","0","0","92.5627822875977","0","0.436780571937561","0.231447517871857","0","9","133","3","397","218","218","-1","0","134","0","17","0","18.5549335479736","0.100000001490116","0.103166937828064","9","370","20460.0030386791","1023","20.0000029703608","18.5538438026241","-0.00108974534952822","10"
"Mini_Simmons","30","3","3","0","0","0","0","1.07469701766968","0","27.3977909088135","45.8480339050293","0","0","498.385162353516","0","0","0","228.307159423828","162.480728149414","0","162.480728149414","141.54736328125","502.535552978516","0","0.00691824918612838","0.0370955131947994","0","0","72.8053894042969","0","1.4403475522995","0.148331344127655","0","9","149","9","394","224","224","-1","0","150","0","23","0","11.4371643066406","0.150000005960464","0.103166937828064","18","348","20459.997822146","1023","19.9999978711105","10.7484974949345","-0.688666811706145","10"
"Mini_Simmons","30","3","4","0","0","0","0","1.01899266242981","0","45.3792533874512","33.6880264282227","0","0","482.199279785156","0","0","0","267.269500732422","233.558120727539","0","233.558120727539","178.476745605469","500.02685546875","0","0.00872320309281349","0.0624229572713375","0","0","78.6477203369141","0","2.72910857200623","0.120121851563454","0","9","165","16","390","231","231","-1","0","166","0","30","0","8.76904582977295","0.200000002980232","0.103166937828064","27","332","20460.0011837974","1023","20.0000011571822","8.0330038431526","-0.73604198662035","10"
"Mini_Simmons","30","3","5","0","0","0","0","0.875820457935333","0","64.4638366699219","26.7149887084961","0","0","464.152893066406","0","0","0","291.142669677734","311.435455322266","0","311.435455322266","208.768524169922","498.081390380859","0","0.0102037396281958","0.0906721502542496","0","0","90.7804260253906","0","4.3426399230957","0.105770163238049","0","9","182","24","389","239","239","-1","0","183","0","38","0","7.15812587738037","0.25","0.103166937828064","36","319","20460.001114987","1023","20.0000010899188","6.46143566506321","-0.696690212317159","10"
"Mini_Simmons","30","3","6","0","0","0","0","0.689489126205444","0","86.512809753418","21.9615020751953","0","0","443.446594238281","0","0","0","297.265869140625","415.917907714844","0","415.917907714844","235.643463134766","496.427368164063","0","0.0115172751247883","0.123638197779655","0","0","108.098167419434","0","6.28314828872681","0.099397137761116","0","9","199","32","386","247","247","-1","0","200","0","46","0","5.86745262145996","0.300000011920929","0.103166937828064","45","305","20460.0012226501","1023","20.0000011951614","5.34502587230292","-0.522426749157041","10"
"Mini_Simmons","30","3","7","0","0","0","0","0.400995284318924","0","172.690124511719","12.5990657806396","0","0","355.176361083984","0","0","0","442.945983886719","595.795654296875","0","595.795654296875","291.052429199219","493.551391601563","0","0.0142254354432225","0.26390528678894","0","0","184.999450683594","0","14.7854309082031","0.0619938522577286","0","9","215","40","385","255","255","-1","0","216","0","54","0","3.37937307357788","0.349999994039536","0.103166937828064","65","287","20460.0014081035","1023","20.0000013764453","3.08994422532972","-0.289428848248159","10"
"Mini_Simmons","30","3","8","0","0","0","0","0.21917200088501","0","30.8831253051758","46.0005035400391","0","0","500.517608642578","0","0","0","102.89306640625","393.267974853516","0","393.267974853516","148.765090942383","502.20166015625","0","0.00727102160453796","0.0404645502567291","0","0","76.4444122314453","0","1.81370294094086","0.214955195784569","0","9","230","48","382","263","263","-1","0","231","0","62","0","9.23639011383057","0.400000005960464","0.103166937828064","48","316","20459.9984752536","1023","19.9999985095343","10.3516274227727","1.1152373089421","10"
"Mini_Simmons","30","3","9","0","0","0","0","0.301376581192017","0","43.6754760742188","37.0636177062988","0","0","487.684143066406","0","0","0","125.03328704834","470.516387939453","0","470.516387939453","173.266738891602","500.414459228516","0","0.00846855994313955","0.0588302090764046","0","0","80.3091735839844","0","2.76963376998901","0.194255769252777","0","9","245","56","381","271","271","-1","0","246","0","70","0","7.49796390533447","0.449999988079071","0.103166937828064","56","308","20460.0002898918","1023","20.0000002833742","8.27643264944136","0.778468744106885","10"
"Mini_Simmons","30","3","10","0","0","0","0","-0.255778878927231","0","262.490631103516","9.08223342895508","135.461563110352","0","249.769165039063","0","0","0","482.072174072266","869.78466796875","0","869.78466796875","253.218856811523","480.49462890625","0","0.0123762879520655","0.419298976659775","0","0","423.885406494141","0","24.5990505218506","0.048145953565836","0","9","260","65","379","280","280","-1","0","261","0","79","0","1.75511038303375","0.5","0.103166937828064","104","298","20460.0004292292","1023","20.0000004195789","1.69142329521963","-0.0636870878141249","10"
"Mini_Simmons","30","4","0","0","0","0","0","1.51207077503204","0","3.77608633041382","153.273666381836","0","0","571.090393066406","0","0","0","25.9074993133545","201.407699584961","0","201.407699584961","71.3016967773438","509.194244384766","0","0.00348493130877614","0.00521796988323331","0","0","156.650207519531","0","0.141951903700829","0.469587057828903","0","9","191","3","399","243","243","-1","0","192","0","42","0","27.067626953125","0.216666668653488","0.137555912137032","28","371","20460.0006312273","1023","20.0000006170355","41.9029679377419","14.8353409846169","10"
"Mini_Simmons","30","4","1","0","0","0","0","1.13482391834259","0","12.0111103057861","76.8683013916016","0","0","525.251586914063","0","0","0","66.9750366210938","230.960708618164","0","230.960708618164","100.440887451172","506.011474609375","0","0.00490913353860378","0.0154686011373997","0","0","88.434196472168","0","0.536913514137268","0.287339568138123","0","9","197","6","399","246","246","-1","0","198","0","45","0","15.9948892593384","0.233333334326744","0.137555912137032","33","356","20460.0031067272","1023","20.0000030368789","18.5034142190466","2.50852495970824","10"
"Mini_Simmons","30","4","2","0","0","0","0","1.12716615200043","0","6.45830249786377","112.550872802734","0","0","547.527954101563","0","0","0","34.3070640563965","243.914733886719","0","243.914733886719","81.9617919921875","507.973815917969","0","0.00400595320388675","0.0083679985255003","0","0","118.586181640625","0","0.261438012123108","0.384927093982697","0","9","201","8","398","248","248","-1","0","202","0","47","0","20.8446083068848","0.25","0.137555912137032","33","362","20459.9973640892","1023","19.9999974233521","28.602031567795","7.75742326091021","10"
"Mini_Simmons","30","4","3","0","0","0","0","0.323937386274338","0","31.3388957977295","44.6430969238281","0","0","498.310516357422","0","0","0","117.68384552002","347.143707275391","0","347.143707275391","149.388137817383","502.017486572266","0","0.00730147305876017","0.0408532060682774","0","0","75.5423049926758","0","1.7322815656662","0.185911908745766","0","9","217","16","395","256","256","-1","0","218","0","55","0","9.90251731872559","0.300000011920929","0.137555912137032","45","336","20459.9998678554","1023","19.9999998708264","10.2954802942124","0.392962975486775","10"
"Mini_Simmons","30","4","4","0","0","0","0","0.379543006420135","0","3.06181406974792","691.08447265625","0","0","870.343994140625","0","0","0","6.76338863372803","334.079742431641","0","334.079742431641","94.5064697265625","632.62109375","0","0.00461908429861069","0.00225951103493571","0","0","693.065368652344","0","0.0662011802196503","0.755391836166382","0","9","232","24","394","264","264","-1","0","233","0","63","0","45","0.349999994039536","0.137555912137032","24","369","20460.0010774837","1023","20.0000010532587","NaN","NaN","10"
"Mini_Simmons","30","4","5","0","0","0","0","0.535607576370239","0","7.70834732055664","119.749954223633","0","0","547.2998046875","0","0","0","21.1561908721924","408.679443359375","0","408.679443359375","85.6908721923828","507.531280517578","0","0.00418821442872286","0.00864609982818365","0","0","127.003479003906","0","0.313091814517975","0.387490123510361","0","9","248","33","392","273","273","-1","0","249","0","72","0","17.9429931640625","0.400000005960464","0.137555912137032","45","358","20460.0011892211","1023","20.000001162484","28.9734985611083","11.0305053970458","10"
"Mini_Simmons","30","4","6","0","0","0","0","0.396789222955704","0","14.5883550643921","79.9589996337891","0","0","526.098327636719","0","0","0","37.2579803466797","486.253051757813","0","486.253051757813","107.455596923828","505.539764404297","0","0.0052519841119647","0.018116807565093","0","0","94.0967330932617","0","0.737357318401337","0.307193726301193","0","9","261","41","391","281","281","-1","0","262","0","80","0","13.3136529922485","0.449999988079071","0.137555912137032","59","348","20460.0003794814","1023","20.0000003709496","16.8517110697822","3.53805807753366","10"
"Mini_Simmons","30","4","7","0","0","0","0","-0.0485977083444595","0","25.1974754333496","54.4006080627441","0","0","509.343780517578","0","0","0","57.8048400878906","570.018615722656","0","570.018615722656","135.633209228516","503.254638671875","0","0.00662918901070952","0.032949835062027","0","0","79.1526947021484","0","1.46456563472748","0.253785580396652","0","9","274","50","389","290","290","-1","0","275","0","89","0","9.9744119644165","0.5","0.137555912137032","70","337","20460.0003121647","1023","20.0000003051463","11.6065764250658","1.63216446064932","10"
"Mini_Simmons","30","4","8","0","0","0","0","-0.228891909122467","0","25.8747711181641","52.5893936157227","0","0","512.600219726563","0","0","0","53.6093215942383","628.788696289063","0","628.788696289063","138.040328979492","503.081207275391","0","0.0067468392662704","0.0337089374661446","0","0","78.0095825195313","0","1.52777504920959","0.282315075397491","0","9","286","59","389","299","299","-1","0","287","0","98","0","9.62322521209717","0.550000011920929","0.137555912137032","63","334","20459.9996430328","1023","19.9999996510585","11.5457235405254","1.92249832842819","10"
"Mini_Simmons","30","4","9","0","0","0","0","-0.716626942157745","0","38.8261184692383","39.7043342590332","64.5752029418945","0","489.218872070313","0","0","0","68.7034072875977","756.913146972656","0","756.913146972656","163.676391601563","485.233917236328","0","0.00799982342869043","0.0520025119185448","0","0","142.143112182617","0","2.46349287033081","0.250135838985443","0","9","299","69","388","309","309","-1","0","300","0","108","0","7.45467519760132","0.600000023841858","0.137555912137032","73","332","20460.0005313313","1023","20.0000005193854","8.84925524409634","1.39458004649502","10"
"Mini_Simmons","30","4","10","0","0","0","0","-1.69473612308502","0","121.404914855957","20.3219795227051","230.506469726563","0","394.582702636719","0","0","0","182.565734863281","968.479919433594","0","968.479919433594","242.052673339844","461.851501464844","0","0.0118305319920182","0.176811248064041","0","0","371.218200683594","0","9.49562644958496","0.120306171476841","0","9","312","79","389","319","319","-1","0","313","0","118","0","3.2062394618988","0.649999976158142","0.137555912137032","109","333","20459.9990518728","1023","19.9999990731894","3.83655657888127","0.630317116982464","10"
"Mini_Simmons","45","0","0","0","0","0","0","2.01015615463257","0","8.18431377410889","103.492721557617","0","0","541.798889160156","0","0","0","221.596649169922","55.2327651977539","0","55.2327651977539","83.2340545654297","506.885192871094","0","0.00406813574954867","0.0122393956407905","0","0","111.168594360352","0","0.264815181493759","-0.360962331295013","0","9","31","4","390","203","203","-1","0","32","0","2","0","22.1430721282959","0.0166666675359011","0","17","390","20459.9992944345","1023","19.9999993102977","19.4133224710899","-2.72974965720597","10"
"Mini_Simmons","45","0","1","0","0","0","0","1.48035562038422","0","22.1709861755371","53.0727920532227","0","0","511.202514648438","0","0","0","290.693298339844","111.333457946777","0","111.333457946777","129.670074462891","503.502685546875","0","0.0063377358019352","0.0323638916015625","0","0","74.790412902832","0","0.943059802055359","-0.224391162395477","0","9","37","6","390","205","205","-1","0","38","0","4","0","13.0008144378662","0.0333333350718021","0","21","390","20459.9999929465","1023","19.999999993105","11.2930608676595","-1.70775357020666","10"
"Mini_Simmons","45","0","2","0","0","0","0","1.34811162948608","0","31.9793872833252","41.8416442871094","0","0","501.145629882813","0","0","0","308.178741455078","149.948623657227","0","149.948623657227","155.297210693359","501.936584472656","0","0.00759028410539031","0.0462109819054604","0","0","73.3906326293945","0","1.51560926437378","-0.192827790975571","0","9","44","8","391","207","207","-1","0","45","1","6","0","10.6733713150024","0.0500000007450581","0","26","390","20459.999722945","1023","19.999999729174","9.45383282046468","-1.21953849453776","10"
"Mini_Simmons","45","0","3","0","0","0","0","1.03572201728821","0","75.9806747436523","22.5868320465088","0","0","456.474304199219","0","0","0","380.1884765625","309.456634521484","0","309.456634521484","233.622772216797","497.355255126953","0","0.0114185120910406","0.117651849985123","0","0","98.2005081176758","0","5.02283763885498","-0.096065066754818","0","9","60","13","391","212","212","-1","0","61","3","11","0","6.59913301467896","0.100000001490116","0","48","373","20460.0012991278","1023","20.0000012699196","5.56951739101304","-1.02961562366592","10"
"Mini_Simmons","45","1","0","0","0","0","0","2.42029333114624","0","2.1899242401123","302.363067626953","0","0","549.264709472656","0","0","0","148.230926513672","27.2030506134033","0","27.2030506134033","55.3026504516602","493.89111328125","0","0.00270296423695982","0.00403233338147402","0","0","303.950897216797","0","0.0704499110579491","0.450194478034973","0","9","45","2","395","208","208","-1","0","46","0","7","0","45","0.0166666675359011","0.0343889780342579","14","395","20460.0008004036","1023","20.0000007824082","42.0919686938443","-2.90803130615567","10"
"Mini_Simmons","45","1","1","0","0","0","0","1.96431052684784","0","15.5946550369263","63.5327301025391","0","0","506.495544433594","0","0","0","648.51953125","36.5337371826172","0","36.5337371826172","108.775695800781","504.789886474609","0","0.00531650520861149","0.0236928407102823","0","0","78.6729888916016","0","0.625187516212463","0.130022525787354","0","9","50","3","394","209","209","-1","0","51","0","8","0","15.5120048522949","0.0333333350718021","0.0343889780342579","21","391","20459.9998556552","1023","19.9999998589005","12.9671802282462","-2.54482462404877","10"
"Mini_Simmons","45","1","2","0","0","0","0","1.57542490959167","0","24.8888835906982","47.9826698303223","0","0","498.611083984375","0","0","0","553.262084960938","67.2541427612305","0","67.2541427612305","135.487106323242","502.924743652344","0","0.00662204809486866","0.0372091643512249","0","0","72.4313430786133","0","1.13334035873413","0.0986258611083031","0","9","56","5","395","211","211","-1","0","57","0","10","0","12.2454986572266","0.0500000007450581","0.0343889780342579","25","388","20460.0003476612","1023","20.0000003398448","10.2514348506491","-1.99406380657748","10"
"Mini_Simmons","45","1","3","0","0","0","0","1.28378880023956","0","68.2597427368164","24.7873649597168","0","0","462.485656738281","0","0","0","528.459228515625","188.128234863281","0","188.128234863281","219.108123779297","497.723724365234","0","0.0107090985402465","0.0994181036949158","0","0","92.6614837646484","0","4.25271034240723","0.0296322405338287","0","9","72","9","394","215","215","-1","0","73","0","14","0","7.16594314575195","0.100000001490116","0.0343889780342579","32","362","20459.996978817","1023","19.999997046742","6.18377299464573","-0.982170151106221","10"
"Mini_Simmons","45","1","4","0","0","0","0","0.992129683494568","0","104.908470153809","17.6348094940186","0","0","427.52734375","0","0","0","617.311401367188","251.469528198242","0","251.469528198242","262.384094238281","495.089111328125","0","0.0128242485225201","0.155235007405281","0","0","122.192504882813","0","7.58526515960693","0.00542858196422458","0","9","85","11","387","217","217","-1","0","86","0","16","0","5.52350568771362","0.150000005960464","0.0343889780342579","35","333","20459.9976191604","1023","19.9999976726885","4.73870990786297","-0.784795779850652","10"
"Mini_Simmons","45","1","5","0","0","0","0","0.912471115589142","0","131.995849609375","14.2777833938599","0","0","399.767028808594","0","0","0","678.956848144531","290.064483642578","0","290.064483642578","284.452972412109","493.738616943359","0","0.0139028839766979","0.196941271424294","0","0","145.947280883789","0","10.2839241027832","0.00447927229106426","0","9","102","17","382","223","223","-1","0","103","0","22","0","4.70550394058228","0.200000002980232","0.0343889780342579","41","316","20459.9975723648","1023","19.9999976269451","4.04810885501975","-0.657395085562529","10"
"Mini_Simmons","45","1","6","0","0","0","0","0.797201156616211","0","158.117767333984","11.9031686782837","0","0","372.908935546875","0","0","0","697.786743164063","341.830169677734","0","341.830169677734","299.903869628906","492.827850341797","0","0.0146580580621958","0.238524556159973","0","0","169.717727661133","0","12.9169702529907","0.0116899125277996","0","9","121","25","381","231","231","-1","0","122","0","30","0","4.05277729034424","0.25","0.0343889780342579","49","303","20460.0001143658","1023","20.0000001117945","3.52321945051985","-0.529557839824384","10"
"Mini_Simmons","45","1","7","0","0","0","0","0.491205960512161","0","212.987213134766","7.66090202331543","289.70361328125","0","307.11181640625","0","0","0","731.386535644531","447.508026123047","0","447.508026123047","312.787445068359","475.876098632813","0","0.0152877550572157","0.327301353216171","0","0","509.837066650391","0","18.6332912445068","0.0215309634804726","0","9","140","34","379","240","240","-1","0","141","1","39","0","3.24242353439331","0.300000011920929","0.0343889780342579","67","286","20459.9984692145","1023","19.999998503631","2.67717401084545","-0.565249523547865","10"
"Mini_Simmons","45","1","8","0","0","0","0","0.439030557870865","0","238.90461730957","6.34219169616699","334.772918701172","0","275.495147705078","0","0","0","743.71337890625","500.70751953125","0","500.70751953125","313.980072021484","468.812255859375","0","0.0153460456058383","0.372382879257202","0","0","579.47802734375","0","21.4351844787598","0.027630902826786","0","9","159","42","378","248","248","-1","0","160","1","47","0","2.79691505432129","0.349999994039536","0.0343889780342579","78","281","20459.9986267493","1023","19.999998657624","2.36185054502042","-0.435064509300865","10"
"Mini_Simmons","45","1","9","0","0","0","0","0.319676071405411","0","296.072540283203","4.33970642089844","263.442352294922","0","215.885726928711","0","0","0","736.336364746094","648.238586425781","0","648.238586425781","303.883575439453","478.851318359375","0","0.0148525694385171","0.477321654558182","0","0","563.534790039063","0","27.869909286499","0.0221026837825775","0","9","178","51","376","257","257","-1","0","179","2","56","0","2.16545462608337","0.400000005960464","0.0343889780342579","128","291","20460.0003182879","1023","20.0000003111319","1.78313080977962","-0.382323816303753","10"
"Mini_Simmons","45","1","10","0","0","0","0","0.23172852396965","0","346.353118896484","3.04411149024963","345.361389160156","0","160.14533996582","0","0","0","715.676818847656","793.684326171875","0","793.684326171875","260.635711669922","472.956420898438","0","0.0127387931570411","0.568021476268768","0","0","694.389526367188","0","33.1338806152344","0.0329806581139565","0","9","196","60","376","266","266","-1","0","197","4","65","0","1.50990259647369","0.449999988079071","0.0343889780342579","168","294","20460.000288635","1023","20.0000002821456","1.28505754454301","-0.224845051930689","10"
"Mini_Simmons","45","2","0","0","0","0","0","1.78500819206238","0","5.43008470535278","119.301643371582","0","0","509.89501953125","0","0","0","302.199584960938","28.8702392578125","0","28.8702392578125","68.4030227661133","507.78369140625","0","0.00334325665608048","0.00872457399964333","0","0","124.258926391602","0","0.197546616196632","0.0860407426953316","0","9","62","3","398","213","213","-1","0","63","0","12","0","25.7844829559326","0.0333333350718021","0.0687779560685158","12","396","20459.9974823071","1023","19.9999975389122","22.5320378396259","-3.25244511630669","10"
"Mini_Simmons","45","2","1","0","0","0","0","1.64127373695374","0","11.5558319091797","74.329216003418","0","0","504.396209716797","0","0","0","3933.13696289063","4.32648372650146","0","4.32648372650146","94.6570129394531","505.800628662109","0","0.00462644174695015","0.0170166529715061","0","0","85.4328002929688","0","0.471529603004456","0.0225826557725668","0","9","67","4","398","214","214","-1","0","68","0","13","0","17.636251449585","0.0500000007450581","0.0687779560685158","16","389","20460.0031983226","1023","20.000003126415","15.7760079249759","-1.8602435246091","10"
"Mini_Simmons","45","2","2","0","0","0","0","1.23898184299469","0","38.3089714050293","36.6677742004395","0","0","485.328247070313","0","0","0","608.901306152344","89.0005493164063","0","89.0005493164063","165.603317260742","500.875091552734","0","0.00809400342404842","0.0541925542056561","0","0","74.5548477172852","0","2.11579418182373","0.0100593380630016","0","9","80","6","395","216","216","-1","0","81","0","15","0","9.72498226165771","0.100000001490116","0.0687779560685158","23","362","20460.0008901295","1023","20.0000008701168","8.58962993050074","-1.13535233115697","10"
"Mini_Simmons","45","2","3","0","0","0","0","0.957884430885315","0","62.7712821960449","26.6668891906738","0","0","465.472808837891","0","0","0","578.344421386719","154.389862060547","0","154.389862060547","207.805572509766","498.132873535156","0","0.0101566752418876","0.0892905071377754","0","0","89.0401763916016","0","3.96445894241333","0.0199694316834211","0","9","96","10","390","220","220","-1","0","97","0","19","0","7.47082996368408","0.150000005960464","0.0687779560685158","28","340","20459.9997106086","1023","19.999999717115","6.53145414190001","-0.939375821784069","10"
"Mini_Simmons","45","2","4","0","0","0","0","0.700710415840149","0","97.3680038452148","19.1620502471924","0","0","433.630218505859","0","0","0","590.949768066406","239.373245239258","0","239.373245239258","250.639846801758","495.459625244141","0","0.0122502371668816","0.141457572579384","0","0","116.165336608887","0","7.00420570373535","0.0206653047353029","0","9","115","19","388","229","229","-1","0","116","0","28","0","5.70437622070313","0.200000002980232","0.0687779560685158","39","321","20459.9995402016","1023","19.9999995505392","4.96804237222323","-0.736333848479895","10"
"Mini_Simmons","45","2","5","0","0","0","0","0.536529421806335","0","110.089988708496","17.1829853057861","56.8126106262207","0","416.912719726563","0","0","0","591.067810058594","269.086608886719","0","269.086608886719","260.264282226563","486.568359375","0","0.0127206379547715","0.159048423171043","0","0","183.585052490234","0","8.23707008361816","0.0304487589746714","0","9","134","27","387","237","237","-1","0","135","0","36","0","5.23763942718506","0.25","0.0687779560685158","45","309","20460.0023325825","1023","20.0000022801393","4.58739601126548","-0.650243415919579","10"
"Mini_Simmons","45","2","6","0","0","0","0","0.636788010597229","0","207.182601928711","8.02540397644043","343.088684082031","0","311.860565185547","0","0","0","736.375","428.467712402344","0","428.467712402344","308.272888183594","472.986206054688","0","0.0150671005249023","0.315512895584106","0","0","557.70654296875","0","18.0198802947998","0.0264270734041929","0","9","153","36","385","246","246","-1","0","154","0","45","0","3.28876948356628","0.300000011920929","0.0687779560685158","64","285","20460.0007595417","1023","20.000000742465","2.73716126894112","-0.551608214625161","10"
"Mini_Simmons","45","2","7","0","0","0","0","0.522647321224213","0","228.489944458008","6.94090795516968","421.519592285156","0","282.224731445313","0","0","0","721.736877441406","479.252502441406","0","479.252502441406","307.419525146484","454.329833984375","0","0.0150253931060433","0.345894187688828","0","0","656.217163085938","0","20.0501518249512","0.035347044467926","0","9","172","44","384","254","254","-1","0","173","0","53","0","2.7704746723175","0.349999994039536","0.0687779560685158","69","277","20459.9988151284","1023","19.9999988417677","2.48967046959606","-0.280804202721442","10"
"Mini_Simmons","45","2","8","0","0","0","0","0.369677931070328","0","241.112487792969","6.3542332649231","407.313659667969","0","268.934539794922","0","0","0","697.211608886719","527.9326171875","0","527.9326171875","307.977874755859","456.025085449219","0","0.0150526808574796","0.368080765008926","0","0","654.088073730469","0","21.4564018249512","0.0335196554660797","0","9","190","53","382","263","263","-1","0","191","0","62","0","2.63103222846985","0.400000005960464","0.0687779560685158","81","286","20460.0016217594","1023","20.0000015852976","2.3437673980138","-0.287264830456044","10"
"Mini_Simmons","45","2","9","0","0","0","0","0.251085132360458","0","276.519134521484","5.35067987442017","418.889312744141","0","228.658447265625","0","0","0","695.468566894531","617.290100097656","0","617.290100097656","287.797027587891","448.753601074219","0","0.0140663255006075","0.429305821657181","0","0","699.943237304688","0","25.1098804473877","0.0392024554312229","0","9","209","62","382","272","272","-1","0","210","1","71","0","1.96345400810242","0.449999988079071","0.0687779560685158","97","289","20460.0005577477","1023","20.000000545208","1.87764815641737","-0.0858058516850504","10"
"Mini_Simmons","45","2","10","0","0","0","0","-0.101961731910706","0","181.645004272461","9.7050724029541","514.714172363281","0","318.525329589844","0","0","0","534.517517089844","497.524841308594","0","497.524841308594","280.397277832031","422.68896484375","0","0.0137046556919813","0.265935748815536","0","0","704.498901367188","0","14.8949546813965","0.0593964196741581","0","9","215","65","381","275","275","-1","0","216","0","74","0","2.87893486022949","0.466666668653488","0.0687779560685158","76","289","20460.0016325907","1023","20.0000015958853","2.95397261163913","0.0750377514096399","10"
"Mini_Simmons","45","3","0","0","0","0","0","0.962441742420197","0","4.21554279327393","136.159439086914","0","0","514.905151367188","0","0","0","166.882171630859","37.3062705993652","0","37.3062705993652","64.3168792724609","508.468017578125","0","0.00314354267902672","0.00622575171291828","0","0","139.928314208984","0","0.164659470319748","0.155643284320831","0","9","81","1","399","216","216","-1","0","82","0","15","0","27.7371768951416","0.0666666701436043","0.103166937828064","6","386","20459.9987465016","1023","19.9999987746838","30.3264284827663","2.58925158762467","10"
"Mini_Simmons","45","3","1","0","0","0","0","0.645412802696228","0","4.79663276672363","123.88264465332","0","0","514.67041015625","0","0","0","500.332641601563","14.5675830841064","0","14.5675830841064","67.8804321289063","508.241729736328","0","0.00331771420314908","0.00728863710537553","0","0","128.240600585938","0","0.192865803837776","0.157689288258553","0","9","86","3","399","218","218","-1","0","87","0","17","0","25.7541046142578","0.0833333358168602","0.103166937828064","8","384","20459.9998590825","1023","19.9999998622507","27.0771543424368","1.32304972817901","10"
"Mini_Simmons","45","3","2","0","0","0","0","0.77360588312149","0","12.4628105163574","70.5528335571289","0","0","505.793365478516","0","0","0","1590.56555175781","10.8034791946411","0","10.8034791946411","99.373046875","505.654541015625","0","0.00485694222152233","0.0171836409717798","0","0","82.5734710693359","0","0.555721282958984","0.0983399450778961","0","9","91","4","398","219","219","-1","0","92","0","18","0","16.4132347106934","0.100000001490116","0.103166937828064","11","370","20460.0018576818","1023","20.0000018159157","16.4183796812581","0.00514497056474639","10"
"Mini_Simmons","45","3","3","0","0","0","0","0.826150357723236","0","24.9763259887695","47.7521667480469","0","0","496.476257324219","0","0","0","480.037506103516","69.8880920410156","0","69.8880920410156","135.417282104492","502.952697753906","0","0.00661863572895527","0.0335489064455032","0","0","72.2926406860352","0","1.26463901996613","0.080100990831852","0","9","109","11","396","226","226","-1","0","110","0","25","0","11.6511087417603","0.150000005960464","0.103166937828064","19","352","20459.9992581655","1023","19.999999274844","11.3781332900131","-0.272975451747184","10"
"Mini_Simmons","45","3","4","0","0","0","0","0.805432021617889","0","53.2597999572754","30.2035713195801","0","0","473.538391113281","0","0","0","434.126678466797","168.159286499023","0","168.159286499023","191.322784423828","499.065124511719","0","0.00935106445103884","0.0730024352669716","0","0","83.0520858764648","0","3.25952792167664","0.0510884933173656","0","9","129","20","394","235","235","-1","0","130","0","34","0","7.89490652084351","0.200000002980232","0.103166937828064","33","335","20460.0006154993","1023","20.0000006016611","7.35937934906318","-0.535527171780322","10"
"Mini_Simmons","45","3","5","0","0","0","0","0.718421041965485","0","60.1468544006348","28.4116554260254","0","0","467.590087890625","0","0","0","425.462646484375","192.760147094727","0","192.760147094727","200.650619506836","498.394073486328","0","0.00980697199702263","0.0820122361183167","0","0","88.1523208618164","0","3.83747792243958","0.0586941316723824","0","9","147","28","393","243","243","-1","0","148","0","42","0","7.21175098419189","0.25","0.103166937828064","39","324","20459.9971905449","1023","19.9999972537096","6.86782726602994","-0.343923718161952","10"
"Mini_Simmons","45","3","6","0","0","0","0","0.302788615226746","0","124.704277038574","16.2494144439697","0","0","406.954162597656","0","0","0","542.961547851563","332.53662109375","0","332.53662109375","269.352874755859","494.174865722656","0","0.0131648536771536","0.180554583668709","0","0","140.610458374023","0","9.62545013427734","0.0423430241644382","0","9","166","37","391","252","252","-1","0","167","0","51","0","4.5481219291687","0.300000011920929","0.103166937828064","57","299","20459.9976088832","1023","19.9999976626424","4.18134188466514","-0.366780044503564","10"
"Mini_Simmons","45","3","7","0","0","0","0","0.141619339585304","0","159.615539550781","12.8858461380005","154.823745727539","0","364.410736083984","0","0","0","560.384460449219","419.363098144531","0","419.363098144531","285.538757324219","477.216369628906","0","0.0139559507369995","0.235004559159279","0","0","326.810638427734","0","13.0177593231201","0.0434875823557377","0","9","185","46","391","261","261","-1","0","186","0","60","0","3.67814612388611","0.349999994039536","0.103166937828064","68","292","20460.0003758403","1023","20.0000003673903","3.40456292025504","-0.273583203631067","10"
"Mini_Simmons","45","3","8","0","0","0","0","0.057557225227356","0","146.106094360352","12.1604070663452","494.61181640625","0","359.504364013672","0","0","0","492.254486083984","426.793029785156","0","426.793029785156","274.737457275391","436.160858154297","0","0.013428027741611","0.210090786218643","0","0","651.643310546875","0","11.493501663208","0.0610170438885689","0","9","203","54","388","269","269","-1","0","204","0","68","0","4.08987140655518","0.400000005960464","0.103166937828064","70","292","20460.0007210314","1023","20.0000007048205","3.66457825324873","-0.425293153306442","10"
"Mini_Simmons","45","3","9","0","0","0","0","0.0139191821217537","0","104.591163635254","18.7879657745361","283.407745361328","0","407.046508789063","0","0","0","346.427642822266","420.462982177734","0","420.462982177734","242.896499633789","451.717590332031","0","0.0118717737495899","0.145660012960434","0","0","405.579040527344","0","7.58559036254883","0.0772652924060822","0","9","222","64","389","279","279","-1","0","223","0","78","0","4.85606050491333","0.449999988079071","0.103166937828064","71","303","20460.0007342777","1023","20.0000007177691","4.67498191723048","-0.181078587682854","10"
"Mini_Simmons","45","3","10","0","0","0","0","-0.106699250638485","0","78.573486328125","19.3837947845459","525.694763183594","0","405.553802490234","0","0","0","239.58415222168","450.537841796875","0","450.537841796875","215.302612304688","402.603637695313","0","0.0105230994522572","0.107941724359989","0","0","621.123413085938","0","5.41993427276611","0.112089887261391","0","9","241","73","387","288","288","-1","0","242","0","87","0","5.77101707458496","0.5","0.103166937828064","73","306","20459.9997635208","1023","19.9999997688376","5.59457733350114","-0.176439741083823","10"
"Mini_Simmons","45","3","11","0","0","0","0","-0.337767511606216","0","130.430389404297","13.5891809463501","515.431213378906","0","363.178344726563","0","0","0","351.570831298828","524.810241699219","0","524.810241699219","257.202209472656","409.887329101563","0","0.0125709790736437","0.184507980942726","0","0","657.317016601563","0","9.871337890625","0.0813251808285713","0","9","247","76","387","291","291","-1","0","248","0","90","0","3.60192513465881","0.516666650772095","0.103166937828064","81","304","20459.9982201789","1023","19.9999982601944","3.9067279797608","0.30480284510199","10"
"Mini_Simmons","45","4","0","0","0","0","0","1.56949579715729","0","3.59251117706299","126.438301086426","0","0","526.672546386719","0","0","0","51.7118911743164","93.9359893798828","0","93.9359893798828","70.3159103393555","509.351898193359","0","0.00343675026670098","0.00485760765150189","0","0","129.712692260742","0","0.129477307200432","0.256243705749512","0","9","147","3","399","243","243","-1","0","148","0","42","0","24.4629344940186","0.216666668653488","0.137555912137032","28","373","20459.9999658553","1023","19.999999966623","45.0317514025758","20.5688169085572","10"
"Mini_Simmons","45","4","1","0","0","0","0","0.217218846082687","0","14.9798412322998","65.9973449707031","0","0","506.291137695313","0","0","0","142.307678222656","134.61164855957","0","134.61164855957","109.312446594238","505.309478759766","0","0.00534273963421583","0.0191562715917826","0","0","80.5595016479492","0","0.686332046985626","0.132304191589355","0","9","154","6","399","246","246","-1","0","155","0","45","0","13.3483953475952","0.233333334326744","0.137555912137032","34","356","20459.9988167461","1023","19.999998843349","16.194737432644","2.84634208504874","10"
"Mini_Simmons","45","4","2","0","0","0","0","1.0231146812439","0","8.32045459747314","87.9737777709961","0","0","514.638854980469","0","0","0","81.7923812866211","130.858413696289","0","130.858413696289","89.7346343994141","507.391448974609","0","0.00438585691154003","0.0107032209634781","0","0","95.9166030883789","0","0.350799977779388","0.180536419153214","0","9","160","9","399","249","249","-1","0","161","0","48","0","16.9493999481201","0.25","0.137555912137032","35","363","20460.0004535727","1023","20.0000004433751","24.1903752496849","7.24097530156481","10"
"Mini_Simmons","45","4","3","0","0","0","0","-0.0994107127189636","0","36.658374786377","40.1339950561523","0","0","488.104461669922","0","0","0","221.949569702148","213.941192626953","0","213.941192626953","159.543670654297","501.230285644531","0","0.00779783353209496","0.0474841520190239","0","0","76.3660049438477","0","2.05437922477722","0.090711884200573","0","9","179","18","397","258","258","-1","0","180","0","57","0","8.89835071563721","0.300000011920929","0.137555912137032","48","338","20459.9995623956","1023","19.9999995722343","9.45190794339101","0.553557227753805","10"
"Mini_Simmons","45","4","4","0","0","0","0","-0.507304489612579","0","4.00545787811279","211.469604492188","0","0","526.974365234375","0","0","0","12.9093399047852","210.991088867188","0","210.991088867188","70.8133697509766","508.963623046875","0","0.00346106383949518","0.00272375554777682","0","0","215.026184082031","0","0.0797977223992348","0.256151229143143","0","9","198","27","397","267","267","-1","0","199","0","66","0","20.8409595489502","0.349999994039536","0.137555912137032","33","374","20460.0010386706","1023","20.0000010153182","NaN","NaN","10"
"Mini_Simmons","45","4","5","0","0","0","0","0.0868727788329124","0","55.890811920166","31.1535892486572","0","0","472.234252929688","0","0","0","212.272705078125","347.283569335938","0","347.283569335938","191.989883422852","498.913665771484","0","0.00938367005437613","0.073718823492527","0","0","86.6305770874023","0","3.53151440620422","0.0947676822543144","0","9","217","36","395","276","276","-1","0","218","0","75","0","6.70079946517944","0.400000005960464","0.137555912137032","64","316","20459.9993723475","1023","19.9999993864589","7.31302056869045","0.612221103511008","10"
"Mini_Simmons","45","4","6","0","0","0","0","-0.102598771452904","0","58.7619934082031","29.7379322052002","0","0","469.552276611328","0","0","0","199.131332397461","395.602569580078","0","395.602569580078","196.816925048828","498.590850830078","0","0.00961959641426802","0.0787768661975861","0","0","88.0873336791992","0","3.81120538711548","0.101259216666222","0","9","235","45","395","285","285","-1","0","236","0","84","0","6.20290184020996","0.449999988079071","0.137555912137032","71","314","20459.9981717429","1023","19.9999982128474","7.0140046379068","0.811102797696838","10"
"Mini_Simmons","45","4","7","0","0","0","0","-0.241321116685867","0","70.7294464111328","26.0844058990479","127.540336608887","0","449.433990478516","0","0","0","206.611923217773","463.380126953125","0","463.380126953125","209.620697021484","477.526947021484","0","0.0102453902363777","0.0957398563623428","0","0","223.556259155273","0","4.74099636077881","0.0978514924645424","0","9","253","54","393","294","294","-1","0","254","0","93","0","5.80812549591064","0.5","0.137555912137032","81","319","20460.0012478974","1023","20.0000012198411","6.14314491023229","0.335019414321646","10"
"Mini_Simmons","45","4","8","0","0","0","0","-0.516701638698578","0","60.4957122802734","28.0744018554688","242.882049560547","0","445.849304199219","0","0","0","158.816787719727","516.842956542969","0","516.842956542969","193.808349609375","454.094543457031","0","0.0094725489616394","0.0820833370089531","0","0","330.009582519531","0","4.03238964080811","0.119322203099728","0","9","271","64","394","304","304","-1","0","272","0","103","0","6.07026386260986","0.550000011920929","0.137555912137032","86","324","20459.9997734752","1023","19.9999997785681","6.62678954412843","0.556525681518569","10"
"Mini_Simmons","45","4","9","0","0","0","0","-0.878546059131622","0","75.918212890625","19.2597332000732","572.053161621094","0","397.673522949219","0","0","0","172.448394775391","606.5927734375","0","606.5927734375","209.803207397461","381.868316650391","0","0.01025431137532","0.104605950415134","0","0","663.856689453125","0","5.25220394134521","0.129874169826508","0","9","289","74","393","314","314","-1","0","290","0","113","0","5.19647216796875","0.600000023841858","0.137555912137032","87","327","20459.9996741287","1023","19.9999996814553","5.62562484044992","0.429152672481168","10"
"Mini_Simmons","45","4","10","0","0","0","0","-1.85382986068726","0","173.063888549805","11.908971786499","444.075317382813","0","328.507415771484","0","0","0","316.677062988281","797.356750488281","0","797.356750488281","260.765686035156","422.83740234375","0","0.0127451457083225","0.252504587173462","0","0","627.151916503906","0","13.9232444763184","0.0661182403564453","0","9","305","84","394","324","324","-1","0","306","0","123","0","1.94730913639069","0.649999976158142","0.137555912137032","115","331","20460.0003799782","1023","20.0000003714352","2.89322850907414","0.945919372683455","10"
"Mini_Simmons","5","0","0","0","0","0","0","3.07768273353577","0","5.08295583724976","116.914253234863","0","0","508.465209960938","0","0","0","253.399871826172","32.4916687011719","0","32.4916687011719","69.0225982666016","508.111236572266","0","0.00337353837676346","0.00823338516056538","0","0","121.567649841309","0","0.170222520828247","-0.00852390751242638","0","9","190","2","388","201","201","-1","0","191","0","0","0","26.2606525421143","0.0166666675359011","0","13","388","20460.0009124014","1023","20.000000891888","24.1884369623003","-2.07221557981391","10"
"Mini_Simmons","5","0","1","0","0","0","0","2.5607123374939","0","24.950891494751","47.9946556091309","0","0","496.785461425781","0","0","0","433.308959960938","80.9357299804688","0","80.9357299804688","134.489166259766","502.817291259766","0","0.00657327240332961","0.035070177167654","0","0","72.5004806518555","0","1.07233309745789","-0.0125227319076657","0","9","190","2","386","201","201","-1","0","191","0","0","0","12.7774600982666","0.0333333350718021","0","17","385","20460.0019606128","1023","20.0000019165325","10.8029547636757","-1.97450533459089","10"
"Mini_Simmons","5","0","2","0","0","0","0","2.06335759162903","0","32.7532501220703","40.6105613708496","0","0","491.472961425781","0","0","0","380.993927001953","121.290603637695","0","121.290603637695","153.757080078125","501.593994140625","0","0.00751500856131315","0.0462109819054604","0","0","72.9314041137695","0","1.55144512653351","-0.0244044102728367","0","9","190","2","385","201","201","-1","0","191","0","0","0","11.1512250900269","0.0500000007450581","0","20","384","20460.0006538459","1023","20.0000006391456","9.35922746849246","-1.7919976215344","10"
"Mini_Simmons","5","0","3","0","0","0","0","1.65470457077026","0","72.5808181762695","23.2757301330566","0","0","456.825592041016","0","0","0","388.610748291016","283.861358642578","0","283.861358642578","227.157638549805","497.528930664063","0","0.0111025236546993","0.110311582684517","0","0","95.4847412109375","0","4.7895073890686","-0.0109603404998779","0","9","192","3","381","202","202","-1","0","193","0","1","0","7.21883964538574","0.100000001490116","0","38","367","20460.0004120375","1023","20.0000004027737","5.77642598380817","-1.44241366157758","10"
"Mini_Simmons","5","0","4","0","0","0","0","1.34331786632538","0","112.17276763916","15.7517433166504","0","0","414.715698242188","0","0","0","437.971740722656","406.923583984375","0","406.923583984375","274.985931396484","495.231750488281","0","0.0134401740506291","0.17822103202343","0","0","127.603164672852","0","8.86953544616699","-0.00753844575956464","0","9","194","4","373","203","203","-1","0","195","0","2","0","5.5205225944519","0.150000005960464","0","56","350","20459.9977917408","1023","19.9999978413889","4.32494992090414","-1.19557267354777","10"
"Mini_Simmons","5","0","5","0","0","0","0","1.09755563735962","0","154.514984130859","10.7923288345337","0","0","363.578002929688","0","0","0","446.312103271484","569.863891601563","0","569.863891601563","307.62060546875","493.905548095703","0","0.0150352194905281","0.254337161779404","0","0","165.036285400391","0","13.8986778259277","-0.00655086478218436","0","9","194","4","362","203","203","-1","0","195","0","2","0","4.47356700897217","0.200000002980232","0","75","333","20460.0009772085","1023","20.0000009552381","3.38903360110071","-1.08453340787145","10"
"Mini_Simmons","5","0","6","0","0","0","0","1.00816404819489","0","204.467224121094","6.93473100662231","0","0","300.612548828125","0","0","0","471.427764892578","735.172546386719","0","735.172546386719","326.892211914063","493.378967285156","0","0.0159771386533976","0.346580773591995","0","0","211.185150146484","0","20.1460971832275","-0.00402935268357396","0","9","196","5","354","204","204","-1","0","197","0","3","0","3.60905265808105","0.25","0","95","312","20459.9971875783","1023","19.9999972508097","2.64223318169081","-0.96681947639024","10"
"Mini_Simmons","5","0","7","0","0","0","0","0.862768054008484","0","245.189727783203","4.68258619308472","0","0","247.10124206543","0","0","0","473.880340576172","898.711608886719","0","898.711608886719","327.760070800781","493.726135253906","0","0.0160195529460907","0.425881773233414","0","0","249.697692871094","0","25.4953842163086","-0.00282848021015525","0","9","196","5","343","204","204","-1","0","197","0","3","0","3.00008630752563","0.300000011920929","0","112","295","20460.0010938985","1023","20.0000010693045","2.15569069634116","-0.844395611184479","10"
"Mini_Simmons","5","0","8","0","0","0","0","0.71451997756958","0","293.562957763672","2.9048330783844","0","0","188.351974487305","0","0","0","505.381103515625","1024.30541992188","0","1024.30541992188","314.048950195313","494.845520019531","0","0.0153494086116552","0.517664611339569","0","0","296.336730957031","0","31.4051246643066","-0.00031195703195408","0","9","198","6","335","205","205","-1","0","199","0","4","0","2.24244666099548","0.349999994039536","0","130","274","20460.0032575096","1023","20.0000031842714","1.6991411927385","-0.543305468256987","10"
"Mini_Simmons","5","0","9","0","0","0","0","0.552491068840027","0","308.216674804688","2.49826383590698","0","0","170.82878112793","0","0","0","495.225494384766","1106.31323242188","0","1106.31323242188","305.600250244141","495.404113769531","0","0.0149364732205868","0.547874510288239","0","0","310.596466064453","0","33.1791763305664","-0.00379165378399193","0","9","198","6","331","205","205","-1","0","199","0","4","0","1.98282444477081","0.366666674613953","0","137","268","20460.0005457068","1023","20.0000005334377","1.56222437095642","-0.420600073814392","10"
"Mini_Simmons","5","1","0","0","0","0","0","3.28764986991882","0","1.90460765361786","281.487640380859","0","0","537.847778320313","0","0","0","256.330871582031","15.7309675216675","0","15.7309675216675","54.0373420715332","535.794921875","0","0.00264112115837634","0.00403233291581273","0","0","282.895721435547","0","0.0693859905004501","0.0739613398909569","0","9","199","0","393","206","206","-1","0","200","1","5","0","45","0.0166666675359011","0.0343889780342579","12","393","20460.0012006845","1023","20.0000011736897","40.9185836665333","-4.0814163334667","10"
"Mini_Simmons","5","1","1","0","0","0","0","2.66586136817932","0","11.0169372558594","76.9881744384766","0","0","505.705688476563","0","0","0","381.927795410156","40.7785568237305","0","40.7785568237305","92.4623107910156","505.923706054688","0","0.00451917480677366","0.0155744627118111","0","0","87.5472259521484","0","0.397078394889832","0.0498951375484467","0","9","201","1","392","207","207","-1","0","202","0","6","0","18.8938655853271","0.0333333350718021","0.0343889780342579","18","392","20459.9987264105","1023","19.9999987550445","16.8678744563768","-2.02599112895038","10"
"Mini_Simmons","5","1","2","0","0","0","0","1.91089034080505","0","25.9771404266357","46.7524337768555","0","0","496.612213134766","0","0","0","291.357543945313","122.962127685547","0","122.962127685547","137.742523193359","502.691070556641","0","0.00673228409141302","0.0358259417116642","0","0","72.2893371582031","0","1.14805901050568","0.0526737794280052","0","9","201","1","391","207","207","-1","0","202","0","6","0","12.4752807617188","0.0500000007450581","0.0343889780342579","21","385","20459.9986160787","1023","19.9999986471933","10.8312154544703","-1.64406530724848","10"
"Mini_Simmons","5","1","3","0","0","0","0","1.60172116756439","0","67.5918807983398","24.7261371612549","0","0","462.4130859375","0","0","0","407.463012695313","246.284423828125","0","246.284423828125","219.537612915039","497.916961669922","0","0.0107300877571106","0.100351795554161","0","0","91.938232421875","0","4.31307744979858","0.0526041649281979","0","9","201","1","386","207","207","-1","0","202","0","6","0","7.53274393081665","0.100000001490116","0.0343889780342579","26","358","20460.001622033","1023","20.000001585565","6.13806948150037","-1.39467444931628","10"
"Mini_Simmons","5","1","4","0","0","0","0","1.21574294567108","0","103.54337310791","17.1770076751709","0","0","425.140319824219","0","0","0","387.166595458984","412.242309570313","0","412.242309570313","265.498321533203","495.614776611328","0","0.0129764592275023","0.159606456756592","0","0","120.386260986328","0","7.92385482788086","0.059581495821476","0","9","203","2","378","208","208","-1","0","204","0","7","0","5.83355140686035","0.150000005960464","0.0343889780342579","33","333","20459.9973597193","1023","19.9999974190804","4.6634574605648","-1.17009394629556","10"
"Mini_Simmons","5","1","5","0","0","0","0","1.10481607913971","0","148.944061279297","11.5143671035767","0","0","372.782897949219","0","0","0","445.443939208984","535.644165039063","0","535.644165039063","303.649932861328","493.923767089844","0","0.0148411495611072","0.238599449396133","0","0","160.176712036133","0","13.0283174514771","0.0501641146838665","0","9","203","2","367","208","208","-1","0","204","0","7","0","4.58424091339111","0.200000002980232","0.0343889780342579","47","309","20460.0008652346","1023","20.0000008457816","3.56616296580986","-1.01807794758125","10"
"Mini_Simmons","5","1","6","0","0","0","0","1.00019645690918","0","188.352172851563","8.27986717224121","0","0","324.262054443359","0","0","0","441.459503173828","701.45947265625","0","701.45947265625","321.646209716797","493.34375","0","0.0157207325100899","0.309665948152542","0","0","196.393127441406","0","17.8362903594971","0.0549363866448402","0","9","205","3","359","209","209","-1","0","206","0","8","0","3.78656244277954","0.25","0.0343889780342579","56","286","20460.0014350704","1023","20.0000014028059","2.90997113458371","-0.876591308195835","10"
"Mini_Simmons","5","1","7","0","0","0","0","0.971905529499054","0","212.525741577148","6.86742639541626","0","0","292.383148193359","0","0","0","457.775024414063","783.7021484375","0","783.7021484375","323.517700195313","493.496551513672","0","0.0158122051507235","0.358759254217148","0","0","219.180191040039","0","21.0314140319824","0.0640186369419098","0","9","205","3","348","209","209","-1","0","206","0","8","0","3.3169538974762","0.300000011920929","0.0343889780342579","61","271","20459.9989129606","1023","19.9999989374004","2.52611227805649","-0.790841619419711","10"
"Mini_Simmons","5","1","8","0","0","0","0","0.859497964382172","0","248.888336181641","5.37669897079468","0","0","247.862670898438","0","0","0","469.812347412109","908.137634277344","0","908.137634277344","317.258880615234","494.251922607422","0","0.015506299212575","0.426654249429703","0","0","254.087921142578","0","25.503849029541","0.0686862394213676","0","9","207","4","340","210","210","-1","0","208","0","9","0","2.66948127746582","0.349999994039536","0.0343889780342579","72","254","20459.9999178367","1023","19.9999999196839","2.08281332324768","-0.586667954218139","10"
"Mini_Simmons","5","1","9","0","0","0","0","0.773721218109131","0","272.863128662109","4.74953269958496","0","0","217.669525146484","0","0","0","478.611328125","990.307495117188","0","990.307495117188","301.373748779297","495.361755371094","0","0.0147299002856016","0.473972380161285","0","0","277.458557128906","0","28.5699310302734","0.074668250977993","0","9","207","4","329","210","210","-1","0","208","0","9","0","2.22770142555237","0.400000005960464","0.0343889780342579","82","246","20459.9992488671","1023","19.9999992657548","1.78089917370847","-0.4468022518439","10"
"Mini_Simmons","5","1","10","0","0","0","0","-0.648814737796783","0","347.671783447266","2.77754831314087","-16.0181503295898","0","172.194595336914","0","0","0","423.206512451172","1484.02856445313","0","1484.02856445313","173.940856933594","526.734680175781","0","0.00850150920450687","0.628050565719604","0","0","366.350769042969","0","35.8874244689941","0.106764033436775","0","5","209","5","321","211","211","-1","0","210","0","10","0","0.0057295779697597","0.449999988079071","0.0343889780342579","71","214","20459.9974839036","1023","19.9999975404727","0.775599147483116","0.769869569513356","10"
"Mini_Simmons","5","2","0","0","0","0","0","2.28145885467529","0","7.02679872512817","106.789688110352","0","0","521.525634765625","0","0","0","219.20393371582","45.2070388793945","0","45.2070388793945","76.3465881347656","507.177520751953","0","0.00373150478117168","0.00990956090390682","0","0","113.324584960938","0","0.255571246147156","0.235557720065117","0","9","208","0","395","210","210","-1","0","209","0","9","0","23.5686779022217","0.0333333350718021","0.0687779560685158","10","392","20460.0000836105","1023","20.0000000817307","22.1205172153166","-1.44816068690507","10"
"Mini_Simmons","5","2","1","0","0","0","0","2.10569524765015","0","14.0051784515381","68.4544219970703","0","0","510.747741699219","0","0","0","225.939117431641","86.3198471069336","0","86.3198471069336","103.745132446289","505.182281494141","0","0.00507063185796142","0.0195030309259892","0","0","81.9981384277344","0","0.579170763492584","0.175770133733749","0","9","208","0","394","210","210","-1","0","209","0","9","0","16.7102928161621","0.0500000007450581","0.0687779560685158","14","386","20460.0009135742","1023","20.0000008930344","15.0695876468839","-1.64070516927825","10"
"Mini_Simmons","5","2","2","0","0","0","0","1.5264059305191","0","41.2234725952148","35.0106353759766","0","0","488.634368896484","0","0","0","234.319412231445","252.318710327148","0","252.318710327148","175.297317504883","500.765075683594","0","0.00856780633330345","0.0591231733560562","0","0","75.8243026733398","0","2.39715170860291","0.159588992595673","0","9","209","1","390","211","211","-1","0","210","0","10","0","9.59714412689209","0.100000001490116","0.0687779560685158","19","356","20459.999991304","1023","19.9999999914995","8.33232951558151","-1.26481461131058","10"
"Mini_Simmons","5","2","3","0","0","0","0","1.26927328109741","0","72.3649291992188","23.443733215332","0","0","458.576416015625","0","0","0","284.350006103516","377.355072021484","0","377.355072021484","227.912170410156","497.768341064453","0","0.0111394021660089","0.107300914824009","0","0","95.4395904541016","0","5.07006883621216","0.139803111553192","0","9","211","2","382","213","212","-1","0","212","0","11","0","7.1265549659729","0.150000005960464","0.0687779560685158","23","330","20460.0001879466","1023","20.0000001837211","5.95887510575505","-1.16767986021785","10"
"Mini_Simmons","5","2","4","0","0","0","0","1.15065789222717","0","98.8309631347656","17.9670162200928","0","0","430.303588867188","0","0","0","326.608123779297","459.382751464844","0","459.382751464844","261.203491210938","496.113098144531","0","0.0127665437757969","0.15003813803196","0","0","116.462051391602","0","7.76156949996948","0.137135118246078","0","9","211","2","371","213","212","-1","0","212","0","11","0","5.89060401916504","0.200000002980232","0.0687779560685158","24","306","20460.0004353671","1023","20.0000004255788","4.88112303714907","-1.00948098201597","10"
"Mini_Simmons","5","2","5","0","0","0","0","1.01484954357147","0","132.911987304688","13.3843803405762","0","0","391.088653564453","0","0","0","334.807006835938","624.955444335938","0","624.955444335938","291.652587890625","494.722961425781","0","0.0142547683790326","0.209239453077316","0","0","145.999771118164","0","11.5204315185547","0.128860652446747","0","9","213","3","363","216","213","-1","0","215","0","12","0","4.76839876174927","0.25","0.0687779560685158","27","283","20460.0018839743","1023","20.0000018416171","3.90639108300618","-0.862007678743085","10"
"Mini_Simmons","5","2","6","0","0","0","0","0.963820278644562","0","167.314376831055","10.1548080444336","0","0","349.555511474609","0","0","0","384.491088867188","706.624877929688","0","706.624877929688","310.846282958984","493.877593994141","0","0.0151928784325719","0.271690964698792","0","0","177.209030151367","0","15.4896478652954","0.106099002063274","0","9","213","3","352","216","213","-1","0","215","0","12","0","3.99376177787781","0.300000011920929","0.0687779560685158","32","272","20459.999356841","1023","19.9999993713011","3.20563516566136","-0.788126612216448","10"
"Mini_Simmons","5","2","7","0","0","0","0","0.793957471847534","0","224.805480957031","6.66563034057617","0","0","279.920562744141","0","0","0","412.457214355469","913.428100585938","0","913.428100585938","320.785308837891","493.858245849609","0","0.0156786553561687","0.376750022172928","0","0","231.269058227539","0","22.3258075714111","0.0822165980935097","0","9","214","4","344","218","214","-1","0","217","0","13","0","2.98373603820801","0.349999994039536","0.0687779560685158","58","259","20460.0012916081","1023","20.000001262569","2.38508361607082","-0.598652422137191","10"
"Mini_Simmons","5","2","8","0","0","0","0","0.721108078956604","0","224.033294677734","7.66112518310547","0","0","281.999176025391","0","0","0","391.427368164063","959.37646484375","0","959.37646484375","309.559814453125","494.685424804688","0","0.0151300011202693","0.375526189804077","0","0","231.49235534668","0","22.2538928985596","0.115805454552174","0","9","215","5","334","219","215","-1","0","218","0","14","0","2.69479894638062","0.400000005960464","0.0687779560685158","45","247","20459.9994403447","1023","19.9999994529274","2.30907964313619","-0.385719303244424","10"
"Mini_Simmons","5","2","9","0","0","0","0","0.666292667388916","0","227.630340576172","7.58588266372681","0","0","277.963073730469","0","0","0","382.836212158203","997.737915039063","0","997.737915039063","307.389556884766","494.854248046875","0","0.0150239281356335","0.381970226764679","0","0","235.017608642578","0","22.658576965332","0.114799186587334","0","9","215","5","331","220","215","-1","0","219","0","14","0","2.59591698646545","0.416666686534882","0.0687779560685158","45","245","20459.9991500029","1023","19.9999991691133","2.25418049160821","-0.341736494857248","10"
"Mini_Simmons","5","2","10","0","0","0","0","0.723069727420807","0","200.645156860352","10.6267957687378","0","0","312.065734863281","0","0","0","349.457733154297","957.623901367188","0","957.623901367188","294.256774902344","495.631683349609","0","0.0143820531666279","0.334649085998535","0","0","211.048156738281","0","19.512939453125","0.159783020615578","0","9","215","5","328","220","215","-1","0","219","0","14","0","2.67694807052612","0.433333367109299","0.0687779560685158","30","241","20459.9977133402","1023","19.9999977647509","2.46313190321308","-0.213816167313038","10"
"Mini_Simmons","5","3","0","0","0","0","0","1.42520201206207","0","4.57791805267334","287.046569824219","0","0","739.5263671875","0","0","0","56.4250717163086","114.995239257813","0","114.995239257813","78.5105667114258","508.563262939453","0","0.00383727136068046","0.00648861471563578","0","0","290.787170410156","0","0.166292488574982","0.8122239112854","0","9","215","0","398","220","215","-1","0","219","0","14","0","36.7076950073242","0.0666666701436043","0.103166937828064","5","384","20459.9986114882","1023","19.999998642706","36.2553756464606","-0.452319360863655","10"
"Mini_Simmons","5","3","1","0","0","0","0","1.33756029605865","0","5.1128454208374","246.328811645508","0","0","722.49267578125","0","0","0","49.8613014221191","140.790451049805","0","140.790451049805","80.1372756958008","508.360717773438","0","0.00391677767038345","0.00701999478042126","0","0","250.655151367188","0","0.187742799520493","0.790251970291138","0","9","216","1","397","221","216","-1","0","220","0","15","0","33.6867713928223","0.0833333358168602","0.103166937828064","6","383","20460.0011641599","1023","20.0000011379862","33.9138634769679","0.227092084145603","10"
"Mini_Simmons","5","3","2","0","0","0","0","1.23002982139587","0","10.127984046936","111.049926757813","0","0","613.011352539063","0","0","0","75.7830810546875","180.240463256836","0","180.240463256836","97.8971786499023","506.661682128906","0","0.00478480802848935","0.0136591773480177","0","0","120.603477478027","0","0.434923470020294","0.602518439292908","0","9","216","1","395","221","216","-1","0","220","0","15","0","20.7671756744385","0.100000001490116","0.103166937828064","7","369","20460.0013348519","1023","20.0000013048406","20.5056570498729","-0.261518624565529","10"
"Mini_Simmons","5","3","3","0","0","0","0","1.27148401737213","0","28.5496807098389","48.2614555358887","0","0","529.458740234375","0","0","0","136.823150634766","298.117645263672","0","298.117645263672","151.413101196289","502.805358886719","0","0.00740044470876455","0.040789395570755","0","0","76.3575744628906","0","1.64019584655762","0.383283764123917","0","9","216","1","386","222","216","-1","0","221","0","15","0","11.5292205810547","0.150000005960464","0.103166937828064","11","338","20460.0003317323","1023","20.000000324274","10.4530996062502","-1.07612097480447","10"
"Mini_Simmons","5","3","4","0","0","0","0","1.11135172843933","0","53.7572555541992","30.1929912567139","0","0","488.562866210938","0","0","0","174.541229248047","449.450744628906","0","449.450744628906","202.122772216797","499.68115234375","0","0.0098789231851697","0.0784476846456528","0","0","83.5519638061523","0","3.66947770118713","0.283104598522186","0","9","218","3","377","224","218","-1","0","223","0","17","0","8.17515468597412","0.200000002980232","0.103166937828064","17","316","20460.0003895389","1023","20.0000003807809","7.23446980051735","-0.940684885456771","10"
"Mini_Simmons","5","3","5","0","0","0","0","1.03843641281128","0","68.2998580932617","25.3653831481934","12.123514175415","0","472.900115966797","0","0","0","185.547668457031","545.600708007813","0","545.600708007813","225.687606811523","496.961059570313","0","0.011030675843358","0.101234935224056","0","0","105.384620666504","0","5.06871604919434","0.285843253135681","0","9","220","5","370","227","220","-1","0","226","0","19","0","7.06424760818481","0.25","0.103166937828064","19","298","20459.9981013328","1023","19.9999981440204","6.25543414349874","-0.808813464686072","10"
"Mini_Simmons","5","3","6","0","0","0","0","0.985931634902954","0","83.0383911132813","21.8827648162842","11.5196304321289","0","456.486114501953","0","0","0","200.310562133789","633.843505859375","0","633.843505859375","245.887100219727","496.403778076172","0","0.0120179411023855","0.126965537667274","0","0","116.067268371582","0","6.66373777389526","0.28998589515686","0","9","222","7","361","230","222","-1","0","229","0","21","0","6.11638832092285","0.300000011920929","0.103166937828064","21","281","20460.0021022668","1023","20.0000020550018","5.43147102508706","-0.684917295835793","10"
"Mini_Simmons","5","3","7","0","0","0","0","0.94568395614624","0","89.9508819580078","21.1630668640137","0","0","453.784332275391","0","0","0","202.554336547852","686.2099609375","0","686.2099609375","255.524765014648","497.4775390625","0","0.0124889919534326","0.138994798064232","0","0","110.766555786133","0","7.44562196731567","0.324391782283783","0","9","225","10","355","233","225","-1","0","232","0","24","0","5.60013961791992","0.349999994039536","0.103166937828064","22","270","20459.9991710635","1023","19.9999991897004","5.15510560079515","-0.445034017124775","10"
"Mini_Simmons","5","3","8","0","0","0","0","0.943086385726929","0","79.9006042480469","24.7810573577881","0","0","480.71728515625","0","0","0","172.969436645508","699.385986328125","0","699.385986328125","247.140808105469","498.431915283203","0","0.0120792193338275","0.120972402393818","0","0","104.313400268555","0","6.46079874038696","0.412074714899063","0","9","228","13","347","237","228","-1","0","236","0","27","0","5.87037801742554","0.400000005960464","0.103166937828064","21","267","20459.9983885845","1023","19.9999984248137","5.73059246937391","-0.139785548051623","10"
"Mini_Simmons","5","3","9","0","0","0","0","0.732596933841705","0","117.159362792969","18.3601036071777","11.0076036453247","0","417.538787841797","0","0","0","208.870697021484","888.684020996094","0","888.684020996094","272.940643310547","496.486083984375","0","0.0133402068167925","0.185620054602623","0","0","146.218063354492","0","10.3374853134155","0.285820871591568","0","8","231","16","341","240","231","-1","0","239","0","30","0","4.07994890213013","0.449999988079071","0.103166937828064","29","258","20460.0008874654","1023","20.0000008675127","4.12130614996522","0.0413572478350916","10"
"Mini_Simmons","5","4","0","0","0","0","0","1.19365167617798","0","8.41829872131348","348.396026611328","0","0","1090.24731445313","0","0","0","29.3889350891113","374.446502685547","0","374.446502685547","124.193084716797","508.216796875","0","0.00607004342600703","0.0110045839101076","0","0","355.635223388672","0","0.369358122348785","1.08763742446899","0","9","241","1","397","252","241","-1","0","251","0","40","0","31.706298828125","0.216666668653488","0.137555912137032","27","354","20459.9993773839","1023","19.9999993913821","33.4763179261395","1.77001909801453","10"
"Mini_Simmons","5","4","1","0","0","0","0","1.19796931743622","0","6.88814496994019","782.381408691406","0","0","1390.30322265625","0","0","0","22.815221786499","390.526947021484","0","390.526947021484","139.159317016602","481.660614013672","0","0.00680153025314212","0.00890995934605598","0","0","787.335571289063","0","0.290585458278656","1.21798801422119","0","9","243","3","396","254","243","-1","0","253","0","42","0","45","0.233333334326744","0.137555912137032","28","355","20460.001181692","1023","20.0000011551241","49.7615493175654","4.76154931756537","10"
"Mini_Simmons","5","4","2","0","0","0","0","1.20607805252075","0","8.25984382629395","475.720153808594","0","0","1260.35021972656","0","0","0","26.8913822174072","397.718383789063","0","397.718383789063","135.011352539063","508.424682617188","0","0.00659879576414824","0.0106951966881752","0","0","482.526947021484","0","0.366806209087372","1.15712821483612","0","9","244","4","394","256","244","-1","0","255","0","43","0","35.4463272094727","0.25","0.137555912137032","29","350","20459.9986671189","1023","19.9999986970859","38.096429344814","2.65010213534135","10"
"Mini_Simmons","5","4","3","0","0","0","0","0.932735860347748","0","21.6702079772949","88.1032333374023","0","0","704.242980957031","0","0","0","58.8408851623535","513.224731445313","0","513.224731445313","151.906616210938","504.928619384766","0","0.00742456549778581","0.0301985964179039","0","0","109.147499084473","0","1.25486445426941","0.78941148519516","0","9","247","7","386","259","247","-1","0","258","0","46","0","14.50621509552","0.300000011920929","0.137555912137032","34","327","20460.0008251311","1023","20.0000008065798","14.2325420098384","-0.27367308568158","10"
"Mini_Simmons","5","4","4","0","0","0","0","0.869477391242981","0","43.0742835998535","44.4319839477539","0","0","579.433410644531","0","0","0","89.3395004272461","689.023620605469","0","689.023620605469","196.908828735352","501.752502441406","0","0.00962408818304539","0.0615570284426212","0","0","87.0310592651367","0","2.97764110565186","0.603453457355499","0","9","251","11","381","264","251","-1","0","263","0","50","0","9.08938503265381","0.349999994039536","0.137555912137032","40","307","20459.9983905221","1023","19.9999984267078","8.99476771454389","-0.0946173181099219","10"
"Mini_Simmons","5","4","5","0","0","0","0","0.984291732311249","0","16.4492130279541","200.323547363281","0","0","1064.78430175781","0","0","0","40.7175827026367","567.1689453125","0","567.1689453125","165.896118164063","506.923461914063","0","0.00810831412672997","0.0230937488377094","0","0","215.784072875977","0","0.982098460197449","1.08230233192444","0","9","255","15","374","269","255","-1","0","268","0","54","0","20.2938957214355","0.400000005960464","0.137555912137032","37","319","20460.0013728091","1023","20.0000013419444","20.5548732440562","0.260977522620603","10"
"Mini_Simmons","5","4","6","0","0","0","0","0.773111045360565","0","29.7173156738281","88.4514923095703","0","0","798.94921875","0","0","0","59.5028190612793","731.832336425781","0","731.832336425781","193.278991699219","504.581665039063","0","0.00944667775183916","0.0435460843145847","0","0","117.502136230469","0","2.04479122161865","0.913935244083405","0","9","259","19","369","274","259","-1","0","273","0","58","0","12.1850023269653","0.449999988079071","0.137555912137032","43","303","20459.996284047","1023","19.9999963675924","12.5290842086415","0.344081881676127","10"
"Mini_Simmons","5","4","7","0","0","0","0","0.848445177078247","0","20.2437877655029","262.54150390625","0","0","1379.07202148438","0","0","0","43.2795372009277","669.934020996094","0","669.934020996094","213.660385131836","507.23046875","0","0.0104428334161639","0.0289944335818291","0","0","281.556304931641","0","1.32099843025208","1.20252752304077","0","9","262","22","361","277","262","-1","0","276","0","61","0","19.7156391143799","0.5","0.137555912137032","30","304","20460.0012867314","1023","20.000001257802","21.1104417570684","1.39480264268853","10"
"Mini_Simmons","5","4","8","0","0","0","0","0.708836436271667","0","25.0299625396729","170.260192871094","0","0","1143.45971679688","0","0","0","48.2812309265137","759.735107421875","0","759.735107421875","215.569488525391","506.33154296875","0","0.0105361426249146","0.0366809442639351","0","0","194.327941894531","0","1.71024656295776","1.12589597702026","0","8","264","24","360","280","264","-1","0","279","0","63","0","15.2875680923462","0.516666650772095","0.137555912137032","34","300","20460.0009889423","1023","20.000000966708","16.6926401852872","1.40507209294099","10"
"Mini_Simmons","60","0","0","0","0","0","0","1.54084241390228","0","8.15547466278076","130.338287353516","0","0","616.587463378906","0","0","0","224.325088500977","54.5609741210938","0","54.5609741210938","88.3155059814453","507.143463134766","0","0.00431649619713426","0.0122393956407905","0","0","137.892501831055","0","0.255644619464874","-0.605112433433533","0","9","22","5","391","204","204","-1","0","23","0","3","0","23.3759727478027","0.0166666675359011","0","18","391","20459.998560888","1023","19.9999985932434","20.6508547425679","-2.72511800523482","10"
"Mini_Simmons","60","0","1","0","0","0","0","1.2253794670105","0","18.0094776153564","63.3876724243164","0","0","532.833068847656","0","0","0","297.721374511719","90.617057800293","0","90.617057800293","119.759658813477","504.462341308594","0","0.00585335539653897","0.0269786361604929","0","0","80.9207229614258","0","0.73671680688858","-0.347758442163467","0","9","28","9","393","208","208","-1","0","29","0","7","0","14.3327541351318","0.0333333350718021","0","23","393","20460.0012642815","1023","20.0000012358568","12.530695560909","-1.80205857422284","10"
"Mini_Simmons","60","0","2","0","0","0","0","0.863413989543915","0","34.2844848632813","41.6566886901855","0","0","517.148071289063","0","0","0","257.41455078125","208.276916503906","0","208.276916503906","165.705520629883","501.941009521484","0","0.00809899996966124","0.0536135099828243","0","0","75.5106430053711","0","1.72355449199677","-0.326828837394714","0","9","34","11","394","210","210","-1","0","35","4","9","0","9.94710159301758","0.0500000007450581","0","31","392","20459.9976849752","1023","19.9999977370236","8.6885150324725","-1.25858656054508","10"
"Mini_Simmons","60","0","3","0","0","0","0","0.709000825881958","0","48.8339920043945","31.7611217498779","0","0","490.026763916016","0","0","0","303.439514160156","246.913528442383","0","246.913528442383","193.053665161133","499.997131347656","0","0.00943566299974918","0.0749233216047287","0","0","80.1939163208008","0","2.72962260246277","-0.215382948517799","0","9","40","14","396","213","213","-1","0","41","3","12","0","8.17147159576416","0.0666666701436043","0","38","387","20460.0000197405","1023","20.0000000192967","7.23490402204431","-0.936567573719854","10"
"Mini_Simmons","60","1","0","0","0","0","0","1.75423669815063","0","3.18192744255066","355.388366699219","0","0","677.403503417969","0","0","0","246.140365600586","21.5493717193604","0","21.5493717193604","68.0760650634766","508.973388671875","0","0.00332727562636137","0.00530417030677199","0","0","357.740844726563","0","0.0939578488469124","0.719180047512054","0","9","29","2","395","208","208","-1","0","30","0","7","0","43.802921295166","0.0166666675359011","0.0343889780342579","16","395","20460.0017275764","1023","20.0000016887355","38.8507800421476","-4.95214125301844","10"
"Mini_Simmons","60","1","1","0","0","0","0","1.50391709804535","0","15.2988586425781","66.7326278686523","0","0","519.764770507813","0","0","0","869.457702636719","27.4098720550537","0","27.4098720550537","109.374855041504","504.953887939453","0","0.0053457897156477","0.0238317251205444","0","0","81.5654144287109","0","0.606580018997192","0.258548080921173","0","9","35","5","396","211","211","-1","0","36","0","10","0","15.443305015564","0.0333333350718021","0.0343889780342579","24","394","20459.9995247385","1023","19.9999995354238","12.9625429045632","-2.48076211100073","10"
"Mini_Simmons","60","1","2","0","0","0","0","1.22752821445465","0","28.0095653533936","44.8688697814941","0","0","499.145111083984","0","0","0","634.237976074219","65.2375335693359","0","65.2375335693359","144.390563964844","502.469512939453","0","0.00705721275880933","0.0413761250674725","0","0","72.4436264038086","0","1.33205354213715","0.144177451729774","0","9","41","7","397","213","213","-1","0","42","0","12","0","11.1621408462524","0.0500000007450581","0.0343889780342579","27","387","20459.9987133171","1023","19.9999987422454","9.82052289359322","-1.34161795265922","10"
"Mini_Simmons","60","1","3","0","0","0","0","0.864218354225159","0","68.2161636352539","24.6695003509521","0","0","462.369079589844","0","0","0","631.853271484375","160.708572387695","0","160.708572387695","219.872222900391","497.811401367188","0","0.0107464417815208","0.101544246077538","0","0","92.5032424926758","0","4.35680913925171","0.0685937255620956","0","9","55","10","395","216","216","-1","0","56","1","15","0","6.87395048141479","0.100000001490116","0.0343889780342579","34","364","20460.0022379942","1023","20.0000021876776","6.07499710764125","-0.79895337377354","10"
"Mini_Simmons","60","1","4","0","0","0","0","0.666244328022003","0","95.9937591552734","18.9411678314209","0","0","437.045715332031","0","0","0","748.996887207031","192.273574829102","0","192.273574829102","254.882293701172","495.702728271484","0","0.0124575905501842","0.144012317061424","0","0","114.578628540039","0","6.71094036102295","0.0450521036982536","0","9","71","15","391","221","221","-1","0","72","1","20","0","5.55267715454102","0.150000005960464","0.0343889780342579","43","351","20459.9992811132","1023","19.9999992972758","4.96249626073999","-0.590180893801028","10"
"Mini_Simmons","60","1","5","0","0","0","0","0.511627435684204","0","143.14323425293","12.8448467254639","0","0","388.425689697266","0","0","0","678.097412109375","329.061248779297","0","329.061248779297","297.026702880859","493.524230957031","0","0.0145174339413643","0.223135575652122","0","0","155.680786132813","0","11.445912361145","0.0471201390028","0","9","91","24","389","230","230","-1","0","92","3","29","0","4.22178936004639","0.200000002980232","0.0343889780342579","75","346","20460.0003058768","1023","20.0000002989998","3.73035814403516","-0.491431216011225","10"
"Mini_Simmons","60","1","6","0","0","0","0","0.505077600479126","0","186.44987487793","9.42519569396973","0","0","344.506744384766","0","0","0","698.047912597656","418.095367431641","0","418.095367431641","320.399444580078","492.310211181641","0","0.0156597979366779","0.291850626468658","0","0","195.60578918457","0","15.7465000152588","0.0401961207389832","0","9","111","33","389","239","239","-1","0","112","4","38","0","3.45901370048523","0.25","0.0343889780342579","99","339","20459.998645937","1023","19.9999986763803","3.07579092987325","-0.383222770611977","10"
"Mini_Simmons","60","1","7","0","0","0","0","0.458108633756638","0","227.441848754883","6.91337823867798","48.8456687927246","0","297.238555908203","0","0","0","779.483642578125","461.984161376953","0","461.984161376953","327.914947509766","487.140502929688","0","0.016027120873332","0.360109090805054","0","0","282.911407470703","0","20.1777038574219","0.020882174372673","0","9","130","42","387","248","248","-1","0","131","4","47","0","2.92290043830872","0.300000011920929","0.0343889780342579","115","325","20460.0033968292","1023","20.0000033204587","2.55086533683423","-0.372035101474486","10"
"Mini_Simmons","60","1","8","0","0","0","0","0.330943703651428","0","234.615737915039","6.61015748977661","73.3522033691406","0","288.895172119141","0","0","0","877.224426269531","418.597808837891","0","418.597808837891","326.362609863281","485.785491943359","0","0.0159512516111135","0.367204248905182","0","0","314.288513183594","0","20.9367828369141","0.0107675259932876","0","9","137","45","387","251","251","-1","0","138","3","50","0","2.785484790802","0.316666692495346","0.0343889780342579","109","315","20460.0001191065","1023","20.0000001164287","2.48969651919856","-0.295788271603443","10"
"Mini_Simmons","60","2","0","0","0","0","0","1.18480622768402","0","16.594554901123","60.5740051269531","0","0","503.582336425781","0","0","0","3842.67407226563","6.25567007064819","0","6.25567007064819","112.177879333496","504.588806152344","0","0.00548278912901878","0.0240385010838509","0","0","76.7217178344727","0","0.719786405563354","0.097914032638073","0","9","48","5","399","215","215","-1","0","49","0","14","0","14.5498294830322","0.0500000007450581","0.0687779560685158","20","387","20460.0025085356","1023","20.0000024521365","13.184274514487","-1.36555496854523","10"
"Mini_Simmons","60","2","1","0","0","0","0","0.950059592723846","0","44.5041198730469","33.3316421508789","0","0","481.363586425781","0","0","0","1076.52783203125","58.4910163879395","0","58.4910163879395","178.29264831543","500.098754882813","0","0.00871420651674271","0.0629672110080719","0","0","77.4212188720703","0","2.50472259521484","0.0382024757564068","0","9","62","8","397","218","218","-1","0","63","0","17","0","8.76255702972412","0.100000001490116","0.0687779560685158","27","363","20459.9980471973","1023","19.9999980911019","7.95485372339801","-0.807703306326109","10"
"Mini_Simmons","60","2","2","0","0","0","0","0.799933850765228","0","78.3585968017578","22.5784721374512","0","0","452.592712402344","0","0","0","960.966796875","117.972930908203","0","117.972930908203","230.618392944336","496.796142578125","0","0.0112716723233461","0.113368071615696","0","0","100.555892944336","0","5.1853461265564","0.0242788903415203","0","9","79","14","394","224","224","-1","0","80","0","23","0","6.35797595977783","0.150000005960464","0.0687779560685158","37","345","20459.9979779996","1023","19.99999802346","5.7060868090811","-0.65188915069673","10"
"Mini_Simmons","60","2","3","0","0","0","0","0.716837823390961","0","115.166213989258","16.4568061828613","0","0","418.471374511719","0","0","0","934.900390625","180.026168823242","0","180.026168823242","270.236877441406","494.407287597656","0","0.01320805773139","0.168306544423103","0","0","131.276184082031","0","8.45872688293457","0.0164990779012442","0","9","98","23","392","233","233","-1","0","99","0","32","0","4.93344593048096","0.200000002980232","0.0687779560685158","48","331","20460.0012308522","1023","20.0000012031791","4.50098316538292","-0.43246276509804","10"
"Mini_Simmons","60","2","4","0","0","0","0","0.509905219078064","0","144.851516723633","13.02099609375","55.6972503662109","0","385.011108398438","0","0","0","980.643432617188","217.774917602539","0","217.774917602539","290.388061523438","486.887359619141","0","0.0141929648816586","0.213559538125992","0","0","213.16389465332","0","11.4132919311523","0.00628313235938549","0","9","118","32","392","242","242","-1","0","119","0","41","0","4.17164325714111","0.25","0.0687779560685158","57","316","20460.0000031497","1023","20.0000000030789","3.81063187898422","-0.361011378156892","10"
"Mini_Simmons","60","2","5","0","0","0","0","0.334153383970261","0","176.406326293945","10.3223152160645","151.714813232422","0","349.249420166016","0","0","0","1020.41625976563","255.32731628418","0","255.32731628418","304.573181152344","477.483032226563","0","0.0148862721398473","0.260540127754211","0","0","337.969970703125","0","14.5076932907104","0.00360221229493618","0","9","138","41","390","251","251","-1","0","139","0","50","0","3.56493926048279","0.300000011920929","0.0687779560685158","66","303","20460.0035718189","1023","20.0000034915141","3.27544653527619","-0.289492725206598","10"
"Mini_Simmons","60","2","6","0","0","0","0","0.324045658111572","0","218.627151489258","7.3573317527771","366.887176513672","0","307.012145996094","0","0","0","1014.16778564453","323.488647460938","0","323.488647460938","305.884307861328","480.959747314453","0","0.014950355514884","0.328071773052216","0","0","592.225402832031","0","18.891960144043","0.0129148103296757","0","9","158","51","391","261","261","-1","0","159","0","60","0","2.9617383480072","0.349999994039536","0.0687779560685158","78","294","20460.0022759861","1023","20.0000022248154","2.6118950681525","-0.3498432798547","10"
"Mini_Simmons","60","2","7","0","0","0","0","0.15583710372448","0","256.369934082031","5.74750804901123","465.155456542969","0","260.745544433594","0","0","0","1039.75769042969","375.803497314453","0","375.803497314453","311.358062744141","463.544342041016","0","0.0152178918942809","0.390744596719742","0","0","726.695251464844","0","22.6379585266113","0.0214774049818516","0","9","177","60","389","270","270","-1","0","178","0","69","0","2.39766907691956","0.400000005960464","0.0687779560685158","88","289","20459.9996443103","1023","19.9999996523073","2.23199911347569","-0.165669963443862","10"
"Mini_Simmons","60","2","8","0","0","0","0","0.0462369658052921","0","268.877319335938","5.50487947463989","364.658874511719","0","247.547744750977","0","0","0","992.9638671875","413.785461425781","0","413.785461425781","307.736846923828","461.801391601563","0","0.0150409005582333","0.410874009132385","0","0","638.476379394531","0","23.8683071136475","0.0256016869097948","0","9","197","70","390","280","280","-1","0","198","0","79","0","2.11449646949768","0.449999988079071","0.0687779560685158","96","295","20460.0014295936","1023","20.0000013974522","2.09790030196959","-0.0165961675280939","10"
"Mini_Simmons","60","2","9","0","0","0","0","-0.0612088330090046","0","293.904449462891","4.78347730636597","329.607879638672","0","223.723022460938","0","0","0","1026.22900390625","443.738037109375","0","443.738037109375","300.297485351563","465.942199707031","0","0.014677295461297","0.455376863479614","0","0","627.802368164063","0","26.4502735137939","0.0295453369617462","0","9","204","73","389","283","283","-1","0","205","1","82","0","1.80770325660706","0.466666668653488","0.0687779560685158","109","297","20460.00137719","1023","20.0000013462268","1.84702574629032","0.0393224896832647","10"
"Mini_Simmons","60","3","0","0","0","0","0","0.82169896364212","0","2.61258149147034","176.557571411133","0","0","510.615234375","0","0","0","50.5388298034668","88.7837066650391","0","88.7837066650391","56.3408317565918","509.394226074219","0","0.00275370641611516","0.00448702462017536","0","0","178.760238647461","0","0.106631919741631","0.0590100213885307","0","9","57","1","399","216","216","-1","0","58","0","15","0","33.3833084106445","0.0666666701436043","0.103166937828064","5","387","20459.9994490609","1023","19.9999994614476","37.8578342548885","4.47452584424393","10"
"Mini_Simmons","60","3","1","0","0","0","0","0.799698054790497","0","9.59746360778809","80.635986328125","0","0","505.221252441406","0","0","0","265.969787597656","52.1158981323242","0","52.1158981323242","88.9567413330078","506.490081787109","0","0.00434783613309264","0.0138612547889352","0","0","89.7986679077148","0","0.414142787456512","0.0114174159243703","0","9","62","3","399","218","218","-1","0","63","0","17","0","18.2029914855957","0.0833333358168602","0.103166937828064","10","377","20460.003231477","1023","20.000003158824","18.2804391784056","0.0774476928099048","10"
"Mini_Simmons","60","3","2","0","0","0","0","0.927867770195007","0","15.2785158157349","62.4356803894043","0","0","501.639617919922","0","0","0","716.593200683594","29.3046970367432","0","29.3046970367432","108.570137023926","504.939361572266","0","0.00530645810067654","0.0209995470941067","0","0","77.2760391235352","0","0.693362355232239","0.0107281040400267","0","9","68","5","399","220","220","-1","0","69","0","19","0","14.6522750854492","0.100000001490116","0.103166937828064","13","369","20460.000807334","1023","20.0000007891828","14.636982902343","-0.0152921831062578","10"
"Mini_Simmons","60","3","3","0","0","0","0","0.824359357357025","0","35.1366844177246","38.8453598022461","0","0","487.553924560547","0","0","0","1896.71691894531","25.1566581726074","0","25.1566581726074","158.399993896484","501.301116943359","0","0.00774193555116653","0.0477150604128838","0","0","73.5554428100586","0","1.91357469558716","0.00569327874109149","0","9","87","13","398","228","228","-1","0","88","0","27","0","9.67033100128174","0.150000005960464","0.103166937828064","25","353","20459.9990337839","1023","19.9999990555072","9.3377219319362","-0.332609069345535","10"
"Mini_Simmons","60","3","4","0","0","0","0","0.571408152580261","0","62.4781646728516","27.1208019256592","0","0","466.053680419922","0","0","0","1029.97229003906","83.7974319458008","0","83.7974319458008","205.778335571289","498.103332519531","0","0.0100575918331742","0.0863090306520462","0","0","89.1963500976563","0","3.89600205421448","0.00247241253964603","0","9","107","22","396","237","237","-1","0","108","0","36","0","7.07938146591187","0.200000002980232","0.103166937828064","40","340","20460.0006626382","1023","20.0000006477402","6.69188113242461","-0.387500333487251","10"
"Mini_Simmons","60","3","5","0","0","0","0","0.311187982559204","0","86.007438659668","21.7150535583496","0","0","445.310638427734","0","0","0","926.031127929688","129.941024780273","0","129.941024780273","235.684204101563","496.166534423828","0","0.0115192653611302","0.120329439640045","0","0","107.341316223145","0","5.8668327331543","0.00486985547468066","0","9","126","31","396","246","246","-1","0","127","0","45","0","5.81305742263794","0.25","0.103166937828064","51","330","20460.0030221405","1023","20.000002954194","5.49339878160547","-0.319658641032471","10"
"Mini_Simmons","60","3","6","0","0","0","0","0.0837806686758995","0","110.902481079102","17.2839221954346","147.77262878418","0","413.058044433594","0","0","0","873.497619628906","178.454330444336","0","178.454330444336","256.567810058594","476.513549804688","0","0.0125399716198444","0.15587942302227","0","0","275.316925048828","0","8.10572242736816","0.0152349080890417","0","9","146","40","394","255","255","-1","0","147","0","54","0","5.06402778625488","0.300000011920929","0.103166937828064","59","313","20459.9992596934","1023","19.9999992763377","4.61423722705264","-0.44979055920224","10"
"Mini_Simmons","60","3","7","0","0","0","0","-0.122906051576138","0","139.598281860352","13.7239379882813","294.316680908203","0","378.15771484375","0","0","0","877.851928710938","227.447937011719","0","227.447937011719","274.478851318359","460.132659912109","0","0.0134153887629509","0.199665606021881","0","0","446.819091796875","0","10.7731122970581","0.0237832888960838","0","9","165","49","394","264","264","-1","0","166","0","63","0","4.24329614639282","0.349999994039536","0.103166937828064","68","300","20459.9997934002","1023","19.9999997980452","3.85256460789776","-0.390731538495062","10"
"Mini_Simmons","60","3","8","0","0","0","0","-0.288015723228455","0","153.36003112793","11.8996610641479","583.078125","0","357.154144287109","0","0","0","826.441223144531","263.491149902344","0","263.491149902344","276.304504394531","441.320251464844","0","0.0135046178475022","0.21775995194912","0","0","747.245239257813","0","11.9459371566772","0.0395706370472908","0","9","185","59","393","274","274","-1","0","186","0","73","0","3.89682364463806","0.400000005960464","0.103166937828064","72","293","20460.0017204956","1023","20.0000016818139","3.55554109535293","-0.341282549285135","10"
"Mini_Simmons","60","3","9","0","0","0","0","-0.442718803882599","0","171.037109375","9.88772487640381","671.297668457031","0","329.066223144531","0","0","0","784.555541992188","314.209045410156","0","314.209045410156","283.316741943359","418.341918945313","0","0.0138473473489285","0.246514454483986","0","0","850.851196289063","0","13.6010580062866","0.0420584790408611","0","9","204","68","393","283","283","-1","0","205","0","82","0","3.28406929969788","0.449999988079071","0.103166937828064","80","297","20460.0010965482","1023","20.0000010718946","3.22014551776202","-0.0639237819358538","10"
"Mini_Simmons","60","3","10","0","0","0","0","-0.6102574467659","0","175.661087036133","10.0586071014404","522.007202148438","0","332.419586181641","0","0","0","715.540344238281","351.357971191406","0","351.357971191406","286.830444335938","431.615264892578","0","0.0140190841630101","0.251410812139511","0","0","706.504577636719","0","13.9308013916016","0.0436656437814236","0","9","224","78","392","293","293","-1","0","225","0","92","0","3.00058054924011","0.5","0.103166937828064","89","305","20459.9987417688","1023","19.9999987700574","3.19656587884952","0.195985329609406","10"
"Mini_Simmons","60","3","11","0","0","0","0","-0.711122274398804","0","217.209411621094","8.12320899963379","434.633117675781","0","293.430603027344","0","0","0","730.504821777344","438.170013427734","0","438.170013427734","290.955718994141","436.410247802734","0","0.0142207089811563","0.320085316896439","0","0","658.786254882813","0","18.0497360229492","0.0426241979002953","0","9","244","88","393","303","303","-1","0","245","0","102","0","2.11766195297241","0.550000011920929","0.103166937828064","101","310","20460.0009310142","1023","20.0000009100823","2.54636769602044","0.428705743048031","10"
"Mini_Simmons","60","4","0","0","0","0","0","0.0393761023879051","0","13.000280380249","67.4030914306641","0","0","504.120391845703","0","0","0","4823.31787109375","3.48110604286194","0","3.48110604286194","104.934616088867","505.883453369141","0","0.00512876966968179","0.0167904812842607","0","0","80.0069351196289","0","0.577890455722809","0.0590534135699272","0","9","121","3","399","243","243","-1","0","122","0","42","0","13.8296575546265","0.216666668653488","0.137555912137032","31","359","20459.9977864434","1023","19.9999978362105","17.785659217729","3.95600166310258","10"
"Mini_Simmons","60","4","1","0","0","0","0","0.0059895683079958","0","13.9264698028564","66.3448104858398","0","0","503.439910888672","0","0","0","1162.34338378906","15.4366426467896","0","15.4366426467896","107.510055541992","505.665466308594","0","0.00525464629754424","0.0179426800459623","0","0","79.8728408813477","0","0.628593325614929","0.0569450818002224","0","9","128","7","400","247","247","-1","0","129","0","46","0","13.1955938339233","0.233333334326744","0.137555912137032","35","360","20459.9985335335","1023","19.9999985665039","17.0291015569889","3.83350772306555","10"
"Mini_Simmons","60","4","2","0","0","0","0","-0.0152874188497663","0","14.9665908813477","65.3107986450195","0","0","502.758239746094","0","0","0","775.496765136719","24.7019443511963","0","24.7019443511963","110.275802612305","505.427734375","0","0.00538982450962067","0.019156277179718","0","0","79.876579284668","0","0.679084479808807","0.0549907460808754","0","9","134","10","400","250","250","-1","0","135","0","49","0","12.6083717346191","0.25","0.137555912137032","38","360","20459.9987282454","1023","19.9999987568381","16.341434634329","3.73306289970982","10"
"Mini_Simmons","60","4","3","0","0","0","0","-0.56660920381546","0","34.5358848571777","42.5809555053711","0","0","488.640716552734","0","0","0","631.523315429688","69.1210479736328","0","69.1210479736328","154.901443481445","501.652954101563","0","0.00757094006985426","0.0436515510082245","0","0","76.6965484619141","0","1.85719430446625","0.038009162992239","0","9","154","19","398","259","259","-1","0","155","0","58","0","8.72789573669434","0.300000011920929","0.137555912137032","49","344","20460.0012749047","1023","20.0000012462412","9.98790804662165","1.26001230992732","10"
"Mini_Simmons","60","4","4","0","0","0","0","-0.0527057871222496","0","51.6035194396973","33.2239570617676","0","0","475.107635498047","0","0","0","513.12353515625","131.191482543945","0","131.191482543945","184.916137695313","499.423675537109","0","0.00903793517500162","0.067317433655262","0","0","84.4151611328125","0","3.08884572982788","0.0352314412593842","0","9","173","28","398","268","268","-1","0","174","0","67","0","7.16330099105835","0.349999994039536","0.137555912137032","59","334","20459.9982313194","1023","19.9999982710845","7.71574217261061","0.552441181552264","10"
"Mini_Simmons","60","4","5","0","0","0","0","-0.234923124313354","0","57.3971214294434","30.3468856811523","195.640380859375","0","457.757995605469","0","0","0","453.409423828125","165.993515014648","0","165.993515014648","188.438827514648","474.198669433594","0","0.00921010877937078","0.0752630233764648","0","0","282.542907714844","0","3.59955263137817","0.0546324029564857","0","9","193","38","397","278","278","-1","0","194","0","77","0","6.97492933273315","0.400000005960464","0.137555912137032","66","317","20460.0002050706","1023","20.00000020046","7.02903416821679","0.0541048354836322","10"
"Mini_Simmons","60","4","6","0","0","0","0","-0.262735068798065","0","68.6272506713867","25.8686943054199","247.291473388672","0","444.678375244141","0","0","0","422.026519775391","215.377685546875","0","215.377685546875","204.413619995117","465.754425048828","0","0.00999089051038027","0.0908950939774513","0","0","340.842163085938","0","4.49361896514893","0.0599204413592815","0","9","212","47","397","287","287","-1","0","213","0","86","0","6.25919103622437","0.449999988079071","0.137555912137032","74","314","20460.0000152876","1023","20.0000000149439","6.31051473715504","0.0513237009306797","10"
"Mini_Simmons","60","4","7","0","0","0","0","-0.431278228759766","0","89.7148361206055","17.6423931121826","644.18212890625","0","394.643310546875","0","0","0","458.399871826172","268.697479248047","0","268.697479248047","225.286651611328","400.703216552734","0","0.0110110770910978","0.123170882463455","0","0","749.281005859375","0","6.26543378829956","0.073649488389492","0","9","232","57","396","297","297","-1","0","233","0","96","0","5.32427024841309","0.5","0.137555912137032","81","311","20460.0013011866","1023","20.0000012719322","5.12890343925092","-0.195366809162167","10"
"Mini_Simmons","60","4","8","0","0","0","0","-0.59758734703064","0","73.0615844726563","20.6337814331055","626.958190917969","0","406.520080566406","0","0","0","323.490417480469","307.165557861328","0","307.165557861328","205.713943481445","395.873504638672","0","0.010054443962872","0.0993651151657104","0","0","718.04736328125","0","4.91175222396851","0.0935215130448341","0","9","252","67","397","307","307","-1","0","253","0","106","0","5.90801572799683","0.550000011920929","0.137555912137032","76","320","20460.0019892779","1023","20.0000019445532","5.8075192577923","-0.100496470204526","10"
"Mini_Simmons","60","4","9","0","0","0","0","-0.860021591186523","0","79.0012512207031","18.3349113464355","722.05810546875","0","389.38427734375","0","0","0","300.730529785156","361.587707519531","0","361.587707519531","211.11572265625","370.41650390625","0","0.010318461805582","0.108740463852882","0","0","816.169311523438","0","5.36498212814331","0.0992830023169518","0","9","271","77","396","317","317","-1","0","272","0","116","0","5.28587579727173","0.600000023841858","0.137555912137032","78","327","20459.9994295701","1023","19.9999994423951","5.44503064140828","0.159154844136547","10"
"Mini_Simmons","60","4","10","0","0","0","0","-1.31253027915955","0","100.173736572266","16.4924411773682","621.140930175781","0","382.84326171875","0","0","0","314.790832519531","447.707702636719","0","447.707702636719","233.665664672852","393.680541992188","0","0.0114206094294786","0.14093428850174","0","0","735.251586914063","0","7.13629770278931","0.0891631916165352","0","9","290","87","397","327","327","-1","0","291","0","126","0","3.72366762161255","0.649999976158142","0.137555912137032","88","333","20459.9996274908","1023","19.9999996358659","4.64806004245042","0.924392420837867","10"
"Mini_Simmons","75","0","0","0","0","0","0","0.701624035835266","0","25.9791927337646","47.975170135498","0","0","510.818115234375","0","0","0","676.787658691406","59.0817489624023","0","59.0817489624023","141.931991577148","502.980438232422","0","0.00693704886361957","0.0399857982993126","0","0","73.515739440918","0","1.22017323970795","0.246764346957207","0","9","33","9","399","215","215","-1","0","34","0","14","0","11.1302909851074","0.0500000007450581","0.0343889780342579","29","390","20459.9959388339","1023","19.9999960301406","9.99067034948359","-1.13962063562384","10"
"Mini_Simmons","75","0","1","0","0","0","0","0.499168485403061","0","64.7652969360352","25.6402931213379","0","0","467.572387695313","0","0","0","807.533386230469","121.140739440918","0","121.140739440918","216.446533203125","498.215057373047","0","0.0105790104717016","0.0978251919150352","0","0","90.0223236083984","0","4.02960062026978","0.10959043353796","0","9","46","12","397","218","218","-1","0","47","1","17","0","6.69754934310913","0.100000001490116","0.0343889780342579","35","366","20459.9980104103","1023","19.999998055142","6.20822024561959","-0.489329097489537","10"
"Mini_Simmons","75","0","2","0","0","0","0","0.373974055051804","0","105.523803710938","17.4189605712891","0","0","428.416290283203","0","0","0","882.116455078125","182.038925170898","0","182.038925170898","266.202087402344","495.225036621094","0","0.013010854832828","0.160579517483711","0","0","122.598258972168","0","7.62361860275269","0.0752421468496323","0","9","65","20","396","226","226","-1","0","66","2","25","0","4.91158008575439","0.150000005960464","0.0343889780342579","53","353","20459.9998095961","1023","19.9999998138769","4.64744878331932","-0.264131302435077","10"
"Mini_Simmons","75","0","3","0","0","0","0","0.303346216678619","0","144.248153686523","12.871241569519","0","0","389.186645507813","0","0","0","956.106628417969","232.449645996094","0","232.449645996094","297.605743408203","493.385986328125","0","0.0145457349717617","0.222246646881104","0","0","156.8095703125","0","11.3866291046143","0.0585210211575031","0","9","84","29","394","235","235","-1","0","85","3","34","0","3.89837026596069","0.200000002980232","0.0343889780342579","73","343","20460.0004046519","1023","20.0000003955541","3.75261166532934","-0.145758600631351","10"
"Mini_Simmons","75","0","4","0","0","0","0","0.250310987234116","0","182.468933105469","9.68609714508057","0","0","348.046295166016","0","0","0","951.652770996094","300.139831542969","0","300.139831542969","317.646118164063","492.345520019531","0","0.0155252246186137","0.285628914833069","0","0","191.881118774414","0","15.4114780426025","0.0501748025417328","0","9","105","39","395","245","245","-1","0","106","4","44","0","3.24755930900574","0.25","0.0343889780342579","98","340","20460.0014471434","1023","20.0000014146074","3.11582066553855","-0.131738643467187","10"
"Mini_Simmons","75","0","5","0","0","0","0","0.207813322544098","0","234.147186279297","6.68000650405884","123.4345703125","0","293.654541015625","0","0","0","1035.84875488281","353.904937744141","0","353.904937744141","327.051849365234","487.956085205078","0","0.0159849394112825","0.366591960191727","0","0","363.976989746094","0","20.5842304229736","0.0322631783783436","0","9","124","48","393","254","254","-1","0","125","4","53","0","2.67539095878601","0.300000011920929","0.0343889780342579","119","326","20459.9993125025","1023","19.9999993279594","2.49912727845712","-0.176263680328895","10"
"Mini_Simmons","75","1","0","0","0","0","0","1.02322721481323","0","13.8444423675537","68.8787155151367","0","0","511.176788330078","0","0","0","505.577514648438","40.3056983947754","0","40.3056983947754","103.286697387695","505.233154296875","0","0.0050482265651226","0.0203776564449072","0","0","82.2625503540039","0","0.58394855260849","0.180680170655251","0","9","35","5","399","215","215","-1","0","36","0","14","0","15.6531133651733","0.0500000007450581","0.0687779560685158","18","388","20459.9964077062","1023","19.9999964884713","14.3434293854084","-1.30968397976497","10"
"Mini_Simmons","75","1","1","0","0","0","0","0.710324823856354","0","43.9062919616699","33.6197280883789","0","0","482.772521972656","0","0","0","6225.4873046875","10.1144227981567","0","10.1144227981567","177.718551635742","500.207702636719","0","0.00868614669889212","0.0629672110080719","0","0","77.1116256713867","0","2.48671722412109","0.0795045718550682","0","9","49","9","398","219","219","-1","0","50","0","18","0","8.47322082519531","0.100000001490116","0.0687779560685158","28","364","20459.9988690508","1023","19.9999988944778","7.92907351097876","-0.544147314216549","10"
"Mini_Simmons","75","1","2","0","0","0","0","0.70799446105957","0","73.7142791748047","23.5490074157715","0","0","456.164031982422","0","0","0","2135.3896484375","50.3261337280273","0","50.3261337280273","224.605697631836","497.204193115234","0","0.0109777953475714","0.107465907931328","0","0","96.8786773681641","0","4.90086936950684","0.0532180853188038","0","9","68","17","397","227","227","-1","0","69","0","26","0","6.25666236877441","0.150000005960464","0.0687779560685158","39","348","20460.000439116","1023","20.0000004292434","5.86307261637818","-0.393589752396229","10"
"Mini_Simmons","75","1","3","0","0","0","0","0.621563196182251","0","113.259147644043","16.6207389831543","0","0","419.913909912109","0","0","0","1799.01318359375","92.5695419311523","0","92.5695419311523","269.087280273438","494.553436279297","0","0.0131518710404634","0.166533827781677","0","0","129.532974243164","0","8.3493480682373","0.0395712405443192","0","9","88","27","396","237","237","-1","0","89","0","36","0","4.69798374176025","0.200000002980232","0.0687779560685158","52","336","20459.9999076599","1023","19.999999909736","4.52960355430325","-0.168380187457","10"
"Mini_Simmons","75","1","4","0","0","0","0","0.418870329856873","0","151.473831176758","12.2886724472046","105.886627197266","0","377.077087402344","0","0","0","1983.19226074219","111.749122619629","0","111.749122619629","294.492858886719","481.552459716797","0","0.0143935913220048","0.221619978547096","0","0","269.181793212891","0","11.9471130371094","0.0228208601474762","0","9","107","36","396","246","246","-1","0","108","0","45","0","3.8358747959137","0.25","0.0687779560685158","61","316","20459.9986409577","1023","19.9999986715129","3.72381975116095","-0.112055044752742","10"
"Mini_Simmons","75","1","5","0","0","0","0","0.219599202275276","0","179.684692382813","9.92433547973633","238.119644165039","0","343.798919677734","0","0","0","1990.53601074219","132.526397705078","0","132.526397705078","304.868530273438","469.454071044922","0","0.0149007122963667","0.26379856467247","0","0","427.158081054688","0","14.6516876220703","0.00813840702176094","0","9","128","46","395","256","256","-1","0","129","0","55","0","3.35291743278503","0.300000011920929","0.0687779560685158","70","301","20459.9970934124","1023","19.9999971587609","3.23808647051389","-0.114830962271147","10"
"Mini_Simmons","75","1","6","0","0","0","0","-0.036938551813364","0","224.121856689453","6.27393865585327","341.067687988281","0","310.253875732422","0","0","0","1867.99670410156","179.637359619141","0","179.637359619141","300.120391845703","492.760833740234","0","0.0146686416119337","0.335561990737915","0","0","570.740478515625","0","19.1543521881104","0.000204268217203207","0","9","148","56","396","266","266","-1","0","149","1","65","0","2.71013903617859","0.349999994039536","0.0687779560685158","85","300","20459.9989409748","1023","19.9999989647848","2.50540634573165","-0.204732690446938","10"
"Mini_Simmons","75","1","7","0","0","0","0","-0.0669351667165756","0","247.116989135742","6.27531290054321","321.522766113281","0","290.027709960938","0","0","0","1987.77001953125","185.554382324219","0","185.554382324219","310.930145263672","494.223663330078","0","0.0151969753205776","0.36883944272995","0","0","574.413452148438","0","21.2439880371094","0.00954356137663126","0","9","168","66","395","276","276","-1","0","169","0","75","0","2.42939376831055","0.400000005960464","0.0687779560685158","91","295","20460.0019875438","1023","20.000001942858","2.36137734828758","-0.0680164200229707","10"
"Mini_Simmons","75","1","8","0","0","0","0","-0.130198687314987","0","276.806610107422","4.92150354385376","572.43310546875","0","243.762237548828","0","0","0","2025.74609375","204.680557250977","0","204.680557250977","315.108612060547","458.117034912109","0","0.0154012031853199","0.414630860090256","0","0","853.643737792969","0","24.061544418335","0.0251466706395149","0","9","187","75","395","285","285","-1","0","188","0","84","0","2.10586309432983","0.449999988079071","0.0687779560685158","95","293","20459.9996681364","1023","19.9999996755977","2.12870558190206","0.0228424875722282","10"
"Mini_Simmons","75","1","9","0","0","0","0","-0.191626593470573","0","284.221710205078","4.59931564331055","452.372741699219","0","235.516220092773","0","0","0","1890.24255371094","224.254287719727","0","224.254287719727","315.138854980469","453.382873535156","0","0.015402683056891","0.423895001411438","0","0","740.582397460938","0","24.6491374969482","0.0284008849412203","0","9","207","85","394","295","295","-1","0","208","0","94","0","1.91987717151642","0.5","0.0687779560685158","102","299","20459.9973794487","1023","19.9999974383663","2.0823624969618","0.162485325445377","10"
"Mini_Simmons","75","2","0","0","0","0","0","0.00895758718252182","0","4.19462585449219","132.422149658203","0","0","510.622100830078","0","0","0","54.4182205200195","119.235992431641","0","119.235992431641","64.4769058227539","508.509521484375","0","0.00315136415883899","0.00648861052468419","0","0","136.185791015625","0","0.165168106555939","0.0868710428476334","0","9","42","2","400","217","217","-1","0","43","0","16","0","26.6823081970215","0.0666666701436043","0.103166937828064","7","386","20459.9984555603","1023","19.9999984902838","29.056789273544","2.37448107652252","10"
"Mini_Simmons","75","2","1","0","0","0","0","0.684487879276276","0","9.74846649169922","80.5553970336914","0","0","506.443878173828","0","0","0","143.219299316406","96.7834396362305","0","96.7834396362305","89.3941497802734","506.433380126953","0","0.00436921510845423","0.0138612547889352","0","0","89.8652801513672","0","0.411748588085175","0.0705514699220657","0","9","47","3","399","218","218","-1","0","48","0","17","0","17.8335227966309","0.0833333358168602","0.103166937828064","10","377","20460.0019823469","1023","20.000001937778","18.3735286789854","0.540005882354514","10"
"Mini_Simmons","75","2","2","0","0","0","0","0.779609382152557","0","15.1612710952759","62.8616485595703","0","0","502.470062255859","0","0","0","251.266754150391","83.5747146606445","0","83.5747146606445","108.246147155762","504.970489501953","0","0.00529062328860164","0.0209995470941067","0","0","77.5839004516602","0","0.685911595821381","0.0553327649831772","0","9","52","5","399","220","220","-1","0","53","0","19","0","14.3977670669556","0.100000001490116","0.103166937828064","13","369","20459.998992741","1023","19.9999990153871","14.592333655142","0.194566588186438","10"
"Mini_Simmons","75","2","3","0","0","0","0","0.599441468715668","0","34.4674987792969","39.3409233093262","0","0","488.49951171875","0","0","0","920.306884765625","50.9933204650879","0","50.9933204650879","157.051605224609","501.397430419922","0","0.00767603097483516","0.0469295009970665","0","0","73.3806915283203","0","1.85871767997742","0.0381167382001877","0","9","71","14","399","229","229","-1","0","72","0","28","0","9.47739791870117","0.150000005960464","0.103166937828064","26","355","20460.0014954971","1023","20.000001461874","9.413890795637","-0.0635071230641717","10"
"Mini_Simmons","75","2","4","0","0","0","0","0.371854543685913","0","57.5753517150879","28.6188735961914","0","0","469.949432373047","0","0","0","3039.85888671875","25.9688568115234","0","25.9688568115234","198.193786621094","498.575775146484","0","0.00968689192086458","0.0789416581392288","0","0","85.7864303588867","0","3.54910516738892","0.0276510119438171","0","9","92","24","398","239","239","-1","0","93","0","38","0","7.11353492736816","0.200000002980232","0.103166937828064","41","343","20459.9977206522","1023","19.9999977718986","7.04850165737267","-0.0650332699954923","10"
"Mini_Simmons","75","2","5","0","0","0","0","0.113602921366692","0","81.7940368652344","22.2217693328857","46.3051147460938","0","445.736572265625","0","0","0","996076.5625","0.112530261278152","0","0.112530261278152","229.828582763672","488.387451171875","0","0.0112330690026283","0.112088747322559","0","0","149.756271362305","0","5.44370412826538","0.0182701125741005","0","9","111","33","398","248","248","-1","0","112","0","47","0","5.92429208755493","0.25","0.103166937828064","51","330","20459.9991961143","1023","19.999999214188","5.75159972889752","-0.172692358657415","10"
"Mini_Simmons","75","2","6","0","0","0","0","-0.111007511615753","0","103.943069458008","18.396598815918","237.684524536133","0","417.682434082031","0","0","0","9143.8486328125","15.4100742340088","0","15.4100742340088","246.667541503906","469.996551513672","0","0.0120560880750418","0.140907377004623","0","0","359.270477294922","0","7.31547451019287","0.000814060331322253","0","9","132","43","397","258","258","-1","0","133","0","57","0","5.12745141983032","0.300000011920929","0.103166937828064","57","308","20459.9982986647","1023","19.9999983369156","4.9082490882318","-0.219202331598525","10"
"Mini_Simmons","75","2","7","0","0","0","0","-0.368009358644485","0","131.877838134766","14.4134092330933","345.519958496094","0","385.261199951172","0","0","0","4071.38720703125","44.9566345214844","0","44.9566345214844","267.934692382813","455.451385498047","0","0.013095535337925","0.183035880327225","0","0","490.892425537109","0","9.82347297668457","0.010401357896626","0","9","152","53","398","268","268","-1","0","153","0","67","0","4.29398822784424","0.349999994039536","0.103166937828064","68","298","20460.0030062817","1023","20.0000029386918","4.10280525292607","-0.191182974918172","10"
"Mini_Simmons","75","2","8","0","0","0","0","-0.542294442653656","0","150.841873168945","11.0501689910889","550.854370117188","0","374.774291992188","0","0","0","2817.26708984375","74.8849792480469","0","74.8849792480469","262.125946044922","469.324737548828","0","0.0128116300329566","0.210970997810364","0","0","711.252563476563","0","11.5630912780762","0.0171962473541498","0","9","171","62","396","277","277","-1","0","172","0","76","0","3.91298127174377","0.400000005960464","0.103166937828064","76","298","20459.9996542696","1023","19.9999996620426","3.48154150126474","-0.431439770479031","10"
"Mini_Simmons","75","2","9","0","0","0","0","-0.647504150867462","0","187.86930847168","9.81400966644287","480.404724121094","0","336.561401367188","0","0","0","2201.42041015625","121.636016845703","0","121.636016845703","295.182434082031","460.83154296875","0","0.0144272930920124","0.267771989107132","0","0","677.324523925781","0","14.9525651931763","0.0249366778880358","0","9","191","72","397","287","287","-1","0","192","0","86","0","3.08669757843018","0.449999988079071","0.103166937828064","86","300","20460.0012073961","1023","20.0000011802503","3.08853590681286","0.00183832838268128","10"
"Mini_Simmons","75","2","10","0","0","0","0","-0.783344864845276","0","172.523864746094","10.8306713104248","470.616271972656","0","349.50830078125","0","0","0","1941.12512207031","125.598121643066","0","125.598121643066","290.932250976563","455.157012939453","0","0.0142195615917444","0.243801668286324","0","0","653.174743652344","0","13.3877639770508","0.0325422734022141","0","9","211","82","396","297","297","-1","0","212","0","96","0","3.10670733451843","0.5","0.103166937828064","89","306","20460.0014634397","1023","20.0000014305374","3.34363372549891","0.236926390980476","10"
"Mini_Simmons","75","2","11","0","0","0","0","-0.763780295848846","0","185.617965698242","9.68257331848145","491.348937988281","0","334.006072998047","0","0","0","1804.35107421875","146.666473388672","0","146.666473388672","297.909851074219","448.292785644531","0","0.0145605988800526","0.264637798070908","0","0","685.809631347656","0","14.5913772583008","0.0340732298791409","0","9","218","85","396","300","300","-1","0","219","0","99","0","2.84333324432373","0.516666650772095","0.103166937828064","92","307","20459.9998618424","1023","19.9999998649486","3.15405560070639","0.31072235638266","10"
"Mini_Simmons","75","2","12","0","0","0","0","-0.791727483272552","0","184.801895141602","9.73951625823975","431.573150634766","0","336.114227294922","0","0","0","1730.0732421875","152.553344726563","0","152.553344726563","299.148254394531","450.972564697266","0","0.0146211264654994","0.263928472995758","0","0","625.30029296875","0","14.5159568786621","0.0349522233009338","0","9","224","88","396","303","303","-1","0","225","0","102","0","2.7611026763916","0.533333301544189","0.103166937828064","94","309","20460.0004726321","1023","20.0000004620059","3.17570118308638","0.414598506694783","10"
"Mini_Simmons","75","3","0","0","0","0","0","-0.143626779317856","0","12.8488311767578","67.0537414550781","0","0","503.342163085938","0","0","0","156.881118774414","107.026794433594","0","107.026794433594","105.22745513916","505.9775390625","0","0.00514308176934719","0.0167904831469059","0","0","79.5143585205078","0","0.573305368423462","0.00544247962534428","0","9","102","4","400","244","244","-1","0","103","0","43","0","13.4070520401001","0.216666668653488","0.137555912137032","32","360","20460.0004157656","1023","20.000000406418","17.8369540235889","4.42990198348882","10"
"Mini_Simmons","75","3","1","0","0","0","0","-0.163578674197197","0","13.5199899673462","66.3497085571289","0","0","502.949951171875","0","0","0","168.831558227539","103.964218139648","0","103.964218139648","107.071784973145","505.815795898438","0","0.00523322494700551","0.0175524409860373","0","0","79.4794616699219","0","0.604271590709686","0.00523424101993442","0","9","109","7","400","247","247","-1","0","110","0","46","0","12.9568204879761","0.233333334326744","0.137555912137032","35","361","20460.0004886875","1023","20.0000004777004","17.3464008750622","4.38958038708614","10"
"Mini_Simmons","75","3","2","0","0","0","0","-0.192682355642319","0","14.517692565918","65.3772277832031","0","0","502.316650390625","0","0","0","185.674438476563","100.953643798828","0","100.953643798828","109.751678466797","505.583923339844","0","0.00536420708522201","0.0187445115298033","0","0","79.5019226074219","0","0.655658841133118","0.00457030395045877","0","9","115","10","400","250","250","-1","0","116","0","49","0","12.3772563934326","0.25","0.137555912137032","38","361","20460.0002802194","1023","20.0000002739192","16.6290859837593","4.25182959032667","10"
"Mini_Simmons","75","3","3","0","0","0","0","-0.902026474475861","0","31.6349906921387","46.1543312072754","0","0","490.641754150391","0","0","0","526.260864257813","76.2855072021484","0","76.2855072021484","148.591491699219","502.202606201172","0","0.00726253539323807","0.0401460751891136","0","0","77.3727416992188","0","1.65067386627197","0.00517162214964628","0","9","136","20","399","260","260","-1","0","137","0","59","0","8.65320873260498","0.300000011920929","0.137555912137032","50","350","20460.0024170027","1023","20.0000023626615","10.4223463690355","1.76913763643054","10"
"Mini_Simmons","75","3","4","0","0","0","0","-0.650918543338776","0","42.6310653686523","39.2220916748047","0","0","482.205688476563","0","0","0","1070.24084472656","50.4967803955078","0","50.4967803955078","168.891571044922","500.666473388672","0","0.00825472082942724","0.0540437176823616","0","0","81.4402923583984","0","2.41413593292236","0.00123523222282529","0","9","155","29","399","269","269","-1","0","156","0","68","0","7.38335514068604","0.349999994039536","0.137555912137032","59","341","20459.9979254102","1023","19.999997972053","8.785836695391","1.40248155470497","10"
"Mini_Simmons","75","3","5","0","0","0","0","-0.527515053749084","0","57.4445877075195","31.0271663665771","200.444854736328","0","461.360443115234","0","0","0","3462.06616210938","21.7393398284912","0","21.7393398284912","186.300384521484","481.920593261719","0","0.00910559017211199","0.0752630308270454","0","0","288.241668701172","0","3.56576347351074","0.0192428342998028","0","9","175","39","398","279","279","-1","0","176","0","78","0","6.83920478820801","0.400000005960464","0.137555912137032","67","318","20460.0010543054","1023","20.0000010306016","6.94887041165341","0.109665623445401","10"
"Mini_Simmons","75","3","6","0","0","0","0","-0.840642273426056","0","48.452449798584","32.6891288757324","297.665588378906","0","452.432373046875","0","0","0","3158.07397460938","20.0474815368652","0","20.0474815368652","171.274871826172","452.298400878906","0","0.0083712050691247","0.0633114278316498","0","0","377.292816162109","0","3.00594091415405","0.0393505841493607","0","9","195","49","399","289","289","-1","0","196","0","88","0","7.83425855636597","0.449999988079071","0.137555912137032","71","316","20460.0019246788","1023","20.0000018814064","7.59804975171941","-0.236208804646553","10"
"Mini_Simmons","75","3","7","0","0","0","0","-0.569145560264587","0","86.0562591552734","19.8584728240967","668.8662109375","0","410.537872314453","0","0","0","2854.43481445313","41.3816986083984","0","41.3816986083984","215.409317016602","427.035827636719","0","0.0105283139273524","0.118121355772018","0","0","772.84814453125","0","5.93760776519775","0.0497624985873699","0","9","215","59","398","299","299","-1","0","216","0","98","0","5.73447132110596","0.5","0.137555912137032","80","312","20460.0013357287","1023","20.0000013056976","5.11363507591238","-0.620836245193579","10"
"Mini_Simmons","75","3","8","0","0","0","0","-0.625938355922699","0","82.0194244384766","19.3847980499268","724.913757324219","0","399.367919921875","0","0","0","1843.95690917969","60.4623870849609","0","60.4623870849609","212.991470336914","395.927734375","0","0.0104101384058595","0.111490033566952","0","0","823.893859863281","0","5.53363943099976","0.0648016333580017","0","9","235","69","399","309","309","-1","0","236","0","108","0","5.78346061706543","0.550000011920929","0.137555912137032","72","319","20460.0037034118","1023","20.0000036201484","5.35767259646239","-0.42578802060304","10"
"Mini_Simmons","75","3","9","0","0","0","0","-0.649495303630829","0","78.6599426269531","20.1942977905273","725.114135742188","0","403.427032470703","0","0","0","1619.45068359375","66.3065185546875","0","66.3065185546875","208.401260375977","398.590789794922","0","0.01018578838557","0.107380136847496","0","0","821.493530273438","0","5.27359962463379","0.068860188126564","0","9","241","72","398","312","312","-1","0","242","0","111","0","5.95750665664673","0.566666662693024","0.137555912137032","72","322","20460.0029459883","1023","20.000002879754","5.44310582933019","-0.514400827316535","10"
"Mini_Simmons","90","0","0","0","0","0","0","0.572700202465057","0","14.442253112793","70.1826171875","0","0","526.269897460938","0","0","0","443.959442138672","49.7951889038086","0","49.7951889038086","107.222160339355","505.204986572266","0","0.00524057494476438","0.0221070442348719","0","0","84.1525573730469","0","0.627242982387543","0.302291661500931","0","9","31","6","400","216","216","-1","0","32","0","15","0","14.9948024749756","0.0500000007450581","0.0687779560685158","20","389","20459.9994217192","1023","19.9999994347207","13.712761163871","-1.28204131110455","10"
"Mini_Simmons","90","0","1","0","0","0","0","0.554758667945862","0","41.7919425964355","34.7568321228027","0","0","486.658111572266","0","0","0","3333.22338867188","18.0811653137207","0","18.0811653137207","174.845138549805","500.553833007813","0","0.00854570418596268","0.0602685622870922","0","0","76.1341323852539","0","2.3548731803894","0.126918777823448","0","9","39","10","399","220","220","-1","0","40","0","19","0","8.27473258972168","0.100000001490116","0.0687779560685158","28","364","20460.0036164379","1023","20.0000035351299","8.15165481466453","-0.123077775057148","10"
"Mini_Simmons","90","0","2","0","0","0","0","0.540926992893219","0","74.8227310180664","23.2942695617676","0","0","456.488800048828","0","0","0","10876.40625","9.99856567382813","0","9.99856567382813","227.268768310547","497.174285888672","0","0.0111079569905996","0.108748465776443","0","0","97.735221862793","0","4.9532675743103","0.0813984200358391","0","9","59","20","400","230","230","-1","0","60","0","29","0","5.83077716827393","0.150000005960464","0.0687779560685158","41","347","20459.9971446485","1023","19.9999972088451","5.86262062516233","0.0318434568884038","10"
"Mini_Simmons","90","0","3","0","0","0","0","0.540926992893219","0","112.177871704102","14157.958984375","0","0","24169.146484375","0","0","0","NaN","0","0","0","2416.91479492188","22791.80859375","0","0.118128769099712","0.165993541479111","0","0","14237.279296875","0","8.39168834686279","0.340398579835892","0","9","80","31","400","241","241","-1","0","81","0","40","0","45","0.200000002980232","0.0687779560685158","54","330","20460.0015164956","1023","20.0000014824004","NaN","NaN","10"
"Mini_Simmons","90","0","4","0","0","0","0","0.105130672454834","0","148.164169311523","12.5159683227539","120.15193939209","0","378.083343505859","0","0","0","17322.6796875","12.6623067855835","0","12.6623067855835","291.036010742188","482.325164794922","0","0.0142246335744858","0.219345077872276","0","0","280.391204833984","0","11.9017572402954","0.0372992679476738","0","9","99","40","400","250","250","-1","0","100","0","49","0","3.62259697914124","0.25","0.0687779560685158","64","315","20460.0005489216","1023","20.0000005365802","3.71826804803334","0.0956710688920999","10"
"Mini_Simmons","90","0","5","0","0","0","0","0.105130672454834","0","181.099639892578","23086.515625","0","0","39411.1484375","0","0","0","NaN","0","0","0","3941.11450195313","38384.2421875","0","0.192625343799591","0.271308362483978","0","0","23214.57421875","0","15.1448154449463","0.231820553541183","0","9","120","51","400","261","261","-1","0","121","0","60","0","45","0.300000011920929","0.0687779560685158","75","303","20459.9998329062","1023","19.9999998366629","NaN","NaN","10"
"Mini_Simmons","90","0","6","0","0","0","0","-0.230157762765884","0","211.186080932617","5.26826906204224","339.449859619141","0","327.195159912109","0","0","0","23527.423828125","13.5805921554565","0","13.5805921554565","283.356109619141","504.567504882813","0","0.013849270530045","0.319516360759735","0","0","554.969360351563","0","18.0569553375244","0.0123388040810823","0","9","139","60","400","270","270","-1","0","140","1","69","0","2.57927465438843","0.349999994039536","0.0687779560685158","86","304","20460.0024964795","1023","20.0000024403514","2.48423416411497","-0.0950404902734587","10"
"Mini_Simmons","90","0","7","0","0","0","0","-0.230157762765884","0","247.696929931641","31738.56640625","0","0","54181.1171875","0","0","0","NaN","0","0","0","5418.1123046875","53808.2109375","0","0.264814883470535","0.374710023403168","0","0","31913.71484375","0","21.8163261413574","0.124305076897144","0","9","160","71","400","281","281","-1","0","161","0","80","0","45","0.400000005960464","0.0687779560685158","93","295","20459.9992027652","1023","19.9999992206893","NaN","NaN","10"
"Mini_Simmons","90","0","8","0","0","0","0","-0.349192410707474","0","259.740203857422","5.0332407951355","303.789184570313","0","273.648010253906","0","0","0","28095.373046875","13.9947690963745","0","13.9947690963745","303.504272460938","494.125305175781","0","0.0148340323939919","0.393188267946243","0","0","568.060302734375","0","22.8710746765137","0.00918353069573641","0","9","167","74","400","284","284","-1","0","168","0","83","0","2.2145049571991","0.416666686534882","0.0687779560685158","96","296","20459.9979560421","1023","19.9999980019962","2.16214290978815","-0.0523620474109441","10"
"Mini_Simmons","90","0","9","0","0","0","0","-0.360828429460526","0","259.471710205078","5.0911865234375","441.697448730469","0","268.75927734375","0","0","0","27987.58984375","14.0601978302002","0","14.0601978302002","301.041259765625","485.213073730469","0","0.0147136487066746","0.393511056900024","0","0","705.702758789063","0","22.9148654937744","0.0117050297558308","0","9","173","77","400","287","287","-1","0","174","0","86","0","2.29909062385559","0.433333367109299","0.0687779560685158","97","297","20460.0004911809","1023","20.0000004801377","2.14282808764185","-0.156262536213739","10"
"Mini_Simmons","90","1","0","0","0","0","0","-0.0326487347483635","0","5.28595113754272","123.500228881836","0","0","521.247985839844","0","0","0","53.6421928405762","146.470489501953","0","146.470489501953","69.379264831543","507.951049804688","0","0.00339097040705383","0.00785699859261513","0","0","128.315933227539","0","0.205099552869797","0.225796103477478","0","9","33","2","400","217","217","-1","0","34","0","16","0","24.4520168304443","0.0666666701436043","0.103166937828064","8","387","20460.0030384287","1023","20.000002970116","25.5682535661004","1.11623673565603","10"
"Mini_Simmons","90","1","1","0","0","0","0","-0.110332667827606","0","7.98709058761597","91.7576293945313","0","0","512.442077636719","0","0","0","75.9454498291016","151.988647460938","0","151.988647460938","82.5956573486328","507.011840820313","0","0.00403693318367004","0.0115428455173969","0","0","99.3005676269531","0","0.334359586238861","0.155615076422691","0","9","37","4","400","219","219","-1","0","38","0","18","0","19.3227653503418","0.0833333358168602","0.103166937828064","10","378","20460.0010925976","1023","20.0000010680329","20.4710854981114","1.14832014776965","10"
"Mini_Simmons","90","1","2","0","0","0","0","0.470159739255905","0","15.2716856002808","63.3278846740723","0","0","505.372924804688","0","0","0","167.572555541992","125.316139221191","0","125.316139221191","108.667205810547","504.943115234375","0","0.00531120179221034","0.0209995470941067","0","0","78.1552276611328","0","0.699241757392883","0.123019248247147","0","9","39","5","399","220","220","-1","0","40","0","19","0","14.0278568267822","0.100000001490116","0.103166937828064","13","369","20460.0032275037","1023","20.0000031549401","14.6503609436609","0.622504116878693","10"
"Mini_Simmons","90","1","3","0","0","0","0","0.341737806797028","0","35.949779510498","38.4330062866211","0","0","488.438568115234","0","0","0","424.763946533203","116.077407836914","0","116.077407836914","160.508087158203","501.215026855469","0","0.00784497056156397","0.0493054986000061","0","0","73.9568405151367","0","1.97590982913971","0.0799733176827431","0","9","59","15","400","230","230","-1","0","60","0","29","0","8.88206577301025","0.150000005960464","0.103166937828064","27","353","20459.9986575608","1023","19.9999986877428","9.15520920713452","0.273143434124263","10"
"Mini_Simmons","90","1","4","0","0","0","0","0.136331513524055","0","57.1110382080078","28.7123222351074","0","0","470.763671875","0","0","0","698.866516113281","112.956703186035","0","112.956703186035","198.139846801758","498.663452148438","0","0.00968425441533327","0.0789416581392288","0","0","85.4168090820313","0","3.54009056091309","0.060439869761467","0","9","79","25","399","240","240","-1","0","80","0","39","0","6.78608894348145","0.200000002980232","0.103166937828064","42","344","20460.0001511773","1023","20.0000001477784","7.0465730121387","0.260484068657256","10"
"Mini_Simmons","90","1","5","0","0","0","0","-0.152781188488007","0","78.5435485839844","23.0538063049316","0","0","452.11083984375","0","0","0","1016.37316894531","107.702812194824","0","107.702812194824","227.508071899414","496.705383300781","0","0.0111196506768465","0.109466254711151","0","0","101.209373474121","0","5.26263093948364","0.045725591480732","0","9","99","35","400","250","250","-1","0","100","0","49","0","5.5341625213623","0.25","0.103166937828064","53","334","20460.0017132853","1023","20.0000016747657","5.83019755095622","0.296035029593911","10"
"Mini_Simmons","90","1","6","0","0","0","0","-0.391495823860168","0","99.8471755981445","19.0150909423828","211.057281494141","0","421.898193359375","0","0","0","1232.20837402344","113.030479431152","0","113.030479431152","241.817718505859","475.887420654297","0","0.0118190478533506","0.139277100563049","0","0","329.231750488281","0","7.20103454589844","0.0240451600402594","0","9","119","45","399","260","260","-1","0","120","0","59","0","4.97492933273315","0.300000011920929","0.103166937828064","59","311","20459.9999514602","1023","19.9999999525515","4.86797142940261","-0.106957903330542","10"
"Mini_Simmons","90","1","7","0","0","0","0","-0.548024475574493","0","108.684936523438","17.6289196014404","276.613220214844","0","410.277587890625","0","0","0","1152.67468261719","130.753341674805","0","130.753341674805","246.588943481445","465.54736328125","0","0.0120522463694215","0.150716066360474","0","0","402.066619873047","0","7.83248090744019","0.0063938032835722","0","9","139","55","400","270","270","-1","0","140","0","69","0","4.84182739257813","0.349999994039536","0.103166937828064","64","298","20459.998569817","1023","19.9999986019716","4.58664398262167","-0.255183409956455","10"
"Mini_Simmons","90","1","8","0","0","0","0","-0.800770819187164","0","152.595031738281","9.39038467407227","556.715576171875","0","377.697723388672","0","0","0","2308.14501953125","94.344123840332","0","94.344123840332","246.551742553711","480.8408203125","0","0.0120504256337881","0.217759922146797","0","0","717.1796875","0","11.8400478363037","0.00113451888319105","0","9","159","65","399","280","280","-1","0","160","0","79","0","3.70565390586853","0.400000005960464","0.103166937828064","78","299","20460.0028286475","1023","20.0000027650513","3.17226148537955","-0.533392420488982","10"
"Mini_Simmons","90","1","9","0","0","0","0","-0.844656586647034","0","181.498153686523","9.86026668548584","347.8740234375","0","353.884704589844","0","0","0","3181.54907226563","82.8204650878906","0","82.8204650878906","280.739318847656","489.712188720703","0","0.0137213747948408","0.26349738240242","0","0","538.5107421875","0","14.6575527191162","0.0123458644375205","0","9","179","75","400","290","290","-1","0","180","0","89","0","3.09860491752625","0.449999988079071","0.103166937828064","87","302","20459.9993109446","1023","19.9999993264366","2.98497325070376","-0.113631666822482","10"
"Mini_Simmons","90","1","10","0","0","0","0","-0.886317729949951","0","170.457138061523","11.3267164230347","438.609680175781","0","360.646545410156","0","0","0","2503.025390625","97.4028167724609","0","97.4028167724609","279.971496582031","476.798492431641","0","0.0136838471516967","0.243801727890968","0","0","619.693359375","0","13.3432483673096","0.0175864566117525","0","9","187","79","400","294","294","-1","0","188","0","93","0","3.31210207939148","0.466666668653488","0.103166937828064","86","303","20459.9988203842","1023","19.9999988469053","3.21752819191167","-0.0945738874798132","10"
"Mini_Simmons","90","1","11","0","0","0","0","-0.858275711536407","0","187.793304443359","9.76883983612061","356.107543945313","0","349.711364746094","0","0","0","3247.5869140625","83.8731994628906","0","83.8731994628906","285.91259765625","490.157653808594","0","0.0139742223545909","0.272385507822037","0","0","553.019958496094","0","15.098858833313","0.0184755064547062","0","9","193","82","400","297","297","-1","0","194","0","96","0","2.9858603477478","0.483333349227905","0.103166937828064","91","305","20460.000592614","1023","20.0000005792904","2.94074240565885","-0.0451179420889489","10"
"Mini_Simmons","90","2","0","0","0","0","0","-0.276327639818192","0","13.0020618438721","67.0376358032227","0","0","504.318572998047","0","0","0","80.3412170410156","208.989654541016","0","208.989654541016","105.411239624023","505.912902832031","0","0.00515206484124064","0.0167904831469059","0","0","79.6468811035156","0","0.582551896572113","0.0663275420665741","0","9","87","4","400","244","244","-1","0","88","0","43","0","13.1231203079224","0.216666668653488","0.137555912137032","32","360","20459.9986359333","1023","19.9999986666015","17.8691586661272","4.74603835820479","10"
"Mini_Simmons","90","2","1","0","0","0","0","-0.309390187263489","0","14.3537445068359","65.4448547363281","0","0","503.326751708984","0","0","0","86.2805862426758","212.57177734375","0","212.57177734375","109.142990112305","505.593566894531","0","0.00533445691689849","0.0183408167213202","0","0","79.4026260375977","0","0.649895906448364","0.061537828296423","0","9","93","7","400","247","247","-1","0","94","0","46","0","12.2625370025635","0.233333334326744","0.137555912137032","35","359","20460.0002985424","1023","20.0000002918303","16.908949499119","4.64641249655548","10"
"Mini_Simmons","90","2","2","0","0","0","0","0.488849699497223","0","10.5648384094238","74.8125610351563","0","0","505.902709960938","0","0","0","60.0806007385254","228.062393188477","0","228.062393188477","98.749755859375","506.744110107422","0","0.00482647866010666","0.0137021252885461","0","0","85.0078353881836","0","0.461790174245834","0.064916230738163","0","9","99","10","400","250","250","-1","0","100","0","49","0","13.9581995010376","0.25","0.137555912137032","37","365","20460.0005125047","1023","20.0000005009821","20.624572266638","6.66637276560038","10"
"Mini_Simmons","90","2","3","0","0","0","0","-0.573544085025787","0","39.0209503173828","39.8487167358398","0","0","485.109436035156","0","0","0","266.817352294922","188.740692138672","0","188.740692138672","163.419296264648","501.037139892578","0","0.00798725709319115","0.0503592938184738","0","0","78.4525146484375","0","2.18517589569092","0.0416647642850876","0","9","119","20","399","260","260","-1","0","120","0","59","0","7.72354125976563","0.300000011920929","0.137555912137032","51","345","20460.002020463","1023","20.0000019750372","9.12595962835407","1.40241836858844","10"
"Mini_Simmons","90","2","4","0","0","0","0","-1.02342164516449","0","42.3815155029297","37.8715324401855","0","0","482.169097900391","0","0","0","262.149169921875","209.475112915039","0","209.475112915039","169.591842651367","500.60595703125","0","0.00828894600272179","0.054913729429245","0","0","79.838752746582","0","2.43961644172668","0.0321935340762138","0","9","139","30","400","270","270","-1","0","140","0","69","0","7.22476816177368","0.349999994039536","0.137555912137032","60","341","20460.0008970597","1023","20.0000008768912","8.68168777519755","1.45691961342387","10"
"Mini_Simmons","90","2","5","0","0","0","0","-0.644402265548706","0","71.2914428710938","24.6558303833008","383.116912841797","0","435.023071289063","0","0","0","506.456604003906","189.038558959961","0","189.038558959961","201.307418823242","452.025115966797","0","0.00983907282352448","0.095739834010601","0","0","477.72509765625","0","4.69218063354492","0.000605530920438468","0","9","159","40","399","280","280","-1","0","160","0","79","0","6.45239734649658","0.400000005960464","0.137555912137032","67","305","20459.9988671627","1023","19.9999988926322","5.89863618990759","-0.553761156588997","10"
"Mini_Simmons","90","2","6","0","0","0","0","-0.702535510063171","0","72.9806289672852","22.6468677520752","536.725646972656","0","437.256469726563","0","0","0","514.932983398438","193.603118896484","0","193.603118896484","187.25651550293","461.110412597656","0","0.00915232207626104","0.0996926352381706","0","0","630.276550292969","0","4.92460775375366","0.0103424256667495","0","9","179","50","400","290","290","-1","0","180","0","89","0","6.57022714614868","0.449999988079071","0.137555912137032","74","308","20460.0006361914","1023","20.000000621888","5.26747904730328","-1.3027480988454","10"
"Mini_Simmons","90","2","7","0","0","0","0","-0.659533441066742","0","81.0483016967773","20.6322402954102","715.833801269531","0","420.884124755859","0","0","0","609.733154296875","182.735641479492","0","182.735641479492","195.608856201172","440.677978515625","0","0.00956055149435997","0.111419975757599","0","0","815.026916503906","0","5.54766607284546","0.0238833837211132","0","9","199","60","399","300","300","-1","0","200","0","99","0","6.31061792373657","0.5","0.137555912137032","78","313","20459.9971368353","1023","19.9999972012076","4.9223997800175","-1.38821814371907","10"
"Mini_Simmons","90","2","8","0","0","0","0","-0.707065463066101","0","91.6948928833008","19.3386726379395","711.400634765625","0","403.077362060547","0","0","0","751.27197265625","169.476760864258","0","169.476760864258","215.469482421875","422.906127929688","0","0.0105312550440431","0.127323135733604","0","0","820.479125976563","0","6.44248533248901","0.0298302210867405","0","9","207","64","400","304","304","-1","0","208","0","103","0","5.80186748504639","0.516666650772095","0.137555912137032","78","314","20460.0004007836","1023","20.0000003917728","4.74451545382921","-1.05735203121717","10"
