"board","drift_deg","roll_case","element_index","boundary_layer_mm","Cl0_Savitsky","Cl0_theorique","Cv_Savitsky","delta_plan_horizontal_deg","deviation_rail_deg","Fx_friction_n","Fx_planing","Fx_rail_n","Fx_rocker","Fz_planing_n","lamda_Savitsky","laminar_boundary_layer_mm","laminar_turbulent_transition_mm","largeur_B_element_mm","longueur_calcul_largeur_element_mm","longueur_element_mm","longueur_mouillee_element_mm","masse_flux_devie_kg_sec_planing","portance_globale_verticale_n","pression_dynamique_B","section_frontale_flux_devie_m2_planing","surface_contact_m2","surface_coupe_partie_immergee_m2","surface_max_element_m2","trainee_globale_horizontale_n","volume_deplacement_litres","volume_litres","inclinaison_roulis_rad_ligne_attack","inclinaison_roulis_rad_ligne_surface","index_dernier_element_on_attack","index_L1_max","index_L1_min","index_L2_max","index_L2_min","index_nose","index_point_contact","index_point_decrochage","index_point_roulis_avant_dans_tab_index_axe_roulis","index_premier_element_on_attack","index_tail","point_attack_on_outline","incidence_deg_stored","pos_x","pos_y","attack_index_1","attack_index_2","rho_v_kg_m2_s","rho_kgm3","scan_speed_ms","incidence_deg_derived","incidence_deg_residual","n_sub_elements"
"Bettsy_TowIn","0","0","0","0","0","0","0","3.22901391983032","0","3.00166869163513","205.37663269043","0","0","507.214813232422","0","0","0","73.5980453491211","55.3362083435059","0","55.3362083435059","53.2271003723145","505.576446533203","0","0.00260152015835047","0.0040726363658905","0","0","207.800323486328","0","0.0993022620677948","-0.0584881119430065","0","8","199","1","393","201","200","-1","0","200","0","0","0","39.378532409668","0.0166666675359011","0","8","392","20459.9992052585","1023","19.9999992231266","39.7009299180853","0.322397508417339","10"
"Bettsy_TowIn","0","0","1","0","0","0","0","3.25924396514893","0","9.93772792816162","82.0795669555664","0","0","502.950347900391","0","0","0","126.390159606934","110.676696777344","0","110.676696777344","86.9401397705078","502.976440429688","0","0.00424927333369851","0.0139884455129504","0","0","91.5485000610352","0","0.400144666433334","-0.0624186508357525","0","8","199","1","390","201","200","-1","0","200","0","0","0","20.7412967681885","0.0333333350718021","0","13","386","20460.0017327754","1023","20.0000016938176","17.6841935783857","-3.05710318980275","10"
"Bettsy_TowIn","0","0","2","0","0","0","0","3.25924396514893","0","12.4069194793701","71.3101959228516","0","0","501.548675537109","0","0","0","156.56135559082","110.676696777344","0","110.676696777344","96.8647613525391","503.311584472656","0","0.00473434804007411","0.017327694222331","0","0","83.2607498168945","0","0.50814151763916","-0.0033724142704159","0","9","199","1","387","201","200","-1","0","200","0","0","0","18.5634155273438","0.0500000007450581","0","15","386","20460.000095604","1023","20.0000000934546","15.8562256041974","-2.70718992314632","10"
"Bettsy_TowIn","0","0","3","0","0","0","0","3.30320382118225","0","42.9297790527344","33.3961448669434","0","0","484.315307617188","0","0","0","194.215179443359","332.048309326172","0","332.048309326172","180.010437011719","498.328948974609","0","0.00879816338419914","0.0644888207316399","0","0","75.9280853271484","0","1.97698760032654","-0.000898184138350189","0","9","199","1","379","201","200","-1","0","200","0","0","0","10.5564088821411","0.100000001490116","0","31","370","20460.0016106776","1023","20.0000015744649","7.84127619866779","-2.71513268347332","10"
"Bettsy_TowIn","0","0","4","0","0","0","0","2.88823103904724","0","77.6694107055664","22.4393539428711","0","0","462.772033691406","0","0","0","248.994995117188","497.887573242188","0","497.887573242188","242.066040039063","495.076812744141","0","0.0118311839178205","0.12397151440382","0","0","99.7493743896484","0","3.96163320541382","-0.000772471830714494","0","9","199","1","369","201","200","-1","0","200","0","0","0","7.92461442947388","0.150000005960464","0","48","353","20460.001443681","1023","20.0000014112229","5.47633981982184","-2.44827460965204","10"
"Bettsy_TowIn","0","0","5","0","0","0","0","2.46973395347595","0","116.579261779785","16.2554321289063","0","0","433.837554931641","0","0","0","269.853698730469","718.929138183594","0","718.929138183594","292.792358398438","492.685455322266","0","0.014310478232801","0.194005683064461","0","0","132.51203918457","0","6.7256646156311","-0.000994781614281237","0","9","199","1","359","201","200","-1","0","200","0","0","0","6.3823823928833","0.200000002980232","0","65","335","20459.9981660522","1023","19.9999982072846","4.2301614214748","-2.15222097140851","10"
"Bettsy_TowIn","0","0","6","0","0","0","0","2.22312474250793","0","158.35270690918","12.025505065918","0","0","396.678344726563","0","0","0","307.311248779297","884.679748535156","0","884.679748535156","331.287170410156","491.062744140625","0","0.0161919463425875","0.271872013807297","0","0","170.093185424805","0","10.3475751876831","-0.00203984184190631","0","9","199","1","350","201","200","-1","0","200","0","0","0","5.29018926620483","0.25","0","83","317","20459.9968033995","1023","19.9999968752683","3.41439864027764","-1.87579062592719","10"
"Bettsy_TowIn","0","0","7","0","0","0","0","1.93417489528656","0","199.298736572266","9.07254505157471","0","0","356.496032714844","0","0","0","319.033416748047","1105.64575195313","0","1105.64575195313","356.470367431641","490.208465576172","0","0.0174227952957153","0.352737933397293","0","0","208.122482299805","0","14.3089399337769","-0.000374980241758749","0","9","199","1","339","201","200","-1","0","200","0","0","0","4.44464445114136","0.300000011920929","0","101","299","20459.9986042024","1023","19.999998635584","2.83116406437708","-1.61348038676428","10"
"Bettsy_TowIn","0","0","8","0","0","0","0","1.71344709396362","0","238.694580078125","6.96531009674072","0","0","318.233764648438","0","0","0","340.943634033203","1271.33520507813","0","1271.33520507813","372.312133789063","489.869689941406","0","0.0181970726698637","0.433453649282455","0","0","245.443649291992","0","18.1047325134277","-0.00205685989931226","0","9","199","1","330","201","200","-1","0","200","0","0","0","3.71665596961975","0.349999994039536","0","119","281","20460.0014817576","1023","20.0000014484434","2.40607497289993","-1.31058099671982","10"
"Bettsy_TowIn","0","0","9","0","0","0","0","1.3638209104538","0","277.18017578125","5.72340297698975","0","0","286.259552001953","0","0","0","343.071502685547","1492.189453125","0","1492.189453125","379.222534179688","489.900573730469","0","0.0185348242521286","0.511927664279938","0","0","282.712829589844","0","21.2937145233154","-0.0143165420740843","0","9","199","1","319","201","200","-1","0","200","0","0","0","2.95860838890076","0.400000005960464","0","140","266","20460.0016175571","1023","20.0000015811897","2.07490120814374","-0.883707180757021","10"
"Bettsy_TowIn","0","0","10","0","0","0","0","0.750430524349213","0","317.777282714844","4.61963272094727","0","0","259.615631103516","0","0","0","342.2822265625","1768.16442871094","0","1768.16442871094","389.116729736328","489.844177246094","0","0.0190184134989977","0.60521125793457","0","0","322.227386474609","0","23.9445323944092","-0.00389029504731297","0","8","199","1","310","201","200","-1","0","200","1","0","0","2.11179876327515","0.449999988079071","0","161","239","20459.9994503661","1023","19.9999994627235","1.8007831709596","-0.311015592315543","10"
"Bettsy_TowIn","0","0","11","0","0","0","0","-0.712906301021576","0","353.635589599609","3.80646777153015","0","0","249.779708862305","0","0","0","318.541534423828","2154.8994140625","0","2154.8994140625","415.691650390625","488.299865722656","0","0.0203172843903303","0.686424911022186","0","0","357.284973144531","0","24.8854179382324","-0.0796809494495392","0","5","199","1","299","201","200","-1","0","200","4","0","0","1.10176503658295","0.5","0","194","206","20460.0005790374","1023","20.0000005660189","1.69612812111226","0.59436308452931","10"
"Bettsy_TowIn","0","1","0","0","0","0","0","3.13755631446838","0","3.60432863235474","307.395050048828","0","0","676.957885742188","0","0","0","57.5693206787109","88.1474380493164","0","88.1474380493164","69.3099594116211","506.597595214844","0","0.00338758388534188","0.00507458811625838","0","0","310.202178955078","0","0.122491300106049","0.724200546741486","0","9","207","0","397","216","207","-1","0","215","0","6","0","41.7482872009277","0.0333333350718021","0.0185270234942436","10","390","20459.9979683237","1023","19.9999980140017","41.8788987860099","0.130611585082214","10"
"Bettsy_TowIn","0","1","1","0","0","0","0","3.08701300621033","0","10.3998794555664","85.5377960205078","0","0","526.121948242188","0","0","0","100.814361572266","141.077835083008","0","141.077835083008","91.2368774414063","503.969604492188","0","0.00445928052067757","0.0142226722091436","0","0","95.4506149291992","0","0.400393158197403","0.297842979431152","0","9","207","0","394","216","207","-1","0","215","0","6","0","20.6006698608398","0.0500000007450581","0.0185270234942436","15","386","20459.9995488831","1023","19.9999995590255","18.2722900564372","-2.32837980440262","10"
"Bettsy_TowIn","0","1","2","0","0","0","0","2.91210055351257","0","39.1111221313477","36.1197776794434","0","0","492.67236328125","0","0","0","193.280303955078","299.846771240234","0","299.846771240234","172.883270263672","498.871368408203","0","0.00844981800764799","0.0579544752836227","0","0","74.8235702514648","0","1.76591575145721","0.155804827809334","0","9","207","0","386","216","207","-1","0","215","0","6","0","10.9836874008179","0.100000001490116","0.0185270234942436","24","364","20459.9992694747","1023","19.999999285899","8.38366365599291","-2.60002374482496","10"
"Bettsy_TowIn","0","1","3","0","0","0","0","2.64596557617188","0","71.2568206787109","24.2645435333252","0","0","471.408782958984","0","0","0","221.396530151367","511.459014892578","0","511.459014892578","233.293792724609","495.726257324219","0","0.0114024328067899","0.113235250115395","0","0","95.1537704467773","0","3.65856575965881","0.149676516652107","0","9","207","0","376","216","207","-1","0","215","0","6","0","8.21490383148193","0.150000005960464","0.0185270234942436","33","340","20460.0015345575","1023","20.0000015000562","5.77929944735982","-2.43560438412212","10"
"Bettsy_TowIn","0","1","4","0","0","0","0","2.42269134521484","0","105.822471618652","17.9337921142578","0","0","445.479919433594","0","0","0","257.542572021484","670.104187011719","0","670.104187011719","281.394897460938","493.446716308594","0","0.0137534150853753","0.172580361366272","0","0","123.42374420166","0","6.02296257019043","0.137586668133736","0","9","207","0","366","216","207","-1","0","215","0","6","0","6.66669416427612","0.200000002980232","0.0185270234942436","44","321","20460.001804218","1023","20.0000017636539","4.57090919466163","-2.09578496961449","10"
"Bettsy_TowIn","0","1","5","0","0","0","0","2.14819693565369","0","140.629165649414","13.8519449234009","0","0","414.894561767578","0","0","0","271.457366943359","881.577880859375","0","881.577880859375","317.304992675781","491.959838867188","0","0.0155085539445281","0.239310830831528","0","0","154.182235717773","0","8.97018909454346","0.13801421225071","0","9","207","0","357","216","207","-1","0","215","0","6","0","5.59942770004272","0.25","0.0185270234942436","54","300","20459.9986440216","1023","19.9999986745079","3.71566091007861","-1.88376678996412","10"
"Bettsy_TowIn","0","1","6","0","0","0","0","2.0182774066925","0","162.605743408203","12.1103639602661","0","0","395.404357910156","0","0","0","285.459197998047","987.296569824219","0","987.296569824219","334.323638916016","491.481475830078","0","0.0163403525948524","0.281832873821259","0","0","174.437683105469","0","11.0486755371094","0.167791023850441","0","9","207","0","346","216","207","-1","0","215","0","6","0","5.00896263122559","0.300000011920929","0.0185270234942436","57","284","20460.0015192655","1023","20.0000014851081","3.32380857616727","-1.68515405505831","10"
"Bettsy_TowIn","0","1","7","0","0","0","0","1.75179159641266","0","200.771469116211","10.5718097686768","0","0","361.726440429688","0","0","0","296.642639160156","1198.69519042969","0","1198.69519042969","348.273345947266","491.282287597656","0","0.0170221570879221","0.35558408498764","0","0","211.096328735352","0","14.3342800140381","0.165587291121483","0","8","207","0","337","216","207","-1","0","215","0","6","0","3.9990565776825","0.349999994039536","0.0185270234942436","66","263","20460.000700756","1023","20.000000685001","2.74385337911882","-1.25520319856367","10"
"Bettsy_TowIn","0","1","8","0","0","0","0","1.34991180896759","0","233.855484008789","8.96761608123779","0","0","338.196685791016","0","0","0","291.875823974609","1462.85424804688","0","1462.85424804688","360.626708984375","491.471038818359","0","0.0176259391009808","0.426971793174744","0","0","242.599105834961","0","17.1977310180664","0.244520381093025","0","7","207","0","326","216","207","-1","0","215","0","6","0","3.24024367332458","0.400000005960464","0.0185270234942436","68","240","20459.9997150965","1023","19.999999721502","2.36591503257605","-0.874328640748538","10"
"Bettsy_TowIn","0","1","9","0","0","0","0","1.03643393516541","0","258.229705810547","7.66549396514893","0","0","317.703552246094","0","0","0","292.563873291016","1621.30114746094","0","1621.30114746094","370.362487792969","491.119659423828","0","0.0181017834693193","0.47433415055275","0","0","265.686340332031","0","19.141881942749","0.241946145892143","0","7","207","0","323","216","207","-1","0","215","0","6","0","2.9121789932251","0.416666686534882","0.0185270234942436","82","235","20459.9998901045","1023","19.9999998925752","2.18708208601753","-0.725096907207571","10"
"Bettsy_TowIn","0","2","0","0","0","0","0","2.55610251426697","0","0.880397200584412","119.16877746582","0","0","230.860763549805","0","0","0","8.65180778503418","132.800964355469","0","132.800964355469","23.3330402374268","117.62523651123","0","0.00114042242057621","0.00114896846935153","0","0","119.825759887695","0","0.0218990370631218","1.03579127788544","0","9","214","0","399","231","214","-1","0","230","0","13","0","45","0.0666666701436043","0.0370540469884872","6","393","20459.9978187358","1023","19.9999978677769","83.007467363382","38.007467363382","10"
"Bettsy_TowIn","0","2","1","0","0","0","0","2.41556811332703","0","5.75730419158936","366.887512207031","0","0","926.114379882813","0","0","0","46.0471725463867","162.014770507813","0","162.014770507813","97.7550506591797","506.303497314453","0","0.00477786175906658","0.00746032223105431","0","0","371.563446044922","0","0.176340192556381","0.992296516895294","0","9","214","0","397","231","214","-1","0","230","0","13","0","38.3401679992676","0.0833333358168602","0.0370540469884872","11","381","20459.9998050754","1023","19.9999998094579","39.8243678017974","1.48419980252979","10"
"Bettsy_TowIn","0","2","2","0","0","0","0","2.54228758811951","0","16.8870964050293","77.1169357299805","0","0","592.752197265625","0","0","0","91.7963256835938","259.427642822266","0","259.427642822266","123.418319702148","502.924224853516","0","0.00603217631578445","0.0238145031034946","0","0","93.477294921875","0","0.626421093940735","0.566461861133575","0","9","214","0","393","231","214","-1","0","230","0","13","0","16.9116191864014","0.100000001490116","0.0370540469884872","18","367","20459.9987203952","1023","19.9999987491645","14.6727818619006","-2.23883732450074","10"
"Bettsy_TowIn","0","2","3","0","0","0","0","2.39845156669617","0","46.5921821594238","34.7599639892578","0","0","511.443756103516","0","0","0","155.784683227539","454.259094238281","0","454.259094238281","193.81916809082","498.362976074219","0","0.00947307609021664","0.0707666054368019","0","0","80.939811706543","0","2.19621515274048","0.34019809961319","0","9","214","0","383","231","214","-1","0","230","0","13","0","10.0275020599365","0.150000005960464","0.0370540469884872","25","343","20460.0033025163","1023","20.0000032282661","7.6929150060158","-2.33458705392072","10"
"Bettsy_TowIn","0","2","4","0","0","0","0","2.22402787208557","0","70.9907608032227","26.0264511108398","0","0","491.473083496094","0","0","0","172.100784301758","649.055725097656","0","649.055725097656","238.548065185547","496.246368408203","0","0.0116592422127724","0.111702993512154","0","0","96.6403656005859","0","3.77146553993225","0.328042924404144","0","9","214","0","373","231","214","-1","0","230","0","13","0","8.05311107635498","0.200000002980232","0.0370540469884872","28","321","20459.997385098","1023","19.9999974438886","5.99128347428987","-2.06182760206511","10"
"Bettsy_TowIn","0","2","5","0","0","0","0","2.02455592155457","0","106.881736755371","18.4928894042969","0","0","452.820068359375","0","0","0","210.307006835938","843.805114746094","0","843.805114746094","285.717254638672","493.934661865234","0","0.0139646753668785","0.177458122372627","0","0","125.043632507324","0","6.48022270202637","0.265738934278488","0","9","214","0","364","231","214","-1","0","230","0","13","0","6.4184775352478","0.25","0.0370540469884872","35","302","20459.9997588442","1023","19.9999997642661","4.51343127609931","-1.90504625914849","10"
"Bettsy_TowIn","0","2","6","0","0","0","0","2.07581233978271","0","87.4317169189453","24.7513809204102","0","0","508.258056640625","0","0","0","179.323593139648","795.122131347656","0","795.122131347656","272.628082275391","495.984649658203","0","0.0133249312639236","0.142584159970284","0","0","111.81372833252","0","5.22432422637939","0.481140375137329","0","9","214","0","353","231","214","-1","0","230","0","13","0","6.94091701507568","0.300000011920929","0.0370540469884872","23","288","20459.9991456251","1023","19.9999991648339","5.3622927514809","-1.57862426359478","10"
"Bettsy_TowIn","0","2","7","0","0","0","0","1.68686401844025","0","141.534378051758","16.1623249053955","0","0","433.151916503906","0","0","0","215.19303894043","1135.84057617188","0","1135.84057617188","319.092712402344","493.471130371094","0","0.0155959287658334","0.244424968957901","0","0","157.397705078125","0","9.48314571380615","0.352239727973938","0","8","214","0","344","231","214","-1","0","230","0","13","0","4.93264484405518","0.349999994039536","0.0370540469884872","32","266","20460.0006317926","1023","20.0000006175881","3.65833445778718","-1.274310386268","10"
"Bettsy_TowIn","0","2","8","0","0","0","0","1.05869019031525","0","190.657638549805","11.9944734573364","0","0","387.269012451172","0","0","0","225.309753417969","1525.03979492188","0","1525.03979492188","348.566925048828","492.474182128906","0","0.0170365050435066","0.343606352806091","0","0","202.393783569336","0","13.5800037384033","0.341201364994049","0","7","214","0","333","231","214","-1","0","230","0","13","0","3.78914785385132","0.400000005960464","0.0370540469884872","44","247","20460.0018700245","1023","20.000001827981","2.84197379875178","-0.947174055099534","10"
"Bettsy_TowIn","0","3","0","0","0","0","0","2.82917642593384","0","3.22095990180969","345.970001220703","0","0","653.128234863281","0","0","0","15.2409057617188","286.056549072266","0","286.056549072266","65.5449600219727","228.338775634766","0","0.00320356641896069","0.00435976078733802","0","0","348.341583251953","0","0.0829596966505051","1.21375954151154","0","9","223","0","399","250","223","-1","0","249","0","22","0","45","0.116666674613953","0.0555810704827309","12","381","20459.9972187363","1023","19.9999972812671","47.2905923489046","2.29059234890456","10"
"Bettsy_TowIn","0","3","1","0","0","0","0","2.82917642593384","0","2.65954661369324","285.887481689453","0","0","540.139099121094","0","0","0","12.4078426361084","286.056549072266","0","286.056549072266","54.2211380004883","177.111450195313","0","0.00265010446310043","0.00354934483766556","0","0","287.847106933594","0","0.0651391223073006","1.23684298992157","0","9","223","0","396","250","223","-1","0","249","0","22","0","45","0.133333340287209","0.0555810704827309","10","380","20460.0002586515","1023","20.0000002528362","48.3006850008288","3.30068500082878","10"
"Bettsy_TowIn","0","3","2","0","0","0","0","2.16028785705566","0","9.4724817276001","393.237884521484","0","0","1229.35791015625","0","0","0","34.436206817627","370.612548828125","0","370.612548828125","139.997894287109","505.993774414063","0","0.00684251729398966","0.0127624915912747","0","0","401.381530761719","0","0.288453012704849","1.14740610122681","0","9","223","0","392","250","223","-1","0","249","0","22","0","32.7827606201172","0.150000005960464","0.0555810704827309","15","365","20459.9986046189","1023","19.9999986359911","32.4214463521046","-0.361314268012563","10"
"Bettsy_TowIn","0","3","3","0","0","0","0","2.0201587677002","0","34.8798561096191","54.8893508911133","0","0","625.2900390625","0","0","0","90.7700653076172","582.044494628906","0","582.044494628906","186.066436767578","500.716552734375","0","0.00909415632486343","0.0528322160243988","0","0","89.2606582641602","0","1.55154693126678","0.670865058898926","0","9","223","0","382","250","223","-1","0","249","0","22","0","11.7605676651001","0.200000002980232","0.0555810704827309","24","334","20459.9998197603","1023","19.9999998238126","9.91184657576154","-1.84872108933856","10"
"Bettsy_TowIn","0","3","4","0","0","0","0","1.91646671295166","0","46.2472877502441","47.9059524536133","0","0","636.784729003906","0","0","0","100.541229248047","708.9013671875","0","708.9013671875","219.605270385742","499.8310546875","0","0.0107333948835731","0.0712738111615181","0","0","93.6588821411133","0","2.31636834144592","0.713007867336273","0","9","223","0","373","250","223","-1","0","249","0","22","0","10.1243009567261","0.25","0.0555810704827309","23","314","20460.0010311591","1023","20.0000010079756","8.66133990769982","-1.46296104902625","10"
"Bettsy_TowIn","0","3","5","0","0","0","0","1.84322476387024","0","53.0308074951172","49.9742698669434","0","0","688.550537109375","0","0","0","105.642807006836","793.467407226563","0","793.467407226563","247.123916625977","499.830444335938","0","0.0120783941820264","0.0838241279125214","0","0","102.486961364746","0","2.84002494812012","0.806679546833038","0","9","223","0","362","250","223","-1","0","249","0","22","0","9.47573757171631","0.300000011920929","0.0555810704827309","20","299","20459.9976538037","1023","19.999997706553","8.28470832177543","-1.19102924994088","10"
"Bettsy_TowIn","0","3","6","0","0","0","0","1.5811722278595","0","73.6004791259766","36.6445846557617","0","0","622.189270019531","0","0","0","116.06893157959","1047.126953125","0","1047.126953125","278.969573974609","498.243713378906","0","0.0136348772794008","0.121538907289505","0","0","109.798896789551","0","4.40506219863892","0.738949596881866","0","8","223","0","353","250","223","-1","0","249","0","22","0","7.45044612884521","0.349999994039536","0.0555810704827309","22","281","20459.9988880038","1023","19.9999989130047","6.44130324622325","-1.00914288262197","10"
"Bettsy_TowIn","0","3","7","0","0","0","0","1.00798940658569","0","98.8834609985352","32.2854309082031","0","0","633.251708984375","0","0","0","119.362503051758","1427.48278808594","0","1427.48278808594","329.902893066406","497.533538818359","0","0.0161242876201868","0.170387923717499","0","0","130.73600769043","0","6.42476320266724","0.80418986082077","0","7","223","0","342","250","223","-1","0","249","0","22","0","5.99523878097534","0.400000005960464","0.0555810704827309","24","262","20459.9980375805","1023","19.9999980817014","5.43018619304111","-0.565052587934231","10"
"Bettsy_TowIn","0","4","0","0","0","0","0","1.05355751514435","0","0.744922459125519","109.850280761719","0","0","176.897033691406","0","0","0","2.39797735214233","496.785858154297","0","496.785858154297","18.1241283416748","34.1042938232422","0","0.000885832239873707","0.00119128113146871","0","0","110.376274108887","0","0.013921856880188","1.37701463699341","0","9","243","0","399","288","243","-1","0","287","0","42","0","45","0.216666668653488","0.0741080939769745","15","384","20460.0008058622","1023","20.0000007877441","48.0386672416529","3.03866724165293","10"
"Bettsy_TowIn","0","4","1","0","0","0","0","1.05355751514435","0","0.64284759759903","101.325881958008","0","0","157.569793701172","0","0","0","2.12501382827759","496.785858154297","0","496.785858154297","16.1929302215576","29.1821823120117","0","0.000791443337220699","0.0010556768393144","0","0","101.773796081543","0","0.0117430277168751","1.38473474979401","0","9","243","0","396","288","243","-1","0","287","0","42","0","45","0.233333334326744","0.0741080939769745","13","383","20459.9994213384","1023","19.9999994343484","48.5645966544459","3.56459665444589","10"
"Bettsy_TowIn","0","4","2","0","0","0","0","1.76027274131775","0","5.82492351531982","654.526977539063","0","0","1163.79382324219","0","0","0","13.4387645721436","592.067016601563","0","592.067016601563","116.792709350586","207.634628295898","0","0.00570834381505847","0.00795664917677641","0","0","658.724548339844","0","0.15819551050663","1.39218473434448","0","9","243","0","393","288","243","-1","0","287","0","42","0","45","0.25","0.0741080939769745","23","363","20459.9991056057","1023","19.9999991257142","45.842753204207","0.842753204206971","10"
"Bettsy_TowIn","0","4","3","0","0","0","0","1.52224099636078","0","17.761646270752","804.572814941406","0","0","2496.478515625","0","0","0","33.4836349487305","782.627990722656","0","782.627990722656","283.543701171875","506.36083984375","0","0.0138584394007921","0.0262052305042744","0","0","819.819946289063","0","0.713781416416168","1.36873137950897","0","9","243","0","382","288","243","-1","0","287","0","42","0","32.1077690124512","0.300000011920929","0.0741080939769745","27","336","20460.0022391892","1023","20.0000021888458","31.9272807493422","-0.18048826310897","10"
"Bettsy_TowIn","0","4","4","0","0","0","0","1.26324415206909","0","31.1406421661377","294.249694824219","0","0","1800.6494140625","0","0","0","47.9548683166504","1036.69140625","0","1036.69140625","312.465911865234","504.891479492188","0","0.0152720399200916","0.0497144013643265","0","0","323.940551757813","0","1.55517935752869","1.29413247108459","0","8","243","0","373","288","243","-1","0","287","0","42","0","18.4951934814453","0.349999994039536","0.0741080939769745","28","313","20459.9983695799","1023","19.9999984062365","17.8902993080794","-0.604894173365935","10"
"Bettsy_TowIn","0","4","5","0","0","0","0","0.590665578842163","0","44.3924331665039","300.668060302734","0","0","2120.57666015625","0","0","0","51.599235534668","1449.44274902344","0","1449.44274902344","413.076599121094","504.67626953125","0","0.0201894696801901","0.0747901350259781","0","0","343.468902587891","0","2.49546957015991","1.34134864807129","0","6","243","0","362","288","243","-1","0","287","0","42","0","15.9031820297241","0.400000005960464","0.0741080939769745","28","294","20460.0024500101","1023","20.0000023949268","15.6611897274574","-0.241992302266752","10"
"Bettsy_TowIn","0","4","6","0","0","0","0","0.378577262163162","0","43.7360076904297","589.7958984375","0","0","3228.17236328125","0","0","0","47.7615203857422","1544.68176269531","0","1544.68176269531","514.363159179688","505.697998046875","0","0.0251399371773005","0.0737763494253159","0","0","631.049560546875","0","2.47977924346924","1.42061829566956","0","6","243","0","359","288","243","-1","0","287","0","42","0","19.7135391235352","0.416666686534882","0.0741080939769745","27","291","20460.0017713696","1023","20.0000017315441","19.9231084015073","0.209569277972175","10"
"Bettsy_TowIn","10","0","0","0","0","0","0","2.83873724937439","0","1.69439220428467","189.467895507813","0","0","365.987487792969","0","0","0","77.4039611816406","30.6323947906494","0","30.6323947906494","36.8037948608398","365.210296630859","0","0.00179881672374904","0.0023710688110441","0","0","190.72705078125","0","0.0517803505063057","-0.029912082478404","0","9","109","2","394","201","201","-1","0","110","1","0","0","45","0.0166666675359011","0","7","394","20460.0026089008","1023","20.0000025502452","49.3455313697146","4.34553136971456","10"
"Bettsy_TowIn","10","0","1","0","0","0","0","3.36745142936707","0","8.20276641845703","95.1099014282227","0","0","513.539184570313","0","0","0","121.573936462402","96.9237670898438","0","96.9237670898438","80.6818923950195","504.540710449219","0","0.00394339673221111","0.011783404275775","0","0","102.830001831055","0","0.320834338665009","-0.192622125148773","0","9","113","3","392","202","202","-1","0","114","0","1","0","22.9010105133057","0.0333333350718021","0","17","392","20459.998796464","1023","19.999998823523","19.5516720118176","-3.34933850148806","10"
"Bettsy_TowIn","10","0","2","0","0","0","0","3.10873675346375","0","15.929368019104","61.1430511474609","0","0","499.878936767578","0","0","0","137.739471435547","168.873565673828","0","168.873565673828","109.728004455566","502.525604248047","0","0.00536305038258433","0.0232605542987585","0","0","76.6290283203125","0","0.671815276145935","-0.0383420139551163","0","9","118","5","391","204","204","-1","0","119","0","3","0","16.4549674987793","0.0500000007450581","0","20","388","20459.9988118499","1023","19.9999988385629","13.3302882223445","-3.12467927643484","10"
"Bettsy_TowIn","10","0","3","0","0","0","0","2.899338722229","0","46.226432800293","31.9449691772461","0","0","482.501617431641","0","0","0","197.391082763672","358.718933105469","0","358.718933105469","186.847457885742","497.964080810547","0","0.00913232937455177","0.0708079189062119","0","0","77.7777404785156","0","2.14357304573059","-0.0130073893815279","0","9","128","7","385","206","206","-1","0","129","0","5","0","10.1118040084839","0.100000001490116","0","37","372","20459.999877623","1023","19.9999998803744","7.41026602023962","-2.70153798824427","10"
"Bettsy_TowIn","10","0","4","0","0","0","0","2.52818322181702","0","84.2599182128906","21.2944641113281","0","0","458.314025878906","0","0","0","252.5263671875","535.6083984375","0","535.6083984375","251.291427612305","494.61767578125","0","0.0122820846736431","0.135255247354507","0","0","105.200660705566","0","4.38329029083252","-0.00379805616103113","0","9","138","9","377","208","208","-1","0","139","0","7","0","7.54213809967041","0.150000005960464","0","56","355","20459.9979799493","1023","19.9999980253659","5.21001865475923","-2.33211944491118","10"
"Bettsy_TowIn","10","0","5","0","0","0","0","2.24664902687073","0","123.204566955566","15.7872457504272","0","0","429.101013183594","0","0","0","294.106719970703","694.226135253906","0","694.226135253906","297.826904296875","492.345275878906","0","0.0145565439015627","0.20417657494545","0","0","138.671249389648","0","7.18102169036865","-0.00399024551734328","0","9","147","11","369","210","210","-1","0","148","0","9","0","6.11208391189575","0.200000002980232","0","72","337","20460.0011040328","1023","20.000001079211","4.08830788268253","-2.02377602921322","10"
"Bettsy_TowIn","10","0","6","0","0","0","0","2.00882959365845","0","150.27001953125","13.2053833007813","0","0","407.183929443359","0","0","0","309.986602783203","811.119262695313","0","811.119262695313","322.057434082031","491.217102050781","0","0.0157408304512501","0.251436084508896","0","0","163.176025390625","0","9.30960559844971","-0.00770246423780918","0","9","157","14","363","213","213","-1","0","158","0","12","0","5.37175130844116","0.25","0","83","326","20460.0027348909","1023","20.0000026734027","3.58927492522054","-1.78247638322062","10"
"Bettsy_TowIn","10","0","7","0","0","0","0","1.88874304294586","0","169.092163085938","11.7166566848755","0","0","390.553588867188","0","0","0","317.387359619141","903.472778320313","0","903.472778320313","335.545745849609","490.636108398438","0","0.0164000876247883","0.286750853061676","0","0","180.524459838867","0","10.9459199905396","-0.0219198130071163","0","9","160","15","360","214","214","-1","0","161","1","13","0","4.9670557975769","0.266666680574417","0","91","318","20459.9971369934","1023","19.9999972013621","3.27869600390351","-1.6883597936734","10"
"Bettsy_TowIn","10","0","8","0","0","0","0","1.80458652973175","0","184.099365234375","10.4555311203003","61.076244354248","0","372.942352294922","0","0","0","330.031036376953","958.303039550781","0","958.303039550781","343.158996582031","483.449371337891","0","0.0167721901088953","0.316269755363464","0","0","255.264175415039","0","12.3476104736328","-0.027667336165905","0","9","163","16","358","215","215","-1","0","164","1","14","0","4.70273542404175","0.283333361148834","0","97","311","20459.9992221668","1023","19.9999992396547","3.039894646031","-1.66284077801075","10"
"Bettsy_TowIn","10","1","0","0","0","0","0","0.690249741077423","0","0.861512780189514","145.228668212891","0","0","249.337249755859","0","0","0","23.4871826171875","34.9395599365234","0","34.9395599365234","25.1149368286133","214.260543823242","0","0.00122751400340348","0.000820631859824061","0","0","145.842895507813","0","0.0179110690951347","0.534197390079498","0","9","133","0","400","207","207","-1","0","134","1","6","0","45","0.0166666675359011","0.0185270234942436","7","396","20460.0002598569","1023","20.0000002540146","NaN","NaN","10"
"Bettsy_TowIn","10","1","1","0","0","0","0","2.61829447746277","0","4.01268243789673","184.992065429688","0","0","566.677978515625","0","0","0","76.4784240722656","72.1421585083008","0","72.1421585083008","64.1093368530273","506.282592773438","0","0.00313339848071337","0.00551731884479523","0","0","188.429565429688","0","0.131420344114304","0.463799864053726","0","9","136","1","398","208","208","-1","0","137","0","7","0","33.4186782836914","0.0333333350718021","0.0185270234942436","11","390","20460.0012566649","1023","20.0000012284114","34.6053446870156","1.18666640332417","10"
"Bettsy_TowIn","10","1","2","0","0","0","0","2.79086065292358","0","9.8713321685791","86.0659103393555","0","0","517.352172851563","0","0","0","122.33723449707","108.830017089844","0","108.830017089844","88.1941452026367","504.066284179688","0","0.00431056413799524","0.013313964009285","0","0","95.4567718505859","0","0.371126472949982","0.233607113361359","0","9","139","1","395","208","208","-1","0","140","0","7","0","20.660457611084","0.0500000007450581","0.0185270234942436","15","386","20460.0006818722","1023","20.0000006665418","18.8906277759563","-1.76982983512764","10"
"Bettsy_TowIn","10","1","3","0","0","0","0","2.61560130119324","0","37.4309692382813","37.5455322265625","0","0","492.357574462891","0","0","0","188.941055297852","290.039855957031","0","290.039855957031","167.096145629883","498.979919433594","0","0.00816696789115667","0.0548004396259785","0","0","74.5602188110352","0","1.64027500152588","0.132839515805244","0","9","148","4","390","211","211","-1","0","149","0","10","0","11.0467386245728","0.100000001490116","0.0185270234942436","26","365","20459.9978666277","1023","19.9999979145921","8.57078005303373","-2.47595857153903","10"
"Bettsy_TowIn","10","1","4","0","0","0","0","2.4813597202301","0","69.7881011962891","25.2112731933594","0","0","471.444152832031","0","0","0","248.665725708008","430.1015625","0","430.1015625","226.580444335938","495.631927490234","0","0.0110743129625916","0.106951519846916","0","0","94.6195068359375","0","3.43544030189514","0.114999063313007","0","9","157","6","382","213","213","-1","0","158","0","12","0","8.18173980712891","0.150000005960464","0.0185270234942436","35","344","20460.0001012534","1023","20.000000098977","5.94335401650317","-2.23838579062573","10"
"Bettsy_TowIn","10","1","5","0","0","0","0","2.27339339256287","0","96.5063400268555","20.1178741455078","0","0","453.128082275391","0","0","0","280.130737304688","539.218933105469","0","539.218933105469","263.335235595703","493.732513427734","0","0.012870735488832","0.151051804423332","0","0","116.268966674805","0","5.16516780853271","0.117163494229317","0","9","165","8","374","215","215","-1","0","166","0","14","0","6.89067697525024","0.200000002980232","0.0185270234942436","42","327","20459.9990283539","1023","19.9999990501993","4.88795302406805","-2.00272395118219","10"
"Bettsy_TowIn","10","1","6","0","0","0","0","1.96365010738373","0","122.949989318848","16.7290897369385","27.9508495330811","0","431.601379394531","0","0","0","295.218322753906","667.633605957031","0","667.633605957031","290.626434326172","489.633422851563","0","0.014204615727067","0.197097674012184","0","0","167.263046264648","0","7.1289381980896","0.124433793127537","0","9","173","10","367","217","217","-1","0","174","0","16","0","5.9758186340332","0.25","0.0185270234942436","48","310","20459.999757148","1023","19.9999997626081","4.13282761971859","-1.84299101431461","10"
"Bettsy_TowIn","10","1","7","0","0","0","0","1.70786154270172","0","145.196350097656","14.5454797744751","0","0","413.687072753906","0","0","0","300.256958007813","795.135620117188","0","795.135620117188","310.124114990234","491.535552978516","0","0.0151575822383165","0.238745018839836","0","0","159.428909301758","0","8.97087001800537","0.119629397988319","0","9","182","14","360","221","221","-1","0","183","0","20","0","5.36085271835327","0.300000011920929","0.0185270234942436","59","303","20459.9988384875","1023","19.9999988646016","3.64007613462035","-1.72077658373292","10"
"Bettsy_TowIn","10","1","8","0","0","0","0","1.52716624736786","0","161.812133789063","13.2491645812988","105.103256225586","0","394.821258544922","0","0","0","303.719055175781","877.0205078125","0","877.0205078125","316.969055175781","477.732666015625","0","0.0154921347275376","0.266367822885513","0","0","279.642364501953","0","10.3201026916504","0.151673451066017","0","9","190","18","355","225","225","-1","0","191","0","24","0","4.87110805511475","0.349999994039536","0.0185270234942436","56","286","20459.9986219047","1023","19.9999986528882","3.33424307834452","-1.53686497677023","10"
"Bettsy_TowIn","10","1","9","0","0","0","0","1.37473475933075","0","198.880905151367","10.6907205581665","151.341644287109","0","359.391510009766","0","0","0","329.547332763672","1017.39245605469","0","1017.39245605469","335.019195556641","471.807464599609","0","0.0163743477314711","0.335278958082199","0","0","360.347961425781","0","13.4154987335205","0.132068276405334","0","9","194","20","353","227","227","-1","0","195","0","26","0","4.21436834335327","0.366666674613953","0.0185270234942436","76","281","20460.0025021298","1023","20.0000024458746","2.79932370215391","-1.41504464119937","10"
"Bettsy_TowIn","10","2","0","0","0","0","0","1.7161591053009","0","2.00835680961609","263.820953369141","0","0","491.934204101563","0","0","0","19.6131744384766","131.343368530273","0","131.343368530273","49.4079513549805","337.416381835938","0","0.00241485587321222","0.00257606036029756","0","0","265.292724609375","0","0.0545027330517769","0.813868463039398","0","9","162","1","400","215","215","-1","0","163","0","14","0","45","0.0666666701436043","0.0370540469884872","9","391","20460.0000782898","1023","20.0000000765296","69.6230380252644","24.6230380252644","10"
"Bettsy_TowIn","10","2","1","0","0","0","0","1.84976696968079","0","8.83037090301514","108.568580627441","0","0","576.162231445313","0","0","0","82.4515838623047","147.217468261719","0","147.217468261719","89.4107360839844","504.678741455078","0","0.00437002582475543","0.012138313613832","0","0","116.862632751465","0","0.290622115135193","0.504381954669952","0","9","164","1","398","215","215","-1","0","165","0","14","0","22.1914768218994","0.0833333358168602","0.0370540469884872","14","376","20460.0017641745","1023","20.0000017245108","21.1013748332827","-1.09010198861667","10"
"Bettsy_TowIn","10","2","2","0","0","0","0","1.91265034675598","0","13.2404623031616","78.3717651367188","0","0","545.886657714844","0","0","0","89.1587066650391","207.864456176758","0","207.864456176758","104.67276763916","503.393829345703","0","0.00511597143486142","0.0185329262167215","0","0","91.1179809570313","0","0.472925037145615","0.403996497392654","0","9","167","2","395","216","216","-1","0","168","0","15","0","17.8369579315186","0.100000001490116","0.0370540469884872","18","372","20459.9984522774","1023","19.9999984870747","16.0244593811574","-1.81249855036116","10"
"Bettsy_TowIn","10","2","3","0","0","0","0","1.95639622211456","0","47.16943359375","33.5935821533203","0","0","492.756683349609","0","0","0","174.06867980957","399.563232421875","0","399.563232421875","187.222793579102","497.853393554688","0","0.0091506727039814","0.0695514380931854","0","0","80.3494262695313","0","2.13565969467163","0.204540237784386","0","9","174","4","387","218","218","-1","0","175","0","17","0","9.71314334869385","0.150000005960464","0.0370540469884872","29","348","20460.0032845282","1023","20.0000032106825","7.56015083041132","-2.15299251828253","10"
"Bettsy_TowIn","10","2","4","0","0","0","0","1.81350660324097","0","48.3503189086914","34.3257102966309","0","0","501.114227294922","0","0","0","159.454574584961","436.432098388672","0","436.432098388672","190.510147094727","497.815368652344","0","0.00931134633719921","0.0695910900831223","0","0","82.2539825439453","0","2.16604471206665","0.275911569595337","0","9","182","7","380","221","221","-1","0","183","0","20","0","9.22049045562744","0.200000002980232","0.0370540469884872","26","330","20460.0001112224","1023","20.0000001087218","7.68928352255551","-1.53120693307193","10"
"Bettsy_TowIn","10","2","5","0","0","0","0","1.63881981372833","0","47.7487182617188","35.8488159179688","0","0","510.542541503906","0","0","0","140.915679931641","488.8466796875","0","488.8466796875","190.640640258789","497.999053955078","0","0.00931772496551275","0.0688861608505249","0","0","83.1660079956055","0","2.16229724884033","0.3342345058918","0","9","192","12","376","226","226","-1","0","193","0","25","0","9.00557613372803","0.25","0.0370540469884872","25","319","20459.9986546499","1023","19.9999986848973","7.77380802781506","-1.23176810591296","10"
"Bettsy_TowIn","10","2","6","0","0","0","0","1.53090631961823","0","52.9772033691406","33.9444427490234","0","0","511.526611328125","0","0","0","144.093688964844","530.576782226563","0","530.576782226563","201.646560668945","497.537719726563","0","0.00985564850270748","0.076452761888504","0","0","86.4933471679688","0","2.53379344940186","0.362237513065338","0","9","200","16","369","230","230","-1","0","201","0","29","0","8.34501552581787","0.300000011920929","0.0370540469884872","25","307","20459.9992190824","1023","19.9999992366396","7.40670248217063","-0.938313043647239","10"
"Bettsy_TowIn","10","2","7","0","0","0","0","1.39574110507965","0","79.8401412963867","25.030481338501","0","0","482.287017822266","0","0","0","169.488372802734","702.520080566406","0","702.520080566406","242.908477783203","495.274108886719","0","0.0118723595514894","0.11906898021698","0","0","104.483764648438","0","4.31332349777222","0.309707283973694","0","9","210","21","365","235","235","-1","0","211","0","34","0","6.60379934310913","0.349999994039536","0.0370540469884872","33","292","20460.0001145291","1023","20.0000001119542","5.72246689824246","-0.881332444866671","10"
"Bettsy_TowIn","10","2","8","0","0","0","0","1.01922011375427","0","172.005813598633","12.9712352752686","156.457061767578","0","383.138793945313","0","0","0","264.368804931641","1074.95385742188","0","1074.95385742188","317.023071289063","470.400604248047","0","0.0154947750270367","0.284184277057648","0","0","340.779052734375","0","11.2381715774536","0.173157975077629","0","9","218","27","360","241","241","-1","0","219","0","40","0","4.4835262298584","0.400000005960464","0.0370540469884872","66","288","20459.998337239","1023","19.9999983746227","3.12552727277516","-1.35799895708324","10"
"Bettsy_TowIn","10","2","9","0","0","0","0","0.928227424621582","0","154.523773193359","15.4767875671387","146.834106445313","0","402.131958007813","0","0","0","228.011627197266","1085.80249023438","0","1085.80249023438","300.774322509766","471.797668457031","0","0.0147006018087268","0.247575581073761","0","0","316.144866943359","0","9.81001281738281","0.219993472099304","0","9","228","32","356","246","246","-1","0","229","0","45","0","4.38392686843872","0.449999988079071","0.0370540469884872","57","281","20460.0006464508","1023","20.0000006319167","3.40412464609505","-0.979802222343671","10"
"Bettsy_TowIn","10","2","10","0","0","0","0","1.03093433380127","0","99.5363616943359","21.2895793914795","216.895080566406","0","452.302673339844","0","0","0","164.223266601563","944.52587890625","0","944.52587890625","262.715270996094","460.522033691406","0","0.0128404330462217","0.155113130807877","0","0","336.601501464844","0","5.86770820617676","0.340292483568192","0","9","230","34","354","248","248","-1","0","231","0","47","0","5.36464881896973","0.466666668653488","0.0370540469884872","42","281","20460.0008465756","1023","20.0000008275421","4.74844073053182","-0.616208088437911","10"
"Bettsy_TowIn","10","3","0","0","0","0","0","1.84105980396271","0","4.03807020187378","481.648223876953","0","0","875.796142578125","0","0","0","22.0543880462646","258.587677001953","0","258.587677001953","87.7840423583984","471.159545898438","0","0.00429051974788308","0.00570299290120602","0","0","484.580932617188","0","0.110404402017593","1.00223612785339","0","9","186","0","399","223","223","-1","0","187","0","22","0","45","0.116666674613953","0.0555810704827309","12","376","20460.0019383923","1023","20.0000018948117","48.7924172165079","3.79241721650795","10"
"Bettsy_TowIn","10","3","1","0","0","0","0","1.59712171554565","0","9.7952709197998","118.115051269531","0","0","625.734802246094","0","0","0","41.5462036132813","319.062652587891","0","319.062652587891","97.4663238525391","504.623840332031","0","0.00476375035941601","0.0132558420300484","0","0","127.326782226563","0","0.297301679849625","0.633490800857544","0","9","190","2","398","225","225","-1","0","191","0","24","0","21.4301948547363","0.133333340287209","0.0555810704827309","18","369","20459.998215458","1023","19.9999982555797","21.0615034123392","-0.368691442397139","10"
"Bettsy_TowIn","10","3","2","0","0","0","0","1.92631804943085","0","8.01595115661621","154.318084716797","0","0","680.000122070313","0","0","0","38.2029304504395","289.578857421875","0","289.578857421875","93.5218505859375","505.293548583984","0","0.00457096053287387","0.0110627608373761","0","0","161.684310913086","0","0.234916120767593","0.733163297176361","0","9","192","3","395","226","226","-1","0","193","0","25","0","24.6245403289795","0.150000005960464","0.0555810704827309","17","369","20459.9995806873","1023","19.9999995901147","24.4050330686356","-0.21950726034391","10"
"Bettsy_TowIn","10","3","3","0","0","0","0","1.48323774337769","0","28.6962814331055","51.184196472168","0","0","538.486572265625","0","0","0","85.9229202270508","461.340270996094","0","461.340270996094","150.651000976563","500.527252197266","0","0.00736319646239281","0.0396397039294243","0","0","79.4081115722656","0","1.10907578468323","0.408752471208572","0","9","202","8","390","231","231","-1","0","203","0","30","0","11.764196395874","0.200000002980232","0.0555810704827309","27","345","20460.0001841599","1023","20.0000001800195","10.7050410013116","-1.05915539456244","10"
"Bettsy_TowIn","10","3","4","0","0","0","0","1.38338136672974","0","46.2160987854004","36.5659141540527","0","0","511.95458984375","0","0","0","112.421730041504","591.997497558594","0","591.997497558594","187.745681762695","498.163177490234","0","0.00917623098939657","0.0665533840656281","0","0","82.3481369018555","0","2.07281947135925","0.336331605911255","0","9","211","13","386","236","236","-1","0","212","0","35","0","9.17493629455566","0.25","0.0555810704827309","35","331","20459.9995335385","1023","19.9999995440259","7.92505960560145","-1.24987668895422","10"
"Bettsy_TowIn","10","3","5","0","0","0","0","1.27309775352478","0","45.8895721435547","38.1078109741211","0","0","525.330810546875","0","0","0","103.908050537109","643.173522949219","0","643.173522949219","189.697952270508","498.367126464844","0","0.0092716496437788","0.0668309032917023","0","0","83.5521774291992","0","2.14004731178284","0.405649483203888","0","9","218","18","380","241","241","-1","0","219","0","40","0","8.93867206573486","0.300000011920929","0.0555810704827309","34","318","20460.0000602691","1023","20.000000058914","7.97453483327167","-0.964137232463189","10"
"Bettsy_TowIn","10","3","6","0","0","0","0","1.15265989303589","0","44.6399955749512","40.1231498718262","0","0","539.240600585938","0","0","0","91.6336669921875","704.556823730469","0","704.556823730469","189.95393371582","498.669921875","0","0.00928416196256876","0.064561128616333","0","0","84.3070831298828","0","2.10366058349609","0.45989316701889","0","9","229","24","377","247","247","-1","0","230","0","46","0","8.91121864318848","0.349999994039536","0.0555810704827309","36","314","20459.9978416645","1023","19.9999978901901","8.26804007096845","-0.643178572220027","10"
"Bettsy_TowIn","10","3","7","0","0","0","0","1.02772665023804","0","53.5795707702637","35.1259918212891","67.5261306762695","0","527.464050292969","0","0","0","97.3254013061523","801.415954589844","0","801.415954589844","207.199920654297","484.297180175781","0","0.010127074085176","0.0779981315135956","0","0","155.360137939453","0","2.69168424606323","0.470600992441177","0","9","238","30","372","253","253","-1","0","239","0","52","0","8.00778007507324","0.400000005960464","0.0555810704827309","40","306","20459.9985061427","1023","19.9999985397289","7.46019621096391","-0.547583864109328","10"
"Bettsy_TowIn","10","3","8","0","0","0","0","0.815941870212555","0","77.8819808959961","25.3190097808838","229.406646728516","0","477.904205322266","0","0","0","118.658309936523","1005.36029052734","0","1005.36029052734","239.935623168945","455.695617675781","0","0.0117270573973656","0.119294352829456","0","0","331.160369873047","0","4.38347053527832","0.407094299793243","0","9","246","36","369","259","259","-1","0","247","0","58","0","6.35787534713745","0.449999988079071","0.0555810704827309","49","297","20460.0024574661","1023","20.0000024022151","5.641489221449","-0.716386125688453","10"
"Bettsy_TowIn","10","3","9","0","0","0","0","0.734827697277069","0","47.627311706543","43.3354721069336","0","0","584.188781738281","0","0","0","74.1595458984375","961.328063964844","0","961.328063964844","206.989288330078","499.079895019531","0","0.0101167783141136","0.0712916553020477","0","0","90.4867782592773","0","2.4954149723053","0.60802435874939","0","9","256","43","365","266","266","-1","0","257","0","65","0","8.02789402008057","0.5","0.0555810704827309","43","304","20460.0003976872","1023","20.0000003887461","8.1582061073868","0.130312087306235","10"
"Bettsy_TowIn","10","3","10","0","0","0","0","0.4218510389328","0","66.5272827148438","32.8066101074219","61.2976303100586","0","534.042297363281","0","0","0","87.621955871582","1165.322265625","0","1165.322265625","234.235717773438","486.633422851563","0","0.0114484708756208","0.10210782289505","0","0","159.891540527344","0","3.73625826835632","0.529861211776733","0","9","266","50","363","273","273","-1","0","267","0","72","0","6.19719982147217","0.550000011920929","0.0555810704827309","54","301","20460.0003195392","1023","20.000000312355","6.43761924045014","0.240419418977971","10"
"Bettsy_TowIn","10","3","11","0","0","0","0","0.0601819828152657","0","104.929763793945","23.029369354248","131.792633056641","0","462.757141113281","0","0","0","123.073089599609","1356.74938964844","0","1356.74938964844","268.214172363281","474.690979003906","0","0.013109196908772","0.166979342699051","0","0","258.934020996094","0","6.34473943710327","0.386259734630585","0","9","269","53","362","276","276","-1","0","270","0","75","0","4.50170660018921","0.566666662693024","0.0555810704827309","66","299","20460.0002753644","1023","20.0000002691734","4.50280480870713","0.00109820851792541","10"
"Bettsy_TowIn","10","3","12","0","0","0","0","0.14080598950386","0","69.3152236938477","33.6413612365723","198.470443725586","0","539.576416015625","0","0","0","85.2491836547852","1279.51745605469","0","1279.51745605469","239.771072387695","464.378753662109","0","0.0117190163582563","0.10907781869173","0","0","299.957092285156","0","3.98848414421082","0.593992114067078","0","9","273","56","362","279","279","-1","0","274","0","78","0","5.87733745574951","0.583333313465118","0.0555810704827309","56","301","20459.9998035476","1023","19.9999998079644","6.16760284270092","0.290265386951412","10"
"Bettsy_TowIn","10","4","0","0","0","0","0","1.42278325557709","0","5.54380702972412","703.387573242188","0","0","1160.4990234375","0","0","0","16.3744678497314","479.042999267578","0","479.042999267578","118.401420593262","501.071685791016","0","0.00578697025775909","0.00784407369792461","0","0","707.335571289063","0","0.151354014873505","1.12419354915619","0","9","224","1","400","244","244","-1","0","225","0","43","0","45","0.216666668653488","0.0741080939769745","27","371","20460.0015758696","1023","20.0000015404395","47.5401501150367","2.54015011503665","10"
"Bettsy_TowIn","10","4","1","0","0","0","0","1.25336730480194","0","4.4492712020874","597.875","0","0","948.187683105469","0","0","0","12.9106712341309","500.441802978516","0","500.441802978516","97.7204437255859","394.160125732422","0","0.00477617001160979","0.00646103965118527","0","0","601.016967773438","0","0.119293913245201","1.14196860790253","0","9","228","3","399","246","246","-1","0","229","0","45","0","45","0.233333334326744","0.0741080939769745","26","371","20460.0011071736","1023","20.0000010822812","47.6655448588996","2.66554485889956","10"
"Bettsy_TowIn","10","4","2","0","0","0","0","1.04253673553467","0","3.68617916107178","529.867858886719","0","0","805.805053710938","0","0","0","10.5143451690674","521.0703125","0","521.0703125","83.8924407958984","323.885650634766","0","0.00410031480714679","0.00547871273010969","0","0","532.442932128906","0","0.0979535430669785","1.15707385540009","0","9","230","5","398","248","248","-1","0","231","0","47","0","45","0.25","0.0741080939769745","25","371","20459.9999613872","1023","19.9999999622553","48.4526942260811","3.45269422608106","10"
"Bettsy_TowIn","10","4","3","0","0","0","0","1.00536751747131","0","21.0194244384766","78.0684585571289","0","0","616.3203125","0","0","0","43.7415390014648","659.378784179688","0","659.378784179688","137.427551269531","502.322906494141","0","0.00671688979491591","0.0288422424346209","0","0","98.5322647094727","0","0.784530162811279","0.62923675775528","0","9","239","11","393","254","254","-1","0","240","0","53","0","13.7285633087158","0.300000011920929","0.0741080939769745","39","348","20459.9979254612","1023","19.9999979721029","13.4669101113055","-0.261653197410311","10"
"Bettsy_TowIn","10","4","4","0","0","0","0","0.908442378044128","0","34.4697532653809","50.247013092041","0","0","568.354187011719","0","0","0","61.6763038635254","794.635559082031","0","794.635559082031","170.498840332031","500.067901611328","0","0.00833327602595091","0.0490101836621761","0","0","84.2253265380859","0","1.51654577255249","0.531992495059967","0","9","248","17","390","260","260","-1","0","249","0","59","0","10.3212633132935","0.349999994039536","0.0741080939769745","46","333","20460.0015409397","1023","20.0000015062949","9.78965159432125","-0.53161171897221","10"
"Bettsy_TowIn","10","4","5","0","0","0","0","0.755232095718384","0","11.5484771728516","250.180130004883","0","0","1020.58850097656","0","0","0","20.5220756530762","756.969604492188","0","756.969604492188","136.612335205078","505.327697753906","0","0.00667704502120614","0.0155345872044563","0","0","260.709167480469","0","0.416510760784149","1.05490291118622","0","9","257","24","386","267","267","-1","0","258","0","66","0","23.7986869812012","0.400000005960464","0.0741080939769745","30","343","20459.9991120624","1023","19.9999991320258","25.4560092766264","1.65732229542519","10"
"Bettsy_TowIn","10","4","6","0","0","0","0","0.623713791370392","0","16.6051254272461","158.174621582031","0","0","908.143249511719","0","0","0","25.3731994628906","898.246215820313","0","898.246215820313","151.674728393555","504.239105224609","0","0.00741323176771402","0.0227913819253445","0","0","173.93293762207","0","0.67304939031601","0.987279772758484","0","9","267","31","384","274","274","-1","0","268","0","73","0","18.1347808837891","0.449999988079071","0.0741080939769745","34","335","20460.0008668454","1023","20.0000008473562","18.9816132134861","0.846832329697008","10"
"Bettsy_TowIn","10","4","7","0","0","0","0","0.42414066195488","0","22.8396072387695","111.533233642578","0","0","831.906860351563","0","0","0","32.1327819824219","1010.91845703125","0","1010.91845703125","170.300094604492","503.139892578125","0","0.00832356326282024","0.0324836224317551","0","0","133.636276245117","0","1.03596103191376","0.931770443916321","0","9","277","39","381","282","282","-1","0","278","0","81","0","14.3003921508789","0.5","0.0741080939769745","40","330","20459.9988282891","1023","19.9999988546325","14.8470001597972","0.546608008918325","10"
"Bettsy_TowIn","10","4","8","0","0","0","0","0.0822551026940346","0","30.7199268341064","83.2024841308594","0","0","770.644470214844","0","0","0","37.9025688171387","1180.87902832031","0","1180.87902832031","191.462799072266","502.036956787109","0","0.00935790780931711","0.0447583459317684","0","0","113.273704528809","0","1.48921346664429","0.879916608333588","0","9","287","47","380","290","290","-1","0","288","0","89","0","11.2310209274292","0.550000011920929","0.0741080939769745","47","327","20460.000565686","1023","20.0000005529678","12.0682237945809","0.837202867151724","10"
"Bettsy_TowIn","10","4","9","0","0","0","0","-1.27028298377991","0","95.3408355712891","26.4454708099365","173.335632324219","0","480.625305175781","0","0","0","91.3353271484375","1653.95202636719","0","1653.95202636719","258.423248291016","470.171081542969","0","0.012630658224225","0.151064246892929","0","0","294.150756835938","0","5.64952230453491","0.447111010551453","0","9","300","57","379","305","300","-1","0","304","0","99","0","4.61924886703491","0.600000023841858","0.0741080939769745","86","320","20459.998497574","1023","19.9999985313529","4.79616630762389","0.17691744058898","10"
"Bettsy_TowIn","15","0","0","0","0","0","0","3.26057934761047","0","1.8477498292923","208.976165771484","0","0","400.908721923828","0","0","0","57.7397499084473","41.0647583007813","0","41.0647583007813","40.2948570251465","399.964172363281","0","0.00196944572962821","0.0023710688110441","0","0","210.345962524414","0","0.0547482408583164","-0.035663578659296","0","9","69","3","395","202","202","-1","0","70","0","1","0","45","0.0166666675359011","0","8","395","20459.9986782847","1023","19.9999987080007","56.161980765937","11.161980765937","10"
"Bettsy_TowIn","15","0","1","0","0","0","0","3.33890247344971","0","5.52009010314941","122.613563537598","0","0","509.505065917969","0","0","0","87.5917205810547","87.2442398071289","0","87.2442398071289","67.1963500976563","505.417114257813","0","0.00328427902422845","0.00764187332242727","0","0","127.631523132324","0","0.203445211052895","-0.122966170310974","0","9","75","4","393","203","203","-1","0","76","0","2","0","27.7494316101074","0.0333333350718021","0","14","393","20460.0003842372","1023","20.0000003755984","25.4532239944628","-2.29620761564461","10"
"Bettsy_TowIn","15","0","2","0","0","0","0","2.98024010658264","0","16.7449970245361","59.5855445861816","0","0","499.558654785156","0","0","0","152.108215332031","161.071563720703","0","161.071563720703","112.203842163086","502.344055175781","0","0.00548405852168798","0.02450031042099","0","0","75.8875885009766","0","0.708637893199921","-0.0450727082788944","0","9","81","6","392","205","205","-1","0","82","0","4","0","15.9802227020264","0.0500000007450581","0","21","388","20460.0008769691","1023","20.0000008572523","12.9344583583811","-3.04576434364523","10"
"Bettsy_TowIn","15","0","3","0","0","0","0","2.7177746295929","0","47.3344879150391","31.6172542572021","0","0","481.733612060547","0","0","0","207.632843017578","348.090362548828","0","348.090362548828","188.629592895508","497.837371826172","0","0.00921943318098783","0.0722749903798103","0","0","78.5581665039063","0","2.21121025085449","-0.00787189789116383","0","9","96","9","387","208","208","-1","0","97","0","7","0","9.93446445465088","0.100000001490116","0","38","372","20459.9989166901","1023","19.999998941046","7.32864487606136","-2.60581957858952","10"
"Bettsy_TowIn","15","0","4","0","0","0","0","2.36551594734192","0","83.5715484619141","21.7282905578613","0","0","459.632141113281","0","0","0","260.575500488281","510.627593994141","0","510.627593994141","248.930892944336","494.610717773438","0","0.0121667105704546","0.133057028055191","0","0","104.941177368164","0","4.25131750106812","-0.00138991116546094","0","9","110","12","380","211","211","-1","0","111","1","10","0","7.49985694885254","0.150000005960464","0","56","356","20459.9995621524","1023","19.9999995719965","5.24644373051176","-2.25341321834078","10"
"Bettsy_TowIn","15","0","5","0","0","0","0","2.12671184539795","0","110.144073486328","17.7069416046143","0","0","440.909973144531","0","0","0","286.16943359375","624.885559082031","0","624.885559082031","281.936828613281","492.929595947266","0","0.0137799037620425","0.17882314324379","0","0","127.514183044434","0","6.03329467773438","-0.00311547284945846","0","9","122","15","373","214","214","-1","0","123","1","13","0","6.47249364852905","0.200000002980232","0","69","346","20459.9998288734","1023","19.9999998327208","4.41952744260192","-2.05296620592713","10"
"Bettsy_TowIn","15","0","6","0","0","0","0","2.02581763267517","0","129.328994750977","15.5532245635986","0","0","425.650787353516","0","0","0","299.731567382813","708.306823730469","0","708.306823730469","300.727783203125","491.989898681641","0","0.0146983275189996","0.212301939725876","0","0","144.560531616211","0","7.50946140289307","-0.0112665165215731","0","9","127","16","371","215","215","-1","0","128","1","14","0","5.91243553161621","0.216666668653488","0","76","337","20460.0001472544","1023","20.0000001439437","3.96994234011492","-1.94249319150129","10"
"Bettsy_TowIn","15","1","0","0","0","0","0","1.74553728103638","0","1.09150540828705","180.259155273438","0","0","284.105651855469","0","0","0","33.2665367126465","38.2478294372559","0","38.2478294372559","29.6163215637207","260.600555419922","0","0.0014475230127573","0.00127237290143967","0","0","181.02587890625","0","0.0255261268466711","0.405687928199768","0","9","92","0","400","207","207","-1","0","93","1","6","0","45","0.0166666675359011","0.0185270234942436","8","396","20460.000499271","1023","20.000000488046","NaN","NaN","10"
"Bettsy_TowIn","15","1","1","0","0","0","0","2.20071268081665","0","3.75413608551025","178.127685546875","0","0","545.976318359375","0","0","0","89.6714935302734","56.5908699035645","0","56.5908699035645","61.6771697998047","506.382202148438","0","0.00301452446728945","0.0050745876505971","0","0","181.342224121094","0","0.121588051319122","0.380330264568329","0","9","96","1","398","208","208","-1","0","97","0","7","0","33.3829612731934","0.0333333350718021","0.0185270234942436","11","391","20459.9997343072","1023","19.9999997402808","36.4444550998943","3.06149382670093","10"
"Bettsy_TowIn","15","1","2","0","0","0","0","2.50653481483459","0","10.1063776016235","83.338737487793","0","0","512.511535644531","0","0","0","120.14469909668","116.429664611816","0","116.429664611816","88.9696884155273","503.994567871094","0","0.00434846989810467","0.0139884073287249","0","0","92.9733963012695","0","0.380557060241699","0.191229537129402","0","9","101","2","396","209","209","-1","0","102","0","8","0","20.0463638305664","0.0500000007450581","0.0185270234942436","16","386","20459.9986892644","1023","19.9999987187336","18.1112109111671","-1.93515291939934","10"
"Bettsy_TowIn","15","1","3","0","0","0","0","2.48035669326782","0","33.8240432739258","40.1506118774414","0","0","493.641540527344","0","0","0","188.910858154297","258.834564208984","0","258.834564208984","157.813537597656","499.406646728516","0","0.00771327177062631","0.0488966591656208","0","0","73.5497283935547","0","1.45392429828644","0.119802698493004","0","9","114","5","391","212","212","-1","0","115","0","11","0","11.4303722381592","0.100000001490116","0.0185270234942436","26","367","20459.9996331832","1023","19.9999996414303","9.07611303961569","-2.35425919854349","10"
"Bettsy_TowIn","15","1","4","0","0","0","0","2.34588956832886","0","57.1432952880859","29.2088985443115","0","0","479.900207519531","0","0","0","235.289672851563","359.980194091797","0","359.980194091797","203.863357543945","496.697479248047","0","0.00996399577707052","0.0846996232867241","0","0","85.9536972045898","0","2.64231109619141","0.113314867019653","0","9","127","8","384","215","215","-1","0","128","0","14","0","8.85967922210693","0.150000005960464","0.0185270234942436","31","350","20460.0003959338","1023","20.000000387032","6.75587359965655","-2.10380562245038","10"
"Bettsy_TowIn","15","1","5","0","0","0","0","2.03459787368774","0","95.3345108032227","20.4290828704834","0","0","453.122100830078","0","0","0","273.148101806641","542.400695800781","0","542.400695800781","260.091888427734","493.709381103516","0","0.0127122150734067","0.148155719041824","0","0","115.404281616211","0","5.00454998016357","0.081397257745266","0","9","139","11","377","218","218","-1","0","140","0","17","0","6.91012620925903","0.200000002980232","0.0185270234942436","48","336","20459.9974847683","1023","19.999997541318","4.92220588464604","-1.987920324613","10"
"Bettsy_TowIn","15","1","6","0","0","0","0","1.70447480678558","0","137.641799926758","14.6269979476929","205.815124511719","0","408.794464111328","0","0","0","311.426696777344","702.125854492188","0","702.125854492188","298.107452392578","465.541809082031","0","0.0145702557638288","0.218660727143288","0","0","357.342956542969","0","8.09281444549561","0.10494451969862","0","9","153","16","373","223","223","-1","0","154","0","22","0","5.67636823654175","0.25","0.0185270234942436","56","308","20460.0013359163","1023","20.000001305881","3.8206821789412","-1.85568605760055","10"
"Bettsy_TowIn","15","1","7","0","0","0","0","1.50753283500671","0","149.807922363281","13.8430604934692","161.748931884766","0","401.845062255859","0","0","0","311.124694824219","769.333984375","0","769.333984375","307.023986816406","470.652313232422","0","0.0150060597807169","0.23935878276825","0","0","324.752349853516","0","9.06736278533936","0.112154021859169","0","9","165","21","367","228","228","-1","0","166","0","27","0","5.31171798706055","0.300000011920929","0.0185270234942436","60","302","20460.0002467629","1023","20.0000002412149","3.59438675310133","-1.71733123395922","10"
"Bettsy_TowIn","15","1","8","0","0","0","0","1.43518006801605","0","155.148590087891","13.4952936172485","195.631072998047","0","396.635009765625","0","0","0","316.123840332031","785.983459472656","0","785.983459472656","309.298889160156","468.460266113281","0","0.0151172466576099","0.248468101024628","0","0","363.626281738281","0","9.52267265319824","0.122657544910908","0","9","170","23","366","230","230","-1","0","171","0","29","0","5.14752864837646","0.316666692495346","0.0185270234942436","59","296","20460.0014913732","1023","20.0000014578428","3.48813255028512","-1.65939609809134","10"
"Bettsy_TowIn","15","2","0","0","0","0","0","1.28468418121338","0","2.23704290390015","304.223693847656","0","0","558.184204101563","0","0","0","23.3581695556641","121.280807495117","0","121.280807495117","56.0305061340332","417.095916748047","0","0.00273853866383433","0.00283289770595729","0","0","305.853851318359","0","0.0612440519034863","0.725470721721649","0","9","124","1","400","215","215","-1","0","125","0","14","0","45","0.0666666701436043","0.0370540469884872","9","390","20460.0018520764","1023","20.0000018104363","75.1704916699414","30.1704916699414","10"
"Bettsy_TowIn","15","2","1","0","0","0","0","1.90808081626892","0","14.1268253326416","70.6923446655273","0","0","522.769226074219","0","0","0","105.287033081055","186.558685302734","0","186.558685302734","105.453842163086","503.038146972656","0","0.00515414634719491","0.0196422096341848","0","0","84.3465576171875","0","0.513407468795776","0.287196189165115","0","9","128","1","398","215","215","-1","0","129","0","14","0","16.8945465087891","0.0833333358168602","0.0370540469884872","19","374","20460.0015326453","1023","20.000001498187","15.2126090895533","-1.68193741923574","10"
"Bettsy_TowIn","15","2","2","0","0","0","0","1.76629686355591","0","13.4660863876343","73.9556732177734","0","0","528.996398925781","0","0","0","89.1157760620117","207.964599609375","0","207.964599609375","103.743553161621","503.231201171875","0","0.00507055502384901","0.0185329262167215","0","0","86.9425354003906","0","0.473234534263611","0.321708142757416","0","9","132","2","395","216","216","-1","0","133","0","15","0","17.2135562896729","0.100000001490116","0.0370540469884872","18","372","20459.999482043","1023","19.9999994936881","15.8784280084825","-1.33512828119031","10"
"Bettsy_TowIn","15","2","3","0","0","0","0","1.73400938510895","0","46.9267463684082","33.7842025756836","0","0","489.3779296875","0","0","0","177.56477355957","384.909729003906","0","384.909729003906","184.616470336914","497.79150390625","0","0.00902328826487064","0.0683464035391808","0","0","80.2957992553711","0","2.08661031723022","0.162303760647774","0","9","144","6","389","220","220","-1","0","145","0","19","0","9.57424354553223","0.150000005960464","0.0370540469884872","31","351","20459.9991619087","1023","19.9999991807514","7.58650124470778","-1.98774230082444","10"
"Bettsy_TowIn","15","2","4","0","0","0","0","1.58051204681396","0","76.8500671386719","24.663106918335","96.8190689086914","0","464.585876464844","0","0","0","222.518524169922","506.385589599609","0","506.385589599609","230.390274047852","483.558898925781","0","0.0112605215981603","0.112680166959763","0","0","197.771575927734","0","3.80613422393799","0.161054834723473","0","9","158","11","384","225","225","-1","0","159","0","24","0","7.55511474609375","0.200000002980232","0.0370540469884872","37","326","20460.0001908875","1023","20.0000001865958","5.73533980935521","-1.81977493673854","10"
"Bettsy_TowIn","15","2","5","0","0","0","0","1.42235589027405","0","90.2054138183594","22.1734104156494","0","0","459.988128662109","0","0","0","227.271850585938","593.814697265625","0","593.814697265625","249.650787353516","494.057922363281","0","0.0122018940746784","0.134957358241081","0","0","112.003845214844","0","4.75514841079712","0.157438680529594","0","9","170","16","380","230","230","-1","0","171","0","29","0","6.73850965499878","0.25","0.0370540469884872","42","317","20460.0028344448","1023","20.0000027707183","5.18736448074313","-1.55114517425565","10"
"Bettsy_TowIn","15","2","6","0","0","0","0","1.21443676948547","0","89.4332885742188","21.38916015625","203.477722167969","0","446.978454589844","0","0","0","208.892349243164","633.217590332031","0","633.217590332031","244.443572998047","460.984771728516","0","0.0119473896920681","0.132274299860001","0","0","313.216400146484","0","4.74925374984741","0.202762648463249","0","9","184","23","376","237","237","-1","0","185","0","36","0","6.65350294113159","0.300000011920929","0.0370540469884872","42","303","20459.9983174847","1023","19.9999983553125","5.18217938818328","-1.47132355294831","10"
"Bettsy_TowIn","15","2","7","0","0","0","0","1.07869982719421","0","92.0451507568359","20.2036952972412","359.736999511719","0","435.597015380859","0","0","0","196.006591796875","697.710144042969","0","697.710144042969","245.817581176758","437.900817871094","0","0.0120145436376333","0.136755794286728","0","0","470.452941894531","0","4.97245740890503","0.230869576334953","0","9","197","29","373","243","243","-1","0","198","0","42","0","6.4756064414978","0.349999994039536","0.0370540469884872","44","296","20460.0015273805","1023","20.0000014930406","5.04016154022574","-1.43544490127206","10"
"Bettsy_TowIn","15","2","8","0","0","0","0","0.799629747867584","0","198.743865966797","11.0762767791748","240.002426147461","0","358.155487060547","0","0","0","306.944152832031","1055.51916503906","0","1055.51916503906","325.712982177734","461.276977539063","0","0.0159195009618998","0.323985457420349","0","0","449.093322753906","0","12.9731216430664","0.123309336602688","0","9","210","36","369","250","250","-1","0","211","0","49","0","4.17328071594238","0.400000005960464","0.0370540469884872","88","297","20459.9995287079","1023","19.9999995393039","2.81644651690442","-1.35683419903796","10"
"Bettsy_TowIn","15","2","9","0","0","0","0","0.703060507774353","0","140.689193725586","16.1116180419922","303.986877441406","0","402.921752929688","0","0","0","219.311462402344","995.656677246094","0","995.656677246094","284.936950683594","451.877685546875","0","0.0139265358448029","0.218358919024467","0","0","459.729675292969","0","8.45804405212402","0.184979513287544","0","9","223","43","367","257","257","-1","0","224","0","56","0","4.76218938827515","0.449999988079071","0.0370540469884872","64","293","20460.0019602095","1023","20.0000019161383","3.6567027568071","-1.10548663146804","10"
"Bettsy_TowIn","15","2","10","0","0","0","0","0.52869188785553","0","191.562194824219","13.2248420715332","224.628173828125","0","367.165252685547","0","0","0","267.652221679688","1148.79968261719","0","1148.79968261719","308.543670654297","462.524108886719","0","0.0150803355500102","0.307478755712509","0","0","428.647552490234","0","12.2667303085327","0.148050427436829","0","9","228","46","366","260","260","-1","0","229","0","59","0","3.81500506401062","0.466666668653488","0.0370540469884872","78","291","20460.0003515232","1023","20.00000034362","2.81120645965483","-1.00379860435579","10"
"Bettsy_TowIn","15","3","0","0","0","0","0","1.29178702831268","0","8.78694725036621","110.069274902344","0","0","579.936645507813","0","0","0","41.4411773681641","286.325653076172","0","286.325653076172","89.7986450195313","504.744598388672","0","0.00438898568972945","0.0118656726554036","0","0","118.323638916016","0","0.265469551086426","0.515051901340485","0","9","158","2","398","225","225","-1","0","159","0","24","0","21.3262538909912","0.133333340287209","0.0555810704827309","18","372","20459.999500492","1023","19.9999995117224","21.7087929689114","0.382539077920168","10"
"Bettsy_TowIn","15","3","1","0","0","0","0","1.73463094234467","0","6.54382944107056","151.5703125","0","0","629.758911132813","0","0","0","33.3832931518555","275.114898681641","0","275.114898681641","83.510368347168","505.646942138672","0","0.00408164039254189","0.00918424129486084","0","0","157.529251098633","0","0.189951464533806","0.637916326522827","0","9","163","4","396","227","227","-1","0","164","0","26","0","25.4569797515869","0.150000005960464","0.0555810704827309","17","372","20460.0014493587","1023","20.0000014167729","26.3860963069052","0.929116555318238","10"
"Bettsy_TowIn","15","3","2","0","0","0","0","1.18828690052032","0","32.1730194091797","45.5012283325195","0","0","512.879028320313","0","0","0","102.053955078125","432.116455078125","0","432.116455078125","154.651031494141","499.798004150391","0","0.00755870062857866","0.0440991930663586","0","0","77.2256469726563","0","1.2601832151413","0.284632474184036","0","9","176","10","392","233","233","-1","0","177","0","32","0","10.7178888320923","0.200000002980232","0.0555810704827309","31","347","20460.0022005662","1023","20.0000021510911","9.86935841319385","-0.848530418898433","10"
"Bettsy_TowIn","15","3","3","0","0","0","0","1.15781700611115","0","68.9967803955078","27.3977642059326","113.65690612793","0","472.990264892578","0","0","0","162.405166625977","623.703308105469","0","623.703308105469","217.363891601563","484.411529541016","0","0.0106238471344113","0.101292632520199","0","0","209.504928588867","0","3.38222694396973","0.203251719474792","0","9","189","16","389","239","239","-1","0","190","0","38","0","7.75329446792603","0.25","0.0555810704827309","45","328","20459.9980451062","1023","19.9999980890578","6.02040935681693","-1.73288511110909","10"
"Bettsy_TowIn","15","3","4","0","0","0","0","1.01457452774048","0","78.4359512329102","24.0354156494141","241.03157043457","0","458.63134765625","0","0","0","165.122039794922","696.029174804688","0","696.029174804688","229.979385375977","463.937377929688","0","0.0112404385581613","0.114929765462875","0","0","342.550872802734","0","4.02822065353394","0.230191364884377","0","9","203","23","385","246","246","-1","0","204","0","45","0","7.19198608398438","0.300000011920929","0.0555810704827309","48","313","20460.0011099209","1023","20.0000010849666","5.61265315565905","-1.57933292832533","10"
"Bettsy_TowIn","15","3","5","0","0","0","0","0.811512768268585","0","144.163467407227","14.3359184265137","250.708358764648","0","401.208740234375","0","0","0","243.942443847656","922.838317871094","0","922.838317871094","298.090454101563","456.907958984375","0","0.0145694278180599","0.225119426846504","0","0","408.275543212891","0","8.62479019165039","0.1468625664711","0","9","215","30","383","253","253","-1","0","216","0","52","0","5.26556730270386","0.349999994039536","0.0555810704827309","70","311","20459.9973193221","1023","19.9999973795915","3.71069945212099","-1.55486785058287","10"
"Bettsy_TowIn","15","3","6","0","0","0","0","0.739876806735992","0","94.3134078979492","20.1978492736816","372.036193847656","0","434.223876953125","0","0","0","156.477249145508","897.037841796875","0","897.037841796875","248.018920898438","436.252197265625","0","0.0121221365407109","0.140366017818451","0","0","484.974761962891","0","5.20295476913452","0.248343884944916","0","9","228","37","379","260","260","-1","0","229","0","59","0","6.06841897964478","0.400000005960464","0.0555810704827309","56","303","20460.0006001823","1023","20.0000005866885","4.95428700986067","-1.1141319697841","10"
"Bettsy_TowIn","15","3","7","0","0","0","0","0.522994458675385","0","104.937103271484","19.4634323120117","295.741973876953","0","430.544189453125","0","0","0","154.277847290039","1036.73913574219","0","1036.73913574219","259.328369140625","447.999450683594","0","0.0126748951151967","0.159945875406265","0","0","418.845733642578","0","6.0069842338562","0.23503515124321","0","9","242","45","378","268","268","-1","0","243","0","67","0","5.51347208023071","0.449999988079071","0.0555810704827309","65","305","20460.0011900454","1023","20.0000011632897","4.54516378183895","-0.968308298391763","10"
"Bettsy_TowIn","15","3","8","0","0","0","0","0.121031992137432","0","166.249435424805","15.2799587249756","297.43115234375","0","383.894653320313","0","0","0","210.226333618164","1259.71801757813","0","1259.71801757813","291.184051513672","456.593475341797","0","0.014231869019568","0.264825910329819","0","0","478.050170898438","0","10.4496641159058","0.16910308599472","0","9","253","53","375","276","276","-1","0","254","0","75","0","4.01107454299927","0.5","0.0555810704827309","86","304","20460.0007991439","1023","20.0000007811768","3.08058628941412","-0.930488253585152","10"
"Bettsy_TowIn","15","3","9","0","0","0","0","-0.228847414255142","0","181.074249267578","15.4516477584839","203.035247802734","0","378.480255126953","0","0","0","210.319442749023","1384.43200683594","0","1384.43200683594","290.357666015625","468.174835205078","0","0.0141914784908295","0.291172951459885","0","0","398.857330322266","0","11.5076904296875","0.16090127825737","0","9","266","61","374","284","284","-1","0","267","0","83","0","3.4510931968689","0.550000011920929","0.0555810704827309","94","306","20460.0011340083","1023","20.0000011085125","2.79364563049905","-0.657447566369851","10"
"Bettsy_TowIn","15","4","0","0","0","0","0","1.28822028636932","0","5.29118347167969","294.920806884766","0","0","775.967346191406","0","0","0","17.4451465606689","449.642150878906","0","449.642150878906","88.9304809570313","506.393768310547","0","0.00434655323624611","0.00784407369792461","0","0","299.411407470703","0","0.149420768022537","0.859283745288849","0","9","199","1","400","244","244","-1","0","200","0","43","0","31.5304679870605","0.216666668653488","0.0741080939769745","27","371","20460.0004011077","1023","20.0000003920896","33.6500834207587","2.11961543369812","10"
"Bettsy_TowIn","15","4","1","0","0","0","0","1.12558948993683","0","4.20521402359009","634.267883300781","0","0","957.573425292969","0","0","0","13.7442722320557","470.089599609375","0","470.089599609375","99.9977264404297","493.169738769531","0","0.00488747470080853","0.00646103965118527","0","0","637.199768066406","0","0.118955411016941","1.0293527841568","0","9","203","3","399","246","246","-1","0","204","0","45","0","45","0.233333334326744","0.0741080939769745","26","371","20459.9987850346","1023","19.9999988123505","49.1525198361251","4.15251983612514","10"
"Bettsy_TowIn","15","4","2","0","0","0","0","0.936768531799316","0","3.40934705734253","572.26611328125","0","0","811.431579589844","0","0","0","11.167610168457","490.589538574219","0","490.589538574219","86.2041244506836","407.656036376953","0","0.00421330099925399","0.00547871273010969","0","0","574.606079101563","0","0.0977262780070305","1.04409086704254","0","9","207","5","398","248","248","-1","0","208","0","47","0","45","0.25","0.0741080939769745","25","371","20459.9966786012","1023","19.9999967532758","50.2669707013512","5.2669707013512","10"
"Bettsy_TowIn","15","4","3","0","0","0","0","0.769154667854309","0","20.3202266693115","73.1220016479492","0","0","557.254455566406","0","0","0","43.8610076904297","626.513671875","0","626.513671875","127.209297180176","502.160614013672","0","0.00621746340766549","0.0274795219302177","0","0","92.9449005126953","0","0.734256744384766","0.462523311376572","0","9","220","12","394","255","255","-1","0","221","0","54","0","12.8011245727539","0.300000011920929","0.0741080939769745","40","351","20459.9993340274","1023","19.9999993490004","13.0768682862792","0.275743713525273","10"
"Bettsy_TowIn","15","4","4","0","0","0","0","0.688342392444611","0","35.9516410827637","45.0473442077637","0","0","527.033569335938","0","0","0","63.6238822937012","770.311157226563","0","770.311157226563","165.447311401367","499.429382324219","0","0.00808637961745262","0.0490101873874664","0","0","80.5364303588867","0","1.52920758724213","0.380399107933044","0","9","233","20","393","263","263","-1","0","234","0","62","0","9.57988166809082","0.349999994039536","0.0741080939769745","49","336","20459.9980743282","1023","19.9999981176228","9.49687752831372","-0.0830041397770991","10"
"Bettsy_TowIn","15","4","5","0","0","0","0","-2.98323059082031","0","6.49379777908325","405.517425537109","0","0","937.227905273438","0","0","0","12.3620491027832","728.053833007813","0","728.053833007813","107.351531982422","506.231140136719","0","0.00524689815938473","0.00900023709982634","0","0","410.956665039063","0","0.206231012940407","1.00044775009155","0","9","246","28","390","271","271","-1","0","247","0","70","0","30.1799621582031","0.400000005960464","0.0741080939769745","28","355","20459.9991693016","1023","19.9999991879782","35.6599428589169","5.4799807007138","10"
"Bettsy_TowIn","15","4","6","0","0","0","0","0.316176205873489","0","12.4415693283081","139.264511108398","0","0","715.677612304688","0","0","0","19.977367401123","840.458801269531","0","840.458801269531","116.152122497559","504.42041015625","0","0.00567703414708376","0.0167901534587145","0","0","151.036193847656","0","0.46440601348877","0.792333006858826","0","9","259","36","389","279","279","-1","0","260","0","78","0","17.8692035675049","0.449999988079071","0.0741080939769745","36","346","20460.0006778583","1023","20.0000006626181","19.7621841433144","1.89298057580948","10"
"Bettsy_TowIn","15","4","7","0","0","0","0","0.206839933991432","0","29.4870891571045","58.229133605957","96.0031051635742","0","583.712097167969","0","0","0","40.3102073669434","1017.71569824219","0","1017.71569824219","158.051773071289","481.706604003906","0","0.00772491563111544","0.0410243310034275","0","0","182.488174438477","0","1.34477972984314","0.598209142684937","0","9","271","45","387","288","288","-1","0","272","0","87","0","10.8124980926514","0.5","0.0741080939769745","50","332","20459.9999040335","1023","19.9999999061911","10.8536392818896","0.0411411892382176","10"
"Bettsy_TowIn","15","4","8","0","0","0","0","-0.066240631043911","0","29.9167404174805","58.2699508666992","0","0","597.263610839844","0","0","0","37.1390800476074","1132.50634765625","0","1132.50634765625","162.772552490234","500.888824462891","0","0.00795564707368612","0.0420602448284626","0","0","87.6651077270508","0","1.39231932163239","0.604380011558533","0","9","284","54","387","297","297","-1","0","285","0","96","0","10.1416130065918","0.550000011920929","0.0741080939769745","54","336","20460.0016796392","1023","20.000001641876","10.9031166622102","0.761503655618379","10"
"Bettsy_TowIn","15","4","9","0","0","0","0","-1.06720697879791","0","101.085098266602","22.8380947113037","291.816619873047","0","441.487518310547","0","0","0","102.855857849121","1503.99304199219","0","1503.99304199219","251.078460693359","451.357757568359","0","0.0122716743499041","0.154694497585297","0","0","414.465301513672","0","5.8140754699707","0.295735388994217","0","9","298","64","386","307","307","-1","0","299","0","106","0","4.59089088439941","0.600000023841858","0.0741080939769745","93","326","20460.000284747","1023","20.0000002783451","4.54996602870896","-0.0409248556904585","10"
"Bettsy_TowIn","2","0","0","0","0","0","0","3.09434080123901","0","1.71299362182617","191.627166748047","0","0","370.619659423828","0","0","0","56.4732093811035","41.9857292175293","0","41.9857292175293","37.2738265991211","367.112274169922","0","0.00182179023977369","0.0023710688110441","0","0","192.900894165039","0","0.0508166998624802","-0.124769002199173","0","9","188","2","394","201","201","-1","0","189","1","0","0","45","0.0166666675359011","0","7","394","20459.9990632025","1023","19.9999990842644","50.2051754438288","5.20517544382875","10"
"Bettsy_TowIn","2","0","1","0","0","0","0","3.30333089828491","0","7.42204332351685","100.004615783691","0","0","506.764343261719","0","0","0","95.6787109375","105.519149780273","0","105.519149780273","76.0679397583008","504.715454101563","0","0.00371788488700986","0.0100959362462163","0","0","106.939224243164","0","0.286655157804489","-0.0951543152332306","0","9","189","2","391","201","201","-1","0","190","1","0","0","24.060697555542","0.0333333350718021","0","15","391","20460.0040265042","1023","20.0000039359767","21.6080747576622","-2.45262279787979","10"
"Bettsy_TowIn","2","0","2","0","0","0","0","3.08146834373474","0","14.7709684371948","64.2606582641602","0","0","500.812103271484","0","0","0","130.902542114258","158.24592590332","0","158.24592590332","105.444519042969","502.757110595703","0","0.00515369093045592","0.0207147933542728","0","0","78.5817565917969","0","0.6199551820755","-0.0515082813799381","0","9","189","2","388","201","201","-1","0","190","0","0","0","17.1376247406006","0.0500000007450581","0","18","387","20460.0005056261","1023","20.0000004942581","14.4060859115868","-2.73153882901374","10"
"Bettsy_TowIn","2","0","3","0","0","0","0","3.30602788925171","0","44.2434463500977","32.7801742553711","0","0","483.593902587891","0","0","0","210.467559814453","321.407287597656","0","321.407287597656","182.717819213867","498.172027587891","0","0.00893049035221338","0.0676458105444908","0","0","76.6271591186523","0","2.04134893417358","-0.00362463179044425","0","9","191","3","381","202","202","-1","0","192","0","1","0","10.3863143920898","0.100000001490116","0","33","370","20459.9985003714","1023","19.9999985340874","7.58624274815183","-2.80007164393801","10"
"Bettsy_TowIn","2","0","4","0","0","0","0","2.793541431427","0","79.4882202148438","22.0522842407227","0","0","461.38232421875","0","0","0","239.716766357422","532.905395507813","0","532.905395507813","244.791381835938","494.945129394531","0","0.0119643872603774","0.127746358513832","0","0","101.183074951172","0","4.09376573562622","-0.00316131091676652","0","9","191","3","371","202","202","-1","0","192","0","1","0","7.82480049133301","0.150000005960464","0","51","354","20460.001545304","1023","20.0000015105611","5.37404792459857","-2.45075256673444","10"
"Bettsy_TowIn","2","0","5","0","0","0","0","2.48820114135742","0","119.298164367676","15.9408731460571","0","0","431.538818359375","0","0","0","284.128204345703","697.440979003906","0","697.440979003906","295.570648193359","492.553955078125","0","0.0144462678581476","0.198162660002708","0","0","134.918701171875","0","6.94829797744751","-0.00254221307113767","0","9","193","4","362","203","203","-1","0","194","0","2","0","6.2980055809021","0.200000002980232","0","68","336","20460.0005410158","1023","20.0000005288522","4.18063180734287","-2.11737377355923","10"
"Bettsy_TowIn","2","0","6","0","0","0","0","2.18512678146362","0","158.64045715332","11.9950857162476","0","0","395.709442138672","0","0","0","299.03564453125","916.401306152344","0","916.401306152344","330.945068359375","491.076538085938","0","0.0161752235144377","0.274036645889282","0","0","170.351058959961","0","10.4473829269409","-0.0115176886320114","0","9","195","5","354","204","204","-1","0","196","0","3","0","5.27495336532593","0.25","0","85","318","20459.9997065871","1023","19.9999997131838","3.38389416086292","-1.89105920446301","10"
"Bettsy_TowIn","2","0","7","0","0","0","0","1.96313750743866","0","200.591049194336","9.061767578125","0","0","356.037536621094","0","0","0","329.126800537109","1077.87683105469","0","1077.87683105469","357.026428222656","490.178375244141","0","0.0174499712884426","0.354758143424988","0","0","209.404159545898","0","14.3562679290771","-0.0133107658475637","0","9","196","6","344","205","205","-1","0","197","0","4","0","4.40805244445801","0.300000011920929","0","103","300","20460.0008974869","1023","20.0000008773088","2.8194230677621","-1.58862937669591","10"
"Bettsy_TowIn","2","0","8","0","0","0","0","1.67009770870209","0","246.523529052734","6.84657907485962","0","0","313.858489990234","0","0","0","343.067352294922","1296.54479980469","0","1296.54479980469","373.870056152344","489.820709228516","0","0.0182732194662094","0.444802165031433","0","0","253.156814575195","0","18.5382442474365","-0.00103185535408556","0","9","197","6","335","205","205","-1","0","198","0","4","0","3.54037380218506","0.349999994039536","0","124","281","20459.9992269397","1023","19.9999992443203","2.35446923479236","-1.1859045673927","10"
"Bettsy_TowIn","2","0","9","0","0","0","0","1.31834614276886","0","274.230804443359","5.9495096206665","0","0","288.541259765625","0","0","0","337.687347412109","1509.85900878906","0","1509.85900878906","375.709625244141","490.020965576172","0","0.0183631293475628","0.509860277175903","0","0","279.986694335938","0","21.0799083709717","-0.0249722748994827","0","9","197","6","324","205","205","-1","0","198","1","4","0","2.96936202049255","0.400000005960464","0","139","266","20459.9999342708","1023","19.9999999357486","2.06401133610503","-0.905350684387524","10"
"Bettsy_TowIn","2","1","0","0","0","0","0","1.80415284633636","0","0.792372465133667","115.337478637695","0","0","214.347320556641","0","0","0","18.4218273162842","44.5467109680176","0","44.5467109680176","21.4914093017578","166.117782592773","0","0.0010504110250622","0.000820631859824061","0","0","115.917808532715","0","0.0180843956768513","0.682338535785675","0","9","201","0","400","207","207","-1","0","202","2","6","0","45","0.0166666675359011","0.0185270234942436","7","396","20459.9997419916","1023","19.9999997477924","NaN","NaN","10"
"Bettsy_TowIn","2","1","1","0","0","0","0","3.10966682434082","0","3.58510446548462","273.848937988281","0","0","645.168579101563","0","0","0","58.1071319580078","87.3315963745117","0","87.3315963745117","66.9891738891602","506.575592041016","0","0.0032741529867053","0.00507458811625838","0","0","276.703643798828","0","0.120171904563904","0.66655695438385","0","9","201","0","397","207","207","-1","0","202","0","6","0","40.0392036437988","0.0333333350718021","0.0185270234942436","10","390","20460.0011548543","1023","20.0000011288898","40.1810925152373","0.141888871438475","10"
"Bettsy_TowIn","2","1","2","0","0","0","0","3.04172611236572","0","10.3396978378296","84.9755630493164","0","0","522.828552246094","0","0","0","101.004539489746","140.812210083008","0","140.812210083008","90.6985778808594","503.970245361328","0","0.00443297019228339","0.0142226722091436","0","0","94.8315658569336","0","0.402685701847076","0.276745468378067","0","9","201","0","394","207","207","-1","0","202","0","6","0","20.5610389709473","0.0500000007450581","0.0185270234942436","15","386","20460.0017475284","1023","20.0000017082389","18.1607063051945","-2.40033266575274","10"
"Bettsy_TowIn","2","1","3","0","0","0","0","2.83618855476379","0","39.4106292724609","36.1234359741211","0","0","492.933746337891","0","0","0","186.969528198242","311.415405273438","0","311.415405273438","173.177963256836","498.815032958984","0","0.00846422091126442","0.058225192129612","0","0","75.1248321533203","0","1.77213823795319","0.160300865769386","0","9","203","1","387","208","208","-1","0","204","0","7","0","10.9280891418457","0.100000001490116","0.0185270234942436","24","363","20460.0004031518","1023","20.0000003940878","8.35873035472146","-2.56935878712424","10"
"Bettsy_TowIn","2","1","4","0","0","0","0","2.66146612167358","0","72.3960494995117","24.0895252227783","0","0","470.590484619141","0","0","0","240.024124145508","471.766143798828","0","471.766143798828","234.384750366211","495.576416015625","0","0.0114557547494769","0.113235250115395","0","0","96.1171417236328","0","3.64631462097168","0.136921882629395","0","9","203","1","377","208","208","-1","0","204","0","7","0","8.13101959228516","0.150000005960464","0.0185270234942436","34","341","20460.0007150915","1023","20.0000006990142","5.8064180271461","-2.32460156513906","10"
"Bettsy_TowIn","2","1","5","0","0","0","0","2.30789017677307","0","107.316787719727","17.8693771362305","0","0","444.160583496094","0","0","0","252.55549621582","695.747436523438","0","695.747436523438","281.731567382813","493.323669433594","0","0.0137698706239462","0.175714835524559","0","0","124.852531433105","0","6.12791013717651","0.134395629167557","0","9","205","2","368","209","209","-1","0","206","0","8","0","6.59819507598877","0.200000002980232","0.0185270234942436","45","320","20460.0010469869","1023","20.0000010234476","4.49458462332842","-2.10361045266035","10"
"Bettsy_TowIn","2","1","6","0","0","0","0","2.17520952224731","0","137.155227661133","14.4475574493408","0","0","418.793182373047","0","0","0","288.757690429688","802.53466796875","0","802.53466796875","312.079437255859","492.038391113281","0","0.0152531499043107","0.231738045811653","0","0","151.296981811523","0","8.59548091888428","0.139082804322243","0","9","205","2","359","209","209","-1","0","206","0","8","0","5.67138767242432","0.25","0.0185270234942436","53","302","20459.9993584055","1023","19.9999993728304","3.77397392296882","-1.8974137494555","10"
"Bettsy_TowIn","2","1","7","0","0","0","0","1.93839061260223","0","167.520568847656","12.037805557251","0","0","392.859466552734","0","0","0","294.046600341797","972.903076171875","0","972.903076171875","335.468688964844","491.250579833984","0","0.0163963213562965","0.286078840494156","0","0","179.279357910156","0","11.2169914245605","0.156689330935478","0","9","207","3","349","210","210","-1","0","208","0","9","0","4.90591239929199","0.300000011920929","0.0185270234942436","59","284","20459.9971954085","1023","19.9999972584638","3.28565054037474","-1.62026185891725","10"
"Bettsy_TowIn","2","1","8","0","0","0","0","1.71536862850189","0","190.009216308594","11.0751523971558","0","0","373.174133300781","0","0","0","292.215423583984","1138.41137695313","0","1138.41137695313","344.166351318359","491.302337646484","0","0.0168214254081249","0.332661390304565","0","0","200.825164794922","0","13.4225845336914","0.197248488664627","0","9","208","4","341","211","211","-1","0","209","0","10","0","4.28675842285156","0.349999994039536","0.0185270234942436","61","267","20459.9992550051","1023","19.9999992717547","2.89846670311776","-1.38829171973381","10"
"Bettsy_TowIn","2","1","9","0","0","0","0","1.71168613433838","0","195.605545043945","12.1160049438477","0","0","369.815551757813","0","0","0","299.027038574219","1140.71520996094","0","1140.71520996094","335.100555419922","491.984649658203","0","0.0163783263415098","0.341104686260223","0","0","207.46728515625","0","13.7863321304321","0.197466567158699","0","8","209","4","330","211","211","-1","0","210","0","10","0","3.88176989555359","0.400000005960464","0.0185270234942436","54","257","20459.9999067445","1023","19.9999999088412","2.75214606075733","-1.12962383479626","10"
"Bettsy_TowIn","2","1","10","0","0","0","0","0.916194558143616","0","271.234558105469","7.87101554870605","0","0","306.915649414063","0","0","0","307.564666748047","1625.57653808594","0","1625.57653808594","352.153442382813","492.016143798828","0","0.0172118004411459","0.499969899654388","0","0","278.903564453125","0","20.1666431427002","0.23311360180378","0","7","211","5","322","213","212","-1","0","212","0","11","0","2.57062983512878","0.449999988079071","0.0185270234942436","88","233","20460.0003112381","1023","20.0000003042405","1.97283557063184","-0.597794264496941","10"
"Bettsy_TowIn","2","2","0","0","0","0","0","2.3796718120575","0","1.27186107635498","165.309326171875","0","0","316.088592529297","0","0","0","12.5501117706299","131.237518310547","0","131.237518310547","31.8007736206055","175.018966674805","0","0.00155429006554186","0.00164704560302198","0","0","166.250122070313","0","0.0328734703361988","0.983445286750793","0","9","214","0","399","219","214","-1","0","218","0","13","0","45","0.0666666701436043","0.0370540469884872","7","392","20459.9992791686","1023","19.999999295375","70.6796898014794","25.6796898014794","10"
"Bettsy_TowIn","2","2","1","0","0","0","0","2.45742893218994","0","9.69670104980469","136.4755859375","0","0","664.869140625","0","0","0","61.8040428161621","214.418960571289","0","214.418960571289","99.6604309082031","504.759552001953","0","0.00487098842859268","0.0132519584149122","0","0","145.532180786133","0","0.318977445363998","0.710091471672058","0","9","214","0","397","219","214","-1","0","218","0","13","0","23.122142791748","0.0833333358168602","0.0370540469884872","14","373","20460.0015724112","1023","20.0000015370589","21.5656726620523","-1.55647012969574","10"
"Bettsy_TowIn","2","2","2","0","0","0","0","2.47937202453613","0","18.7547073364258","65.7239303588867","0","0","554.500854492188","0","0","0","98.2876892089844","266.418975830078","0","266.418975830078","125.154090881348","502.311340332031","0","0.00611701281741261","0.026185704395175","0","0","83.9873886108398","0","0.718097865581512","0.451486676931381","0","9","214","0","393","219","214","-1","0","218","0","13","0","15.6810674667358","0.100000001490116","0.0370540469884872","19","368","20460.0014119777","1023","20.0000013802323","13.509183971694","-2.17188349504182","10"
"Bettsy_TowIn","2","2","3","0","0","0","0","2.34068322181702","0","47.2708053588867","34.1285858154297","0","0","505.502624511719","0","0","0","164.315460205078","430.675262451172","0","430.675262451172","193.154647827148","498.173431396484","0","0.00944059900939465","0.0707666054368019","0","0","80.988410949707","0","2.19664740562439","0.305915325880051","0","9","215","1","384","221","215","-1","0","220","0","14","0","9.91309452056885","0.150000005960464","0.0370540469884872","26","344","20459.9991626521","1023","19.9999991814781","7.66638270430002","-2.24671181626883","10"
"Bettsy_TowIn","2","2","4","0","0","0","0","2.2197699546814","0","67.5722885131836","26.9166831970215","0","0","490.300994873047","0","0","0","179.307342529297","585.016906738281","0","585.016906738281","230.179946899414","496.349884033203","0","0.0112502407282591","0.104897826910019","0","0","94.1051635742188","0","3.47085952758789","0.300473511219025","0","9","215","1","374","221","215","-1","0","220","0","14","0","8.22107315063477","0.200000002980232","0.0370540469884872","28","324","20460.0019198908","1023","20.0000018767261","6.15678610865641","-2.06428704197835","10"
"Bettsy_TowIn","2","2","5","0","0","0","0","2.14277648925781","0","65.5244979858398","29.830358505249","0","0","518.44873046875","0","0","0","168.61311340332","600.739990234375","0","600.739990234375","233.558975219727","497.012542724609","0","0.0114153949543834","0.10129264742136","0","0","94.953125","0","3.45079183578491","0.440907269716263","0","9","216","2","366","223","216","-1","0","222","0","15","0","8.1581563949585","0.25","0.0370540469884872","22","305","20459.999514081","1023","19.9999995250059","6.47081969973283","-1.68733669522567","10"
"Bettsy_TowIn","2","2","6","0","0","0","0","2.05167174339294","0","83.5306625366211","24.8701648712158","0","0","498.934295654297","0","0","0","191.822570800781","701.925903320313","0","701.925903320313","260.964233398438","495.883117675781","0","0.01275485008955","0.134645223617554","0","0","108.028190612793","0","4.91491842269897","0.429544389247894","0","9","216","2","355","223","216","-1","0","222","0","15","0","7.05449151992798","0.300000011920929","0.0370540469884872","23","288","20460.0000443944","1023","20.0000000433963","5.43574025680263","-1.61875126312534","10"
"Bettsy_TowIn","2","2","7","0","0","0","0","1.56669270992279","0","155.268157958984","13.9644908905029","0","0","409.85986328125","0","0","0","237.758316040039","1113.86889648438","0","1113.86889648438","324.894409179688","492.313781738281","0","0.0158794913440943","0.264831602573395","0","0","168.943740844727","0","10.4430065155029","0.257506549358368","0","9","217","3","347","225","217","-1","0","224","0","16","0","4.882493019104","0.349999994039536","0.0370540469884872","45","275","20460.0010251914","1023","20.0000010021422","3.4375577706035","-1.44493524850051","10"
"Bettsy_TowIn","2","2","8","0","0","0","0","1.31047296524048","0","194.264495849609","12.198429107666","0","0","371.628662109375","0","0","0","261.163757324219","1306.48522949219","0","1306.48522949219","334.747589111328","492.103240966797","0","0.0163610745221376","0.341206580400467","0","0","206.208053588867","0","13.7390050888062","0.213854387402534","0","8","217","3","336","226","217","-1","0","225","0","16","0","3.85770487785339","0.400000005960464","0.0370540469884872","57","260","20460.0002682215","1023","20.0000002621911","2.74842322426036","-1.10928165359304","10"
"Bettsy_TowIn","2","2","9","0","0","0","0","1.20459043979645","0","195.875747680664","12.1758117675781","0","0","372.664001464844","0","0","0","253.767364501953","1360.64819335938","0","1360.64819335938","335.779663085938","492.261901855469","0","0.016411516815424","0.345288097858429","0","0","207.797454833984","0","13.8780860900879","0.241531223058701","0","8","218","4","334","227","218","-1","0","226","0","17","0","3.7498254776001","0.416666686534882","0.0370540469884872","54","256","20460.0017696331","1023","20.0000017298466","2.72429033749559","-1.02553514010451","10"
"Bettsy_TowIn","2","2","10","0","0","0","0","0.945612370967865","0","201.682312011719","11.8227920532227","0","0","373.381652832031","0","0","0","241.088226318359","1508.03247070313","0","1508.03247070313","340.638610839844","492.505249023438","0","0.0166490040719509","0.363568872213364","0","0","213.253890991211","0","14.4028253555298","0.300025224685669","0","8","218","4","331","227","218","-1","0","226","0","17","0","3.5341522693634","0.433333367109299","0.0370540469884872","50","247","20459.9992508698","1023","19.9999992677124","2.6246784270328","-0.909473842330605","10"
"Bettsy_TowIn","2","3","0","0","0","0","0","2.50236439704895","0","2.80656909942627","309.399078369141","0","0","582.359191894531","0","0","0","13.3343324661255","286.205444335938","0","286.205444335938","58.4361953735352","224.450820922852","0","0.00285611883737147","0.00381635827943683","0","0","311.46337890625","0","0.0706481114029884","1.17509269714355","0","9","223","0","399","235","223","-1","0","234","0","22","0","45","0.116666674613953","0.0555810704827309","11","381","20460.0013868173","1023","20.0000013556376","48.4509766785421","3.45097667854211","10"
"Bettsy_TowIn","2","3","1","0","0","0","0","2.50236439704895","0","2.23119831085205","249.974151611328","0","0","472.244262695313","0","0","0","10.8512315750122","286.205444335938","0","286.205444335938","47.4090995788574","172.653564453125","0","0.0023171603679657","0.00310568138957024","0","0","251.617950439453","0","0.0538965128362179","1.19649231433868","0","9","223","0","396","235","223","-1","0","234","0","22","0","45","0.133333340287209","0.0555810704827309","9","380","20459.9993311983","1023","19.9999993462349","48.2539825576266","3.25398255762656","10"
"Bettsy_TowIn","2","3","2","0","0","0","0","2.08692622184753","0","9.22470474243164","267.416229248047","0","0","985.0498046875","0","0","0","35.8507194519043","343.343719482422","0","343.343719482422","121.395370483398","505.682189941406","0","0.00593330292031169","0.0123091181740165","0","0","275.62744140625","0","0.276685744524002","1.03244018554688","0","9","224","1","393","236","224","-1","0","235","0","23","0","29.0732326507568","0.150000005960464","0.0555810704827309","16","367","20459.9987753569","1023","19.9999988028904","28.8177398706326","-0.255492780124278","10"
"Bettsy_TowIn","2","3","3","0","0","0","0","1.90541696548462","0","36.1738204956055","48.7213897705078","0","0","580.644775390625","0","0","0","90.5783767700195","583.276245117188","0","583.276245117188","180.580627441406","500.119750976563","0","0.00882603134959936","0.0528322160243988","0","0","84.4145050048828","0","1.57760167121887","0.568804562091827","0","9","225","2","384","238","225","-1","0","237","0","24","0","11.2219104766846","0.200000002980232","0.0555810704827309","26","336","20460.0029490722","1023","20.0000028827685","9.61679459772726","-1.60511587895731","10"
"Bettsy_TowIn","2","3","4","0","0","0","0","1.85381150245667","0","43.9345893859863","45.1575355529785","0","0","593.99658203125","0","0","0","103.374122619629","635.711853027344","0","635.711853027344","203.228973388672","499.520050048828","0","0.00993298925459385","0.0657161548733711","0","0","88.6144943237305","0","2.10063123703003","0.619333982467651","0","9","226","3","376","240","226","-1","0","239","0","25","0","10.1057920455933","0.25","0.0555810704827309","24","319","20460.0013329","1023","20.0000013029326","8.69356992773969","-1.41222211785357","10"
"Bettsy_TowIn","2","3","5","0","0","0","0","1.7411732673645","0","51.9681396484375","42.5021553039551","0","0","608.67041015625","0","0","0","109.174255371094","740.124267578125","0","740.124267578125","226.436401367188","499.085174560547","0","0.0110672721639276","0.0808025151491165","0","0","93.9971466064453","0","2.71906089782715","0.669587671756744","0","9","228","5","367","243","228","-1","0","242","0","27","0","9.16824340820313","0.300000011920929","0.0555810704827309","24","304","20460.0011649871","1023","20.0000011387949","7.87237308113253","-1.29587032707059","10"
"Bettsy_TowIn","2","3","6","0","0","0","0","1.5266809463501","0","74.5758972167969","30.8526840209961","0","0","553.754577636719","0","0","0","125.000465393066","965.835205078125","0","965.835205078125","260.787994384766","497.237548828125","0","0.0127462344244123","0.120729848742485","0","0","105.018402099609","0","4.38574552536011","0.591748714447021","0","9","229","6","359","245","229","-1","0","244","0","28","0","7.2829122543335","0.349999994039536","0.0555810704827309","30","291","20460.0029860812","1023","20.0000029189455","6.06038191327963","-1.22253034105387","10"
"Bettsy_TowIn","2","3","7","0","0","0","0","1.33726406097412","0","82.7342224121094","31.1026840209961","0","0","567.148620605469","0","0","0","122.294174194336","1104.83679199219","0","1104.83679199219","278.391265869141","497.247680664063","0","0.0136066107079387","0.135115101933479","0","0","113.428619384766","0","5.03308057785034","0.645299911499023","0","8","231","8","350","248","231","-1","0","247","0","30","0","6.49125194549561","0.400000005960464","0.0555810704827309","28","278","20460.0007926085","1023","20.0000007747884","5.77970256269994","-0.711549382795664","10"
"Bettsy_TowIn","2","3","8","0","0","0","0","1.28291702270508","0","83.9911117553711","32.1514167785645","0","0","585.472290039063","0","0","0","122.261978149414","1148.07580566406","0","1148.07580566406","286.280578613281","497.456878662109","0","0.0139922071248293","0.140366017818451","0","0","115.724685668945","0","5.21978664398193","0.690552592277527","0","8","231","8","347","248","231","-1","0","247","0","30","0","6.4012598991394","0.416666686534882","0.0555810704827309","27","274","20460.0014893486","1023","20.0000014558637","5.72095804088436","-0.680301858255041","10"
"Bettsy_TowIn","2","3","9","0","0","0","0","1.19969069957733","0","87.5941162109375","33.2800483703613","0","0","608.282775878906","0","0","0","122.301261901855","1196.78283691406","0","1196.78283691406","298.744537353516","497.584777832031","0","0.014601394534111","0.146368056535721","0","0","120.44425201416","0","5.46130609512329","0.740535259246826","0","8","232","9","345","249","232","-1","0","248","0","31","0","6.21750020980835","0.433333367109299","0.0555810704827309","27","271","20460.0003551444","1023","20.0000003471598","5.72523934142814","-0.492260868380205","10"
"Bettsy_TowIn","2","4","0","0","0","0","0","1.66085374355316","0","6.31842851638794","716.225280761719","0","0","1260.67822265625","0","0","0","14.9642887115479","581.086853027344","0","581.086853027344","126.768859863281","301.372711181641","0","0.00619593681767583","0.00869555212557316","0","0","720.772155761719","0","0.173615291714668","1.32997298240662","0","9","244","1","400","269","244","-1","0","268","0","43","0","45","0.216666668653488","0.0741080939769745","26","366","20459.9988014135","1023","19.9999988283612","45.4420350385283","0.442035038528324","10"
"Bettsy_TowIn","2","4","1","0","0","0","0","1.62818539142609","0","5.86330223083496","667.322082519531","0","0","1171.51025390625","0","0","0","14.6694307327271","544.05078125","0","544.05078125","117.844635009766","274.950988769531","0","0.00575975701212883","0.00798091478645802","0","0","671.53857421875","0","0.157692223787308","1.33444225788116","0","9","244","1","397","269","244","-1","0","268","0","43","0","45","0.233333334326744","0.0741080939769745","25","366","20460.0011357441","1023","20.0000011102092","46.1942934751424","1.19429347514238","10"
"Bettsy_TowIn","2","4","2","0","0","0","0","1.55515003204346","0","5.10729074478149","590.307495117188","0","0","1025.28051757813","0","0","0","12.6225728988647","554.410339355469","0","554.410339355469","103.244354248047","230.367218017578","0","0.00504615576937795","0.00699808448553085","0","0","593.967895507813","0","0.134478881955147","1.34472835063934","0","9","245","2","395","270","245","-1","0","269","0","44","0","45","0.25","0.0741080939769745","24","366","20460.0014281315","1023","20.000001396023","46.1434439425934","1.14344394259343","10"
"Bettsy_TowIn","2","4","3","0","0","0","0","1.40912342071533","0","18.2304401397705","290.633361816406","0","0","1399.78344726563","0","0","0","34.739574432373","754.333312988281","0","754.333312988281","203.592498779297","505.183532714844","0","0.00995075702667236","0.0262052193284035","0","0","307.569152832031","0","0.710062265396118","1.20517337322235","0","9","247","4","386","273","247","-1","0","272","0","46","0","22.8235321044922","0.300000011920929","0.0741080939769745","31","340","20460.0010063134","1023","20.0000009836886","22.3166035232541","-0.506928581238085","10"
"Bettsy_TowIn","2","4","4","0","0","0","0","1.22223889827728","0","32.735466003418","128.319869995117","0","0","1069.22875976563","0","0","0","52.5507698059082","946.026550292969","0","946.026550292969","240.006271362305","503.161376953125","0","0.0117305116727948","0.0497144237160683","0","0","160.192245483398","0","1.57561981678009","1.09393727779388","0","9","249","6","379","276","249","-1","0","275","0","48","0","14.1523342132568","0.349999994039536","0.0741080939769745","34","319","20460.000216267","1023","20.0000002114047","13.6480952595036","-0.5042389537532","10"
"Bettsy_TowIn","2","4","5","0","0","0","0","1.25151777267456","0","18.219669342041","2347.33227539063","0","0","4064.55493164063","0","0","0","31.6294803619385","861.166809082031","0","861.166809082031","406.910034179688","471.5703125","0","0.019888075068593","0.0272382609546185","0","0","2360.30834960938","0","0.817193388938904","1.45618343353271","0","9","252","9","371","281","252","-1","0","280","0","51","0","45","0.400000005960464","0.0741080939769745","22","318","20460.0009189564","1023","20.0000008982956","46.8991567946022","1.89915679460216","10"
"Bettsy_TowIn","2","4","6","0","0","0","0","0.613592088222504","0","39.4547653198242","317.479125976563","0","0","2083.6435546875","0","0","0","48.8872222900391","1330.10705566406","0","1330.10705566406","383.093231201172","504.834350585938","0","0.0187240112572908","0.0650252401828766","0","0","355.324737548828","0","2.18870997428894","1.33564984798431","0","7","254","11","364","285","254","-1","0","284","0","53","0","16.5342445373535","0.449999988079071","0.0741080939769745","33","298","20459.9979105439","1023","19.999997957521","16.7352593577793","0.201014820425748","10"
"Bettsy_TowIn","2","4","7","0","0","0","0","0.645301461219788","0","34.2684936523438","815.060729980469","0","0","3516.16528320313","0","0","0","43.1562690734863","1302.40393066406","0","1302.40393066406","476.078765869141","506.199157714844","0","0.0232687573879957","0.0562068931758404","0","0","846.419982910156","0","1.87912404537201","1.43119740486145","0","7","255","12","361","286","255","-1","0","285","0","54","0","23.6593933105469","0.466666668653488","0.0741080939769745","28","298","20459.9995578083","1023","19.99999956775","24.455353078944","0.795959768397115","10"
"Bettsy_TowIn","20","0","0","0","0","0","0","3.22445130348206","0","5.52237367630005","124.332290649414","0","0","512.847534179688","0","0","0","98.8821640014648","77.2826309204102","0","77.2826309204102","67.3538818359375","505.422393798828","0","0.00329197896644473","0.00764187332242727","0","0","129.346984863281","0","0.204777553677559","-0.167768493294716","0","9","53","5","394","204","204","-1","0","54","0","3","0","27.7962074279785","0.0333333350718021","0","15","394","20459.997625282","1023","19.9999976786725","25.5171755803324","-2.27903184764611","10"
"Bettsy_TowIn","20","0","1","0","0","0","0","2.8052020072937","0","16.7709884643555","59.7274055480957","0","0","500.248901367188","0","0","0","145.541519165039","168.338973999023","0","168.338973999023","112.379676818848","502.350738525391","0","0.00549265230074525","0.02450031042099","0","0","76.0551528930664","0","0.713989317417145","-0.0706496238708496","0","9","60","7","393","206","206","-1","0","61","0","5","0","15.8732166290283","0.0500000007450581","0","22","389","20460.001956359","1023","20.0000019123744","12.9550785755685","-2.91813805345987","10"
"Bettsy_TowIn","20","0","2","0","0","0","0","2.56080269813538","0","47.4199714660645","31.761589050293","0","0","481.945892333984","0","0","0","207.287857055664","348.669677734375","0","348.669677734375","188.546890258789","497.836944580078","0","0.00921539217233658","0.0722749903798103","0","0","78.7873153686523","0","2.19663071632385","-0.018338531255722","0","9","76","10","388","209","209","-1","0","77","0","8","0","9.85828304290771","0.100000001490116","0","39","373","20459.9963553133","1023","19.9999964372564","7.325415135857","-2.53286790705072","10"
"Bettsy_TowIn","20","0","3","0","0","0","0","2.23740577697754","0","83.7815551757813","22.0524520874023","0","0","459.639678955078","0","0","0","263.350433349609","505.247100830078","0","505.247100830078","247.196228027344","494.585388183594","0","0.0120819266885519","0.133057042956352","0","0","105.471855163574","0","4.25063896179199","-0.00776325538754463","0","9","92","14","382","213","213","-1","0","93","1","12","0","7.45962953567505","0.150000005960464","0","58","358","20460.0006604552","1023","20.0000006456063","5.20978228686054","-2.24984724881451","10"
"Bettsy_TowIn","20","1","0","0","0","0","0","2.31512665748596","0","3.79527592658997","162.307083129883","0","0","526.649047851563","0","0","0","85.3103561401367","62.4448356628418","0","62.4448356628418","60.9754676818848","506.341979980469","0","0.00298022804781795","0.00532719120383263","0","0","165.597351074219","0","0.12653760612011","0.274778008460999","0","9","71","1","398","208","208","-1","0","72","0","7","0","32.2238960266113","0.0333333350718021","0.0185270234942436","12","392","20460.0006118759","1023","20.0000005981191","34.016874094115","1.79297806750372","10"
"Bettsy_TowIn","20","1","1","0","0","0","0","2.35767340660095","0","10.1811218261719","82.3654251098633","0","0","508.754486083984","0","0","0","128.424957275391","108.922813415527","0","108.922813415527","88.686149597168","503.93408203125","0","0.0043346113525331","0.0139884073287249","0","0","92.0754089355469","0","0.385904401540756","0.149427443742752","0","9","76","2","396","209","209","-1","0","77","0","8","0","19.804479598999","0.0500000007450581","0.0185270234942436","16","386","20460.000305527","1023","20.0000002986578","18.0514973781405","-1.75298222085856","10"
"Bettsy_TowIn","20","1","2","0","0","0","0","2.48871493339539","0","35.0002746582031","39.3603668212891","0","0","491.708740234375","0","0","0","195.117141723633","256.399566650391","0","256.399566650391","159.941192626953","499.226867675781","0","0.00781726185232401","0.0500279515981674","0","0","73.937370300293","0","1.4998744726181","0.0936904177069664","0","9","92","6","392","213","213","-1","0","93","0","12","0","11.0896368026733","0.100000001490116","0.0185270234942436","27","367","20460.0019352561","1023","20.000001891746","8.98975686025409","-2.09987994241925","10"
"Bettsy_TowIn","20","1","3","0","0","0","0","2.30059957504272","0","63.5577545166016","27.360164642334","0","0","474.568756103516","0","0","0","249.22737121582","379.873962402344","0","379.873962402344","213.288162231445","496.038360595703","0","0.0104246400296688","0.0946749895811081","0","0","90.5238342285156","0","2.999666929245","0.0837205722928047","0","9","106","9","385","216","216","-1","0","107","0","15","0","8.30195713043213","0.150000005960464","0.0185270234942436","34","348","20460.0026115455","1023","20.0000025528304","6.32164261103812","-1.98031451939401","10"
"Bettsy_TowIn","20","1","4","0","0","0","0","1.87345814704895","0","98.1700286865234","20.1130619049072","31.4796504974365","0","448.550323486328","0","0","0","287.830627441406","524.794128417969","0","524.794128417969","259.969909667969","487.627777099609","0","0.0127062499523163","0.151051804423332","0","0","149.264938354492","0","5.13402271270752","0.0752270072698593","0","9","121","14","380","221","221","-1","0","122","0","20","0","6.70894145965576","0.200000002980232","0.0185270234942436","48","333","20460.0028052004","1023","20.0000027421314","4.82533601558237","-1.8836054440734","10"
"Bettsy_TowIn","20","1","5","0","0","0","0","1.55280375480652","0","135.467468261719","15.3058567047119","263.629150390625","0","411.942443847656","0","0","0","326.960662841797","649.079895019531","0","649.079895019531","290.693267822266","467.384704589844","0","0.0142078818753362","0.212223589420319","0","0","413.702209472656","0","7.81669425964355","0.0910014733672142","0","9","137","20","377","227","227","-1","0","138","0","26","0","5.75760984420776","0.25","0.0185270234942436","57","311","20460.0003274864","1023","20.0000003201235","3.83869193102302","-1.91891791318475","10"
"Bettsy_TowIn","20","1","6","0","0","0","0","1.307284116745","0","150.207626342773","13.7129564285278","295.560882568359","0","395.866882324219","0","0","0","326.017395019531","731.803955078125","0","731.803955078125","301.220520019531","459.339233398438","0","0.0147224105894566","0.238580822944641","0","0","458.700225830078","0","9.04868602752686","0.100954703986645","0","9","154","27","373","234","234","-1","0","155","0","33","0","5.32417297363281","0.300000011920929","0.0185270234942436","62","303","20459.9999564779","1023","19.9999999574564","3.53787141311707","-1.78630156051574","10"
"Bettsy_TowIn","20","1","7","0","0","0","0","1.24720048904419","0","163.731994628906","12.6703462600708","284.115539550781","0","384.252960205078","0","0","0","344.299499511719","755.998168945313","0","755.998168945313","309.260406494141","455.913635253906","0","0.0151153653860092","0.260289788246155","0","0","459.659759521484","0","10.0310983657837","0.101394981145859","0","9","159","29","372","236","236","-1","0","160","0","35","0","4.93033170700073","0.316666692495346","0.0185270234942436","65","298","20460.0020308071","1023","20.0000019851487","3.32911304947845","-1.60121865752228","10"
"Bettsy_TowIn","20","2","0","0","0","0","0","0.897468507289886","0","2.05559825897217","306.556884765625","0","0","554.791198730469","0","0","0","23.4911842346191","109.660720825195","0","109.660720825195","55.6826782226563","448.53076171875","0","0.0027215383015573","0.00257606036029756","0","0","308.048034667969","0","0.0555632561445236","0.627454936504364","0","9","98","1","400","215","215","-1","0","99","0","14","0","45","0.0666666701436043","0.0370540469884872","9","391","20460.001680224","1023","20.0000016424477","NaN","NaN","10"
"Bettsy_TowIn","20","2","1","0","0","0","0","1.26647591590881","0","9.08722019195557","93.2200775146484","0","0","531.98388671875","0","0","0","80.2003479003906","151.349884033203","0","151.349884033203","87.1611862182617","504.427062988281","0","0.00426007667556405","0.0121383126825094","0","0","101.821258544922","0","0.297536194324493","0.324506163597107","0","9","103","2","399","216","216","-1","0","104","0","15","0","20.4508895874023","0.0833333358168602","0.0370540469884872","15","377","20460.004092936","1023","20.000004000915","20.5461159278352","0.0952263404328733","10"
"Bettsy_TowIn","20","2","2","0","0","0","0","1.4726300239563","0","13.308051109314","72.0189590454102","0","0","519.147277832031","0","0","0","105.540672302246","175.599853515625","0","175.599853515625","102.488143920898","503.229400634766","0","0.00500919623300433","0.0185329262167215","0","0","84.8597869873047","0","0.471606105566025","0.258693009614944","0","9","106","2","395","216","216","-1","0","107","0","15","0","16.8474292755127","0.100000001490116","0.0370540469884872","18","372","20459.9978027672","1023","19.9999978521674","15.6813043154681","-1.16612496004459","10"
"Bettsy_TowIn","20","2","3","0","0","0","0","1.49354934692383","0","45.2153968811035","34.6138648986816","0","0","488.494567871094","0","0","0","193.216613769531","336.106750488281","0","336.106750488281","179.900695800781","497.915649414063","0","0.00879279896616936","0.06494140625","0","0","79.4100952148438","0","1.97393822669983","0.133636608719826","0","9","122","7","390","221","221","-1","0","123","0","20","0","9.55035877227783","0.150000005960464","0.0370540469884872","31","352","20460.0032928032","1023","20.0000032187714","7.78151219745024","-1.7688465748276","10"
"Bettsy_TowIn","20","2","4","0","0","0","0","1.42125844955444","0","77.1276626586914","25.0426445007324","108.297882080078","0","463.703948974609","0","0","0","236.257949829102","476.93701171875","0","476.93701171875","227.579574584961","485.805480957031","0","0.011123145930469","0.112680166959763","0","0","209.981262207031","0","3.78058767318726","0.127277791500092","0","9","138","13","386","227","227","-1","0","139","0","26","0","7.42706394195557","0.200000002980232","0.0370540469884872","39","328","20460.0007954193","1023","20.0000007775359","5.66514037562441","-1.76192356633116","10"
"Bettsy_TowIn","20","2","5","0","0","0","0","1.18729591369629","0","100.666999816895","19.3848171234131","339.097045898438","0","431.003997802734","0","0","0","261.466827392578","576.680236816406","0","576.680236816406","251.878662109375","452.770690917969","0","0.0123107833787799","0.150782763957977","0","0","458.057800292969","0","5.41454076766968","0.135764330625534","0","9","154","20","384","234","234","-1","0","155","0","33","0","6.65676975250244","0.25","0.0370540469884872","46","312","20460.0027763902","1023","20.0000027139689","4.68317454425778","-1.97359520824466","10"
"Bettsy_TowIn","20","2","6","0","0","0","0","0.993100762367249","0","109.407150268555","17.9488372802734","359.610931396484","0","422.701843261719","0","0","0","248.48420715332","651.543884277344","0","651.543884277344","261.622528076172","445.943389892578","0","0.0127870263531804","0.161898359656334","0","0","485.808990478516","0","5.9821252822876","0.150428086519241","0","9","170","27","380","241","241","-1","0","171","0","40","0","6.20149564743042","0.300000011920929","0.0370540469884872","49","302","20459.9975670732","1023","19.9999976217724","4.53004269743392","-1.6714529499965","10"
"Bettsy_TowIn","20","2","7","0","0","0","0","0.848702013492584","0","103.179672241211","18.4022769927979","413.872802734375","0","421.085357666016","0","0","0","217.996337890625","702.458129882813","0","702.458129882813","253.703048706055","432.178558349609","0","0.012399953790009","0.153133302927017","0","0","533.924133300781","0","5.63289737701416","0.176403790712357","0","9","185","34","378","248","248","-1","0","186","0","47","0","6.09888601303101","0.349999994039536","0.0370540469884872","50","296","20459.9995292297","1023","19.999999539814","4.64460526269753","-1.45428075033348","10"
"Bettsy_TowIn","20","2","8","0","0","0","0","0.651143610477448","0","182.982986450195","11.9606428146362","296.755554199219","0","369.030090332031","0","0","0","300.579345703125","964.276733398438","0","964.276733398438","314.772277832031","453.210723876953","0","0.0153847644105554","0.289841651916504","0","0","490.810729980469","0","11.437518119812","0.109655402600765","0","9","201","42","375","256","256","-1","0","202","0","55","0","4.32121419906616","0.400000005960464","0.0370540469884872","81","301","20459.9998694857","1023","19.9999998724201","3.04268369010985","-1.27853050895631","10"
"Bettsy_TowIn","20","2","9","0","0","0","0","0.470936268568039","0","170.520523071289","13.7645072937012","405.976196289063","0","374.222229003906","0","0","0","266.590545654297","987.336242675781","0","987.336242675781","298.435638427734","439.933654785156","0","0.0145862968638539","0.263214498758316","0","0","589.126892089844","0","10.3593196868896","0.131412968039513","0","9","216","50","374","264","264","-1","0","217","0","63","0","4.19777727127075","0.449999988079071","0.0370540469884872","76","296","20460.000314904","1023","20.000000307824","3.17673062743128","-1.02104664383947","10"
"Bettsy_TowIn","20","2","10","0","0","0","0","0.418675154447556","0","155.9345703125","14.9381294250488","394.837097167969","0","386.666442871094","0","0","0","240.220932006836","990.735412597656","0","990.735412597656","288.748443603516","442.908325195313","0","0.014112826436758","0.237995386123657","0","0","564.572937011719","0","9.33523273468018","0.142262578010559","0","9","222","53","373","267","267","-1","0","223","0","66","0","4.45592069625854","0.466666668653488","0.0370540469884872","75","299","20460.0010421333","1023","20.0000010187031","3.3995618641264","-1.05635883213214","10"
"Bettsy_TowIn","20","3","0","0","0","0","0","0.963456571102142","0","8.28347015380859","103.690910339355","0","0","552.609313964844","0","0","0","44.663444519043","255.67626953125","0","255.67626953125","86.2434616088867","504.841186523438","0","0.00421522278338671","0.0114193828776479","0","0","111.480941772461","0","0.25262776017189","0.418688178062439","0","9","133","2","398","225","225","-1","0","134","0","24","0","20.8510112762451","0.133333340287209","0.0555810704827309","18","373","20460.000821023","1023","20.000000802564","21.6618964551786","0.810885178933521","10"
"Bettsy_TowIn","20","3","1","0","0","0","0","1.62567889690399","0","6.50679540634155","128.75749206543","0","0","577.723022460938","0","0","0","35.4115600585938","259.357177734375","0","259.357177734375","80.5661315917969","505.568725585938","0","0.00393773801624775","0.00918424222618341","0","0","134.753601074219","0","0.192105740308762","0.504141747951508","0","9","139","5","397","228","228","-1","0","140","0","27","0","23.5289936065674","0.150000005960464","0.0555810704827309","18","373","20460.0029914047","1023","20.0000029241492","25.3882176661939","1.85922405962655","10"
"Bettsy_TowIn","20","3","2","0","0","0","0","0.913939595222473","0","33.162670135498","43.1383247375488","49.6278076171875","0","497.318084716797","0","0","0","108.264915466309","421.571472167969","0","421.571472167969","153.943603515625","487.217437744141","0","0.00752412527799606","0.0456413999199867","0","0","125.084571838379","0","1.28881967067719","0.216900110244751","0","9","154","11","393","234","234","-1","0","155","0","33","0","10.4503574371338","0.200000002980232","0.0555810704827309","33","349","20460.0000435699","1023","20.0000000425903","9.48869962730765","-0.961657809826143","10"
"Bettsy_TowIn","20","3","3","0","0","0","0","0.86736786365509","0","47.5014991760254","37.7554092407227","207.404739379883","0","485.342376708984","0","0","0","126.959251403809","519.438110351563","0","519.438110351563","174.855697631836","478.766967773438","0","0.00854622293263674","0.0659474730491638","0","0","291.886138916016","0","2.05114436149597","0.218621984124184","0","9","170","18","391","241","241","-1","0","171","0","40","0","8.95773983001709","0.25","0.0555810704827309","38","331","20459.9972420668","1023","19.9999973040731","7.44597933833367","-1.51176049168342","10"
"Bettsy_TowIn","20","3","4","0","0","0","0","0.812161386013031","0","84.600944519043","21.5791168212891","413.4599609375","0","437.388336181641","0","0","0","176.785461425781","682.917358398438","0","682.917358398438","231.396301269531","436.712707519531","0","0.0113096917048097","0.120729856193066","0","0","518.089782714844","0","4.33204984664917","0.185649573802948","0","9","186","26","388","249","249","-1","0","187","0","48","0","6.99375629425049","0.300000011920929","0.0555810704827309","50","312","20460.0007948161","1023","20.0000007769464","5.37521632136029","-1.6185399728902","10"
"Bettsy_TowIn","20","3","5","0","0","0","0","0.685895144939423","0","86.7303848266602","20.9462242126465","408.446838378906","0","433.961608886719","0","0","0","166.323043823242","750.478149414063","0","750.478149414063","235.238693237305","432.148498535156","0","0.0114974919706583","0.124821819365025","0","0","514.491638183594","0","4.56189012527466","0.200318396091461","0","9","201","33","386","256","256","-1","0","202","0","55","0","6.65030670166016","0.349999994039536","0.0555810704827309","52","306","20460.0006538501","1023","20.0000006391496","5.28507698428268","-1.36522971737748","10"
"Bettsy_TowIn","20","3","6","0","0","0","0","0.554961442947388","0","100.935699462891","18.9844627380371","431.159423828125","0","422.152008056641","0","0","0","172.49089050293","857.668273925781","0","857.668273925781","250.667617797852","428.954162597656","0","0.0122515941038728","0.147939965128899","0","0","549.461303710938","0","5.48532295227051","0.191693753004074","0","9","217","41","383","264","264","-1","0","218","0","63","0","5.87878513336182","0.400000005960464","0.0555810704827309","60","304","20460.0001985549","1023","20.0000001940909","4.75036952022857","-1.12841561313325","10"
"Bettsy_TowIn","20","3","7","0","0","0","0","0.344337433576584","0","122.294464111328","17.3343715667725","393.4208984375","0","409.487670898438","0","0","0","182.646011352539","995.101135253906","0","995.101135253906","269.456787109375","436.405090332031","0","0.0131699312478304","0.181751251220703","0","0","531.668151855469","0","6.92979335784912","0.169075712561607","0","9","233","50","383","273","273","-1","0","234","0","72","0","5.04613542556763","0.449999988079071","0.0555810704827309","73","306","20459.9995276183","1023","19.9999995382388","4.15536821793242","-0.890767207635211","10"
"Bettsy_TowIn","20","3","8","0","0","0","0","0.0435091257095337","0","169.520385742188","14.5521926879883","393.834899902344","0","375.101745605469","0","0","0","226.059371948242","1171.48864746094","0","1171.48864746094","292.993591308594","442.471740722656","0","0.0143203120678663","0.264825999736786","0","0","576.814208984375","0","10.4119834899902","0.134062051773071","0","9","247","58","380","281","281","-1","0","248","0","80","0","4.03015613555908","0.5","0.0555810704827309","91","309","20460.000446921","1023","20.000000436873","3.09974801224458","-0.930408123314507","10"
"Bettsy_TowIn","20","3","9","0","0","0","0","-0.343056559562683","0","217.292739868164","13.7590179443359","249.257690429688","0","351.27734375","0","0","0","259.519897460938","1329.22570800781","0","1329.22570800781","294.537231445313","464.410888671875","0","0.0143957585096359","0.344960510730743","0","0","479.618621826172","0","13.7731418609619","0.114572830498219","0","9","263","68","381","291","291","-1","0","264","0","90","0","3.06511282920837","0.550000011920929","0.0555810704827309","109","312","20460.0008570692","1023","20.0000008377998","2.39173978897373","-0.673373040234646","10"
"Bettsy_TowIn","20","4","0","0","0","0","0","1.0880571603775","0","3.3517324924469","422.53271484375","0","0","770.157470703125","0","0","0","13.6640167236328","417.657989501953","0","417.657989501953","82.0926666259766","507.159240722656","0","0.00401234952732921","0.00570688582956791","0","0","425.070739746094","0","0.101564206182957","0.851280808448792","0","9","176","1","400","244","244","-1","0","177","0","43","0","39.2475738525391","0.216666668653488","0.0741080939769745","25","374","20459.9988278242","1023","19.9999988541781","44.6739645828577","5.42639073031859","10"
"Bettsy_TowIn","20","4","1","0","0","0","0","0.914909064769745","0","3.71103072166443","379.900665283203","0","0","746.115539550781","0","0","0","14.1463193893433","437.556915283203","0","437.556915283203","82.2915573120117","506.975616455078","0","0.00402207020670176","0.00618981989100575","0","0","382.832122802734","0","0.111825607717037","0.823042213916779","0","9","181","3","399","246","246","-1","0","182","0","45","0","35.8511085510254","0.233333334326744","0.0741080939769745","26","372","20460.0002195123","1023","20.000000214577","40.5256141659103","4.67450561488489","10"
"Bettsy_TowIn","20","4","2","0","0","0","0","0.61044305562973","0","3.217933177948","618.948303222656","0","0","822.649047851563","0","0","0","11.7219800949097","467.388092041016","0","467.388092041016","89.2060546875","486.69677734375","0","0.0043600220233202","0.00547871366143227","0","0","621.112182617188","0","0.0982001796364784","0.937147319316864","0","9","186","6","399","249","249","-1","0","187","0","48","0","45","0.25","0.0741080939769745","26","372","20460.0009381532","1023","20.0000009170608","52.7319450606126","7.73194506061255","10"
"Bettsy_TowIn","20","4","3","0","0","0","0","0.517567694187164","0","20.2785015106201","76.8325881958008","0","0","528.893371582031","0","0","0","47.2595558166504","590.124816894531","0","590.124816894531","122.837310791016","502.196899414063","0","0.00600377842783928","0.0278890375047922","0","0","96.6555023193359","0","0.730952620506287","0.339219808578491","0","9","201","13","395","256","256","-1","0","202","0","55","0","11.8816537857056","0.300000011920929","0.0741080939769745","42","354","20460.0006924679","1023","20.0000006768992","12.4315900173634","0.549936231657883","10"
"Bettsy_TowIn","20","4","4","0","0","0","0","0.483171582221985","0","33.9819030761719","46.2607498168945","99.4083633422852","0","505.725036621094","0","0","0","66.765266418457","697.656616210938","0","697.656616210938","154.592193603516","482.134490966797","0","0.00755582610145211","0.0465792268514633","0","0","178.771057128906","0","1.42819619178772","0.309308886528015","0","9","217","21","394","264","264","-1","0","218","0","63","0","9.77585697174072","0.349999994039536","0.0741080939769745","49","337","20459.9988840142","1023","19.9999989091048","9.33545668507325","-0.440400286667471","10"
"Bettsy_TowIn","20","4","5","0","0","0","0","0.386930853128433","0","40.9854049682617","40.3336029052734","237.037017822266","0","494.545043945313","0","0","0","70.0362091064453","812.228637695313","0","812.228637695313","166.581024169922","462.530456542969","0","0.00814179051667452","0.0568854138255119","0","0","317.091705322266","0","1.85655152797699","0.331470549106598","0","9","233","30","392","273","273","-1","0","234","0","72","0","9.24524402618408","0.400000005960464","0.0741080939769745","56","329","20459.9987961814","1023","19.9999988232467","8.22878382544504","-1.01646020073904","10"
"Bettsy_TowIn","20","4","6","0","0","0","0","0.234032824635506","0","54.521312713623","30.7752017974854","410.419036865234","0","465.496246337891","0","0","0","80.7715225219727","950.809753417969","0","950.809753417969","189.446014404297","425.83349609375","0","0.00925933662801981","0.0767983496189117","0","0","493.526458740234","0","2.66721987724304","0.324915796518326","0","9","248","39","392","282","282","-1","0","249","0","81","0","8.05370235443115","0.449999988079071","0.0741080939769745","63","322","20459.998595473","1023","19.9999986270508","6.92481920813204","-1.12888314629912","10"
"Bettsy_TowIn","20","4","7","0","0","0","0","0.0865694284439087","0","21.0251979827881","68.2370910644531","0","0","568.400512695313","0","0","0","29.7908802032471","963.355407714844","0","963.355407714844","132.111709594727","502.053771972656","0","0.00645707314833999","0.0286992061883211","0","0","88.7557601928711","0","0.885019421577454","0.506142318248749","0","9","263","48","390","291","291","-1","0","264","0","90","0","11.9555521011353","0.5","0.0741080939769745","48","342","20459.9989127722","1023","19.9999989372162","13.002369817761","1.0468177166257","10"
"Bettsy_TowIn","20","4","8","0","0","0","0","-0.130422219634056","0","30.872127532959","50.9874267578125","519.739379882813","0","505.288146972656","0","0","0","39.0641593933105","1076.69641113281","0","1076.69641113281","145.469665527344","386.588684082031","0","0.00710995402187109","0.042060237377882","0","0","596.840881347656","0","1.39756429195404","0.536646604537964","0","9","277","57","390","300","300","-1","0","278","0","99","0","11.9775981903076","0.550000011920929","0.0741080939769745","57","339","20460.0008776233","1023","20.0000008578918","9.73213312204147","-2.24546506826614","10"
"Bettsy_TowIn","20","4","9","0","0","0","0","-0.924031615257263","0","109.302848815918","21.3273391723633","354.960174560547","0","424.323974609375","0","0","0","116.436248779297","1393.82836914063","0","1393.82836914063","252.115188598633","442.418914794922","0","0.0123223457485437","0.162292152643204","0","0","484.213500976563","0","6.10941648483276","0.211278572678566","0","9","292","67","389","310","310","-1","0","293","0","109","0","4.28354072570801","0.600000023841858","0.0741080939769745","96","328","20459.9995604269","1023","19.9999995703097","4.35448380810794","0.0709430823999355","10"
"Bettsy_TowIn","30","0","0","0","0","0","0","2.99823975563049","0","8.37043190002441","93.9540328979492","0","0","512.567687988281","0","0","0","105.051750183105","114.955947875977","0","114.955947875977","81.2750473022461","504.488708496094","0","0.00397238787263632","0.0120763229206204","0","0","101.843544006348","0","0.334805279970169","-0.184426471590996","0","9","33","6","395","205","205","-1","0","34","0","4","0","22.1562080383301","0.0333333350718021","0","18","392","20459.9978421309","1023","19.9999978906461","19.204460559742","-2.95174747858804","10"
"Bettsy_TowIn","30","0","1","0","0","0","0","2.63225102424622","0","17.5960578918457","58.3791961669922","0","0","501.135223388672","0","0","0","145.867279052734","176.5068359375","0","176.5068359375","115.387062072754","502.21923828125","0","0.00563964154571295","0.0257465690374374","0","0","75.5349884033203","0","0.741456627845764","-0.0994392931461334","0","9","40","8","394","207","207","-1","0","41","0","6","0","15.2711944580078","0.0500000007450581","0","23","389","20459.9992991517","1023","19.9999993149088","12.652910288536","-2.61828416947178","10"
"Bettsy_TowIn","30","0","2","0","0","0","0","2.57728242874146","0","26.2767677307129","45.9429740905762","0","0","496.111846923828","0","0","0","171.887115478516","229.325729370117","0","229.325729370117","140.608428955078","500.656921386719","0","0.00687235547229648","0.039418138563633","0","0","71.7956237792969","0","1.16332674026489","-0.0997700691223145","0","9","45","9","393","208","208","-1","0","46","1","7","0","12.733304977417","0.0666666701436043","0","29","385","20460.0052371989","1023","20.0000051194515","10.040543685284","-2.692761292133","10"
"Bettsy_TowIn","30","1","0","0","0","0","0","1.92993569374084","0","3.65204286575317","160.708374023438","0","0","509.1748046875","0","0","0","106.386878967285","48.5801086425781","0","48.5801086425781","58.333568572998","506.308197021484","0","0.00285110319964588","0.00516828615218401","0","0","163.859527587891","0","0.124854825437069","0.0947228074073792","0","9","45","1","398","208","208","-1","0","46","0","7","0","32.3871765136719","0.0333333350718021","0.0185270234942436","13","394","20459.9989857412","1023","19.9999990085446","33.480524919449","1.09334840577711","10"
"Bettsy_TowIn","30","1","1","0","0","0","0","1.82489037513733","0","10.5820684432983","79.3399887084961","0","0","504.529022216797","0","0","0","150.669769287109","97.4050674438477","0","97.4050674438477","90.0816802978516","503.821655273438","0","0.0044028190895915","0.0146759990602732","0","0","89.4593276977539","0","0.400526314973831","0.0808181762695313","0","9","51","3","397","210","210","-1","0","52","0","9","0","18.8500690460205","0.0500000007450581","0.0185270234942436","17","386","20460.0003917511","1023","20.0000003829434","17.4576824285818","-1.39238661743869","10"
"Bettsy_TowIn","30","1","2","0","0","0","0","2.29333281517029","0","36.7647018432617","38.4009628295898","0","0","489.249908447266","0","0","0","231.564727783203","230.871307373047","0","230.871307373047","162.765518188477","498.957458496094","0","0.00795530248433352","0.0534616522490978","0","0","74.7431488037109","0","1.58585643768311","0.0533179678022861","0","9","69","8","394","215","215","-1","0","70","0","14","0","10.4495058059692","0.100000001490116","0.0185270234942436","29","366","20460.0036904961","1023","20.0000036075231","8.557617451476","-1.89188835449324","10"
"Bettsy_TowIn","30","1","3","0","0","0","0","1.91246473789215","0","63.1538543701172","27.6270065307617","49.1397857666016","0","470.574310302734","0","0","0","275.331726074219","333.017883300781","0","333.017883300781","209.303268432617","487.882720947266","0","0.0102298753336072","0.0916903913021088","0","0","139.353515625","0","2.89224648475647","0.0532666966319084","0","9","85","12","388","219","219","-1","0","86","0","18","0","8.09557247161865","0.150000005960464","0.0185270234942436","35","349","20460.0018677661","1023","20.0000018257733","6.40581369668137","-1.68975877493728","10"
"Bettsy_TowIn","30","1","4","0","0","0","0","1.51855528354645","0","93.6057815551758","20.620569229126","231.886215209961","0","440.845062255859","0","0","0","325.022644042969","426.045959472656","0","426.045959472656","245.608795166016","464.298736572266","0","0.0120043400675058","0.138474583625793","0","0","345.160705566406","0","4.69100284576416","0.059568390250206","0","9","103","19","385","226","226","-1","0","104","0","25","0","6.82082366943359","0.200000002980232","0.0185270234942436","45","332","20459.9997821493","1023","19.9999997870472","4.97320453284007","-1.84761913659352","10"
"Bettsy_TowIn","30","1","5","0","0","0","0","1.19390034675598","0","134.67692565918","15.8155002593994","276.867279052734","0","413.931671142578","0","0","0","356.584594726563","562.318969726563","0","562.318969726563","285.400390625","464.202880859375","0","0.0139491893351078","0.200514301657677","0","0","426.618286132813","0","7.37051343917847","0.0624530762434006","0","9","122","27","384","234","234","-1","0","123","0","33","0","5.60035085678101","0.25","0.0185270234942436","58","315","20459.998338878","1023","19.9999983762248","3.98912103566738","-1.61122982111363","10"
"Bettsy_TowIn","30","1","6","0","0","0","0","0.929932415485382","0","149.118148803711","14.3370218276978","391.193695068359","0","399.067077636719","0","0","0","359.487823486328","625.994750976563","0","625.994750976563","292.453643798828","458.238952636719","0","0.0142939230427146","0.22503750026226","0","0","553.835327148438","0","8.57425975799561","0.0709750056266785","0","9","140","35","381","242","242","-1","0","141","0","41","0","5.24469423294067","0.300000011920929","0.0185270234942436","63","307","20459.9984850127","1023","19.999998519074","3.64176282089493","-1.60293141204575","10"
"Bettsy_TowIn","30","1","7","0","0","0","0","0.769652545452118","0","208.229919433594","7.75320053100586","450.722839355469","0","367.326690673828","0","0","0","393.284576416016","840.842041015625","0","840.842041015625","308.356231689453","484.587585449219","0","0.0150711750611663","0.330690234899521","0","0","665.317932128906","0","12.9881258010864","0.0458406321704388","0","9","158","43","380","250","250","-1","0","159","2","49","0","4.33539152145386","0.349999994039536","0.0185270234942436","111","318","20459.9993323673","1023","19.9999993473776","2.61215457229525","-1.72323694915861","10"
"Bettsy_TowIn","30","1","8","0","0","0","0","0.594983518123627","0","244.554504394531","8.33883094787598","416.855773925781","0","321.279907226563","0","0","0","413.603820800781","945.542358398438","0","945.542358398438","337.899047851563","446.030303955078","0","0.016515102237463","0.391079902648926","0","0","668.93359375","0","15.6715393066406","0.0583915412425995","0","9","176","51","377","258","258","-1","0","177","2","57","0","3.74093222618103","0.400000005960464","0.0185270234942436","125","308","20460.0033952602","1023","20.0000033189249","2.42029071062345","-1.32064151555758","10"
"Bettsy_TowIn","30","1","9","0","0","0","0","0.346858412027359","0","231.796585083008","10.456467628479","293.603942871094","0","339.040954589844","0","0","0","388.923492431641","930.901000976563","0","930.901000976563","320.854339599609","456.580261230469","0","0.0156820323318243","0.362049281597137","0","0","535.102905273438","0","14.4742870330811","0.0775280892848969","0","9","194","60","377","267","267","-1","0","195","1","66","0","3.46922183036804","0.449999988079071","0.0185270234942436","102","299","20459.9973275456","1023","19.9999973876301","2.48252252325205","-0.986699307115996","10"
"Bettsy_TowIn","30","2","0","0","0","0","0","0.35372132062912","0","2.3596773147583","236.071472167969","0","0","554.111755371094","0","0","0","39.0608406066895","79.4004974365234","0","79.4004974365234","57.6502799987793","507.375793457031","0","0.0028177066706121","0.00310145015828311","0","0","237.952072143555","0","0.0641263127326965","0.410687386989594","0","9","69","1","400","215","215","-1","0","70","0","14","0","38.0405044555664","0.0666666701436043","0.0370540469884872","9","389","20460.0005387558","1023","20.000000526643","65.3006112057741","27.2601067502077","10"
"Bettsy_TowIn","30","2","1","0","0","0","0","0.939856767654419","0","11.9800453186035","74.0192794799805","0","0","509.747253417969","0","0","0","119.744262695313","139.179718017578","0","139.179718017578","96.9745407104492","503.535003662109","0","0.00473971385508776","0.0166659727692604","0","0","85.5433807373047","0","0.419418901205063","0.168248862028122","0","9","74","2","399","216","216","-1","0","75","0","15","0","17.0050754547119","0.0833333358168602","0.0370540469884872","18","375","20459.9989947397","1023","19.9999990173408","16.5226686665344","-0.482406788177467","10"
"Bettsy_TowIn","30","2","2","0","0","0","0","0.773412942886353","0","11.8832569122314","73.9671478271484","0","0","510.626953125","0","0","0","106.357261657715","157.205413818359","0","157.205413818359","97.2320785522461","503.606262207031","0","0.00475230207666755","0.0167199373245239","0","0","85.3999557495117","0","0.413734972476959","0.177079752087593","0","9","78","3","396","217","217","-1","0","79","0","16","0","16.7655811309814","0.100000001490116","0.0370540469884872","18","373","20459.9953840535","1023","19.9999954878334","16.5128070773549","-0.252774053626574","10"
"Bettsy_TowIn","30","2","3","0","0","0","0","0.785447180271149","0","37.4238662719727","39.3203430175781","0","0","491.691711425781","0","0","0","192.679275512695","271.318695068359","0","271.318695068359","162.90234375","498.914794921875","0","0.0079619912430644","0.0522774904966354","0","0","76.3214569091797","0","1.51731479167938","0.100286111235619","0","9","97","10","393","224","224","-1","0","98","0","23","0","9.60273742675781","0.150000005960464","0.0370540469884872","30","353","20460.0003663534","1023","20.0000003581167","8.76038221811563","-0.842355208642186","10"
"Bettsy_TowIn","30","2","4","0","0","0","0","0.95416921377182","0","72.0809936523438","26.4172611236572","226.226165771484","0","459.4833984375","0","0","0","251.132904052734","408.516204833984","0","408.516204833984","213.003799438477","473.243560791016","0","0.0104107419028878","0.10259185731411","0","0","323.833862304688","0","3.37583184242249","0.0872849747538567","0","9","115","17","390","231","231","-1","0","116","0","30","0","7.54729318618774","0.200000002980232","0.0370540469884872","41","333","20460.001931216","1023","20.0000018877967","5.82424456477738","-1.72304862141037","10"
"Bettsy_TowIn","30","2","5","0","0","0","0","0.817871749401093","0","106.020851135254","18.9388217926025","381.838989257813","0","430.155120849609","0","0","0","299.704315185547","521.524475097656","0","521.524475097656","250.595809936523","459.915679931641","0","0.0122480839490891","0.156303137540817","0","0","505.699493408203","0","5.62197208404541","0.0869857743382454","0","9","133","25","389","239","239","-1","0","134","0","38","0","6.37789249420166","0.25","0.0370540469884872","51","314","20460.0010073544","1023","20.0000009847062","4.49436729508649","-1.88352519911517","10"
"Bettsy_TowIn","30","2","6","0","0","0","0","0.597385823726654","0","126.008918762207","16.865442276001","502.121948242188","0","416.507934570313","0","0","0","304.031158447266","600.828552246094","0","600.828552246094","266.143310546875","457.785125732422","0","0.0130079826340079","0.182670593261719","0","0","643.982604980469","0","6.89340257644653","0.0931072160601616","0","9","151","33","386","247","247","-1","0","152","0","46","0","5.74749803543091","0.300000011920929","0.0370540469884872","57","304","20459.9989125964","1023","19.9999989370444","4.08349144473515","-1.66400659069576","10"
"Bettsy_TowIn","30","2","7","0","0","0","0","0.431809693574905","0","131.279190063477","15.6717004776001","500.952819824219","0","400.510528564453","0","0","0","280.783905029297","679.611083984375","0","679.611083984375","274.434204101563","432.982330322266","0","0.013413205742836","0.1908238530159","0","0","646.671142578125","0","7.27645635604858","0.101275026798248","0","9","169","41","385","255","255","-1","0","170","0","54","0","5.32519721984863","0.349999994039536","0.0370540469884872","61","298","20460.0010887135","1023","20.0000010642361","4.03070333226309","-1.29449388758555","10"
"Bettsy_TowIn","30","2","8","0","0","0","0","0.259423464536667","0","121.396408081055","16.3257312774658","590.977294921875","0","399.670379638672","0","0","0","238.18440246582","726.378234863281","0","726.378234863281","263.873626708984","416.280334472656","0","0.0128970500081778","0.173011973500252","0","0","727.107604980469","0","6.58615350723267","0.114901937544346","0","9","188","50","383","264","264","-1","0","189","0","63","0","5.35238122940063","0.400000005960464","0.0370540469884872","63","300","20459.9987238684","1023","19.9999987525596","4.27503737067104","-1.0773438587296","10"
"Bettsy_TowIn","30","2","9","0","0","0","0","0.124438673257828","0","158.366455078125","12.02366065979","588.715576171875","0","369.203002929688","0","0","0","270.141845703125","867.785888671875","0","867.785888671875","293.515716552734","406.815460205078","0","0.0143458303064108","0.234425261616707","0","0","757.266662597656","0","9.09022998809814","0.104924969375134","0","9","206","59","383","273","273","-1","0","207","0","72","0","4.2319278717041","0.449999988079071","0.0370540469884872","75","296","20460.0019854947","1023","20.000001940855","3.50845018556255","-0.723477686141552","10"
"Bettsy_TowIn","30","2","10","0","0","0","0","0.132862970232964","0","226.435638427734","9.06941986083984","586.001770019531","0","324.524749755859","0","0","0","351.697967529297","993.63671875","0","993.63671875","318.070892333984","416.970581054688","0","0.0155459865927696","0.349460035562515","0","0","820.046875","0","13.9577989578247","0.0832450166344643","0","9","212","62","382","276","276","-1","0","213","0","75","0","3.4153459072113","0.466666668653488","0.0370540469884872","95","299","20460.0004275006","1023","20.0000004178891","2.54968646297389","-0.865659444237413","10"
"Bettsy_TowIn","30","3","0","0","0","0","0","0.357102513313293","0","10.0385465621948","82.6597137451172","0","0","518.410400390625","0","0","0","62.1713104248047","223.955688476563","0","223.955688476563","91.8572769165039","504.248229980469","0","0.00448960345238447","0.0139236189424992","0","0","92.2533569335938","0","0.318958103656769","0.237038567662239","0","9","102","3","399","226","226","-1","0","103","0","25","0","17.4618644714355","0.133333340287209","0.0555810704827309","20","372","20459.9978351579","1023","19.9999978838299","18.8108624917567","1.34899802032116","10"
"Bettsy_TowIn","30","3","1","0","0","0","0","0.216424599289894","0","7.22292613983154","101.828422546387","0","0","528.663330078125","0","0","0","47.2503280639648","225.331619262695","0","225.331619262695","81.998649597168","505.277648925781","0","0.00400775391608477","0.0106469923630357","0","0","108.615135192871","0","0.22346818447113","0.297840029001236","0","9","108","5","397","228","228","-1","0","109","0","27","0","19.9244251251221","0.150000005960464","0.0555810704827309","19","372","20460.0011163544","1023","20.0000010912555","22.1121792884287","2.18775416330668","10"
"Bettsy_TowIn","30","3","2","0","0","0","0","0.34725347161293","0","34.1679611206055","44.4050788879395","67.6923522949219","0","489.101379394531","0","0","0","133.12629699707","349.898590087891","0","349.898590087891","152.792022705078","486.620544433594","0","0.00746784126386046","0.0465807020664215","0","0","145.528259277344","0","1.33662915229797","0.131363168358803","0","9","127","13","395","236","236","-1","0","128","0","35","0","9.61567115783691","0.200000002980232","0.0555810704827309","35","350","20459.9987207137","1023","19.9999987494758","9.22549913271497","-0.39017202512194","10"
"Bettsy_TowIn","30","3","3","0","0","0","0","0.368637412786484","0","59.6587829589844","30.4474258422852","171.555969238281","0","466.044555664063","0","0","0","177.549942016602","461.367980957031","0","461.367980957031","196.114868164063","469.713684082031","0","0.00958528183400631","0.0819158628582954","0","0","260.706970214844","0","2.65894865989685","0.11124849319458","0","9","145","21","394","244","244","-1","0","146","0","43","0","7.61196327209473","0.25","0.0555810704827309","46","333","20460.0001919916","1023","20.0000001876751","6.71978878671958","-0.892174485375151","10"
"Bettsy_TowIn","30","3","4","0","0","0","0","0.410710424184799","0","93.311637878418","20.8428134918213","530.999267578125","0","428.748016357422","0","0","0","221.281860351563","594.330078125","0","594.330078125","233.821975708008","436.749816894531","0","0.0114282490685582","0.131514459848404","0","0","643.848815917969","0","4.76511478424072","0.122311033308506","0","9","163","29","391","252","252","-1","0","164","0","51","0","6.52853298187256","0.300000011920929","0.0555810704827309","51","305","20459.9999794638","1023","19.9999999799255","4.98513466685148","-1.54339831502107","10"
"Bettsy_TowIn","30","3","5","0","0","0","0","0.279346317052841","0","104.64395904541","18.2606906890869","564.218017578125","0","413.499481201172","0","0","0","220.688613891602","676.374572753906","0","676.374572753906","247.984680175781","421.703796386719","0","0.0121204620227218","0.149268165230751","0","0","685.553405761719","0","5.52204608917236","0.122006356716156","0","9","181","38","391","261","261","-1","0","182","0","60","0","5.96151971817017","0.349999994039536","0.0555810704827309","59","304","20460.0022433876","1023","20.0000021929497","4.65750152883929","-1.30401818933088","10"
"Bettsy_TowIn","30","3","6","0","0","0","0","0.16878268122673","0","120.65202331543","16.5145092010498","594.074523925781","0","399.631134033203","0","0","0","222.858047485352","778.723693847656","0","778.723693847656","262.694641113281","415.635864257813","0","0.0128394244238734","0.173544839024544","0","0","729.633544921875","0","6.56713247299194","0.116899952292442","0","9","199","47","389","270","270","-1","0","200","0","69","0","5.29471254348755","0.400000005960464","0.0555810704827309","68","304","20460.0013552657","1023","20.0000013247954","4.24280881510295","-1.0519037283846","10"
"Bettsy_TowIn","30","3","7","0","0","0","0","0.0683147087693214","0","117.885833740234","17.3109321594238","499.887634277344","0","405.337341308594","0","0","0","196.53434753418","863.844970703125","0","863.844970703125","261.007202148438","423.361938476563","0","0.0127569492906332","0.16977521777153","0","0","633.521179199219","0","6.40824699401855","0.121255397796631","0","9","216","56","389","279","279","-1","0","217","0","78","0","4.94919109344482","0.449999988079071","0.0555810704827309","73","307","20460.001541284","1023","20.0000015066315","4.30928001221819","-0.639911081226638","10"
"Bettsy_TowIn","30","3","8","0","0","0","0","-0.123839147388935","0","132.256561279297","16.9740753173828","546.044738769531","0","394.91162109375","0","0","0","196.203094482422","983.892761230469","0","983.892761230469","268.996276855469","421.386779785156","0","0.0131474211812019","0.193042799830437","0","0","693.765686035156","0","7.3235034942627","0.117505632340908","0","9","235","65","387","288","288","-1","0","236","0","87","0","4.39085674285889","0.5","0.0555810704827309","82","310","20460.0030034846","1023","20.0000029359576","3.90522360498045","-0.485633137878435","10"
"Bettsy_TowIn","30","3","9","0","0","0","0","-0.150330379605293","0","115.590682983398","18.5842361450195","557.315307617188","0","405.016357421875","0","0","0","168.298629760742","992.161071777344","0","992.161071777344","254.694717407227","418.270965576172","0","0.0124484216794372","0.166979357600212","0","0","689.855651855469","0","6.24856233596802","0.133395224809647","0","9","241","68","387","291","291","-1","0","242","0","90","0","4.76638317108154","0.516666650772095","0.0555810704827309","81","314","20460.000790939","1023","20.0000007731564","4.27540508906177","-0.490978082019774","10"
"Bettsy_TowIn","30","4","0","0","0","0","0","0.689414143562317","0","2.98267984390259","322.827697753906","0","0","601.566589355469","0","0","0","16.3627052307129","348.773986816406","0","348.773986816406","72.8972015380859","507.199981689453","0","0.00356291281059384","0.00570688582956791","0","0","325.214111328125","0","0.100800529122353","0.566536903381348","0","9","144","1","400","244","244","-1","0","145","0","43","0","31.7452125549316","0.216666668653488","0.0741080939769745","25","374","20460.0015249702","1023","20.0000014906845","38.6321633188574","6.8869507639258","10"
"Bettsy_TowIn","30","4","1","0","0","0","0","0.466665059328079","0","3.15662693977356","286.660339355469","0","0","592.525573730469","0","0","0","16.1503314971924","366.852844238281","0","366.852844238281","72.181037902832","507.148986816406","0","0.0035279099829495","0.00592479528859258","0","0","289.271697998047","0","0.107323497533798","0.542375683784485","0","9","150","3","399","246","246","-1","0","151","0","45","0","29.501672744751","0.233333334326744","0.0741080939769745","26","373","20459.9999012688","1023","19.9999999034886","36.5446071675117","7.04293442276071","10"
"Bettsy_TowIn","30","4","2","0","0","0","0","0.0275778695940971","0","2.81286931037903","353.330017089844","0","0","612.057678222656","0","0","0","13.739462852478","393.40087890625","0","393.40087890625","72.8048858642578","507.301147460938","0","0.00355840101838112","0.00540511682629585","0","0","355.536499023438","0","0.0959330275654793","0.592655301094055","0","9","156","6","399","249","249","-1","0","157","0","48","0","32.3111610412598","0.25","0.0741080939769745","27","374","20460.0002889444","1023","20.0000002824481","41.1733443026979","8.86218326143813","10"
"Bettsy_TowIn","30","4","3","0","0","0","0","-0.0069402027875185","0","18.6174240112305","88.7872924804688","0","0","510.710327148438","0","0","0","49.1397323608398","513.03662109375","0","513.03662109375","115.632202148438","502.674835205078","0","0.00565162254497409","0.0252104811370373","0","0","106.984298706055","0","0.654966294765472","0.207494571805","0","9","175","15","397","258","258","-1","0","176","0","57","0","11.0359325408936","0.300000011920929","0.0741080939769745","44","360","20460.0008631623","1023","20.0000008437559","12.9545161360809","1.91858359518737","10"
"Bettsy_TowIn","30","4","4","0","0","0","0","0.0514527969062328","0","34.1824111938477","49.2035827636719","124.626159667969","0","493.352691650391","0","0","0","75.7328491210938","606.935913085938","0","606.935913085938","148.727020263672","487.784729003906","0","0.00726916082203388","0.0459649860858917","0","0","207.431442260742","0","1.39082431793213","0.185095474123955","0","9","192","23","396","266","266","-1","0","193","0","65","0","9.06614589691162","0.349999994039536","0.0741080939769745","52","342","20459.998602983","1023","19.999998634392","9.09927725976411","0.033131362852485","10"
"Bettsy_TowIn","30","4","5","0","0","0","0","0.0158154312521219","0","36.4232788085938","48.3502464294434","314.616729736328","0","493.948455810547","0","0","0","72.4500579833984","689.382019042969","0","689.382019042969","145.351577758789","483.911712646484","0","0.0071041826158762","0.0499457642436028","0","0","398.771301269531","0","1.59546947479248","0.230051517486572","0","9","210","32","394","275","275","-1","0","211","0","74","0","9.56021881103516","0.400000005960464","0.0741080939769745","56","333","20460.0002024106","1023","20.0000001978598","8.17736645467812","-1.38285235635703","10"
"Bettsy_TowIn","30","4","6","0","0","0","0","-0.010330343618989","0","63.9539375305176","25.3461723327637","774.120849609375","0","416.452880859375","0","0","0","104.725746154785","839.969787597656","0","839.969787597656","190.587554931641","366.029174804688","0","0.00931513030081987","0.0879664644598961","0","0","860.112365722656","0","3.14547443389893","0.219742015004158","0","9","229","42","395","285","285","-1","0","230","0","84","0","7.83618307113647","0.449999988079071","0.0741080939769745","65","318","20459.998816642","1023","19.9999988432473","6.07868250845719","-1.75750056267929","10"
"Bettsy_TowIn","30","4","7","0","0","0","0","-0.179998949170113","0","103.042282104492","19.3834266662598","601.42236328125","0","408.046752929688","0","0","0","147.3076171875","998.055297851563","0","998.055297851563","242.383575439453","407.067932128906","0","0.0118467062711716","0.147021144628525","0","0","721.890014648438","0","5.45916414260864","0.14543828368187","0","9","246","51","393","294","294","-1","0","247","0","93","0","5.23069095611572","0.5","0.0741080939769745","82","318","20459.9970566741","1023","19.9999971228486","4.6218041214866","-0.608886834629118","10"
"Bettsy_TowIn","30","4","8","0","0","0","0","-0.242515385150909","0","27.2708606719971","59.3931427001953","513.935119628906","0","486.122528076172","0","0","0","38.6305541992188","957.849792480469","0","957.849792480469","125.206214904785","420.778350830078","0","0.00611956091597676","0.0370022654533386","0","0","598.3017578125","0","1.18771731853485","0.368657499551773","0","9","264","61","394","304","304","-1","0","265","0","103","0","12.6721162796021","0.550000011920929","0.0741080939769745","61","347","20459.9997653264","1023","19.9999997706025","9.51950762901475","-3.1526086505873","10"
"Bettsy_TowIn","30","4","9","0","0","0","0","-0.841225326061249","0","124.052108764648","19.438117980957","519.59375","0","402.739929199219","0","0","0","147.27848815918","1224.79443359375","0","1224.79443359375","257.339721679688","424.811950683594","0","0.0125776985660195","0.180385872721672","0","0","661.570861816406","0","6.77880764007568","0.129504337906837","0","9","281","71","393","314","314","-1","0","282","0","113","0","4.07892036437988","0.600000023841858","0.0741080939769745","102","330","20460.0007170571","1023","20.0000007009356","3.99828577139061","-0.0806345929892744","10"
"Bettsy_TowIn","45","0","0","0","0","0","0","2.60634350776672","0","8.33744621276855","98.9219741821289","0","0","528.177429199219","0","0","0","108.154968261719","111.657592773438","0","111.657592773438","82.5182800292969","504.5849609375","0","0.00403315108269453","0.0120763229206204","0","0","106.763786315918","0","0.333213448524475","-0.304121136665344","0","9","22","7","396","206","206","-1","0","23","1","5","0","21.9586658477783","0.0333333350718021","0","19","393","20460.0022010995","1023","20.0000021516124","19.5100238455671","-2.44864200221123","10"
"Bettsy_TowIn","45","0","1","0","0","0","0","2.30532646179199","0","17.2863349914551","62.1713104248047","0","0","518.465454101563","0","0","0","132.926513671875","194.279418945313","0","194.279418945313","116.408493041992","502.415802001953","0","0.00568956509232521","0.0258248839527369","0","0","79.0018539428711","0","0.741966724395752","-0.276638865470886","0","9","29","10","396","209","209","-1","0","30","3","8","0","15.252254486084","0.0500000007450581","0","27","393","20459.9984626274","1023","19.999998497192","12.7274336128106","-2.52482087327334","10"
"Bettsy_TowIn","45","1","0","0","0","0","0","1.15973746776581","0","4.71363401412964","129.183227539063","0","0","506.366516113281","0","0","0","161.131561279297","41.3412094116211","0","41.3412094116211","64.6250457763672","505.890686035156","0","0.00315860426053405","0.0066613731905818","0","0","133.428985595703","0","0.163370653986931","0.0165972653776407","0","9","30","2","399","209","209","-1","0","31","0","8","0","26.8912391662598","0.0333333350718021","0.0185270234942436","14","393","20460.0008249975","1023","20.0000008064492","28.3051343282239","1.41389516196414","10"
"Bettsy_TowIn","45","1","1","0","0","0","0","0.991313934326172","0","10.9112529754639","77.3356018066406","0","0","502.706573486328","0","0","0","206.04817199707","74.6180038452148","0","74.6180038452148","91.4488067626953","503.752197265625","0","0.00446963869035244","0.0153749035671353","0","0","87.7908096313477","0","0.415121108293533","0.00468711787834764","0","9","36","4","398","211","211","-1","0","37","0","10","0","17.6064281463623","0.0500000007450581","0.0185270234942436","18","386","20459.9998116368","1023","19.9999998158717","16.9004696233121","-0.70595852305021","10"
"Bettsy_TowIn","45","1","2","0","0","0","0","0.70994621515274","0","23.3141269683838","50.1506118774414","0","0","496.309020996094","0","0","0","252.063064575195","130.702163696289","0","130.702163696289","130.054168701172","500.997650146484","0","0.00635650940239429","0.0329451896250248","0","0","73.0237731933594","0","0.923683106899261","0.0189326703548431","0","9","53","9","395","216","216","-1","0","54","0","15","0","11.8469848632813","0.100000001490116","0.0185270234942436","24","372","20459.997849163","1023","19.9999978975201","11.1245241169012","-0.722460746380023","10"
"Bettsy_TowIn","45","1","3","0","0","0","0","0.941231310367584","0","55.0744438171387","30.1880111694336","104.362846374512","0","470.618469238281","0","0","0","329.127258300781","235.346496582031","0","235.346496582031","192.622817993164","479.991455078125","0","0.00941460393369198","0.0774589478969574","0","0","188.84033203125","0","2.43606042861938","0.018332252278924","0","9","72","16","392","223","223","-1","0","73","0","22","0","8.06334781646729","0.150000005960464","0.0185270234942436","36","352","20460.0022847298","1023","20.0000022333625","6.98117014577067","-1.08217767069662","10"
"Bettsy_TowIn","45","1","4","0","0","0","0","1.21402072906494","0","76.7928085327148","24.3253059387207","181.696823120117","0","453.946136474609","0","0","0","368.888763427734","292.401580810547","0","292.401580810547","222.742721557617","468.957000732422","0","0.0108867399394512","0.107863657176495","0","0","281.834747314453","0","3.54600811004639","0.0166706833988428","0","9","79","19","392","226","226","-1","0","80","0","25","0","7.04483652114868","0.16666667163372","0.0185270234942436","42","345","20460.0020572224","1023","20.0000020109701","5.79275907456291","-1.25207744658578","10"
"Bettsy_TowIn","45","1","5","0","0","0","0","0.976423442363739","0","97.1561660766602","20.6897506713867","191.619689941406","0","443.494323730469","0","0","0","407.362152099609","344.7373046875","0","344.7373046875","248.463653564453","471.942108154297","0","0.0121438754722476","0.140432924032211","0","0","308.670379638672","0","4.7324652671814","0.0107431011274457","0","9","84","21","391","228","228","-1","0","85","1","27","0","6.35582447052002","0.183333337306976","0.0185270234942436","51","340","20459.9968216297","1023","19.9999968930887","4.96082302889796","-1.39500144162206","10"
"Bettsy_TowIn","45","2","0","0","0","0","0","-0.570096492767334","0","3.11534452438354","155.512924194336","0","0","513.495971679688","0","0","0","90.0736618041992","45.6929702758789","0","45.6929702758789","60.1561431884766","506.985443115234","0","0.00294018280692399","0.00411573285236955","0","0","158.231292724609","0","0.0925545319914818","0.152264401316643","0","9","49","1","400","215","215","-1","0","50","0","14","0","29.3266201019287","0.0666666701436043","0.0370540469884872","10","388","20460.001006336","1023","20.0000009837107","45.5921196447415","16.2654995428128","10"
"Bettsy_TowIn","45","2","1","0","0","0","0","0.288160532712936","0","13.9700536727905","66.4049072265625","0","0","502.051910400391","0","0","0","206.330032348633","95.1980056762695","0","95.1980056762695","103.438125610352","503.019561767578","0","0.0050556268543005","0.0196422077715397","0","0","79.9311065673828","0","0.508116066455841","0.0509055331349373","0","9","54","2","399","216","216","-1","0","55","0","15","0","14.8896961212158","0.0833333358168602","0.0370540469884872","20","375","20460.0000338956","1023","20.0000000331335","14.9150057743777","0.0253096531619175","10"
"Bettsy_TowIn","45","2","2","0","0","0","0","-0.30459052324295","0","10.6993160247803","75.5916137695313","0","0","505.047180175781","0","0","0","156.751724243164","95.0869064331055","0","95.0869064331055","93.6871337890625","503.999450683594","0","0.00457903882488608","0.0149050373584032","0","0","85.8605117797852","0","0.363827764987946","0.0822582617402077","0","9","60","4","397","218","218","-1","0","61","0","17","0","16.346076965332","0.100000001490116","0.0370540469884872","18","374","20459.9998759332","1023","19.9999998787226","17.8914249851384","1.54534801980634","10"
"Bettsy_TowIn","45","2","3","0","0","0","0","0.320852339267731","0","50.9693183898926","33.2903709411621","146.219787597656","0","474.627746582031","0","0","0","313.539794921875","225.695724487305","0","225.695724487305","182.090209960938","482.744781494141","0","0.00889981538057327","0.0707645937800407","0","0","229.76806640625","0","2.18781399726868","0.030480369925499","0","9","79","12","395","226","226","-1","0","80","0","25","0","8.1827278137207","0.150000005960464","0.0370540469884872","35","349","20459.9985701286","1023","19.9999986022762","7.22502267930036","-0.957705134420344","10"
"Bettsy_TowIn","45","2","4","0","0","0","0","0.246954351663589","0","70.0466995239258","27.0881309509277","296.75146484375","0","459.651916503906","0","0","0","327.446807861328","300.337280273438","0","300.337280273438","202.05192565918","473.78662109375","0","0.0098754595965147","0.0983444899320602","0","0","392.590209960938","0","3.23771691322327","0.0336484424769878","0","9","98","20","393","234","234","-1","0","99","0","33","0","7.13395690917969","0.200000002980232","0.0370540469884872","44","339","20460.0022595899","1023","20.0000022087878","5.76318461185893","-1.37077229732076","10"
"Bettsy_TowIn","45","2","5","0","0","0","0","0.226935565471649","0","108.101440429688","18.7401123046875","480.610290527344","0","438.688385009766","0","0","0","387.092010498047","395.688781738281","0","395.688781738281","237.563293457031","478.333984375","0","0.0116111095994711","0.153167963027954","0","0","606.179809570313","0","5.56102132797241","0.0393033772706985","0","9","118","29","393","243","243","-1","0","119","0","42","0","5.95800113677979","0.25","0.0370540469884872","54","317","20459.9992293461","1023","19.9999992466726","4.34755659429361","-1.61044454248617","10"
"Bettsy_TowIn","45","2","6","0","0","0","0","0.164344236254692","0","142.74951171875","14.7890815734863","487.291809082031","0","401.479370117188","0","0","0","420.264251708984","491.152160644531","0","491.152160644531","280.079895019531","450.4541015625","0","0.0136891435831785","0.206413701176643","0","0","643.778991699219","0","7.87853336334229","0.0403837934136391","0","9","137","38","391","252","252","-1","0","138","0","51","0","5.048828125","0.300000011920929","0.0370540469884872","66","308","20460.0012643376","1023","20.0000012359116","3.80258796900802","-1.24624015599198","10"
"Bettsy_TowIn","45","2","7","0","0","0","0","-0.086803212761879","0","151.028625488281","13.9246397018433","575.830993652344","0","387.340148925781","0","0","0","395.555603027344","546.991638183594","0","546.991638183594","286.073791503906","431.342346191406","0","0.013982099480927","0.216365620493889","0","0","739.575317382813","0","8.35103607177734","0.0500928349792957","0","9","156","47","391","261","261","-1","0","157","0","60","0","4.69762229919434","0.349999994039536","0.0370540469884872","69","300","20460.0025835991","1023","20.0000025255123","3.70518187137447","-0.992440427819862","10"
"Bettsy_TowIn","45","2","8","0","0","0","0","-0.263227045536041","0","141.596557617188","14.9769458770752","653.04931640625","0","389.16845703125","0","0","0","339.802795410156","588.901184082031","0","588.901184082031","276.394561767578","420.728668212891","0","0.013509021140635","0.200110256671906","0","0","808.305908203125","0","7.66221380233765","0.0603419616818428","0","9","175","56","389","270","270","-1","0","176","0","69","0","4.65494441986084","0.400000005960464","0.0370540469884872","71","299","20459.9992027687","1023","19.9999992206928","3.87086086231049","-0.784083557550347","10"
"Bettsy_TowIn","45","2","9","0","0","0","0","-0.195086017251015","0","208.119247436523","9.33034133911133","680.492553710938","0","338.434173583984","0","0","0","416.691864013672","734.994079589844","0","734.994079589844","319.949768066406","409.575073242188","0","0.0156378205865622","0.306266039609909","0","0","896.472534179688","0","12.145525932312","0.0566903650760651","0","9","195","66","390","280","280","-1","0","196","0","79","0","3.48571395874023","0.449999988079071","0.0370540469884872","88","296","20459.9973695404","1023","19.9999974286807","2.92677195188147","-0.558942006858762","10"
"Bettsy_TowIn","45","2","10","0","0","0","0","-0.313209921121597","0","184.806015014648","10.327898979187","727.277099609375","0","349.972015380859","0","0","0","365.016723632813","732.226013183594","0","732.226013183594","306.786773681641","398.538452148438","0","0.0149944657459855","0.267274737358093","0","0","920.651245117188","0","10.4570455551147","0.0611833818256855","0","9","202","69","389","283","283","-1","0","203","0","82","0","3.65440773963928","0.466666668653488","0.0370540469884872","85","298","20460.000301363","1023","20.0000002945875","3.21605738478569","-0.438350354853596","10"
"Bettsy_TowIn","45","2","11","0","0","0","0","-0.262444883584976","0","215.417938232422","9.32810020446777","637.672790527344","0","336.102600097656","0","0","0","404.150421142578","783.963684082031","0","783.963684082031","321.695678710938","413.375274658203","0","0.0157231502234936","0.316839247941971","0","0","860.966125488281","0","12.566782951355","0.056670717895031","0","9","208","72","389","286","286","-1","0","209","0","85","0","3.31110739707947","0.483333349227905","0.0370540469884872","94","300","20460.0015988055","1023","20.0000015628597","2.84447177359609","-0.466635623483374","10"
"Bettsy_TowIn","45","3","0","0","0","0","0","-0.692691504955292","0","7.98525476455688","90.0981140136719","0","0","508.898071289063","0","0","0","86.7502517700195","136.779678344727","0","136.779678344727","85.1316680908203","505.029449462891","0","0.00416088337078691","0.011865671724081","0","0","97.6760787963867","0","0.259582072496414","0.125421136617661","0","9","79","3","399","226","226","-1","0","80","0","25","0","17.2916526794434","0.133333340287209","0.0555810704827309","19","373","20459.9986359916","1023","19.9999986666585","20.5280343814114","3.23638170196802","10"
"Bettsy_TowIn","45","3","1","0","0","0","0","-0.532068312168121","0","6.61969661712646","102.632682800293","0","0","511.021392822266","0","0","0","70.6245727539063","144.993591308594","0","144.993591308594","80.4417266845703","505.593078613281","0","0.00393165787681937","0.0102401105687022","0","0","108.856010437012","0","0.21765860915184","0.145750045776367","0","9","86","6","398","229","229","-1","0","87","0","28","0","18.2594623565674","0.150000005960464","0.0555810704827309","20","374","20460.0016595661","1023","20.0000016222542","22.5783733404663","4.31891098389892","10"
"Bettsy_TowIn","45","3","2","0","0","0","0","-0.508751571178436","0","36.5970039367676","42.9785537719727","139.841751098633","0","478.983093261719","0","0","0","195.993637084961","254.354309082031","0","254.354309082031","154.783721923828","475.424774169922","0","0.00756518729031086","0.0498518235981464","0","0","218.450500488281","0","1.43554556369781","0.0535396598279476","0","9","106","15","397","238","238","-1","0","107","0","37","0","8.73197937011719","0.200000002980232","0.0555810704827309","39","352","20459.998673406","1023","19.9999987032317","8.7285560383711","-0.00342333174608811","10"
"Bettsy_TowIn","45","3","3","0","0","0","0","-0.255656242370605","0","64.7072219848633","30.4109992980957","409.109008789063","0","467.689544677734","0","0","0","249.001556396484","353.777160644531","0","353.777160644531","175.508529663086","482.230682373047","0","0.00857812911272049","0.088091067969799","0","0","502.465576171875","0","2.89219498634338","0.0510044023394585","0","9","125","23","396","246","246","-1","0","126","0","45","0","7.09620666503906","0.25","0.0555810704827309","49","333","20460.0009345656","1023","20.0000009135539","5.5882023081478","-1.50800435689126","10"
"Bettsy_TowIn","45","3","4","0","0","0","0","-0.196064114570618","0","107.82933807373","18.9182872772217","631.976196289063","0","417.483612060547","0","0","0","333.594451904297","447.606781005859","0","447.606781005859","242.055313110352","434.542816162109","0","0.0118306614458561","0.149319127202034","0","0","757.381469726563","0","5.54061222076416","0.0628686845302582","0","9","144","32","394","255","255","-1","0","145","0","54","0","5.77403163909912","0.300000011920929","0.0555810704827309","54","300","20459.998303403","1023","19.9999983415475","4.54434832784083","-1.22968331125829","10"
"Bettsy_TowIn","45","3","5","0","0","0","0","-0.272890657186508","0","125.077621459961","16.5596942901611","682.74169921875","0","399.728363037109","0","0","0","328.634857177734","535.158630371094","0","535.158630371094","260.418670654297","421.471710205078","0","0.0127281881868839","0.175871789455414","0","0","823.027160644531","0","6.65582656860352","0.0631540715694427","0","9","164","42","395","265","265","-1","0","165","0","64","0","5.18355798721313","0.349999994039536","0.0555810704827309","65","300","20459.9953136026","1023","19.9999954189664","4.15023710321232","-1.03332088400081","10"
"Bettsy_TowIn","45","3","6","0","0","0","0","-0.304897844791412","0","128.048156738281","15.9815654754639","639.181640625","0","396.367462158203","0","0","0","295.963684082031","604.335998535156","0","604.335998535156","265.419342041016","417.803375244141","0","0.0129725970327854","0.178861513733864","0","0","781.738647460938","0","6.81224870681763","0.06511490046978","0","9","183","51","393","274","274","-1","0","184","0","73","0","4.82786560058594","0.400000005960464","0.0555810704827309","70","303","20460.000520345","1023","20.0000005086461","4.15924179973639","-0.668623800849549","10"
"Bettsy_TowIn","45","3","7","0","0","0","0","-0.331518292427063","0","126.918518066406","16.4744834899902","698.4912109375","0","393.169128417969","0","0","0","265.297393798828","674.219970703125","0","674.219970703125","261.749420166016","409.526611328125","0","0.0127932280302048","0.178868785500526","0","0","840.292602539063","0","6.73838996887207","0.0727087631821632","0","9","202","60","393","283","283","-1","0","203","0","82","0","4.62291097640991","0.449999988079071","0.0555810704827309","75","306","20459.9980198919","1023","19.9999980644105","4.10146631084185","-0.521444665568066","10"
"Bettsy_TowIn","45","3","8","0","0","0","0","-0.425706118345261","0","153.975616455078","12.3847179412842","630.770080566406","0","373.546600341797","0","0","0","280.000152587891","775.826232910156","0","775.826232910156","289.463348388672","402.612335205078","0","0.0141477696597576","0.217231452465057","0","0","795.221008300781","0","8.34562301635742","0.0732969790697098","0","9","221","70","392","293","293","-1","0","222","0","92","0","3.71075820922852","0.5","0.0555810704827309","84","305","20459.9986676367","1023","19.9999986975921","3.73418113866835","0.023422929439838","10"
"Bettsy_TowIn","45","3","9","0","0","0","0","-0.497645229101181","0","220.798843383789","9.84410762786865","705.589721679688","0","329.320617675781","0","0","0","354.190826416016","911.23291015625","0","911.23291015625","313.835083007813","403.831237792969","0","0.0153389573097229","0.322750329971313","0","0","934.491455078125","0","12.76833152771","0.0579230226576328","0","9","240","80","393","303","303","-1","0","241","0","102","0","3.00672101974487","0.550000011920929","0.0555810704827309","108","312","20460.0010724902","1023","20.0000010483776","2.72405198766724","-0.28266903207763","10"
"Bettsy_TowIn","45","4","0","0","0","0","0","0.142549604177475","0","3.09908747673035","311.435760498047","0","0","532.327209472656","0","0","0","24.4390678405762","233.514862060547","0","233.514862060547","70.8577575683594","506.937438964844","0","0.00346323335543275","0.00570688582956791","0","0","313.951354980469","0","0.101689249277115","0.306990176439285","0","9","119","1","400","244","244","-1","0","120","0","43","0","27.3613319396973","0.216666668653488","0.0741080939769745","25","374","20460.0008997965","1023","20.0000008795665","37.3622088052881","10.0008768655909","10"
"Bettsy_TowIn","45","4","1","0","0","0","0","-0.451630264520645","0","3.82070541381836","238.048446655273","0","0","521.876098632813","0","0","0","29.2583522796631","254.084884643555","0","254.084884643555","74.9555282592773","506.834228515625","0","0.00366351590491831","0.00743410503491759","0","0","241.401748657227","0","0.142730712890625","0.239532768726349","0","9","126","4","400","247","247","-1","0","127","0","46","0","21.4090175628662","0.233333334326744","0.0741080939769745","29","373","20459.9980468622","1023","19.9999980907744","29.5246861305876","8.1156685677214","10"
"Bettsy_TowIn","45","4","2","0","0","0","0","-1.13864135742188","0","3.21503448486328","348.706420898438","0","0","533.029052734375","0","0","0","21.4820690155029","274.704132080078","0","274.704132080078","73.1924896240234","506.847991943359","0","0.00357734598219395","0.00590121326968074","0","0","351.318664550781","0","0.10567931085825","0.311635166406631","0","9","132","7","400","250","250","-1","0","133","0","49","0","26.6772804260254","0.25","0.0741080939769745","29","375","20459.9974361818","1023","19.9999974938239","37.3156158928124","10.638335466787","10"
"Bettsy_TowIn","45","4","3","0","0","0","0","-3.31954002380371","0","4.78497123718262","319.143981933594","0","0","520.594177246094","0","0","0","25.5897274017334","338.118103027344","0","338.118103027344","83.2553253173828","506.315643310547","0","0.00406917510554194","0.0086523499339819","0","0","323.354370117188","0","0.176507875323296","0.234239712357521","0","9","152","16","398","259","259","-1","0","153","0","58","0","18.8240299224854","0.300000011920929","0.0741080939769745","36","371","20460.0006532023","1023","20.0000006385164","28.0535833041272","9.22955338164185","10"
"Bettsy_TowIn","45","4","4","0","0","0","0","-9.34619903564453","0","2.95879292488098","485.125122070313","0","0","531.420837402344","0","0","0","10.7528352737427","400.594146728516","0","400.594146728516","73.8760681152344","506.715026855469","0","0.00361075601540506","0.00430752290412784","0","0","487.378326416016","0","0.0763665661215782","0.300663441419601","0","9","171","25","398","268","268","-1","0","172","0","67","0","21.4383773803711","0.349999994039536","0.0741080939769745","28","373","20460.000011091","1023","20.0000000108416","56.9551721147111","35.51679473434","10"
"Bettsy_TowIn","45","4","5","0","0","0","0","-0.482958287000656","0","36.3710517883301","51.4713478088379","722.062622070313","0","459.786315917969","0","0","0","96.7990493774414","512.948059082031","0","512.948059082031","125.864562988281","431.467559814453","0","0.00615173857659101","0.0496528819203377","0","0","807.404296875","0","1.57536971569061","0.145695239305496","0","9","190","34","396","277","277","-1","0","191","0","76","0","10.6613454818726","0.400000005960464","0.0741080939769745","59","337","20459.9986526133","1023","19.9999986829064","7.11694145946602","-3.54440402240654","10"
"Bettsy_TowIn","45","4","6","0","0","0","0","-0.362072557210922","0","63.5567169189453","25.3278675079346","1034.30126953125","0","394.288177490234","0","0","0","138.218841552734","630.427124023438","0","630.427124023438","179.831268310547","332.266876220703","0","0.00878940708935261","0.0871369019150734","0","0","1119.31518554688","0","3.09481000900269","0.146475687623024","0","9","209","44","397","287","287","-1","0","210","0","86","0","8.51909923553467","0.449999988079071","0.0741080939769745","64","317","20459.9999160799","1023","19.9999999179667","5.78920987130721","-2.72988936422746","10"
"Bettsy_TowIn","45","4","7","0","0","0","0","-0.34839403629303","0","67.034294128418","24.3799381256104","1007.59362792969","0","392.903076171875","0","0","0","130.718536376953","705.916198730469","0","705.916198730469","186.005950927734","333.531921386719","0","0.00909119844436646","0.0922763273119926","0","0","1095.21081542969","0","3.29300045967102","0.146233677864075","0","9","229","54","396","297","297","-1","0","230","0","96","0","7.9299898147583","0.5","0.0741080939769745","71","322","20460.003383052","1023","20.0000033069912","5.6540355915381","-2.2759542232202","10"
"Bettsy_TowIn","45","4","8","0","0","0","0","-0.455010026693344","0","97.6154861450195","20.6214714050293","771.94970703125","0","400.374969482422","0","0","0","163.127456665039","823.525451660156","0","823.525451660156","227.005218505859","386.263793945313","0","0.0110950749367476","0.134339600801468","0","0","887.874816894531","0","4.98150062561035","0.105938263237476","0","9","248","64","397","307","307","-1","0","249","0","106","0","5.43859243392944","0.550000011920929","0.0741080939769745","88","325","20459.9986750882","1023","19.9999987048761","4.73744025468523","-0.701152179244213","10"
"Bettsy_TowIn","45","4","9","0","0","0","0","-0.484206408262253","0","46.501594543457","29.9750499725342","1063.439453125","0","387.023468017578","0","0","0","75.1572341918945","844.150146484375","0","844.150146484375","153.599548339844","288.992004394531","0","0.00750730885192752","0.0634439885616302","0","0","1133.97241210938","0","2.17327690124512","0.220218554139137","0","9","267","74","396","317","317","-1","0","268","0","116","0","11.5804233551025","0.600000023841858","0.0741080939769745","76","344","20460.0012293895","1023","20.0000012017493","6.79571508455098","-4.78470827055156","10"
"Bettsy_TowIn","45","4","10","0","0","0","0","-0.82426130771637","0","183.617095947266","12.2626781463623","694.439331054688","0","353.431091308594","0","0","0","256.557952880859","1028.50769042969","0","1028.50769042969","295.472290039063","399.538482666016","0","0.01444146130234","0.263871818780899","0","0","888.262817382813","0","10.1874771118164","0.0717202126979828","0","9","273","77","396","320","320","-1","0","274","0","119","0","2.80861711502075","0.616666674613953","0.0741080939769745","109","323","20459.9994317186","1023","19.9999994444952","3.1373125858673","0.328695470846544","10"
"Bettsy_TowIn","45","4","11","0","0","0","0","-0.911353647708893","0","186.55290222168","12.3579416275024","671.700317382813","0","353.398315429688","0","0","0","250.74609375","1068.65014648438","0","1068.65014648438","296.47607421875","402.857543945313","0","0.0144905196502805","0.267959862947464","0","0","868.610534667969","0","10.3535747528076","0.0707140490412712","0","9","280","81","397","324","324","-1","0","281","0","123","0","2.72181510925293","0.633333325386047","0.0741080939769745","113","326","20460.0029104554","1023","20.00000284502","3.09990771711553","0.378092607862597","10"
"Bettsy_TowIn","5","0","0","0","0","0","0","0.476348370313644","0","1.27312731742859","154.817001342773","0","0","297.895446777344","0","0","0","67.4896697998047","27.1855754852295","0","27.1855754852295","29.9475059509277","292.938751220703","0","0.00146370986476541","0.0018347455188632","0","0","155.761611938477","0","0.0375568419694901","-0.173900857567787","0","9","163","2","394","201","201","-1","0","164","1","0","0","45","0.0166666675359011","0","6","394","20460.0014468903","1023","20.00000141436","52.917933292659","7.91793329265904","10"
"Bettsy_TowIn","5","0","1","0","0","0","0","3.3953001499176","0","7.40413188934326","99.5443267822266","0","0","507.573852539063","0","0","0","106.882118225098","94.458610534668","0","94.458610534668","76.5254058837891","504.763366699219","0","0.00374024454504251","0.0100959362462163","0","0","106.467475891113","0","0.28153869509697","-0.109260611236095","0","9","165","3","392","202","202","-1","0","166","0","1","0","23.9381694793701","0.0333333350718021","0","16","392","20460.0006663252","1023","20.0000006513443","21.7446246133234","-2.1935448660467","10"
"Bettsy_TowIn","5","0","2","0","0","0","0","3.15235829353333","0","16.4352855682373","60.2168350219727","0","0","499.315979003906","0","0","0","165.297271728516","140.719543457031","0","140.719543457031","110.938499450684","502.381896972656","0","0.00542221451178193","0.0232605561614037","0","0","76.2064590454102","0","0.68791675567627","-0.012295993976295","0","9","166","3","389","202","202","-1","0","167","0","1","0","16.2707996368408","0.0500000007450581","0","18","386","20459.9982552563","1023","19.9999982944832","13.4801035111091","-2.79069612573172","10"
"Bettsy_TowIn","5","0","3","0","0","0","0","3.18121147155762","0","43.6041526794434","33.087474822998","0","0","483.897827148438","0","0","0","196.994705200195","335.157562255859","0","335.157562255859","181.397369384766","498.251525878906","0","0.00886595156043768","0.0660242661833763","0","0","76.294563293457","0","2.01472783088684","-0.000596878118813038","0","9","171","5","383","204","204","-1","0","172","0","3","0","10.4574851989746","0.100000001490116","0","34","372","20460.0000516821","1023","20.0000000505201","7.71717458387286","-2.74031061510174","10"
"Bettsy_TowIn","5","0","4","0","0","0","0","2.72669243812561","0","79.6625671386719","22.0674591064453","0","0","461.331817626953","0","0","0","240.040893554688","531.950927734375","0","531.950927734375","244.861251831055","494.931579589844","0","0.0119678014889359","0.127689987421036","0","0","101.372367858887","0","4.0979266166687","-0.00105125550180674","0","9","175","6","374","205","205","-1","0","176","0","4","0","7.80165958404541","0.150000005960464","0","52","355","20460.0027880998","1023","20.0000027254153","5.3779666212942","-2.42369296275121","10"
"Bettsy_TowIn","5","0","5","0","0","0","0","2.43099164962769","0","118.38257598877","16.081111907959","0","0","431.812103271484","0","0","0","287.134674072266","689.832641601563","0","689.832641601563","294.060791015625","492.616943359375","0","0.0143724707886577","0.198074862360954","0","0","134.142501831055","0","6.92586755752563","-0.00915035512298346","0","9","179","7","365","206","206","-1","0","180","0","5","0","6.3074893951416","0.200000002980232","0","69","337","20460.0026912345","1023","20.0000026307278","4.16108437577085","-2.14640501937075","10"
"Bettsy_TowIn","5","0","6","0","0","0","0","2.11717367172241","0","159.880004882813","12.0374717712402","0","0","395.977935791016","0","0","0","305.883544921875","894.919067382813","0","894.919067382813","331.660675048828","491.01953125","0","0.0162102002650499","0.273741006851196","0","0","171.632293701172","0","10.4185037612915","-0.012986596673727","0","9","182","8","357","207","207","-1","0","183","0","6","0","5.23508501052856","0.25","0","86","319","20459.9986197522","1023","19.9999986507841","3.39488671013473","-1.84019830039384","10"
"Bettsy_TowIn","5","0","7","0","0","0","0","1.84647715091705","0","195.217742919922","9.5810546875","0","0","361.808746337891","0","0","0","320.882141113281","1070.30065917969","0","1070.30065917969","352.043731689453","490.261535644531","0","0.0172064378857613","0.343440383672714","0","0","204.543075561523","0","13.7890090942383","-0.0194499120116234","0","9","186","10","348","209","209","-1","0","187","0","8","0","4.476487159729","0.300000011920929","0","100","302","20460.0007291909","1023","20.0000007127966","2.87173336035306","-1.60475379937594","10"
"Bettsy_TowIn","5","0","8","0","0","0","0","1.78853762149811","0","208.886764526367","8.77664947509766","0","0","348.409484863281","0","0","0","331.210021972656","1118.77099609375","0","1118.77099609375","358.073272705078","490.087066650391","0","0.0175011362880468","0.370548158884048","0","0","217.419067382813","0","15.1121835708618","-0.0142306787893176","0","9","186","10","345","209","209","-1","0","187","0","8","0","4.21381711959839","0.316666692495346","0","107","297","20460.001385718","1023","20.0000013545631","2.70710940279616","-1.50670771680223","10"
"Bettsy_TowIn","5","0","9","0","0","0","0","1.73135507106781","0","217.168182373047","8.40086841583252","0","0","342.338623046875","0","0","0","329.248962402344","1167.23986816406","0","1167.23986816406","362.282867431641","489.947570800781","0","0.017706885933876","0.38431254029274","0","0","225.329956054688","0","15.7082853317261","-0.009783492423594","0","9","186","10","342","209","209","-1","0","187","0","8","0","4.05333995819092","0.333333373069763","0","110","294","20459.9989396519","1023","19.9999989634916","2.64079123272067","-1.41254872547025","10"
"Bettsy_TowIn","5","1","0","0","0","0","0","3.02192258834839","0","3.70959734916687","229.769546508789","0","0","605.490783691406","0","0","0","63.6676979064941","79.7042770385742","0","79.7042770385742","64.8190689086914","506.462188720703","0","0.00316808745265007","0.00507458811625838","0","0","232.824752807617","0","0.122142545878887","0.578410387039185","0","9","182","0","397","207","207","-1","0","183","0","6","0","37.2184638977051","0.0333333350718021","0.0185270234942436","10","390","20459.999882412","1023","19.9999998850557","38.6311496002825","1.4126857025774","10"
"Bettsy_TowIn","5","1","1","0","0","0","0","2.88518452644348","0","9.85680675506592","88.0339202880859","0","0","524.772583007813","0","0","0","96.8017272949219","137.538497924805","0","137.538497924805","88.8436050415039","504.110168457031","0","0.00434230733662844","0.013313964009285","0","0","97.4030227661133","0","0.371085733175278","0.286906123161316","0","9","184","1","395","208","208","-1","0","185","0","7","0","20.9406280517578","0.0500000007450581","0.0185270234942436","15","386","20459.9992939436","1023","19.9999993098178","19.0350704001819","-1.90555765157596","10"
"Bettsy_TowIn","5","1","2","0","0","0","0","2.7800920009613","0","39.2431221008301","36.1843757629395","0","0","491.591217041016","0","0","0","197.78630065918","294.384338378906","0","294.384338378906","172.148803710938","498.803802490234","0","0.00841392017900944","0.0582251884043217","0","0","75.0176010131836","0","1.76842796802521","0.141967222094536","0","9","186","2","388","209","209","-1","0","187","0","8","0","10.9025945663452","0.100000001490116","0.0185270234942436","25","364","20459.9996254308","1023","19.9999996338522","8.30870460507246","-2.59388996127275","10"
"Bettsy_TowIn","5","1","3","0","0","0","0","2.59171175956726","0","69.3196563720703","25.0725212097168","0","0","472.622589111328","0","0","0","235.682983398438","450.80712890625","0","450.80712890625","227.976821899414","495.763366699219","0","0.0111425621435046","0.106247566640377","0","0","94.0164794921875","0","3.44023108482361","0.134599983692169","0","9","190","3","379","210","210","-1","0","191","0","9","0","8.29662322998047","0.150000005960464","0.0185270234942436","33","343","20460.0000397852","1023","20.0000000388908","6.01988258498668","-2.27674064499379","10"
"Bettsy_TowIn","5","1","4","0","0","0","0","2.28944706916809","0","99.3457107543945","19.2748985290527","0","0","450.648468017578","0","0","0","256.734100341797","621.359252929688","0","621.359252929688","269.995513916016","493.690551757813","0","0.0131962625309825","0.159524112939835","0","0","118.274909973145","0","5.49021816253662","0.131825357675552","0","9","194","5","371","212","212","-1","0","195","0","11","0","6.85281848907471","0.200000002980232","0.0185270234942436","43","325","20459.9986763005","1023","19.9999987060611","4.74508302585781","-2.1077354632169","10"
"Bettsy_TowIn","5","1","5","0","0","0","0","2.12434673309326","0","125.649078369141","15.9895572662354","0","0","429.844482421875","0","0","0","283.065185546875","730.127197265625","0","730.127197265625","298.488067626953","492.399536132813","0","0.0145888580009341","0.206673607230186","0","0","141.316543579102","0","7.52436780929565","0.139329999685287","0","9","196","6","363","213","213","-1","0","197","0","12","0","5.96540451049805","0.25","0.0185270234942436","49","308","20460.002257054","1023","20.0000022063089","4.04781142745057","-1.91759308304748","10"
"Bettsy_TowIn","5","1","6","0","0","0","0","1.92014908790588","0","149.774002075195","13.8274374008179","0","0","409.365051269531","0","0","0","295.106262207031","850.122802734375","0","850.122802734375","318.31689453125","491.615875244141","0","0.0155580118298531","0.250876575708389","0","0","163.300537109375","0","9.56148624420166","0.148767828941345","0","9","200","8","354","215","215","-1","0","201","0","14","0","5.27587938308716","0.300000011920929","0.0185270234942436","55","294","20459.9982319371","1023","19.9999982716883","3.55545676187936","-1.7204226212078","10"
"Bettsy_TowIn","5","1","7","0","0","0","0","1.73302006721497","0","172.983016967773","12.5307922363281","0","0","389.903381347656","0","0","0","303.985015869141","970.196594238281","0","970.196594238281","330.488525390625","491.390441894531","0","0.0161529090255499","0.29492524266243","0","0","185.233200073242","0","11.6519250869751","0.177868902683258","0","9","203","9","346","216","216","-1","0","204","0","15","0","4.59320878982544","0.349999994039536","0.0185270234942436","55","275","20460.0004165116","1023","20.0000004071472","3.13963254055419","-1.45357624927125","10"
"Bettsy_TowIn","5","1","8","0","0","0","0","1.68398988246918","0","176.444625854492","12.2527713775635","0","0","386.926605224609","0","0","0","294.677459716797","1019.01800537109","0","1019.01800537109","332.917877197266","491.2841796875","0","0.0162716452032328","0.300281643867493","0","0","188.419509887695","0","11.9106893539429","0.173734307289124","0","9","203","9","342","216","216","-1","0","204","0","15","0","4.53855848312378","0.366666674613953","0.0185270234942436","56","274","20460.001004147","1023","20.0000009815708","3.10626205465355","-1.43229642847023","10"
"Bettsy_TowIn","5","2","0","0","0","0","0","2.17126870155334","0","1.48217391967773","194.141464233398","0","0","367.276672363281","0","0","0","14.7322187423706","125.421775817871","0","125.421775817871","36.924186706543","220.313385009766","0","0.00180470105260611","0.00184774096123874","0","0","195.233947753906","0","0.0388691984117031","0.926756501197815","0","9","198","0","399","214","214","-1","0","199","0","13","0","45","0.0666666701436043","0.0370540469884872","7","391","20460.0017566466","1023","20.0000017171521","77.6091881143396","32.6091881143396","10"
"Bettsy_TowIn","5","2","1","0","0","0","0","2.15831923484802","0","8.8427677154541","125.66064453125","0","0","627.728881835938","0","0","0","73.1294403076172","165.983963012695","0","165.983963012695","93.3126068115234","504.85595703125","0","0.00456073321402073","0.012138313613832","0","0","133.907485961914","0","0.294149935245514","0.637409746646881","0","9","200","1","398","215","215","-1","0","201","0","14","0","23.5424880981445","0.0833333358168602","0.0370540469884872","14","376","20460.0011517138","1023","20.0000011258199","22.0694607671976","-1.47302733094688","10"
"Bettsy_TowIn","5","2","2","0","0","0","0","2.28829789161682","0","15.0366706848145","76.4846267700195","0","0","562.376159667969","0","0","0","96.4795532226563","215.400955200195","0","215.400955200195","112.813079833984","503.073516845703","0","0.00551383616402745","0.0207817871123552","0","0","91.0125350952148","0","0.543015837669373","0.471251547336578","0","9","201","1","394","215","215","-1","0","202","0","14","0","17.3412895202637","0.100000001490116","0.0370540469884872","18","370","20459.9985342297","1023","19.9999985671845","15.3860029764781","-1.95528654378555","10"
"Bettsy_TowIn","5","2","3","0","0","0","0","2.19863867759705","0","47.1081123352051","33.9031257629395","0","0","499.321594238281","0","0","0","163.429168701172","433.010864257813","0","433.010864257813","190.049102783203","498.034790039063","0","0.00928881298750639","0.0707666054368019","0","0","80.5989151000977","0","2.17854046821594","0.263052672147751","0","9","203","2","385","216","216","-1","0","204","0","15","0","9.84680080413818","0.150000005960464","0.0370540469884872","27","345","20459.9988221124","1023","19.9999988485947","7.54239943166058","-2.3044013724776","10"
"Bettsy_TowIn","5","2","4","0","0","0","0","2.10074067115784","0","50.743221282959","33.9250183105469","0","0","511.098968505859","0","0","0","163.940231323242","455.837707519531","0","455.837707519531","199.808364868164","497.853485107422","0","0.00976580567657948","0.0747301429510117","0","0","84.2495956420898","0","2.36345672607422","0.349503606557846","0","9","206","3","376","217","217","-1","0","207","0","16","0","9.26440906524658","0.200000002980232","0.0370540469884872","23","326","20459.9980263122","1023","19.9999980706864","7.50894364197832","-1.75546542326826","10"
"Bettsy_TowIn","5","2","5","0","0","0","0","1.99775397777557","0","55.8821411132813","33.0247764587402","0","0","519.305419921875","0","0","0","159.940628051758","525.722900390625","0","525.722900390625","212.322647094727","497.566864013672","0","0.0103774508461356","0.0840844586491585","0","0","88.4874954223633","0","2.75026488304138","0.410447955131531","0","9","209","5","369","219","219","-1","0","210","0","18","0","8.62530422210693","0.25","0.0370540469884872","22","309","20460.0002681576","1023","20.0000002621286","7.08934882779623","-1.53595539431071","10"
"Bettsy_TowIn","5","2","6","0","0","0","0","1.92460179328918","0","55.4625587463379","35.1762008666992","0","0","540.8037109375","0","0","0","152.758773803711","548.735290527344","0","548.735290527344","216.499542236328","497.911834716797","0","0.0105816014111042","0.0838241279125214","0","0","90.2046203613281","0","2.80127811431885","0.495215684175491","0","9","213","7","360","221","221","-1","0","214","0","20","0","8.49430084228516","0.300000011920929","0.0370540469884872","18","297","20459.9978609227","1023","19.9999979090153","7.25212401727949","-1.24217682500567","10"
"Bettsy_TowIn","5","2","7","0","0","0","0","1.38240802288055","0","183.962432861328","11.4342460632324","0","0","377.972412109375","0","0","0","287.666320800781","1103.56311035156","0","1103.56311035156","338.207458496094","490.935485839844","0","0.0165301784873009","0.317457944154739","0","0","195.125366210938","0","12.5983581542969","0.144627377390862","0","9","217","10","354","224","224","-1","0","218","0","23","0","4.50209522247314","0.349999994039536","0.0370540469884872","76","288","20460.0004020476","1023","20.0000003930084","2.98476697039227","-1.51732825208087","10"
"Bettsy_TowIn","5","2","8","0","0","0","0","1.12813031673431","0","209.974304199219","10.4831352233887","0","0","356.011810302734","0","0","0","289.384674072266","1267.31091308594","0","1267.31091308594","343.819000244141","491.054382324219","0","0.0168044473975897","0.366740316152573","0","0","220.20703125","0","14.8661155700684","0.162400469183922","0","9","221","13","346","227","227","-1","0","222","0","26","0","3.88523054122925","0.400000005960464","0.0370540469884872","83","276","20460.0003861749","1023","20.0000003774926","2.62627533906294","-1.2589552021663","10"
"Bettsy_TowIn","5","2","9","0","0","0","0","1.16630518436432","0","157.319763183594","15.7015762329102","0","0","412.255676269531","0","0","0","221.366821289063","1198.67102050781","0","1198.67102050781","312.129730224609","493.055847167969","0","0.0152556095272303","0.265345990657806","0","0","172.728637695313","0","10.5897378921509","0.288273215293884","0","9","226","16","340","230","230","-1","0","227","0","29","0","4.29220342636108","0.449999988079071","0.0370540469884872","45","268","20459.9973319636","1023","19.9999973919488","3.29593934553534","-0.996264080825744","10"
"Bettsy_TowIn","5","2","10","0","0","0","0","1.14066636562347","0","155.152862548828","16.4222717285156","0","0","417.068023681641","0","0","0","216.984619140625","1204.32775878906","0","1204.32775878906","309.019470214844","493.344787597656","0","0.0151035916060209","0.2613205909729","0","0","171.279693603516","0","10.3588733673096","0.305904597043991","0","9","227","17","337","231","231","-1","0","228","0","30","0","4.21853590011597","0.466666668653488","0.0370540469884872","45","267","20459.9990701321","1023","19.9999990910383","3.31338049041355","-0.905155409702418","10"
"Bettsy_TowIn","5","2","11","0","0","0","0","1.33632409572601","0","110.424987792969","22.5801677703857","0","0","470.519653320313","0","0","0","177.404647827148","1024.50146484375","0","1024.50146484375","280.705383300781","495.204833984375","0","0.0137197161093354","0.181751310825348","0","0","132.667434692383","0","6.93101501464844","0.401853203773499","0","8","228","18","335","232","232","-1","0","229","0","31","0","4.7715630531311","0.483333349227905","0.0370540469884872","31","265","20459.9993953066","1023","19.9999994089019","4.32915854815185","-0.442404504979249","10"
"Bettsy_TowIn","5","3","0","0","0","0","0","2.19733047485352","0","2.95487403869629","337.382415771484","0","0","631.208374023438","0","0","0","14.6785745620728","280.230438232422","0","280.230438232422","63.3101463317871","291.530395507813","0","0.00309433741495013","0.00411338312551379","0","0","339.550201416016","0","0.0774406641721725","1.09043502807617","0","9","216","0","399","223","223","-1","0","217","0","22","0","45","0.116666674613953","0.0555810704827309","12","382","20460.0009119585","1023","20.0000008914551","48.7866039169449","3.78660391694488","10"
"Bettsy_TowIn","5","3","1","0","0","0","0","2.42480087280273","0","2.17996859550476","258.26611328125","0","0","485.254516601563","0","0","0","11.0502510070801","281.050689697266","0","281.050689697266","48.6992073059082","209.161560058594","0","0.00238021556288004","0.00310568069107831","0","0","259.868438720703","0","0.0547136105597019","1.12495565414429","0","9","217","1","397","224","224","-1","0","218","0","23","0","45","0.133333340287209","0.0555810704827309","10","381","20459.9986931363","1023","19.9999987225183","50.032332485321","5.03233248532101","10"
"Bettsy_TowIn","5","3","2","0","0","0","0","2.23143315315247","0","7.87021732330322","243.755310058594","0","0","874.77880859375","0","0","0","35.3714447021484","301.005401611328","0","301.005401611328","106.404266357422","505.77685546875","0","0.00520059978589416","0.010646996088326","0","0","250.729721069336","0","0.227942004799843","0.954557240009308","0","9","218","2","394","225","225","-1","0","219","0","24","0","29.3736820220947","0.150000005960464","0.0555810704827309","16","369","20459.9989881989","1023","19.9999990109471","29.2392156448608","-0.134466377233931","10"
"Bettsy_TowIn","5","3","3","0","0","0","0","1.76264369487762","0","35.6180114746094","45.5206565856934","0","0","547.223510742188","0","0","0","99.3329315185547","521.764282226563","0","521.764282226563","172.082824707031","499.799041748047","0","0.00841069594025612","0.0518283732235432","0","0","80.6763305664063","0","1.51906585693359","0.462850630283356","0","9","223","5","387","228","228","-1","0","224","0","27","0","10.9694328308105","0.200000002980232","0.0555810704827309","29","340","20459.9983080343","1023","19.9999983460746","9.33924600419925","-1.6301868266113","10"
"Bettsy_TowIn","5","3","4","0","0","0","0","1.65121555328369","0","45.9959831237793","38.9741058349609","0","0","541.238037109375","0","0","0","105.060501098633","644.514892578125","0","644.514892578125","195.799789428711","498.672882080078","0","0.00956988241523504","0.0677130594849586","0","0","84.5247039794922","0","2.13779020309448","0.468678772449493","0","9","227","8","381","231","231","-1","0","228","0","30","0","9.51064968109131","0.25","0.0555810704827309","30","325","20459.9994997851","1023","19.9999995110314","8.12481149079701","-1.3858381902943","10"
"Bettsy_TowIn","5","3","5","0","0","0","0","1.50980341434479","0","64.2925415039063","30.4010143280029","0","0","517.288513183594","0","0","0","129.224472045898","764.99609375","0","764.99609375","228.948791503906","496.9951171875","0","0.0111900679767132","0.0988562256097794","0","0","94.2848968505859","0","3.39849352836609","0.43376761674881","0","9","231","11","373","234","234","-1","0","232","0","33","0","7.83417129516602","0.300000011920929","0.0555810704827309","35","308","20460.0000625872","1023","20.00000006118","6.49954883994181","-1.33462245522421","10"
"Bettsy_TowIn","5","3","6","0","0","0","0","1.36921560764313","0","76.7951431274414","27.0703315734863","0","0","508.483825683594","0","0","0","134.268051147461","891.019348144531","0","891.019348144531","249.782516479492","496.241027832031","0","0.0122083341702819","0.119635425508022","0","0","103.475662231445","0","4.33879423141479","0.442224681377411","0","9","237","15","368","239","238","-1","0","238","0","37","0","6.93289709091187","0.349999994039536","0.0555810704827309","38","297","20459.9999472102","1023","19.9999999483971","5.85700862488036","-1.0758884660315","10"
"Bettsy_TowIn","5","3","7","0","0","0","0","1.22447240352631","0","81.0344390869141","27.2255039215088","0","0","517.363830566406","0","0","0","129.042633056641","1000.14703369141","0","1000.14703369141","259.507171630859","496.311950683594","0","0.0126836355775595","0.129061609506607","0","0","107.870498657227","0","4.77991199493408","0.495353788137436","0","9","241","18","360","245","241","-1","0","244","0","40","0","6.50534963607788","0.400000005960464","0.0555810704827309","37","289","20459.9990313497","1023","19.9999990531278","5.63989331464665","-0.865456321431227","10"
"Bettsy_TowIn","5","3","8","0","0","0","0","1.13896095752716","0","69.2989273071289","35.687572479248","0","0","584.425231933594","0","0","0","107.620780944824","1023.20721435547","0","1023.20721435547","255.529769897461","497.909698486328","0","0.0124892350286245","0.110118359327316","0","0","104.547866821289","0","4.0198860168457","0.654642224311829","0","9","245","22","355","251","245","-1","0","250","0","44","0","6.86079502105713","0.449999988079071","0.0555810704827309","35","287","20460.0016984069","1023","20.0000016602218","6.51229757751549","-0.348497443541638","10"
"Bettsy_TowIn","5","3","9","0","0","0","0","0.900621712207794","0","74.3312377929688","37.6753387451172","0","0","619.664428710938","0","0","0","103.608016967773","1172.35388183594","0","1172.35388183594","274.491088867188","498.188659667969","0","0.0134159857407212","0.121465258300304","0","0","111.554161071777","0","4.4399790763855","0.735377550125122","0","8","249","26","348","256","249","-1","0","255","0","48","0","6.28355169296265","0.5","0.0555810704827309","35","279","20460.0015363784","1023","20.0000015018362","6.34132682724058","0.0577751342779358","10"
"Bettsy_TowIn","5","4","0","0","0","0","0","1.4201797246933","0","4.79476070404053","582.983459472656","0","0","989.062377929688","0","0","0","13.1334238052368","513.192260742188","0","513.192260742188","100.109428405762","301.088348388672","0","0.00489293411374092","0.00673997076228261","0","0","586.417663574219","0","0.126729920506477","1.26174211502075","0","9","245","2","398","251","245","-1","0","250","0","44","0","45","0.233333334326744","0.0741080939769745","25","369","20459.9992721387","1023","19.9999992885031","46.5485748358093","1.54857483580934","10"
"Bettsy_TowIn","5","4","1","0","0","0","0","1.29700708389282","0","4.1797342300415","520.525329589844","0","0","867.101806640625","0","0","0","11.2873687744141","523.740173339844","0","523.740173339844","88.0390472412109","255.802688598633","0","0.00430298363789916","0.0059116487391293","0","0","523.507080078125","0","0.107951529324055","1.27160131931305","0","9","246","3","396","252","246","-1","0","251","0","45","0","45","0.25","0.0741080939769745","24","369","20460.0004670699","1023","20.0000004565688","46.7091431092846","1.70914310928462","10"
"Bettsy_TowIn","5","4","2","0","0","0","0","1.26250576972961","0","18.4980163574219","141.001770019531","0","0","886.061401367188","0","0","0","37.5966873168945","697.008728027344","0","697.008728027344","158.470977783203","503.924163818359","0","0.00774540426209569","0.0262052193284035","0","0","158.693267822266","0","0.693424582481384","0.971220195293427","0","9","251","8","390","259","251","-1","0","258","0","50","0","17.7926425933838","0.300000011920929","0.0741080939769745","35","344","20460.0008496297","1023","20.0000008305275","17.1915545552857","-0.601088038098133","10"
"Bettsy_TowIn","5","4","3","0","0","0","0","1.09965932369232","0","34.3298988342285","69.4509124755859","0","0","716.89208984375","0","0","0","55.9450721740723","888.628784179688","0","888.628784179688","195.712158203125","501.316070556641","0","0.00956559833139181","0.0497144013643265","0","0","103.183288574219","0","1.58124685287476","0.818656384944916","0","9","255","12","385","265","255","-1","0","264","0","54","0","11.5594606399536","0.349999994039536","0.0741080939769745","40","325","20460.0017085025","1023","20.0000016700904","11.093521691943","-0.465938948010658","10"
"Bettsy_TowIn","5","4","4","0","0","0","0","1.09885132312775","0","11.3581228256226","1378.75183105469","0","0","2350.90087890625","0","0","0","21.4562816619873","744.66455078125","0","744.66455078125","235.632064819336","437.157196044922","0","0.0115167181938887","0.0159777328372002","0","0","1386.79296875","0","0.429782688617706","1.38498079776764","0","9","260","17","379","271","260","-1","0","270","0","59","0","45","0.400000005960464","0.0741080939769745","22","334","20460.0009180023","1023","20.000000897363","46.1204076444049","1.12040764440489","10"
"Bettsy_TowIn","5","4","5","0","0","0","0","0.840624153614044","0","25.1383323669434","235.200607299805","0","0","1413.35473632813","0","0","0","37.1653327941895","1002.07293701172","0","1002.07293701172","241.7734375","504.573425292969","0","0.0118168834596872","0.0372423753142357","0","0","259.128448486328","0","1.21129322052002","1.212895154953","0","9","265","22","375","279","265","-1","0","278","0","64","0","18.0169315338135","0.449999988079071","0.0741080939769745","33","318","20460.0001620393","1023","20.0000001583962","18.4995209612916","0.482589427478164","10"
"Bettsy_TowIn","5","4","6","0","0","0","0","0.599381387233734","0","28.152946472168","260.769622802734","0","0","1584.82006835938","0","0","0","38.1341896057129","1137.46215820313","0","1137.46215820313","274.419555664063","504.733184814453","0","0.0134124904870987","0.043376199901104","0","0","287.607452392578","0","1.4300183057785","1.25445914268494","0","8","270","27","369","286","270","-1","0","285","0","69","0","17.3096389770508","0.5","0.0741080939769745","33","313","20460.0000222198","1023","20.0000000217203","18.0118173707133","0.702178393662567","10"
"Bettsy_TowIn","5","4","7","0","0","0","0","-0.137261927127838","0","39.1288261413574","260.971221923828","0","0","1822.65881347656","0","0","0","43.3077812194824","1475.59814453125","0","1475.59814453125","353.500671386719","504.436828613281","0","0.0172776486724615","0.063904881477356","0","0","298.687866210938","0","2.17172408103943","1.30122768878937","0","7","276","33","366","295","276","-1","0","294","0","75","0","14.683443069458","0.550000011920929","0.0741080939769745","38","305","20459.9988162832","1023","19.9999988428965","15.6859926130872","1.00254954362924","10"
"Bettsy_TowIn","5","4","8","0","0","0","0","-0.430401206016541","0","35.857593536377","481.330139160156","0","0","2592.87133789063","0","0","0","37.6409378051758","1563.84143066406","0","1563.84143066406","409.326934814453","505.430816650391","0","0.0200062040239573","0.0588644556701183","0","0","515.110900878906","0","1.97086548805237","1.38149511814117","0","7","279","36","365","299","279","-1","0","298","0","78","0","18.6577091217041","0.566666662693024","0.0741080939769745","36","307","20460.0000242069","1023","20.0000000236626","19.8688925679189","1.21118344621483","10"
"Bettsy_TowIn","60","0","0","0","0","0","0","0.413932859897614","0","3.38266730308533","158.814819335938","0","0","509.948974609375","0","0","0","398.354217529297","11.6693258285522","0","11.6693258285522","58.7924652099609","506.615081787109","0","0.00287353224121034","0.00464852480217814","0","0","161.743026733398","0","0.109666556119919","0.103918619453907","0","9","24","2","399","209","209","-1","0","25","0","8","0","29.9307975769043","0.0333333350718021","0.0185270234942436","12","393","20459.9984530528","1023","19.9999984878327","38.1818909570863","8.25109338018196","10"
"Bettsy_TowIn","60","0","1","0","0","0","0","0.265943914651871","0","12.9712591171265","70.6584014892578","0","0","504.209533691406","0","0","0","297.786193847656","60.7704658508301","0","60.7704658508301","99.1975173950195","503.238586425781","0","0.00484836427494884","0.0180966071784496","0","0","83.1759643554688","0","0.507028162479401","0.103297278285027","0","9","30","5","399","212","212","-1","0","31","1","11","0","15.6443109512329","0.0500000007450581","0.0185270234942436","21","388","20459.9967678927","1023","19.9999968405598","15.5402747304514","-0.104036220781518","10"
"Bettsy_TowIn","60","0","2","0","0","0","0","0.684831917285919","0","39.0983695983887","37.325366973877","0","0","488.644470214844","0","0","0","360.320190429688","157.321273803711","0","157.321273803711","167.512054443359","498.68115234375","0","0.00818729400634766","0.0566860288381577","0","0","76.0038909912109","0","1.688884973526","0.0718841701745987","0","9","46","10","396","217","217","-1","0","47","2","16","0","9.13892650604248","0.100000001490116","0.0185270234942436","34","375","20460.0023296447","1023","20.0000022772676","8.30440645405854","-0.83452005198394","10"
"Bettsy_TowIn","60","0","3","0","0","0","0","0.846074223518372","0","51.2877578735352","31.9430141448975","0","0","484.262725830078","0","0","0","323.554351806641","231.294082641602","0","231.294082641602","191.956100463867","497.276458740234","0","0.00938201788812876","0.0748362019658089","0","0","82.8216857910156","0","2.24222898483276","0.113861061632633","0","9","53","13","396","220","220","-1","0","54","4","19","0","8.33594989776611","0.116666667163372","0.0185270234942436","47","379","20460.0015426055","1023","20.0000015079233","7.20197098915342","-1.13397890861269","10"
"Bettsy_TowIn","60","1","0","0","0","0","0","-0.609984993934631","0","6.01933908462524","104.894187927246","0","0","505.882568359375","0","0","0","398.456298828125","21.460657119751","0","21.460657119751","73.6921005249023","505.567047119141","0","0.00360176409594715","0.00855113472789526","0","0","110.491363525391","0","0.203393161296844","0.0242903009057045","0","9","39","1","400","215","215","-1","0","40","0","14","0","20.957368850708","0.0666666701436043","0.0370540469884872","16","386","20460.0019773154","1023","20.0000019328597","24.9105671308908","3.9531982801828","10"
"Bettsy_TowIn","60","1","1","0","0","0","0","-0.321511298418045","0","14.9269800186157","63.9282722473145","0","0","501.023590087891","0","0","0","415.828674316406","50.3835258483887","0","50.3835258483887","106.589073181152","502.805786132813","0","0.00520963268354535","0.0209509152919054","0","0","78.4145355224609","0","0.557804048061371","0.0301447603851557","0","9","44","2","399","216","216","-1","0","45","0","15","0","13.6573715209961","0.0833333358168602","0.0370540469884872","21","377","20459.9977879082","1023","19.9999978376425","14.3981705579625","0.740799036966415","10"
"Bettsy_TowIn","60","1","2","0","0","0","0","-0.986823916435242","0","14.6248931884766","63.6992454528809","0","0","501.202301025391","0","0","0","369.075866699219","55.4829750061035","0","55.4829750061035","106.762977600098","502.942413330078","0","0.00521813100203872","0.0204774271696806","0","0","77.8925704956055","0","0.525801837444305","0.00821233261376619","0","9","50","5","398","219","219","-1","0","51","0","18","0","13.2771100997925","0.100000001490116","0.0370540469884872","21","372","20460.0033150539","1023","20.0000032405219","14.7631308891124","1.48602078931993","10"
"Bettsy_TowIn","60","1","3","0","0","0","0","-0.340420812368393","0","49.6255683898926","33.2499809265137","157.436950683594","0","474.347747802734","0","0","0","470.263000488281","145.411499023438","0","145.411499023438","179.284744262695","480.941711425781","0","0.00876269582659006","0.0683816522359848","0","0","239.478164672852","0","2.10736966133118","0.0120875034481287","0","9","70","14","397","228","228","-1","0","71","0","27","0","7.73173570632935","0.150000005960464","0.0370540469884872","37","353","20459.998590692","1023","19.9999986223773","7.36235257641538","-0.369383129913961","10"
"Bettsy_TowIn","60","1","4","0","0","0","0","0.127718672156334","0","94.501579284668","21.1143817901611","325.212890625","0","445.036834716797","0","0","0","571.9560546875","230.867202758789","0","230.867202758789","235.297927856445","471.094482421875","0","0.0115003883838654","0.132045894861221","0","0","439.773773193359","0","4.53501749038696","0.00682186800986528","0","9","90","23","396","237","237","-1","0","91","1","36","0","5.92080783843994","0.200000002980232","0.0370540469884872","52","336","20459.9983933204","1023","19.9999984294432","4.99644160330862","-0.924366235131324","10"
"Bettsy_TowIn","60","1","5","0","0","0","0","-0.229849815368652","0","117.950141906738","16.141056060791","492.334411621094","0","441.653137207031","0","0","0","602.646850585938","272.016052246094","0","272.016052246094","236.151473999023","493.412292480469","0","0.0115421069785953","0.163929611444473","0","0","624.87255859375","0","5.98323917388916","0.00266843684948981","0","9","110","32","396","246","246","-1","0","111","0","45","0","5.22802925109863","0.25","0.0370540469884872","60","322","20459.9969864224","1023","19.9999970541763","4.0374744469476","-1.19055480415104","10"
"Bettsy_TowIn","60","1","6","0","0","0","0","-0.0908615365624428","0","167.325317382813","13.4527826309204","580.342224121094","0","391.418151855469","0","0","0","673.694213867188","353.284027099609","0","353.284027099609","288.325836181641","457.751495361328","0","0.0140921734273434","0.238005399703979","0","0","760.174438476563","0","9.21497249603271","0.0122721949592233","0","9","129","41","394","255","255","-1","0","130","0","54","0","4.37714862823486","0.300000011920929","0.0370540469884872","71","306","20459.9977191734","1023","19.9999977704529","3.39443795051786","-0.982710677717","10"
"Bettsy_TowIn","60","1","7","0","0","0","0","-0.29574391245842","0","192.170684814453","11.2429437637329","647.92431640625","0","366.032135009766","0","0","0","676.397216796875","406.351593017578","0","406.351593017578","307.893463134766","440.194793701172","0","0.0150485569611192","0.274855077266693","0","0","850.304260253906","0","10.87375831604","0.0193748753517866","0","9","149","51","395","265","265","-1","0","150","0","64","0","3.90383863449097","0.349999994039536","0.0370540469884872","80","300","20459.9991833282","1023","19.9999992016893","3.13856355174581","-0.765275082745156","10"
"Bettsy_TowIn","60","1","8","0","0","0","0","-0.372705101966858","0","229.248657226563","8.58021068572998","679.971801757813","0","336.145355224609","0","0","0","709.407775878906","470.713592529297","0","470.713592529297","336.325622558594","429.080322265625","0","0.016438202932477","0.333927869796753","0","0","916.841735839844","0","13.3053274154663","0.0290225874632597","0","9","169","61","394","275","275","-1","0","170","0","74","0","3.39107036590576","0.400000005960464","0.0370540469884872","89","293","20459.9994257349","1023","19.9999994386461","2.82162857558861","-0.56944179031715","10"
"Bettsy_TowIn","60","1","9","0","0","0","0","-0.387732982635498","0","261.424865722656","7.20212650299072","671.726501464844","0","313.97021484375","0","0","0","712.692138671875","533.620910644531","0","533.620910644531","349.168182373047","422.014892578125","0","0.0170658938586712","0.380307406187057","0","0","939.291137695313","0","15.1685543060303","0.03549749776721","0","9","188","70","394","284","284","-1","0","189","0","83","0","2.94980430603027","0.449999988079071","0.0370540469884872","96","292","20459.9996498651","1023","19.9999996577371","2.57195121566585","-0.377853090364425","10"
"Bettsy_TowIn","60","1","10","0","0","0","0","-0.404267609119415","0","257.903900146484","7.31298637390137","676.761657714844","0","314.771392822266","0","0","0","678.762939453125","554.856567382813","0","554.856567382813","346.893280029297","419.499481201172","0","0.0169547032564878","0.376616030931473","0","0","940.844116210938","0","14.9671173095703","0.0386559367179871","0","9","196","74","394","288","288","-1","0","197","0","87","0","2.87140011787415","0.466666668653488","0.0370540469884872","96","293","20460.0030316989","1023","20.0000029635376","2.58024400242728","-0.291156115446862","10"
"Bettsy_TowIn","60","1","11","0","0","0","0","-0.48235622048378","0","237.408996582031","7.78191375732422","804.92578125","0","321.655639648438","0","0","0","631.782287597656","547.086303710938","0","547.086303710938","337.00390625","407.550415039063","0","0.0164713505655527","0.345639437437057","0","0","1048.83483886719","0","13.6863784790039","0.0387010052800179","0","9","202","77","394","291","291","-1","0","203","0","90","0","3.14410018920898","0.483333349227905","0.0370540469884872","97","298","20460.0044731482","1023","20.0000043725788","2.73144883658585","-0.412651352623139","10"
"Bettsy_TowIn","60","2","0","0","0","0","0","-1.51029884815216","0","3.18740630149841","133.776748657227","0","0","508.808563232422","0","0","0","157.914642333984","35.0835838317871","0","35.0835838317871","63.8562088012695","507.157989501953","0","0.00312102679163218","0.00554021168500185","0","0","136.63166809082","0","0.106016412377357","0.0715652257204056","0","9","61","1","400","224","224","-1","0","62","0","23","0","24.8899192810059","0.116666674613953","0.0555810704827309","14","380","20460.0002064946","1023","20.000000201852","34.2871471576414","9.39722787663555","10"
"Bettsy_TowIn","60","2","1","0","0","0","0","-1.79150712490082","0","6.19511222839355","97.2839813232422","0","0","506.205230712891","0","0","0","178.106994628906","54.7773399353027","0","54.7773399353027","79.1030883789063","505.775848388672","0","0.00386623083613813","0.00975622702389956","0","0","103.104621887207","0","0.210690855979919","0.0417293533682823","0","9","68","4","400","227","227","-1","0","69","0","26","0","17.8745536804199","0.133333340287209","0.0555810704827309","19","376","20460.0014152078","1023","20.0000013833899","23.3460397000283","5.47148601960842","10"
"Bettsy_TowIn","60","2","2","0","0","0","0","-1.16104459762573","0","4.55692148208618","120.442733764648","0","0","507.671813964844","0","0","0","136.542495727539","57.8252487182617","0","57.8252487182617","72.864631652832","506.536529541016","0","0.00356132118031383","0.00789560377597809","0","0","124.640922546387","0","0.161419734358788","0.0637890994548798","0","9","75","7","399","230","230","-1","0","76","0","29","0","19.5485038757324","0.150000005960464","0.0555810704827309","19","376","20460.0000852524","1023","20.0000000833357","26.8111448042397","7.26264092850729","10"
"Bettsy_TowIn","60","2","3","0","0","0","0","-1.29486930370331","0","37.3460693359375","46.4256858825684","149.567504882813","0","479.723968505859","0","0","0","356.620635986328","143.337020874023","0","143.337020874023","153.790481567383","479.041809082031","0","0.00751664163544774","0.051116943359375","0","0","232.528015136719","0","1.47368371486664","0.00242697540670633","0","9","94","16","398","239","239","-1","0","95","0","38","0","7.76720333099365","0.200000002980232","0.0555810704827309","41","355","20459.9991626742","1023","19.9999991814997","8.45589000761109","0.688686676617436","10"
"Bettsy_TowIn","60","2","4","0","0","0","0","-1.12375593185425","0","55.9970817565918","38.2663040161133","304.176086425781","0","464.186462402344","0","0","0","386.806365966797","197.638671875","0","197.638671875","176.629989624023","467.155029296875","0","0.00863294210284948","0.0764478966593742","0","0","397.272613525391","0","2.43034791946411","0.00588187156245112","0","9","114","25","398","248","248","-1","0","115","0","47","0","6.50028705596924","0.25","0.0555810704827309","51","344","20459.9993281228","1023","19.9999993432285","6.48400447079952","-0.0162825851697166","10"
"Bettsy_TowIn","60","2","5","0","0","0","0","-0.912930130958557","0","81.8340225219727","16.0257816314697","692.449035644531","0","469.921569824219","0","0","0","418.127899169922","264.059143066406","0","264.059143066406","166.779739379883","507.24658203125","0","0.00815150327980518","0.110410496592522","0","0","786.973876953125","0","3.86447191238403","0.0195379387587309","0","9","133","34","396","257","257","-1","0","134","0","56","0","6.10203123092651","0.300000011920929","0.0555810704827309","56","321","20459.9978255629","1023","19.9999978744505","4.2339459737717","-1.86808525715482","10"
"Bettsy_TowIn","60","2","6","0","0","0","0","-0.77174037694931","0","136.084197998047","15.6782293319702","685.138854980469","0","396.471862792969","0","0","0","541.410095214844","348.605590820313","0","348.605590820313","266.575378417969","427.100433349609","0","0.0130290994420648","0.188738584518433","0","0","835.620788574219","0","7.19985628128052","0.0306110586971045","0","9","153","44","397","267","267","-1","0","154","0","66","0","4.54799127578735","0.349999994039536","0.0555810704827309","65","296","20460.0002942125","1023","20.0000002875977","3.95842003153045","-0.589571244256902","10"
"Bettsy_TowIn","60","2","7","0","0","0","0","-0.667993247509003","0","171.418594360352","11.449315071106","754.48486328125","0","367.420318603516","0","0","0","570.143920898438","425.531158447266","0","425.531158447266","301.390258789063","411.733673095703","0","0.0147307077422738","0.24261400103569","0","0","935.999145507813","0","9.33789920806885","0.0386383682489395","0","9","174","54","396","277","277","-1","0","175","0","76","0","3.78171944618225","0.400000005960464","0.0555810704827309","73","291","20459.9985324629","1023","19.9999985654574","3.4809483699013","-0.300771076280949","10"
"Bettsy_TowIn","60","2","8","0","0","0","0","-0.653124392032623","0","176.049072265625","11.1371650695801","812.773315429688","0","361.2158203125","0","0","0","521.24658203125","475.271911621094","0","475.271911621094","301.937103271484","402.983428955078","0","0.0147574339061975","0.247733861207962","0","0","998.47802734375","0","9.53210926055908","0.0467042811214924","0","9","193","63","396","286","286","-1","0","194","0","85","0","3.54350161552429","0.449999988079071","0.0555810704827309","78","294","20460.0003761279","1023","20.0000003676715","3.41511472860908","-0.128386886915212","10"
"Bettsy_TowIn","60","2","9","0","0","0","0","-0.662429630756378","0","150.980560302734","12.6306095123291","800.596252441406","0","372.408966064453","0","0","0","412.579406738281","514.271728515625","0","514.271728515625","283.836853027344","394.330780029297","0","0.0138727696612477","0.212177932262421","0","0","962.417785644531","0","8.00653839111328","0.0569247789680958","0","9","212","73","395","296","296","-1","0","213","0","95","0","3.91590070724487","0.5","0.0555810704827309","81","303","20459.9989734","1023","19.999998996481","3.74882808119403","-0.167072626050845","10"
"Bettsy_TowIn","60","2","10","0","0","0","0","-0.637872457504272","0","170.574584960938","11.0212078094482","1033.31713867188","0","348.280151367188","0","0","0","435.256072998047","547.625610351563","0","547.625610351563","289.596008300781","368.367980957031","0","0.0141542525961995","0.238357365131378","0","0","1212.71875","0","9.1106014251709","0.0554774180054665","0","9","220","77","396","300","300","-1","0","221","0","99","0","3.53345537185669","0.516666650772095","0.0555810704827309","86","304","20460.0000128964","1023","20.0000000126065","3.40436844012303","-0.129086931733661","10"
"Bettsy_TowIn","60","2","11","0","0","0","0","-0.634664833545685","0","156.934753417969","11.8939647674561","1050.57690429688","0","354.326934814453","0","0","0","400.353179931641","552.03369140625","0","552.03369140625","279.387329101563","364.100463867188","0","0.0136552946642041","0.221008434891701","0","0","1217.09497070313","0","8.31292724609375","0.0633684545755386","0","9","226","80","396","303","303","-1","0","227","0","102","0","3.82202363014221","0.533333301544189","0.0555810704827309","86","306","20460.0000199151","1023","20.0000000194673","3.54235068243908","-0.279672947703129","10"
"Bettsy_TowIn","60","3","0","0","0","0","0","-0.414853364229202","0","3.41744160652161","324.737243652344","0","0","512.679870605469","0","0","0","53.6881675720215","106.296897888184","0","106.296897888184","71.6699981689453","506.608428955078","0","0.0035029323771596","0.00570688582956791","0","0","327.532104492188","0","0.102553248405457","0.145453900098801","0","9","105","1","400","244","244","-1","0","106","0","43","0","25.2346382141113","0.216666668653488","0.0741080939769745","25","374","20460.0004945171","1023","20.0000004833989","37.865362236077","12.6307240219657","10"
"Bettsy_TowIn","60","3","1","0","0","0","0","-1.213210105896","0","4.1357798576355","238.523941040039","0","0","509.359344482422","0","0","0","65.7144241333008","119.366081237793","0","119.366081237793","76.5903854370117","506.662719726563","0","0.00374342012219131","0.00784407369792461","0","0","242.186370849609","0","0.151095867156982","0.100169472396374","0","9","112","4","400","247","247","-1","0","113","0","46","0","18.9511032104492","0.233333334326744","0.0741080939769745","30","374","20460.0026010913","1023","20.0000025426112","28.5045867166213","9.55348350617207","10"
"Bettsy_TowIn","60","3","2","0","0","0","0","-2.11071252822876","0","3.73225903511047","350.601135253906","0","0","511.922454833984","0","0","0","48.7443923950195","132.549453735352","0","132.549453735352","75.9777755737305","506.486358642578","0","0.00371347903274","0.006461042445153","0","0","353.696411132813","0","0.118019007146358","0.138081207871437","0","9","118","7","400","250","250","-1","0","119","0","49","0","22.9796981811523","0.25","0.0741080939769745","30","375","20459.9985361086","1023","19.9999985690212","35.0820701511315","12.1023719699792","10"
"Bettsy_TowIn","60","3","3","0","0","0","0","-1.48387253284454","0","20.9076633453369","132.20817565918","143.28630065918","0","489.840515136719","0","0","0","150.223693847656","195.974548339844","0","195.974548339844","112.403411865234","484.72607421875","0","0.00549381319433451","0.0294400174170732","0","0","295.605438232422","0","0.764162838459015","0.0251872092485428","0","9","137","16","398","259","259","-1","0","138","0","58","0","8.33291625976563","0.300000011920929","0.0741080939769745","49","366","20459.9988913257","1023","19.9999989162519","10.7550351079052","2.42211884813956","10"
"Bettsy_TowIn","60","3","4","0","0","0","0","-1.25780045986176","0","25.8484039306641","113.855140686035","221.564910888672","0","494.700469970703","0","0","0","144.965576171875","245.088165283203","0","245.088165283203","114.154579162598","498.879211425781","0","0.00557940267026424","0.0355293452739716","0","0","360.705810546875","0","0.988698124885559","0.0278726723045111","0","9","158","26","399","269","269","-1","0","159","0","68","0","7.4676251411438","0.349999994039536","0.0741080939769745","57","362","20460.0000948114","1023","20.0000000926798","9.03492303792768","1.56729789678388","10"
"Bettsy_TowIn","60","3","5","0","0","0","0","-0.908249735832214","0","45.903865814209","26.3015422821045","860.591430664063","0","501.392333984375","0","0","0","193.806121826172","318.572387695313","0","318.572387695313","94.4505615234375","531.728088378906","0","0.00461635226383805","0.0617412813007832","0","0","927.233337402344","0","2.01275706291199","0.0542125925421715","0","9","178","36","398","279","279","-1","0","179","0","78","0","8.54066944122314","0.400000005960464","0.0741080939769745","64","339","20459.9987447472","1023","19.9999987729689","4.28796699964182","-4.25270244158132","10"
"Bettsy_TowIn","60","3","6","0","0","0","0","-0.704935252666473","0","41.7140350341797","42.3436164855957","1003.39117431641","0","433.502105712891","0","0","0","154.146438598633","366.2861328125","0","366.2861328125","129.310409545898","390.606353759766","0","0.00632015615701675","0.0564616993069649","0","0","1083.98132324219","0","1.88528597354889","0.0991244465112686","0","9","197","45","398","288","288","-1","0","198","0","87","0","11.4165687561035","0.449999988079071","0.0741080939769745","64","334","20460.0023058506","1023","20.0000022540084","6.42698978004856","-4.98957897605496","10"
"Bettsy_TowIn","60","3","7","0","0","0","0","-0.529938936233521","0","43.9367256164551","34.363151550293","1028.45971679688","0","403.441314697266","0","0","0","142.133712768555","419.205902099609","0","419.205902099609","143.182876586914","332.602020263672","0","0.00699818599969149","0.0595832914113998","0","0","1102.06030273438","0","2.02158713340759","0.109974712133408","0","9","217","55","397","298","298","-1","0","218","0","97","0","11.5328454971313","0.5","0.0741080939769745","69","337","20459.9987187003","1023","19.9999987475076","6.74508193742916","-4.78776355970219","10"
"Bettsy_TowIn","60","3","8","0","0","0","0","-0.412831455469131","0","54.5164451599121","26.0151405334473","1295.08435058594","0","366.684906005859","0","0","0","153.040908813477","484.887725830078","0","484.887725830078","160.154907226563","270.036163330078","0","0.0078277075663209","0.0742076635360718","0","0","1369.943359375","0","2.5899806022644","0.120702601969242","0","9","236","65","398","308","308","-1","0","237","0","107","0","10.7791690826416","0.550000011920929","0.0741080939769745","73","334","20460.0013311224","1023","20.0000013011949","6.05504244261854","-4.72412664002306","10"
"Bettsy_TowIn","60","3","9","0","0","0","0","-0.355130314826965","0","37.1074676513672","47.8777503967285","1033.2890625","0","420.843566894531","0","0","0","101.441429138184","495.317321777344","0","495.317321777344","127.626502990723","356.751678466797","0","0.0062378547154367","0.0502456948161125","0","0","1115.21008300781","0","1.67557561397552","0.142942935228348","0","9","244","69","398","312","312","-1","0","245","0","111","0","13.3353204727173","0.566666662693024","0.0741080939769745","70","346","20459.9992806642","1023","19.999999296837","7.13150128083937","-6.20381919187791","10"
"Bettsy_TowIn","60","3","10","0","0","0","0","-0.334628582000732","0","38.6397285461426","48.5304870605469","1011.76135253906","0","428.374389648438","0","0","0","101.906913757324","511.986358642578","0","511.986358642578","127.699966430664","372.942962646484","0","0.00624144542962313","0.05217494815588","0","0","1096.10083007813","0","1.74540686607361","0.143909797072411","0","9","250","72","398","315","315","-1","0","251","0","114","0","13.1924266815186","0.583333313465118","0.0741080939769745","72","347","20459.9988689439","1023","19.9999988943733","6.87047964945342","-6.32194703206514","10"
"Bettsy_TowIn","75","0","0","0","0","0","0","-0.31097075343132","0","11.4620428085327","76.9617538452148","0","0","510.082855224609","0","0","0","556.882568359375","29.4447040557861","0","29.4447040557861","94.3233337402344","503.661468505859","0","0.00461013335734606","0.0163972415030003","0","0","87.9632034301758","0","0.442103177309036","0.173951342701912","0","9","26","5","399","212","212","-1","0","27","1","11","0","15.8114967346191","0.0500000007450581","0.0185270234942436","20","388","20460.0011385645","1023","20.0000011129662","16.3290294324976","0.517532697878494","10"
"Bettsy_TowIn","75","0","1","0","0","0","0","-0.136954858899117","0","39.7288970947266","37.2779884338379","0","0","490.172760009766","0","0","0","578.567321777344","96.3201675415039","0","96.3201675415039","168.894500732422","498.600799560547","0","0.00825486332178116","0.0557277016341686","0","0","76.5850143432617","0","1.68063843250275","0.1059315726161","0","9","43","12","398","219","219","-1","0","44","2","18","0","8.40507793426514","0.100000001490116","0.0185270234942436","35","376","20459.9996570239","1023","19.999999664735","8.51848854789729","0.11341061363215","10"
"Bettsy_TowIn","75","0","2","0","0","0","0","-0.0835784375667572","0","51.1016006469727","32.1452941894531","0","0","484.192535400391","0","0","0","546.797424316406","131.989349365234","0","131.989349365234","190.651290893555","497.232452392578","0","0.00931824371218681","0.0721714273095131","0","0","82.8346252441406","0","2.18936586380005","0.102816633880138","0","9","49","15","398","222","222","-1","0","50","3","21","0","7.4886269569397","0.116666667163372","0.0185270234942436","43","375","20460.0026337809","1023","20.0000025745659","7.41831743042235","-0.0703095265173426","10"
"Bettsy_TowIn","75","1","0","0","0","0","0","-1.52692210674286","0","4.84535932540894","118.444213867188","0","0","509.857574462891","0","0","0","293.625518798828","23.3157062530518","0","23.3157062530518","69.020622253418","506.127166748047","0","0.00337344175204635","0.00684608658775687","0","0","122.881080627441","0","0.161695659160614","0.115985110402107","0","9","33","1","400","215","215","-1","0","34","0","14","0","21.9501171112061","0.0666666701436043","0.0370540469884872","14","387","20460.0011876742","1023","20.0000011609718","29.5218064757064","7.57168936450039","10"
"Bettsy_TowIn","75","1","1","0","0","0","0","-1.67842304706573","0","11.0200052261353","75.7994689941406","0","0","505.040405273438","0","0","0","2133.775390625","7.30290508270264","0","7.30290508270264","93.7157897949219","503.857147216797","0","0.00458043906837702","0.0155827589333057","0","0","86.379524230957","0","0.396090716123581","0.0911345556378365","0","9","38","3","400","217","217","-1","0","39","0","16","0","14.9927778244019","0.0833333358168602","0.0370540469884872","20","380","20460.0014094562","1023","20.0000013777675","17.0941508375494","2.10137301314751","10"
"Bettsy_TowIn","75","1","2","0","0","0","0","-1.80221521854401","0","16.5974922180176","59.7110404968262","0","0","501.207183837891","0","0","0","4982.72119140625","4.72569274902344","0","4.72569274902344","113.017242431641","502.488586425781","0","0.00552381435409188","0.0235468111932278","0","0","75.8760833740234","0","0.608883142471313","0.0657335519790649","0","9","45","6","399","220","220","-1","0","46","0","19","0","11.6741380691528","0.100000001490116","0.0370540469884872","23","371","20460.0001352183","1023","20.0000001321782","13.5673766582935","1.89323858914063","10"
"Bettsy_TowIn","75","1","3","0","0","0","0","-0.839088499546051","0","51.5402145385742","32.6489105224609","112.811172485352","0","476.05322265625","0","0","0","1175.56652832031","61.2393608093262","0","61.2393608093262","184.387359619141","485.3125","0","0.00901209004223347","0.0719909444451332","0","0","196.318313598633","0","2.20947742462158","0.0493449978530407","0","9","64","15","398","229","229","-1","0","65","1","28","0","6.88256931304932","0.150000005960464","0.0370540469884872","40","357","20459.9997065102","1023","19.9999997131087","7.19136230564447","0.308792992595156","10"
"Bettsy_TowIn","75","1","4","0","0","0","0","-0.406760632991791","0","94.5049743652344","20.7772235870361","338.610015869141","0","448.046447753906","0","0","0","1187.37219238281","111.208503723145","0","111.208503723145","232.913665771484","476.176788330078","0","0.011383855715394","0.132045894861221","0","0","452.783966064453","0","4.51220083236694","0.0333965457975864","0","9","85","25","398","239","239","-1","0","86","1","38","0","5.28448629379272","0.200000002980232","0.0370540469884872","54","338","20459.9980529025","1023","19.9999980966789","4.94568658349712","-0.338799710295602","10"
"Bettsy_TowIn","75","1","5","0","0","0","0","-0.568176209926605","0","122.221397399902","14.1753664016724","521.944213867188","0","438.171630859375","0","0","0","1255.32470703125","136.184097290039","0","136.184097290039","235.337921142578","491.091552734375","0","0.0115023422986269","0.170955255627632","0","0","656.524475097656","0","6.22438812255859","0.0214180331677198","0","9","104","34","398","248","248","-1","0","105","1","47","0","4.66451740264893","0.25","0.0370540469884872","63","325","20459.9998011424","1023","19.9999998056133","3.85793286030709","-0.806584542341835","10"
"Bettsy_TowIn","75","1","6","0","0","0","0","-0.574280083179474","0","171.203903198242","12.4637298583984","566.975463867188","0","389.598724365234","0","0","0","1337.29223632813","181.896362304688","0","181.896362304688","288.090209960938","457.575653076172","0","0.0140806566923857","0.243248581886292","0","0","749.552612304688","0","9.38536357879639","0.00639756442978978","0","9","124","44","397","258","258","-1","0","125","1","57","0","3.80699253082275","0.300000011920929","0.0370540469884872","74","307","20459.9981559615","1023","19.9999981974208","3.31847110766533","-0.488521423157427","10"
"Bettsy_TowIn","75","1","7","0","0","0","0","-0.65281069278717","0","242.852630615234","8.73856735229492","757.238525390625","0","338.535919189453","0","0","0","1522.79675292969","229.48844909668","0","229.48844909668","331.151733398438","445.820129394531","0","0.0161853227764368","0.349464267492294","0","0","1007.96252441406","0","13.889687538147","0.0125406533479691","0","9","144","54","398","268","268","-1","0","145","0","67","0","3.22572898864746","0.349999994039536","0.0370540469884872","83","285","20460.0018159996","1023","20.0000017751707","2.6545848419682","-0.571144146679261","10"
"Bettsy_TowIn","75","1","8","0","0","0","0","-0.671453356742859","0","264.475524902344","7.86097526550293","629.916381835938","0","324.022491455078","0","0","0","1489.57055664063","257.584808349609","0","257.584808349609","349.902099609375","443.025238037109","0","0.0171017646789551","0.383690774440765","0","0","901.57275390625","0","15.2011260986328","0.0210539866238832","0","9","164","64","397","278","278","-1","0","165","0","77","0","2.95347714424133","0.400000005960464","0.0370540469884872","87","283","20459.999665412","1023","19.9999996729345","2.55461898905298","-0.398858155188357","10"
"Bettsy_TowIn","75","2","0","0","0","0","0","-2.08622789382935","0","3.01552534103394","138.528900146484","0","0","508.010986328125","0","0","0","126.91478729248","41.3972091674805","0","41.3972091674805","62.8640975952148","507.244995117188","0","0.0030725363176316","0.00525391800329089","0","0","141.212219238281","0","0.102216169238091","0.0408260673284531","0","9","53","1","400","224","224","-1","0","54","0","23","0","24.3393726348877","0.116666674613953","0.0555810704827309","14","381","20460.0014764585","1023","20.0000014432634","35.7894681501905","11.4500955153028","10"
"Bettsy_TowIn","75","2","1","0","0","0","0","-2.69572615623474","0","5.92478656768799","97.6474304199219","0","0","506.275115966797","0","0","0","308.13916015625","31.6617565155029","0","31.6617565155029","78.8429641723633","505.939239501953","0","0.00385351711884141","0.00975622702389956","0","0","103.210350036621","0","0.207771986722946","0.0397325977683067","0","9","60","4","400","227","227","-1","0","61","0","26","0","17.121280670166","0.133333340287209","0.0555810704827309","19","376","20460.0010174778","1023","20.0000009946019","23.2647430452061","6.14346237504006","10"
"Bettsy_TowIn","75","2","2","0","0","0","0","-1.72098696231842","0","4.38895606994629","120.46369934082","0","0","506.89013671875","0","0","0","218.52458190918","36.1314239501953","0","36.1314239501953","72.698974609375","506.650543212891","0","0.00355322472751141","0.00789560377597809","0","0","124.504623413086","0","0.159537613391876","0.0262703169137239","0","9","66","7","399","230","230","-1","0","67","0","29","0","18.6942138671875","0.150000005960464","0.0555810704827309","19","376","20459.9990669016","1023","19.9999990878803","26.745331789965","8.05111792277748","10"
"Bettsy_TowIn","75","2","3","0","0","0","0","-1.92159819602966","0","38.2381172180176","46.5558242797852","159.071105957031","0","479.296508789063","0","0","0","1857.80615234375","28.0515117645264","0","28.0515117645264","154.66748046875","478.628692626953","0","0.00755950482562184","0.0521142743527889","0","0","242.983123779297","0","1.52094185352325","0.0326056517660618","0","9","87","17","399","240","240","-1","0","88","0","39","0","6.92571210861206","0.200000002980232","0.0555810704827309","42","355","20460.0015525524","1023","20.0000015176465","8.3405410511475","1.41482894253544","10"
"Bettsy_TowIn","75","2","4","0","0","0","0","-1.49965918064117","0","72.7192916870117","20.0876178741455","400.489532470703","0","481.929870605469","0","0","0","1345.49291992188","74.0638198852539","0","74.0638198852539","173.332290649414","519.971435546875","0","0.00847176555544138","0.0996523499488831","0","0","490.570434570313","0","3.31047344207764","0.0270159933716059","0","9","106","26","399","249","249","-1","0","107","0","48","0","5.4430365562439","0.25","0.0555810704827309","56","343","20459.996150163","1023","19.9999962367185","4.87678438062028","-0.56625217562362","10"
"Bettsy_TowIn","75","2","5","0","0","0","0","-1.44275784492493","0","90.2535781860352","9.72296714782715","664.3203125","0","475.588012695313","0","0","0","1264.36950683594","96.9211730957031","0","96.9211730957031","159.011093139648","528.196228027344","0","0.00777180399745703","0.122544176876545","0","0","760.831909179688","0","4.33872079849243","0.0130869504064322","0","9","126","36","398","259","259","-1","0","127","0","58","0","5.14338493347168","0.300000011920929","0.0555810704827309","62","324","20459.9978578561","1023","19.9999979060177","3.63616313694687","-1.50722179652481","10"
"Bettsy_TowIn","75","2","6","0","0","0","0","-1.2685022354126","0","141.865600585938","15.5032939910889","965.727722167969","0","385.572174072266","0","0","0","1398.4423828125","141.329605102539","0","141.329605102539","257.066955566406","409.905181884766","0","0.0125643666833639","0.197641298174858","0","0","1121.38745117188","0","7.42056465148926","0.0226182341575623","0","9","146","46","399","269","269","-1","0","147","0","68","0","4.44335031509399","0.349999994039536","0.0555810704827309","60","285","20460.0010525624","1023","20.0000010288978","3.64483999849157","-0.798510316602422","10"
"Bettsy_TowIn","75","2","7","0","0","0","0","-1.07433032989502","0","182.338592529297","11.9512643814087","993.312377929688","0","357.040954589844","0","0","0","1362.48071289063","187.867874145508","0","187.867874145508","294.085083007813","399.607696533203","0","0.0143736591562629","0.255966365337372","0","0","1186.16979980469","0","9.75834560394287","0.0315118320286274","0","9","166","56","398","279","279","-1","0","167","0","78","0","3.69576239585876","0.400000005960464","0.0555810704827309","68","283","20460.0011598072","1023","20.0000011337314","3.21910839083452","-0.476654005024248","10"
"Bettsy_TowIn","75","3","0","0","0","0","0","-0.862747669219971","0","3.56433963775635","334.422180175781","0","0","507.367736816406","0","0","0","217.047180175781","26.2932968139648","0","26.2932968139648","72.2148590087891","506.458038330078","0","0.00352956284768879","0.00570688582956791","0","0","337.341369628906","0","0.101903364062309","0.0259157419204712","0","9","95","1","400","244","244","-1","0","96","0","43","0","24.1785316467285","0.216666668653488","0.0741080939769745","25","374","20460.0008910668","1023","20.0000008710331","38.2048124140203","14.0262807672918","10"
"Bettsy_TowIn","75","3","1","0","0","0","0","-1.89680969715118","0","3.98811364173889","342.516571044922","0","0","507.043670654297","0","0","0","311.610229492188","21.7814064025879","0","21.7814064025879","77.3805541992188","506.347381591797","0","0.00378204067237675","0.00678730895742774","0","0","345.855346679688","0","0.12496492266655","0.0229045953601599","0","9","101","4","400","247","247","-1","0","102","0","46","0","21.1242408752441","0.233333334326744","0.0741080939769745","28","373","20460.0005400234","1023","20.0000005278821","33.8639253666528","12.7396844914087","10"
"Bettsy_TowIn","75","3","2","0","0","0","0","-2.90051531791687","0","3.7970724105835","361.448181152344","0","0","507.254516601563","0","0","0","365.115325927734","16.9530620574951","0","16.9530620574951","75.3873596191406","506.356201171875","0","0.00368462153710425","0.00618982268497348","0","0","364.583801269531","0","0.111197881400585","0.0281706172972918","0","9","108","7","400","250","250","-1","0","109","0","49","0","22.5384769439697","0.25","0.0741080939769745","30","376","20460.0008060496","1023","20.0000007879273","36.5319482081565","13.9934712641868","10"
"Bettsy_TowIn","75","3","3","0","0","0","0","-1.97277438640594","0","25.7162399291992","116.272994995117","159.709045410156","0","489.640014648438","0","0","0","1148.921875","31.0750255584717","0","31.0750255584717","119.55884552002","488.5595703125","0","0.00584354065358639","0.0357027761638165","0","0","301.046569824219","0","0.967679977416992","0.0181365441530943","0","9","128","17","399","260","260","-1","0","129","0","59","0","6.71140909194946","0.300000011920929","0.0741080939769745","52","365","20460.0006413307","1023","20.0000006269117","9.42009010034713","2.70868100839767","10"
"Bettsy_TowIn","75","3","4","0","0","0","0","-1.62853038311005","0","41.7570762634277","67.7475891113281","446.731689453125","0","498.755676269531","0","0","0","895.233520507813","63.0632553100586","0","63.0632553100586","118.163688659668","521.847412109375","0","0.00577535154297948","0.0564563423395157","0","0","554.122924804688","0","1.71412789821625","0.0131728257983923","0","9","148","27","400","270","270","-1","0","149","0","69","0","5.92556667327881","0.349999994039536","0.0741080939769745","63","356","20459.9993230382","1023","19.9999993382583","5.87149544554899","-0.0540712277298159","10"
"Bettsy_TowIn","75","3","5","0","0","0","0","-1.46225214004517","0","29.6942863464355","109.407661437988","534.227355957031","0","523.0703125","0","0","0","613.404602050781","66.4622573852539","0","66.4622573852539","78.9797973632813","559.866088867188","0","0.00386020494624972","0.0407682545483112","0","0","670.138977050781","0","1.18179786205292","0.00492503121495247","0","9","168","37","399","280","280","-1","0","169","0","79","0","6.52746534347534","0.400000005960464","0.0741080939769745","67","364","20460.0010784432","1023","20.0000010541967","5.43327852544478","-1.09418681803056","10"
"Bettsy_TowIn","75","3","6","0","0","0","0","-1.01161277294159","0","42.5310897827148","42.3757553100586","1009.74688720703","0","427.888702392578","0","0","0","518.173522949219","112.175880432129","0","112.175880432129","128.855941772461","383.976928710938","0","0.00629794364795089","0.0581265687942505","0","0","1090.94567871094","0","1.93375492095947","0.0384162738919258","0","9","188","47","400","290","290","-1","0","189","0","89","0","10.9330053329468","0.449999988079071","0.0741080939769745","67","336","20460.0023397138","1023","20.0000022871103","6.22013928501021","-4.71286604793657","10"
"Bettsy_TowIn","75","3","7","0","0","0","0","-0.683972239494324","0","58.815185546875","25.6859340667725","1302.85168457031","0","368.249633789063","0","0","0","506.232025146484","160.481399536133","0","160.481399536133","163.267150878906","281.745452880859","0","0.00797982141375542","0.0812408179044724","0","0","1381.96655273438","0","2.81634426116943","0.0594120696187019","0","9","208","57","399","300","300","-1","0","209","0","99","0","10.5160255432129","0.5","0.0741080939769745","68","325","20460.0005956863","1023","20.0000005822936","5.63692576302847","-4.87909978018442","10"
"Bettsy_TowIn","75","3","8","0","0","0","0","-0.421173751354218","0","46.2548942565918","31.0114269256592","1416.89575195313","0","363.560394287109","0","0","0","358.068115234375","175.836395263672","0","175.836395263672","139.764892578125","258.018249511719","0","0.00683112908154726","0.0629614070057869","0","0","1487.75256347656","0","2.14179635047913","0.0761836320161819","0","9","227","66","399","309","309","-1","0","228","0","108","0","13.5350704193115","0.550000011920929","0.0741080939769745","69","337","20459.9987658948","1023","19.9999987936411","6.22868634613283","-7.30638407317869","10"
"Bettsy_TowIn","75","3","9","0","0","0","0","-0.320326894521713","0","44.2386283874512","43.2546997070313","1141.22180175781","0","414.474670410156","0","0","0","324.151916503906","187.122177124023","0","187.122177124023","137.219696044922","357.788787841797","0","0.00670672999694943","0.0606560111045837","0","0","1226.05505371094","0","2.0438084602356","0.0728784129023552","0","9","235","70","399","313","313","-1","0","236","0","112","0","12.0926990509033","0.566666662693024","0.0741080939769745","70","340","20460.0000458251","1023","20.0000000447948","6.34816957924081","-5.74452947166251","10"
"Bettsy_TowIn","90","0","0","0","0","0","0","-1.53173303604126","0","3.6954357624054","176.634567260742","0","0","546.333557128906","0","0","0","204.508850097656","24.813533782959","0","24.813533782959","61.9572486877441","506.460083007813","0","0.00302821304649115","0.0050745876505971","0","0","179.804992675781","0","0.120279878377914","0.381705671548843","0","9","19","3","400","210","210","-1","0","20","0","9","0","28.8117904663086","0.0333333350718021","0.0185270234942436","13","393","20460.0032218788","1023","20.0000031494416","36.6368264973894","7.82503603108078","10"
"Bettsy_TowIn","90","0","1","0","0","0","0","-0.777107119560242","0","13.2070150375366","72.8964080810547","0","0","518.907165527344","0","0","0","857.223327636719","22.0381603240967","0","22.0381603240967","101.598220825195","503.255828857422","0","0.00496570020914078","0.0188916251063347","0","0","85.6347351074219","0","0.525413036346436","0.26090207695961","0","9","25","6","400","213","213","-1","0","26","2","12","0","13.916916847229","0.0500000007450581","0.0185270234942436","22","388","20459.9989017007","1023","19.9999989263937","15.239353374119","1.32243652688995","10"
"Bettsy_TowIn","90","1","0","0","0","0","0","-2.20057106018066","0","6.07031011581421","109.768180847168","0","0","517.265075683594","0","0","0","158.634063720703","53.9047813415527","0","53.9047813415527","74.0687561035156","505.525726318359","0","0.00362017378211021","0.00855113472789526","0","0","115.392601013184","0","0.213228166103363","0.212646707892418","0","9","29","1","400","215","215","-1","0","30","0","14","0","19.7533073425293","0.0666666701436043","0.0370540469884872","16","386","20460.0001440651","1023","20.0000001408261","25.0466454711394","5.2933381286101","10"
"Bettsy_TowIn","90","1","1","0","0","0","0","-2.14426636695862","0","14.7707786560059","65.4990768432617","0","0","506.751312255859","0","0","0","525.162231445313","39.8941764831543","0","39.8941764831543","106.510147094727","502.861328125","0","0.00520577467978001","0.0209509134292603","0","0","79.8216247558594","0","0.556701183319092","0.152958020567894","0","9","33","3","400","217","217","-1","0","34","0","16","0","12.2286891937256","0.0833333358168602","0.0370540469884872","22","378","20459.9994518448","1023","19.9999994641689","14.3872779785669","2.15858878484132","10"
"Bettsy_TowIn","90","1","2","0","0","0","0","-2.5318489074707","0","14.3115758895874","65.0532760620117","0","0","505.146789550781","0","0","0","331.367950439453","61.7966461181641","0","61.7966461181641","106.219985961914","503.037963867188","0","0.00519159249961376","0.0204774271696806","0","0","78.9295120239258","0","0.529028713703156","0.125073164701462","0","9","39","6","399","220","220","-1","0","40","0","19","0","11.8066501617432","0.100000001490116","0.0370540469884872","22","373","20460.0006587221","1023","20.0000006439121","14.6863541118911","2.87970395014795","10"
"Bettsy_TowIn","90","1","3","0","0","0","0","-1.30219554901123","0","51.7345809936523","31.5375022888184","139.17903137207","0","473.217010498047","0","0","0","3596.2255859375","20.3602886199951","0","20.3602886199951","185.490463256836","478.525604248047","0","0.00906600523740053","0.0732201933860779","0","0","221.561019897461","0","2.2499692440033","0.0807788372039795","0","9","59","16","399","230","230","-1","0","60","1","29","0","6.25490808486938","0.150000005960464","0.0370540469884872","41","357","20459.9995697798","1023","19.9999995794524","7.11252370251901","0.857615617649626","10"
"Bettsy_TowIn","90","1","4","0","0","0","0","-1.12110888957977","0","83.3200225830078","21.6199722290039","320.960510253906","0","461.094757080078","0","0","0","7760.92236328125","15.1754856109619","0","15.1754856109619","214.421768188477","489.054290771484","0","0.0104800462722778","0.117775768041611","0","0","424.443450927734","0","3.90773940086365","0.0586659014225006","0","9","79","26","399","240","240","-1","0","80","1","39","0","4.88780069351196","0.200000002980232","0.0370540469884872","54","343","20460.0020474788","1023","20.0000020014455","5.1051051330587","0.217304439546733","10"
"Bettsy_TowIn","90","1","5","0","0","0","0","-0.979108691215515","0","141.944000244141","13.678936958313","247.978363037109","0","412.213562011719","0","0","0","11412.5234375","17.9092922210693","0","17.9092922210693","258.306671142578","466.1103515625","0","0.0126249603927135","0.204390212893486","0","0","402.764434814453","0","7.57941675186157","0.0335306227207184","0","9","99","36","400","250","250","-1","0","100","1","49","0","3.65646529197693","0.25","0.0370540469884872","66","315","20459.9985352555","1023","19.9999985681872","3.54135208057949","-0.115113211397437","10"
"Bettsy_TowIn","90","1","6","0","0","0","0","-1.01012170314789","0","186.181701660156","11.0230798721313","631.220642089844","0","380.60595703125","0","0","0","14102.908203125","19.07102394104","0","19.07102394104","282.925872802734","460.649658203125","0","0.0138282431289554","0.268956899642944","0","0","827.344909667969","0","10.4395399093628","0.0173766911029816","0","9","119","46","399","260","260","-1","0","120","1","59","0","3.19993138313293","0.300000011920929","0.0370540469884872","76","300","20460.0013294753","1023","20.0000012995848","2.94712443104539","-0.252806952087547","10"
"Bettsy_TowIn","90","1","7","0","0","0","0","-1.01697051525116","0","213.105529785156","8.86435890197754","573.880126953125","0","368.332550048828","0","0","0","26940.166015625","11.4817943572998","0","11.4817943572998","287.237213134766","470.637725830078","0","0.0140389641746879","0.309321463108063","0","0","794.838134765625","0","12.1546258926392","0.0033350505400449","0","9","139","56","400","270","270","-1","0","140","1","69","0","2.94593048095703","0.349999994039536","0.0370540469884872","83","293","20460.000435976","1023","20.000000426174","2.60133857374799","-0.344591907209046","10"
"Bettsy_TowIn","90","1","8","0","0","0","0","-1.02275550365448","0","214.226837158203","8.71805763244629","709.722045898438","0","365.661590576172","0","0","0","45078.23828125","6.90923452377319","0","6.90923452377319","289.218902587891","466.637847900391","0","0.0141358217224479","0.311456114053726","0","0","931.248352050781","0","12.221287727356","0.000201774935703725","0","9","147","60","400","274","274","-1","0","148","0","73","0","3.01619434356689","0.366666674613953","0.0370540469884872","82","289","20459.9993029487","1023","19.9999993186204","2.60133351580478","-0.414860827762112","10"
"Bettsy_TowIn","90","1","9","0","0","0","0","-1.01130592823029","0","205.896942138672","4.36025905609131","616.030517578125","0","378.385192871094","0","0","0","38723.71484375","7.72828197479248","0","7.72828197479248","259.190673828125","482.632263183594","0","0.0126681681722403","0.299267768859863","0","0","824.779968261719","0","11.7507858276367","0.00495344866067171","0","9","153","63","400","277","277","-1","0","154","1","76","0","2.86555051803589","0.38333335518837","0.0370540469884872","91","302","20459.996291815","1023","19.9999963751858","2.42608641084062","-0.439464107195268","10"
"Bettsy_TowIn","90","2","0","0","0","0","0","-2.48039650917053","0","2.93658590316772","144.055648803711","0","0","513.462219238281","0","0","0","46.5898513793945","112.769584655762","0","112.769584655762","62.5086364746094","507.288299560547","0","0.00305516296066344","0.00525391800329089","0","0","146.654296875","0","0.101665169000626","0.15105764567852","0","9","47","1","400","224","224","-1","0","48","0","23","0","24.2557506561279","0.116666674613953","0.0555810704827309","14","381","20460.0007526392","1023","20.0000007357177","35.5562417459279","11.3004910898","10"
"Bettsy_TowIn","90","2","1","0","0","0","0","-3.24544095993042","0","5.84332752227783","99.3681411743164","0","0","509.420135498047","0","0","0","92.1261520385742","105.900726318359","0","105.900726318359","78.3283843994141","505.958557128906","0","0.00382836721837521","0.00975622702389956","0","0","104.844451904297","0","0.206942707300186","0.117737419903278","0","9","53","4","400","227","227","-1","0","54","0","26","0","16.729808807373","0.133333340287209","0.0555810704827309","19","376","20459.9976782419","1023","19.9999977304417","23.104070138244","6.37426133087095","10"
"Bettsy_TowIn","90","2","2","0","0","0","0","-3.21523332595825","0","4.27363634109497","121.394027709961","0","0","509.898223876953","0","0","0","66.8572616577148","118.096420288086","0","118.096420288086","72.1394882202148","506.70654296875","0","0.0035258790012449","0.00789560377597809","0","0","125.320419311523","0","0.158090949058533","0.111042313277721","0","9","59","7","399","230","230","-1","0","60","0","29","0","18.4349346160889","0.150000005960464","0.0555810704827309","19","376","20460.0010932718","1023","20.0000010686919","26.5233396493917","8.08840503330286","10"
"Bettsy_TowIn","90","2","3","0","0","0","0","-2.59826183319092","0","36.5405769348145","48.688419342041","175.115997314453","0","482.684875488281","0","0","0","539.626708984375","94.2047500610352","0","94.2047500610352","149.208740234375","483.125152587891","0","0.00729270465672016","0.0508354045450687","0","0","259.47509765625","0","1.47343564033508","0.0616897940635681","0","9","79","17","399","240","240","-1","0","80","0","39","0","6.42797374725342","0.200000002980232","0.0555810704827309","41","353","20460.0004055944","1023","20.0000003964755","8.24794995835637","1.81997621110295","10"
"Bettsy_TowIn","90","2","4","0","0","0","0","-2.33240675926208","0","49.7551078796387","30.1457977294922","401.234039306641","0","489.752990722656","0","0","0","724.826843261719","94.3930130004883","0","94.3930130004883","139.756866455078","510.499145507813","0","0.00683073606342077","0.0684185922145844","0","0","478.16943359375","0","2.11123490333557","0.0534709505736828","0","9","99","27","400","250","250","-1","0","100","0","49","0","5.5858678817749","0.25","0.0555810704827309","52","350","20460.0009658533","1023","20.0000009441381","5.72980897804415","0.143941096269245","10"
"Bettsy_TowIn","90","2","5","0","0","0","0","-2.04377412796021","0","76.0881118774414","1.53838241100311","561.389892578125","0","484.695465087891","0","0","0","1138.28833007813","91.5322952270508","0","91.5322952270508","137.158782958984","529.750061035156","0","0.00670375442132354","0.104190148413181","0","0","634.822387695313","0","3.54374265670776","0.0402791984379292","0","9","119","37","399","260","260","-1","0","120","0","59","0","4.61244869232178","0.300000011920929","0.0555810704827309","63","336","20459.9951517772","1023","19.9999952607793","3.68904709696149","-0.923401595360284","10"
"Bettsy_TowIn","90","2","6","0","0","0","0","-1.69241333007813","0","132.122695922852","16.53564453125","893.14599609375","0","400.105743408203","0","0","0","2435.11596679688","76.8671875","0","76.8671875","223.958557128906","431.089721679688","0","0.0109461657702923","0.187180519104004","0","0","1039.79516601563","0","7.01805400848389","0.00167180690914392","0","9","139","47","400","270","270","-1","0","140","0","69","0","4.39915895462036","0.349999994039536","0.0555810704827309","60","287","20460.000499602","1023","20.0000004883695","3.3525237222021","-1.04663523241826","10"
"Bettsy_TowIn","90","2","7","0","0","0","0","-1.53038859367371","0","161.837280273438","14.5789394378662","597.341857910156","0","395.046539306641","0","0","0","3913.8349609375","58.6430244445801","0","58.6430244445801","261.731384277344","454.481750488281","0","0.0127923469990492","0.229519128799438","0","0","772.467468261719","0","8.68822383880615","0.00571048120036721","0","9","147","51","400","274","274","-1","0","148","0","73","0","3.61230444908142","0.366666674613953","0.0555810704827309","66","285","20459.9972387239","1023","19.9999973008053","3.19506062442844","-0.417243824652976","10"
"Bettsy_TowIn","90","3","0","0","0","0","0","-1.23536026477814","0","3.4274206161499","340.319183349609","0","0","509.056488037109","0","0","0","35.0432395935059","155.650161743164","0","155.650161743164","70.5732574462891","506.49072265625","0","0.00344932870939374","0.00545448623597622","0","0","343.086242675781","0","0.0951860845088959","0.0835363492369652","0","9","87","1","400","244","244","-1","0","88","0","43","0","24.4549617767334","0.216666668653488","0.0741080939769745","25","375","20459.9976958105","1023","19.9999977476154","39.2262172403623","14.7712554636289","10"
"Bettsy_TowIn","90","3","1","0","0","0","0","-2.39434814453125","0","3.97799801826477","339.3154296875","0","0","508.195373535156","0","0","0","42.4928817749023","159.728134155273","0","159.728134155273","77.2328033447266","506.359832763672","0","0.00377481919713318","0.00678730895742774","0","0","342.649108886719","0","0.125614330172539","0.0711259916424751","0","9","93","4","400","247","247","-1","0","94","0","46","0","20.6660785675049","0.233333334326744","0.0741080939769745","28","373","20460.0006811933","1023","20.0000006658781","33.7905440688903","13.1244655013855","10"
"Bettsy_TowIn","90","3","2","0","0","0","0","-3.58910250663757","0","3.78106951713562","362.79541015625","0","0","508.360870361328","0","0","0","37.8525695800781","163.524490356445","0","163.524490356445","75.2614212036133","506.357025146484","0","0.00367846619337797","0.00618982268497348","0","0","365.912353515625","0","0.11188492923975","0.0719165802001953","0","9","99","7","400","250","250","-1","0","100","0","49","0","22.1362552642822","0.25","0.0741080939769745","30","376","20460.0007848652","1023","20.0000007672191","36.4610766332036","14.3248213689213","10"
"Bettsy_TowIn","90","3","3","0","0","0","0","-2.47895956039429","0","25.999324798584","109.301773071289","200.217575073242","0","485.267272949219","0","0","0","248.72412109375","146.742813110352","0","146.742813110352","119.328231811523","479.259857177734","0","0.0058322693221271","0.0364984758198261","0","0","334.5810546875","0","0.987820088863373","0.048034705221653","0","9","119","17","399","260","260","-1","0","120","0","59","0","6.35504770278931","0.300000011920929","0.0741080939769745","52","364","20460.0002538982","1023","20.0000002481899","9.19498978844882","2.83994208565951","10"
"Bettsy_TowIn","90","3","4","0","0","0","0","-2.10686612129211","0","30.7111644744873","87.8802261352539","416.015197753906","0","506.634033203125","0","0","0","279.315979003906","153.853103637695","0","153.853103637695","98.3278503417969","527.105224609375","0","0.00480585778132081","0.042973630130291","0","0","532.48779296875","0","1.22793292999268","0.0404033809900284","0","9","139","27","400","270","270","-1","0","140","0","69","0","6.2331428527832","0.349999994039536","0.0741080939769745","60","360","20460.0000282932","1023","20.0000000276571","6.42097440846792","0.187831555684717","10"
"Bettsy_TowIn","90","3","5","0","0","0","0","-1.68897461891174","0","32.5651206970215","95.7084121704102","422.382202148438","0","490.653167724609","0","0","0","283.212982177734","159.029434204102","0","159.029434204102","111.328384399414","497.482543945313","0","0.00544127030298114","0.0450392030179501","0","0","549.219543457031","0","1.33173203468323","0.0341264456510544","0","9","159","37","399","280","280","-1","0","160","0","79","0","6.07628488540649","0.400000005960464","0.0741080939769745","68","362","20459.9988973935","1023","19.9999989221833","6.93896057775912","0.862675692352624","10"
"Bettsy_TowIn","90","3","6","0","0","0","0","-1.22977256774902","0","40.6002578735352","41.5601921081543","1078.95532226563","0","448.813934326172","0","0","0","371.165710449219","152.120025634766","0","152.120025634766","107.203765869141","424.902526855469","0","0.00523967575281858","0.0564617365598679","0","0","1156.11303710938","0","1.85936963558197","0.0118613131344318","0","9","179","47","400","290","290","-1","0","180","0","89","0","11.497540473938","0.449999988079071","0.0741080939769745","66","336","20459.9999936012","1023","19.9999999937451","5.32473669280326","-6.17280378113473","10"
"Bettsy_TowIn","90","3","7","0","0","0","0","-0.782285034656525","0","41.2864303588867","39.5904655456543","1226.72814941406","0","405.280883789063","0","0","0","369.239410400391","154.092849731445","0","154.092849731445","124.223968505859","338.735107421875","0","0.00607155309990048","0.0568971522152424","0","0","1302.14831542969","0","1.90102863311768","0.00159135297872126","0","9","199","57","399","300","300","-1","0","200","0","99","0","13.4551572799683","0.5","0.0741080939769745","68","338","20459.9986958684","1023","19.999998725189","6.12575458113976","-7.3294026988285","10"
"Bettsy_TowIn","90","3","8","0","0","0","0","-0.389011472463608","0","49.3996429443359","28.8131332397461","1443.41003417969","0","354.73486328125","0","0","0","476.968383789063","144.03971862793","0","144.03971862793","146.613845825195","246.584075927734","0","0.00716587668284774","0.0687023922801018","0","0","1515.40747070313","0","2.35113906860352","0.0162766017019749","0","9","219","67","400","310","310","-1","0","220","0","109","0","13.3359537124634","0.550000011920929","0.0741080939769745","70","335","20460.0012411783","1023","20.000001213273","5.98702022190724","-7.34893349055614","10"
"Bettsy_TowIn","90","3","9","0","0","0","0","-0.269749641418457","0","55.3779373168945","24.9360733032227","1338.73193359375","0","359.703826904297","0","0","0","580.2548828125","133.042510986328","0","133.042510986328","160.19401550293","262.722686767578","0","0.00782961957156658","0.0771985650062561","0","0","1413.31994628906","0","2.66137361526489","0.0182748902589083","0","9","227","71","400","314","314","-1","0","228","0","113","0","11.4671020507813","0.566666662693024","0.0741080939769745","74","337","20459.9998810514","1023","19.9999998837257","5.82105140339035","-5.6460506473909","10"
